time,open,high,low,close
1782123600,0.700315,0.700475,0.7003,0.70046
1782123900,0.70046,0.70057,0.70044,0.70051
1782124200,0.700515,0.70052,0.700355,0.70043
1782124500,0.700435,0.700465,0.70026,0.700275
1782124800,0.700285,0.700475,0.70027,0.70032
1782125100,0.700325,0.700435,0.7002,0.70033
1782125400,0.700335,0.700405,0.70027,0.70034
1782125700,0.70034,0.70038,0.700065,0.70009
1782126000,0.700095,0.70029,0.699965,0.7002
1782126300,0.700205,0.700805,0.700195,0.700315
1782126600,0.70031,0.70032,0.700045,0.700095
1782126900,0.7001,0.70019,0.700065,0.70015
1782127200,0.700145,0.70023,0.70001,0.700065
1782127500,0.70006,0.700125,0.69996,0.700105
1782127800,0.700105,0.70027,0.70007,0.70021
1782128100,0.700215,0.70024,0.700065,0.700165
1782128400,0.700165,0.70029,0.70009,0.700275
1782128700,0.700275,0.700365,0.700145,0.700345
1782129000,0.700345,0.700345,0.700095,0.700165
1782129300,0.700155,0.700225,0.70008,0.70018
1782129600,0.700185,0.700565,0.70015,0.7005
1782129900,0.700505,0.7009,0.700475,0.70084
1782130200,0.700835,0.701075,0.70074,0.700895
1782130500,0.70089,0.70098,0.700765,0.70092
1782130800,0.700915,0.701175,0.70091,0.70115
1782131100,0.701155,0.701155,0.700945,0.70108
1782131400,0.701075,0.701215,0.700935,0.70101
1782131700,0.70102,0.701205,0.700935,0.701035
1782132000,0.70104,0.70114,0.70094,0.70111
1782132300,0.701115,0.70112,0.7008,0.700985
1782132600,0.70098,0.701075,0.700945,0.700975
1782132900,0.70098,0.70101,0.70066,0.700705
1782133200,0.70071,0.701285,0.70058,0.701045
1782133500,0.70104,0.701065,0.700655,0.7008
1782133800,0.700805,0.701195,0.700775,0.701
1782134100,0.701005,0.701045,0.700805,0.70097
1782134400,0.700975,0.70107,0.70074,0.70077
1782134700,0.700775,0.70082,0.700465,0.70052
1782135000,0.700525,0.700745,0.700355,0.700515
1782135300,0.700505,0.70086,0.700485,0.70076
1782135600,0.700765,0.70079,0.70031,0.70041
1782135900,0.700415,0.70072,0.700295,0.700385
1782136200,0.70039,0.70043,0.70024,0.70036
1782136500,0.700355,0.70046,0.70029,0.7003
1782136800,0.700305,0.70047,0.70021,0.70045
1782137100,0.700445,0.70105,0.70028,0.70071
1782137400,0.700705,0.700815,0.70039,0.70072
1782137700,0.700725,0.70088,0.70042,0.700445
1782138000,0.700455,0.70061,0.70028,0.700595
1782138300,0.70059,0.70068,0.7005,0.700595
1782138600,0.7006,0.70064,0.700265,0.700275
1782138900,0.70028,0.700365,0.70003,0.700105
1782139200,0.7001,0.70047,0.700035,0.700295
1782139500,0.7003,0.70083,0.700295,0.70076
1782139800,0.700755,0.701095,0.70066,0.70078
1782140100,0.700785,0.70105,0.70064,0.70095
1782140400,0.700955,0.70135,0.70093,0.70133
1782140700,0.70132,0.701395,0.70114,0.70114
1782141000,0.701145,0.70125,0.70111,0.701145
1782141300,0.70114,0.70124,0.70093,0.70098
1782141600,0.70097,0.7011,0.70086,0.70099
1782141900,0.700985,0.70105,0.70069,0.70086
1782142200,0.700855,0.700895,0.70057,0.700645
1782142500,0.70065,0.70071,0.700455,0.700535
1782142800,0.70054,0.70065,0.70042,0.70044
1782143100,0.700445,0.700485,0.699895,0.699925
1782143400,0.69993,0.700065,0.699885,0.6999
1782143700,0.699895,0.7,0.699855,0.69993
1782144000,0.69994,0.700005,0.699655,0.699705
1782144300,0.6997,0.69997,0.69968,0.69985
1782144600,0.69984,0.700045,0.69978,0.7
1782144900,0.699995,0.70012,0.699875,0.7001
1782145200,0.700105,0.700225,0.70006,0.70011
1782145500,0.700105,0.70015,0.70005,0.70009
1782145800,0.700075,0.700115,0.69999,0.700105
1782146100,0.700105,0.70023,0.700035,0.700055
1782146400,0.70006,0.70016,0.69995,0.70002
1782146700,0.700015,0.70015,0.69994,0.70015
1782147000,0.70014,0.700285,0.70011,0.70027
1782147300,0.700275,0.7004,0.70017,0.700255
1782147600,0.70026,0.70038,0.700195,0.70037
1782147900,0.700365,0.70037,0.700215,0.700315
1782148200,0.70032,0.70034,0.7002,0.70024
1782148500,0.700235,0.70033,0.700235,0.70027
1782148800,0.70027,0.700365,0.70027,0.70035
1782149100,0.700345,0.70037,0.70021,0.70023
1782149400,0.700235,0.70027,0.700015,0.70002
1782149700,0.700015,0.700195,0.69998,0.70016
1782150000,0.700165,0.700245,0.700105,0.700205
1782150300,0.7002,0.700305,0.700195,0.700205
1782150600,0.70021,0.70034,0.700165,0.700305
1782150900,0.700305,0.700345,0.700195,0.700205
1782151200,0.7002,0.700265,0.7001,0.700145
1782151500,0.700145,0.700195,0.700055,0.70019
1782151800,0.700195,0.700295,0.700185,0.70019
1782152100,0.700195,0.70024,0.70018,0.7002
1782152400,0.700205,0.7003,0.70014,0.700255
1782152700,0.70025,0.70026,0.7001,0.700165
1782153000,0.700165,0.700245,0.70003,0.7001
1782153300,0.7001,0.70019,0.700075,0.70009
1782153600,0.70009,0.70013,0.70002,0.70013
1782153900,0.700135,0.70027,0.700115,0.700235
1782154200,0.700235,0.70025,0.700135,0.7002
1782154500,0.700195,0.700195,0.700035,0.700105
1782154800,0.700115,0.700185,0.70003,0.700075
1782155100,0.70007,0.70009,0.699925,0.699995
1782155400,0.699995,0.7001,0.699975,0.7
1782155700,0.70001,0.700025,0.699885,0.699905
1782156000,0.6999,0.699915,0.69973,0.699745
1782156300,0.69974,0.69974,0.699655,0.699655
1782156600,0.69966,0.699685,0.69958,0.69961
1782156900,0.69961,0.69965,0.69955,0.69962
1782157200,0.699625,0.69966,0.69956,0.69957
1782157500,0.699565,0.699765,0.69951,0.69975
1782157800,0.699745,0.70002,0.699725,0.70001
1782158100,0.700005,0.700055,0.69986,0.699965
1782158400,0.699975,0.70005,0.699965,0.69998
1782158700,0.69998,0.700105,0.699965,0.700045
1782159000,0.70005,0.700125,0.70005,0.700105
1782159300,0.7001,0.700165,0.700055,0.70015
1782159600,0.70015,0.700155,0.699995,0.70001
1782159900,0.700015,0.700085,0.699965,0.70001
1782160200,0.700005,0.700115,0.699965,0.70009
1782160500,0.70009,0.70009,0.69998,0.699995
1782160800,0.699995,0.700045,0.699995,0.70003
1782161100,0.700025,0.700025,0.699895,0.69994
1782161400,0.699945,0.700015,0.69994,0.700005
1782161700,0.7,0.70021,0.699985,0.70015
1782162000,0.700165,0.70047,0.700165,0.70043
1782162300,0.70044,0.700535,0.700335,0.700375
1782162600,0.70035,0.70045,0.700315,0.70032
1782162900,0.70032,0.70042,0.70021,0.700215
1782163200,0.700215,0.70031,0.700185,0.700245
1782163500,0.700245,0.70031,0.700185,0.70023
1782163800,0.70023,0.70026,0.70022,0.70024
1782164100,0.70024,0.70027,0.700195,0.70021
1782164400,0.70021,0.700255,0.70019,0.7002
1782164700,0.700205,0.70027,0.7002,0.70023
1782165000,0.70023,0.700235,0.7002,0.70022
1782165300,0.70022,0.70025,0.700185,0.70024
1782165600,0.700235,0.700235,0.700095,0.70012
1782165900,0.70011,0.70016,0.700065,0.70011
1782166200,0.70011,0.70018,0.7001,0.70016
1782166500,0.70016,0.700175,0.700095,0.700165
1782166800,0.700165,0.70017,0.7001,0.7001
1782167100,0.7001,0.700125,0.70009,0.7001
1782167400,0.700095,0.70011,0.69999,0.7
1782167700,0.7,0.700005,0.6998,0.699855
1782168000,0.699855,0.699865,0.69975,0.69983
1782168300,0.699825,0.69987,0.699825,0.69985
1782168600,0.69985,0.69986,0.69979,0.699805
1782168900,0.6998,0.69989,0.69979,0.69986
1782169200,0.69985,0.699985,0.69983,0.699845
1782169500,0.699845,0.699875,0.69975,0.69979
1782169800,0.69979,0.699815,0.699705,0.699715
1782170100,0.699715,0.699745,0.69969,0.69973
1782170400,0.69973,0.69977,0.69971,0.699745
1782170700,0.699745,0.699875,0.69974,0.699835
1782171000,0.69983,0.699845,0.69977,0.69979
1782171300,0.69979,0.699835,0.69978,0.699795
1782171600,0.699795,0.6998,0.69957,0.6996
1782171900,0.6996,0.699655,0.69955,0.69956
1782172200,0.699565,0.699575,0.699415,0.699485
1782172500,0.69948,0.69954,0.699385,0.699435
1782172800,0.69943,0.699435,0.699125,0.69918
1782173100,0.69918,0.69923,0.69901,0.69901
1782173400,0.699015,0.69902,0.69871,0.69872
1782173700,0.69873,0.69878,0.698625,0.698695
1782174000,0.69869,0.69874,0.69834,0.69841
1782174300,0.6984,0.69859,0.69828,0.69858
1782174600,0.698585,0.699025,0.698575,0.69879
1782174900,0.698795,0.698995,0.69865,0.69897
1782175200,0.698965,0.69919,0.69882,0.69918
1782175500,0.69917,0.69936,0.69908,0.69913
1782175800,0.69912,0.69914,0.69877,0.69887
1782176100,0.69886,0.69893,0.69878,0.69887
1782176400,0.698875,0.69902,0.69878,0.69898
1782176700,0.698975,0.698975,0.69866,0.69877
1782177000,0.698765,0.69877,0.698585,0.698645
1782177300,0.69865,0.698675,0.69843,0.698555
1782177600,0.69856,0.69868,0.69841,0.69841
1782177900,0.69842,0.69862,0.698315,0.69845
1782178200,0.698455,0.69857,0.698285,0.69846
1782178500,0.698455,0.69848,0.69834,0.69842
1782178800,0.69841,0.69855,0.6983,0.698325
1782179100,0.69832,0.698325,0.69797,0.69798
1782179400,0.697975,0.698595,0.697925,0.69841
1782179700,0.698405,0.69843,0.69821,0.6983
1782180000,0.698305,0.698465,0.6981,0.69831
1782180300,0.69831,0.69832,0.69807,0.69813
1782180600,0.698125,0.69842,0.69807,0.698415
1782180900,0.69842,0.69866,0.69838,0.69861
1782181200,0.698615,0.69868,0.69846,0.698525
1782181500,0.69853,0.69857,0.69842,0.69847
1782181800,0.69846,0.69858,0.69832,0.69832
1782182100,0.698315,0.698455,0.69829,0.698385
1782182400,0.69838,0.69841,0.698265,0.69831
1782182700,0.698315,0.698355,0.69798,0.69798
1782183000,0.697985,0.69807,0.697755,0.697795
1782183300,0.6978,0.69782,0.697415,0.69748
1782183600,0.69749,0.6977,0.69748,0.69758
1782183900,0.69758,0.69758,0.69699,0.697015
1782184200,0.697015,0.69722,0.69683,0.697145
1782184500,0.69714,0.69718,0.69679,0.69686
1782184800,0.696855,0.69717,0.696845,0.69717
1782185100,0.697175,0.697435,0.69708,0.69738
1782185400,0.697375,0.69744,0.697185,0.697295
1782185700,0.697285,0.69737,0.697115,0.69728
1782186000,0.69728,0.697295,0.69716,0.69727
1782186300,0.697265,0.69738,0.697145,0.69735
1782186600,0.69735,0.697535,0.69735,0.6975
1782186900,0.697505,0.697715,0.69748,0.697705
1782187200,0.69771,0.69785,0.697625,0.697715
1782187500,0.69771,0.69779,0.69767,0.697775
1782187800,0.69778,0.69778,0.69739,0.697445
1782188100,0.697445,0.69759,0.69742,0.69744
1782188400,0.69744,0.69748,0.69727,0.69735
1782188700,0.69735,0.697455,0.69731,0.69741
1782189000,0.697405,0.697405,0.697075,0.69712
1782189300,0.69712,0.697195,0.697085,0.69713
1782189600,0.69713,0.697235,0.69711,0.6972
1782189900,0.697195,0.69723,0.697045,0.69708
1782190200,0.697085,0.69712,0.69698,0.697025
1782190500,0.69702,0.69707,0.69654,0.69672
1782190800,0.696735,0.696825,0.696415,0.69678
1782191100,0.696785,0.696875,0.69639,0.696425
1782191400,0.69643,0.69666,0.6964,0.69652
1782191700,0.696515,0.69664,0.696445,0.69648
1782192000,0.696475,0.696645,0.69639,0.69642
1782192300,0.696415,0.69645,0.69626,0.69644
1782192600,0.696445,0.6965,0.69623,0.69643
1782192900,0.696435,0.69663,0.696375,0.69656
1782193200,0.69656,0.696645,0.696305,0.69663
1782193500,0.69664,0.69664,0.69637,0.69643
1782193800,0.696435,0.69651,0.69627,0.69641
1782194100,0.696415,0.69642,0.69621,0.69636
1782194400,0.696355,0.696485,0.6961,0.6964
1782194700,0.696395,0.69658,0.696165,0.696165
1782195000,0.69617,0.696265,0.69586,0.69622
1782195300,0.696215,0.696255,0.69587,0.695965
1782195600,0.69596,0.69606,0.69576,0.69585
1782195900,0.69586,0.69587,0.69554,0.69574
1782196200,0.695735,0.695735,0.695395,0.69561
1782196500,0.69561,0.695615,0.69505,0.695175
1782196800,0.69518,0.695285,0.694995,0.69503
1782197100,0.695025,0.69529,0.69497,0.69526
1782197400,0.695255,0.695515,0.695115,0.69534
1782197700,0.695335,0.695505,0.695315,0.6954
1782198000,0.695405,0.695965,0.695275,0.695965
1782198300,0.69596,0.696175,0.695725,0.69609
1782198600,0.69608,0.69611,0.695695,0.695715
1782198900,0.695725,0.69602,0.69571,0.696015
1782199200,0.69601,0.69627,0.69592,0.69594
1782199500,0.695945,0.69598,0.69577,0.695915
1782199800,0.695905,0.695905,0.695295,0.69558
1782200100,0.695575,0.695575,0.695185,0.69537
1782200400,0.695375,0.69546,0.69495,0.69503
1782200700,0.69504,0.69516,0.6949,0.694955
1782201000,0.69495,0.69495,0.694435,0.69473
1782201300,0.69473,0.69482,0.694475,0.69475
1782201600,0.694745,0.695095,0.69461,0.694775
1782201900,0.69477,0.695155,0.69477,0.69498
1782202200,0.694975,0.69514,0.69487,0.69488
1782202500,0.69488,0.69498,0.69455,0.69457
1782202800,0.694575,0.694775,0.69442,0.69445
1782203100,0.694445,0.69456,0.69427,0.69451
1782203400,0.694505,0.694665,0.6944,0.69451
1782203700,0.69451,0.694625,0.694425,0.69459
1782204000,0.694585,0.69482,0.69453,0.69453
1782204300,0.69454,0.69454,0.69423,0.694365
1782204600,0.69436,0.69466,0.69431,0.69462
1782204900,0.694615,0.694675,0.69454,0.69465
1782205200,0.694655,0.69502,0.694595,0.694755
1782205500,0.69475,0.6949,0.694735,0.69483
1782205800,0.694825,0.69524,0.69479,0.69521
1782206100,0.695205,0.695215,0.69498,0.69509
1782206400,0.69509,0.6954,0.69503,0.69538
1782206700,0.695385,0.695425,0.69525,0.69534
1782207000,0.695345,0.69535,0.695165,0.695235
1782207300,0.695235,0.69539,0.695235,0.695355
1782207600,0.69535,0.69549,0.695245,0.69539
1782207900,0.695385,0.695485,0.69534,0.695455
1782208200,0.69545,0.695595,0.6954,0.69553
1782208500,0.69552,0.69572,0.695515,0.69569
1782208800,0.695695,0.696005,0.69569,0.69593
1782209100,0.69593,0.695955,0.69554,0.69559
1782209400,0.69559,0.69572,0.695515,0.69571
1782209700,0.695715,0.69585,0.69558,0.6956
1782210000,0.695595,0.69563,0.695505,0.695515
1782210300,0.69551,0.69553,0.69529,0.695305
1782210600,0.6953,0.6953,0.69511,0.695185
1782210900,0.69518,0.695275,0.69509,0.69524
1782211200,0.69524,0.695245,0.69496,0.694965
1782211500,0.69496,0.695015,0.694555,0.694565
1782211800,0.69457,0.6947,0.69444,0.694515
1782212100,0.69451,0.694565,0.694415,0.69448
1782212400,0.694485,0.694585,0.69438,0.6944
1782212700,0.694405,0.694715,0.694385,0.69458
1782213000,0.694575,0.694775,0.69456,0.694585
1782213300,0.69458,0.69468,0.69449,0.694635
1782213600,0.694635,0.69499,0.694535,0.69456
1782213900,0.69455,0.694565,0.6943,0.694335
1782214200,0.69433,0.6944,0.69423,0.694265
1782214500,0.69426,0.694295,0.694075,0.69424
1782214800,0.694235,0.694265,0.694075,0.694165
1782215100,0.694165,0.694185,0.693915,0.69401
1782215400,0.694005,0.69402,0.69346,0.69355
1782215700,0.69355,0.69362,0.69319,0.69322
1782216000,0.693225,0.6938,0.69315,0.693665
1782216300,0.69367,0.693805,0.6935,0.693645
1782216600,0.69365,0.69381,0.693535,0.69354
1782216900,0.69354,0.69375,0.69348,0.693635
1782217200,0.69363,0.693675,0.693375,0.69357
1782217500,0.693575,0.693575,0.6933,0.69331
1782217800,0.693315,0.693705,0.69329,0.693395
1782218100,0.69339,0.693575,0.693335,0.693535
1782218400,0.69354,0.693695,0.693295,0.693295
1782218700,0.6933,0.69353,0.69324,0.69348
1782219000,0.69349,0.69366,0.693375,0.69357
1782219300,0.693565,0.693725,0.693525,0.693665
1782219600,0.693655,0.694115,0.69331,0.69409
1782219900,0.69408,0.694185,0.693895,0.694025
1782220200,0.69402,0.69402,0.69336,0.693365
1782220500,0.69337,0.69337,0.693105,0.69315
1782220800,0.69316,0.69352,0.69307,0.6935
1782221100,0.69349,0.693545,0.693325,0.69353
1782221400,0.693525,0.69378,0.693325,0.693715
1782221700,0.69372,0.69391,0.693345,0.69382
1782222000,0.693835,0.694,0.693705,0.693805
1782222300,0.693815,0.69412,0.69378,0.69393
1782222600,0.69394,0.694035,0.69383,0.693925
1782222900,0.69392,0.69392,0.693575,0.69373
1782223200,0.693735,0.693805,0.693495,0.69356
1782223500,0.693565,0.693675,0.69344,0.69363
1782223800,0.69362,0.693835,0.69348,0.69362
1782224100,0.693625,0.693665,0.693345,0.69341
1782224400,0.693415,0.693525,0.693165,0.693265
1782224700,0.69326,0.693285,0.693015,0.693205
1782225000,0.693205,0.69323,0.69303,0.69304
1782225300,0.693045,0.69309,0.69287,0.69289
1782225600,0.692895,0.693095,0.69276,0.692955
1782225900,0.692945,0.69328,0.69294,0.6932
1782226200,0.693205,0.69328,0.693025,0.693105
1782226500,0.693095,0.693175,0.692845,0.69306
1782226800,0.693065,0.6932,0.692865,0.69293
1782227100,0.692935,0.69295,0.692535,0.69254
1782227400,0.692545,0.692835,0.692505,0.692835
1782227700,0.69284,0.69298,0.692695,0.692745
1782228000,0.69274,0.69283,0.692515,0.69267
1782228300,0.692675,0.692855,0.69257,0.69263
1782228600,0.692615,0.69286,0.69258,0.692675
1782228900,0.69267,0.6927,0.6923,0.69231
1782229200,0.692315,0.69247,0.692225,0.69236
1782229500,0.692365,0.6924,0.692125,0.692135
1782229800,0.692145,0.69237,0.692115,0.69232
1782230100,0.692315,0.69245,0.69218,0.692445
1782230400,0.69245,0.69255,0.69236,0.69248
1782230700,0.69248,0.69258,0.692285,0.69239
1782231000,0.6924,0.69253,0.692275,0.692495
1782231300,0.6925,0.692555,0.69238,0.69241
1782231600,0.69242,0.69253,0.692325,0.692385
1782231900,0.69238,0.69243,0.69208,0.692085
1782232200,0.69208,0.69211,0.692005,0.69205
1782232500,0.692045,0.692195,0.692005,0.692115
1782232800,0.69212,0.69218,0.692005,0.692165
1782233100,0.69216,0.692175,0.69194,0.69196
1782233400,0.69196,0.69199,0.691755,0.6918
1782233700,0.6918,0.69184,0.69167,0.691765
1782234000,0.69176,0.69178,0.691595,0.691635
1782234300,0.69164,0.69183,0.69162,0.691815
1782234600,0.69182,0.6919,0.69176,0.6918
1782234900,0.691805,0.69183,0.69168,0.69172
1782235200,0.691715,0.69182,0.691685,0.691765
1782235500,0.69176,0.69176,0.6915,0.691515
1782235800,0.69152,0.691615,0.691505,0.69159
1782236100,0.69159,0.691635,0.69156,0.691585
1782236400,0.691585,0.69165,0.691535,0.69159
1782236700,0.69158,0.691615,0.69146,0.691505
1782237000,0.6915,0.691515,0.69137,0.69141
1782237300,0.691405,0.69144,0.69127,0.69133
1782237600,0.691335,0.69148,0.69126,0.69131
1782237900,0.69131,0.691395,0.69124,0.69138
1782238200,0.691385,0.691425,0.691285,0.69129
1782238500,0.69129,0.69132,0.691205,0.69124
1782238800,0.691235,0.691395,0.691145,0.69131
1782239100,0.69131,0.69131,0.6911,0.691105
1782239400,0.69111,0.691145,0.691085,0.691125
1782239700,0.69113,0.691165,0.691,0.691
1782240000,0.691005,0.691025,0.690755,0.69079
1782240300,0.69078,0.690835,0.6907,0.69079
1782240600,0.6908,0.691015,0.6908,0.69089
1782240900,0.690885,0.69108,0.690835,0.69107
1782241200,0.69108,0.691495,0.691,0.69143
1782241500,0.691425,0.69161,0.69138,0.69158
1782241800,0.691575,0.69166,0.691515,0.69155
1782242100,0.69155,0.6916,0.691355,0.691385
1782242400,0.691375,0.691595,0.691315,0.69158
1782242700,0.691585,0.69167,0.69156,0.69164
1782243000,0.69165,0.69174,0.69153,0.691685
1782243300,0.691695,0.691695,0.69154,0.69158
1782243600,0.691575,0.69162,0.69148,0.69158
1782243900,0.691585,0.691635,0.69147,0.69152
1782244200,0.69153,0.691555,0.691375,0.691485
1782244500,0.69148,0.69149,0.69128,0.69129
1782244800,0.691295,0.691325,0.69115,0.69127
1782245100,0.69127,0.691435,0.691265,0.691395
1782245400,0.69139,0.69143,0.69133,0.69136
1782245700,0.691355,0.6914,0.69131,0.691395
1782246000,0.6914,0.69142,0.691345,0.69141
1782246300,0.69141,0.69146,0.691395,0.691435
1782246600,0.69143,0.6915,0.691405,0.691495
1782246900,0.691495,0.691545,0.691435,0.69148
1782247200,0.691485,0.69155,0.691485,0.691535
1782247500,0.69154,0.691595,0.691525,0.691545
1782247800,0.691535,0.69159,0.691475,0.691575
1782248100,0.69157,0.69169,0.69155,0.691685
1782248400,0.691675,0.691735,0.6916,0.691735
1782248700,0.691725,0.691755,0.691655,0.691705
1782249000,0.69172,0.69173,0.69166,0.69169
1782249300,0.69169,0.69169,0.691605,0.691625
1782249600,0.69166,0.69167,0.691595,0.691655
1782249900,0.691655,0.691705,0.691645,0.69165
1782250200,0.69165,0.691705,0.69164,0.691645
1782250500,0.691645,0.691685,0.69159,0.69165
1782250800,0.69164,0.691665,0.6916,0.69166
1782251100,0.69168,0.691875,0.69166,0.69183
1782251400,0.69183,0.691875,0.691795,0.6918
1782251700,0.6918,0.69187,0.69174,0.69181
1782252000,0.691815,0.691815,0.691555,0.691585
1782252300,0.69159,0.691815,0.691565,0.691805
1782252600,0.69181,0.69181,0.691705,0.69171
1782252900,0.691715,0.691725,0.691575,0.691645
1782253200,0.691645,0.69165,0.691555,0.691625
1782253500,0.691625,0.691635,0.69157,0.69158
1782253800,0.691585,0.691635,0.691435,0.691445
1782254100,0.691455,0.691585,0.691455,0.691565
1782254400,0.691565,0.69158,0.691485,0.691515
1782254700,0.69152,0.691555,0.691465,0.691535
1782255000,0.69154,0.69156,0.69151,0.69152
1782255300,0.69152,0.69152,0.691465,0.691465
1782255600,0.69147,0.691515,0.691415,0.691485
1782255900,0.691475,0.691475,0.69128,0.691325
1782256200,0.69132,0.69141,0.69131,0.691405
1782256500,0.69141,0.69145,0.69134,0.691375
1782256800,0.691375,0.69147,0.69136,0.691465
1782257100,0.691465,0.69147,0.691315,0.691335
1782257400,0.691345,0.691345,0.691155,0.69117
1782257700,0.69117,0.69122,0.69106,0.691065
1782258000,0.69107,0.691225,0.69106,0.691215
1782258300,0.69121,0.691615,0.691205,0.69153
1782258600,0.69153,0.691595,0.69144,0.691445
1782258900,0.69144,0.69157,0.691415,0.69153
1782259200,0.691535,0.69181,0.691435,0.6916
1782259500,0.691595,0.69198,0.691565,0.69185
1782259800,0.691855,0.692035,0.69159,0.691645
1782260100,0.69164,0.69187,0.691615,0.691725
1782260400,0.69172,0.691765,0.69145,0.69145
1782260700,0.69145,0.691695,0.691405,0.691695
1782261000,0.6917,0.69186,0.691695,0.691845
1782261300,0.69184,0.69187,0.691675,0.691765
1782261600,0.69175,0.69181,0.69159,0.69176
1782261900,0.691765,0.69213,0.69175,0.692025
1782262200,0.69202,0.692205,0.69183,0.69187
1782262500,0.691865,0.69192,0.691755,0.691895
1782262800,0.6919,0.69192,0.691305,0.691355
1782263100,0.691355,0.691725,0.691355,0.69146
1782263400,0.691465,0.69165,0.69142,0.69149
1782263700,0.691485,0.691515,0.691155,0.69121
1782264000,0.691205,0.691535,0.691145,0.691525
1782264300,0.69153,0.691845,0.691525,0.691845
1782264600,0.69184,0.69236,0.69108,0.691905
1782264900,0.691905,0.69207,0.69175,0.692045
1782265200,0.69205,0.6921,0.69175,0.6918
1782265500,0.691805,0.69183,0.69111,0.691265
1782265800,0.69127,0.6918,0.69122,0.691725
1782266100,0.69173,0.691875,0.69156,0.691715
1782266400,0.69171,0.691775,0.691585,0.691765
1782266700,0.69177,0.69186,0.691565,0.691845
1782267000,0.691845,0.691895,0.691665,0.69183
1782267300,0.69183,0.691955,0.691635,0.69187
1782267600,0.691865,0.69188,0.69161,0.69162
1782267900,0.69163,0.69175,0.69143,0.69156
1782268200,0.691555,0.69165,0.69137,0.6915
1782268500,0.691495,0.691525,0.691185,0.69132
1782268800,0.69132,0.69138,0.691025,0.69109
1782269100,0.6911,0.69113,0.690775,0.69089
1782269400,0.690885,0.69092,0.69062,0.69066
1782269700,0.69067,0.69068,0.690325,0.69035
1782270000,0.690355,0.6905,0.69023,0.690245
1782270300,0.69025,0.690375,0.69016,0.690345
1782270600,0.69035,0.69071,0.69031,0.690495
1782270900,0.6905,0.69051,0.69034,0.69046
1782271200,0.690455,0.690625,0.69039,0.69056
1782271500,0.690565,0.690845,0.690555,0.69081
1782271800,0.690815,0.69089,0.690635,0.69083
1782272100,0.690825,0.690955,0.69076,0.69081
1782272400,0.69081,0.690985,0.69077,0.69091
1782272700,0.69091,0.690935,0.69065,0.69071
1782273000,0.690705,0.690875,0.69069,0.69077
1782273300,0.690775,0.69079,0.690615,0.69064
1782273600,0.690645,0.6907,0.690385,0.6904
1782273900,0.690405,0.690485,0.69031,0.69033
1782274200,0.69033,0.69035,0.69027,0.6903
1782274500,0.69031,0.69052,0.690305,0.69046
1782274800,0.690465,0.69055,0.69045,0.690495
1782275100,0.690495,0.690855,0.69049,0.690685
1782275400,0.690685,0.690855,0.690685,0.69078
1782275700,0.690785,0.690975,0.690685,0.69091
1782276000,0.690905,0.6911,0.6909,0.69104
1782276300,0.69103,0.69112,0.69097,0.69109
1782276600,0.691095,0.69116,0.690805,0.690825
1782276900,0.69083,0.690995,0.69082,0.69099
1782277200,0.690995,0.691185,0.690955,0.69115
1782277500,0.69114,0.69144,0.691065,0.69144
1782277800,0.69144,0.69144,0.69128,0.691345
1782278100,0.691345,0.691615,0.691225,0.6916
1782278400,0.6916,0.69165,0.69134,0.69145
1782278700,0.69144,0.691505,0.69117,0.691205
1782279000,0.691205,0.6915,0.691205,0.691445
1782279300,0.69145,0.691535,0.691355,0.691465
1782279600,0.691475,0.691505,0.69124,0.691245
1782279900,0.691245,0.6915,0.6912,0.6913
1782280200,0.691295,0.6913,0.69111,0.691185
1782280500,0.69118,0.691265,0.69109,0.691165
1782280800,0.69116,0.69136,0.6911,0.691345
1782281100,0.69134,0.69175,0.6913,0.69172
1782281400,0.69171,0.691855,0.69156,0.6916
1782281700,0.691605,0.69161,0.6911,0.691265
1782282000,0.69126,0.691485,0.69121,0.69139
1782282300,0.69138,0.691415,0.69103,0.6911
1782282600,0.691105,0.6913,0.691,0.691195
1782282900,0.69119,0.691275,0.690885,0.69089
1782283200,0.690885,0.690945,0.690795,0.69089
1782283500,0.69088,0.690915,0.6906,0.69061
1782283800,0.69061,0.690855,0.690495,0.69079
1782284100,0.690785,0.690875,0.690465,0.69065
1782284400,0.690655,0.69068,0.69036,0.690535
1782284700,0.69052,0.69059,0.69039,0.690425
1782285000,0.69043,0.69046,0.6903,0.69033
1782285300,0.69033,0.690595,0.69025,0.69054
1782285600,0.690535,0.690595,0.69035,0.690365
1782285900,0.69036,0.69052,0.69029,0.6904
1782286200,0.6904,0.690555,0.69039,0.690395
1782286500,0.6904,0.690505,0.69025,0.690455
1782286800,0.69045,0.69069,0.690405,0.690635
1782287100,0.69063,0.690775,0.69038,0.6905
1782287400,0.6905,0.69053,0.6902,0.690345
1782287700,0.69034,0.690425,0.689915,0.68995
1782288000,0.689945,0.69011,0.68985,0.690055
1782288300,0.69005,0.690055,0.68975,0.68979
1782288600,0.689785,0.68991,0.68923,0.68933
1782288900,0.689325,0.68964,0.68926,0.689605
1782289200,0.6896,0.689715,0.6894,0.68965
1782289500,0.689645,0.68979,0.68961,0.68979
1782289800,0.68978,0.690075,0.68976,0.69
1782290100,0.689995,0.69,0.68936,0.689485
1782290400,0.68949,0.689905,0.689485,0.68979
1782290700,0.68979,0.68981,0.68962,0.68973
1782291000,0.689725,0.68986,0.689675,0.689795
1782291300,0.6898,0.68982,0.6896,0.68975
1782291600,0.689745,0.68979,0.689365,0.689395
1782291900,0.6894,0.689435,0.68916,0.68931
1782292200,0.689315,0.689515,0.689185,0.68946
1782292500,0.689465,0.689485,0.6892,0.68932
1782292800,0.689325,0.68937,0.68913,0.68916
1782293100,0.689155,0.689215,0.68903,0.6891
1782293400,0.689105,0.68926,0.68904,0.68921
1782293700,0.689205,0.6894,0.68919,0.689355
1782294000,0.68935,0.68935,0.68889,0.68899
1782294300,0.68899,0.68908,0.688945,0.689005
1782294600,0.689,0.689225,0.688955,0.68908
1782294900,0.689085,0.6891,0.688845,0.68889
1782295200,0.688895,0.688965,0.688705,0.688805
1782295500,0.68881,0.68888,0.688635,0.68866
1782295800,0.688655,0.68871,0.688535,0.688685
1782296100,0.68868,0.68873,0.68849,0.68856
1782296400,0.68856,0.688665,0.688425,0.68845
1782296700,0.68844,0.68867,0.68844,0.68866
1782297000,0.688665,0.688915,0.68865,0.68884
1782297300,0.68884,0.688875,0.68868,0.688805
1782297600,0.6888,0.68916,0.68877,0.688995
1782297900,0.68899,0.689065,0.68885,0.688945
1782298200,0.688945,0.68904,0.68879,0.68882
1782298500,0.68882,0.68901,0.68877,0.688975
1782298800,0.68898,0.68928,0.688975,0.68901
1782299100,0.68901,0.689205,0.68892,0.689165
1782299400,0.68916,0.68925,0.688975,0.688995
1782299700,0.688985,0.688995,0.688805,0.688915
1782300000,0.688915,0.689045,0.688725,0.68903
1782300300,0.689035,0.689115,0.688965,0.689075
1782300600,0.689085,0.689645,0.68908,0.68964
1782300900,0.689645,0.689825,0.689355,0.68961
1782301200,0.6896,0.689635,0.68935,0.689515
1782301500,0.68951,0.68969,0.68935,0.689645
1782301800,0.68965,0.69007,0.68964,0.689845
1782302100,0.68984,0.68985,0.6895,0.689635
1782302400,0.68963,0.690135,0.68961,0.69005
1782302700,0.690045,0.690065,0.689795,0.68996
1782303000,0.689965,0.690095,0.689835,0.69003
1782303300,0.690035,0.69009,0.6897,0.689915
1782303600,0.68991,0.69001,0.689615,0.68967
1782303900,0.689675,0.68972,0.689445,0.689465
1782304200,0.68946,0.689495,0.68902,0.68926
1782304500,0.689265,0.68949,0.68907,0.689095
1782304800,0.68909,0.68914,0.688805,0.68903
1782305100,0.68902,0.68921,0.68879,0.688835
1782305400,0.68884,0.68913,0.68872,0.68906
1782305700,0.68907,0.68922,0.68894,0.689055
1782306000,0.68905,0.689355,0.68894,0.689155
1782306300,0.68916,0.689275,0.688845,0.689
1782306600,0.689005,0.689095,0.688855,0.689055
1782306900,0.689055,0.689205,0.688985,0.689175
1782307200,0.68917,0.689435,0.68899,0.689345
1782307500,0.68935,0.6898,0.68935,0.68966
1782307800,0.689655,0.69007,0.689495,0.689715
1782308100,0.68972,0.68994,0.689595,0.689715
1782308400,0.68972,0.68975,0.68937,0.689485
1782308700,0.689475,0.6896,0.68918,0.689515
1782309000,0.68952,0.69006,0.68949,0.69001
1782309300,0.690005,0.69005,0.689785,0.689925
1782309600,0.689935,0.690025,0.689645,0.68994
1782309900,0.68994,0.690105,0.68983,0.69009
1782310200,0.69008,0.6901,0.68963,0.68972
1782310500,0.689715,0.68983,0.689415,0.689415
1782310800,0.68941,0.68942,0.689095,0.68927
1782311100,0.689265,0.689615,0.689265,0.689375
1782311400,0.689365,0.689475,0.689175,0.689305
1782311700,0.6893,0.68936,0.688705,0.688745
1782312000,0.68876,0.688875,0.68861,0.688855
1782312300,0.688845,0.68912,0.68879,0.688865
1782312600,0.68887,0.689245,0.6888,0.689155
1782312900,0.68916,0.68934,0.688985,0.68933
1782313200,0.689335,0.68956,0.68921,0.68937
1782313500,0.689365,0.689435,0.689165,0.689235
1782313800,0.68924,0.6896,0.689145,0.689475
1782314100,0.68947,0.689795,0.68936,0.689745
1782314400,0.68975,0.6901,0.689715,0.68984
1782314700,0.689845,0.689895,0.689515,0.689755
1782315000,0.689765,0.689805,0.68956,0.68965
1782315300,0.68966,0.68967,0.689275,0.68931
1782315600,0.68931,0.689495,0.68928,0.689445
1782315900,0.689445,0.68967,0.68937,0.68964
1782316200,0.689645,0.68972,0.689275,0.68941
1782316500,0.68942,0.689475,0.68937,0.689415
1782316800,0.68942,0.689565,0.689315,0.689505
1782317100,0.68951,0.689615,0.68942,0.689515
1782317400,0.68952,0.689695,0.68936,0.689375
1782317700,0.68938,0.68981,0.689375,0.68972
1782318000,0.68971,0.68987,0.68971,0.68983
1782318300,0.689825,0.689945,0.689715,0.689935
1782318600,0.68993,0.69028,0.68989,0.69026
1782318900,0.69026,0.69063,0.69026,0.690375
1782319200,0.69037,0.690515,0.69012,0.690245
1782319500,0.69025,0.690315,0.690115,0.69012
1782319800,0.69012,0.69029,0.69011,0.690145
1782320100,0.69015,0.69018,0.690055,0.69018
1782320400,0.690185,0.69025,0.690035,0.69021
1782320700,0.690215,0.69022,0.689675,0.689775
1782321000,0.68978,0.68981,0.68961,0.689635
1782321300,0.68964,0.689715,0.689455,0.689455
1782321600,0.689445,0.689465,0.689155,0.689205
1782321900,0.689195,0.689215,0.689025,0.68906
1782322200,0.68907,0.68942,0.688995,0.689315
1782322500,0.689315,0.68947,0.68895,0.68906
1782322800,0.68906,0.689065,0.688755,0.688805
1782323100,0.688795,0.688825,0.68852,0.688525
1782323400,0.688535,0.68862,0.68844,0.68856
1782323700,0.688565,0.68875,0.688445,0.68845
1782324000,0.688455,0.688585,0.68825,0.68839
1782324300,0.688395,0.68878,0.688395,0.68867
1782324600,0.688675,0.688835,0.68862,0.68871
1782324900,0.68871,0.68893,0.688685,0.688885
1782325200,0.688885,0.68896,0.68871,0.688955
1782325500,0.68895,0.68911,0.68895,0.68906
1782325800,0.689055,0.68931,0.689055,0.68913
1782326100,0.689125,0.689125,0.68883,0.68888
1782326400,0.68889,0.68897,0.68873,0.68877
1782326700,0.688765,0.688765,0.688485,0.688555
1782327000,0.68856,0.68878,0.688485,0.68876
1782327300,0.688765,0.688805,0.688485,0.688595
1782327600,0.6886,0.688955,0.68854,0.688855
1782327900,0.68886,0.68887,0.68837,0.68846
1782328200,0.688445,0.688515,0.688355,0.68848
1782328500,0.688485,0.68856,0.688365,0.68851
1782328800,0.688505,0.688725,0.6885,0.688725
1782329100,0.688725,0.68884,0.688695,0.68882
1782329400,0.688825,0.68906,0.68876,0.688815
1782329700,0.68882,0.6889,0.68875,0.688885
1782330000,0.688885,0.689015,0.68883,0.689
1782330300,0.689005,0.68916,0.688985,0.68911
1782330600,0.689105,0.689355,0.68902,0.689345
1782330900,0.68934,0.689355,0.68919,0.68926
1782331200,0.689265,0.689575,0.68907,0.689545
1782331500,0.68954,0.689895,0.68954,0.689815
1782331800,0.68981,0.689935,0.689665,0.68973
1782332100,0.68972,0.689785,0.689645,0.689745
1782332400,0.689735,0.689845,0.689675,0.68981
1782332700,0.689805,0.689985,0.68976,0.68997
1782333000,0.689965,0.690115,0.68992,0.689955
1782333300,0.68996,0.690075,0.689955,0.69003
1782333600,0.690035,0.690135,0.69003,0.690075
1782333900,0.690065,0.690125,0.68997,0.689995
1782334200,0.69,0.69007,0.68993,0.690035
1782334500,0.690045,0.690115,0.68999,0.690085
1782334800,0.690095,0.69015,0.689755,0.689785
1782335100,0.68973,0.69015,0.68968,0.69004
1782335400,0.690045,0.690135,0.689895,0.69013
1782335700,0.69013,0.690135,0.690035,0.69004
1782336000,0.69004,0.69014,0.690035,0.69014
1782336300,0.69014,0.690215,0.690055,0.690115
1782336600,0.690115,0.6902,0.690035,0.690135
1782336900,0.69013,0.690185,0.690115,0.69012
1782337200,0.69012,0.69018,0.69006,0.69011
1782337500,0.69015,0.690155,0.69008,0.690105
1782337800,0.690105,0.690135,0.689935,0.690105
1782338100,0.690105,0.69021,0.690035,0.69008
1782338400,0.69009,0.69011,0.689935,0.690015
1782338700,0.69001,0.69002,0.689745,0.689775
1782339000,0.689775,0.68986,0.689755,0.689765
1782339300,0.68976,0.68978,0.689715,0.68977
1782339600,0.68977,0.68983,0.689735,0.6898
1782339900,0.6898,0.6898,0.68973,0.68973
1782340200,0.689725,0.68979,0.689685,0.689745
1782340500,0.689745,0.68981,0.689725,0.68978
1782340800,0.689785,0.68984,0.689755,0.68979
1782341100,0.68979,0.689795,0.689695,0.689715
1782341400,0.689715,0.689735,0.689595,0.68963
1782341700,0.68964,0.68964,0.689585,0.689635
1782342000,0.689625,0.689635,0.68954,0.689575
1782342300,0.689575,0.689675,0.689565,0.68967
1782342600,0.68967,0.689705,0.68961,0.689665
1782342900,0.689665,0.68983,0.689665,0.68977
1782343200,0.68977,0.689795,0.68969,0.689785
1782343500,0.689785,0.689935,0.689785,0.68985
1782343800,0.689845,0.689845,0.68977,0.68984
1782344100,0.68984,0.689925,0.689795,0.689905
1782344400,0.689905,0.689905,0.68977,0.68988
1782344700,0.689875,0.69005,0.689835,0.689855
1782345000,0.68985,0.689915,0.689755,0.6899
1782345300,0.6899,0.68991,0.689795,0.68986
1782345600,0.689875,0.689955,0.68942,0.68956
1782345900,0.689555,0.68966,0.68932,0.68938
1782346200,0.689375,0.68947,0.689175,0.68926
1782346500,0.689265,0.68943,0.689185,0.689285
1782346800,0.68929,0.68942,0.68921,0.689315
1782347100,0.689315,0.68939,0.68922,0.68935
1782347400,0.689355,0.68937,0.689115,0.68917
1782347700,0.68916,0.68917,0.68898,0.68901
1782348000,0.689015,0.68913,0.68898,0.689115
1782348300,0.68911,0.68921,0.689035,0.68916
1782348600,0.68916,0.68953,0.689155,0.68951
1782348900,0.689515,0.689555,0.68935,0.689405
1782349200,0.68941,0.68974,0.689375,0.689575
1782349500,0.68958,0.689625,0.689375,0.689585
1782349800,0.68959,0.689765,0.6894,0.689745
1782350100,0.689755,0.69024,0.68965,0.69023
1782350400,0.690225,0.690485,0.690115,0.69038
1782350700,0.690385,0.690435,0.689815,0.689855
1782351000,0.68985,0.690815,0.68931,0.68946
1782351300,0.68945,0.68961,0.68921,0.689465
1782351600,0.689455,0.689525,0.689135,0.689225
1782351900,0.68922,0.68932,0.689055,0.68928
1782352200,0.689285,0.689675,0.6892,0.68953
1782352500,0.689545,0.689545,0.68912,0.6893
1782352800,0.689295,0.68952,0.689125,0.68937
1782353100,0.689365,0.68959,0.68925,0.68934
1782353400,0.689335,0.689345,0.68903,0.68918
1782353700,0.68919,0.689575,0.68907,0.68955
1782354000,0.689545,0.689695,0.68947,0.6895
1782354300,0.6895,0.689625,0.689335,0.68934
1782354600,0.689345,0.689355,0.689165,0.689255
1782354900,0.689255,0.68955,0.68923,0.68936
1782355200,0.689355,0.68939,0.68879,0.688795
1782355500,0.6888,0.68906,0.68879,0.68903
1782355800,0.689025,0.689235,0.688895,0.689225
1782356100,0.68922,0.68946,0.68909,0.68941
1782356400,0.689415,0.689595,0.689275,0.6895
1782356700,0.6895,0.689575,0.68938,0.68941
1782357000,0.689425,0.68945,0.689275,0.689365
1782357300,0.689365,0.689615,0.689255,0.68961
1782357600,0.689605,0.689615,0.68937,0.689535
1782357900,0.68953,0.689585,0.689335,0.689355
1782358200,0.68935,0.689475,0.689205,0.68934
1782358500,0.68934,0.689365,0.68925,0.68935
1782358800,0.68935,0.68937,0.689195,0.68937
1782359100,0.689365,0.689515,0.68931,0.689515
1782359400,0.68952,0.689775,0.68952,0.68969
1782359700,0.689685,0.689825,0.689675,0.68972
1782360000,0.689725,0.68985,0.68966,0.689775
1782360300,0.68977,0.689885,0.689745,0.689875
1782360600,0.689875,0.689995,0.689775,0.689905
1782360900,0.689905,0.69001,0.68985,0.689985
1782361200,0.68998,0.690175,0.689965,0.69009
1782361500,0.69009,0.69023,0.690005,0.69004
1782361800,0.69004,0.690065,0.689885,0.690035
1782362100,0.69004,0.69009,0.689965,0.689995
1782362400,0.69,0.690035,0.689835,0.68997
1782362700,0.689965,0.69009,0.68992,0.689975
1782363000,0.68998,0.69015,0.689975,0.69012
1782363300,0.690125,0.690245,0.690095,0.69018
1782363600,0.69017,0.69037,0.690085,0.690315
1782363900,0.69032,0.690365,0.690125,0.69019
1782364200,0.69019,0.69026,0.689985,0.69
1782364500,0.69,0.690015,0.68984,0.689875
1782364800,0.689875,0.68994,0.689795,0.68987
1782365100,0.68988,0.69002,0.68987,0.68999
1782365400,0.689985,0.6901,0.68982,0.69009
1782365700,0.690085,0.69009,0.68976,0.68977
1782366000,0.68977,0.68983,0.68957,0.68959
1782366300,0.689595,0.689625,0.689335,0.689485
1782366600,0.68948,0.689525,0.68937,0.68938
1782366900,0.689375,0.68946,0.689135,0.689135
1782367200,0.68913,0.68948,0.689125,0.68931
1782367500,0.689315,0.689485,0.68916,0.68934
1782367800,0.68934,0.68963,0.68931,0.689545
1782368100,0.689555,0.689555,0.68933,0.68937
1782368400,0.689375,0.689535,0.689355,0.6895
1782368700,0.689495,0.689525,0.68931,0.689415
1782369000,0.68941,0.68942,0.68886,0.68909
1782369300,0.689095,0.68923,0.68869,0.688905
1782369600,0.6889,0.68909,0.6888,0.689
1782369900,0.688995,0.68923,0.688935,0.689175
1782370200,0.68917,0.689185,0.68902,0.68906
1782370500,0.68906,0.68909,0.68884,0.689005
1782370800,0.68901,0.689055,0.68877,0.68904
1782371100,0.68904,0.689375,0.68902,0.689185
1782371400,0.689185,0.68931,0.68906,0.689125
1782371700,0.68914,0.68923,0.68886,0.689225
1782372000,0.68922,0.68946,0.689135,0.68932
1782372300,0.68932,0.68951,0.68926,0.68929
1782372600,0.689295,0.68972,0.689295,0.68952
1782372900,0.689525,0.689625,0.68947,0.6895
1782373200,0.689505,0.68951,0.68928,0.689315
1782373500,0.68932,0.68944,0.68924,0.68944
1782373800,0.689435,0.689595,0.6894,0.689515
1782374100,0.68952,0.68999,0.68949,0.689975
1782374400,0.68998,0.690305,0.689965,0.69014
1782374700,0.690145,0.690325,0.689915,0.69015
1782375000,0.690145,0.690185,0.68996,0.69001
1782375300,0.690005,0.690125,0.68992,0.690125
1782375600,0.69013,0.69056,0.690095,0.69053
1782375900,0.690525,0.690525,0.69036,0.690505
1782376200,0.69051,0.69072,0.69041,0.69058
1782376500,0.690575,0.690615,0.690465,0.69054
1782376800,0.690535,0.690595,0.69046,0.690575
1782377100,0.690575,0.69058,0.69032,0.69042
1782377400,0.690405,0.69046,0.69012,0.690125
1782377700,0.69013,0.690175,0.69003,0.690165
1782378000,0.69017,0.690455,0.69012,0.69045
1782378300,0.69045,0.69045,0.690115,0.69014
1782378600,0.690145,0.69027,0.69012,0.690245
1782378900,0.690235,0.690295,0.69011,0.69012
1782379200,0.690125,0.69021,0.690015,0.69016
1782379500,0.69016,0.69045,0.690085,0.69042
1782379800,0.690425,0.69055,0.69031,0.69031
1782380100,0.690315,0.69034,0.69018,0.69024
1782380400,0.69023,0.69023,0.689915,0.68994
1782380700,0.68994,0.68997,0.68982,0.68993
1782381000,0.689925,0.69022,0.689915,0.69021
1782381300,0.690215,0.69024,0.68999,0.690015
1782381600,0.69002,0.69004,0.68986,0.689915
1782381900,0.68991,0.689925,0.68981,0.689815
1782382200,0.68981,0.68983,0.689635,0.68966
1782382500,0.689655,0.68969,0.68957,0.68959
1782382800,0.68959,0.689625,0.68953,0.689565
1782383100,0.68956,0.689625,0.68946,0.68961
1782383400,0.68961,0.689665,0.68938,0.689565
1782383700,0.689565,0.68964,0.6895,0.68951
1782384000,0.68951,0.689525,0.689285,0.68931
1782384300,0.6893,0.6893,0.68914,0.68927
1782384600,0.689265,0.689305,0.68911,0.689145
1782384900,0.68915,0.68928,0.68912,0.68927
1782385200,0.689275,0.68932,0.689195,0.68925
1782385500,0.689245,0.68929,0.68911,0.68928
1782385800,0.68928,0.689375,0.68922,0.689355
1782386100,0.689345,0.689405,0.68912,0.689215
1782386400,0.689215,0.689355,0.68921,0.689315
1782386700,0.68931,0.68931,0.689125,0.689145
1782387000,0.689155,0.68928,0.68911,0.689145
1782387300,0.689145,0.68921,0.68896,0.68904
1782387600,0.689045,0.6893,0.688995,0.68924
1782387900,0.68924,0.68927,0.68905,0.689135
1782388200,0.689135,0.689365,0.688955,0.689045
1782388500,0.689035,0.689045,0.688815,0.68904
1782388800,0.68905,0.689195,0.688975,0.689075
1782389100,0.68907,0.689395,0.68904,0.68932
1782389400,0.68932,0.68932,0.688985,0.689075
1782389700,0.68908,0.68915,0.688895,0.689105
1782390000,0.6891,0.689105,0.68889,0.688955
1782390300,0.68896,0.688995,0.68885,0.688935
1782390600,0.68893,0.690435,0.68892,0.68982
1782390900,0.689825,0.6903,0.689605,0.69011
1782391200,0.6901,0.69096,0.68991,0.69088
1782391500,0.690885,0.691455,0.69074,0.690975
1782391800,0.69098,0.691,0.6906,0.690695
1782392100,0.69069,0.690805,0.690375,0.690535
1782392400,0.690545,0.690885,0.69039,0.6904
1782392700,0.69041,0.690575,0.69013,0.69013
1782393000,0.690135,0.690475,0.690105,0.690425
1782393300,0.69043,0.690675,0.690365,0.690595
1782393600,0.690605,0.690985,0.69058,0.69082
1782393900,0.690825,0.691045,0.690785,0.69098
1782394200,0.690975,0.69112,0.690555,0.690675
1782394500,0.690665,0.691035,0.69066,0.69103
1782394800,0.691035,0.691035,0.69008,0.690235
1782395100,0.69024,0.690375,0.68966,0.69008
1782395400,0.69007,0.690145,0.68937,0.689465
1782395700,0.689455,0.689635,0.689125,0.689275
1782396000,0.689285,0.690805,0.689285,0.69078
1782396300,0.690785,0.691105,0.69042,0.690625
1782396600,0.69062,0.69077,0.690305,0.690395
1782396900,0.6904,0.69059,0.68987,0.69008
1782397200,0.690085,0.690335,0.689445,0.689505
1782397500,0.68951,0.69028,0.68946,0.690165
1782397800,0.69016,0.69055,0.690065,0.69044
1782398100,0.690435,0.690535,0.69012,0.690265
1782398400,0.69026,0.69031,0.689975,0.69019
1782398700,0.690195,0.69052,0.690075,0.690505
1782399000,0.690495,0.69066,0.690245,0.69051
1782399300,0.690515,0.690855,0.690325,0.69061
1782399600,0.690615,0.691345,0.690615,0.691345
1782399900,0.69135,0.691665,0.691215,0.69126
1782400200,0.691255,0.691385,0.69079,0.69089
1782400500,0.690895,0.69145,0.69062,0.691335
1782400800,0.69133,0.691965,0.691185,0.69196
1782401100,0.691955,0.692045,0.691765,0.691925
1782401400,0.69192,0.69202,0.69159,0.69164
1782401700,0.691645,0.69184,0.69156,0.691595
1782402000,0.69159,0.69175,0.6915,0.69158
1782402300,0.691585,0.691875,0.691435,0.691675
1782402600,0.69168,0.69178,0.69155,0.69171
1782402900,0.691715,0.692105,0.6917,0.69208
1782403200,0.692085,0.69244,0.69195,0.69224
1782403500,0.692245,0.69231,0.69211,0.692175
1782403800,0.69218,0.69236,0.692165,0.69231
1782404100,0.692305,0.69275,0.692295,0.69259
1782404400,0.692595,0.692715,0.692475,0.69252
1782404700,0.692525,0.69265,0.69243,0.692475
1782405000,0.69248,0.692505,0.692105,0.692125
1782405300,0.69212,0.69229,0.692015,0.692065
1782405600,0.69207,0.69208,0.69172,0.69175
1782405900,0.69175,0.691825,0.691555,0.691775
1782406200,0.69177,0.691815,0.691525,0.691715
1782406500,0.69172,0.69176,0.691555,0.69166
1782406800,0.691665,0.69176,0.69158,0.691695
1782407100,0.691685,0.691805,0.691555,0.69175
1782407400,0.691755,0.69191,0.69172,0.691755
1782407700,0.69176,0.69197,0.69168,0.69168
1782408000,0.691685,0.69175,0.691565,0.691645
1782408300,0.69165,0.691865,0.69161,0.691765
1782408600,0.69178,0.69184,0.691515,0.691605
1782408900,0.6916,0.691805,0.69159,0.691725
1782409200,0.69172,0.691865,0.691705,0.691715
1782409500,0.69172,0.69173,0.691505,0.69156
1782409800,0.691555,0.69192,0.691545,0.69189
1782410100,0.691885,0.692005,0.691765,0.691815
1782410400,0.69182,0.69187,0.691205,0.69137
1782410700,0.691365,0.691625,0.69128,0.6916
1782411000,0.691605,0.69176,0.69156,0.691705
1782411300,0.69171,0.692045,0.691655,0.691885
1782411600,0.69188,0.691995,0.69174,0.69181
1782411900,0.691805,0.69203,0.691805,0.69198
1782412200,0.691985,0.691985,0.691555,0.691555
1782412500,0.69156,0.69162,0.6914,0.691545
1782412800,0.69155,0.69155,0.691355,0.69143
1782413100,0.69142,0.69145,0.69125,0.69142
1782413400,0.69141,0.69176,0.6914,0.691725
1782413700,0.691735,0.691785,0.69145,0.691495
1782414000,0.691505,0.691635,0.69122,0.69134
1782414300,0.691325,0.69139,0.691175,0.691245
1782414600,0.69125,0.691405,0.69119,0.691365
1782414900,0.69136,0.691535,0.69129,0.691365
1782415200,0.69137,0.69151,0.691335,0.69151
1782415500,0.691515,0.691555,0.691405,0.69151
1782415800,0.691505,0.69155,0.69142,0.6915
1782416100,0.691495,0.691505,0.691345,0.69139
1782416400,0.691405,0.69151,0.690935,0.69108
1782416700,0.691085,0.691085,0.69088,0.690885
1782417000,0.690895,0.69099,0.690735,0.690945
1782417300,0.69095,0.69119,0.690915,0.691185
1782417600,0.69118,0.691445,0.691175,0.691225
1782417900,0.69123,0.691255,0.691005,0.691045
1782418200,0.691045,0.691065,0.690985,0.691045
1782418500,0.691045,0.691095,0.69103,0.691055
1782418800,0.691055,0.691185,0.69105,0.691105
1782419100,0.691115,0.69117,0.691095,0.69116
1782419400,0.69115,0.69115,0.691055,0.69106
1782419700,0.691065,0.691095,0.69101,0.691015
1782420000,0.691015,0.691045,0.691,0.69102
1782420300,0.691025,0.691025,0.690965,0.69098
1782420600,0.690975,0.69107,0.690975,0.690975
1782420900,0.69097,0.6911,0.690955,0.690995
1782421200,0.690925,0.69126,0.690925,0.69117
1782421500,0.691085,0.6913,0.691055,0.691145
1782421800,0.691145,0.69137,0.691035,0.69133
1782422100,0.69129,0.691735,0.691215,0.691355
1782422400,0.691355,0.691415,0.69106,0.69117
1782422700,0.69117,0.69118,0.690955,0.69099
1782423000,0.69099,0.691,0.690795,0.6908
1782423300,0.6908,0.69083,0.690755,0.69081
1782423600,0.69081,0.691065,0.69081,0.69104
1782423900,0.691035,0.69111,0.690955,0.690975
1782424200,0.691,0.691015,0.690875,0.69089
1782424500,0.69089,0.690935,0.69082,0.690865
1782424800,0.69086,0.69104,0.690835,0.69087
1782425100,0.690865,0.690895,0.690805,0.690805
1782425400,0.69081,0.690875,0.690795,0.690845
1782425700,0.69084,0.69092,0.69084,0.69087
1782426000,0.690865,0.69091,0.69084,0.69086
1782426300,0.690855,0.690875,0.69078,0.69079
1782426600,0.690785,0.69084,0.69077,0.690825
1782426900,0.69082,0.69085,0.69076,0.690785
1782427200,0.690785,0.690795,0.690655,0.690665
1782427500,0.690655,0.690705,0.690655,0.690665
1782427800,0.690665,0.690715,0.690645,0.690705
1782428100,0.690705,0.69089,0.690695,0.690805
1782428400,0.69081,0.690845,0.690645,0.690695
1782428700,0.690695,0.690765,0.690675,0.69069
1782429000,0.690695,0.69083,0.690695,0.690815
1782429300,0.690815,0.690875,0.690705,0.690805
1782429600,0.69081,0.69084,0.690685,0.6907
1782429900,0.690695,0.690775,0.690665,0.690745
1782430200,0.69074,0.690765,0.690435,0.69044
1782430500,0.690445,0.690465,0.690375,0.690405
1782430800,0.690405,0.69044,0.690345,0.6904
1782431100,0.6904,0.6904,0.690175,0.690245
1782431400,0.69023,0.69029,0.69018,0.69025
1782431700,0.690245,0.69027,0.689885,0.690025
1782432000,0.69002,0.69022,0.68987,0.690005
1782432300,0.690005,0.690045,0.68983,0.69003
1782432600,0.690025,0.69004,0.689805,0.68997
1782432900,0.68997,0.690095,0.68985,0.68991
1782433200,0.689915,0.689945,0.689795,0.68983
1782433500,0.689825,0.689845,0.68961,0.68978
1782433800,0.68977,0.690055,0.689715,0.68994
1782434100,0.68995,0.690005,0.689695,0.689705
1782434400,0.68971,0.689945,0.689705,0.68984
1782434700,0.689845,0.690005,0.6898,0.68984
1782435000,0.68984,0.69014,0.68981,0.689945
1782435300,0.68994,0.690005,0.68983,0.689845
1782435600,0.68985,0.69024,0.6897,0.68974
1782435900,0.689745,0.689965,0.689645,0.689965
1782436200,0.68997,0.69019,0.68992,0.689945
1782436500,0.68995,0.690105,0.689865,0.69008
1782436800,0.690085,0.690205,0.689985,0.68999
1782437100,0.689995,0.690035,0.68987,0.689955
1782437400,0.68996,0.68997,0.689305,0.689355
1782437700,0.689365,0.68941,0.68901,0.68926
1782438000,0.689265,0.68929,0.689015,0.689145
1782438300,0.68914,0.689145,0.68885,0.68905
1782438600,0.689055,0.68906,0.68882,0.688895
1782438900,0.688895,0.689045,0.688725,0.689045
1782439200,0.68905,0.68923,0.68894,0.68907
1782439500,0.68908,0.68915,0.68899,0.688995
1782439800,0.688995,0.689005,0.68854,0.688545
1782440100,0.68854,0.688655,0.68794,0.68807
1782440400,0.688065,0.68811,0.6876,0.687645
1782440700,0.68765,0.68783,0.68754,0.687785
1782441000,0.68778,0.688045,0.687775,0.68785
1782441300,0.68786,0.688095,0.68771,0.688085
1782441600,0.688085,0.68845,0.687885,0.688395
1782441900,0.68839,0.68841,0.6882,0.688275
1782442200,0.68828,0.68839,0.687815,0.68789
1782442500,0.687895,0.6881,0.6877,0.688055
1782442800,0.68806,0.688165,0.6877,0.688065
1782443100,0.68807,0.68809,0.687875,0.68806
1782443400,0.688065,0.688315,0.688045,0.68821
1782443700,0.68821,0.68835,0.68812,0.688295
1782444000,0.6883,0.688305,0.688005,0.68805
1782444300,0.688045,0.68818,0.688035,0.688165
1782444600,0.68817,0.688175,0.68797,0.68806
1782444900,0.688055,0.6882,0.68804,0.68806
1782445200,0.688065,0.68846,0.68803,0.68846
1782445500,0.68845,0.68846,0.688275,0.68832
1782445800,0.68832,0.689025,0.688315,0.689005
1782446100,0.68901,0.68921,0.688885,0.6892
1782446400,0.689205,0.689405,0.68914,0.68928
1782446700,0.689275,0.68936,0.689025,0.68903
1782447000,0.68903,0.689265,0.68902,0.68908
1782447300,0.68909,0.68941,0.68891,0.689305
1782447600,0.68931,0.68943,0.689135,0.68916
1782447900,0.68917,0.689225,0.68899,0.68918
1782448200,0.689175,0.68927,0.68887,0.688905
1782448500,0.6889,0.6891,0.68882,0.688835
1782448800,0.688835,0.68886,0.688565,0.688805
1782449100,0.688805,0.68891,0.688675,0.6889
1782449400,0.6889,0.688995,0.68875,0.68885
1782449700,0.68884,0.68886,0.688495,0.68861
1782450000,0.688615,0.68872,0.688555,0.688645
1782450300,0.68865,0.68888,0.688485,0.688835
1782450600,0.688835,0.68907,0.688835,0.68901
1782450900,0.689015,0.68927,0.688945,0.68911
1782451200,0.689115,0.68913,0.688985,0.689005
1782451500,0.68901,0.68951,0.68899,0.689435
1782451800,0.68944,0.68951,0.68941,0.689445
1782452100,0.689455,0.689455,0.68919,0.68924
1782452400,0.68924,0.689425,0.68916,0.689345
1782452700,0.689355,0.689525,0.689175,0.689495
1782453000,0.6895,0.68967,0.689275,0.68952
1782453300,0.689515,0.689555,0.689365,0.689365
1782453600,0.68937,0.68943,0.68915,0.68921
1782453900,0.689215,0.68926,0.68898,0.689025
1782454200,0.68902,0.689035,0.68874,0.68901
1782454500,0.689005,0.68935,0.68896,0.68925
1782454800,0.689245,0.6895,0.68919,0.68943
1782455100,0.689425,0.68948,0.689265,0.68939
1782455400,0.689395,0.68982,0.68939,0.689795
1782455700,0.6898,0.68982,0.68954,0.68957
1782456000,0.68957,0.68974,0.689455,0.68962
1782456300,0.689615,0.68998,0.68959,0.68961
1782456600,0.689605,0.68999,0.689495,0.689955
1782456900,0.689955,0.689955,0.68972,0.68974
1782457200,0.689735,0.68977,0.689395,0.689455
1782457500,0.68946,0.68974,0.689415,0.689595
1782457800,0.6896,0.689715,0.68949,0.689495
1782458100,0.6895,0.689545,0.689285,0.68937
1782458400,0.68936,0.689395,0.689125,0.68928
1782458700,0.689285,0.689395,0.689135,0.68923
1782459000,0.689245,0.689445,0.68919,0.689385
1782459300,0.68939,0.6897,0.689345,0.6897
1782459600,0.689705,0.68972,0.68929,0.689305
1782459900,0.68931,0.689315,0.68902,0.689055
1782460200,0.689055,0.689255,0.688925,0.689055
1782460500,0.68906,0.689235,0.68899,0.68915
1782460800,0.689155,0.68934,0.68865,0.68874
1782461100,0.68875,0.689595,0.68863,0.689475
1782461400,0.68948,0.689635,0.68923,0.68962
1782461700,0.689615,0.6897,0.689415,0.68966
1782462000,0.689655,0.68966,0.689325,0.68951
1782462300,0.689505,0.689895,0.689325,0.68985
1782462600,0.68984,0.68988,0.6894,0.68956
1782462900,0.689555,0.689615,0.689385,0.68946
1782463200,0.689465,0.689705,0.68945,0.689655
1782463500,0.689655,0.68987,0.689535,0.689665
1782463800,0.689665,0.69002,0.689665,0.689825
1782464100,0.689815,0.689815,0.689435,0.689555
1782464400,0.68956,0.68956,0.68927,0.68935
1782464700,0.689355,0.689675,0.68935,0.689605
1782465000,0.68961,0.689675,0.68948,0.6895
1782465300,0.689495,0.689825,0.689475,0.689825
1782465600,0.68983,0.68994,0.68978,0.689855
1782465900,0.68986,0.690105,0.68985,0.690075
1782466200,0.690075,0.69012,0.68981,0.69009
1782466500,0.690095,0.690265,0.690095,0.690205
1782466800,0.690205,0.69047,0.690165,0.69017
1782467100,0.690165,0.69055,0.69009,0.690435
1782467400,0.69044,0.690675,0.69036,0.69056
1782467700,0.690555,0.690555,0.690115,0.690115
1782468000,0.69012,0.690225,0.689865,0.69
1782468300,0.69,0.690275,0.68995,0.69022
1782468600,0.690215,0.69031,0.690075,0.690265
1782468900,0.690265,0.690335,0.69001,0.69001
1782469200,0.690015,0.69004,0.68982,0.689945
1782469500,0.68994,0.690105,0.68991,0.69009
1782469800,0.69009,0.69035,0.690045,0.69033
1782470100,0.690325,0.69034,0.690105,0.690155
1782470400,0.69016,0.69025,0.69007,0.690135
1782470700,0.69014,0.690235,0.690035,0.690145
1782471000,0.69015,0.690395,0.69012,0.69036
1782471300,0.690355,0.690415,0.690215,0.690315
1782471600,0.69033,0.69042,0.690235,0.69029
1782471900,0.69028,0.69036,0.690095,0.690335
1782472200,0.690345,0.69049,0.690125,0.69017
1782472500,0.690165,0.690345,0.69006,0.690275
1782472800,0.690265,0.69055,0.690215,0.690305
1782473100,0.690305,0.690395,0.690145,0.690395
1782473400,0.690405,0.69055,0.69035,0.69044
1782473700,0.690435,0.690435,0.69022,0.690335
1782474000,0.690335,0.690465,0.690195,0.69021
1782474300,0.69021,0.690295,0.6901,0.690105
1782474600,0.69011,0.690125,0.68974,0.689855
1782474900,0.68986,0.690095,0.68986,0.689995
1782475200,0.68999,0.69012,0.689895,0.690095
1782475500,0.690105,0.69026,0.690065,0.690205
1782475800,0.690205,0.69026,0.69008,0.69018
1782476100,0.690185,0.690455,0.690185,0.69028
1782476400,0.690275,0.69029,0.68988,0.68997
1782476700,0.689965,0.690195,0.68995,0.68996
1782477000,0.68995,0.690215,0.689885,0.689955
1782477300,0.689945,0.690065,0.68981,0.68984
1782477600,0.689835,0.689875,0.689585,0.68972
1782477900,0.68973,0.68986,0.689615,0.68973
1782478200,0.689725,0.690135,0.689705,0.68996
1782478500,0.689965,0.690565,0.68991,0.690325
1782478800,0.69033,0.69052,0.69026,0.690495
1782479100,0.69049,0.69061,0.69031,0.690365
1782479400,0.69037,0.69065,0.690345,0.690565
1782479700,0.69056,0.69056,0.689585,0.689995
1782480000,0.69,0.690595,0.689865,0.690565
1782480300,0.690555,0.69072,0.69048,0.69066
1782480600,0.69064,0.690705,0.69022,0.690455
1782480900,0.69046,0.69074,0.690385,0.69043
1782481200,0.690435,0.690915,0.69038,0.690855
1782481500,0.690865,0.69087,0.690455,0.69051
1782481800,0.690515,0.69073,0.690495,0.69068
1782482100,0.690705,0.691205,0.69063,0.69106
1782482400,0.691065,0.691325,0.69096,0.691035
1782482700,0.69103,0.6912,0.690865,0.69112
1782483000,0.691125,0.691355,0.69095,0.69128
1782483300,0.691275,0.69167,0.691165,0.691295
1782483600,0.69129,0.69173,0.691285,0.691545
1782483900,0.69155,0.691705,0.69126,0.69135
1782484200,0.691365,0.69141,0.691045,0.691115
1782484500,0.69112,0.691255,0.69099,0.69118
1782484800,0.69117,0.69121,0.69084,0.69085
1782485100,0.690855,0.691325,0.690855,0.691065
1782485400,0.69107,0.691115,0.69066,0.69073
1782485700,0.690735,0.69074,0.68997,0.68997
1782486000,0.689975,0.690205,0.68985,0.69003
1782486300,0.690035,0.690345,0.68989,0.69034
1782486600,0.69035,0.690405,0.69014,0.69023
1782486900,0.69023,0.69051,0.69017,0.690345
1782487200,0.69034,0.690605,0.690315,0.69048
1782487500,0.690475,0.690645,0.690415,0.69061
1782487800,0.690605,0.690855,0.690385,0.690405
1782488100,0.69041,0.690815,0.69041,0.690715
1782488400,0.690715,0.69094,0.69063,0.690845
1782488700,0.69085,0.691,0.69078,0.6909
1782489000,0.69091,0.69094,0.68995,0.690195
1782489300,0.69019,0.690675,0.69018,0.690555
1782489600,0.69055,0.69067,0.690475,0.690565
1782489900,0.690565,0.690635,0.6904,0.6904
1782490200,0.690405,0.69054,0.6903,0.69046
1782490500,0.690465,0.690575,0.690425,0.69046
1782490800,0.690465,0.69051,0.689995,0.690065
1782491100,0.69007,0.69013,0.68997,0.69005
1782491400,0.690055,0.69025,0.68996,0.68999
1782491700,0.689995,0.690035,0.68969,0.68996
1782492000,0.68996,0.69021,0.689905,0.69006
1782492300,0.69006,0.69015,0.689965,0.689995
1782492600,0.69,0.69007,0.689945,0.69006
1782492900,0.690065,0.69016,0.690035,0.69008
1782493200,0.690085,0.690205,0.690005,0.690125
1782493500,0.69013,0.69023,0.690015,0.69023
1782493800,0.69023,0.69025,0.69009,0.69015
1782494100,0.690155,0.690155,0.68998,0.689985
1782494400,0.68999,0.6901,0.6899,0.69007
1782494700,0.690075,0.69011,0.68996,0.69001
1782495000,0.690015,0.690155,0.68985,0.68988
1782495300,0.68989,0.68995,0.6898,0.68984
1782495600,0.689835,0.690005,0.68972,0.69
1782495900,0.69,0.690045,0.68992,0.68995
1782496200,0.68995,0.69011,0.689945,0.69
1782496500,0.69,0.69,0.68974,0.689765
1782496800,0.68977,0.69008,0.68974,0.69007
1782497100,0.69006,0.69008,0.68997,0.69
1782497400,0.690005,0.69003,0.68994,0.68999
1782497700,0.689985,0.69002,0.689775,0.68985
1782498000,0.689855,0.689875,0.68975,0.68977
1782498300,0.68977,0.689865,0.689685,0.689775
1782498600,0.68979,0.689905,0.68977,0.68989
1782498900,0.689885,0.689895,0.689745,0.68979
1782499200,0.68979,0.68982,0.68969,0.689795
1782499500,0.68979,0.68979,0.689455,0.68948
1782499800,0.689485,0.689555,0.68943,0.68949
1782500100,0.689495,0.689645,0.68939,0.68941
1782500400,0.6894,0.689495,0.68937,0.6894
1782500700,0.689405,0.689615,0.68938,0.689595
1782501000,0.689595,0.689645,0.68951,0.68962
1782501300,0.68962,0.68966,0.68952,0.68959
1782501600,0.68959,0.68963,0.68937,0.68941
1782501900,0.689415,0.689475,0.6894,0.689465
1782502200,0.689455,0.68958,0.68941,0.68955
1782502500,0.68955,0.68957,0.68946,0.689465
1782502800,0.689465,0.68954,0.689425,0.689535
1782503100,0.68953,0.689765,0.6895,0.689745
1782503400,0.68974,0.68997,0.6897,0.6899
1782503700,0.689895,0.690025,0.68968,0.689735
1782504000,0.68973,0.68989,0.68966,0.689675
1782504300,0.689685,0.689715,0.689545,0.68967
1782504600,0.689675,0.68981,0.689665,0.689775
1782504900,0.68979,0.689835,0.689755,0.689775
1782505200,0.68977,0.68992,0.68977,0.689915
1782505500,0.68992,0.689955,0.689765,0.689765
1782505800,0.689765,0.6898,0.689395,0.689515
1782506100,0.689515,0.68958,0.68913,0.68932
1782506400,0.689325,0.68954,0.68927,0.68951
1782506700,0.689515,0.689565,0.68924,0.6893
1782507000,0.689295,0.68931,0.689185,0.689185
1782507300,0.68919,0.68959,0.689185,0.6895
1782680400,0.6895,0.6895,0.68909,0.689205
1782680700,0.68919,0.68922,0.68911,0.68911
1782681000,0.68911,0.68925,0.6891,0.68924
1782681300,0.689235,0.68935,0.68917,0.689265
1782681600,0.689265,0.689305,0.688695,0.68918
1782681900,0.68918,0.68918,0.68891,0.68901
1782682200,0.68901,0.68918,0.688995,0.68907
1782682500,0.68907,0.689205,0.68898,0.689115
1782682800,0.689115,0.689155,0.68906,0.689135
1782683100,0.68906,0.689135,0.688985,0.689
1782683400,0.689,0.68923,0.689,0.68911
1782683700,0.68911,0.68912,0.68883,0.688905
1782684000,0.688935,0.68979,0.688935,0.689555
1782684300,0.68957,0.68964,0.68948,0.68953
1782684600,0.689525,0.68954,0.689435,0.68949
1782684900,0.6895,0.6895,0.68932,0.68933
1782685200,0.68933,0.68944,0.68927,0.68938
1782685500,0.68938,0.689445,0.689315,0.68933
1782685800,0.689325,0.68954,0.689325,0.689375
1782686100,0.689375,0.689415,0.689325,0.68939
1782686400,0.68939,0.689555,0.68939,0.68951
1782686700,0.689515,0.689595,0.68949,0.68958
1782687000,0.689575,0.689575,0.68949,0.689505
1782687300,0.68951,0.689545,0.68944,0.68945
1782687600,0.689445,0.689635,0.689425,0.689575
1782687900,0.689575,0.689755,0.68956,0.689755
1782688200,0.689755,0.68978,0.68962,0.689625
1782688500,0.689625,0.689635,0.689495,0.689515
1782688800,0.68951,0.689575,0.68951,0.689545
1782689100,0.68955,0.68959,0.68954,0.68958
1782689400,0.689585,0.68959,0.689355,0.68941
1782689700,0.68941,0.68956,0.689395,0.689535
1782690000,0.689535,0.689585,0.689525,0.68957
1782690300,0.689565,0.689595,0.68948,0.68948
1782690600,0.689485,0.689585,0.689435,0.689535
1782690900,0.68953,0.689695,0.68953,0.6896
1782691200,0.689595,0.689655,0.689105,0.689335
1782691500,0.68934,0.68936,0.68908,0.68913
1782691800,0.689135,0.68923,0.68877,0.68878
1782692100,0.688775,0.68894,0.688505,0.688575
1782692400,0.68858,0.68868,0.68845,0.688655
1782692700,0.68866,0.688725,0.68846,0.68847
1782693000,0.688485,0.68865,0.68845,0.68856
1782693300,0.688565,0.688745,0.688475,0.688595
1782693600,0.68859,0.68885,0.688575,0.688835
1782693900,0.68883,0.68883,0.688325,0.688435
1782694200,0.688425,0.688585,0.688305,0.68845
1782694500,0.688455,0.688675,0.688425,0.688545
1782694800,0.68854,0.688795,0.688095,0.688285
1782695100,0.688285,0.68863,0.68827,0.68838
1782695400,0.688385,0.68852,0.68834,0.688385
1782695700,0.68839,0.68856,0.68835,0.68842
1782696000,0.688415,0.688655,0.688345,0.688535
1782696300,0.68854,0.68862,0.68837,0.68839
1782696600,0.688395,0.68851,0.68816,0.688485
1782696900,0.68848,0.688875,0.688455,0.68886
1782697200,0.688865,0.68919,0.68882,0.688905
1782697500,0.6889,0.688935,0.68857,0.68874
1782697800,0.688735,0.688755,0.68852,0.68861
1782698100,0.688605,0.68871,0.68843,0.68848
1782698400,0.68847,0.688635,0.688385,0.68856
1782698700,0.688565,0.68873,0.68852,0.688545
1782699000,0.68855,0.68871,0.688475,0.688525
1782699300,0.68852,0.688995,0.688475,0.68897
1782699600,0.688975,0.68928,0.688915,0.689195
1782699900,0.6892,0.689575,0.689135,0.68944
1782700200,0.689445,0.689445,0.68911,0.68918
1782700500,0.689175,0.68921,0.688975,0.689045
1782700800,0.68904,0.68918,0.689005,0.6891
1782701100,0.689105,0.689225,0.68903,0.68909
1782701400,0.68909,0.689175,0.689025,0.68907
1782701700,0.689075,0.68914,0.68899,0.68905
1782702000,0.68906,0.68932,0.68906,0.68922
1782702300,0.689225,0.689285,0.689085,0.68924
1782702600,0.689245,0.68939,0.68915,0.6893
1782702900,0.689295,0.689335,0.68924,0.68932
1782703200,0.68932,0.68938,0.68924,0.6893
1782703500,0.68929,0.68949,0.68924,0.68948
1782703800,0.689485,0.689545,0.68937,0.68941
1782704100,0.689405,0.689435,0.689215,0.68929
1782704400,0.689285,0.689395,0.68912,0.689125
1782704700,0.68913,0.689175,0.689015,0.689115
1782705000,0.689105,0.68918,0.689015,0.689105
1782705300,0.6891,0.6891,0.68885,0.68886
1782705600,0.68885,0.688975,0.688805,0.68887
1782705900,0.688875,0.688985,0.68876,0.68897
1782706200,0.688965,0.688965,0.688835,0.688915
1782706500,0.68891,0.68891,0.68881,0.68887
1782706800,0.688875,0.68898,0.68879,0.68894
1782707100,0.688935,0.689,0.68889,0.688945
1782707400,0.688945,0.689085,0.688945,0.689015
1782707700,0.689015,0.68907,0.688935,0.689025
1782708000,0.68902,0.689025,0.688865,0.68895
1782708300,0.688955,0.689135,0.688905,0.689125
1782708600,0.68912,0.689125,0.68889,0.68892
1782708900,0.68891,0.688955,0.688775,0.6889
1782709200,0.688895,0.68901,0.68877,0.689
1782709500,0.689,0.689095,0.688945,0.68908
1782709800,0.689085,0.68923,0.688975,0.68919
1782710100,0.689185,0.68925,0.68905,0.689085
1782710400,0.689075,0.689135,0.68902,0.68909
1782710700,0.689085,0.68914,0.68903,0.6891
1782711000,0.689095,0.68917,0.688935,0.68914
1782711300,0.68914,0.68918,0.68904,0.689135
1782711600,0.68913,0.68942,0.689085,0.689405
1782711900,0.68941,0.689485,0.68935,0.68937
1782712200,0.68937,0.689585,0.68936,0.68957
1782712500,0.68956,0.68969,0.68948,0.68957
1782712800,0.689575,0.68965,0.68934,0.689435
1782713100,0.68943,0.68964,0.68943,0.689535
1782713400,0.68954,0.689655,0.68945,0.68964
1782713700,0.689635,0.689855,0.68955,0.68984
1782714000,0.689845,0.68994,0.68977,0.689905
1782714300,0.689905,0.69003,0.68984,0.68998
1782714600,0.689975,0.69015,0.68986,0.690145
1782714900,0.69015,0.6903,0.69008,0.69028
1782715200,0.690275,0.69037,0.690225,0.690295
1782715500,0.69029,0.690415,0.690195,0.69038
1782715800,0.69038,0.69044,0.690155,0.690185
1782716100,0.690185,0.69039,0.69017,0.690255
1782716400,0.690245,0.69036,0.690095,0.690295
1782716700,0.69029,0.69029,0.69012,0.69018
1782717000,0.690185,0.69028,0.690115,0.69028
1782717300,0.690285,0.69043,0.690135,0.69016
1782717600,0.690165,0.690445,0.690095,0.69038
1782717900,0.690375,0.69038,0.69015,0.69025
1782718200,0.690255,0.690275,0.68993,0.68994
1782718500,0.68995,0.690265,0.68991,0.690245
1782718800,0.690245,0.690245,0.689875,0.689915
1782719100,0.68992,0.68994,0.68982,0.689865
1782719400,0.68987,0.690035,0.689575,0.68962
1782719700,0.689625,0.68975,0.689495,0.68952
1782720000,0.689525,0.6897,0.689375,0.68945
1782720300,0.689445,0.689695,0.689435,0.689585
1782720600,0.68958,0.6896,0.689395,0.689395
1782720900,0.6894,0.689455,0.68924,0.68924
1782721200,0.68923,0.68928,0.68903,0.689125
1782721500,0.68913,0.689235,0.689075,0.68921
1782721800,0.689215,0.689535,0.68921,0.689445
1782722100,0.689445,0.6895,0.68925,0.68929
1782722400,0.68929,0.689455,0.68915,0.68933
1782722700,0.689325,0.68935,0.68918,0.689255
1782723000,0.68926,0.68927,0.68906,0.68907
1782723300,0.689075,0.68919,0.68894,0.689145
1782723600,0.68914,0.689435,0.689095,0.68941
1782723900,0.689405,0.68953,0.68936,0.689405
1782724200,0.68941,0.689535,0.68938,0.689435
1782724500,0.689425,0.689625,0.689395,0.689595
1782724800,0.689595,0.68962,0.689435,0.68945
1782725100,0.689445,0.689685,0.68942,0.689675
1782725400,0.68968,0.689785,0.6896,0.68968
1782725700,0.68968,0.689705,0.689515,0.689635
1782726000,0.689625,0.689645,0.68947,0.689545
1782726300,0.68954,0.689685,0.689515,0.689635
1782726600,0.68962,0.68978,0.68951,0.689755
1782726900,0.689745,0.68993,0.689695,0.68989
1782727200,0.689895,0.689955,0.689805,0.689885
1782727500,0.689885,0.689955,0.689755,0.689895
1782727800,0.6899,0.69001,0.689815,0.689835
1782728100,0.68983,0.68993,0.68976,0.689905
1782728400,0.689905,0.689945,0.689725,0.68979
1782728700,0.689795,0.68991,0.68975,0.68991
1782729000,0.689905,0.689915,0.689755,0.68983
1782729300,0.689835,0.689895,0.689775,0.68989
1782729600,0.689895,0.689945,0.689795,0.68982
1782729900,0.68981,0.69,0.68968,0.689975
1782730200,0.68998,0.690145,0.689935,0.690105
1782730500,0.690095,0.690105,0.68999,0.689995
1782730800,0.69,0.69024,0.689985,0.690225
1782731100,0.690225,0.690235,0.68987,0.689875
1782731400,0.689865,0.689895,0.68973,0.689795
1782731700,0.689785,0.689895,0.68976,0.689795
1782732000,0.6898,0.68987,0.689775,0.68979
1782732300,0.68979,0.689975,0.689775,0.689885
1782732600,0.689885,0.690205,0.689765,0.68999
1782732900,0.690005,0.690025,0.68977,0.689775
1782733200,0.68978,0.689895,0.689685,0.689765
1782733500,0.68976,0.689975,0.68976,0.68984
1782733800,0.68985,0.689975,0.689835,0.689915
1782734100,0.68991,0.69022,0.689905,0.690095
1782734400,0.690105,0.690115,0.689915,0.68992
1782734700,0.689925,0.69001,0.68992,0.689955
1782735000,0.68996,0.690105,0.689895,0.690085
1782735300,0.69009,0.69019,0.68997,0.69003
1782735600,0.690025,0.69013,0.689905,0.69
1782735900,0.69,0.690045,0.689655,0.689795
1782736200,0.689785,0.689975,0.689785,0.689935
1782736500,0.68993,0.69001,0.689675,0.689685
1782736800,0.689685,0.689765,0.68938,0.68958
1782737100,0.689575,0.68958,0.689435,0.689455
1782737400,0.68945,0.689675,0.68945,0.689545
1782737700,0.68955,0.68969,0.689525,0.689675
1782738000,0.689685,0.689775,0.689615,0.689685
1782738300,0.689685,0.689735,0.68954,0.68956
1782738600,0.689545,0.689625,0.68952,0.68957
1782738900,0.68956,0.68956,0.689395,0.689515
1782739200,0.68952,0.689555,0.68942,0.68952
1782739500,0.689515,0.6896,0.689465,0.689565
1782739800,0.689555,0.689615,0.68932,0.68957
1782740100,0.689565,0.68957,0.689165,0.68924
1782740400,0.689245,0.689325,0.689085,0.68928
1782740700,0.689285,0.68934,0.6892,0.68931
1782741000,0.68931,0.689345,0.689045,0.6891
1782741300,0.689105,0.68912,0.688785,0.68886
1782741600,0.688865,0.68906,0.68863,0.68874
1782741900,0.688745,0.688805,0.688395,0.688495
1782742200,0.688505,0.688555,0.68802,0.68802
1782742500,0.688015,0.68828,0.687745,0.68823
1782742800,0.688235,0.688485,0.68806,0.688355
1782743100,0.688345,0.688515,0.688315,0.68834
1782743400,0.688335,0.68868,0.688315,0.68842
1782743700,0.688415,0.688495,0.688215,0.688295
1782744000,0.68829,0.68848,0.68809,0.688125
1782744300,0.68813,0.688135,0.687745,0.687985
1782744600,0.687975,0.688355,0.687975,0.688295
1782744900,0.688285,0.688345,0.68803,0.688035
1782745200,0.68803,0.688205,0.687935,0.688015
1782745500,0.68801,0.68808,0.68792,0.68808
1782745800,0.6881,0.688185,0.687935,0.688165
1782746100,0.688175,0.68834,0.688135,0.68818
1782746400,0.688195,0.688255,0.687985,0.688095
1782746700,0.6881,0.688315,0.688025,0.68827
1782747000,0.688285,0.68831,0.688035,0.688035
1782747300,0.68804,0.68808,0.68787,0.688055
1782747600,0.68806,0.688265,0.687935,0.688245
1782747900,0.68824,0.688485,0.68819,0.688485
1782748200,0.688475,0.688485,0.688315,0.68838
1782748500,0.688385,0.688485,0.688315,0.6884
1782748800,0.688415,0.68872,0.68836,0.688665
1782749100,0.68865,0.688695,0.68859,0.68866
1782749400,0.688655,0.688735,0.6886,0.688605
1782749700,0.688615,0.688755,0.688615,0.688745
1782750000,0.688745,0.68875,0.68856,0.68863
1782750300,0.688635,0.688655,0.688555,0.68859
1782750600,0.688585,0.6887,0.6885,0.688565
1782750900,0.68857,0.68885,0.68856,0.688815
1782751200,0.68881,0.68893,0.688765,0.6889
1782751500,0.688905,0.68906,0.68885,0.68904
1782751800,0.68904,0.689075,0.68886,0.68889
1782752100,0.688885,0.688885,0.688605,0.688655
1782752400,0.68866,0.68878,0.68865,0.68871
1782752700,0.68871,0.688775,0.6887,0.68872
1782753000,0.688725,0.688905,0.688715,0.688855
1782753300,0.688855,0.688915,0.688725,0.688725
1782753600,0.68873,0.688735,0.688565,0.688595
1782753900,0.688605,0.688695,0.68858,0.68867
1782754200,0.688665,0.6887,0.688565,0.688665
1782754500,0.68867,0.68877,0.688665,0.68874
1782754800,0.688735,0.68875,0.688675,0.688705
1782755100,0.688705,0.68872,0.68861,0.68871
1782755400,0.688715,0.68893,0.688695,0.688895
1782755700,0.68889,0.688905,0.688695,0.688805
1782756000,0.68881,0.689065,0.6888,0.689
1782756300,0.68901,0.689035,0.68892,0.68902
1782756600,0.689015,0.6891,0.688985,0.689095
1782756900,0.689095,0.689095,0.68898,0.689065
1782757200,0.689065,0.6891,0.688995,0.689075
1782757500,0.689065,0.689065,0.688935,0.68903
1782757800,0.68903,0.689055,0.688975,0.689025
1782758100,0.68903,0.68911,0.68902,0.689085
1782758400,0.68908,0.6892,0.68908,0.68916
1782758700,0.689145,0.68922,0.6891,0.68922
1782759000,0.68922,0.68924,0.68915,0.689165
1782759300,0.68916,0.68916,0.68898,0.68903
1782759600,0.68902,0.68911,0.688975,0.68898
1782759900,0.688975,0.688995,0.688895,0.688955
1782760200,0.688955,0.688955,0.68879,0.68886
1782760500,0.688855,0.688975,0.688855,0.688925
1782760800,0.68893,0.689025,0.688925,0.68899
1782761100,0.688995,0.689075,0.68897,0.689015
1782761400,0.68902,0.689065,0.689005,0.689015
1782761700,0.689015,0.68909,0.689005,0.689045
1782762000,0.689045,0.68913,0.689025,0.689115
1782762300,0.68912,0.68913,0.68898,0.68902
1782762600,0.689025,0.689035,0.688935,0.688945
1782762900,0.68895,0.689045,0.688935,0.68901
1782763200,0.689015,0.689025,0.68894,0.688975
1782763500,0.688975,0.689075,0.688955,0.68906
1782763800,0.689065,0.689095,0.68902,0.68905
1782764100,0.68905,0.689085,0.68905,0.689055
1782764400,0.689055,0.689065,0.688985,0.68902
1782764700,0.68902,0.689025,0.688925,0.688925
1782765000,0.68893,0.68893,0.688875,0.688875
1782765300,0.68887,0.68887,0.688745,0.68879
1782765600,0.68879,0.688815,0.688755,0.68877
1782765900,0.688765,0.68879,0.688745,0.688765
1782766200,0.688755,0.688765,0.688665,0.688675
1782766500,0.68867,0.68875,0.688635,0.688685
1782766800,0.688685,0.688885,0.688685,0.68885
1782767100,0.688865,0.68896,0.68875,0.68896
1782767400,0.68896,0.689145,0.688845,0.688845
1782767700,0.688845,0.68885,0.68866,0.688675
1782768000,0.688675,0.688695,0.68851,0.688595
1782768300,0.688595,0.688655,0.688585,0.6886
1782768600,0.6886,0.68873,0.688585,0.68863
1782768900,0.68863,0.689025,0.68863,0.688805
1782769200,0.688805,0.688925,0.688795,0.688865
1782769500,0.68887,0.68899,0.688845,0.688935
1782769800,0.688935,0.689105,0.6889,0.688915
1782770100,0.688915,0.68903,0.688725,0.688935
1782770400,0.689015,0.689035,0.688775,0.68884
1782770700,0.688845,0.68889,0.68881,0.68888
1782771000,0.688875,0.68894,0.688855,0.68888
1782771300,0.68888,0.68893,0.68888,0.68892
1782771600,0.688925,0.688935,0.688895,0.688905
1782771900,0.688905,0.68891,0.688835,0.688905
1782772200,0.688905,0.68891,0.68886,0.688865
1782772500,0.688865,0.688865,0.68875,0.68875
1782772800,0.68875,0.68879,0.688745,0.688755
1782773100,0.68875,0.68878,0.688745,0.688775
1782773400,0.688775,0.68882,0.688765,0.688805
1782773700,0.688805,0.68885,0.68872,0.688755
1782774000,0.68876,0.68884,0.688725,0.688805
1782774300,0.688805,0.68886,0.68876,0.688805
1782774600,0.688805,0.68881,0.68876,0.68881
1782774900,0.68881,0.688855,0.688795,0.688825
1782775200,0.688825,0.688945,0.688825,0.6889
1782775500,0.6889,0.6889,0.68876,0.68877
1782775800,0.688775,0.688805,0.6887,0.6887
1782776100,0.6887,0.6887,0.68864,0.68865
1782776400,0.68865,0.688715,0.68864,0.6887
1782776700,0.6887,0.6887,0.688425,0.68854
1782777000,0.68854,0.68856,0.688455,0.68849
1782777300,0.68849,0.68849,0.68816,0.68821
1782777600,0.688205,0.688205,0.68761,0.687695
1782777900,0.68769,0.68776,0.68738,0.687495
1782778200,0.687495,0.687755,0.68746,0.68759
1782778500,0.68758,0.68774,0.68755,0.687635
1782778800,0.68764,0.687675,0.68755,0.68766
1782779100,0.68766,0.6877,0.68731,0.687395
1782779400,0.6874,0.687545,0.68735,0.687535
1782779700,0.68754,0.68762,0.687295,0.68732
1782780000,0.687325,0.68744,0.68722,0.687295
1782780300,0.6873,0.68732,0.687125,0.6872
1782780600,0.687205,0.68738,0.68674,0.68679
1782780900,0.686805,0.687325,0.686735,0.687315
1782781200,0.687325,0.68742,0.68709,0.6872
1782781500,0.6872,0.687245,0.686625,0.6869
1782781800,0.68689,0.6869,0.68661,0.68678
1782782100,0.686785,0.68754,0.68675,0.68752
1782782400,0.68753,0.687805,0.687485,0.687755
1782782700,0.687755,0.68814,0.687725,0.68809
1782783000,0.6881,0.68838,0.68807,0.68829
1782783300,0.688285,0.68835,0.68778,0.687805
1782783600,0.687805,0.687815,0.68746,0.68748
1782783900,0.687475,0.68755,0.687065,0.687255
1782784200,0.68726,0.687345,0.686975,0.687
1782784500,0.686995,0.687135,0.68684,0.687035
1782784800,0.687035,0.687305,0.686965,0.687305
1782785100,0.68731,0.68733,0.686925,0.686995
1782785400,0.68699,0.687005,0.6868,0.68686
1782785700,0.68687,0.686915,0.68665,0.686705
1782786000,0.6867,0.686955,0.6867,0.686865
1782786300,0.68686,0.68691,0.6867,0.68672
1782786600,0.68671,0.686755,0.686535,0.68664
1782786900,0.68664,0.68686,0.68661,0.686845
1782787200,0.68685,0.68686,0.686585,0.686655
1782787500,0.68666,0.686805,0.68656,0.686775
1782787800,0.68677,0.686995,0.68674,0.686805
1782788100,0.686815,0.686895,0.686765,0.686835
1782788400,0.68684,0.687265,0.68684,0.6872
1782788700,0.6872,0.687255,0.68694,0.68697
1782789000,0.68698,0.686985,0.686835,0.68684
1782789300,0.68684,0.687035,0.68684,0.686995
1782789600,0.687,0.68703,0.6868,0.68686
1782789900,0.68685,0.68701,0.68676,0.686895
1782790200,0.68689,0.686995,0.68679,0.68684
1782790500,0.686845,0.68693,0.686755,0.686815
1782790800,0.68681,0.686905,0.68674,0.68675
1782791100,0.68675,0.686845,0.68675,0.686845
1782791400,0.68685,0.687005,0.686845,0.686855
1782791700,0.68685,0.68697,0.68677,0.6869
1782792000,0.68689,0.68706,0.686885,0.68704
1782792300,0.687035,0.68711,0.68688,0.686895
1782792600,0.686895,0.68712,0.686875,0.68709
1782792900,0.68709,0.68714,0.68701,0.68705
1782793200,0.68705,0.68711,0.68699,0.68704
1782793500,0.68704,0.68718,0.687005,0.68715
1782793800,0.687145,0.68725,0.687145,0.68724
1782794100,0.68724,0.687355,0.687205,0.687345
1782794400,0.68734,0.68739,0.687185,0.68724
1782794700,0.68723,0.687345,0.687135,0.68732
1782795000,0.687315,0.68734,0.68718,0.6872
1782795300,0.6872,0.68723,0.68687,0.686875
1782795600,0.68687,0.687115,0.68684,0.68705
1782795900,0.687055,0.68732,0.68698,0.68717
1782796200,0.687175,0.687315,0.68712,0.687295
1782796500,0.6873,0.68735,0.68722,0.687295
1782796800,0.687295,0.68741,0.687235,0.687385
1782797100,0.687385,0.68739,0.68717,0.68729
1782797400,0.6873,0.687325,0.68716,0.687195
1782797700,0.68719,0.68728,0.6871,0.68728
1782798000,0.687285,0.68738,0.68726,0.6873
1782798300,0.68729,0.687455,0.68724,0.687445
1782798600,0.687455,0.687595,0.687345,0.68735
1782798900,0.687345,0.687345,0.6868,0.68688
1782799200,0.686885,0.68717,0.68686,0.68708
1782799500,0.687075,0.687125,0.68692,0.687
1782799800,0.687,0.687095,0.686895,0.68703
1782800100,0.68703,0.687245,0.68698,0.687195
1782800400,0.68719,0.687675,0.68719,0.687565
1782800700,0.68756,0.687895,0.68745,0.68784
1782801000,0.687845,0.68786,0.68747,0.6877
1782801300,0.687705,0.68784,0.68757,0.687635
1782801600,0.68763,0.6879,0.68747,0.68754
1782801900,0.68753,0.68774,0.68745,0.6875
1782802200,0.687495,0.68774,0.68742,0.687715
1782802500,0.68772,0.687895,0.68772,0.68786
1782802800,0.68787,0.68789,0.68762,0.68786
1782803100,0.687865,0.68789,0.687675,0.68769
1782803400,0.687695,0.687895,0.687645,0.68784
1782803700,0.687845,0.687855,0.68768,0.687695
1782804000,0.6877,0.68776,0.687605,0.68775
1782804300,0.687745,0.688005,0.687685,0.687945
1782804600,0.68795,0.688195,0.687875,0.688185
1782804900,0.688185,0.68825,0.688095,0.68818
1782805200,0.688175,0.68821,0.688,0.68809
1782805500,0.688095,0.68814,0.687905,0.687905
1782805800,0.687905,0.687905,0.68768,0.68784
1782806100,0.687845,0.687845,0.68764,0.68773
1782806400,0.687735,0.688095,0.68769,0.688
1782806700,0.687995,0.688255,0.687565,0.687655
1782807000,0.68766,0.68799,0.68766,0.68776
1782807300,0.68776,0.68796,0.68765,0.68784
1782807600,0.687845,0.68815,0.68779,0.6881
1782807900,0.6881,0.68821,0.688025,0.688095
1782808200,0.68809,0.688145,0.68792,0.68812
1782808500,0.68813,0.688215,0.687735,0.68775
1782808800,0.68775,0.68785,0.68759,0.6878
1782809100,0.6878,0.687935,0.687635,0.68789
1782809400,0.687885,0.687995,0.68774,0.687995
1782809700,0.687995,0.68815,0.68796,0.68811
1782810000,0.688115,0.688445,0.68804,0.68844
1782810300,0.688445,0.688605,0.68831,0.68848
1782810600,0.688485,0.68859,0.68844,0.68847
1782810900,0.68846,0.68854,0.688415,0.68846
1782811200,0.688465,0.68851,0.688305,0.68836
1782811500,0.68836,0.68846,0.688195,0.68821
1782811800,0.68822,0.68823,0.6881,0.68813
1782812100,0.68813,0.688285,0.68809,0.688245
1782812400,0.68825,0.68843,0.688185,0.688395
1782812700,0.6884,0.688455,0.68834,0.68844
1782813000,0.68844,0.688515,0.68834,0.688415
1782813300,0.68842,0.688505,0.68833,0.688415
1782813600,0.68842,0.68851,0.688275,0.68834
1782813900,0.68835,0.68848,0.6883,0.68848
1782814200,0.688475,0.688475,0.68834,0.68846
1782814500,0.68846,0.68861,0.688435,0.68853
1782814800,0.688525,0.68859,0.688455,0.68846
1782815100,0.688465,0.688545,0.688415,0.68848
1782815400,0.688485,0.68849,0.68829,0.688395
1782815700,0.68839,0.68852,0.688365,0.68842
1782816000,0.68843,0.688595,0.68837,0.68849
1782816300,0.68849,0.68852,0.688415,0.68848
1782816600,0.688485,0.688735,0.68848,0.688725
1782816900,0.68873,0.68904,0.688695,0.689005
1782817200,0.689,0.689035,0.68887,0.68899
1782817500,0.688985,0.689,0.68882,0.688925
1782817800,0.688925,0.68898,0.688825,0.688955
1782818100,0.68896,0.689005,0.688825,0.68891
1782818400,0.688915,0.68897,0.68864,0.688715
1782818700,0.688705,0.68885,0.68863,0.688795
1782819000,0.6888,0.68886,0.68859,0.688675
1782819300,0.688685,0.688725,0.68843,0.6885
1782819600,0.6885,0.68894,0.688435,0.688825
1782819900,0.68883,0.68894,0.688735,0.688935
1782820200,0.688935,0.688955,0.688845,0.688885
1782820500,0.688895,0.68894,0.688775,0.688775
1782820800,0.688775,0.688885,0.688665,0.68883
1782821100,0.688835,0.688885,0.688725,0.688725
1782821400,0.68873,0.688745,0.688615,0.688725
1782821700,0.688735,0.68877,0.688605,0.688745
1782822000,0.688735,0.688735,0.688275,0.688285
1782822300,0.68828,0.688375,0.688205,0.68834
1782822600,0.688335,0.68866,0.688245,0.68865
1782822900,0.68865,0.688755,0.68854,0.688595
1782823200,0.68859,0.688845,0.688525,0.68876
1782823500,0.688755,0.68876,0.68852,0.68859
1782823800,0.688585,0.688895,0.688505,0.688845
1782824100,0.688835,0.68884,0.68847,0.68847
1782824400,0.68848,0.68872,0.688475,0.688645
1782824700,0.688645,0.688885,0.688545,0.68888
1782825000,0.688865,0.68909,0.68886,0.688985
1782825300,0.688985,0.6894,0.688955,0.68934
1782825600,0.689345,0.68946,0.688935,0.68904
1782825900,0.689045,0.6892,0.689025,0.6891
1782826200,0.689095,0.68921,0.68887,0.68899
1782826500,0.688995,0.689195,0.688885,0.689055
1782826800,0.689065,0.689235,0.68901,0.689225
1782827100,0.68923,0.689365,0.689065,0.68919
1782827400,0.689195,0.689465,0.689195,0.68923
1782827700,0.689235,0.68935,0.68923,0.689285
1782828000,0.689275,0.68954,0.689035,0.6895
1782828300,0.689495,0.689935,0.68932,0.689895
1782828600,0.689885,0.69034,0.689845,0.69034
1782828900,0.69033,0.690765,0.69029,0.690495
1782829200,0.6905,0.69094,0.69044,0.69072
1782829500,0.690725,0.69097,0.69061,0.690965
1782829800,0.69097,0.691125,0.69081,0.690875
1782830100,0.69088,0.69112,0.69082,0.690945
1782830400,0.69094,0.6914,0.690805,0.691355
1782830700,0.69135,0.691475,0.691215,0.691295
1782831000,0.6913,0.69198,0.6913,0.69185
1782831300,0.691855,0.69296,0.6918,0.69252
1782831600,0.692525,0.693,0.692145,0.692235
1782831900,0.69223,0.692455,0.69211,0.692265
1782832200,0.692275,0.69237,0.69208,0.692185
1782832500,0.69218,0.69218,0.691765,0.69183
1782832800,0.691835,0.69189,0.69169,0.69178
1782833100,0.691775,0.691905,0.69157,0.69157
1782833400,0.691575,0.691725,0.69153,0.69159
1782833700,0.691595,0.69168,0.69146,0.69147
1782834000,0.691475,0.69154,0.69139,0.691395
1782834300,0.6914,0.69161,0.6914,0.691585
1782834600,0.691585,0.691585,0.69139,0.69147
1782834900,0.691475,0.69155,0.69133,0.691405
1782835200,0.691415,0.6915,0.691245,0.691265
1782835500,0.69127,0.691335,0.69113,0.69132
1782835800,0.691315,0.69133,0.691075,0.691245
1782836100,0.69125,0.691255,0.69098,0.69102
1782836400,0.69103,0.691235,0.69103,0.6911
1782836700,0.6911,0.69112,0.69098,0.69108
1782837000,0.691095,0.69116,0.69094,0.690975
1782837300,0.690975,0.69117,0.690915,0.691155
1782837600,0.69116,0.691215,0.691055,0.69115
1782837900,0.691145,0.69137,0.691125,0.69131
1782838200,0.691325,0.691405,0.691155,0.69117
1782838500,0.691175,0.691275,0.691155,0.691195
1782838800,0.69119,0.69158,0.691155,0.6915
1782839100,0.69149,0.69149,0.69129,0.691305
1782839400,0.6913,0.69138,0.69125,0.69126
1782839700,0.69126,0.69142,0.69126,0.691415
1782840000,0.691415,0.691455,0.691325,0.69145
1782840300,0.691445,0.691525,0.691405,0.69146
1782840600,0.69146,0.691605,0.691435,0.69155
1782840900,0.691545,0.69157,0.691465,0.691465
1782841200,0.69147,0.69178,0.69147,0.691775
1782841500,0.69177,0.691895,0.691745,0.691865
1782841800,0.69187,0.6919,0.69182,0.691845
1782842100,0.69184,0.69187,0.691785,0.691835
1782842400,0.691855,0.691935,0.691815,0.691935
1782842700,0.69194,0.69212,0.691935,0.69208
1782843000,0.692075,0.692085,0.69201,0.69204
1782843300,0.692035,0.69206,0.69191,0.69206
1782843600,0.69207,0.69215,0.692015,0.692085
1782843900,0.69208,0.69211,0.69198,0.692045
1782844200,0.69204,0.692055,0.691945,0.692015
1782844500,0.69202,0.692055,0.6919,0.69191
1782844800,0.69191,0.691935,0.691805,0.691915
1782845100,0.691915,0.69224,0.691915,0.692225
1782845400,0.69223,0.692285,0.69211,0.692135
1782845700,0.69213,0.692145,0.691995,0.69204
1782846000,0.692025,0.692195,0.692005,0.69207
1782846300,0.692075,0.69208,0.691975,0.69201
1782846600,0.69201,0.6921,0.69201,0.69205
1782846900,0.692045,0.69215,0.69201,0.69209
1782847200,0.69209,0.692105,0.691935,0.691955
1782847500,0.691945,0.691995,0.691855,0.691915
1782847800,0.69192,0.69213,0.691855,0.69206
1782848100,0.692065,0.69207,0.691975,0.692035
1782848400,0.69203,0.692045,0.69191,0.691985
1782848700,0.691985,0.692045,0.691955,0.69201
1782849000,0.692,0.69201,0.691875,0.691985
1782849300,0.69199,0.6924,0.691955,0.69232
1782849600,0.692315,0.692395,0.69227,0.69233
1782849900,0.692335,0.692375,0.692155,0.69217
1782850200,0.692165,0.692215,0.69211,0.69221
1782850500,0.692215,0.692265,0.69214,0.692245
1782850800,0.692245,0.6923,0.692225,0.69225
1782851100,0.692245,0.692245,0.692125,0.692135
1782851400,0.69214,0.69214,0.692045,0.69211
1782851700,0.692105,0.692105,0.691975,0.69201
1782852000,0.69202,0.69212,0.691975,0.69212
1782852300,0.692115,0.692115,0.69203,0.692065
1782852600,0.69207,0.69211,0.69202,0.692025
1782852900,0.692035,0.692035,0.6919,0.692015
1782853200,0.692015,0.692015,0.691665,0.691715
1782853500,0.691735,0.69189,0.69168,0.69173
1782853800,0.69173,0.69181,0.691615,0.691695
1782854100,0.691695,0.69186,0.691655,0.69184
1782854400,0.69184,0.691905,0.691645,0.6917
1782854700,0.6917,0.69179,0.691675,0.691785
1782855000,0.691785,0.691815,0.691725,0.69176
1782855300,0.69176,0.691855,0.691755,0.69185
1782855600,0.69185,0.691895,0.69179,0.691815
1782855900,0.691785,0.691865,0.69177,0.69181
1782856200,0.69181,0.691855,0.6918,0.69185
1782856500,0.69185,0.691905,0.691835,0.69187
1782856800,0.691835,0.692035,0.6918,0.69191
1782857100,0.691915,0.69199,0.691905,0.69191
1782857400,0.69191,0.691925,0.6918,0.6918
1782857700,0.69181,0.69184,0.691755,0.69184
1782858000,0.691835,0.691895,0.691835,0.691845
1782858300,0.691845,0.691865,0.69176,0.691765
1782858600,0.691765,0.691815,0.69174,0.691795
1782858900,0.691795,0.69182,0.691755,0.691765
1782859200,0.691765,0.69182,0.691765,0.69179
1782859500,0.69179,0.691805,0.69161,0.691665
1782859800,0.691665,0.69168,0.691605,0.691655
1782860100,0.691655,0.691765,0.691655,0.691755
1782860400,0.69176,0.69176,0.691695,0.691705
1782860700,0.691705,0.691815,0.691705,0.69179
1782861000,0.69179,0.691795,0.691705,0.69171
1782861300,0.691705,0.69177,0.69169,0.691755
1782861600,0.69175,0.69178,0.691705,0.691745
1782861900,0.691745,0.69175,0.69157,0.691585
1782862200,0.69158,0.691695,0.691565,0.691695
1782862500,0.691695,0.69171,0.6915,0.691505
1782862800,0.69151,0.691535,0.691445,0.691445
1782863100,0.691445,0.69154,0.69144,0.69149
1782863400,0.691495,0.691545,0.691385,0.691405
1782863700,0.691405,0.691405,0.691145,0.691195
1782864000,0.691205,0.691345,0.691135,0.691305
1782864300,0.691315,0.691355,0.69123,0.691305
1782864600,0.691305,0.691365,0.6912,0.69121
1782864900,0.69121,0.691245,0.690895,0.690935
1782865200,0.690935,0.69102,0.690705,0.690885
1782865500,0.690895,0.69092,0.690635,0.69069
1782865800,0.690695,0.690895,0.690635,0.690785
1782866100,0.69079,0.69079,0.69058,0.690735
1782866400,0.690735,0.690745,0.690375,0.690385
1782866700,0.69039,0.69042,0.69015,0.690155
1782867000,0.69016,0.690415,0.690155,0.690195
1782867300,0.690185,0.69029,0.690095,0.690115
1782867600,0.690125,0.690265,0.69,0.690005
1782867900,0.690005,0.69003,0.689725,0.68973
1782868200,0.68973,0.68976,0.689555,0.6897
1782868500,0.689705,0.689885,0.689425,0.68966
1782868800,0.68966,0.689835,0.68957,0.6897
1782869100,0.689695,0.68973,0.689505,0.689615
1782869400,0.689615,0.68969,0.68946,0.68956
1782869700,0.68956,0.6896,0.68946,0.689555
1782870000,0.68957,0.68957,0.689295,0.68939
1782870300,0.689395,0.68945,0.688995,0.689095
1782870600,0.6891,0.689155,0.68886,0.68896
1782870900,0.688955,0.689215,0.68892,0.6892
1782871200,0.689205,0.689225,0.68884,0.68884
1782871500,0.688835,0.68888,0.688445,0.68853
1782871800,0.68852,0.68866,0.688285,0.68866
1782872100,0.68866,0.688795,0.68852,0.68872
1782872400,0.68872,0.68887,0.688665,0.688785
1782872700,0.68879,0.68886,0.688615,0.68886
1782873000,0.688855,0.68904,0.688715,0.688735
1782873300,0.688735,0.68902,0.688735,0.688965
1782873600,0.688965,0.689255,0.688915,0.689145
1782873900,0.68915,0.689315,0.689055,0.689065
1782874200,0.68907,0.689225,0.689035,0.68916
1782874500,0.689165,0.6892,0.68889,0.688925
1782874800,0.68893,0.689075,0.688785,0.689045
1782875100,0.689045,0.689215,0.689,0.689125
1782875400,0.68912,0.689175,0.68909,0.68911
1782875700,0.689115,0.68919,0.68894,0.68903
1782876000,0.689025,0.68916,0.688915,0.68901
1782876300,0.689005,0.689065,0.688855,0.688955
1782876600,0.68896,0.68907,0.6888,0.68881
1782876900,0.68881,0.689035,0.68881,0.688965
1782877200,0.688965,0.68903,0.68875,0.688755
1782877500,0.688755,0.68901,0.688745,0.688975
1782877800,0.688975,0.689055,0.68892,0.688955
1782878100,0.68895,0.68916,0.688915,0.68915
1782878400,0.68916,0.68917,0.68886,0.688935
1782878700,0.68892,0.68893,0.688825,0.68885
1782879000,0.68885,0.68886,0.6887,0.68873
1782879300,0.68873,0.688745,0.68864,0.688695
1782879600,0.6887,0.68871,0.68856,0.688605
1782879900,0.688605,0.688745,0.688585,0.688735
1782880200,0.688735,0.68906,0.68872,0.688955
1782880500,0.688955,0.689105,0.68891,0.68896
1782880800,0.68896,0.689155,0.68896,0.689115
1782881100,0.689115,0.68941,0.68911,0.68922
1782881400,0.68922,0.68938,0.689215,0.689325
1782881700,0.68932,0.68938,0.689225,0.689225
1782882000,0.68922,0.689385,0.689135,0.68926
1782882300,0.68926,0.689405,0.68926,0.68937
1782882600,0.68938,0.68938,0.689165,0.68918
1782882900,0.68918,0.689355,0.68907,0.68928
1782883200,0.68928,0.68939,0.689275,0.68936
1782883500,0.68936,0.68948,0.68932,0.68943
1782883800,0.689435,0.68961,0.68938,0.689555
1782884100,0.689555,0.689595,0.689445,0.689535
1782884400,0.68953,0.68963,0.68946,0.68958
1782884700,0.68959,0.689595,0.689365,0.68937
1782885000,0.68937,0.689655,0.68936,0.689475
1782885300,0.68947,0.689535,0.68931,0.689415
1782885600,0.689405,0.689495,0.68929,0.68943
1782885900,0.689425,0.68943,0.68907,0.689165
1782886200,0.68916,0.68916,0.68889,0.68901
1782886500,0.68901,0.68909,0.68894,0.68907
1782886800,0.68908,0.68909,0.6889,0.68897
1782887100,0.688965,0.688985,0.688865,0.68895
1782887400,0.688955,0.68912,0.68889,0.68891
1782887700,0.688905,0.68896,0.68882,0.688835
1782888000,0.68884,0.688985,0.68875,0.688965
1782888300,0.68896,0.689055,0.688905,0.68901
1782888600,0.68901,0.689105,0.688965,0.689095
1782888900,0.6891,0.68914,0.688985,0.689125
1782889200,0.689135,0.689325,0.688885,0.68928
1782889500,0.689285,0.68931,0.68899,0.68906
1782889800,0.689065,0.68913,0.688805,0.688805
1782890100,0.68881,0.68881,0.68857,0.688795
1782890400,0.688795,0.688875,0.6887,0.688825
1782890700,0.68883,0.688945,0.688695,0.6887
1782891000,0.688705,0.689005,0.688675,0.68894
1782891300,0.688945,0.689135,0.68891,0.689105
1782891600,0.68911,0.689215,0.6887,0.68871
1782891900,0.688705,0.68907,0.6887,0.688965
1782892200,0.68897,0.68908,0.688915,0.68906
1782892500,0.689065,0.689495,0.689065,0.68931
1782892800,0.689305,0.689375,0.688975,0.68898
1782893100,0.68898,0.68921,0.688875,0.68917
1782893400,0.689165,0.689205,0.68904,0.68914
1782893700,0.689135,0.68934,0.68912,0.68929
1782894000,0.689295,0.68934,0.689075,0.68919
1782894300,0.689195,0.689355,0.68917,0.68925
1782894600,0.68925,0.689315,0.68904,0.68927
1782894900,0.68927,0.68938,0.68916,0.689315
1782895200,0.68931,0.689495,0.68926,0.68946
1782895500,0.689455,0.68946,0.689065,0.68911
1782895800,0.689115,0.689295,0.68908,0.68927
1782896100,0.689275,0.689395,0.68913,0.68918
1782896400,0.689175,0.689285,0.689035,0.689225
1782896700,0.68923,0.68929,0.68904,0.689075
1782897000,0.68908,0.68943,0.689075,0.689375
1782897300,0.68937,0.68937,0.689105,0.68911
1782897600,0.689115,0.689325,0.689115,0.689275
1782897900,0.689275,0.689335,0.68917,0.68929
1782898200,0.689295,0.689315,0.68913,0.689195
1782898500,0.68919,0.68935,0.689105,0.689105
1782898800,0.689105,0.689155,0.689025,0.68911
1782899100,0.689115,0.689265,0.68911,0.689195
1782899400,0.6892,0.68921,0.68898,0.689125
1782899700,0.68912,0.68913,0.68894,0.68895
1782900000,0.688955,0.68899,0.68886,0.688905
1782900300,0.688905,0.68904,0.68887,0.689
1782900600,0.688995,0.689015,0.688885,0.688955
1782900900,0.68896,0.689295,0.688915,0.68921
1782901200,0.689215,0.68928,0.68913,0.689145
1782901500,0.689135,0.68935,0.689135,0.689345
1782901800,0.68934,0.68955,0.68934,0.689525
1782902100,0.68953,0.68971,0.68953,0.68967
1782902400,0.689665,0.689685,0.689465,0.68957
1782902700,0.689575,0.68975,0.68957,0.689745
1782903000,0.689745,0.689975,0.689725,0.68982
1782903300,0.68982,0.689955,0.68982,0.689845
1782903600,0.689835,0.689925,0.689655,0.689715
1782903900,0.689715,0.68974,0.68961,0.68965
1782904200,0.68965,0.68982,0.689605,0.689665
1782904500,0.689665,0.689835,0.689645,0.68983
1782904800,0.689825,0.689825,0.689685,0.689725
1782905100,0.689725,0.689815,0.689715,0.689765
1782905400,0.68976,0.68976,0.689505,0.68951
1782905700,0.68951,0.689625,0.689465,0.68959
1782906000,0.68959,0.689715,0.689485,0.68969
1782906300,0.689685,0.6897,0.689505,0.68951
1782906600,0.689505,0.68966,0.68942,0.68944
1782906900,0.68943,0.68947,0.689265,0.68934
1782907200,0.68935,0.689455,0.689175,0.68918
1782907500,0.689175,0.689285,0.68894,0.689115
1782907800,0.689125,0.689375,0.689095,0.68934
1782908100,0.689345,0.689665,0.689345,0.689665
1782908400,0.68966,0.68968,0.68955,0.689605
1782908700,0.6896,0.68971,0.689485,0.68952
1782909000,0.689515,0.68979,0.68939,0.68939
1782909300,0.689385,0.68946,0.68911,0.689125
1782909600,0.68913,0.68944,0.689105,0.68935
1782909900,0.68935,0.68938,0.689105,0.689315
1782910200,0.68932,0.689405,0.689155,0.689265
1782910500,0.68927,0.689315,0.689125,0.689205
1782910800,0.68921,0.689475,0.689195,0.68935
1782911100,0.689355,0.689355,0.688905,0.68907
1782911400,0.68907,0.689075,0.68849,0.688565
1782911700,0.688565,0.6893,0.688565,0.68911
1782912000,0.68912,0.689945,0.68912,0.689865
1782912300,0.68986,0.69011,0.6895,0.69002
1782912600,0.690015,0.69033,0.68967,0.69
1782912900,0.690005,0.690435,0.689895,0.69013
1782913200,0.690125,0.69132,0.69004,0.69125
1782913500,0.691245,0.69162,0.69106,0.69111
1782913800,0.691105,0.69114,0.690615,0.690655
1782914100,0.69066,0.69069,0.69021,0.690425
1782914400,0.69041,0.690845,0.690125,0.69013
1782914700,0.690135,0.690825,0.690115,0.690825
1782915000,0.69083,0.691075,0.690805,0.690835
1782915300,0.69084,0.69093,0.690575,0.69063
1782915600,0.690635,0.69095,0.690615,0.6907
1782915900,0.690705,0.690805,0.69045,0.69052
1782916200,0.690515,0.69099,0.69046,0.69098
1782916500,0.69097,0.691095,0.69067,0.690755
1782916800,0.69076,0.690915,0.69035,0.69039
1782917100,0.690385,0.690565,0.68971,0.689815
1782917400,0.68981,0.689905,0.689685,0.689765
1782917700,0.68977,0.69038,0.689715,0.69037
1782918000,0.69036,0.690395,0.68996,0.689985
1782918300,0.68999,0.69014,0.689665,0.689695
1782918600,0.689705,0.68995,0.689695,0.689915
1782918900,0.689915,0.690105,0.68982,0.69002
1782919200,0.690015,0.690305,0.689905,0.690075
1782919500,0.69008,0.69034,0.689995,0.690325
1782919800,0.69032,0.69043,0.69,0.69
1782920100,0.689995,0.690195,0.689975,0.690105
1782920400,0.6901,0.690155,0.689905,0.69001
1782920700,0.690015,0.69013,0.68997,0.69008
1782921000,0.690075,0.69036,0.690075,0.690205
1782921300,0.69021,0.6903,0.690155,0.690235
1782921600,0.69024,0.690835,0.69024,0.690765
1782921900,0.69076,0.690835,0.69053,0.69053
1782922200,0.690535,0.6906,0.690355,0.690415
1782922500,0.69041,0.69043,0.690195,0.69026
1782922800,0.690265,0.690405,0.69023,0.690345
1782923100,0.69035,0.69068,0.69033,0.690505
1782923400,0.69051,0.690535,0.69026,0.69031
1782923700,0.690315,0.69033,0.690165,0.69017
1782924000,0.690165,0.690235,0.690105,0.69016
1782924300,0.690165,0.69028,0.69013,0.690175
1782924600,0.69018,0.69019,0.690005,0.69003
1782924900,0.69002,0.690205,0.68996,0.690105
1782925200,0.69011,0.69032,0.689955,0.69002
1782925500,0.690015,0.69012,0.68996,0.69002
1782925800,0.690015,0.69002,0.68985,0.68991
1782926100,0.68992,0.690045,0.689855,0.690035
1782926400,0.690035,0.690155,0.690005,0.690105
1782926700,0.69011,0.690175,0.6901,0.69011
1782927000,0.690115,0.69024,0.69006,0.69013
1782927300,0.69014,0.69021,0.69001,0.69001
1782927600,0.69001,0.690075,0.689895,0.6899
1782927900,0.68989,0.690085,0.68985,0.69004
1782928200,0.69005,0.690065,0.68993,0.68997
1782928500,0.689965,0.69003,0.689855,0.689885
1782928800,0.689895,0.69002,0.689865,0.68992
1782929100,0.689925,0.689925,0.689715,0.68975
1782929400,0.689755,0.68976,0.68958,0.689645
1782929700,0.68964,0.68964,0.689295,0.68935
1782930000,0.689345,0.68953,0.68931,0.689505
1782930300,0.68951,0.689565,0.68936,0.689505
1782930600,0.6895,0.68965,0.689485,0.689605
1782930900,0.689595,0.689615,0.689525,0.68956
1782931200,0.689565,0.68963,0.689535,0.68962
1782931500,0.689615,0.68962,0.689465,0.6895
1782931800,0.6895,0.689505,0.689375,0.689425
1782932100,0.68943,0.68958,0.689425,0.68955
1782932400,0.689555,0.689785,0.68954,0.689705
1782932700,0.68971,0.68982,0.689675,0.689805
1782933000,0.6898,0.689805,0.689685,0.68969
1782933300,0.689695,0.689735,0.689555,0.68959
1782933600,0.689595,0.689645,0.68954,0.68955
1782933900,0.689545,0.68968,0.68948,0.689625
1782934200,0.68962,0.6897,0.68957,0.689675
1782934500,0.689675,0.689695,0.689605,0.68962
1782934800,0.689625,0.68963,0.689535,0.689585
1782935100,0.68959,0.68966,0.689535,0.6896
1782935400,0.689605,0.68963,0.68934,0.68943
1782935700,0.689425,0.689435,0.68929,0.689345
1782936000,0.68935,0.689375,0.68922,0.68926
1782936300,0.689265,0.68927,0.68918,0.68919
1782936600,0.68919,0.68926,0.689165,0.689215
1782936900,0.689215,0.689245,0.689125,0.689145
1782937200,0.689145,0.689175,0.689125,0.689155
1782937500,0.68916,0.689165,0.6891,0.6891
1782937800,0.689105,0.68918,0.68909,0.6891
1782938100,0.6891,0.689105,0.689015,0.6891
1782938400,0.689095,0.689105,0.68903,0.689055
1782938700,0.689055,0.689265,0.689045,0.689265
1782939000,0.68928,0.68933,0.689255,0.689275
1782939300,0.68927,0.68938,0.689245,0.689335
1782939600,0.689335,0.689335,0.68925,0.689265
1782939900,0.68926,0.68947,0.68925,0.689445
1782940200,0.68945,0.68959,0.68935,0.68956
1782940500,0.68956,0.68962,0.689445,0.689445
1782940800,0.689445,0.689455,0.68939,0.68941
1782941100,0.689445,0.68964,0.689425,0.68951
1782941400,0.68951,0.689675,0.689085,0.689145
1782941700,0.689165,0.689275,0.6891,0.689255
1782942000,0.689255,0.68944,0.689255,0.6893
1782942300,0.689295,0.689455,0.689295,0.689385
1782942600,0.689385,0.689525,0.68935,0.68949
1782942900,0.68949,0.68965,0.68944,0.68955
1782943200,0.689525,0.68956,0.68922,0.68929
1782943500,0.689285,0.68943,0.68926,0.689425
1782943800,0.68943,0.68943,0.68936,0.68937
1782944100,0.68937,0.689415,0.68936,0.68941
1782944400,0.68941,0.689435,0.68938,0.689435
1782944700,0.689435,0.689445,0.689335,0.689375
1782945000,0.68937,0.689375,0.689285,0.68929
1782945300,0.68929,0.689325,0.689275,0.6893
1782945600,0.6893,0.689305,0.689275,0.68929
1782945900,0.68929,0.68941,0.689275,0.689395
1782946200,0.689385,0.689385,0.689265,0.68927
1782946500,0.68927,0.68929,0.689265,0.689275
1782946800,0.68928,0.689315,0.68923,0.689245
1782947100,0.689245,0.689245,0.68922,0.689245
1782947400,0.689245,0.689295,0.689215,0.68924
1782947700,0.689245,0.689255,0.689155,0.6892
1782948000,0.689205,0.689245,0.689175,0.689195
1782948300,0.689195,0.689205,0.689185,0.689205
1782948600,0.6892,0.689225,0.68919,0.689195
1782948900,0.689195,0.689195,0.68914,0.68914
1782949200,0.68914,0.689235,0.68912,0.68923
1782949500,0.689225,0.689235,0.68907,0.68907
1782949800,0.689075,0.6891,0.688915,0.68905
1782950100,0.68905,0.689095,0.68897,0.68899
1782950400,0.688985,0.689075,0.688425,0.68853
1782950700,0.688535,0.68889,0.688485,0.688835
1782951000,0.688845,0.68889,0.68849,0.688545
1782951300,0.688545,0.68869,0.688495,0.688565
1782951600,0.68857,0.68883,0.68854,0.688795
1782951900,0.68879,0.68879,0.688575,0.688695
1782952200,0.6887,0.688745,0.688605,0.688685
1782952500,0.68869,0.68884,0.68866,0.68875
1782952800,0.68875,0.68882,0.68843,0.6885
1782953100,0.688505,0.68886,0.6885,0.68878
1782953400,0.688775,0.688945,0.68866,0.6889
1782953700,0.688895,0.68901,0.688715,0.688895
1782954000,0.688905,0.689335,0.688875,0.68927
1782954300,0.689265,0.68955,0.68923,0.689515
1782954600,0.689495,0.689645,0.689455,0.68964
1782954900,0.68964,0.689655,0.68936,0.68946
1782955200,0.68946,0.68946,0.689245,0.68929
1782955500,0.68929,0.6894,0.689215,0.689295
1782955800,0.6893,0.68934,0.68913,0.68924
1782956100,0.68923,0.689485,0.68916,0.68948
1782956400,0.689485,0.68959,0.68936,0.68937
1782956700,0.689365,0.689755,0.68925,0.6897
1782957000,0.6897,0.68976,0.689555,0.68957
1782957300,0.689575,0.689665,0.68941,0.68945
1782957600,0.689445,0.68969,0.689395,0.689625
1782957900,0.68963,0.68976,0.689615,0.68966
1782958200,0.68966,0.689985,0.689575,0.68998
1782958500,0.689975,0.69017,0.689965,0.69004
1782958800,0.69004,0.69004,0.68977,0.689775
1782959100,0.68978,0.68992,0.689765,0.689795
1782959400,0.689785,0.689895,0.689725,0.689795
1782959700,0.68979,0.689875,0.68972,0.6898
1782960000,0.689805,0.68989,0.68972,0.68982
1782960300,0.68982,0.689885,0.689565,0.689575
1782960600,0.68957,0.68969,0.68941,0.68947
1782960900,0.68947,0.689495,0.68934,0.68939
1782961200,0.689395,0.689595,0.68928,0.68928
1782961500,0.68927,0.68933,0.68902,0.68903
1782961800,0.68904,0.68908,0.688795,0.68887
1782962100,0.68887,0.68902,0.68851,0.68856
1782962400,0.688565,0.688725,0.68849,0.68853
1782962700,0.68853,0.688855,0.68853,0.688855
1782963000,0.68884,0.689055,0.68883,0.68902
1782963300,0.689015,0.689095,0.68899,0.68904
1782963600,0.68904,0.689145,0.68898,0.68904
1782963900,0.68903,0.68905,0.68887,0.68898
1782964200,0.68898,0.68905,0.688965,0.68902
1782964500,0.689015,0.689305,0.689,0.689285
1782964800,0.68929,0.68962,0.689275,0.689335
1782965100,0.68934,0.68951,0.689225,0.68942
1782965400,0.689425,0.68945,0.68926,0.68932
1782965700,0.689325,0.689325,0.689205,0.689235
1782966000,0.689245,0.689285,0.689015,0.689135
1782966300,0.689135,0.689255,0.689125,0.6892
1782966600,0.6892,0.68923,0.68911,0.689195
1782966900,0.68919,0.6892,0.689065,0.689135
1782967200,0.68913,0.68925,0.689085,0.68919
1782967500,0.68919,0.68925,0.689105,0.6892
1782967800,0.6892,0.68945,0.68919,0.68938
1782968100,0.689385,0.689545,0.689375,0.689455
1782968400,0.68945,0.689525,0.68937,0.68939
1782968700,0.689395,0.689525,0.68934,0.689445
1782969000,0.689445,0.68955,0.68942,0.689475
1782969300,0.689465,0.689535,0.689395,0.6895
1782969600,0.6895,0.689655,0.68948,0.68965
1782969900,0.689645,0.68965,0.689245,0.68929
1782970200,0.689285,0.689315,0.68904,0.689185
1782970500,0.68918,0.689225,0.68914,0.68915
1782970800,0.68915,0.689345,0.689145,0.68926
1782971100,0.689255,0.68934,0.689105,0.689155
1782971400,0.68916,0.689435,0.68916,0.689265
1782971700,0.68926,0.689355,0.689245,0.689345
1782972000,0.68935,0.6898,0.689345,0.68964
1782972300,0.689635,0.68972,0.68949,0.689545
1782972600,0.689545,0.689625,0.68943,0.6895
1782972900,0.689495,0.689525,0.68932,0.6894
1782973200,0.689395,0.689555,0.689345,0.68947
1782973500,0.68946,0.68956,0.68939,0.68944
1782973800,0.689445,0.689615,0.689435,0.6895
1782974100,0.689505,0.68953,0.689355,0.68941
1782974400,0.689415,0.68947,0.68934,0.68941
1782974700,0.689405,0.690055,0.68938,0.69002
1782975000,0.690025,0.69026,0.68977,0.689805
1782975300,0.68981,0.68992,0.689595,0.689595
1782975600,0.68959,0.689615,0.68916,0.689435
1782975900,0.68944,0.689535,0.68909,0.689515
1782976200,0.68951,0.68961,0.68937,0.68945
1782976500,0.689455,0.68951,0.68917,0.68925
1782976800,0.689245,0.6893,0.689125,0.689195
1782977100,0.68919,0.68954,0.689135,0.68942
1782977400,0.689425,0.68949,0.68924,0.68928
1782977700,0.689275,0.68954,0.68913,0.68952
1782978000,0.689515,0.68977,0.6895,0.6896
1782978300,0.68961,0.689615,0.68917,0.6893
1782978600,0.689305,0.689415,0.68899,0.68929
1782978900,0.689285,0.68934,0.68902,0.68904
1782979200,0.689035,0.68954,0.68898,0.68944
1782979500,0.68944,0.689805,0.68944,0.689695
1782979800,0.689695,0.69016,0.689655,0.69014
1782980100,0.690135,0.690425,0.68997,0.6904
1782980400,0.6904,0.690765,0.6904,0.690515
1782980700,0.69052,0.690555,0.69021,0.6905
1782981000,0.69049,0.69065,0.69026,0.690625
1782981300,0.69062,0.69085,0.69054,0.690765
1782981600,0.69076,0.69098,0.69066,0.69078
1782981900,0.690775,0.69104,0.69063,0.690995
1782982200,0.691,0.69115,0.69085,0.69085
1782982500,0.690845,0.69094,0.69077,0.69091
1782982800,0.690915,0.69094,0.69057,0.69061
1782983100,0.69061,0.69065,0.690255,0.69035
1782983400,0.69034,0.69049,0.690245,0.69031
1782983700,0.690315,0.690525,0.69024,0.69033
1782984000,0.69033,0.69038,0.69014,0.69018
1782984300,0.69018,0.69018,0.68997,0.69005
1782984600,0.690045,0.690255,0.69003,0.69024
1782984900,0.69024,0.6905,0.69023,0.690385
1782985200,0.69039,0.69056,0.690385,0.69042
1782985500,0.690415,0.690545,0.690375,0.690545
1782985800,0.69054,0.690645,0.690425,0.690425
1782986100,0.690425,0.6906,0.69035,0.69041
1782986400,0.690415,0.690415,0.690165,0.69026
1782986700,0.690255,0.69033,0.69011,0.69023
1782987000,0.69023,0.69036,0.690185,0.69023
1782987300,0.690235,0.690295,0.69017,0.6902
1782987600,0.6902,0.6902,0.689905,0.68996
1782987900,0.689965,0.69009,0.689965,0.69006
1782988200,0.690055,0.69006,0.689865,0.68999
1782988500,0.68999,0.69001,0.689835,0.68989
1782988800,0.689885,0.69004,0.68972,0.689775
1782989100,0.68977,0.68984,0.68964,0.689685
1782989400,0.68969,0.689785,0.689625,0.689775
1782989700,0.68978,0.68984,0.68965,0.68977
1782990000,0.689765,0.6898,0.68956,0.68956
1782990300,0.68956,0.68965,0.68942,0.68965
1782990600,0.689655,0.689725,0.68957,0.68959
1782990900,0.68959,0.689795,0.689515,0.689775
1782991200,0.68978,0.68979,0.689615,0.689665
1782991500,0.68966,0.689685,0.68955,0.68962
1782991800,0.689615,0.6897,0.689375,0.68942
1782992100,0.689415,0.68954,0.68936,0.68945
1782992400,0.68945,0.689455,0.68925,0.689285
1782992700,0.68929,0.68932,0.689045,0.68907
1782993000,0.68907,0.68914,0.688875,0.688905
1782993300,0.6889,0.688985,0.68878,0.688795
1782993600,0.688775,0.689085,0.68867,0.689085
1782993900,0.689075,0.689205,0.68887,0.688925
1782994200,0.68892,0.68913,0.68892,0.688975
1782994500,0.68898,0.689055,0.688775,0.688795
1782994800,0.688805,0.68899,0.68876,0.688925
1782995100,0.68893,0.68921,0.68893,0.68915
1782995400,0.68915,0.69303,0.68892,0.692995
1782995700,0.693005,0.693985,0.69288,0.69397
1782996000,0.693965,0.6942,0.69342,0.693945
1782996300,0.69395,0.69411,0.69301,0.69323
1782996600,0.69322,0.693375,0.6928,0.692985
1782996900,0.69299,0.693055,0.69222,0.692465
1782997200,0.692455,0.692875,0.691825,0.692875
1782997500,0.69287,0.692935,0.692255,0.692325
1782997800,0.69233,0.69303,0.692285,0.692715
1782998100,0.69272,0.692825,0.692445,0.69282
1782998400,0.69281,0.69281,0.6923,0.692355
1782998700,0.69236,0.692685,0.692135,0.69251
1782999000,0.69249,0.693565,0.692345,0.69348
1782999300,0.693475,0.69388,0.6933,0.693585
1782999600,0.69359,0.694075,0.693215,0.69385
1782999900,0.69386,0.69433,0.69377,0.694
1783000200,0.693995,0.694325,0.693735,0.693805
1783000500,0.69381,0.694095,0.69359,0.693945
1783000800,0.69395,0.693975,0.693345,0.693505
1783001100,0.693505,0.694025,0.693405,0.693655
1783001400,0.69366,0.69422,0.693215,0.69409
1783001700,0.694085,0.694345,0.693945,0.69418
1783002000,0.694185,0.694185,0.69338,0.693695
1783002300,0.6937,0.693745,0.69293,0.69295
1783002600,0.69294,0.69322,0.692805,0.69292
1783002900,0.692925,0.693125,0.6927,0.692805
1783003200,0.69281,0.692885,0.69222,0.69246
1783003500,0.692465,0.693025,0.69236,0.69296
1783003800,0.692965,0.693165,0.69269,0.692815
1783004100,0.69281,0.693525,0.69281,0.693525
1783004400,0.69353,0.69365,0.69322,0.69327
1783004700,0.693275,0.69328,0.69285,0.69316
1783005000,0.693165,0.693545,0.6931,0.693335
1783005300,0.693335,0.693405,0.692965,0.693015
1783005600,0.69302,0.693355,0.69301,0.69325
1783005900,0.693255,0.6935,0.69308,0.69309
1783006200,0.693095,0.693815,0.693095,0.693715
1783006500,0.693735,0.693995,0.693695,0.69379
1783006800,0.693795,0.69382,0.693395,0.6934
1783007100,0.693395,0.69346,0.693095,0.693105
1783007400,0.6931,0.69315,0.692935,0.69315
1783007700,0.693155,0.69321,0.69299,0.69305
1783008000,0.69306,0.69309,0.692655,0.69295
1783008300,0.692955,0.69301,0.692745,0.692865
1783008600,0.69287,0.69307,0.69281,0.69299
1783008900,0.693,0.693015,0.69263,0.69266
1783009200,0.69265,0.6927,0.692385,0.692445
1783009500,0.69245,0.69265,0.692295,0.692345
1783009800,0.69235,0.69236,0.69209,0.69209
1783010100,0.69209,0.692245,0.69201,0.69221
1783010400,0.692205,0.692555,0.69213,0.69248
1783010700,0.69248,0.69268,0.692445,0.69255
1783011000,0.692545,0.69268,0.692375,0.69248
1783011300,0.692485,0.692595,0.6923,0.69235
1783011600,0.69234,0.69234,0.692,0.692055
1783011900,0.69205,0.69236,0.691985,0.692255
1783012200,0.69225,0.692375,0.692185,0.692225
1783012500,0.69222,0.69229,0.69207,0.692175
1783012800,0.69217,0.69225,0.691995,0.69206
1783013100,0.692055,0.69206,0.69192,0.69199
1783013400,0.691985,0.692165,0.69197,0.692
1783013700,0.691995,0.69203,0.69166,0.691685
1783014000,0.69168,0.69171,0.691545,0.691565
1783014300,0.691555,0.691705,0.691535,0.691595
1783014600,0.691585,0.691815,0.691485,0.69179
1783014900,0.691785,0.691835,0.691535,0.69159
1783015200,0.691585,0.69179,0.691515,0.69176
1783015500,0.69177,0.69221,0.69175,0.6922
1783015800,0.69219,0.692265,0.691885,0.691895
1783016100,0.6919,0.691965,0.691645,0.69174
1783016400,0.69174,0.691915,0.6917,0.691905
1783016700,0.6919,0.692135,0.691865,0.69206
1783017000,0.692065,0.692295,0.69201,0.692145
1783017300,0.692155,0.692255,0.69214,0.692225
1783017600,0.69222,0.692225,0.692105,0.692105
1783017900,0.69211,0.69215,0.69202,0.69214
1783018200,0.692135,0.69214,0.69198,0.69202
1783018500,0.692025,0.692035,0.691895,0.692005
1783018800,0.692,0.692075,0.69162,0.691645
1783019100,0.69165,0.69181,0.691565,0.69181
1783019400,0.691815,0.69184,0.69168,0.691745
1783019700,0.691745,0.69179,0.69163,0.691685
1783020000,0.69169,0.691695,0.691425,0.69144
1783020300,0.691445,0.691595,0.69143,0.691515
1783020600,0.69152,0.691695,0.691465,0.69162
1783020900,0.691625,0.69169,0.69149,0.691685
1783021200,0.691685,0.6918,0.69163,0.69179
1783021500,0.691785,0.69179,0.69169,0.691745
1783021800,0.69175,0.692045,0.69175,0.692035
1783022100,0.692045,0.6922,0.69199,0.692145
1783022400,0.69214,0.69214,0.69195,0.692075
1783022700,0.69208,0.692125,0.692025,0.69212
1783023000,0.69212,0.692125,0.69206,0.692105
1783023300,0.692105,0.69225,0.692095,0.69222
1783023600,0.69222,0.692265,0.69222,0.692255
1783023900,0.69225,0.69228,0.692235,0.692255
1783024200,0.69226,0.69233,0.69226,0.692305
1783024500,0.692305,0.692315,0.692175,0.69219
1783024800,0.692185,0.692195,0.692135,0.692145
1783025100,0.692145,0.69228,0.692145,0.69226
1783025400,0.692265,0.692315,0.692235,0.692245
1783025700,0.69224,0.69226,0.69217,0.69217
1783026000,0.69217,0.69217,0.691915,0.69193
1783026300,0.69186,0.692025,0.69178,0.692025
1783026600,0.692025,0.692025,0.69144,0.69151
1783026900,0.691525,0.691775,0.691355,0.691715
1783027200,0.69172,0.69213,0.6917,0.692125
1783027500,0.692125,0.692405,0.692105,0.692325
1783027800,0.692325,0.69238,0.69159,0.691635
1783028100,0.691635,0.691905,0.691585,0.691885
1783028400,0.691885,0.691885,0.691365,0.691425
1783028700,0.691425,0.69189,0.691345,0.69174
1783029000,0.69174,0.69191,0.691645,0.6918
1783029300,0.69181,0.69206,0.69176,0.692025
1783029600,0.692065,0.69222,0.692005,0.692015
1783029900,0.692,0.692025,0.69196,0.69201
1783030200,0.692015,0.69214,0.69201,0.69209
1783030500,0.69209,0.69211,0.69206,0.69208
1783030800,0.692085,0.692085,0.69203,0.692035
1783031100,0.692035,0.692045,0.691985,0.69201
1783031400,0.69201,0.69202,0.691965,0.691995
1783031700,0.691995,0.692045,0.691985,0.692005
1783032000,0.692005,0.69204,0.69188,0.692005
1783032300,0.692005,0.692025,0.69194,0.691995
1783032600,0.691995,0.691995,0.691885,0.69189
1783032900,0.69189,0.69195,0.69185,0.69191
1783033200,0.69191,0.69197,0.691895,0.69196
1783033500,0.69196,0.692025,0.69194,0.69194
1783033800,0.69194,0.691945,0.69187,0.691905
1783034100,0.6919,0.691995,0.6919,0.691955
1783034400,0.691955,0.69198,0.691825,0.691945
1783034700,0.691945,0.692065,0.691945,0.692045
1783035000,0.692045,0.692085,0.69197,0.691975
1783035300,0.691975,0.691975,0.691675,0.691725
1783035600,0.691725,0.691895,0.69171,0.691885
1783035900,0.69188,0.691955,0.691855,0.691875
1783036200,0.69187,0.69188,0.691535,0.691645
1783036500,0.69164,0.69164,0.691415,0.691565
1783036800,0.691545,0.691695,0.69142,0.691585
1783037100,0.69159,0.6916,0.691255,0.69134
1783037400,0.691345,0.691595,0.691275,0.69151
1783037700,0.691505,0.69155,0.69132,0.69155
1783038000,0.69155,0.69162,0.69144,0.69157
1783038300,0.691565,0.691645,0.69139,0.6914
1783038600,0.6914,0.69144,0.69108,0.691095
1783038900,0.6911,0.691445,0.6911,0.69132
1783039200,0.69131,0.69138,0.691135,0.691275
1783039500,0.69128,0.691445,0.69121,0.6914
1783039800,0.6914,0.69171,0.691375,0.69171
1783040100,0.691705,0.691925,0.69152,0.6919
1783040400,0.691905,0.69236,0.69179,0.69236
1783040700,0.692355,0.69258,0.69226,0.6925
1783041000,0.692505,0.692835,0.692355,0.692825
1783041300,0.69283,0.69325,0.692765,0.69325
1783041600,0.693255,0.693545,0.693215,0.69352
1783041900,0.693515,0.693515,0.69306,0.69306
1783042200,0.693055,0.69345,0.692945,0.69345
1783042500,0.693445,0.693555,0.693015,0.69315
1783042800,0.69316,0.6934,0.693145,0.69334
1783043100,0.693335,0.69334,0.69296,0.69309
1783043400,0.693095,0.69311,0.69284,0.692945
1783043700,0.69294,0.693125,0.692925,0.69302
1783044000,0.693025,0.69307,0.69279,0.693005
1783044300,0.693,0.69343,0.692995,0.69334
1783044600,0.693355,0.693485,0.693135,0.69324
1783044900,0.693235,0.69341,0.693215,0.693275
1783045200,0.69328,0.69345,0.69324,0.693435
1783045500,0.69343,0.69364,0.693355,0.693605
1783045800,0.69361,0.69364,0.693415,0.69348
1783046100,0.693485,0.693745,0.69344,0.69372
1783046400,0.69372,0.69382,0.69352,0.69377
1783046700,0.69378,0.6939,0.69374,0.6938
1783047000,0.6938,0.693915,0.69377,0.693845
1783047300,0.693845,0.693895,0.693625,0.693675
1783047600,0.69367,0.693755,0.69356,0.693685
1783047900,0.69368,0.693715,0.693515,0.693545
1783048200,0.693545,0.693745,0.693515,0.69374
1783048500,0.69374,0.69375,0.693565,0.69358
1783048800,0.69358,0.693625,0.69349,0.69354
1783049100,0.69353,0.69353,0.69339,0.693515
1783049400,0.69351,0.693625,0.693455,0.6936
1783049700,0.693595,0.69365,0.693475,0.693515
1783050000,0.693515,0.693575,0.69337,0.693385
1783050300,0.69339,0.693445,0.693305,0.69344
1783050600,0.69344,0.693455,0.69333,0.69339
1783050900,0.69339,0.69355,0.69339,0.69354
1783051200,0.693545,0.69359,0.693435,0.693435
1783051500,0.693435,0.69353,0.693405,0.693485
1783051800,0.69349,0.69365,0.69346,0.693625
1783052100,0.69362,0.693835,0.69362,0.693815
1783052400,0.69381,0.69394,0.69378,0.69387
1783052700,0.69387,0.693905,0.69379,0.6938
1783053000,0.693795,0.693915,0.693745,0.69385
1783053300,0.693855,0.69409,0.69384,0.69402
1783053600,0.694015,0.6941,0.69394,0.694035
1783053900,0.694035,0.694095,0.69392,0.69393
1783054200,0.693915,0.694005,0.69386,0.69386
1783054500,0.693865,0.69393,0.69383,0.69387
1783054800,0.69386,0.69401,0.693775,0.69397
1783055100,0.693965,0.694305,0.69393,0.69414
1783055400,0.69414,0.69425,0.69403,0.69423
1783055700,0.694235,0.6944,0.694215,0.694265
1783056000,0.694255,0.69426,0.693955,0.69409
1783056300,0.694095,0.69425,0.694095,0.694205
1783056600,0.69421,0.694345,0.69419,0.694325
1783056900,0.69433,0.694385,0.69404,0.694055
1783057200,0.69406,0.69412,0.693965,0.69407
1783057500,0.694065,0.694125,0.69394,0.69401
1783057800,0.694015,0.6942,0.693945,0.69412
1783058100,0.6941,0.6941,0.69385,0.693925
1783058400,0.69393,0.694315,0.69393,0.69424
1783058700,0.694235,0.69455,0.69423,0.694385
1783059000,0.69439,0.69449,0.694315,0.69449
1783059300,0.694495,0.694755,0.69448,0.69473
1783059600,0.694735,0.694745,0.69422,0.6943
1783059900,0.6943,0.69465,0.6943,0.694645
1783060200,0.69464,0.694935,0.69444,0.69479
1783060500,0.694785,0.694975,0.69471,0.69483
1783060800,0.69482,0.694855,0.69466,0.69482
1783061100,0.69481,0.69493,0.69474,0.69474
1783061400,0.69474,0.69475,0.6944,0.694455
1783061700,0.69446,0.69447,0.69423,0.69433
1783062000,0.69432,0.694395,0.69417,0.694325
1783062300,0.69433,0.69451,0.69426,0.694505
1783062600,0.6945,0.69455,0.694365,0.69444
1783062900,0.69443,0.69445,0.69431,0.69439
1783063200,0.694385,0.69455,0.69433,0.69454
1783063500,0.694535,0.69482,0.694495,0.694765
1783063800,0.69477,0.6948,0.69428,0.69429
1783064100,0.694285,0.69441,0.69428,0.69439
1783064400,0.69439,0.694435,0.69424,0.694405
1783064700,0.694405,0.694515,0.69433,0.69451
1783065000,0.694505,0.694615,0.6944,0.694575
1783065300,0.694575,0.6948,0.69449,0.694515
1783065600,0.69451,0.69461,0.69425,0.69441
1783065900,0.69441,0.69463,0.694365,0.694535
1783066200,0.69453,0.69459,0.6944,0.69453
1783066500,0.694535,0.694595,0.69447,0.694505
1783066800,0.6945,0.6946,0.6944,0.69441
1783067100,0.694405,0.69461,0.69438,0.6945
1783067400,0.694505,0.69456,0.69425,0.69448
1783067700,0.69448,0.6946,0.694275,0.694275
1783068000,0.69427,0.69442,0.694225,0.694355
1783068300,0.69436,0.69438,0.69421,0.69422
1783068600,0.69422,0.694245,0.69403,0.694105
1783068900,0.694105,0.694225,0.69408,0.694105
1783069200,0.69411,0.69419,0.693975,0.69409
1783069500,0.694095,0.69419,0.69402,0.69409
1783069800,0.69409,0.69433,0.69407,0.69432
1783070100,0.69431,0.69431,0.694125,0.694205
1783070400,0.6942,0.69429,0.694105,0.694105
1783070700,0.6941,0.69414,0.69398,0.69399
1783071000,0.693985,0.69412,0.693975,0.694005
1783071300,0.69401,0.694085,0.69397,0.694085
1783071600,0.69408,0.694085,0.69401,0.694025
1783071900,0.69402,0.69402,0.69387,0.693895
1783072200,0.6939,0.69393,0.693755,0.69381
1783072500,0.69382,0.693865,0.69369,0.69369
1783072800,0.693685,0.69394,0.69367,0.69384
1783073100,0.69384,0.69404,0.69377,0.69399
1783073400,0.693995,0.69406,0.693925,0.69394
1783073700,0.693945,0.693945,0.69378,0.69383
1783074000,0.693835,0.69395,0.69378,0.69379
1783074300,0.69378,0.69383,0.693745,0.69379
1783074600,0.69378,0.69384,0.69375,0.69382
1783074900,0.69382,0.69384,0.693735,0.6938
1783075200,0.6938,0.6939,0.693725,0.69386
1783075500,0.693855,0.69389,0.693825,0.69389
1783075800,0.69389,0.69403,0.693865,0.693985
1783076100,0.693985,0.693995,0.693845,0.693865
1783076400,0.693855,0.69391,0.693755,0.69388
1783076700,0.69388,0.693995,0.69383,0.69399
1783077000,0.69399,0.69422,0.69399,0.694185
1783077300,0.69419,0.694245,0.69411,0.694125
1783077600,0.69414,0.694345,0.69411,0.694285
1783077900,0.694275,0.694285,0.694065,0.6941
1783078200,0.694105,0.69418,0.69401,0.694055
1783078500,0.69405,0.69406,0.69383,0.693885
1783078800,0.693885,0.69398,0.69388,0.69393
1783079100,0.69392,0.69399,0.69382,0.693855
1783079400,0.693855,0.693955,0.69384,0.693915
1783079700,0.693905,0.693985,0.6938,0.69395
1783080000,0.693955,0.69402,0.69373,0.693885
1783080300,0.69389,0.694025,0.69383,0.69383
1783080600,0.693835,0.69401,0.693765,0.69392
1783080900,0.693925,0.693935,0.69377,0.693775
1783081200,0.693775,0.69382,0.69372,0.693775
1783081500,0.693775,0.69386,0.693735,0.693825
1783081800,0.69382,0.69388,0.693765,0.69386
1783082100,0.69385,0.693965,0.69382,0.693945
1783082400,0.693945,0.693975,0.693715,0.69376
1783082700,0.693755,0.693845,0.693735,0.69379
1783083000,0.69379,0.69385,0.69373,0.69383
1783083300,0.693835,0.693845,0.693675,0.693715
1783083600,0.693715,0.693805,0.693685,0.69375
1783083900,0.69375,0.69375,0.69363,0.693735
1783084200,0.69373,0.6938,0.69353,0.69372
1783084500,0.693715,0.69373,0.69355,0.6936
1783084800,0.69361,0.69378,0.693605,0.693695
1783085100,0.6937,0.693815,0.693675,0.693745
1783085400,0.69375,0.693765,0.69353,0.693535
1783085700,0.69353,0.69358,0.693475,0.693525
1783086000,0.69353,0.69364,0.693525,0.693605
1783086300,0.69361,0.69368,0.693545,0.693585
1783086600,0.69358,0.69366,0.69343,0.69344
1783086900,0.69343,0.693685,0.69343,0.69359
1783087200,0.693595,0.693705,0.693535,0.693655
1783087500,0.69366,0.693715,0.69359,0.69369
1783087800,0.693695,0.69375,0.693645,0.693665
1783088100,0.69366,0.6938,0.69358,0.693595
1783088400,0.693595,0.693605,0.69345,0.693485
1783088700,0.69348,0.69385,0.69348,0.693845
1783089000,0.693845,0.693925,0.69375,0.693885
1783089300,0.693885,0.693885,0.69373,0.693775
1783089600,0.69377,0.693835,0.693655,0.693655
1783089900,0.693655,0.69381,0.693655,0.693755
1783090200,0.693755,0.69386,0.693735,0.69386
1783090500,0.693855,0.69386,0.693435,0.693505
1783090800,0.693505,0.693685,0.693495,0.693515
1783091100,0.693515,0.693685,0.69346,0.69365
1783091400,0.69364,0.69373,0.693575,0.693575
1783091700,0.69357,0.693715,0.693525,0.693645
1783092000,0.69365,0.69366,0.693495,0.69351
1783092300,0.69351,0.69358,0.693455,0.693525
1783092600,0.69354,0.693685,0.69352,0.69362
1783092900,0.693625,0.69369,0.69359,0.693625
1783093200,0.69362,0.693675,0.693605,0.693635
1783093500,0.693635,0.69368,0.69359,0.69366
1783093800,0.69366,0.69367,0.693555,0.693585
1783094100,0.693585,0.693675,0.693475,0.69365
1783094400,0.693645,0.69371,0.69362,0.69368
1783094700,0.69368,0.69368,0.693615,0.693645
1783095000,0.693645,0.69367,0.69356,0.69357
1783095300,0.69357,0.69371,0.69357,0.69371
1783095600,0.693715,0.693765,0.69363,0.69365
1783095900,0.69365,0.69369,0.69358,0.6936
1783096200,0.693605,0.693675,0.693605,0.69361
1783096500,0.69361,0.69362,0.69356,0.693575
1783096800,0.693575,0.693575,0.69352,0.69357
1783097100,0.69357,0.69368,0.693565,0.69368
1783097400,0.693675,0.69377,0.69366,0.69377
1783097700,0.69377,0.69381,0.69371,0.69379
1783098000,0.693795,0.69383,0.69376,0.6938
1783098300,0.6938,0.69387,0.6938,0.693855
1783098600,0.693855,0.69386,0.693785,0.69384
1783098900,0.69384,0.69384,0.69377,0.69382
1783099200,0.693815,0.69385,0.6938,0.693805
1783099500,0.69381,0.693835,0.69378,0.69379
1783099800,0.693795,0.693825,0.69377,0.693805
1783100100,0.693805,0.693865,0.69379,0.693835
1783100400,0.693835,0.69385,0.69375,0.69376
1783100700,0.693765,0.693825,0.69375,0.693825
1783101000,0.693825,0.69383,0.69373,0.693775
1783101300,0.69378,0.693835,0.69376,0.6938
1783101600,0.6938,0.693855,0.6938,0.69383
1783101900,0.693815,0.69384,0.693795,0.693815
1783102200,0.693805,0.69384,0.69378,0.693835
1783102500,0.69384,0.693865,0.69381,0.69384
1783102800,0.69384,0.693855,0.6938,0.693825
1783103100,0.693825,0.693845,0.693805,0.69383
1783103400,0.693835,0.693845,0.69382,0.69384
1783103700,0.69384,0.693855,0.69383,0.69384
1783104000,0.69384,0.693845,0.693825,0.693835
1783104300,0.69384,0.69385,0.6938,0.69383
1783104600,0.693835,0.69384,0.693815,0.693835
1783104900,0.69384,0.693845,0.693825,0.69383
1783105200,0.693835,0.693975,0.693835,0.69391
1783105500,0.69391,0.693915,0.693805,0.69384
1783105800,0.693835,0.693865,0.69381,0.693845
1783106100,0.69384,0.69386,0.693805,0.693825
1783106400,0.69382,0.69388,0.693795,0.69383
1783106700,0.693825,0.69385,0.693745,0.6938
1783107000,0.693795,0.693825,0.693715,0.693745
1783107300,0.69374,0.69378,0.693695,0.693745
1783107600,0.693745,0.693765,0.693665,0.69371
1783107900,0.693715,0.69375,0.69364,0.693655
1783108200,0.693655,0.693815,0.69362,0.69374
1783108500,0.693745,0.693745,0.693615,0.693665
1783108800,0.69366,0.693705,0.69351,0.69365
1783109100,0.693645,0.69368,0.693555,0.69357
1783109400,0.693565,0.6936,0.693485,0.693525
1783109700,0.693525,0.69356,0.693475,0.693515
1783110000,0.693515,0.693555,0.693485,0.693505
1783110300,0.693505,0.69355,0.69336,0.693455
1783110600,0.69346,0.69357,0.69345,0.69356
1783110900,0.69356,0.693565,0.69351,0.69353
1783111200,0.693535,0.693605,0.69352,0.693575
1783111500,0.69357,0.69396,0.69352,0.69384
1783111800,0.693825,0.693885,0.693755,0.69378
1783112100,0.69374,0.694315,0.69374,0.69384
1783285200,0.69384,0.693985,0.69384,0.693905
1783285500,0.69386,0.694425,0.69386,0.694425
1783285800,0.69444,0.69444,0.69418,0.69426
1783286100,0.694215,0.69444,0.694215,0.69422
1783286400,0.69422,0.694295,0.693945,0.69425
1783286700,0.69425,0.69425,0.694205,0.694225
1783287000,0.694225,0.694255,0.693605,0.694165
1783287300,0.694165,0.694175,0.694,0.69408
1783287600,0.69408,0.69408,0.694,0.694075
1783287900,0.694075,0.69408,0.693985,0.69399
1783288200,0.693985,0.694085,0.693985,0.69407
1783288500,0.69407,0.694265,0.69405,0.6942
1783288800,0.69423,0.694245,0.69371,0.693825
1783289100,0.693825,0.693825,0.693635,0.693645
1783289400,0.69364,0.69377,0.69362,0.693665
1783289700,0.69367,0.693695,0.693585,0.693615
1783290000,0.69362,0.69372,0.69359,0.69371
1783290300,0.69371,0.693715,0.69365,0.693655
1783290600,0.693655,0.693715,0.693655,0.693705
1783290900,0.693705,0.693725,0.693695,0.693705
1783291200,0.69371,0.69376,0.693685,0.693745
1783291500,0.693745,0.69378,0.69374,0.69376
1783291800,0.69376,0.69376,0.693615,0.693655
1783292100,0.693655,0.69368,0.69361,0.693665
1783292400,0.69366,0.693715,0.693595,0.693615
1783292700,0.693615,0.693775,0.69357,0.693575
1783293000,0.69357,0.693625,0.69354,0.693575
1783293300,0.69357,0.693615,0.693555,0.6936
1783293600,0.6936,0.693675,0.6936,0.69362
1783293900,0.69362,0.69383,0.69361,0.693775
1783294200,0.69377,0.69383,0.69371,0.69372
1783294500,0.69372,0.69377,0.693655,0.693765
1783294800,0.693765,0.69379,0.693695,0.69374
1783295100,0.69374,0.693905,0.69367,0.693725
1783295400,0.69372,0.69373,0.69361,0.693615
1783295700,0.693615,0.69382,0.693595,0.69366
1783296000,0.693655,0.693675,0.69319,0.69323
1783296300,0.693235,0.693395,0.693015,0.69315
1783296600,0.693145,0.693445,0.693075,0.693435
1783296900,0.69343,0.69387,0.69342,0.693635
1783297200,0.693635,0.69369,0.69357,0.69358
1783297500,0.69358,0.693605,0.69331,0.693425
1783297800,0.69342,0.693675,0.69335,0.69355
1783298100,0.69354,0.693775,0.69337,0.693715
1783298400,0.69371,0.693865,0.693705,0.6938
1783298700,0.693805,0.693955,0.6937,0.69375
1783299000,0.693755,0.69376,0.69354,0.69362
1783299300,0.693625,0.693745,0.69341,0.69348
1783299600,0.69348,0.69348,0.693235,0.693265
1783299900,0.69326,0.693595,0.693235,0.69352
1783300200,0.693525,0.69373,0.693405,0.693605
1783300500,0.69361,0.69373,0.69349,0.693635
1783300800,0.69363,0.693635,0.69323,0.693335
1783301100,0.693345,0.693385,0.693075,0.69333
1783301400,0.693335,0.693595,0.69321,0.69338
1783301700,0.69338,0.693565,0.69322,0.693525
1783302000,0.693535,0.69361,0.69344,0.69358
1783302300,0.693585,0.69359,0.6932,0.693205
1783302600,0.6932,0.69324,0.69303,0.69315
1783302900,0.69316,0.693205,0.692875,0.692915
1783303200,0.69291,0.693245,0.692905,0.693215
1783303500,0.69321,0.69321,0.69298,0.693045
1783303800,0.69305,0.69314,0.692985,0.693065
1783304100,0.69306,0.693105,0.69291,0.69299
1783304400,0.692995,0.693235,0.69299,0.693115
1783304700,0.69312,0.693175,0.692945,0.69303
1783305000,0.693035,0.693045,0.69281,0.692895
1783305300,0.6929,0.692995,0.69278,0.69288
1783305600,0.692885,0.69293,0.692735,0.692785
1783305900,0.692785,0.69306,0.692785,0.6929
1783306200,0.6929,0.69295,0.69282,0.69292
1783306500,0.692915,0.69302,0.69281,0.692915
1783306800,0.69292,0.69301,0.692885,0.69291
1783307100,0.692905,0.69295,0.6928,0.692805
1783307400,0.6928,0.69288,0.692605,0.692605
1783307700,0.69261,0.692715,0.69251,0.69255
1783308000,0.69255,0.692555,0.69217,0.692235
1783308300,0.69224,0.69242,0.69224,0.6924
1783308600,0.692405,0.69241,0.69221,0.69234
1783308900,0.692345,0.69243,0.692315,0.69241
1783309200,0.69241,0.692515,0.69237,0.692515
1783309500,0.69251,0.69259,0.69251,0.69253
1783309800,0.692525,0.69256,0.692345,0.692365
1783310100,0.69237,0.692665,0.69236,0.692645
1783310400,0.692635,0.69276,0.69257,0.69276
1783310700,0.69276,0.69279,0.692645,0.69266
1783311000,0.692665,0.69293,0.692665,0.69288
1783311300,0.692885,0.69298,0.692855,0.692915
1783311600,0.69292,0.693115,0.69291,0.693065
1783311900,0.69306,0.693205,0.69304,0.69311
1783312200,0.693105,0.69332,0.693105,0.6932
1783312500,0.693195,0.69329,0.693125,0.69325
1783312800,0.693245,0.693325,0.693205,0.693275
1783313100,0.693275,0.693415,0.69321,0.693265
1783313400,0.69327,0.69328,0.693195,0.69325
1783313700,0.693255,0.693395,0.69323,0.69335
1783314000,0.693355,0.69337,0.693075,0.693105
1783314300,0.693105,0.69326,0.693065,0.69312
1783314600,0.69312,0.69332,0.69309,0.69328
1783314900,0.69327,0.69333,0.693165,0.693185
1783315200,0.693185,0.69325,0.69311,0.69317
1783315500,0.69317,0.69337,0.693165,0.69327
1783315800,0.693275,0.69338,0.69312,0.6933
1783316100,0.693295,0.693505,0.693285,0.693345
1783316400,0.69334,0.69353,0.693325,0.69337
1783316700,0.693365,0.693425,0.69331,0.693335
1783317000,0.693335,0.6934,0.69327,0.69335
1783317300,0.693355,0.693385,0.692915,0.69295
1783317600,0.69295,0.69324,0.69295,0.6932
1783317900,0.693205,0.69328,0.69299,0.693225
1783318200,0.69322,0.69323,0.693045,0.693095
1783318500,0.69309,0.6931,0.69271,0.69286
1783318800,0.69285,0.693045,0.692815,0.693015
1783319100,0.69301,0.693095,0.69283,0.69303
1783319400,0.693025,0.693185,0.69295,0.693095
1783319700,0.6931,0.693235,0.69291,0.6932
1783320000,0.6932,0.69331,0.693025,0.69312
1783320300,0.693115,0.693205,0.693055,0.693095
1783320600,0.693105,0.69312,0.69277,0.69287
1783320900,0.692865,0.69293,0.6926,0.692845
1783321200,0.69285,0.69297,0.69256,0.692965
1783321500,0.69297,0.69297,0.69285,0.692885
1783321800,0.69289,0.69313,0.69281,0.69313
1783322100,0.693125,0.69332,0.69306,0.693265
1783322400,0.693265,0.693275,0.693055,0.69315
1783322700,0.693145,0.693165,0.692915,0.692925
1783323000,0.69292,0.69323,0.692875,0.69317
1783323300,0.693165,0.693295,0.69313,0.69328
1783323600,0.69328,0.693725,0.69327,0.693675
1783323900,0.69367,0.69379,0.69364,0.69366
1783324200,0.69365,0.69367,0.69347,0.693545
1783324500,0.69355,0.69373,0.69355,0.69371
1783324800,0.69372,0.693845,0.69349,0.69356
1783325100,0.693565,0.69365,0.6935,0.69351
1783325400,0.693505,0.693525,0.693045,0.69323
1783325700,0.693235,0.693395,0.693205,0.693335
1783326000,0.693335,0.693365,0.693135,0.693135
1783326300,0.693135,0.693185,0.69304,0.693165
1783326600,0.69316,0.693215,0.693025,0.693115
1783326900,0.69311,0.69321,0.69305,0.693125
1783327200,0.69313,0.693325,0.69308,0.69311
1783327500,0.69311,0.69313,0.692955,0.693015
1783327800,0.69302,0.693205,0.692995,0.69311
1783328100,0.693105,0.693265,0.693095,0.69325
1783328400,0.693255,0.693325,0.69309,0.693225
1783328700,0.69322,0.69332,0.69315,0.693165
1783329000,0.69316,0.693225,0.693035,0.693205
1783329300,0.6932,0.69323,0.6931,0.693115
1783329600,0.69312,0.69329,0.693095,0.693255
1783329900,0.69325,0.693265,0.69309,0.69317
1783330200,0.69316,0.693255,0.693095,0.69323
1783330500,0.69323,0.693305,0.69315,0.69318
1783330800,0.693175,0.69325,0.69311,0.69314
1783331100,0.693135,0.693185,0.693015,0.693015
1783331400,0.69302,0.693235,0.693005,0.69306
1783331700,0.693055,0.693105,0.693015,0.693035
1783332000,0.69303,0.693145,0.69294,0.692955
1783332300,0.69295,0.69307,0.69285,0.69306
1783332600,0.69306,0.69339,0.693045,0.69338
1783332900,0.693375,0.693505,0.693245,0.69345
1783333200,0.693455,0.693615,0.693415,0.69357
1783333500,0.69357,0.693605,0.69347,0.69348
1783333800,0.693475,0.69363,0.69343,0.6936
1783334100,0.693595,0.69374,0.69353,0.69355
1783334400,0.69355,0.693555,0.693355,0.69338
1783334700,0.693375,0.69339,0.69323,0.6933
1783335000,0.6933,0.69354,0.69323,0.693515
1783335300,0.69351,0.693565,0.693365,0.69343
1783335600,0.693435,0.69344,0.693225,0.693255
1783335900,0.69325,0.69334,0.6932,0.69333
1783336200,0.69333,0.69351,0.69331,0.69347
1783336500,0.69348,0.69351,0.69335,0.69346
1783336800,0.693465,0.693515,0.6934,0.69341
1783337100,0.69341,0.69362,0.693405,0.6935
1783337400,0.693495,0.69364,0.69345,0.693625
1783337700,0.69363,0.69363,0.69344,0.693455
1783338000,0.69346,0.69356,0.6934,0.69348
1783338300,0.69348,0.693525,0.693395,0.6934
1783338600,0.6934,0.693405,0.693235,0.693365
1783338900,0.69337,0.69345,0.69329,0.693365
1783339200,0.69336,0.69357,0.69333,0.69356
1783339500,0.69357,0.69361,0.69339,0.693405
1783339800,0.6934,0.69351,0.693315,0.693505
1783340100,0.693505,0.69367,0.693455,0.69351
1783340400,0.693505,0.69352,0.69319,0.693245
1783340700,0.693245,0.69334,0.69316,0.693295
1783341000,0.693285,0.69331,0.69314,0.69314
1783341300,0.693145,0.693155,0.692945,0.693015
1783341600,0.69301,0.69302,0.69251,0.69255
1783341900,0.692555,0.692645,0.69243,0.69244
1783342200,0.692445,0.692605,0.69242,0.692565
1783342500,0.69257,0.69269,0.692385,0.69262
1783342800,0.692625,0.692745,0.692515,0.692655
1783343100,0.69265,0.692765,0.692595,0.692765
1783343400,0.69276,0.693,0.692705,0.69274
1783343700,0.692745,0.693015,0.692745,0.693015
1783344000,0.69301,0.693165,0.69292,0.693105
1783344300,0.69311,0.69317,0.692905,0.693045
1783344600,0.69305,0.69321,0.692975,0.693145
1783344900,0.69314,0.69327,0.693,0.693265
1783345200,0.69327,0.69343,0.693175,0.69341
1783345500,0.693415,0.69348,0.69314,0.693455
1783345800,0.69345,0.693565,0.693225,0.69327
1783346100,0.693265,0.693285,0.69309,0.693095
1783346400,0.693105,0.69351,0.6929,0.6933
1783346700,0.693295,0.693545,0.69329,0.693465
1783347000,0.69346,0.69375,0.6934,0.6937
1783347300,0.69371,0.693725,0.69343,0.693515
1783347600,0.69352,0.693545,0.693375,0.693425
1783347900,0.69343,0.693615,0.69342,0.693525
1783348200,0.69353,0.693645,0.69339,0.69364
1783348500,0.693635,0.693645,0.6933,0.693365
1783348800,0.69336,0.69344,0.693305,0.693305
1783349100,0.693305,0.693525,0.6933,0.69344
1783349400,0.693435,0.693725,0.693405,0.693695
1783349700,0.69369,0.69384,0.693645,0.693745
1783350000,0.69375,0.694035,0.693705,0.693945
1783350300,0.69395,0.69405,0.693895,0.69397
1783350600,0.693975,0.693975,0.69365,0.693795
1783350900,0.6938,0.693865,0.6937,0.69374
1783351200,0.693745,0.693945,0.69369,0.693885
1783351500,0.69389,0.69405,0.693885,0.69405
1783351800,0.694045,0.69417,0.694025,0.694095
1783352100,0.6941,0.694265,0.693975,0.69424
1783352400,0.694235,0.69441,0.694185,0.694375
1783352700,0.69438,0.694425,0.694305,0.694385
1783353000,0.694385,0.694465,0.69434,0.694395
1783353300,0.69439,0.6944,0.69427,0.694335
1783353600,0.69434,0.694435,0.69429,0.694385
1783353900,0.69439,0.694445,0.694335,0.694395
1783354200,0.694405,0.694545,0.69439,0.6944
1783354500,0.694395,0.69455,0.694385,0.69454
1783354800,0.69454,0.694605,0.694485,0.694495
1783355100,0.694495,0.694515,0.694445,0.69446
1783355400,0.694455,0.694545,0.694405,0.694455
1783355700,0.694455,0.69448,0.6944,0.694445
1783356000,0.69444,0.694495,0.69435,0.694485
1783356300,0.694485,0.69452,0.694425,0.69452
1783356600,0.694525,0.69469,0.69451,0.694585
1783356900,0.69459,0.694655,0.69458,0.694655
1783357200,0.694645,0.6948,0.69463,0.69474
1783357500,0.69474,0.69494,0.694735,0.69493
1783357800,0.694925,0.695075,0.694885,0.695075
1783358100,0.695075,0.69511,0.694885,0.694905
1783358400,0.6949,0.695145,0.69485,0.695095
1783358700,0.6951,0.695255,0.695085,0.695145
1783359000,0.695145,0.695365,0.6951,0.695315
1783359300,0.69532,0.695355,0.69514,0.695325
1783359600,0.69532,0.695365,0.69519,0.69533
1783359900,0.695325,0.695385,0.69523,0.69529
1783360200,0.6953,0.69536,0.695155,0.695175
1783360500,0.695185,0.69521,0.695085,0.69509
1783360800,0.695095,0.695355,0.695095,0.69529
1783361100,0.69529,0.69531,0.695195,0.695245
1783361400,0.695245,0.695305,0.695195,0.695245
1783361700,0.69525,0.69536,0.69525,0.695345
1783362000,0.695345,0.695355,0.695285,0.695355
1783362300,0.695355,0.695415,0.695335,0.6954
1783362600,0.695395,0.69566,0.695325,0.695585
1783362900,0.695585,0.695795,0.695585,0.69576
1783363200,0.69576,0.695825,0.69568,0.695745
1783363500,0.695755,0.6959,0.69574,0.6959
1783363800,0.69589,0.6959,0.69582,0.69584
1783364100,0.69584,0.695905,0.69575,0.69578
1783364400,0.695775,0.695805,0.69564,0.69573
1783364700,0.69573,0.69574,0.69564,0.69566
1783365000,0.695655,0.69566,0.695615,0.695635
1783365300,0.695635,0.6957,0.69562,0.69567
1783365600,0.69567,0.69567,0.69556,0.695585
1783365900,0.695585,0.695615,0.69553,0.6956
1783366200,0.6956,0.695695,0.69554,0.69568
1783366500,0.695685,0.69573,0.69566,0.69567
1783366800,0.69567,0.695705,0.695655,0.69569
1783367100,0.69569,0.69576,0.695685,0.695715
1783367400,0.695705,0.69581,0.69569,0.695735
1783367700,0.69573,0.695745,0.69557,0.69565
1783368000,0.69564,0.69569,0.695555,0.69558
1783368300,0.695565,0.695565,0.695475,0.6955
1783368600,0.695505,0.69554,0.695475,0.69549
1783368900,0.695485,0.69552,0.695435,0.695495
1783369200,0.695495,0.695565,0.695495,0.695545
1783369500,0.695545,0.695615,0.695545,0.695595
1783369800,0.6956,0.69562,0.695545,0.69555
1783370100,0.69555,0.69555,0.695435,0.695445
1783370400,0.695445,0.69553,0.695405,0.69553
1783370700,0.695525,0.695525,0.69547,0.69552
1783371000,0.695515,0.69567,0.695495,0.695645
1783371300,0.69564,0.69569,0.695545,0.695545
1783371600,0.695545,0.695725,0.695075,0.69525
1783371900,0.695265,0.69562,0.695265,0.695595
1783372200,0.695595,0.69585,0.695595,0.695755
1783372500,0.695755,0.695785,0.695595,0.695625
1783372800,0.69563,0.69563,0.69548,0.69556
1783373100,0.69556,0.69558,0.695535,0.69557
1783373400,0.695575,0.695605,0.69557,0.69559
1783373700,0.69559,0.69559,0.69552,0.69554
1783374000,0.695535,0.695555,0.69552,0.695525
1783374300,0.695555,0.695585,0.695485,0.69549
1783374600,0.69549,0.69562,0.69549,0.695545
1783374900,0.69556,0.69563,0.69553,0.695585
1783375200,0.695575,0.69579,0.695565,0.695685
1783375500,0.695685,0.69569,0.69561,0.695635
1783375800,0.695635,0.695705,0.695635,0.695695
1783376100,0.69569,0.695695,0.695655,0.695685
1783376400,0.69569,0.695725,0.69568,0.69568
1783376700,0.69568,0.695685,0.69564,0.695655
1783377000,0.69565,0.695815,0.695635,0.69578
1783377300,0.69578,0.69578,0.695675,0.69568
1783377600,0.69568,0.695715,0.695675,0.695695
1783377900,0.695695,0.6957,0.695675,0.69569
1783378200,0.69569,0.695725,0.69569,0.69571
1783378500,0.69571,0.69579,0.69571,0.695765
1783378800,0.69576,0.696045,0.695755,0.69594
1783379100,0.695945,0.69595,0.695875,0.695905
1783379400,0.6959,0.69591,0.69583,0.695895
1783379700,0.695895,0.69595,0.69589,0.69595
1783380000,0.69595,0.695995,0.69593,0.695935
1783380300,0.695935,0.695935,0.695865,0.69587
1783380600,0.695865,0.69594,0.695835,0.695925
1783380900,0.695925,0.69595,0.69587,0.695895
1783381200,0.695895,0.695975,0.695835,0.69596
1783381500,0.695955,0.69596,0.69582,0.69589
1783381800,0.695885,0.695885,0.695585,0.69564
1783382100,0.695645,0.695685,0.69549,0.69551
1783382400,0.6955,0.69553,0.69536,0.695485
1783382700,0.695485,0.69559,0.695435,0.695545
1783383000,0.69554,0.695565,0.695385,0.695445
1783383300,0.695445,0.695445,0.69533,0.695425
1783383600,0.695425,0.69555,0.695395,0.695445
1783383900,0.69544,0.69552,0.695195,0.6953
1783384200,0.695305,0.69544,0.695235,0.695235
1783384500,0.695235,0.6953,0.695145,0.695225
1783384800,0.69522,0.69534,0.69521,0.69531
1783385100,0.695305,0.695305,0.695135,0.695275
1783385400,0.69528,0.69545,0.695235,0.69539
1783385700,0.695395,0.695455,0.69484,0.694895
1783386000,0.69489,0.69492,0.694695,0.69485
1783386300,0.69485,0.69499,0.69483,0.694885
1783386600,0.69489,0.69495,0.69475,0.694835
1783386900,0.69484,0.694955,0.69477,0.69483
1783387200,0.694835,0.69485,0.69465,0.69469
1783387500,0.6947,0.69509,0.6947,0.69509
1783387800,0.69509,0.695595,0.695085,0.69549
1783388100,0.695495,0.69561,0.69528,0.695335
1783388400,0.695325,0.695475,0.695235,0.695275
1783388700,0.695275,0.69565,0.695275,0.69563
1783389000,0.695625,0.696,0.695615,0.69598
1783389300,0.695975,0.69601,0.695575,0.695665
1783389600,0.69567,0.695885,0.69563,0.695805
1783389900,0.695795,0.69584,0.6956,0.695615
1783390200,0.69561,0.69571,0.69556,0.69564
1783390500,0.69563,0.695645,0.695395,0.69541
1783390800,0.695405,0.69541,0.69525,0.6954
1783391100,0.69541,0.695415,0.69518,0.695185
1783391400,0.69518,0.69538,0.69509,0.695375
1783391700,0.69538,0.69553,0.69537,0.69544
1783392000,0.69544,0.69546,0.69513,0.6952
1783392300,0.69519,0.69525,0.69503,0.695085
1783392600,0.69508,0.695115,0.69504,0.695105
1783392900,0.6951,0.69515,0.69499,0.69501
1783393200,0.695005,0.69525,0.69499,0.695185
1783393500,0.69519,0.695335,0.69519,0.695265
1783393800,0.69526,0.6953,0.69517,0.695185
1783394100,0.695185,0.69521,0.695045,0.69511
1783394400,0.69511,0.69525,0.69509,0.695105
1783394700,0.69511,0.69514,0.694795,0.694795
1783395000,0.694785,0.694845,0.69457,0.6948
1783395300,0.694795,0.694835,0.694745,0.694765
1783395600,0.694755,0.694795,0.694565,0.69466
1783395900,0.694655,0.694655,0.694255,0.694345
1783396200,0.694345,0.69446,0.694335,0.69446
1783396500,0.694455,0.69467,0.694425,0.69465
1783396800,0.694655,0.6948,0.69462,0.694795
1783397100,0.69479,0.69495,0.69478,0.69489
1783397400,0.6949,0.69491,0.69476,0.69481
1783397700,0.694805,0.694855,0.694575,0.69459
1783398000,0.694595,0.69469,0.694525,0.69469
1783398300,0.69469,0.69469,0.694465,0.694515
1783398600,0.694515,0.694565,0.69444,0.69445
1783398900,0.694455,0.69455,0.69444,0.694545
1783399200,0.69454,0.69465,0.69444,0.69445
1783399500,0.69444,0.694595,0.69443,0.694485
1783399800,0.69448,0.6946,0.69441,0.69443
1783400100,0.694435,0.694455,0.6942,0.694205
1783400400,0.69418,0.694255,0.694105,0.694195
1783400700,0.694195,0.694235,0.69388,0.693935
1783401000,0.693935,0.693945,0.69364,0.6938
1783401300,0.6938,0.693865,0.6936,0.693655
1783401600,0.69365,0.69372,0.693515,0.6937
1783401900,0.693705,0.69372,0.69355,0.69371
1783402200,0.693715,0.69394,0.693685,0.6938
1783402500,0.693795,0.69395,0.693725,0.693785
1783402800,0.693785,0.6939,0.693725,0.6938
1783403100,0.6938,0.69391,0.69374,0.69391
1783403400,0.693915,0.69411,0.69391,0.6941
1783403700,0.694105,0.69426,0.6941,0.69418
1783404000,0.694175,0.69422,0.69406,0.694105
1783404300,0.694105,0.694105,0.693765,0.693785
1783404600,0.69379,0.693855,0.693675,0.693695
1783404900,0.6937,0.69394,0.6937,0.69394
1783405200,0.693935,0.694,0.693845,0.694
1783405500,0.694005,0.69407,0.69385,0.69386
1783405800,0.693865,0.69423,0.69384,0.694125
1783406100,0.69411,0.694255,0.694105,0.694235
1783406400,0.69423,0.69435,0.69418,0.69426
1783406700,0.694255,0.694325,0.69416,0.69431
1783407000,0.69432,0.69444,0.6943,0.6943
1783407300,0.694295,0.694495,0.69424,0.694495
1783407600,0.6945,0.69453,0.69422,0.694395
1783407900,0.694395,0.69456,0.694365,0.69445
1783408200,0.69445,0.694585,0.694385,0.69442
1783408500,0.694425,0.694485,0.694305,0.694385
1783408800,0.69438,0.694545,0.69428,0.69431
1783409100,0.6943,0.69441,0.694295,0.694335
1783409400,0.69433,0.694535,0.69428,0.694535
1783409700,0.69454,0.694565,0.694395,0.694405
1783410000,0.694405,0.694455,0.694255,0.69426
1783410300,0.694265,0.69437,0.69411,0.69411
1783410600,0.694105,0.694195,0.69399,0.69401
1783410900,0.694005,0.694025,0.693805,0.693815
1783411200,0.69381,0.694115,0.693795,0.69395
1783411500,0.69396,0.6941,0.69393,0.6941
1783411800,0.6941,0.69445,0.694085,0.694335
1783412100,0.69434,0.694445,0.69428,0.69437
1783412400,0.694365,0.69462,0.69425,0.69447
1783412700,0.69448,0.69455,0.69434,0.69446
1783413000,0.694465,0.69455,0.69439,0.694505
1783413300,0.69451,0.69455,0.694325,0.694425
1783413600,0.69443,0.69455,0.694295,0.694295
1783413900,0.6943,0.69442,0.69424,0.694325
1783414200,0.694325,0.694405,0.694085,0.6941
1783414500,0.69409,0.694295,0.694015,0.69418
1783414800,0.69417,0.694365,0.694085,0.694355
1783415100,0.69435,0.694545,0.69433,0.694345
1783415400,0.694345,0.69442,0.69422,0.694335
1783415700,0.69433,0.694525,0.69432,0.694425
1783416000,0.69443,0.694495,0.694345,0.69441
1783416300,0.694415,0.69448,0.69431,0.69437
1783416600,0.694375,0.69442,0.694295,0.69435
1783416900,0.694345,0.69448,0.694325,0.69445
1783417200,0.69445,0.69463,0.69444,0.694495
1783417500,0.694495,0.69457,0.694295,0.6943
1783417800,0.694305,0.69442,0.694275,0.694395
1783418100,0.69439,0.69444,0.6943,0.6943
1783418400,0.694305,0.69439,0.69423,0.69424
1783418700,0.69424,0.694405,0.694185,0.694395
1783419000,0.6944,0.69445,0.69431,0.69443
1783419300,0.69442,0.694555,0.6944,0.69455
1783419600,0.694545,0.694555,0.694425,0.69451
1783419900,0.694505,0.694545,0.69446,0.694505
1783420200,0.6945,0.69459,0.694425,0.694435
1783420500,0.694445,0.69464,0.69443,0.69464
1783420800,0.69464,0.69469,0.694595,0.694595
1783421100,0.6946,0.69462,0.694485,0.694485
1783421400,0.69449,0.694575,0.694485,0.69456
1783421700,0.694565,0.69464,0.69449,0.694635
1783422000,0.69464,0.694645,0.694435,0.69458
1783422300,0.69459,0.69471,0.69459,0.69465
1783422600,0.69465,0.694845,0.69465,0.694795
1783422900,0.694795,0.695045,0.694775,0.695005
1783423200,0.695,0.69528,0.69496,0.695045
1783423500,0.695045,0.695085,0.69496,0.694995
1783423800,0.694985,0.695015,0.69485,0.694905
1783424100,0.694895,0.694985,0.694825,0.69493
1783424400,0.694935,0.69494,0.694735,0.69476
1783424700,0.69477,0.6948,0.6946,0.69464
1783425000,0.694645,0.694695,0.694355,0.694535
1783425300,0.694535,0.694915,0.69453,0.69484
1783425600,0.694835,0.6949,0.694695,0.69484
1783425900,0.69484,0.6949,0.69473,0.69479
1783426200,0.69478,0.69486,0.694625,0.69483
1783426500,0.69484,0.694875,0.694735,0.694805
1783426800,0.69481,0.695025,0.694765,0.69493
1783427100,0.694925,0.69527,0.694925,0.69521
1783427400,0.695205,0.695495,0.695205,0.69541
1783427700,0.69541,0.69544,0.695275,0.695295
1783428000,0.695305,0.69532,0.694965,0.695035
1783428300,0.695025,0.69513,0.694965,0.69499
1783428600,0.694995,0.69502,0.69491,0.694925
1783428900,0.69493,0.69507,0.694915,0.69507
1783429200,0.695065,0.695095,0.69465,0.69465
1783429500,0.694645,0.694715,0.69457,0.69464
1783429800,0.694655,0.694825,0.69454,0.69475
1783430100,0.694755,0.6949,0.69468,0.694725
1783430400,0.69473,0.69494,0.69466,0.69469
1783430700,0.694685,0.69483,0.69461,0.694645
1783431000,0.694635,0.69493,0.69463,0.69467
1783431300,0.694665,0.695055,0.694615,0.69489
1783431600,0.694885,0.6951,0.694805,0.69501
1783431900,0.69502,0.69504,0.694595,0.694725
1783432200,0.69472,0.6948,0.694375,0.69438
1783432500,0.694385,0.69444,0.69398,0.69407
1783432800,0.694055,0.69435,0.69362,0.69369
1783433100,0.693685,0.69388,0.69354,0.69367
1783433400,0.69368,0.693835,0.693605,0.693705
1783433700,0.6937,0.69411,0.69359,0.69408
1783434000,0.694085,0.694145,0.69384,0.693875
1783434300,0.69388,0.69408,0.69375,0.694075
1783434600,0.694085,0.69412,0.693815,0.694035
1783434900,0.694025,0.694115,0.69388,0.694045
1783435200,0.69405,0.69416,0.693945,0.69411
1783435500,0.694115,0.694325,0.6941,0.694305
1783435800,0.6943,0.69444,0.694225,0.694255
1783436100,0.69425,0.6943,0.69403,0.69406
1783436400,0.69405,0.69406,0.69375,0.69387
1783436700,0.693865,0.69414,0.69381,0.69399
1783437000,0.693995,0.69403,0.69377,0.69381
1783437300,0.69382,0.69384,0.693365,0.693535
1783437600,0.69353,0.693645,0.693465,0.69355
1783437900,0.69354,0.693655,0.69348,0.693645
1783438200,0.693655,0.693695,0.693545,0.693595
1783438500,0.6936,0.693685,0.69349,0.69351
1783438800,0.693515,0.693645,0.693435,0.693545
1783439100,0.69354,0.69371,0.693495,0.693495
1783439400,0.69349,0.69367,0.693485,0.6935
1783439700,0.69349,0.69356,0.69344,0.69349
1783440000,0.693495,0.693735,0.693485,0.69361
1783440300,0.693615,0.693745,0.693485,0.693655
1783440600,0.69366,0.693725,0.69357,0.69362
1783440900,0.693625,0.69366,0.69341,0.69349
1783441200,0.693485,0.69363,0.693475,0.69357
1783441500,0.69357,0.693605,0.69353,0.693535
1783441800,0.69353,0.693595,0.693495,0.69354
1783442100,0.693535,0.693585,0.69341,0.693445
1783442400,0.69344,0.6936,0.693385,0.693585
1783442700,0.69359,0.69365,0.69353,0.69365
1783443000,0.693655,0.693725,0.693605,0.69365
1783443300,0.693655,0.69374,0.69356,0.69372
1783443600,0.693725,0.693865,0.69369,0.69385
1783443900,0.69385,0.69404,0.69385,0.694
1783444200,0.69399,0.694,0.69375,0.69378
1783444500,0.693785,0.69383,0.693685,0.693775
1783444800,0.69378,0.693935,0.69378,0.6939
1783445100,0.693895,0.69391,0.69379,0.69385
1783445400,0.69384,0.69399,0.69383,0.69394
1783445700,0.69394,0.694015,0.69393,0.693995
1783446000,0.693995,0.69412,0.693985,0.6941
1783446300,0.6941,0.694165,0.694015,0.6941
1783446600,0.6941,0.694205,0.694025,0.694195
1783446900,0.69419,0.694245,0.694175,0.694205
1783447200,0.69421,0.69424,0.69408,0.694155
1783447500,0.694155,0.69418,0.694115,0.694155
1783447800,0.69416,0.694195,0.694035,0.6941
1783448100,0.6941,0.69411,0.694045,0.69411
1783448400,0.69411,0.694255,0.6941,0.6942
1783448700,0.694195,0.69428,0.69415,0.69415
1783449000,0.69415,0.694155,0.69393,0.69405
1783449300,0.69405,0.69418,0.69404,0.69409
1783449600,0.69409,0.69409,0.693955,0.69407
1783449900,0.69406,0.694145,0.693565,0.69381
1783450200,0.693815,0.693865,0.693315,0.69342
1783450500,0.693425,0.693545,0.69324,0.69335
1783450800,0.69334,0.693395,0.69297,0.693145
1783451100,0.69314,0.69316,0.69269,0.692805
1783451400,0.69281,0.692855,0.692465,0.69247
1783451700,0.692465,0.692465,0.69213,0.692415
1783452000,0.69241,0.692615,0.692335,0.69259
1783452300,0.692585,0.692695,0.69248,0.692595
1783452600,0.6926,0.693065,0.6926,0.69303
1783452900,0.693015,0.6931,0.69289,0.693
1783453200,0.693,0.69305,0.69294,0.693
1783453500,0.693005,0.693115,0.69298,0.693075
1783453800,0.693085,0.69322,0.69303,0.69321
1783454100,0.69322,0.693305,0.693175,0.693285
1783454400,0.693275,0.6933,0.69319,0.69326
1783454700,0.69326,0.693295,0.69316,0.693165
1783455000,0.69316,0.693185,0.693075,0.69309
1783455300,0.693085,0.693095,0.692885,0.69299
1783455600,0.692995,0.693105,0.692925,0.69309
1783455900,0.69309,0.6931,0.693035,0.693045
1783456200,0.69305,0.69305,0.692915,0.692935
1783456500,0.69293,0.69298,0.692885,0.69295
1783456800,0.692945,0.69299,0.69294,0.692955
1783457100,0.69295,0.692955,0.692865,0.692895
1783457400,0.69288,0.692945,0.69284,0.69289
1783457700,0.692895,0.69292,0.69286,0.69286
1783458000,0.69286,0.69286,0.69286,0.69286
1783458300,0.69286,0.69308,0.692605,0.693
1783458600,0.693,0.693115,0.69281,0.693055
1783458900,0.69306,0.69322,0.692575,0.692585
1783459200,0.692585,0.692815,0.692575,0.69262
1783459500,0.69262,0.692745,0.69249,0.692505
1783459800,0.692505,0.69252,0.6924,0.692425
1783460100,0.692425,0.69257,0.692375,0.69257
1783460400,0.69257,0.69263,0.69234,0.692525
1783460700,0.6925,0.69252,0.69216,0.69218
1783461000,0.692185,0.69234,0.692145,0.692335
1783461300,0.69234,0.69259,0.692305,0.692465
1783461600,0.692475,0.692595,0.69221,0.69253
1783461900,0.692525,0.69258,0.69247,0.692475
1783462200,0.692475,0.692495,0.692445,0.692475
1783462500,0.69248,0.692525,0.69247,0.69251
1783462800,0.692505,0.692605,0.692505,0.692575
1783463100,0.692575,0.69258,0.692485,0.692515
1783463400,0.692525,0.692605,0.692475,0.692575
1783463700,0.692575,0.692575,0.69248,0.692525
1783464000,0.692525,0.692555,0.69252,0.69252
1783464300,0.69252,0.692575,0.6925,0.69252
1783464600,0.69252,0.692625,0.692515,0.692615
1783464900,0.692615,0.692735,0.692615,0.69267
1783465200,0.69267,0.692775,0.69262,0.692775
1783465500,0.692775,0.692775,0.69267,0.6927
1783465800,0.6927,0.692725,0.69262,0.692625
1783466100,0.692625,0.69285,0.692605,0.692795
1783466400,0.692795,0.6928,0.692675,0.692725
1783466700,0.69273,0.69276,0.69272,0.69273
1783467000,0.69273,0.69287,0.69272,0.692815
1783467300,0.692815,0.69283,0.69266,0.692765
1783467600,0.69277,0.69283,0.69276,0.69276
1783467900,0.69276,0.692775,0.692525,0.692575
1783468200,0.692575,0.692595,0.69244,0.692445
1783468500,0.69245,0.692455,0.692135,0.69223
1783468800,0.692235,0.6924,0.69205,0.692395
1783469100,0.69239,0.69268,0.692375,0.69262
1783469400,0.69262,0.692775,0.69247,0.692665
1783469700,0.69267,0.692855,0.69251,0.69267
1783470000,0.692675,0.69293,0.69251,0.69292
1783470300,0.692915,0.69306,0.69281,0.692935
1783470600,0.69294,0.69311,0.69285,0.69303
1783470900,0.693025,0.6933,0.69295,0.69329
1783471200,0.693285,0.69341,0.693225,0.69334
1783471500,0.693335,0.693515,0.69333,0.69344
1783471800,0.69344,0.69358,0.69335,0.693495
1783472100,0.6935,0.693575,0.693285,0.693555
1783472400,0.693565,0.693665,0.69338,0.693525
1783472700,0.69353,0.693585,0.693255,0.69342
1783473000,0.69342,0.69368,0.69342,0.69364
1783473300,0.693645,0.69367,0.69333,0.693375
1783473600,0.69338,0.693415,0.69319,0.693225
1783473900,0.69323,0.693335,0.693165,0.69321
1783474200,0.693225,0.69332,0.69306,0.693115
1783474500,0.69311,0.69317,0.69298,0.69308
1783474800,0.693075,0.69317,0.692895,0.69305
1783475100,0.69305,0.69375,0.69305,0.693745
1783475400,0.69375,0.69393,0.693515,0.69353
1783475700,0.69353,0.693825,0.693505,0.693665
1783476000,0.693655,0.693935,0.69348,0.69383
1783476300,0.693825,0.69399,0.69366,0.69371
1783476600,0.693715,0.69387,0.693575,0.693775
1783476900,0.69378,0.69409,0.693765,0.694
1783477200,0.69401,0.694335,0.69395,0.69418
1783477500,0.694175,0.694375,0.694165,0.69423
1783477800,0.694225,0.69423,0.69372,0.69392
1783478100,0.69392,0.694065,0.69387,0.69402
1783478400,0.69402,0.69402,0.69386,0.69396
1783478700,0.69396,0.69406,0.69386,0.69394
1783479000,0.69395,0.69409,0.69392,0.694025
1783479300,0.694015,0.694055,0.693845,0.69391
1783479600,0.693905,0.694335,0.693905,0.69431
1783479900,0.69431,0.694335,0.6941,0.69413
1783480200,0.694125,0.694565,0.694105,0.69456
1783480500,0.69456,0.69462,0.694445,0.694505
1783480800,0.694505,0.694675,0.694405,0.69458
1783481100,0.69458,0.69458,0.694365,0.69441
1783481400,0.69441,0.69447,0.69431,0.694385
1783481700,0.694385,0.694445,0.694325,0.694385
1783482000,0.69439,0.69443,0.694265,0.694425
1783482300,0.69443,0.69446,0.69432,0.69437
1783482600,0.694365,0.69439,0.6941,0.694165
1783482900,0.69416,0.69417,0.69398,0.69408
1783483200,0.69407,0.694085,0.693795,0.693805
1783483500,0.69381,0.69392,0.69367,0.6939
1783483800,0.693905,0.693925,0.69379,0.693845
1783484100,0.693845,0.69402,0.693835,0.693915
1783484400,0.69391,0.69408,0.693865,0.69403
1783484700,0.694035,0.694085,0.693985,0.69402
1783485000,0.694025,0.6942,0.69401,0.69409
1783485300,0.694095,0.69423,0.69409,0.69415
1783485600,0.69415,0.694225,0.694055,0.694115
1783485900,0.69411,0.69426,0.69401,0.69401
1783486200,0.694015,0.694225,0.693975,0.694075
1783486500,0.69407,0.694105,0.69398,0.69404
1783486800,0.694035,0.69434,0.69402,0.69432
1783487100,0.694315,0.694545,0.694295,0.694325
1783487400,0.69432,0.69432,0.69395,0.694
1783487700,0.693995,0.69431,0.693975,0.694295
1783488000,0.6943,0.69432,0.69403,0.69407
1783488300,0.69407,0.69421,0.69402,0.69412
1783488600,0.694125,0.69437,0.69408,0.694325
1783488900,0.69432,0.69437,0.694175,0.6943
1783489200,0.694295,0.69449,0.6942,0.694325
1783489500,0.694325,0.694455,0.69411,0.694115
1783489800,0.694115,0.69421,0.69402,0.69417
1783490100,0.694175,0.694325,0.694125,0.694205
1783490400,0.694205,0.694455,0.694015,0.694015
1783490700,0.69401,0.69425,0.693995,0.69409
1783491000,0.69408,0.69419,0.693905,0.693915
1783491300,0.69391,0.69426,0.6939,0.69424
1783491600,0.694235,0.69431,0.69403,0.69416
1783491900,0.694165,0.694195,0.694005,0.6941
1783492200,0.694085,0.69415,0.69382,0.69389
1783492500,0.693885,0.69403,0.69373,0.69399
1783492800,0.693985,0.69411,0.693825,0.693875
1783493100,0.69387,0.6939,0.69356,0.693575
1783493400,0.693575,0.69367,0.69346,0.69362
1783493700,0.693615,0.69377,0.693605,0.693755
1783494000,0.69375,0.69377,0.69341,0.693515
1783494300,0.69351,0.69353,0.69306,0.6933
1783494600,0.693305,0.69341,0.69322,0.69328
1783494900,0.693285,0.693495,0.693155,0.693495
1783495200,0.6935,0.69389,0.69342,0.69376
1783495500,0.693755,0.69385,0.69359,0.69384
1783495800,0.693835,0.694115,0.69383,0.6941
1783496100,0.694095,0.694185,0.693855,0.69396
1783496400,0.693965,0.694185,0.69388,0.69417
1783496700,0.69417,0.69432,0.69412,0.6942
1783497000,0.694195,0.694205,0.693985,0.69405
1783497300,0.694045,0.694105,0.69388,0.6939
1783497600,0.69391,0.69396,0.6937,0.69381
1783497900,0.6938,0.6939,0.693655,0.693825
1783498200,0.69382,0.69382,0.6936,0.6936
1783498500,0.693605,0.69377,0.69111,0.69195
1783498800,0.69196,0.69247,0.69193,0.692095
1783499100,0.692085,0.69255,0.692015,0.692425
1783499400,0.69242,0.692745,0.692075,0.69231
1783499700,0.692325,0.692375,0.691565,0.691605
1783500000,0.6916,0.691835,0.69125,0.69168
1783500300,0.69169,0.692445,0.69169,0.691965
1783500600,0.69196,0.692285,0.69175,0.69186
1783500900,0.691865,0.69208,0.691445,0.6915
1783501200,0.691495,0.69154,0.691025,0.6914
1783501500,0.691405,0.691435,0.69075,0.690865
1783501800,0.69086,0.690995,0.69066,0.69069
1783502100,0.690685,0.691525,0.69065,0.691285
1783502400,0.69128,0.691555,0.691275,0.691435
1783502700,0.691425,0.691525,0.69118,0.6915
1783503000,0.6915,0.692035,0.691405,0.692025
1783503300,0.69202,0.692175,0.69187,0.69204
1783503600,0.692035,0.69218,0.69191,0.692165
1783503900,0.69216,0.692405,0.692075,0.692385
1783504200,0.69238,0.69238,0.692155,0.69223
1783504500,0.692225,0.692235,0.6917,0.691715
1783504800,0.69172,0.69207,0.69172,0.691965
1783505100,0.69196,0.692025,0.69171,0.69176
1783505400,0.69176,0.691935,0.691655,0.691905
1783505700,0.69191,0.69218,0.69178,0.69218
1783506000,0.692185,0.692425,0.692165,0.692225
1783506300,0.69222,0.692385,0.692155,0.692355
1783506600,0.69235,0.692565,0.69218,0.6925
1783506900,0.69249,0.692685,0.692485,0.69262
1783507200,0.692615,0.69285,0.692505,0.69279
1783507500,0.692785,0.69283,0.692415,0.69258
1783507800,0.692575,0.6926,0.6923,0.692405
1783508100,0.6924,0.69254,0.692265,0.692265
1783508400,0.69226,0.692305,0.691915,0.69197
1783508700,0.69197,0.692085,0.691865,0.69194
1783509000,0.691935,0.692,0.691815,0.691925
1783509300,0.691935,0.69209,0.69191,0.691965
1783509600,0.691955,0.691955,0.69173,0.6918
1783509900,0.6918,0.69192,0.69166,0.691695
1783510200,0.6917,0.691725,0.69135,0.691435
1783510500,0.69143,0.69153,0.690775,0.69084
1783510800,0.690845,0.69223,0.69083,0.691945
1783511100,0.69194,0.69221,0.69169,0.6917
1783511400,0.691695,0.69178,0.691475,0.691705
1783511700,0.6917,0.69186,0.69158,0.691685
1783512000,0.69168,0.69234,0.69142,0.692285
1783512300,0.69229,0.69249,0.692225,0.69233
1783512600,0.692325,0.69242,0.69222,0.69226
1783512900,0.692265,0.69282,0.69226,0.692735
1783513200,0.692725,0.69277,0.692515,0.69256
1783513500,0.692555,0.692915,0.692515,0.69288
1783513800,0.692885,0.69302,0.692635,0.692715
1783514100,0.69271,0.692835,0.69256,0.692815
1783514400,0.69281,0.69287,0.692705,0.692815
1783514700,0.69282,0.69293,0.69273,0.69287
1783515000,0.692875,0.69318,0.69282,0.69306
1783515300,0.693055,0.69313,0.692055,0.692095
1783515600,0.69209,0.69257,0.692065,0.692505
1783515900,0.69251,0.692605,0.692315,0.6926
1783516200,0.692605,0.69277,0.692465,0.69252
1783516500,0.692515,0.69257,0.69231,0.6924
1783516800,0.692405,0.69253,0.692235,0.69236
1783517100,0.692355,0.69257,0.69219,0.69223
1783517400,0.69222,0.692785,0.69222,0.69272
1783517700,0.692725,0.692725,0.692405,0.69269
1783518000,0.692695,0.692845,0.692305,0.69255
1783518300,0.69254,0.692855,0.692435,0.69245
1783518600,0.692445,0.692545,0.692005,0.692005
1783518900,0.692,0.69231,0.691985,0.692295
1783519200,0.69229,0.69247,0.69216,0.692285
1783519500,0.69229,0.69237,0.69206,0.69219
1783519800,0.692185,0.69228,0.69193,0.691955
1783520100,0.69196,0.69232,0.691875,0.692265
1783520400,0.69226,0.692645,0.692185,0.692515
1783520700,0.69252,0.69267,0.69217,0.69237
1783521000,0.69236,0.692415,0.692145,0.692255
1783521300,0.69225,0.692435,0.69219,0.69237
1783521600,0.692365,0.69256,0.692305,0.692345
1783521900,0.692345,0.69236,0.6919,0.69194
1783522200,0.69194,0.69219,0.691665,0.69173
1783522500,0.69174,0.69193,0.69156,0.691835
1783522800,0.691845,0.69197,0.69169,0.691895
1783523100,0.69189,0.692315,0.691825,0.69214
1783523400,0.692145,0.69216,0.6916,0.69164
1783523700,0.69165,0.69173,0.69125,0.69154
1783524000,0.691545,0.6917,0.691155,0.691255
1783524300,0.69126,0.69133,0.69109,0.69119
1783524600,0.691185,0.69126,0.69086,0.6911
1783524900,0.691105,0.69129,0.69094,0.69095
1783525200,0.69096,0.691025,0.690705,0.69082
1783525500,0.690815,0.69101,0.69069,0.69101
1783525800,0.691015,0.691125,0.690925,0.69107
1783526100,0.691075,0.691165,0.69098,0.691015
1783526400,0.69101,0.691205,0.690955,0.691065
1783526700,0.69106,0.69134,0.69106,0.691275
1783527000,0.69127,0.69146,0.69125,0.69137
1783527300,0.691375,0.69164,0.6913,0.69163
1783527600,0.691625,0.69173,0.691585,0.691655
1783527900,0.691655,0.69181,0.69161,0.691725
1783528200,0.691715,0.69194,0.691665,0.69185
1783528500,0.691855,0.69219,0.691785,0.692095
1783528800,0.69209,0.69256,0.69201,0.6925
1783529100,0.692505,0.692665,0.692445,0.69257
1783529400,0.692575,0.692765,0.6925,0.692715
1783529700,0.69272,0.69279,0.692645,0.69266
1783530000,0.692665,0.692975,0.692645,0.692755
1783530300,0.69276,0.693405,0.692755,0.693255
1783530600,0.69326,0.69351,0.6932,0.693255
1783530900,0.693245,0.69341,0.693245,0.69338
1783531200,0.693385,0.69372,0.69338,0.693565
1783531500,0.69357,0.693725,0.69351,0.69368
1783531800,0.69367,0.693695,0.6935,0.69354
1783532100,0.69355,0.69355,0.693305,0.69336
1783532400,0.69336,0.69337,0.69321,0.693245
1783532700,0.69324,0.69327,0.69309,0.693105
1783533000,0.6931,0.69321,0.69306,0.6931
1783533300,0.693095,0.693095,0.692905,0.69292
1783533600,0.692905,0.693425,0.692805,0.693165
1783533900,0.69317,0.69333,0.693075,0.693315
1783534200,0.69331,0.693685,0.693235,0.69366
1783534500,0.693665,0.69375,0.693465,0.693565
1783534800,0.69356,0.69371,0.69346,0.69365
1783535100,0.69365,0.693715,0.69357,0.693655
1783535400,0.693645,0.693655,0.69345,0.693465
1783535700,0.69347,0.69379,0.693445,0.69378
1783536000,0.693785,0.69383,0.69365,0.69383
1783536300,0.69382,0.693925,0.693705,0.69383
1783536600,0.69383,0.6939,0.693715,0.69374
1783536900,0.693735,0.69374,0.6936,0.69363
1783537200,0.693635,0.69386,0.693625,0.69378
1783537500,0.693775,0.69394,0.693755,0.693915
1783537800,0.69391,0.69393,0.69377,0.693815
1783538100,0.693815,0.693875,0.693715,0.69374
1783538400,0.693745,0.693855,0.69373,0.693805
1783538700,0.6938,0.69388,0.69376,0.693855
1783539000,0.69386,0.69401,0.69381,0.69385
1783539300,0.69385,0.69393,0.69382,0.69388
1783539600,0.693875,0.693885,0.693805,0.693835
1783539900,0.69383,0.693845,0.69344,0.693555
1783540200,0.69355,0.69381,0.69352,0.693805
1783540500,0.6938,0.69387,0.693765,0.69377
1783540800,0.693775,0.69378,0.69365,0.693655
1783541100,0.693655,0.6938,0.69364,0.69379
1783541400,0.69378,0.69378,0.69353,0.693535
1783541700,0.69354,0.69355,0.69341,0.69347
1783542000,0.693465,0.69348,0.693395,0.693435
1783542300,0.693425,0.693425,0.69327,0.6933
1783542600,0.693305,0.69331,0.693165,0.693175
1783542900,0.69318,0.69318,0.69282,0.6929
1783543200,0.692905,0.69319,0.692905,0.693075
1783543500,0.69307,0.693095,0.69304,0.69305
1783543800,0.693055,0.693125,0.69304,0.693085
1783544100,0.693085,0.693105,0.692915,0.693035
1783544400,0.693035,0.693035,0.69269,0.69294
1783544700,0.69294,0.69317,0.69294,0.693055
1783545000,0.693055,0.693055,0.69287,0.69296
1783545300,0.69296,0.693495,0.692935,0.693465
1783545600,0.693465,0.69356,0.69299,0.692995
1783545900,0.692995,0.69305,0.692795,0.69285
1783546200,0.692935,0.692935,0.692755,0.69276
1783546500,0.69276,0.692845,0.69252,0.692635
1783546800,0.692635,0.69278,0.692535,0.692775
1783547100,0.69276,0.6932,0.69274,0.6932
1783547400,0.6932,0.693455,0.69284,0.69321
1783547700,0.69321,0.69332,0.69282,0.692945
1783548000,0.69294,0.6932,0.692825,0.693
1783548300,0.693,0.69319,0.692985,0.693045
1783548600,0.69304,0.69311,0.692995,0.693105
1783548900,0.693105,0.69317,0.69307,0.69314
1783549200,0.693135,0.69314,0.69306,0.693065
1783549500,0.69306,0.693085,0.692985,0.693
1783549800,0.693005,0.693095,0.693005,0.693085
1783550100,0.693085,0.69319,0.693075,0.693095
1783550400,0.693095,0.693105,0.69307,0.69307
1783550700,0.693075,0.693155,0.693075,0.693105
1783551000,0.693105,0.69313,0.693045,0.693045
1783551300,0.693045,0.693055,0.692985,0.693015
1783551600,0.69301,0.693155,0.692915,0.69315
1783551900,0.69315,0.69315,0.693085,0.693085
1783552200,0.69309,0.69314,0.693055,0.69314
1783552500,0.693135,0.69315,0.6931,0.6931
1783552800,0.6931,0.693155,0.693085,0.693145
1783553100,0.693145,0.69317,0.693125,0.693145
1783553400,0.69314,0.69327,0.69314,0.693265
1783553700,0.693265,0.693365,0.693255,0.693305
1783554000,0.693305,0.693555,0.69329,0.693545
1783554300,0.693545,0.69366,0.69354,0.69365
1783554600,0.69365,0.69365,0.69345,0.69353
1783554900,0.69352,0.69364,0.69348,0.693595
1783555200,0.6936,0.693855,0.6936,0.69375
1783555500,0.693745,0.693905,0.69372,0.693775
1783555800,0.69378,0.69399,0.69374,0.69398
1783556100,0.693975,0.69405,0.693665,0.69367
1783556400,0.693675,0.69382,0.69367,0.693725
1783556700,0.69373,0.693835,0.69365,0.693825
1783557000,0.693825,0.694035,0.693755,0.69385
1783557300,0.69385,0.69388,0.69365,0.69366
1783557600,0.693655,0.693655,0.693335,0.693345
1783557900,0.69335,0.69345,0.69326,0.693345
1783558200,0.69335,0.69337,0.69312,0.69313
1783558500,0.69312,0.69335,0.692985,0.69333
1783558800,0.693335,0.69338,0.69308,0.69315
1783559100,0.693155,0.69332,0.69308,0.69322
1783559400,0.693225,0.693235,0.69289,0.69294
1783559700,0.692945,0.693215,0.692905,0.69315
1783560000,0.69315,0.693215,0.69299,0.693035
1783560300,0.69303,0.693055,0.69276,0.69277
1783560600,0.692775,0.692835,0.6925,0.692795
1783560900,0.6928,0.693185,0.692785,0.693025
1783561200,0.69302,0.69302,0.69284,0.692925
1783561500,0.69293,0.693035,0.69279,0.69303
1783561800,0.693025,0.693095,0.6928,0.69286
1783562100,0.692865,0.69318,0.69286,0.693135
1783562400,0.69314,0.69323,0.693025,0.69316
1783562700,0.693155,0.69343,0.69312,0.693365
1783563000,0.69337,0.69358,0.69336,0.693575
1783563300,0.69358,0.693725,0.693475,0.693705
1783563600,0.693695,0.69371,0.69357,0.6936
1783563900,0.693605,0.69367,0.693465,0.693605
1783564200,0.6936,0.69366,0.69335,0.69335
1783564500,0.69336,0.693415,0.69313,0.69332
1783564800,0.69332,0.693415,0.693225,0.69327
1783565100,0.693275,0.693355,0.69326,0.693315
1783565400,0.69331,0.693375,0.69321,0.693275
1783565700,0.69327,0.693285,0.69309,0.693115
1783566000,0.69311,0.693195,0.69297,0.693175
1783566300,0.69317,0.693275,0.69314,0.69322
1783566600,0.693215,0.69322,0.693005,0.69308
1783566900,0.693075,0.69308,0.692775,0.692865
1783567200,0.692865,0.69307,0.69286,0.693065
1783567500,0.693065,0.693285,0.693055,0.693285
1783567800,0.69328,0.69374,0.69328,0.6935
1783568100,0.6935,0.693735,0.69348,0.693655
1783568400,0.693665,0.69368,0.693515,0.693615
1783568700,0.69361,0.693625,0.69349,0.69352
1783569000,0.69352,0.693725,0.69351,0.69363
1783569300,0.693625,0.69366,0.69333,0.69343
1783569600,0.693425,0.69357,0.693375,0.693535
1783569900,0.693535,0.69366,0.693495,0.693565
1783570200,0.69356,0.6936,0.69345,0.693575
1783570500,0.69357,0.69362,0.69319,0.6932
1783570800,0.6932,0.693335,0.69316,0.693165
1783571100,0.69317,0.693265,0.693155,0.69321
1783571400,0.693205,0.69347,0.693175,0.69335
1783571700,0.69335,0.6934,0.69329,0.69336
1783572000,0.693355,0.69344,0.69334,0.69338
1783572300,0.693385,0.69352,0.69335,0.693455
1783572600,0.69345,0.693585,0.69342,0.69354
1783572900,0.693535,0.69378,0.693505,0.69373
1783573200,0.69373,0.69386,0.693595,0.693615
1783573500,0.693615,0.693645,0.69345,0.693455
1783573800,0.69345,0.694,0.69343,0.69383
1783574100,0.693825,0.693845,0.693535,0.69362
1783574400,0.693615,0.693625,0.693495,0.693555
1783574700,0.693555,0.69375,0.69355,0.693665
1783575000,0.69366,0.69369,0.693445,0.69363
1783575300,0.69362,0.6938,0.69361,0.69375
1783575600,0.69375,0.69376,0.693415,0.69358
1783575900,0.69357,0.693855,0.69356,0.693825
1783576200,0.693825,0.693875,0.69375,0.69383
1783576500,0.693835,0.69396,0.69376,0.693815
1783576800,0.69382,0.69419,0.6938,0.69398
1783577100,0.693975,0.694025,0.69385,0.69397
1783577400,0.693975,0.69401,0.693775,0.69381
1783577700,0.693805,0.693955,0.693765,0.69382
1783578000,0.69382,0.69442,0.693815,0.69431
1783578300,0.694305,0.694595,0.694235,0.69442
1783578600,0.694415,0.69456,0.694255,0.69441
1783578900,0.69441,0.694415,0.694045,0.69414
1783579200,0.69413,0.69413,0.693895,0.694085
1783579500,0.69408,0.694125,0.69399,0.694025
1783579800,0.69402,0.69412,0.69394,0.69395
1783580100,0.693955,0.694015,0.69385,0.693965
1783580400,0.69397,0.694075,0.69385,0.69385
1783580700,0.693855,0.693875,0.69356,0.693715
1783581000,0.69371,0.693745,0.693605,0.693615
1783581300,0.693605,0.69382,0.693545,0.693755
1783581600,0.69375,0.693755,0.693565,0.693635
1783581900,0.69364,0.69372,0.6936,0.69362
1783582200,0.693625,0.693645,0.69339,0.693505
1783582500,0.6935,0.693645,0.693465,0.693515
1783582800,0.69351,0.693575,0.693455,0.693525
1783583100,0.69352,0.693545,0.69335,0.69352
1783583400,0.693515,0.693685,0.69343,0.69359
1783583700,0.693595,0.693855,0.69346,0.69378
1783584000,0.693785,0.693835,0.69357,0.693675
1783584300,0.69368,0.69389,0.69367,0.69374
1783584600,0.693745,0.693795,0.69358,0.69367
1783584900,0.69368,0.69396,0.69366,0.693895
1783585200,0.6939,0.693905,0.693765,0.693805
1783585500,0.6938,0.69397,0.693725,0.69388
1783585800,0.693875,0.69393,0.69377,0.69386
1783586100,0.693855,0.694035,0.693835,0.693895
1783586400,0.69389,0.69389,0.693755,0.693765
1783586700,0.69376,0.69381,0.693465,0.69351
1783587000,0.693515,0.69373,0.693425,0.693725
1783587300,0.69372,0.69373,0.69346,0.69349
1783587600,0.693485,0.69361,0.69345,0.69352
1783587900,0.69352,0.693535,0.693285,0.693315
1783588200,0.69331,0.693445,0.69322,0.693415
1783588500,0.69341,0.69359,0.69337,0.69348
1783588800,0.693475,0.693595,0.693475,0.69351
1783589100,0.69351,0.693705,0.69348,0.69369
1783589400,0.69368,0.69371,0.69344,0.69346
1783589700,0.69346,0.693535,0.6934,0.69344
1783590000,0.69345,0.69348,0.69323,0.693425
1783590300,0.69341,0.693515,0.69334,0.693505
1783590600,0.693515,0.69365,0.69351,0.69365
1783590900,0.693645,0.69382,0.69363,0.69378
1783591200,0.693765,0.69379,0.693655,0.69376
1783591500,0.69376,0.69383,0.693675,0.693725
1783591800,0.69372,0.69376,0.693645,0.693705
1783592100,0.6937,0.69381,0.69365,0.693675
1783592400,0.69368,0.69375,0.69365,0.693655
1783592700,0.69366,0.69366,0.69359,0.69362
1783593000,0.693615,0.69372,0.693555,0.69372
1783593300,0.69372,0.693795,0.69362,0.69362
1783593600,0.693625,0.693625,0.693515,0.69352
1783593900,0.693515,0.69356,0.6934,0.69345
1783594200,0.693445,0.693445,0.69296,0.69315
1783594500,0.69316,0.6932,0.692965,0.69318
1783594800,0.693185,0.69329,0.69311,0.69316
1783595100,0.693155,0.693225,0.69301,0.693085
1783595400,0.693085,0.69323,0.69307,0.69321
1783595700,0.693215,0.69322,0.693065,0.69311
1783596000,0.693115,0.693185,0.693045,0.693065
1783596300,0.69307,0.69322,0.693065,0.69312
1783596600,0.69312,0.693255,0.693,0.69319
1783596900,0.69319,0.693325,0.693055,0.693305
1783597200,0.693305,0.693355,0.69321,0.69322
1783597500,0.69322,0.69339,0.69321,0.693335
1783597800,0.693335,0.69354,0.693215,0.69353
1783598100,0.69352,0.69355,0.69337,0.69349
1783598400,0.693495,0.693805,0.69349,0.693785
1783598700,0.69379,0.69406,0.69362,0.69394
1783599000,0.69395,0.693955,0.69367,0.693765
1783599300,0.69377,0.69394,0.693755,0.69389
1783599600,0.693885,0.69389,0.69373,0.69375
1783599900,0.693755,0.693885,0.693755,0.69381
1783600200,0.693805,0.69399,0.69369,0.69377
1783600500,0.693775,0.693865,0.693675,0.69371
1783600800,0.693715,0.693795,0.6933,0.693415
1783601100,0.69341,0.693415,0.69322,0.69333
1783601400,0.69333,0.69344,0.693255,0.69332
1783601700,0.693315,0.693365,0.693115,0.693215
1783602000,0.69321,0.693535,0.69321,0.693445
1783602300,0.69345,0.693695,0.693335,0.69366
1783602600,0.69366,0.693665,0.693435,0.693635
1783602900,0.69363,0.693915,0.6936,0.6937
1783603200,0.693695,0.693785,0.693605,0.69373
1783603500,0.693735,0.693815,0.69369,0.69373
1783603800,0.693735,0.693895,0.693615,0.693835
1783604100,0.69384,0.693905,0.693755,0.69383
1783604400,0.693835,0.694095,0.693725,0.694
1783604700,0.694005,0.694035,0.69383,0.69402
1783605000,0.694015,0.694085,0.69386,0.693905
1783605300,0.693915,0.69411,0.693915,0.694095
1783605600,0.6941,0.69448,0.694025,0.694455
1783605900,0.69446,0.694465,0.694065,0.69408
1783606200,0.69407,0.6942,0.69403,0.694115
1783606500,0.69411,0.69411,0.69371,0.69378
1783606800,0.693785,0.694105,0.69376,0.694075
1783607100,0.69408,0.694235,0.69407,0.69413
1783607400,0.694125,0.694145,0.69386,0.694135
1783607700,0.69414,0.69431,0.69404,0.69414
1783608000,0.694145,0.694235,0.694035,0.69419
1783608300,0.694185,0.694215,0.694045,0.69407
1783608600,0.694075,0.694105,0.69391,0.694025
1783608900,0.69402,0.69407,0.693635,0.6938
1783609200,0.693805,0.69395,0.693625,0.693925
1783609500,0.69393,0.69442,0.69392,0.694385
1783609800,0.69439,0.694435,0.694165,0.694235
1783610100,0.69423,0.69433,0.694095,0.69411
1783610400,0.694115,0.69427,0.694055,0.694205
1783610700,0.69421,0.69439,0.6942,0.69434
1783611000,0.694345,0.69439,0.69415,0.69423
1783611300,0.694235,0.694305,0.694205,0.6943
1783611600,0.694305,0.694355,0.694205,0.69426
1783611900,0.694265,0.694435,0.694205,0.69436
1783612200,0.694365,0.694625,0.69436,0.694565
1783612500,0.69456,0.69456,0.694345,0.694345
1783612800,0.694345,0.694475,0.694345,0.694435
1783613100,0.69444,0.69465,0.694395,0.694595
1783613400,0.69459,0.694645,0.694485,0.694615
1783613700,0.694615,0.694715,0.694395,0.694415
1783614000,0.694415,0.694415,0.6943,0.69432
1783614300,0.694325,0.69441,0.694235,0.69434
1783614600,0.69433,0.694345,0.694165,0.69417
1783614900,0.69417,0.6943,0.69406,0.69427
1783615200,0.69427,0.69435,0.69423,0.69423
1783615500,0.694225,0.69433,0.694155,0.69417
1783615800,0.69417,0.694275,0.69416,0.69425
1783616100,0.69425,0.69426,0.694115,0.694115
1783616400,0.69411,0.694235,0.694075,0.694125
1783616700,0.69413,0.694195,0.694075,0.694145
1783617000,0.694145,0.694235,0.694105,0.694215
1783617300,0.69421,0.694365,0.694155,0.694365
1783617600,0.694365,0.69447,0.694345,0.694405
1783617900,0.694415,0.694495,0.694355,0.69448
1783618200,0.69448,0.694525,0.69439,0.69442
1783618500,0.69442,0.69448,0.694365,0.694375
1783618800,0.69437,0.69445,0.69434,0.69438
1783619100,0.69438,0.69459,0.694375,0.694485
1783619400,0.69449,0.694535,0.69446,0.69449
1783619700,0.69449,0.694545,0.69447,0.69449
1783620000,0.694485,0.694565,0.69441,0.69443
1783620300,0.694435,0.69453,0.69433,0.69443
1783620600,0.69443,0.69446,0.69438,0.69438
1783620900,0.69439,0.69442,0.694265,0.69428
1783621200,0.694285,0.694295,0.69417,0.694185
1783621500,0.694185,0.694225,0.69412,0.694175
1783621800,0.694185,0.69423,0.694125,0.694185
1783622100,0.69418,0.69419,0.694115,0.694115
1783622400,0.694115,0.69432,0.69411,0.69427
1783622700,0.694265,0.69431,0.694225,0.69429
1783623000,0.69428,0.69429,0.69418,0.69425
1783623300,0.69425,0.69433,0.694225,0.694285
1783623600,0.69429,0.694355,0.694135,0.69414
1783623900,0.69414,0.694225,0.694075,0.69408
1783624200,0.69408,0.69415,0.69406,0.694135
1783624500,0.694135,0.69423,0.69413,0.694215
1783624800,0.69422,0.69424,0.69413,0.69414
1783625100,0.69414,0.69414,0.694035,0.694065
1783625400,0.69407,0.69407,0.69393,0.69393
1783625700,0.693935,0.69402,0.69393,0.694015
1783626000,0.69401,0.69405,0.693895,0.693905
1783626300,0.6939,0.69397,0.693895,0.693945
1783626600,0.69394,0.69394,0.693775,0.693785
1783626900,0.6938,0.69399,0.69379,0.69394
1783627200,0.69393,0.694035,0.693915,0.693975
1783627500,0.69397,0.6941,0.693965,0.69409
1783627800,0.69409,0.694095,0.69404,0.694095
1783628100,0.694095,0.69415,0.69408,0.694145
1783628400,0.694145,0.694145,0.694125,0.694125
1783628700,0.69413,0.694145,0.69404,0.69404
1783629000,0.694045,0.69409,0.69403,0.69409
1783629300,0.69409,0.69412,0.694085,0.694105
1783629600,0.694105,0.69418,0.694105,0.694145
1783629900,0.694145,0.694145,0.69407,0.69409
1783630200,0.694085,0.6941,0.69402,0.694085
1783630500,0.69408,0.694185,0.694075,0.694085
1783630800,0.694085,0.694085,0.694085,0.694085
1783631100,0.694085,0.694285,0.694085,0.694115
1783631400,0.694115,0.694205,0.693835,0.693885
1783631700,0.693885,0.694,0.69386,0.693915
1783632000,0.693915,0.69407,0.693825,0.693875
1783632300,0.693875,0.69415,0.69378,0.69398
1783632600,0.69398,0.693995,0.693935,0.693985
1783632900,0.693985,0.6941,0.693935,0.69396
1783633200,0.69396,0.694125,0.69396,0.6941
1783633500,0.69406,0.69406,0.693985,0.694045
1783633800,0.69405,0.69408,0.69395,0.693965
1783634100,0.69397,0.69411,0.69388,0.694
1783634400,0.694045,0.694225,0.693975,0.69412
1783634700,0.694125,0.69425,0.694085,0.69411
1783635000,0.694115,0.69415,0.6941,0.694125
1783635300,0.694125,0.69419,0.694125,0.694175
1783635600,0.694175,0.694225,0.694125,0.694185
1783635900,0.694185,0.694185,0.694115,0.694115
1783636200,0.694115,0.69412,0.694065,0.694115
1783636500,0.694115,0.69417,0.694115,0.69415
1783636800,0.694145,0.69415,0.694115,0.694125
1783637100,0.694125,0.69414,0.694105,0.694125
1783637400,0.694125,0.694135,0.694105,0.694115
1783637700,0.694115,0.69413,0.694095,0.694125
1783638000,0.69413,0.69423,0.69412,0.694175
1783638300,0.69417,0.69422,0.69417,0.694215
1783638600,0.694215,0.694215,0.694165,0.694165
1783638900,0.69417,0.69418,0.694145,0.694165
1783639200,0.694165,0.69418,0.694135,0.69417
1783639500,0.69417,0.694225,0.69417,0.694215
1783639800,0.69422,0.694235,0.69418,0.694195
1783640100,0.694195,0.694265,0.69416,0.694265
1783640400,0.69426,0.694265,0.69422,0.694245
1783640700,0.69425,0.69425,0.69418,0.694225
1783641000,0.694225,0.69428,0.694215,0.694265
1783641300,0.694265,0.694305,0.694225,0.694305
1783641600,0.694315,0.69444,0.694115,0.69416
1783641900,0.694165,0.694185,0.694005,0.69406
1783642200,0.694055,0.694075,0.69386,0.69388
1783642500,0.693875,0.69398,0.69383,0.69388
1783642800,0.69389,0.69396,0.69375,0.69377
1783643100,0.69377,0.693785,0.693665,0.69374
1783643400,0.69374,0.693785,0.693375,0.693495
1783643700,0.69349,0.693745,0.69349,0.69372
1783644000,0.69372,0.69402,0.69368,0.69401
1783644300,0.694005,0.69419,0.693975,0.6941
1783644600,0.694095,0.69424,0.694075,0.69423
1783644900,0.694235,0.694675,0.69421,0.69454
1783645200,0.69455,0.69461,0.6944,0.694465
1783645500,0.694465,0.69478,0.6943,0.694715
1783645800,0.69471,0.69479,0.69459,0.694775
1783646100,0.69477,0.695115,0.69477,0.695085
1783646400,0.69508,0.69509,0.694725,0.694785
1783646700,0.6948,0.69481,0.6946,0.6948
1783647000,0.69479,0.69482,0.69456,0.69461
1783647300,0.694605,0.694725,0.694335,0.694495
1783647600,0.6945,0.69457,0.694395,0.694455
1783647900,0.69446,0.694965,0.6944,0.69495
1783648200,0.69495,0.695,0.694835,0.69498
1783648500,0.694985,0.69537,0.694975,0.69501
1783648800,0.695015,0.695075,0.694845,0.69501
1783649100,0.695015,0.69557,0.695,0.69547
1783649400,0.695475,0.69574,0.69546,0.695725
1783649700,0.69573,0.696185,0.695675,0.69613
1783650000,0.696125,0.69613,0.695815,0.69592
1783650300,0.69591,0.696225,0.69591,0.695965
1783650600,0.69596,0.696035,0.69585,0.69588
1783650900,0.695865,0.695965,0.69573,0.69592
1783651200,0.69593,0.696255,0.695905,0.69617
1783651500,0.69616,0.696465,0.69612,0.696465
1783651800,0.696465,0.696985,0.69645,0.696875
1783652100,0.696895,0.696895,0.696675,0.69673
1783652400,0.69673,0.69677,0.696575,0.69666
1783652700,0.696655,0.69686,0.69657,0.69677
1783653000,0.696765,0.696765,0.696455,0.69647
1783653300,0.696465,0.696495,0.696365,0.69641
1783653600,0.696415,0.69642,0.696175,0.696215
1783653900,0.696215,0.696395,0.696215,0.696355
1783654200,0.69636,0.696415,0.69626,0.69633
1783654500,0.696335,0.696355,0.69616,0.69633
1783654800,0.69633,0.69633,0.69622,0.696275
1783655100,0.696265,0.696275,0.696125,0.696125
1783655400,0.69613,0.696215,0.696045,0.696055
1783655700,0.696055,0.69606,0.695915,0.69604
1783656000,0.696035,0.696035,0.695895,0.69592
1783656300,0.69592,0.69598,0.6958,0.69586
1783656600,0.69586,0.695915,0.69578,0.695915
1783656900,0.695915,0.695915,0.69572,0.69577
1783657200,0.69577,0.69579,0.69554,0.69557
1783657500,0.69557,0.69576,0.69556,0.69572
1783657800,0.695725,0.695735,0.69566,0.69572
1783658100,0.69572,0.69573,0.695605,0.695625
1783658400,0.69562,0.695635,0.69546,0.69547
1783658700,0.69547,0.695525,0.69538,0.695405
1783659000,0.69541,0.695415,0.69531,0.695315
1783659300,0.69531,0.69546,0.6953,0.69546
1783659600,0.695465,0.69556,0.695395,0.69548
1783659900,0.69548,0.69563,0.69545,0.69552
1783660200,0.69552,0.695525,0.69535,0.695375
1783660500,0.69537,0.695415,0.695125,0.695125
1783660800,0.695115,0.69513,0.69484,0.69501
1783661100,0.69501,0.69511,0.694875,0.694875
1783661400,0.69486,0.69486,0.69471,0.694765
1783661700,0.694765,0.694825,0.69469,0.69469
1783662000,0.69469,0.69478,0.694615,0.694765
1783662300,0.69477,0.694905,0.69466,0.694855
1783662600,0.694855,0.69515,0.694855,0.69491
1783662900,0.694905,0.694925,0.6948,0.69489
1783663200,0.694895,0.695095,0.69484,0.695085
1783663500,0.69509,0.69528,0.695085,0.695235
1783663800,0.695235,0.695345,0.69515,0.695265
1783664100,0.69527,0.69547,0.69504,0.69543
1783664400,0.695425,0.695425,0.695105,0.69512
1783664700,0.695115,0.695185,0.69499,0.69499
1783665000,0.694985,0.69532,0.69498,0.69531
1783665300,0.695315,0.695425,0.69522,0.69536
1783665600,0.695355,0.69536,0.69498,0.69498
1783665900,0.69498,0.69503,0.694845,0.69488
1783666200,0.694875,0.69506,0.694865,0.695035
1783666500,0.69503,0.695135,0.694975,0.695
1783666800,0.694995,0.69502,0.69477,0.694875
1783667100,0.694875,0.694935,0.694755,0.69486
1783667400,0.694865,0.695,0.69481,0.69488
1783667700,0.694885,0.69509,0.69471,0.69507
1783668000,0.695075,0.69509,0.69485,0.69493
1783668300,0.694935,0.69494,0.69473,0.69482
1783668600,0.69483,0.69492,0.69479,0.69483
1783668900,0.694825,0.69499,0.69482,0.69488
1783669200,0.694875,0.69492,0.69472,0.694765
1783669500,0.694765,0.69479,0.694385,0.69449
1783669800,0.694495,0.69465,0.69445,0.69446
1783670100,0.694465,0.694575,0.69441,0.69454
1783670400,0.694545,0.69474,0.694355,0.69453
1783670700,0.694535,0.6948,0.694455,0.6948
1783671000,0.69481,0.69485,0.69467,0.6947
1783671300,0.694695,0.69475,0.694575,0.694635
1783671600,0.69464,0.69469,0.6944,0.694405
1783671900,0.69441,0.69447,0.69428,0.69438
1783672200,0.694385,0.69453,0.69435,0.694425
1783672500,0.694425,0.694435,0.69415,0.694305
1783672800,0.694305,0.69447,0.694195,0.69446
1783673100,0.694455,0.694465,0.694285,0.69438
1783673400,0.694385,0.69446,0.694315,0.69437
1783673700,0.69436,0.69447,0.69429,0.6943
1783674000,0.694295,0.69453,0.69418,0.69449
1783674300,0.69448,0.69448,0.69435,0.69436
1783674600,0.694355,0.69451,0.69431,0.694435
1783674900,0.69444,0.69451,0.69436,0.69442
1783675200,0.694425,0.694425,0.694275,0.694315
1783675500,0.694315,0.694385,0.69428,0.694335
1783675800,0.69433,0.69442,0.69426,0.69434
1783676100,0.694335,0.69444,0.69424,0.694435
1783676400,0.69443,0.69455,0.694425,0.694475
1783676700,0.69448,0.69459,0.69444,0.69458
1783677000,0.694585,0.69472,0.694545,0.69472
1783677300,0.694725,0.69475,0.69457,0.694575
1783677600,0.69458,0.69484,0.69458,0.69483
1783677900,0.69484,0.694945,0.69483,0.69486
1783678200,0.69486,0.69495,0.69482,0.694905
1783678500,0.6949,0.69502,0.694875,0.695015
1783678800,0.69501,0.69522,0.69501,0.69519
1783679100,0.695185,0.695225,0.695075,0.69519
1783679400,0.695185,0.69526,0.69506,0.695065
1783679700,0.69507,0.69518,0.695025,0.69507
1783680000,0.69508,0.69508,0.69489,0.69498
1783680300,0.69497,0.694985,0.69481,0.69487
1783680600,0.69487,0.69498,0.69482,0.69487
1783680900,0.69487,0.69498,0.69481,0.69483
1783681200,0.694835,0.694975,0.694815,0.69491
1783681500,0.694905,0.694915,0.69471,0.69475
1783681800,0.69475,0.694825,0.694715,0.694765
1783682100,0.694765,0.694815,0.694655,0.69472
1783682400,0.69473,0.69478,0.69457,0.694645
1783682700,0.694645,0.694645,0.69434,0.69444
1783683000,0.694445,0.69452,0.69431,0.69445
1783683300,0.69446,0.69447,0.69425,0.69436
1783683600,0.694365,0.69462,0.694355,0.694595
1783683900,0.6946,0.694755,0.69459,0.69475
1783684200,0.694745,0.69498,0.694745,0.694835
1783684500,0.69484,0.69492,0.694805,0.694915
1783684800,0.69492,0.694995,0.69466,0.694725
1783685100,0.694725,0.69498,0.69469,0.69495
1783685400,0.69495,0.6958,0.694915,0.695345
1783685700,0.69533,0.69537,0.6951,0.69521
1783686000,0.6952,0.69522,0.695075,0.69515
1783686300,0.695145,0.695145,0.69496,0.69497
1783686600,0.69496,0.69521,0.69475,0.694765
1783686900,0.69476,0.69492,0.69471,0.69487
1783687200,0.694875,0.69491,0.694655,0.694675
1783687500,0.69468,0.69477,0.694565,0.69473
1783687800,0.694735,0.694785,0.69469,0.69471
1783688100,0.694705,0.69502,0.69466,0.695
1783688400,0.695005,0.69501,0.694755,0.694795
1783688700,0.6948,0.69489,0.69466,0.694875
1783689000,0.69488,0.695085,0.694805,0.695085
1783689300,0.69508,0.695175,0.69497,0.695075
1783689600,0.69509,0.695175,0.694935,0.69496
1783689900,0.69496,0.69508,0.694855,0.694905
1783690200,0.69491,0.69529,0.69489,0.695165
1783690500,0.695165,0.695325,0.69507,0.695325
1783690800,0.69531,0.69536,0.69509,0.69523
1783691100,0.695225,0.695255,0.694985,0.69502
1783691400,0.695015,0.695265,0.694985,0.69503
1783691700,0.695025,0.695025,0.69473,0.69484
1783692000,0.694845,0.694915,0.69471,0.69472
1783692300,0.694715,0.69478,0.69462,0.694765
1783692600,0.69477,0.69486,0.69462,0.69486
1783692900,0.694865,0.69503,0.694755,0.69497
1783693200,0.694975,0.695105,0.69489,0.6949
1783693500,0.694905,0.695205,0.69486,0.695015
1783693800,0.69502,0.69517,0.69359,0.69442
1783694100,0.694425,0.69489,0.6943,0.694655
1783694400,0.69465,0.694745,0.69451,0.694565
1783694700,0.69456,0.694825,0.69451,0.69475
1783695000,0.694755,0.69483,0.69464,0.694815
1783695300,0.69481,0.694825,0.69427,0.694585
1783695600,0.69458,0.694725,0.694415,0.6946
1783695900,0.694595,0.694895,0.694525,0.694825
1783696200,0.69483,0.695045,0.69483,0.694945
1783696500,0.694945,0.6955,0.69494,0.69549
1783696800,0.695485,0.695815,0.69542,0.69557
1783697100,0.695575,0.69577,0.695555,0.69571
1783697400,0.69572,0.69576,0.69551,0.69565
1783697700,0.695655,0.695735,0.695455,0.69573
1783698000,0.695735,0.695735,0.69545,0.695495
1783698300,0.69551,0.69561,0.695435,0.695575
1783698600,0.69558,0.69574,0.695505,0.69571
1783698900,0.695705,0.695935,0.695645,0.69586
1783699200,0.695865,0.69612,0.69586,0.69605
1783699500,0.696045,0.696135,0.695795,0.69612
1783699800,0.696115,0.69636,0.69603,0.69633
1783700100,0.696335,0.696505,0.69615,0.696185
1783700400,0.69618,0.69631,0.69608,0.69625
1783700700,0.69626,0.696445,0.69624,0.6964
1783701000,0.696405,0.696475,0.69635,0.69637
1783701300,0.696375,0.696495,0.69631,0.69636
1783701600,0.69635,0.696465,0.69623,0.69624
1783701900,0.69625,0.6963,0.696175,0.69618
1783702200,0.696185,0.69629,0.69598,0.69602
1783702500,0.696025,0.69611,0.695835,0.695835
1783702800,0.69583,0.69592,0.695735,0.695775
1783703100,0.69578,0.695815,0.6957,0.695725
1783703400,0.69572,0.69585,0.6957,0.695785
1783703700,0.69578,0.695835,0.69559,0.69563
1783704000,0.69563,0.695745,0.69563,0.695675
1783704300,0.69568,0.695715,0.695615,0.69569
1783704600,0.6957,0.69576,0.695645,0.69568
1783704900,0.695685,0.69569,0.69547,0.69549
1783705200,0.695485,0.69565,0.69547,0.69559
1783705500,0.695595,0.69565,0.69555,0.695565
1783705800,0.695565,0.695625,0.695425,0.69545
1783706100,0.695445,0.69545,0.695295,0.69531
1783706400,0.695315,0.695355,0.6952,0.695275
1783706700,0.695285,0.6953,0.695185,0.695245
1783707000,0.695245,0.695445,0.695245,0.69527
1783707300,0.69527,0.69531,0.6952,0.69521
1783707600,0.695195,0.695265,0.69515,0.69515
1783707900,0.695155,0.695335,0.69515,0.69526
1783708200,0.695265,0.695365,0.695225,0.69536
1783708500,0.69535,0.695395,0.695245,0.69529
1783708800,0.695285,0.69529,0.69515,0.6952
1783709100,0.69521,0.69531,0.69521,0.695305
1783709400,0.695305,0.69535,0.695205,0.69527
1783709700,0.695265,0.6953,0.69523,0.69525
1783710000,0.695245,0.69525,0.69512,0.695145
1783710300,0.695145,0.69521,0.69511,0.695175
1783710600,0.695175,0.69519,0.69509,0.695155
1783710900,0.695155,0.695215,0.69515,0.6952
1783711200,0.695195,0.695215,0.69515,0.69518
1783711500,0.695185,0.695215,0.695155,0.695195
1783711800,0.6952,0.695275,0.69514,0.69514
1783712100,0.695145,0.695165,0.695105,0.69515
1783712400,0.695145,0.69521,0.695125,0.69514
1783712700,0.69514,0.695155,0.695095,0.69514
1783713000,0.695145,0.695195,0.69511,0.69519
1783713300,0.695195,0.69531,0.695195,0.69525
1783713600,0.695255,0.69542,0.69525,0.69541
1783713900,0.695415,0.695425,0.695195,0.695195
1783714200,0.6952,0.695255,0.695195,0.695245
1783714500,0.69525,0.695305,0.695225,0.6953
1783714800,0.6953,0.695335,0.69526,0.695275
1783715100,0.69527,0.69528,0.69518,0.695215
1783715400,0.69521,0.69521,0.695125,0.69515
1783715700,0.695155,0.69517,0.695025,0.695045
1783716000,0.69504,0.695255,0.69501,0.69523
1783716300,0.695235,0.6953,0.69521,0.695235
1783716600,0.695245,0.695335,0.69524,0.695325
1783716900,0.69533,0.69558,0.69527,0.69558
1783890000,0.69558,0.69558,0.69479,0.69483
1783890300,0.69483,0.694895,0.694745,0.694885
1783890600,0.69489,0.69493,0.69476,0.694885
1783890900,0.694865,0.694885,0.694835,0.694885
1783891200,0.694885,0.69491,0.69454,0.6946
1783891500,0.6946,0.69465,0.6946,0.694645
1783891800,0.694645,0.694885,0.69454,0.694575
1783892100,0.694575,0.694595,0.694565,0.69458
1783892400,0.69458,0.69462,0.69457,0.69457
1783892700,0.694615,0.694615,0.694565,0.694585
1783893000,0.6946,0.694645,0.69456,0.69462
1783893300,0.694605,0.694605,0.694215,0.694415
1783893600,0.6944,0.69448,0.693595,0.693955
1783893900,0.693945,0.693945,0.69332,0.69365
1783894200,0.693645,0.69377,0.6933,0.69333
1783894500,0.69333,0.693515,0.693215,0.69342
1783894800,0.69342,0.693595,0.693415,0.69358
1783895100,0.693575,0.69373,0.69354,0.693725
1783895400,0.69372,0.69394,0.69372,0.693855
1783895700,0.69386,0.693865,0.693665,0.69369
1783896000,0.69369,0.69376,0.69365,0.69373
1783896300,0.69373,0.69385,0.69369,0.693835
1783896600,0.693835,0.693885,0.69372,0.69377
1783896900,0.69376,0.693785,0.69369,0.693745
1783897200,0.69374,0.693795,0.693655,0.69374
1783897500,0.69374,0.693935,0.69374,0.69389
1783897800,0.69389,0.69404,0.69383,0.694025
1783898100,0.694025,0.694025,0.69392,0.69394
1783898400,0.69394,0.694015,0.69388,0.693965
1783898700,0.69396,0.694025,0.69395,0.69402
1783899000,0.69402,0.694035,0.69384,0.69385
1783899300,0.693855,0.693925,0.693825,0.69392
1783899600,0.69392,0.694015,0.693885,0.69392
1783899900,0.69392,0.694095,0.69386,0.693865
1783900200,0.693865,0.694045,0.693865,0.693925
1783900500,0.693925,0.694195,0.69382,0.694185
1783900800,0.69419,0.69426,0.693975,0.69414
1783901100,0.694145,0.69433,0.69412,0.694225
1783901400,0.69422,0.694385,0.69421,0.69428
1783901700,0.694285,0.69433,0.693925,0.693945
1783902000,0.69395,0.69432,0.693945,0.694235
1783902300,0.69424,0.694255,0.693965,0.69397
1783902600,0.693965,0.6941,0.69371,0.69372
1783902900,0.693725,0.69384,0.69343,0.69353
1783903200,0.69352,0.69374,0.6935,0.693685
1783903500,0.69369,0.693825,0.69343,0.69344
1783903800,0.693435,0.69359,0.6933,0.69338
1783904100,0.693375,0.693525,0.69329,0.693365
1783904400,0.69337,0.69339,0.693005,0.69304
1783904700,0.69303,0.693165,0.69295,0.69297
1783905000,0.692975,0.69318,0.69292,0.693125
1783905300,0.69312,0.693495,0.69312,0.69339
1783905600,0.693385,0.69348,0.69284,0.69306
1783905900,0.69307,0.69334,0.69304,0.693335
1783906200,0.69334,0.693475,0.6932,0.69329
1783906500,0.693285,0.693685,0.69323,0.69352
1783906800,0.693525,0.693635,0.693365,0.69348
1783907100,0.693485,0.693745,0.69343,0.69363
1783907400,0.69363,0.69366,0.693415,0.69347
1783907700,0.693465,0.69353,0.693275,0.693515
1783908000,0.693525,0.693575,0.69321,0.69331
1783908300,0.69332,0.693445,0.69323,0.69337
1783908600,0.69337,0.69353,0.69337,0.69344
1783908900,0.693435,0.693605,0.693395,0.69356
1783909200,0.69356,0.693775,0.693555,0.69367
1783909500,0.69367,0.69377,0.69362,0.693695
1783909800,0.69369,0.69373,0.693535,0.69369
1783910100,0.6937,0.693795,0.693665,0.69369
1783910400,0.69369,0.69379,0.69359,0.69375
1783910700,0.693745,0.693745,0.69345,0.693495
1783911000,0.69349,0.693495,0.693315,0.693335
1783911300,0.69334,0.693395,0.69313,0.69313
1783911600,0.69312,0.69317,0.69284,0.69289
1783911900,0.69289,0.692895,0.69264,0.69268
1783912200,0.69268,0.69268,0.69242,0.69265
1783912500,0.69265,0.69273,0.692595,0.69272
1783912800,0.692725,0.692805,0.69269,0.69275
1783913100,0.69275,0.692845,0.69269,0.692775
1783913400,0.69278,0.692975,0.692695,0.692785
1783913700,0.69278,0.69285,0.692695,0.6928
1783914000,0.692805,0.692935,0.6928,0.692855
1783914300,0.69285,0.69293,0.692805,0.69293
1783914600,0.69293,0.692995,0.6928,0.69293
1783914900,0.692935,0.69302,0.69284,0.693005
1783915200,0.693005,0.693005,0.69262,0.69263
1783915500,0.692635,0.69275,0.692615,0.69263
1783915800,0.692625,0.692745,0.69251,0.692745
1783916100,0.69275,0.692855,0.69263,0.692845
1783916400,0.69284,0.692905,0.69279,0.692845
1783916700,0.692845,0.693,0.692765,0.69299
1783917000,0.692985,0.69311,0.692975,0.69302
1783917300,0.693025,0.693095,0.69296,0.69309
1783917600,0.693085,0.69309,0.692935,0.69295
1783917900,0.69295,0.69306,0.692945,0.69302
1783918200,0.69301,0.69322,0.693005,0.69322
1783918500,0.693225,0.69335,0.69322,0.693255
1783918800,0.69326,0.69344,0.69319,0.693435
1783919100,0.69343,0.69373,0.693405,0.6937
1783919400,0.693695,0.6938,0.693625,0.69374
1783919700,0.69373,0.69375,0.69337,0.69339
1783920000,0.693395,0.693445,0.69296,0.69299
1783920300,0.69299,0.69306,0.6927,0.69273
1783920600,0.692735,0.693125,0.69255,0.6931
1783920900,0.693095,0.69325,0.69308,0.69316
1783921200,0.693155,0.69325,0.69307,0.69308
1783921500,0.69308,0.693145,0.69298,0.693135
1783921800,0.69314,0.693285,0.692835,0.69288
1783922100,0.692885,0.69303,0.692735,0.69289
1783922400,0.69288,0.69313,0.69287,0.692965
1783922700,0.69297,0.693,0.692625,0.69264
1783923000,0.69264,0.69281,0.69239,0.692465
1783923300,0.69246,0.6928,0.69246,0.69277
1783923600,0.692765,0.693025,0.69274,0.69289
1783923900,0.69289,0.692995,0.69278,0.69285
1783924200,0.69285,0.69326,0.69279,0.69294
1783924500,0.69294,0.69333,0.69294,0.69324
1783924800,0.693235,0.693255,0.692935,0.69298
1783925100,0.69298,0.693015,0.69285,0.693
1783925400,0.692995,0.693075,0.692735,0.69286
1783925700,0.69286,0.692895,0.692785,0.69287
1783926000,0.69288,0.693235,0.692835,0.69319
1783926300,0.69319,0.693275,0.692935,0.693255
1783926600,0.69326,0.693505,0.69317,0.69329
1783926900,0.693285,0.693325,0.69303,0.69312
1783927200,0.693125,0.693345,0.69308,0.693305
1783927500,0.6933,0.69332,0.693135,0.6932
1783927800,0.693195,0.693195,0.69277,0.69301
1783928100,0.693015,0.69358,0.69301,0.693355
1783928400,0.69335,0.693425,0.6931,0.693115
1783928700,0.69311,0.693405,0.69311,0.69335
1783929000,0.693345,0.69374,0.6933,0.69371
1783929300,0.693715,0.693755,0.693585,0.693735
1783929600,0.69374,0.69398,0.69372,0.693975
1783929900,0.69398,0.69424,0.693885,0.69419
1783930200,0.69418,0.69455,0.69412,0.69438
1783930500,0.69438,0.69472,0.694375,0.69444
1783930800,0.694445,0.69452,0.694385,0.69442
1783931100,0.69441,0.694425,0.694095,0.69413
1783931400,0.694135,0.69427,0.69397,0.694145
1783931700,0.69415,0.694265,0.694025,0.69408
1783932000,0.69408,0.69434,0.69403,0.694285
1783932300,0.694275,0.694355,0.69419,0.694335
1783932600,0.69434,0.69444,0.69424,0.694405
1783932900,0.6944,0.694405,0.69419,0.69421
1783933200,0.6942,0.69424,0.69408,0.694225
1783933500,0.69423,0.69425,0.69408,0.69414
1783933800,0.694145,0.694145,0.693975,0.69406
1783934100,0.694065,0.69432,0.694055,0.694115
1783934400,0.69412,0.69412,0.69392,0.69399
1783934700,0.694,0.694085,0.69393,0.69406
1783935000,0.694055,0.69414,0.693945,0.69396
1783935300,0.693965,0.6941,0.69393,0.69402
1783935600,0.694025,0.694145,0.69398,0.694065
1783935900,0.69407,0.69414,0.693975,0.693995
1783936200,0.694,0.69402,0.693895,0.69401
1783936500,0.694015,0.69418,0.694015,0.69417
1783936800,0.694175,0.694315,0.69413,0.69429
1783937100,0.69429,0.694295,0.69413,0.69417
1783937400,0.69417,0.69419,0.694035,0.69407
1783937700,0.69406,0.69406,0.69384,0.693945
1783938000,0.69394,0.69404,0.693895,0.694005
1783938300,0.69401,0.6941,0.693885,0.69394
1783938600,0.693935,0.69415,0.693915,0.69398
1783938900,0.693985,0.6942,0.69388,0.694175
1783939200,0.69418,0.69425,0.69403,0.694135
1783939500,0.69413,0.69445,0.69412,0.694445
1783939800,0.69444,0.69452,0.694335,0.6945
1783940100,0.694495,0.694625,0.69443,0.69462
1783940400,0.694615,0.694705,0.69448,0.69468
1783940700,0.69467,0.69487,0.69453,0.69457
1783941000,0.69456,0.694575,0.69439,0.69453
1783941300,0.694525,0.69455,0.69432,0.694325
1783941600,0.694335,0.69442,0.694225,0.694415
1783941900,0.69441,0.694745,0.694405,0.694695
1783942200,0.69469,0.694965,0.694645,0.69495
1783942500,0.694955,0.69497,0.694685,0.69474
1783942800,0.694735,0.694875,0.69473,0.69487
1783943100,0.694865,0.694865,0.69463,0.69473
1783943400,0.694725,0.694745,0.69458,0.69462
1783943700,0.694605,0.69462,0.694465,0.69452
1783944000,0.69451,0.69463,0.694365,0.694395
1783944300,0.694405,0.694465,0.694125,0.6943
1783944600,0.69429,0.69443,0.69382,0.693925
1783944900,0.69393,0.6942,0.69393,0.6941
1783945200,0.694095,0.694165,0.693935,0.69416
1783945500,0.694155,0.69427,0.69396,0.69411
1783945800,0.694115,0.69431,0.694015,0.6943
1783946100,0.694295,0.69431,0.694115,0.69415
1783946400,0.694145,0.6943,0.694135,0.69415
1783946700,0.694145,0.69442,0.69414,0.694305
1783947000,0.6943,0.69439,0.694195,0.69433
1783947300,0.694335,0.69462,0.694295,0.69461
1783947600,0.694615,0.694835,0.69448,0.69462
1783947900,0.694615,0.69463,0.694515,0.69457
1783948200,0.694575,0.6946,0.69422,0.69426
1783948500,0.69426,0.69433,0.69416,0.694195
1783948800,0.6942,0.69423,0.694105,0.69412
1783949100,0.694125,0.69435,0.694075,0.694255
1783949400,0.69425,0.69436,0.69416,0.694205
1783949700,0.694195,0.694395,0.693705,0.69371
1783950000,0.693705,0.693845,0.693565,0.69373
1783950300,0.693735,0.693915,0.693605,0.69364
1783950600,0.693645,0.693765,0.6934,0.69374
1783950900,0.693735,0.693845,0.693605,0.69364
1783951200,0.693635,0.693955,0.69359,0.693655
1783951500,0.693665,0.69379,0.69358,0.69378
1783951800,0.69378,0.69385,0.693655,0.693725
1783952100,0.69372,0.69384,0.69273,0.69323
1783952400,0.693225,0.693635,0.693035,0.693525
1783952700,0.69353,0.693835,0.693465,0.69373
1783953000,0.693725,0.69381,0.69356,0.69364
1783953300,0.693635,0.69368,0.69342,0.693505
1783953600,0.69351,0.69351,0.69323,0.69341
1783953900,0.69341,0.69364,0.693265,0.693515
1783954200,0.69351,0.69353,0.69318,0.693215
1783954500,0.693205,0.69361,0.693135,0.693605
1783954800,0.69361,0.69368,0.69347,0.69355
1783955100,0.693555,0.69382,0.69355,0.6938
1783955400,0.693805,0.693815,0.69348,0.6936
1783955700,0.693585,0.69375,0.693395,0.693745
1783956000,0.69374,0.693885,0.69369,0.693805
1783956300,0.6938,0.693805,0.693595,0.693655
1783956600,0.69366,0.69372,0.69342,0.693425
1783956900,0.69343,0.69358,0.6934,0.693495
1783957200,0.69349,0.693525,0.69341,0.69343
1783957500,0.693425,0.69345,0.69327,0.69338
1783957800,0.693375,0.693425,0.693215,0.693415
1783958100,0.69341,0.693525,0.693375,0.693395
1783958400,0.693405,0.693515,0.69329,0.693435
1783958700,0.69344,0.693585,0.6934,0.69358
1783959000,0.693575,0.693685,0.69352,0.693565
1783959300,0.69357,0.69358,0.693315,0.693385
1783959600,0.693375,0.693375,0.693085,0.693085
1783959900,0.69308,0.693165,0.692675,0.69279
1783960200,0.692795,0.69281,0.692075,0.69211
1783960500,0.692115,0.69226,0.691795,0.692125
1783960800,0.69213,0.69247,0.69195,0.69242
1783961100,0.69242,0.69259,0.692075,0.69215
1783961400,0.692155,0.692195,0.691775,0.69204
1783961700,0.69205,0.692205,0.69194,0.69219
1783962000,0.692195,0.69226,0.692045,0.69214
1783962300,0.69214,0.692475,0.692105,0.69244
1783962600,0.692435,0.692465,0.69231,0.69236
1783962900,0.692355,0.692525,0.69227,0.6925
1783963200,0.692495,0.69261,0.692395,0.69242
1783963500,0.692425,0.69246,0.69232,0.692425
1783963800,0.69242,0.69247,0.692305,0.692425
1783964100,0.69242,0.69242,0.6923,0.69233
1783964400,0.69232,0.69249,0.69223,0.69246
1783964700,0.69246,0.692615,0.692365,0.69237
1783965000,0.692365,0.69241,0.69208,0.69219
1783965300,0.6922,0.69223,0.692095,0.69213
1783965600,0.692135,0.69221,0.69198,0.692015
1783965900,0.69201,0.692235,0.691995,0.69216
1783966200,0.69217,0.69217,0.691945,0.69203
1783966500,0.692025,0.69203,0.691765,0.69187
1783966800,0.691875,0.691995,0.691845,0.69197
1783967100,0.691975,0.6921,0.69196,0.69202
1783967400,0.69203,0.69211,0.69196,0.69202
1783967700,0.692015,0.692215,0.692015,0.692115
1783968000,0.692115,0.69222,0.692055,0.692145
1783968300,0.692145,0.692205,0.692075,0.69212
1783968600,0.692115,0.69225,0.69211,0.692165
1783968900,0.692165,0.69223,0.692105,0.692215
1783969200,0.692225,0.692275,0.692105,0.69216
1783969500,0.69216,0.692205,0.69192,0.69192
1783969800,0.691935,0.691935,0.69171,0.691715
1783970100,0.69172,0.6918,0.691685,0.691725
1783970400,0.69173,0.691795,0.69169,0.69176
1783970700,0.691755,0.69178,0.69165,0.69167
1783971000,0.691675,0.69174,0.69166,0.691725
1783971300,0.69173,0.69173,0.691495,0.69156
1783971600,0.69156,0.691745,0.69155,0.691705
1783971900,0.6917,0.691715,0.691615,0.69166
1783972200,0.69167,0.69172,0.691665,0.69171
1783972500,0.691715,0.69182,0.691715,0.69179
1783972800,0.691795,0.69182,0.69172,0.691805
1783973100,0.691805,0.69181,0.691665,0.69167
1783973400,0.691685,0.691685,0.691495,0.69151
1783973700,0.69151,0.69157,0.69132,0.69152
1783974000,0.69152,0.691535,0.69138,0.691395
1783974300,0.6914,0.691595,0.6914,0.69158
1783974600,0.69159,0.691695,0.69152,0.69166
1783974900,0.69166,0.69169,0.691605,0.69168
1783975200,0.691675,0.69178,0.69164,0.69176
1783975500,0.691755,0.69176,0.691695,0.691705
1783975800,0.69171,0.691745,0.691665,0.69169
1783976100,0.691685,0.691845,0.691675,0.691845
1783976400,0.691855,0.69213,0.691725,0.691725
1783976700,0.69174,0.69202,0.69171,0.6918
1783977000,0.6918,0.691905,0.69171,0.69181
1783977300,0.69181,0.69187,0.69165,0.691695
1783977600,0.691695,0.69173,0.691695,0.691705
1783977900,0.691705,0.691735,0.69165,0.69172
1783978200,0.69172,0.69175,0.691685,0.69173
1783978500,0.69173,0.691805,0.69171,0.6918
1783978800,0.69175,0.69181,0.691705,0.69181
1783979100,0.69181,0.6919,0.691765,0.691875
1783979400,0.691875,0.691895,0.69178,0.69186
1783979700,0.69186,0.691885,0.69178,0.69183
1783980000,0.691835,0.69206,0.691725,0.69196
1783980300,0.69197,0.691995,0.691925,0.69195
1783980600,0.69195,0.691955,0.691905,0.691945
1783980900,0.69195,0.69203,0.691905,0.692005
1783981200,0.692005,0.69204,0.691945,0.691945
1783981500,0.691945,0.69196,0.69193,0.69195
1783981800,0.691955,0.69197,0.691835,0.69184
1783982100,0.69184,0.691855,0.69173,0.691755
1783982400,0.691755,0.691915,0.691745,0.691905
1783982700,0.691905,0.691905,0.6918,0.69181
1783983000,0.69181,0.691835,0.691725,0.69179
1783983300,0.69179,0.691795,0.691645,0.691695
1783983600,0.691695,0.69173,0.691605,0.691645
1783983900,0.691645,0.691745,0.691645,0.69167
1783984200,0.69167,0.69174,0.691645,0.691735
1783984500,0.69173,0.69173,0.691575,0.691595
1783984800,0.691595,0.6917,0.691535,0.69169
1783985100,0.691695,0.69172,0.69162,0.691635
1783985400,0.69163,0.691645,0.69154,0.691595
1783985700,0.691595,0.6917,0.69159,0.691685
1783986000,0.69168,0.69182,0.691675,0.691725
1783986300,0.69173,0.691845,0.691575,0.691715
1783986600,0.691725,0.691885,0.6916,0.69181
1783986900,0.69181,0.69196,0.69177,0.69194
1783987200,0.691945,0.692,0.691425,0.691505
1783987500,0.6915,0.69167,0.69137,0.69166
1783987800,0.69167,0.69192,0.69164,0.69179
1783988100,0.69179,0.69184,0.69134,0.69134
1783988400,0.691345,0.691695,0.691285,0.69161
1783988700,0.691605,0.69162,0.69144,0.69155
1783989000,0.691555,0.69189,0.69153,0.691815
1783989300,0.69182,0.692,0.691795,0.6919
1783989600,0.691905,0.692005,0.69166,0.69197
1783989900,0.691965,0.6921,0.69185,0.692015
1783990200,0.69202,0.692215,0.691945,0.69195
1783990500,0.69194,0.69215,0.69186,0.69189
1783990800,0.691895,0.69196,0.69173,0.69184
1783991100,0.69183,0.69196,0.6918,0.691945
1783991400,0.69195,0.692,0.69184,0.69188
1783991700,0.691885,0.692295,0.691845,0.69224
1783992000,0.69224,0.692415,0.69214,0.692185
1783992300,0.69218,0.692245,0.69199,0.69199
1783992600,0.691985,0.69205,0.691795,0.691835
1783992900,0.69183,0.69184,0.691595,0.69168
1783993200,0.69168,0.69203,0.69167,0.692005
1783993500,0.692,0.69222,0.692,0.69216
1783993800,0.692165,0.692215,0.69197,0.692075
1783994100,0.69208,0.69211,0.691915,0.692055
1783994400,0.69206,0.69228,0.691985,0.692245
1783994700,0.69224,0.6924,0.69222,0.69228
1783995000,0.692285,0.69234,0.69214,0.69228
1783995300,0.692285,0.692415,0.69227,0.69236
1783995600,0.692365,0.69246,0.69228,0.692315
1783995900,0.69232,0.692545,0.69229,0.69251
1783996200,0.692515,0.692615,0.69237,0.69239
1783996500,0.692385,0.69261,0.692375,0.69259
1783996800,0.692585,0.692825,0.69255,0.69268
1783997100,0.692685,0.692755,0.692595,0.692665
1783997400,0.692655,0.69266,0.692435,0.692435
1783997700,0.69243,0.69248,0.69234,0.69237
1783998000,0.692375,0.69251,0.69219,0.69226
1783998300,0.692255,0.692325,0.692195,0.692225
1783998600,0.69222,0.6924,0.69216,0.69228
1783998900,0.692285,0.69237,0.69223,0.692355
1783999200,0.69235,0.6925,0.69225,0.69243
1783999500,0.692435,0.692715,0.69243,0.6927
1783999800,0.692695,0.69297,0.692655,0.69273
1784000100,0.69273,0.693165,0.692725,0.693025
1784000400,0.69303,0.69307,0.69277,0.692855
1784000700,0.69285,0.69313,0.69284,0.693035
1784001000,0.693035,0.6933,0.693035,0.6932
1784001300,0.693195,0.69324,0.693005,0.69303
1784001600,0.693035,0.693335,0.693035,0.69324
1784001900,0.69324,0.69326,0.693025,0.69306
1784002200,0.69306,0.69316,0.692925,0.69311
1784002500,0.69311,0.69321,0.693005,0.693145
1784002800,0.69314,0.69319,0.69295,0.69298
1784003100,0.69298,0.69302,0.69291,0.69292
1784003400,0.692915,0.69312,0.692855,0.69311
1784003700,0.693115,0.69327,0.69302,0.69326
1784004000,0.693255,0.693305,0.693145,0.6932
1784004300,0.693195,0.69324,0.69306,0.693085
1784004600,0.693085,0.69313,0.69293,0.69312
1784004900,0.693125,0.69336,0.69312,0.693305
1784005200,0.6933,0.693475,0.693265,0.69335
1784005500,0.693345,0.69347,0.69331,0.69343
1784005800,0.693435,0.693505,0.69341,0.693445
1784006100,0.69345,0.693485,0.693355,0.69344
1784006400,0.693435,0.693535,0.69338,0.69351
1784006700,0.693505,0.69361,0.693475,0.69352
1784007000,0.693525,0.6939,0.693515,0.69375
1784007300,0.693755,0.693785,0.69348,0.693505
1784007600,0.6935,0.693655,0.69346,0.693605
1784007900,0.69361,0.69367,0.69356,0.693565
1784008200,0.69357,0.6936,0.693405,0.693505
1784008500,0.693495,0.693495,0.69334,0.693435
1784008800,0.69343,0.69354,0.69328,0.693295
1784009100,0.6933,0.69345,0.693295,0.69336
1784009400,0.69337,0.69352,0.693285,0.693305
1784009700,0.6933,0.69332,0.69317,0.6932
1784010000,0.69319,0.69323,0.69311,0.69322
1784010300,0.693215,0.693235,0.693055,0.69312
1784010600,0.693115,0.69359,0.693095,0.693455
1784010900,0.69345,0.693485,0.69323,0.69326
1784011200,0.69327,0.69327,0.69316,0.69322
1784011500,0.693215,0.69323,0.69303,0.69303
1784011800,0.693035,0.693135,0.692955,0.69303
1784012100,0.693025,0.693045,0.69285,0.69287
1784012400,0.692875,0.69309,0.69277,0.69305
1784012700,0.69304,0.693405,0.69302,0.69339
1784013000,0.693385,0.69345,0.69325,0.69336
1784013300,0.693355,0.69365,0.69331,0.69355
1784013600,0.69355,0.69381,0.69343,0.69372
1784013900,0.693725,0.693975,0.69372,0.693925
1784014200,0.69392,0.693945,0.69365,0.69379
1784014500,0.693785,0.69408,0.693725,0.693995
1784014800,0.694,0.69401,0.69385,0.694
1784015100,0.694005,0.69426,0.69394,0.69418
1784015400,0.69418,0.6943,0.69405,0.69425
1784015700,0.694245,0.694265,0.69406,0.69409
1784016000,0.694095,0.6942,0.693855,0.693995
1784016300,0.693995,0.69408,0.69384,0.693955
1784016600,0.693955,0.693975,0.69372,0.69375
1784016900,0.69376,0.693815,0.693705,0.693775
1784017200,0.69377,0.69393,0.693715,0.69386
1784017500,0.693865,0.694025,0.69385,0.69396
1784017800,0.693955,0.694075,0.693885,0.694015
1784018100,0.69401,0.69412,0.69389,0.694095
1784018400,0.6941,0.694455,0.694095,0.69443
1784018700,0.694425,0.69454,0.69429,0.69433
1784019000,0.694325,0.6944,0.6942,0.69432
1784019300,0.694315,0.69439,0.69425,0.69435
1784019600,0.694355,0.69475,0.69429,0.69475
1784019900,0.694755,0.69482,0.69463,0.6948
1784020200,0.694805,0.69526,0.694795,0.69525
1784020500,0.695245,0.69525,0.694835,0.69496
1784020800,0.69496,0.69498,0.694825,0.69489
1784021100,0.694895,0.69492,0.694805,0.694805
1784021400,0.69481,0.694995,0.69481,0.69484
1784021700,0.69484,0.695015,0.69482,0.694965
1784022000,0.69496,0.694995,0.69483,0.69483
1784022300,0.694825,0.695255,0.6948,0.69525
1784022600,0.695245,0.69531,0.69518,0.695285
1784022900,0.69529,0.695365,0.695125,0.695155
1784023200,0.69516,0.69532,0.695055,0.695275
1784023500,0.69528,0.6953,0.695075,0.69508
1784023800,0.695075,0.6951,0.69484,0.694865
1784024100,0.69487,0.69496,0.694725,0.69482
1784024400,0.694815,0.69485,0.69465,0.694665
1784024700,0.69467,0.69475,0.69463,0.69463
1784025000,0.694635,0.69468,0.694405,0.694465
1784025300,0.69446,0.694655,0.69432,0.694385
1784025600,0.69438,0.694385,0.69411,0.694275
1784025900,0.69427,0.69435,0.694235,0.694295
1784026200,0.694285,0.69434,0.69413,0.694175
1784026500,0.69417,0.694195,0.694045,0.69407
1784026800,0.694075,0.694115,0.69384,0.6939
1784027100,0.693905,0.694045,0.693885,0.694005
1784027400,0.694005,0.69405,0.693845,0.694
1784027700,0.694,0.694025,0.69386,0.693945
1784028000,0.69394,0.694225,0.69394,0.6942
1784028300,0.694195,0.694225,0.694095,0.69411
1784028600,0.694115,0.69443,0.694115,0.69425
1784028900,0.694255,0.69434,0.69422,0.69432
1784029200,0.69432,0.694365,0.69409,0.69421
1784029500,0.694205,0.694395,0.69419,0.69434
1784029800,0.69435,0.69457,0.69426,0.694495
1784030100,0.69449,0.69454,0.69436,0.694455
1784030400,0.69447,0.694475,0.69428,0.694305
1784030700,0.6943,0.69431,0.69415,0.69424
1784031000,0.694245,0.69442,0.69415,0.694165
1784031300,0.69417,0.69432,0.6941,0.6943
1784031600,0.694295,0.69471,0.69427,0.69467
1784031900,0.694665,0.694715,0.694505,0.69466
1784032200,0.694655,0.698305,0.694615,0.69749
1784032500,0.69748,0.697625,0.696825,0.697295
1784032800,0.69729,0.69835,0.697285,0.69819
1784033100,0.698185,0.698315,0.6976,0.69782
1784033400,0.69781,0.697875,0.69695,0.697055
1784033700,0.69706,0.69725,0.69665,0.696935
1784034000,0.69693,0.697625,0.69684,0.69729
1784034300,0.697295,0.697545,0.69713,0.69722
1784034600,0.69723,0.69754,0.69689,0.69713
1784034900,0.697125,0.697385,0.69704,0.697185
1784035200,0.697195,0.69746,0.696865,0.697355
1784035500,0.697365,0.697825,0.697335,0.69754
1784035800,0.69755,0.69795,0.697385,0.69763
1784036100,0.697625,0.6981,0.6975,0.69803
1784036400,0.698025,0.69817,0.697795,0.698
1784036700,0.697995,0.6981,0.69765,0.6981
1784037000,0.698105,0.69831,0.697895,0.698245
1784037300,0.698255,0.69829,0.698085,0.69815
1784037600,0.69816,0.698705,0.69808,0.69845
1784037900,0.698445,0.69872,0.698325,0.69844
1784038200,0.69845,0.69867,0.69836,0.69846
1784038500,0.698455,0.69857,0.69784,0.698465
1784038800,0.69846,0.698935,0.6984,0.698405
1784039100,0.69841,0.698485,0.698,0.69802
1784039400,0.69803,0.699305,0.69789,0.69868
1784039700,0.698685,0.69893,0.698575,0.698725
1784040000,0.698715,0.698775,0.698425,0.698605
1784040300,0.69861,0.69877,0.698435,0.69865
1784040600,0.69866,0.698735,0.698385,0.69852
1784040900,0.69851,0.69885,0.698485,0.698665
1784041200,0.69867,0.699285,0.6985,0.69906
1784041500,0.699055,0.69924,0.6989,0.699135
1784041800,0.69913,0.699215,0.69902,0.69916
1784042100,0.699155,0.699205,0.698795,0.698845
1784042400,0.69885,0.698925,0.698795,0.698805
1784042700,0.69881,0.69884,0.69867,0.698735
1784043000,0.69873,0.698805,0.698345,0.698355
1784043300,0.69836,0.69841,0.698105,0.69811
1784043600,0.698115,0.69814,0.697395,0.69771
1784043900,0.697705,0.69791,0.69756,0.69756
1784044200,0.69757,0.69757,0.6972,0.69739
1784044500,0.69738,0.69747,0.697155,0.697295
1784044800,0.697305,0.697345,0.69695,0.69704
1784045100,0.69705,0.69713,0.696865,0.69708
1784045400,0.697075,0.69738,0.697075,0.697345
1784045700,0.69735,0.697395,0.697205,0.697225
1784046000,0.69723,0.697405,0.697165,0.69738
1784046300,0.69738,0.697545,0.697345,0.6975
1784046600,0.697505,0.69762,0.69749,0.697615
1784046900,0.69762,0.697775,0.69761,0.69776
1784047200,0.69776,0.69782,0.69768,0.69773
1784047500,0.697735,0.69779,0.69746,0.697595
1784047800,0.6976,0.69776,0.69754,0.697745
1784048100,0.69775,0.69785,0.69767,0.6978
1784048400,0.697805,0.69794,0.69764,0.69765
1784048700,0.69765,0.697665,0.697395,0.69755
1784049000,0.697545,0.69755,0.69728,0.69729
1784049300,0.697295,0.69732,0.69708,0.697165
1784049600,0.69716,0.697455,0.697155,0.697445
1784049900,0.69743,0.6976,0.6974,0.69751
1784050200,0.697515,0.69759,0.69749,0.69751
1784050500,0.697505,0.697555,0.69745,0.697545
1784050800,0.69755,0.697605,0.697475,0.697565
1784051100,0.69756,0.697625,0.697435,0.697595
1784051400,0.697595,0.697685,0.697555,0.697635
1784051700,0.69764,0.69766,0.6975,0.69753
1784052000,0.697535,0.69763,0.697495,0.69761
1784052300,0.697605,0.697635,0.69755,0.697565
1784052600,0.697555,0.697605,0.6975,0.69759
1784052900,0.6976,0.6977,0.69759,0.69768
1784053200,0.69767,0.69769,0.69739,0.6974
1784053500,0.697395,0.697445,0.697305,0.69743
1784053800,0.697425,0.697515,0.697395,0.6975
1784054100,0.697505,0.697515,0.69723,0.697345
1784054400,0.697345,0.697345,0.69694,0.697145
1784054700,0.697145,0.69725,0.697125,0.697215
1784055000,0.69721,0.697245,0.69713,0.69724
1784055300,0.697245,0.69749,0.69723,0.69747
1784055600,0.697475,0.69753,0.69739,0.697405
1784055900,0.69741,0.697455,0.697335,0.697365
1784056200,0.69736,0.69752,0.697305,0.69749
1784056500,0.69749,0.69754,0.69733,0.697445
1784056800,0.69745,0.697455,0.697305,0.697405
1784057100,0.697395,0.697455,0.69736,0.697395
1784057400,0.69739,0.697405,0.697115,0.69723
1784057700,0.69722,0.69735,0.697195,0.697315
1784058000,0.69731,0.697335,0.697245,0.6973
1784058300,0.697305,0.69744,0.6973,0.69739
1784058600,0.697385,0.69745,0.69735,0.697405
1784058900,0.6974,0.697415,0.69724,0.69725
1784059200,0.697245,0.69725,0.697165,0.697225
1784059500,0.697225,0.697285,0.69718,0.697185
1784059800,0.697185,0.697235,0.697155,0.697195
1784060100,0.69719,0.69721,0.697085,0.6971
1784060400,0.6971,0.69713,0.69709,0.697125
1784060700,0.69713,0.69723,0.697125,0.697175
1784061000,0.697185,0.697235,0.69714,0.69719
1784061300,0.69719,0.69733,0.69719,0.69733
1784061600,0.69732,0.69732,0.697275,0.697305
1784061900,0.6973,0.697315,0.69726,0.697275
1784062200,0.69727,0.697445,0.697265,0.69741
1784062500,0.697405,0.697485,0.697405,0.69748
1784062800,0.69748,0.697805,0.69748,0.697785
1784063100,0.6978,0.6978,0.6978,0.6978
1784063400,0.6978,0.6978,0.69746,0.6975
1784063700,0.697455,0.69753,0.697225,0.697295
1784064000,0.697295,0.697365,0.697065,0.69731
1784064300,0.69731,0.69731,0.69698,0.69712
1784064600,0.69713,0.697135,0.697075,0.697095
1784064900,0.697095,0.69731,0.69708,0.69725
1784065200,0.69725,0.69747,0.69724,0.697415
1784065500,0.69742,0.697475,0.69722,0.69732
1784065800,0.69732,0.69736,0.69725,0.697315
1784066100,0.697315,0.69744,0.697305,0.697385
1784066400,0.69739,0.697475,0.69729,0.69736
1784066700,0.697355,0.697405,0.69733,0.697335
1784067000,0.69734,0.69736,0.697235,0.697285
1784067300,0.697285,0.69737,0.697275,0.697365
1784067600,0.697365,0.69745,0.69734,0.697415
1784067900,0.697415,0.69744,0.697375,0.69743
1784068200,0.697435,0.697445,0.697345,0.697395
1784068500,0.697385,0.69745,0.69737,0.697425
1784068800,0.69742,0.69743,0.697335,0.697365
1784069100,0.69736,0.697385,0.6973,0.697335
1784069400,0.697335,0.69735,0.697295,0.69731
1784069700,0.697315,0.69732,0.69726,0.69728
1784070000,0.697275,0.697295,0.6972,0.697285
1784070300,0.697285,0.697355,0.69723,0.69735
1784070600,0.69735,0.69739,0.697315,0.69738
1784070900,0.69738,0.697395,0.69735,0.69738
1784071200,0.69738,0.69743,0.69735,0.69738
1784071500,0.697375,0.69758,0.697365,0.69758
1784071800,0.697575,0.697635,0.69754,0.69757
1784072100,0.697565,0.69767,0.69756,0.69762
1784072400,0.69762,0.69774,0.697615,0.69767
1784072700,0.697675,0.69768,0.69758,0.6976
1784073000,0.6976,0.697605,0.69747,0.697585
1784073300,0.697585,0.697635,0.697515,0.69763
1784073600,0.697625,0.697915,0.69756,0.697895
1784073900,0.6979,0.69793,0.69769,0.6979
1784074200,0.6979,0.69792,0.69775,0.697765
1784074500,0.69776,0.698165,0.69775,0.69809
1784074800,0.698095,0.6982,0.698025,0.69805
1784075100,0.698055,0.69832,0.69804,0.69825
1784075400,0.698255,0.698295,0.698205,0.698215
1784075700,0.69821,0.69825,0.69791,0.697975
1784076000,0.697985,0.698,0.69769,0.69785
1784076300,0.697845,0.698055,0.69784,0.698045
1784076600,0.69804,0.6983,0.698035,0.698225
1784076900,0.69823,0.69855,0.698215,0.69849
1784077200,0.698505,0.698615,0.698145,0.69832
1784077500,0.698325,0.698405,0.698225,0.698345
1784077800,0.69835,0.69848,0.698255,0.698445
1784078100,0.698445,0.69872,0.69843,0.698575
1784078400,0.69857,0.698605,0.698445,0.698455
1784078700,0.69846,0.69856,0.698185,0.698295
1784079000,0.69829,0.698365,0.698085,0.698245
1784079300,0.698245,0.698385,0.6981,0.698355
1784079600,0.698365,0.69838,0.69797,0.69801
1784079900,0.698005,0.69827,0.69798,0.698225
1784080200,0.69822,0.698285,0.69814,0.69825
1784080500,0.698255,0.69871,0.698245,0.698685
1784080800,0.69869,0.69878,0.69853,0.69877
1784081100,0.698775,0.69892,0.698725,0.698795
1784081400,0.6988,0.698815,0.69853,0.698555
1784081700,0.69855,0.698555,0.69832,0.69834
1784082000,0.69835,0.698435,0.69825,0.69831
1784082300,0.69831,0.69858,0.698295,0.698555
1784082600,0.69855,0.698765,0.69853,0.698755
1784082900,0.698755,0.698815,0.69871,0.69874
1784083200,0.69874,0.699165,0.69874,0.69908
1784083500,0.69908,0.69909,0.69883,0.69908
1784083800,0.699085,0.69914,0.69892,0.699085
1784084100,0.69908,0.69921,0.699065,0.69914
1784084400,0.699135,0.69929,0.699125,0.69925
1784084700,0.699245,0.699245,0.69896,0.69905
1784085000,0.699055,0.69908,0.698755,0.69884
1784085300,0.698845,0.698855,0.69849,0.69851
1784085600,0.698515,0.69858,0.698465,0.698535
1784085900,0.698535,0.69863,0.69848,0.69856
1784086200,0.698555,0.69859,0.69842,0.698555
1784086500,0.69855,0.69862,0.69847,0.69858
1784086800,0.69858,0.698625,0.69839,0.698395
1784087100,0.69839,0.698565,0.698375,0.69856
1784087400,0.698565,0.69882,0.698565,0.698715
1784087700,0.69872,0.698825,0.698675,0.698715
1784088000,0.69872,0.69889,0.69872,0.69883
1784088300,0.69883,0.698875,0.698535,0.698545
1784088600,0.69855,0.698585,0.6985,0.69856
1784088900,0.698555,0.698635,0.698515,0.69862
1784089200,0.69862,0.698625,0.69847,0.69852
1784089500,0.69853,0.69854,0.69843,0.69845
1784089800,0.69845,0.6985,0.69842,0.69843
1784090100,0.69843,0.69854,0.698425,0.69847
1784090400,0.69847,0.69848,0.69835,0.69838
1784090700,0.698375,0.698505,0.698375,0.698445
1784091000,0.698445,0.698515,0.69842,0.69842
1784091300,0.698415,0.69845,0.698315,0.69837
1784091600,0.698385,0.69849,0.69834,0.698365
1784091900,0.698365,0.69849,0.69828,0.69841
1784092200,0.69841,0.69843,0.698315,0.69836
1784092500,0.69836,0.69855,0.69833,0.698485
1784092800,0.698475,0.698565,0.698285,0.698305
1784093100,0.6983,0.69839,0.69821,0.69837
1784093400,0.698375,0.69857,0.69829,0.698565
1784093700,0.69856,0.698645,0.69847,0.698605
1784094000,0.69861,0.698755,0.698505,0.698735
1784094300,0.69874,0.69893,0.69871,0.698895
1784094600,0.69889,0.69894,0.69875,0.69894
1784094900,0.69893,0.69893,0.69869,0.69871
1784095200,0.698705,0.69881,0.69861,0.69875
1784095500,0.698755,0.6988,0.6986,0.698765
1784095800,0.69876,0.69877,0.69862,0.698675
1784096100,0.69868,0.699,0.69867,0.699
1784096400,0.698995,0.698995,0.69877,0.69896
1784096700,0.69896,0.699095,0.69893,0.69895
1784097000,0.698945,0.699005,0.69869,0.698875
1784097300,0.69887,0.69887,0.69872,0.69878
1784097600,0.69878,0.69879,0.69863,0.69871
1784097900,0.698705,0.69873,0.698555,0.69859
1784098200,0.698595,0.698745,0.698515,0.69873
1784098500,0.698735,0.69877,0.698475,0.698515
1784098800,0.69851,0.698885,0.69846,0.698655
1784099100,0.69865,0.698735,0.69854,0.69867
1784099400,0.698675,0.699015,0.698675,0.69897
1784099700,0.698965,0.698985,0.698555,0.69857
1784100000,0.69857,0.69863,0.6982,0.69825
1784100300,0.69825,0.69826,0.697765,0.69808
1784100600,0.698085,0.69841,0.697975,0.698275
1784100900,0.698275,0.69839,0.698225,0.69832
1784101200,0.698325,0.69856,0.698275,0.69852
1784101500,0.698525,0.69868,0.6984,0.69862
1784101800,0.698615,0.698815,0.698615,0.69879
1784102100,0.69879,0.698815,0.69862,0.69867
1784102400,0.698665,0.69899,0.6986,0.698885
1784102700,0.69889,0.69894,0.69851,0.698615
1784103000,0.69861,0.69873,0.69851,0.698605
1784103300,0.69861,0.69868,0.69853,0.69862
1784103600,0.698625,0.69868,0.69846,0.69866
1784103900,0.69866,0.69889,0.698625,0.698845
1784104200,0.69884,0.69901,0.69876,0.698895
1784104500,0.698895,0.69893,0.698755,0.69878
1784104800,0.69879,0.69882,0.69867,0.6987
1784105100,0.6987,0.69874,0.69851,0.69862
1784105400,0.698615,0.69863,0.69846,0.69847
1784105700,0.698475,0.69882,0.69846,0.69882
1784106000,0.698825,0.69888,0.698655,0.698775
1784106300,0.698775,0.69889,0.69871,0.698855
1784106600,0.69885,0.699005,0.698835,0.69894
1784106900,0.698945,0.69896,0.69871,0.698805
1784107200,0.698805,0.69905,0.698795,0.69905
1784107500,0.699055,0.699065,0.69869,0.6987
1784107800,0.698705,0.698715,0.69847,0.69858
1784108100,0.698585,0.69865,0.69847,0.698475
1784108400,0.69848,0.6988,0.69848,0.69878
1784108700,0.69878,0.69878,0.698665,0.698715
1784109000,0.69871,0.698765,0.69848,0.69871
1784109300,0.698715,0.69873,0.6985,0.698605
1784109600,0.6986,0.698605,0.69836,0.698445
1784109900,0.698445,0.698585,0.69838,0.698445
1784110200,0.698435,0.69859,0.698405,0.69858
1784110500,0.698575,0.698625,0.6984,0.69844
1784110800,0.698435,0.69861,0.69802,0.69809
1784111100,0.6981,0.6982,0.698005,0.698105
1784111400,0.698105,0.698345,0.698105,0.69818
1784111700,0.698185,0.6984,0.69816,0.69835
1784112000,0.698345,0.69836,0.69814,0.698225
1784112300,0.698225,0.698355,0.69821,0.69822
1784112600,0.698215,0.69832,0.69821,0.69831
1784112900,0.698315,0.6984,0.69821,0.69838
1784113200,0.698375,0.69852,0.69837,0.698465
1784113500,0.69846,0.698565,0.69833,0.698565
1784113800,0.698565,0.69864,0.698455,0.698485
1784114100,0.69849,0.698505,0.69831,0.69832
1784114400,0.69832,0.698485,0.69832,0.69843
1784114700,0.69842,0.698465,0.69829,0.69838
1784115000,0.698375,0.69851,0.698265,0.69849
1784115300,0.698485,0.69862,0.69846,0.69847
1784115600,0.69847,0.6985,0.698395,0.69841
1784115900,0.698415,0.698465,0.69834,0.698465
1784116200,0.69846,0.698735,0.69842,0.69851
1784116500,0.6985,0.698675,0.69839,0.698555
1784116800,0.698565,0.69867,0.69846,0.69846
1784117100,0.698455,0.69847,0.698275,0.698275
1784117400,0.69828,0.69846,0.698275,0.698385
1784117700,0.698395,0.698485,0.69827,0.69827
1784118000,0.698275,0.69848,0.698265,0.698475
1784118300,0.698465,0.698475,0.69829,0.698405
1784118600,0.69841,0.69927,0.69837,0.6991
1784118900,0.699105,0.699155,0.69877,0.69888
1784119200,0.698875,0.699345,0.69886,0.69933
1784119500,0.69932,0.699425,0.699215,0.699355
1784119800,0.69935,0.699365,0.699215,0.699335
1784120100,0.69934,0.69973,0.69929,0.69962
1784120400,0.699615,0.699815,0.69951,0.699765
1784120700,0.69977,0.69989,0.699745,0.69976
1784121000,0.69977,0.69977,0.69935,0.69936
1784121300,0.69935,0.699725,0.699315,0.69967
1784121600,0.699675,0.699695,0.69951,0.69958
1784121900,0.699575,0.699585,0.69918,0.699225
1784122200,0.69923,0.69949,0.69919,0.699475
1784122500,0.699485,0.699575,0.69921,0.699295
1784122800,0.6993,0.69942,0.69921,0.69924
1784123100,0.69925,0.69943,0.69919,0.699335
1784123400,0.699325,0.69934,0.699045,0.69907
1784123700,0.699075,0.699725,0.699,0.699415
1784124000,0.69943,0.699715,0.69942,0.69957
1784124300,0.69958,0.6998,0.69933,0.69942
1784124600,0.699425,0.69949,0.699225,0.699355
1784124900,0.69936,0.69966,0.69935,0.699615
1784125200,0.69962,0.69964,0.6992,0.69936
1784125500,0.699365,0.69953,0.699265,0.69949
1784125800,0.699495,0.69977,0.699335,0.69972
1784126100,0.699725,0.699775,0.699495,0.699565
1784126400,0.699575,0.699775,0.69945,0.699735
1784126700,0.699745,0.699965,0.699605,0.699965
1784127000,0.69996,0.699965,0.699495,0.699655
1784127300,0.69965,0.69993,0.69954,0.69991
1784127600,0.699915,0.700005,0.69978,0.69987
1784127900,0.699865,0.70005,0.699815,0.699955
1784128200,0.69995,0.700055,0.699655,0.699655
1784128500,0.69965,0.69988,0.69952,0.69981
1784128800,0.699805,0.699905,0.69965,0.699865
1784129100,0.69987,0.700295,0.699825,0.70025
1784129400,0.700245,0.700265,0.700005,0.700185
1784129700,0.70018,0.70022,0.6999,0.699915
1784130000,0.69993,0.70008,0.69991,0.70005
1784130300,0.70005,0.70022,0.70002,0.700025
1784130600,0.70002,0.700055,0.699845,0.70002
1784130900,0.700015,0.700015,0.69978,0.699805
1784131200,0.69981,0.69989,0.69952,0.69959
1784131500,0.699595,0.69963,0.699445,0.699555
1784131800,0.69956,0.699735,0.699515,0.699565
1784132100,0.69956,0.69968,0.69942,0.69942
1784132400,0.699415,0.699645,0.699385,0.699545
1784132700,0.69954,0.699705,0.699465,0.69951
1784133000,0.699515,0.69958,0.69925,0.69926
1784133300,0.699265,0.699275,0.699045,0.69912
1784133600,0.69912,0.699205,0.69892,0.69901
1784133900,0.69902,0.699405,0.698935,0.699135
1784134200,0.69913,0.699355,0.69912,0.699225
1784134500,0.69922,0.69935,0.69908,0.699325
1784134800,0.69933,0.69972,0.69933,0.699625
1784135100,0.69963,0.6999,0.69958,0.699875
1784135400,0.699875,0.699945,0.699765,0.69982
1784135700,0.699815,0.700015,0.699735,0.7
1784136000,0.700005,0.70013,0.69996,0.700085
1784136300,0.70009,0.70028,0.700085,0.700275
1784136600,0.70027,0.700855,0.70027,0.700815
1784136900,0.70081,0.700975,0.700715,0.70096
1784137200,0.700965,0.70141,0.700945,0.701355
1784137500,0.70135,0.70163,0.70113,0.70162
1784137800,0.70161,0.70162,0.70135,0.70141
1784138100,0.7014,0.70151,0.70139,0.70147
1784138400,0.701485,0.70173,0.701465,0.70167
1784138700,0.70166,0.70175,0.70163,0.70165
1784139000,0.701655,0.701765,0.70156,0.70162
1784139300,0.70162,0.70193,0.70156,0.70191
1784139600,0.70191,0.70193,0.701795,0.70182
1784139900,0.701815,0.70192,0.7018,0.70191
1784140200,0.70192,0.70213,0.70191,0.702005
1784140500,0.702005,0.702005,0.70181,0.7019
1784140800,0.7019,0.7019,0.701465,0.701475
1784141100,0.70147,0.70151,0.701295,0.7013
1784141400,0.701305,0.70131,0.70099,0.70106
1784141700,0.701065,0.70112,0.70083,0.70086
1784142000,0.700855,0.70116,0.700815,0.70112
1784142300,0.70111,0.70132,0.701065,0.701225
1784142600,0.701225,0.70131,0.701125,0.70121
1784142900,0.701205,0.701245,0.70087,0.700915
1784143200,0.70091,0.700985,0.700815,0.700935
1784143500,0.70093,0.701035,0.70088,0.700955
1784143800,0.700965,0.700995,0.700515,0.700565
1784144100,0.700555,0.700715,0.70046,0.700705
1784144400,0.700695,0.70072,0.700595,0.700615
1784144700,0.70062,0.70067,0.700545,0.700545
1784145000,0.70055,0.700635,0.700495,0.700555
1784145300,0.70055,0.70072,0.700545,0.70071
1784145600,0.700705,0.700775,0.70069,0.700745
1784145900,0.700745,0.70082,0.70049,0.70053
1784146200,0.70052,0.70058,0.700515,0.700555
1784146500,0.700555,0.70061,0.700515,0.700605
1784146800,0.700605,0.700715,0.700605,0.700685
1784147100,0.70068,0.700785,0.700675,0.70077
1784147400,0.700765,0.700785,0.70066,0.700705
1784147700,0.700705,0.70076,0.700685,0.7007
1784148000,0.7007,0.700775,0.700695,0.700715
1784148300,0.70071,0.700735,0.700675,0.700735
1784148600,0.70073,0.700755,0.700705,0.700735
1784148900,0.700735,0.70076,0.70055,0.700675
1784149200,0.700675,0.700675,0.70048,0.70048
1784149500,0.7007,0.700795,0.70036,0.70036
1784149800,0.70036,0.700475,0.70036,0.700475
1784150100,0.700475,0.70063,0.70043,0.700435
1784150400,0.700435,0.700655,0.70043,0.70064
1784150700,0.70064,0.700655,0.700405,0.70054
1784151000,0.700515,0.70061,0.70044,0.700575
1784151300,0.70055,0.700625,0.70049,0.70051
1784151600,0.70051,0.700635,0.70048,0.700555
1784151900,0.70054,0.700605,0.70049,0.700585
1784152200,0.700585,0.700615,0.700505,0.70052
1784152500,0.70052,0.70059,0.700435,0.700445
1784152800,0.70046,0.700735,0.700455,0.700645
1784153100,0.70064,0.70068,0.700635,0.700655
1784153400,0.700655,0.700655,0.700615,0.700625
1784153700,0.700625,0.700645,0.70061,0.700645
1784154000,0.700645,0.700665,0.700615,0.700625
1784154300,0.700625,0.700675,0.700625,0.700665
1784154600,0.700675,0.7007,0.70062,0.700625
1784154900,0.700625,0.70063,0.700575,0.700585
1784155200,0.700585,0.70061,0.70057,0.70059
1784155500,0.70059,0.70062,0.70057,0.700575
1784155800,0.700575,0.700635,0.7005,0.70053
1784156100,0.70054,0.700575,0.70053,0.70057
1784156400,0.700575,0.700645,0.700575,0.70063
1784156700,0.70063,0.700685,0.70055,0.70068
1784157000,0.70067,0.70074,0.70064,0.70074
1784157300,0.700735,0.70075,0.700685,0.70074
1784157600,0.70074,0.70074,0.700675,0.700685
1784157900,0.700685,0.700995,0.70068,0.70091
1784158200,0.700915,0.700985,0.70086,0.70098
1784158500,0.70098,0.701035,0.700955,0.700955
1784158800,0.70096,0.701,0.70089,0.700995
1784159100,0.70099,0.700995,0.70092,0.700945
1784159400,0.70094,0.70095,0.700775,0.70083
1784159700,0.70083,0.7009,0.70077,0.70078
1784160000,0.700775,0.70106,0.70074,0.70088
1784160300,0.700885,0.701055,0.700835,0.700935
1784160600,0.70094,0.701095,0.70088,0.701025
1784160900,0.70102,0.70106,0.700695,0.70078
1784161200,0.70078,0.70081,0.70068,0.700745
1784161500,0.700745,0.700745,0.700535,0.700545
1784161800,0.700545,0.70058,0.70016,0.700255
1784162100,0.70026,0.700265,0.699965,0.699995
1784162400,0.699995,0.70014,0.69993,0.70003
1784162700,0.700025,0.700085,0.69978,0.69983
1784163000,0.699835,0.69997,0.69963,0.69964
1784163300,0.69965,0.699855,0.699595,0.69985
1784163600,0.699845,0.699935,0.699675,0.699745
1784163900,0.69975,0.69975,0.69944,0.69955
1784164200,0.699555,0.69964,0.69934,0.69961
1784164500,0.699615,0.69964,0.69911,0.69919
1784164800,0.699195,0.699495,0.69917,0.69937
1784165100,0.69936,0.6994,0.699095,0.699115
1784165400,0.69911,0.69932,0.69903,0.69916
1784165700,0.69916,0.69931,0.69911,0.6993
1784166000,0.69929,0.699355,0.69921,0.69927
1784166300,0.69927,0.69948,0.699205,0.699465
1784166600,0.699465,0.69947,0.69927,0.69928
1784166900,0.699275,0.69934,0.699165,0.699215
1784167200,0.69922,0.699225,0.69897,0.698975
1784167500,0.698975,0.699005,0.69878,0.698815
1784167800,0.698815,0.69894,0.69863,0.69875
1784168100,0.698755,0.698975,0.69866,0.69897
1784168400,0.698965,0.69922,0.698955,0.69921
1784168700,0.699215,0.69939,0.69918,0.69938
1784169000,0.699375,0.69939,0.699175,0.69923
1784169300,0.69924,0.69928,0.699095,0.69913
1784169600,0.69913,0.6992,0.69903,0.6992
1784169900,0.6992,0.69933,0.6992,0.699265
1784170200,0.699265,0.69942,0.699165,0.699415
1784170500,0.699415,0.69957,0.69937,0.69954
1784170800,0.699545,0.69961,0.699465,0.69959
1784171100,0.69959,0.699845,0.69959,0.69982
1784171400,0.699825,0.699855,0.69962,0.699705
1784171700,0.6997,0.699855,0.69968,0.699765
1784172000,0.699765,0.699925,0.69974,0.699865
1784172300,0.699865,0.69995,0.699865,0.69991
1784172600,0.69991,0.700065,0.69988,0.70006
1784172900,0.700055,0.70015,0.69996,0.699965
1784173200,0.699965,0.70001,0.699815,0.699825
1784173500,0.69983,0.69983,0.69973,0.699775
1784173800,0.69977,0.69988,0.699755,0.69984
1784174100,0.699835,0.70009,0.69982,0.70007
1784174400,0.70008,0.700095,0.69998,0.70002
1784174700,0.700025,0.70008,0.69995,0.69995
1784175000,0.69995,0.70036,0.699935,0.7003
1784175300,0.7003,0.70032,0.70013,0.70013
1784175600,0.700125,0.700275,0.70012,0.700235
1784175900,0.70023,0.70023,0.700095,0.70014
1784176200,0.70013,0.70031,0.700095,0.70013
1784176500,0.70014,0.70023,0.700075,0.7002
1784176800,0.700195,0.700235,0.70014,0.700145
1784177100,0.700145,0.70018,0.70008,0.700115
1784177400,0.700115,0.700115,0.699995,0.70002
1784177700,0.70001,0.70002,0.699865,0.69992
1784178000,0.699925,0.699945,0.69974,0.69974
1784178300,0.69974,0.699775,0.699615,0.699705
1784178600,0.6997,0.69992,0.69967,0.69992
1784178900,0.69992,0.700135,0.69992,0.69998
1784179200,0.699985,0.700105,0.699925,0.70004
1784179500,0.700035,0.70012,0.69991,0.69996
1784179800,0.699955,0.70008,0.699865,0.69992
1784180100,0.699905,0.699905,0.69957,0.69961
1784180400,0.69962,0.69967,0.699535,0.69962
1784180700,0.699625,0.69966,0.69946,0.69947
1784181000,0.69947,0.69962,0.699425,0.69946
1784181300,0.69947,0.69961,0.69942,0.699485
1784181600,0.69948,0.69977,0.699455,0.699555
1784181900,0.699555,0.699725,0.69945,0.69962
1784182200,0.69963,0.69975,0.69955,0.69974
1784182500,0.699735,0.699745,0.69957,0.699625
1784182800,0.699625,0.699835,0.699595,0.69982
1784183100,0.699815,0.699895,0.69973,0.69979
1784183400,0.699785,0.69981,0.69955,0.699555
1784183700,0.699555,0.699615,0.69942,0.69957
1784184000,0.699575,0.69971,0.69948,0.699635
1784184300,0.699635,0.69967,0.69948,0.69966
1784184600,0.69966,0.69981,0.69962,0.69977
1784184900,0.699765,0.70007,0.699765,0.69999
1784185200,0.699995,0.700035,0.69977,0.70001
1784185500,0.7,0.700025,0.699765,0.69991
1784185800,0.69991,0.69992,0.69975,0.69975
1784186100,0.699755,0.699955,0.69967,0.69993
1784186400,0.699935,0.70014,0.699905,0.700025
1784186700,0.70002,0.700035,0.699705,0.69976
1784187000,0.69975,0.699815,0.69968,0.699785
1784187300,0.69979,0.6998,0.699695,0.699765
1784187600,0.69977,0.699865,0.69971,0.69976
1784187900,0.699765,0.700015,0.69974,0.70001
1784188200,0.70001,0.70001,0.699725,0.69981
1784188500,0.699815,0.69994,0.6997,0.699765
1784188800,0.699755,0.70003,0.699745,0.699855
1784189100,0.69985,0.699905,0.699695,0.699725
1784189400,0.69973,0.699755,0.69946,0.69946
1784189700,0.69946,0.69965,0.699415,0.69951
1784190000,0.699505,0.69972,0.6995,0.699615
1784190300,0.69962,0.69975,0.699555,0.69959
1784190600,0.69958,0.699755,0.69958,0.69975
1784190900,0.699745,0.6998,0.699605,0.699665
1784191200,0.69966,0.69976,0.699645,0.699665
1784191500,0.69967,0.699745,0.6996,0.699715
1784191800,0.699715,0.69983,0.69965,0.699755
1784192100,0.69975,0.69989,0.699645,0.699855
1784192400,0.69986,0.699955,0.699815,0.69986
1784192700,0.69986,0.700005,0.69985,0.699965
1784193000,0.699965,0.70014,0.69992,0.70014
1784193300,0.700145,0.70034,0.700115,0.70032
1784193600,0.70032,0.70032,0.70013,0.70015
1784193900,0.70014,0.700205,0.69993,0.69994
1784194200,0.69995,0.699975,0.69982,0.6999
1784194500,0.699905,0.69992,0.699755,0.6998
1784194800,0.69979,0.69986,0.69975,0.69981
1784195100,0.69981,0.69985,0.6997,0.69982
1784195400,0.69982,0.69999,0.699795,0.69998
1784195700,0.699975,0.70005,0.69986,0.69995
1784196000,0.699955,0.70007,0.6999,0.70006
1784196300,0.70006,0.70016,0.700015,0.700135
1784196600,0.70014,0.70017,0.700055,0.70015
1784196900,0.70015,0.70027,0.700135,0.70023
1784197200,0.700225,0.70037,0.7002,0.70032
1784197500,0.70032,0.700375,0.700205,0.7003
1784197800,0.700305,0.70037,0.700205,0.700345
1784198100,0.70034,0.70045,0.70029,0.700325
1784198400,0.700325,0.70048,0.700325,0.70043
1784198700,0.70043,0.70047,0.70035,0.7004
1784199000,0.700395,0.70054,0.70035,0.70053
1784199300,0.700525,0.70055,0.700315,0.700335
1784199600,0.70033,0.70048,0.70023,0.700395
1784199900,0.70038,0.7005,0.700375,0.70048
1784200200,0.700485,0.70051,0.700395,0.700465
1784200500,0.70047,0.700605,0.70027,0.70059
1784200800,0.700585,0.70059,0.70047,0.700505
1784201100,0.700505,0.70052,0.700165,0.70021
1784201400,0.700205,0.700395,0.70016,0.700395
1784201700,0.7004,0.70042,0.70033,0.70041
1784202000,0.700415,0.700575,0.70035,0.7005
1784202300,0.700495,0.70073,0.700125,0.700205
1784202600,0.70021,0.70051,0.699515,0.700455
1784202900,0.70046,0.700775,0.700455,0.70074
1784203200,0.700745,0.70105,0.70061,0.70095
1784203500,0.700945,0.70102,0.7008,0.70084
1784203800,0.70083,0.70084,0.70053,0.70062
1784204100,0.700625,0.7008,0.70041,0.70077
1784204400,0.700775,0.70078,0.700505,0.700575
1784204700,0.70057,0.700615,0.70035,0.700425
1784205000,0.700435,0.70069,0.70025,0.7003
1784205300,0.70031,0.700375,0.700035,0.70026
1784205600,0.700265,0.70032,0.69991,0.70004
1784205900,0.700035,0.700205,0.69995,0.70002
1784206200,0.700015,0.70012,0.69982,0.69987
1784206500,0.69988,0.69988,0.69964,0.699765
1784206800,0.69977,0.699945,0.69975,0.69985
1784207100,0.699845,0.70027,0.69981,0.70027
1784207400,0.700265,0.700655,0.70021,0.700505
1784207700,0.7005,0.70071,0.70042,0.7007
1784208000,0.70071,0.70088,0.700675,0.70079
1784208300,0.70078,0.700985,0.70074,0.7009
1784208600,0.700905,0.701,0.70063,0.70065
1784208900,0.700655,0.70069,0.7004,0.70045
1784209200,0.700455,0.70063,0.700285,0.70031
1784209500,0.700315,0.70052,0.70019,0.70029
1784209800,0.700285,0.700645,0.70026,0.7005
1784210100,0.70049,0.7005,0.700205,0.700335
1784210400,0.70034,0.700775,0.70031,0.70077
1784210700,0.700765,0.700805,0.700615,0.70069
1784211000,0.700685,0.70072,0.700415,0.70058
1784211300,0.700585,0.70102,0.700465,0.70102
1784211600,0.701015,0.70107,0.700795,0.700855
1784211900,0.700845,0.70117,0.700795,0.70105
1784212200,0.701055,0.701265,0.701005,0.7012
1784212500,0.7012,0.70121,0.70092,0.70097
1784212800,0.70096,0.70107,0.700895,0.701065
1784213100,0.70107,0.70115,0.70073,0.70082
1784213400,0.70082,0.70089,0.70034,0.70041
1784213700,0.700405,0.7005,0.70021,0.70049
1784214000,0.700485,0.700495,0.70014,0.70022
1784214300,0.700225,0.70031,0.70004,0.70017
1784214600,0.700165,0.700395,0.70016,0.70026
1784214900,0.700255,0.700395,0.70019,0.70021
1784215200,0.70021,0.70036,0.700145,0.700145
1784215500,0.700145,0.70044,0.700145,0.700265
1784215800,0.70026,0.70061,0.70016,0.700545
1784216100,0.70054,0.700545,0.70036,0.70048
1784216400,0.700475,0.70053,0.7003,0.7003
1784216700,0.7003,0.700405,0.70009,0.70036
1784217000,0.700355,0.700445,0.7003,0.700405
1784217300,0.700395,0.700395,0.70009,0.700175
1784217600,0.70017,0.70023,0.699925,0.699935
1784217900,0.69994,0.699965,0.699805,0.699835
1784218200,0.69983,0.699835,0.699655,0.699655
1784218500,0.69966,0.69975,0.699565,0.6996
1784218800,0.699605,0.699605,0.69928,0.699345
1784219100,0.699345,0.699425,0.69926,0.69932
1784219400,0.699315,0.69955,0.699305,0.699455
1784219700,0.69946,0.69953,0.699395,0.699405
1784220000,0.69941,0.69943,0.699235,0.6994
1784220300,0.6994,0.699415,0.699255,0.699345
1784220600,0.69934,0.69946,0.6993,0.699345
1784220900,0.69935,0.69952,0.69935,0.699395
1784221200,0.69939,0.69942,0.69916,0.69925
1784221500,0.699255,0.69927,0.699055,0.69907
1784221800,0.699075,0.699165,0.699,0.69905
1784222100,0.699055,0.69921,0.699055,0.699205
1784222400,0.6992,0.699255,0.69917,0.699195
1784222700,0.6992,0.699255,0.69913,0.69924
1784223000,0.699245,0.699315,0.699165,0.69921
1784223300,0.699215,0.699225,0.699145,0.69917
1784223600,0.69917,0.699195,0.69909,0.699155
1784223900,0.69916,0.699375,0.699125,0.699335
1784224200,0.69933,0.699555,0.699315,0.699455
1784224500,0.699465,0.699465,0.69927,0.699295
1784224800,0.6993,0.699345,0.69916,0.69917
1784225100,0.699175,0.69938,0.69916,0.69932
1784225400,0.699325,0.69957,0.699325,0.699455
1784225700,0.69945,0.69952,0.69941,0.69948
1784226000,0.699475,0.69956,0.69945,0.69948
1784226300,0.699475,0.69953,0.69941,0.699475
1784226600,0.69948,0.69948,0.69929,0.699305
1784226900,0.699285,0.69935,0.699225,0.699305
1784227200,0.69931,0.69945,0.699235,0.699435
1784227500,0.699425,0.699505,0.69941,0.69943
1784227800,0.699435,0.69948,0.69938,0.69946
1784228100,0.699455,0.69958,0.69944,0.69952
1784228400,0.699515,0.69965,0.699505,0.69952
1784228700,0.699515,0.69954,0.699375,0.699395
1784229000,0.69939,0.69939,0.69932,0.69932
1784229300,0.69932,0.69941,0.69926,0.69941
1784229600,0.69941,0.699435,0.699285,0.69929
1784229900,0.699295,0.69934,0.699215,0.699285
1784230200,0.699275,0.699355,0.6992,0.69922
1784230500,0.699215,0.6993,0.699185,0.699255
1784230800,0.69925,0.69935,0.69923,0.699285
1784231100,0.69928,0.69932,0.69919,0.69927
1784231400,0.699275,0.699595,0.699265,0.699585
1784231700,0.69959,0.69963,0.699475,0.69957
1784232000,0.699565,0.699575,0.699475,0.69956
1784232300,0.699555,0.699575,0.699485,0.699555
1784232600,0.699555,0.69958,0.69948,0.69949
1784232900,0.69949,0.69957,0.699455,0.699525
1784233200,0.699515,0.699535,0.69947,0.69947
1784233500,0.699475,0.69952,0.699455,0.69952
1784233800,0.69952,0.69966,0.699515,0.69962
1784234100,0.699615,0.69972,0.699615,0.69969
1784234400,0.699685,0.6997,0.69965,0.69967
1784234700,0.699665,0.69972,0.699645,0.69969
1784235000,0.699695,0.69977,0.699695,0.69972
1784235300,0.69973,0.699805,0.69956,0.69956
1784235600,0.699595,0.699725,0.6994,0.6994
1784235900,0.6994,0.6995,0.6994,0.699495
1784236200,0.6995,0.69961,0.699445,0.69949
1784236500,0.699485,0.69958,0.69944,0.699565
1784236800,0.699565,0.69964,0.699495,0.699535
1784237100,0.699535,0.69993,0.699535,0.699905
1784237400,0.699905,0.69993,0.69987,0.699885
1784237700,0.699885,0.699895,0.699705,0.69984
1784238000,0.69984,0.69986,0.69973,0.699835
1784238300,0.699835,0.69984,0.69944,0.699585
1784238600,0.699585,0.69963,0.699545,0.69959
1784238900,0.69959,0.69964,0.699555,0.69958
1784239200,0.69959,0.69985,0.69952,0.699825
1784239500,0.699825,0.699825,0.699755,0.699755
1784239800,0.699755,0.69983,0.69974,0.699755
1784240100,0.699755,0.699765,0.699695,0.69972
1784240400,0.699725,0.699755,0.699695,0.699705
1784240700,0.699705,0.69971,0.699655,0.699695
1784241000,0.699695,0.69972,0.69965,0.69965
1784241300,0.69966,0.699665,0.69961,0.69962
1784241600,0.69962,0.699655,0.6996,0.699625
1784241900,0.699625,0.699625,0.699535,0.69956
1784242200,0.699555,0.69961,0.69955,0.699605
1784242500,0.699605,0.69968,0.6996,0.69964
1784242800,0.699645,0.69972,0.69961,0.699695
1784243100,0.699695,0.699725,0.69963,0.69966
1784243400,0.69966,0.699765,0.69964,0.69976
1784243700,0.699755,0.699765,0.69969,0.699705
1784244000,0.699705,0.699705,0.69965,0.699655
1784244300,0.699655,0.699875,0.699655,0.69982
1784244600,0.699815,0.699835,0.699755,0.6998
1784244900,0.6998,0.699895,0.69978,0.69989
1784245200,0.69989,0.69991,0.69985,0.699855
1784245500,0.699855,0.699855,0.699705,0.699745
1784245800,0.699745,0.69985,0.699745,0.69982
1784246100,0.699815,0.70005,0.69979,0.70001
1784246400,0.70002,0.700125,0.69993,0.69996
1784246700,0.69995,0.70001,0.699815,0.699835
1784247000,0.69983,0.699865,0.6996,0.69963
1784247300,0.699635,0.69992,0.699605,0.699605
1784247600,0.6996,0.69969,0.69948,0.69951
1784247900,0.6995,0.699565,0.699425,0.699455
1784248200,0.69946,0.69951,0.699325,0.69943
1784248500,0.69943,0.699605,0.699405,0.69942
1784248800,0.699425,0.69946,0.69915,0.69918
1784249100,0.699185,0.699555,0.69917,0.699545
1784249400,0.699535,0.699795,0.69952,0.699755
1784249700,0.699765,0.699905,0.6997,0.699875
1784250000,0.69987,0.700045,0.699755,0.699955
1784250300,0.699955,0.700035,0.69978,0.6999
1784250600,0.699905,0.69991,0.69979,0.699835
1784250900,0.69984,0.70006,0.69983,0.699885
1784251200,0.69989,0.70002,0.69976,0.699805
1784251500,0.69981,0.69991,0.69977,0.69981
1784251800,0.699805,0.699845,0.69952,0.699535
1784252100,0.69954,0.69955,0.69926,0.69929
1784252400,0.699295,0.699405,0.699215,0.6993
1784252700,0.699285,0.6993,0.698655,0.69867
1784253000,0.698665,0.698695,0.698045,0.69813
1784253300,0.698135,0.69834,0.69805,0.69833
1784253600,0.698335,0.6984,0.69817,0.69822
1784253900,0.69821,0.69835,0.698155,0.69825
1784254200,0.69825,0.69855,0.69821,0.698495
1784254500,0.698495,0.69853,0.698435,0.698465
1784254800,0.69846,0.6985,0.69828,0.69846
1784255100,0.69846,0.6985,0.69829,0.698345
1784255400,0.69835,0.69842,0.698215,0.69827
1784255700,0.69827,0.69828,0.697815,0.69803
1784256000,0.698035,0.69816,0.697955,0.69816
1784256300,0.69816,0.69831,0.69808,0.698175
1784256600,0.69817,0.698235,0.697915,0.69793
1784256900,0.697935,0.69801,0.69778,0.69793
1784257200,0.69794,0.698405,0.69794,0.69832
1784257500,0.69832,0.69851,0.698295,0.69836
1784257800,0.69836,0.698365,0.69829,0.698315
1784258100,0.69832,0.69875,0.698315,0.69865
1784258400,0.698655,0.698765,0.6986,0.69861
1784258700,0.698605,0.69872,0.698595,0.698695
1784259000,0.6987,0.6987,0.69834,0.69844
1784259300,0.69844,0.69852,0.698305,0.698305
1784259600,0.69831,0.698315,0.698115,0.6982
1784259900,0.698195,0.69823,0.6981,0.69814
1784260200,0.69814,0.6983,0.69809,0.69828
1784260500,0.698275,0.698295,0.69821,0.69826
1784260800,0.698265,0.69829,0.698,0.698025
1784261100,0.69803,0.69815,0.69797,0.69808
1784261400,0.698075,0.698155,0.69804,0.698055
1784261700,0.69806,0.69812,0.698045,0.69809
1784262000,0.69809,0.698145,0.698005,0.698035
1784262300,0.69803,0.698045,0.697705,0.69783
1784262600,0.69782,0.69792,0.697645,0.69781
1784262900,0.697805,0.69797,0.69779,0.69792
1784263200,0.69793,0.69794,0.69765,0.69789
1784263500,0.697895,0.698045,0.697875,0.697895
1784263800,0.6979,0.698005,0.697845,0.698005
1784264100,0.698,0.69802,0.69791,0.69792
1784264400,0.697915,0.69798,0.69775,0.697935
1784264700,0.69794,0.697985,0.697865,0.69792
1784265000,0.697915,0.69801,0.697905,0.69797
1784265300,0.69798,0.69802,0.6978,0.697825
1784265600,0.69783,0.697895,0.69775,0.69777
1784265900,0.697775,0.697965,0.6977,0.6979
1784266200,0.697895,0.69808,0.697885,0.69801
1784266500,0.698015,0.6981,0.69788,0.69796
1784266800,0.69796,0.69801,0.69769,0.69776
1784267100,0.697755,0.698015,0.697675,0.69797
1784267400,0.697975,0.69805,0.69788,0.69801
1784267700,0.69801,0.69801,0.697675,0.69783
1784268000,0.697835,0.698285,0.697825,0.69827
1784268300,0.69827,0.69831,0.69779,0.69795
1784268600,0.69795,0.698465,0.69793,0.698455
1784268900,0.69845,0.69875,0.69841,0.698705
1784269200,0.698705,0.69895,0.69856,0.69892
1784269500,0.698925,0.699065,0.69883,0.698895
1784269800,0.69889,0.699025,0.698815,0.69899
1784270100,0.698995,0.699,0.69871,0.69882
1784270400,0.69882,0.69887,0.69866,0.69874
1784270700,0.698735,0.698735,0.69855,0.69855
1784271000,0.69855,0.698575,0.69839,0.69851
1784271300,0.698505,0.69872,0.698485,0.69858
1784271600,0.698585,0.69904,0.69852,0.69894
1784271900,0.698945,0.69901,0.698645,0.698705
1784272200,0.698705,0.69886,0.69865,0.69885
1784272500,0.698845,0.69886,0.69859,0.69869
1784272800,0.698685,0.698715,0.698505,0.69858
1784273100,0.69858,0.6988,0.69857,0.698795
1784273400,0.69879,0.69894,0.698645,0.69866
1784273700,0.698655,0.69869,0.6985,0.69869
1784274000,0.69869,0.69875,0.69841,0.698685
1784274300,0.69868,0.69875,0.69858,0.698695
1784274600,0.69869,0.69877,0.698575,0.69862
1784274900,0.698625,0.69864,0.69835,0.698365
1784275200,0.69837,0.69879,0.698365,0.698715
1784275500,0.69872,0.698735,0.698535,0.69855
1784275800,0.698545,0.69855,0.69798,0.698075
1784276100,0.698075,0.69812,0.697425,0.69748
1784276400,0.69747,0.697815,0.697465,0.69766
1784276700,0.697665,0.697795,0.69763,0.697645
1784277000,0.69765,0.697805,0.697555,0.69773
1784277300,0.697725,0.697755,0.697345,0.697345
1784277600,0.69734,0.69748,0.69725,0.69746
1784277900,0.697455,0.69748,0.6973,0.69739
1784278200,0.697385,0.697435,0.697235,0.69725
1784278500,0.697255,0.697495,0.6972,0.697285
1784278800,0.69729,0.697345,0.696615,0.69685
1784279100,0.696845,0.69699,0.69677,0.69692
1784279400,0.69692,0.697045,0.696855,0.69697
1784279700,0.696965,0.69704,0.69693,0.69703
1784280000,0.697025,0.6973,0.69702,0.69729
1784280300,0.697295,0.69754,0.69729,0.697525
1784280600,0.697535,0.697545,0.69709,0.69709
1784280900,0.697085,0.69719,0.69696,0.69702
1784281200,0.697015,0.69715,0.696955,0.697025
1784281500,0.697035,0.69713,0.69697,0.69706
1784281800,0.697055,0.697195,0.697,0.697175
1784282100,0.697165,0.69722,0.697065,0.6972
1784282400,0.697195,0.697215,0.69699,0.697135
1784282700,0.69714,0.69719,0.697075,0.697145
1784283000,0.69714,0.69725,0.69709,0.697235
1784283300,0.69723,0.69734,0.69708,0.69709
1784283600,0.697095,0.69719,0.696985,0.697025
1784283900,0.697025,0.69708,0.696905,0.697055
1784284200,0.69705,0.69719,0.697035,0.69719
1784284500,0.69718,0.69724,0.69711,0.69722
1784284800,0.697215,0.69729,0.69714,0.69721
1784285100,0.697215,0.69727,0.69716,0.697215
1784285400,0.69721,0.69722,0.696915,0.697185
1784285700,0.697185,0.697235,0.69699,0.69704
1784286000,0.697045,0.69709,0.69673,0.696745
1784286300,0.69675,0.696885,0.696715,0.696845
1784286600,0.696845,0.69699,0.696835,0.696895
1784286900,0.696905,0.69693,0.69674,0.696845
1784287200,0.696845,0.696855,0.696715,0.696845
1784287500,0.69684,0.69705,0.696785,0.69705
1784287800,0.697055,0.697215,0.697005,0.697205
1784288100,0.69721,0.69756,0.697205,0.69754
1784288400,0.697545,0.697575,0.69741,0.697445
1784288700,0.697445,0.697715,0.69742,0.697545
1784289000,0.697545,0.697785,0.6974,0.697745
1784289300,0.69775,0.69775,0.6974,0.69746
1784289600,0.697455,0.69761,0.697445,0.69746
1784289900,0.697455,0.697535,0.697395,0.69751
1784290200,0.69751,0.69757,0.6973,0.697355
1784290500,0.697355,0.697435,0.697295,0.697305
1784290800,0.697295,0.697365,0.69715,0.697345
1784291100,0.69735,0.69752,0.69734,0.697505
1784291400,0.69751,0.697525,0.697205,0.697245
1784291700,0.697245,0.69731,0.69719,0.697205
1784292000,0.6972,0.697245,0.697085,0.697145
1784292300,0.69714,0.697215,0.697005,0.697055
1784292600,0.697055,0.697145,0.69699,0.697
1784292900,0.697005,0.697155,0.69682,0.696945
1784293200,0.69694,0.696985,0.696635,0.69684
1784293500,0.69683,0.696885,0.696725,0.69684
1784293800,0.696845,0.69717,0.69681,0.69708
1784294100,0.697075,0.69716,0.69686,0.69697
1784294400,0.696965,0.69716,0.696905,0.69699
1784294700,0.697,0.697315,0.69699,0.69705
1784295000,0.69706,0.69729,0.696985,0.697105
1784295300,0.69711,0.69741,0.69706,0.69726
1784295600,0.697255,0.697345,0.69694,0.697
1784295900,0.696985,0.69751,0.696895,0.69749
1784296200,0.69748,0.69776,0.69747,0.69762
1784296500,0.697615,0.69784,0.697565,0.6978
1784296800,0.697805,0.69805,0.697745,0.69805
1784297100,0.698045,0.69811,0.6978,0.6979
1784297400,0.697895,0.69799,0.697705,0.697705
1784297700,0.6977,0.69804,0.6977,0.697985
1784298000,0.69799,0.69804,0.697845,0.697995
1784298300,0.697985,0.6981,0.697785,0.69784
1784298600,0.697845,0.698035,0.697665,0.69775
1784298900,0.69775,0.698115,0.69775,0.698045
1784299200,0.698035,0.698265,0.698015,0.698235
1784299500,0.69823,0.698355,0.69812,0.698135
1784299800,0.698145,0.698235,0.698005,0.6981
1784300100,0.698095,0.698215,0.698015,0.698095
1784300400,0.6981,0.698255,0.697905,0.69825
1784300700,0.698255,0.698455,0.69824,0.698395
1784301000,0.69839,0.698455,0.697985,0.698045
1784301300,0.69805,0.69831,0.698005,0.698245
1784301600,0.69825,0.698415,0.6982,0.69827
1784301900,0.69827,0.69844,0.69824,0.69844
1784302200,0.698445,0.69858,0.698205,0.698245
1784302500,0.69825,0.698365,0.697995,0.69829
1784302800,0.698295,0.69832,0.69808,0.698145
1784303100,0.69814,0.6983,0.698085,0.69818
1784303400,0.698185,0.698305,0.69809,0.69823
1784303700,0.698235,0.69841,0.69819,0.698395
1784304000,0.6984,0.698435,0.697865,0.6981
1784304300,0.698105,0.69831,0.69799,0.69828
1784304600,0.698275,0.69857,0.69824,0.698555
1784304900,0.69855,0.69874,0.698525,0.69869
1784305200,0.698685,0.698725,0.69844,0.6985
1784305500,0.6985,0.6987,0.69846,0.69864
1784305800,0.698635,0.69865,0.69842,0.69845
1784306100,0.69844,0.69848,0.698295,0.698345
1784306400,0.69834,0.698495,0.69834,0.69849
1784306700,0.69849,0.6985,0.698285,0.698445
1784307000,0.69844,0.69847,0.698355,0.69842
1784307300,0.69843,0.698445,0.69831,0.698365
1784307600,0.698375,0.69854,0.69833,0.698405
1784307900,0.698405,0.69849,0.69835,0.69846
1784308200,0.69845,0.6985,0.69826,0.698305
1784308500,0.698295,0.698475,0.69826,0.698335
1784308800,0.69833,0.6984,0.69828,0.698345
1784309100,0.69835,0.69854,0.69834,0.69846
1784309400,0.69846,0.6985,0.69841,0.698495
1784309700,0.698495,0.6985,0.69834,0.69835
1784310000,0.698345,0.698355,0.69821,0.698255
1784310300,0.69825,0.698385,0.698245,0.698365
1784310600,0.698375,0.69839,0.698235,0.69825
1784310900,0.69825,0.69826,0.69812,0.6982
1784311200,0.698205,0.698265,0.698105,0.69821
1784311500,0.6982,0.69825,0.698135,0.69821
1784311800,0.69821,0.69835,0.698195,0.69822
1784312100,0.69823,0.698305,0.69815,0.698265
1784312400,0.69826,0.698375,0.69819,0.69824
1784312700,0.69824,0.698365,0.698185,0.69836
1784313000,0.698355,0.69845,0.69824,0.69827
1784313300,0.698275,0.69829,0.69819,0.69823
1784313600,0.698235,0.69824,0.69808,0.698115
1784313900,0.69811,0.69823,0.698095,0.69815
1784314200,0.69815,0.69834,0.69814,0.69832
1784314500,0.698325,0.69834,0.6982,0.6982
1784314800,0.69819,0.69825,0.69815,0.69819
1784315100,0.698195,0.69824,0.698135,0.69815
1784315400,0.69815,0.69815,0.69807,0.6981
1784315700,0.69809,0.6981,0.698035,0.69809
1784316000,0.698085,0.698195,0.697965,0.697965
1784316300,0.69797,0.69821,0.69792,0.69818
1784316600,0.69819,0.698275,0.698165,0.698165
1784316900,0.698165,0.698245,0.698095,0.6981
1784317200,0.698095,0.698455,0.698065,0.698405
1784317500,0.6984,0.69847,0.698365,0.69839
1784317800,0.698395,0.69846,0.698335,0.69845
1784318100,0.698445,0.698575,0.698385,0.69845
1784318400,0.698445,0.69847,0.69836,0.698405
1784318700,0.6984,0.698485,0.698315,0.698355
1784319000,0.69836,0.69836,0.698295,0.69831
1784319300,0.698305,0.698315,0.698265,0.69827
1784319600,0.698265,0.69827,0.69804,0.69811
1784319900,0.698115,0.698155,0.69809,0.69814
1784320200,0.698135,0.698165,0.69798,0.69799
1784320500,0.69799,0.69805,0.69799,0.69805
1784320800,0.698045,0.69807,0.69794,0.698045
1784321100,0.69804,0.69809,0.698,0.69808
1784321400,0.69809,0.69823,0.698075,0.69822
1784321700,0.698225,0.698315,0.69809,0.698305
1784494800,0.698305,0.698305,0.696455,0.696565
1784495100,0.696555,0.6966,0.69638,0.696445
1784495400,0.696445,0.696685,0.696405,0.69667
1784495700,0.69666,0.696675,0.696555,0.69661
1784496000,0.69661,0.696665,0.6966,0.696615
1784496300,0.696615,0.69666,0.696585,0.69664
1784496600,0.69664,0.6967,0.696595,0.69666
1784496900,0.69662,0.696735,0.696505,0.696655
1784497200,0.696655,0.696715,0.696645,0.696715
1784497500,0.696715,0.69673,0.69663,0.696715
1784497800,0.696715,0.696715,0.696675,0.696695
1784498100,0.696695,0.69673,0.696685,0.696725
1784498400,0.696715,0.697335,0.696685,0.69706
1784498700,0.697055,0.697175,0.69704,0.69717
1784499000,0.69717,0.697335,0.69711,0.697255
1784499300,0.69725,0.69743,0.69698,0.69725
1784499600,0.697255,0.69743,0.697185,0.697205
1784499900,0.69721,0.69741,0.69702,0.69734
1784500200,0.697335,0.69762,0.697255,0.69748
1784500500,0.697485,0.697575,0.69748,0.697485
1784500800,0.697485,0.697725,0.697465,0.697685
1784501100,0.69769,0.6977,0.69754,0.69754
1784501400,0.69754,0.697565,0.697465,0.69751
1784501700,0.69751,0.697565,0.697475,0.69751
1784502000,0.697515,0.69762,0.69748,0.69751
1784502300,0.697515,0.697685,0.6975,0.69768
1784502600,0.697685,0.69774,0.697635,0.697645
1784502900,0.697645,0.69771,0.697625,0.69764
1784503200,0.69764,0.697685,0.697535,0.69763
1784503500,0.69763,0.697735,0.69762,0.69769
1784503800,0.69769,0.697695,0.697605,0.69764
1784504100,0.69764,0.697675,0.69736,0.697415
1784504400,0.69742,0.697835,0.69742,0.69781
1784504700,0.69781,0.69782,0.697635,0.697675
1784505000,0.69768,0.697725,0.697545,0.697545
1784505300,0.69754,0.69789,0.69754,0.69788
1784505600,0.69789,0.69794,0.69748,0.69792
1784505900,0.69792,0.698155,0.69789,0.69808
1784506200,0.69809,0.698325,0.698075,0.69821
1784506500,0.69821,0.698545,0.698205,0.698525
1784506800,0.698525,0.69859,0.69838,0.698535
1784507100,0.69853,0.69858,0.69842,0.69848
1784507400,0.698475,0.69849,0.69827,0.698295
1784507700,0.698295,0.698505,0.69827,0.69844
1784508000,0.698445,0.69856,0.698365,0.69837
1784508300,0.698375,0.698395,0.698285,0.69833
1784508600,0.69834,0.69844,0.69829,0.6984
1784508900,0.6984,0.69849,0.69836,0.698475
1784509200,0.69847,0.69872,0.69847,0.69868
1784509500,0.698675,0.698885,0.698635,0.698875
1784509800,0.69887,0.69899,0.69845,0.69852
1784510100,0.698525,0.698685,0.69847,0.69859
1784510400,0.69859,0.69878,0.69853,0.698745
1784510700,0.698735,0.698845,0.698625,0.698725
1784511000,0.698715,0.698895,0.69863,0.69884
1784511300,0.69883,0.69883,0.69865,0.69878
1784511600,0.698795,0.69887,0.69853,0.698645
1784511900,0.69865,0.698835,0.69862,0.69879
1784512200,0.6988,0.698835,0.69858,0.698595
1784512500,0.6986,0.698865,0.698565,0.69882
1784512800,0.698815,0.69907,0.69875,0.69901
1784513100,0.699005,0.69917,0.698965,0.6991
1784513400,0.699105,0.6992,0.69898,0.699095
1784513700,0.6991,0.6991,0.69891,0.698945
1784514000,0.698945,0.69899,0.69887,0.69888
1784514300,0.69888,0.698995,0.69877,0.698955
1784514600,0.69894,0.69919,0.698875,0.69909
1784514900,0.699095,0.6992,0.69903,0.69919
1784515200,0.699185,0.699555,0.69912,0.699375
1784515500,0.699385,0.69944,0.69924,0.699385
1784515800,0.699385,0.699425,0.69929,0.69934
1784516100,0.699345,0.69937,0.6992,0.699235
1784516400,0.699225,0.69929,0.699065,0.699185
1784516700,0.69918,0.699185,0.698975,0.698995
1784517000,0.698995,0.699095,0.698975,0.69908
1784517300,0.69907,0.699195,0.699045,0.699175
1784517600,0.69918,0.699295,0.699165,0.699235
1784517900,0.699235,0.699285,0.699155,0.69925
1784518200,0.699255,0.69934,0.699215,0.69932
1784518500,0.69932,0.699325,0.69915,0.6993
1784518800,0.6993,0.69943,0.69926,0.69937
1784519100,0.699375,0.699395,0.69934,0.699365
1784519400,0.699365,0.699495,0.699335,0.699455
1784519700,0.69946,0.69947,0.699325,0.69936
1784520000,0.699365,0.699465,0.69936,0.699455
1784520300,0.69945,0.69948,0.69934,0.699455
1784520600,0.699455,0.69954,0.699425,0.69952
1784520900,0.699525,0.699595,0.699445,0.699505
1784521200,0.69951,0.699655,0.69951,0.699645
1784521500,0.69964,0.6998,0.699635,0.69979
1784521800,0.699785,0.69984,0.699685,0.69981
1784522100,0.699815,0.69988,0.69979,0.699855
1784522400,0.699845,0.69993,0.699835,0.69989
1784522700,0.699895,0.699895,0.69981,0.699815
1784523000,0.699815,0.699865,0.699795,0.699805
1784523300,0.69981,0.69981,0.699665,0.69969
1784523600,0.699685,0.69974,0.699515,0.699535
1784523900,0.69954,0.699555,0.69939,0.69941
1784524200,0.69941,0.69942,0.6991,0.699335
1784524500,0.69934,0.699455,0.699305,0.699385
1784524800,0.69938,0.69939,0.69924,0.69937
1784525100,0.699365,0.69937,0.69923,0.69925
1784525400,0.699255,0.699255,0.69909,0.699135
1784525700,0.69914,0.69925,0.699125,0.69922
1784526000,0.699215,0.699295,0.69918,0.699185
1784526300,0.69919,0.6993,0.699115,0.69922
1784526600,0.699225,0.69928,0.69916,0.69925
1784526900,0.699245,0.69925,0.69904,0.699085
1784527200,0.69908,0.69918,0.69903,0.69912
1784527500,0.699115,0.69912,0.69888,0.6989
1784527800,0.69889,0.69889,0.698725,0.69876
1784528100,0.69877,0.69896,0.69873,0.698795
1784528400,0.698785,0.69884,0.698595,0.6986
1784528700,0.698595,0.698745,0.69859,0.698595
1784529000,0.6986,0.69872,0.6986,0.698695
1784529300,0.698695,0.69894,0.698685,0.698895
1784529600,0.6989,0.699145,0.698885,0.699035
1784529900,0.69903,0.699305,0.699,0.699155
1784530200,0.69915,0.69925,0.699115,0.69918
1784530500,0.699175,0.699195,0.698975,0.69898
1784530800,0.698985,0.69929,0.698955,0.699205
1784531100,0.6992,0.699205,0.69908,0.69914
1784531400,0.699135,0.69915,0.698945,0.698985
1784531700,0.69898,0.69908,0.69893,0.69907
1784532000,0.699065,0.699555,0.69901,0.69955
1784532300,0.69955,0.699705,0.69948,0.69967
1784532600,0.69966,0.700435,0.69964,0.70035
1784532900,0.70033,0.700455,0.700135,0.7003
1784533200,0.7003,0.70044,0.70023,0.700415
1784533500,0.70041,0.70049,0.70023,0.70028
1784533800,0.70026,0.70026,0.70004,0.700045
1784534100,0.70004,0.700195,0.69998,0.70004
1784534400,0.700035,0.700335,0.700015,0.7002
1784534700,0.7002,0.70021,0.70008,0.70011
1784535000,0.700115,0.7002,0.70004,0.70019
1784535300,0.700185,0.70029,0.70004,0.700045
1784535600,0.70003,0.700045,0.699825,0.70004
1784535900,0.700035,0.70009,0.69984,0.69986
1784536200,0.699855,0.6999,0.699755,0.699845
1784536500,0.69984,0.70008,0.6998,0.70005
1784536800,0.70005,0.7001,0.69989,0.69992
1784537100,0.699925,0.70003,0.69988,0.699995
1784537400,0.69999,0.7,0.69984,0.69995
1784537700,0.699955,0.700065,0.69993,0.700045
1784538000,0.70004,0.70005,0.69975,0.69975
1784538300,0.69975,0.69975,0.699605,0.6997
1784538600,0.6997,0.69984,0.6997,0.69978
1784538900,0.69978,0.699895,0.699745,0.69975
1784539200,0.69975,0.699945,0.69974,0.69992
1784539500,0.69993,0.699945,0.69974,0.699745
1784539800,0.69974,0.69993,0.69973,0.69984
1784540100,0.69983,0.6999,0.6998,0.699885
1784540400,0.699885,0.7,0.69983,0.69995
1784540700,0.699945,0.699945,0.69979,0.69986
1784541000,0.699855,0.69994,0.69981,0.69984
1784541300,0.69984,0.699875,0.69968,0.69987
1784541600,0.699865,0.69991,0.699775,0.6999
1784541900,0.6999,0.700025,0.699875,0.700015
1784542200,0.70001,0.700275,0.700005,0.70022
1784542500,0.70022,0.700475,0.70019,0.700445
1784542800,0.700445,0.700595,0.70044,0.700585
1784543100,0.70058,0.700735,0.700565,0.70058
1784543400,0.700585,0.70071,0.70054,0.70071
1784543700,0.700705,0.700795,0.700695,0.70077
1784544000,0.700765,0.700815,0.700655,0.700715
1784544300,0.700715,0.70074,0.70064,0.70066
1784544600,0.70066,0.700715,0.700595,0.700715
1784544900,0.70072,0.700785,0.70062,0.700685
1784545200,0.700675,0.70081,0.700675,0.70072
1784545500,0.700715,0.70077,0.70057,0.70057
1784545800,0.700565,0.700645,0.700445,0.700595
1784546100,0.70059,0.700775,0.700585,0.700775
1784546400,0.70078,0.700795,0.70069,0.70072
1784546700,0.700715,0.700825,0.700685,0.7008
1784547000,0.7008,0.7015,0.70079,0.70137
1784547300,0.70138,0.701445,0.701065,0.701195
1784547600,0.701205,0.701295,0.70109,0.7012
1784547900,0.7012,0.701205,0.701055,0.70106
1784548200,0.70106,0.70114,0.70097,0.70111
1784548500,0.701105,0.701105,0.70089,0.70095
1784548800,0.70094,0.70096,0.7004,0.700675
1784549100,0.700665,0.70089,0.700635,0.700665
1784549400,0.70067,0.70069,0.700435,0.700545
1784549700,0.70054,0.700555,0.70023,0.70025
1784550000,0.700245,0.700295,0.70012,0.70025
1784550300,0.700255,0.700395,0.700205,0.70037
1784550600,0.700375,0.700395,0.700195,0.700305
1784550900,0.7003,0.700515,0.7003,0.70042
1784551200,0.700415,0.70043,0.70018,0.7002
1784551500,0.70021,0.700505,0.70016,0.70043
1784551800,0.70043,0.700595,0.70038,0.70049
1784552100,0.70049,0.70055,0.700385,0.7005
1784552400,0.700505,0.70058,0.70036,0.70045
1784552700,0.70045,0.700465,0.70031,0.70046
1784553000,0.70046,0.70056,0.700425,0.70046
1784553300,0.70046,0.700525,0.700385,0.70052
1784553600,0.700525,0.700745,0.70051,0.700715
1784553900,0.70072,0.70076,0.70055,0.70063
1784554200,0.700635,0.70093,0.70058,0.70087
1784554500,0.700875,0.70106,0.7008,0.701015
1784554800,0.70101,0.701105,0.700795,0.70083
1784555100,0.70084,0.700955,0.700655,0.700945
1784555400,0.70095,0.70107,0.70085,0.700945
1784555700,0.70094,0.701145,0.700935,0.701095
1784556000,0.70109,0.70125,0.70089,0.70115
1784556300,0.701155,0.70122,0.70098,0.70098
1784556600,0.700975,0.70118,0.700805,0.701165
1784556900,0.70117,0.70137,0.701115,0.701345
1784557200,0.701335,0.70135,0.701015,0.70113
1784557500,0.701135,0.70144,0.70113,0.701355
1784557800,0.701355,0.70136,0.700985,0.70102
1784558100,0.701015,0.701065,0.70092,0.70099
1784558400,0.70099,0.70104,0.70068,0.70075
1784558700,0.700745,0.700905,0.70064,0.700795
1784559000,0.70079,0.700795,0.700395,0.70041
1784559300,0.700405,0.70041,0.699795,0.700035
1784559600,0.70004,0.70023,0.69984,0.70006
1784559900,0.70006,0.70028,0.699825,0.700255
1784560200,0.70026,0.70026,0.699885,0.6999
1784560500,0.699905,0.700065,0.699835,0.6999
1784560800,0.69991,0.700095,0.69984,0.700065
1784561100,0.70007,0.700295,0.700045,0.70028
1784561400,0.700285,0.70037,0.70015,0.70019
1784561700,0.700195,0.700315,0.7,0.700045
1784562000,0.70005,0.700115,0.69994,0.70005
1784562300,0.70006,0.70015,0.699945,0.700105
1784562600,0.700105,0.700275,0.7001,0.700235
1784562900,0.70024,0.700355,0.700225,0.70028
1784563200,0.70027,0.700515,0.70027,0.700405
1784563500,0.70041,0.70065,0.700395,0.70065
1784563800,0.70065,0.700705,0.70062,0.7007
1784564100,0.7007,0.70081,0.70065,0.70071
1784564400,0.700705,0.700725,0.700535,0.700545
1784564700,0.700545,0.700555,0.70041,0.70048
1784565000,0.700485,0.70054,0.70039,0.70039
1784565300,0.70039,0.70053,0.70039,0.70049
1784565600,0.700485,0.700505,0.69991,0.70029
1784565900,0.700285,0.70034,0.70013,0.70034
1784566200,0.700335,0.700335,0.700195,0.700265
1784566500,0.70026,0.700385,0.700235,0.700335
1784566800,0.70034,0.700495,0.700335,0.70039
1784567100,0.700385,0.70048,0.70031,0.70045
1784567400,0.70045,0.70045,0.70018,0.70021
1784567700,0.700205,0.70039,0.70018,0.70037
1784568000,0.700375,0.700505,0.70035,0.700455
1784568300,0.700455,0.70051,0.70042,0.70046
1784568600,0.70046,0.700505,0.700395,0.700435
1784568900,0.70043,0.700445,0.70026,0.700285
1784569200,0.700285,0.700335,0.70024,0.700285
1784569500,0.70029,0.700375,0.700255,0.70035
1784569800,0.70035,0.70048,0.70031,0.700405
1784570100,0.70041,0.700475,0.70035,0.70038
1784570400,0.700385,0.700495,0.700385,0.70047
1784570700,0.700465,0.700605,0.70045,0.70056
1784571000,0.70056,0.70061,0.700535,0.700575
1784571300,0.70057,0.70076,0.700565,0.70065
1784571600,0.700645,0.70065,0.700365,0.700365
1784571900,0.70036,0.70047,0.70033,0.700405
1784572200,0.70041,0.700415,0.700145,0.70018
1784572500,0.700185,0.70027,0.70017,0.70022
1784572800,0.700225,0.700225,0.70008,0.700095
1784573100,0.7001,0.70017,0.700005,0.700095
1784573400,0.700095,0.700225,0.70009,0.70018
1784573700,0.700175,0.700255,0.70008,0.700235
1784574000,0.70024,0.700325,0.700105,0.700155
1784574300,0.700155,0.70016,0.700055,0.7001
1784574600,0.7001,0.700155,0.699905,0.69991
1784574900,0.69991,0.699935,0.699835,0.69991
1784575200,0.699915,0.70001,0.699905,0.70001
1784575500,0.700005,0.70026,0.69991,0.700195
1784575800,0.7002,0.70027,0.7001,0.700115
1784576100,0.70011,0.70016,0.70002,0.700155
1784576400,0.700155,0.700205,0.70005,0.700095
1784576700,0.7001,0.70019,0.70001,0.700175
1784577000,0.70017,0.70018,0.70005,0.7001
1784577300,0.700105,0.700105,0.69992,0.7
1784577600,0.700005,0.700115,0.699985,0.69999
1784577900,0.699995,0.700005,0.699705,0.699755
1784578200,0.699755,0.6998,0.69973,0.69979
1784578500,0.69979,0.69979,0.699645,0.69969
1784578800,0.69969,0.6998,0.69969,0.6998
1784579100,0.6998,0.69985,0.69977,0.699805
1784579400,0.699805,0.69982,0.699785,0.699815
1784579700,0.699815,0.699815,0.69978,0.69978
1784580000,0.699785,0.69981,0.699785,0.699795
1784580300,0.69979,0.699805,0.699735,0.69977
1784580600,0.699775,0.69981,0.69974,0.699795
1784580900,0.6998,0.699925,0.699655,0.69966
1784581200,0.699745,0.70002,0.69974,0.69994
1784581500,0.69985,0.699855,0.699705,0.69977
1784581800,0.69977,0.700035,0.699725,0.69988
1784582100,0.69988,0.70004,0.699795,0.699815
1784582400,0.699815,0.69992,0.6998,0.69983
1784582700,0.69983,0.69983,0.699525,0.699745
1784583000,0.69975,0.700135,0.69974,0.700035
1784583300,0.700035,0.7001,0.699975,0.70007
1784583600,0.70005,0.70007,0.699625,0.699635
1784583900,0.69962,0.69963,0.699545,0.69962
1784584200,0.69962,0.69963,0.69956,0.699605
1784584500,0.699605,0.699605,0.699535,0.699555
1784584800,0.69947,0.6998,0.69947,0.699525
1784585100,0.69953,0.69954,0.699385,0.699495
1784585400,0.699495,0.69955,0.6994,0.69946
1784585700,0.699465,0.699475,0.699345,0.699375
1784586000,0.69936,0.699445,0.69936,0.699425
1784586300,0.699425,0.699435,0.699355,0.699375
1784586600,0.699375,0.69946,0.699345,0.699355
1784586900,0.699355,0.699425,0.69934,0.69941
1784587200,0.699405,0.699445,0.69935,0.699445
1784587500,0.69944,0.69959,0.699355,0.699425
1784587800,0.699425,0.699445,0.69937,0.699445
1784588100,0.69945,0.699545,0.699435,0.699545
1784588400,0.699545,0.699755,0.699485,0.699755
1784588700,0.699755,0.699875,0.69968,0.699825
1784589000,0.699825,0.699845,0.69977,0.699795
1784589300,0.699785,0.699955,0.699785,0.699935
1784589600,0.69994,0.69997,0.69983,0.69983
1784589900,0.69983,0.699875,0.699815,0.69982
1784590200,0.699815,0.699995,0.6998,0.699995
1784590500,0.699995,0.699995,0.69991,0.69992
1784590800,0.69992,0.7,0.699905,0.699995
1784591100,0.699995,0.70002,0.699825,0.699925
1784591400,0.69993,0.7,0.69981,0.7
1784591700,0.700005,0.7001,0.69999,0.700055
1784592000,0.70005,0.700135,0.699775,0.69982
1784592300,0.699825,0.69994,0.69969,0.69977
1784592600,0.699765,0.70004,0.69972,0.699965
1784592900,0.69997,0.700045,0.699835,0.70003
1784593200,0.700035,0.700085,0.699795,0.699885
1784593500,0.69989,0.700035,0.69984,0.70002
1784593800,0.70002,0.70009,0.699935,0.70008
1784594100,0.70008,0.70017,0.70007,0.70015
1784594400,0.700145,0.70034,0.70013,0.70031
1784594700,0.700315,0.70056,0.700295,0.700495
1784595000,0.7005,0.70057,0.70036,0.7004
1784595300,0.700395,0.700445,0.70019,0.70019
1784595600,0.7002,0.70025,0.70009,0.70021
1784595900,0.700215,0.70055,0.700215,0.70046
1784596200,0.70047,0.70061,0.70042,0.70043
1784596500,0.70042,0.7007,0.700415,0.700655
1784596800,0.70065,0.70069,0.70045,0.700505
1784597100,0.7005,0.70062,0.700385,0.70056
1784597400,0.700565,0.70077,0.700445,0.700625
1784597700,0.70063,0.700655,0.700455,0.700545
1784598000,0.70055,0.70077,0.700535,0.7006
1784598300,0.700595,0.700705,0.700485,0.70065
1784598600,0.70066,0.70069,0.70058,0.70065
1784598900,0.70064,0.700645,0.700495,0.70055
1784599200,0.700555,0.70076,0.70054,0.700695
1784599500,0.7007,0.70096,0.700685,0.70085
1784599800,0.700845,0.700945,0.700805,0.700855
1784600100,0.700855,0.70094,0.700755,0.70076
1784600400,0.70076,0.70095,0.70073,0.70095
1784600700,0.700955,0.70096,0.7004,0.700405
1784601000,0.700415,0.70079,0.700415,0.700735
1784601300,0.70074,0.70097,0.700735,0.700795
1784601600,0.70079,0.700855,0.70074,0.7008
1784601900,0.7008,0.70085,0.70074,0.700835
1784602200,0.700835,0.700835,0.70059,0.7006
1784602500,0.700595,0.700795,0.70059,0.70066
1784602800,0.700655,0.700765,0.70051,0.700525
1784603100,0.700525,0.70053,0.700415,0.7005
1784603400,0.700495,0.70061,0.700485,0.700535
1784603700,0.70053,0.700625,0.700505,0.7006
1784604000,0.700585,0.70065,0.70046,0.700535
1784604300,0.70053,0.700595,0.70048,0.70057
1784604600,0.700565,0.700695,0.700495,0.70064
1784604900,0.700645,0.70065,0.70048,0.70063
1784605200,0.700635,0.70068,0.700485,0.70049
1784605500,0.7005,0.700715,0.70049,0.7007
1784605800,0.700705,0.70071,0.7005,0.700515
1784606100,0.70051,0.70051,0.700405,0.70041
1784606400,0.70041,0.70057,0.700405,0.70049
1784606700,0.70048,0.70065,0.700475,0.7006
1784607000,0.700595,0.70068,0.70058,0.700585
1784607300,0.700585,0.70061,0.70049,0.7005
1784607600,0.7005,0.700565,0.70043,0.70043
1784607900,0.70044,0.70047,0.70039,0.7004
1784608200,0.700405,0.700545,0.70039,0.700515
1784608500,0.700515,0.70076,0.7005,0.70074
1784608800,0.70074,0.70075,0.70061,0.7007
1784609100,0.7007,0.70079,0.70064,0.70077
1784609400,0.700765,0.700765,0.70062,0.70069
1784609700,0.700695,0.70078,0.70062,0.70077
1784610000,0.700775,0.70085,0.700735,0.700755
1784610300,0.700755,0.70095,0.70072,0.70095
1784610600,0.70095,0.70095,0.70065,0.70065
1784610900,0.700655,0.700745,0.700645,0.70071
1784611200,0.70071,0.700755,0.70069,0.700745
1784611500,0.700745,0.7009,0.70073,0.70086
1784611800,0.700865,0.70097,0.700855,0.70092
1784612100,0.700915,0.70098,0.70086,0.700915
1784612400,0.70092,0.70107,0.7009,0.70104
1784612700,0.70104,0.70104,0.700905,0.700935
1784613000,0.70093,0.70098,0.70086,0.70088
1784613300,0.700875,0.70088,0.700795,0.70085
1784613600,0.700845,0.701195,0.70084,0.70118
1784613900,0.70118,0.7012,0.70097,0.70101
1784614200,0.701,0.701055,0.70092,0.70099
1784614500,0.700985,0.70105,0.70092,0.70098
1784614800,0.70098,0.70129,0.70095,0.70124
1784615100,0.70123,0.701315,0.70109,0.70119
1784615400,0.701195,0.701395,0.70115,0.70138
1784615700,0.701385,0.7015,0.70114,0.70119
1784616000,0.701185,0.701445,0.70116,0.70144
1784616300,0.701435,0.701595,0.70138,0.701585
1784616600,0.70159,0.701655,0.70148,0.70163
1784616900,0.701635,0.70188,0.701625,0.701745
1784617200,0.70175,0.70206,0.70175,0.702035
1784617500,0.70203,0.70229,0.70203,0.702135
1784617800,0.70213,0.702135,0.70184,0.70188
1784618100,0.701875,0.702,0.70183,0.701995
1784618400,0.702,0.702045,0.701835,0.701835
1784618700,0.701825,0.701845,0.701705,0.701705
1784619000,0.7017,0.701955,0.701605,0.70195
1784619300,0.70195,0.70195,0.70185,0.701895
1784619600,0.7019,0.701915,0.70174,0.70175
1784619900,0.70176,0.70183,0.701735,0.70179
1784620200,0.701795,0.70187,0.701765,0.701855
1784620500,0.701855,0.70201,0.701825,0.70189
1784620800,0.701895,0.70197,0.701835,0.70195
1784621100,0.701955,0.702095,0.701915,0.70201
1784621400,0.70201,0.70215,0.70198,0.70206
1784621700,0.702055,0.702275,0.701995,0.70221
1784622000,0.702215,0.70231,0.70209,0.70221
1784622300,0.70221,0.70225,0.70205,0.702105
1784622600,0.70209,0.702095,0.70196,0.702035
1784622900,0.70203,0.702105,0.701875,0.702035
1784623200,0.70203,0.70221,0.702005,0.702145
1784623500,0.70214,0.70215,0.70203,0.70209
1784623800,0.702085,0.70225,0.702085,0.7022
1784624100,0.70219,0.702275,0.70218,0.702215
1784624400,0.70222,0.702305,0.70216,0.702285
1784624700,0.70229,0.702345,0.702215,0.702215
1784625000,0.70222,0.702295,0.702135,0.702265
1784625300,0.70227,0.70259,0.70227,0.70257
1784625600,0.70257,0.702625,0.70236,0.70237
1784625900,0.702375,0.702405,0.70222,0.70223
1784626200,0.702225,0.70239,0.70218,0.70236
1784626500,0.702365,0.7026,0.702315,0.70244
1784626800,0.70245,0.70246,0.70236,0.70241
1784627100,0.70241,0.70253,0.70236,0.70247
1784627400,0.70245,0.70253,0.702335,0.70251
1784627700,0.702505,0.702505,0.70233,0.70237
1784628000,0.702375,0.702475,0.702355,0.70239
1784628300,0.702395,0.70243,0.702305,0.70236
1784628600,0.702355,0.70266,0.70235,0.702475
1784628900,0.70248,0.70263,0.70245,0.70257
1784629200,0.70257,0.70269,0.70253,0.702605
1784629500,0.7026,0.70265,0.702555,0.70257
1784629800,0.70257,0.70259,0.702515,0.70254
1784630100,0.702535,0.70261,0.70236,0.70239
1784630400,0.702385,0.702385,0.702175,0.702185
1784630700,0.702175,0.70218,0.70199,0.70201
1784631000,0.702005,0.70201,0.701865,0.701945
1784631300,0.70194,0.70204,0.70192,0.701955
1784631600,0.70196,0.702,0.701765,0.701795
1784631900,0.701795,0.70185,0.70159,0.70161
1784632200,0.70161,0.70173,0.70148,0.701695
1784632500,0.7017,0.70184,0.70162,0.701625
1784632800,0.70162,0.70169,0.70152,0.701685
1784633100,0.70169,0.70169,0.70158,0.70161
1784633400,0.701615,0.701845,0.70161,0.701765
1784633700,0.70176,0.70193,0.70175,0.701865
1784634000,0.70187,0.70193,0.701755,0.70185
1784634300,0.701845,0.70188,0.70178,0.701865
1784634600,0.70186,0.701885,0.70158,0.701635
1784634900,0.70163,0.701805,0.701595,0.701805
1784635200,0.70181,0.70191,0.7016,0.70165
1784635500,0.70165,0.70169,0.7015,0.70154
1784635800,0.701535,0.70157,0.70144,0.701485
1784636100,0.701485,0.70156,0.70127,0.70148
1784636400,0.701485,0.70153,0.70136,0.70138
1784636700,0.701375,0.70138,0.7011,0.70115
1784637000,0.701155,0.701475,0.70115,0.701445
1784637300,0.70144,0.701455,0.70132,0.701425
1784637600,0.70142,0.70144,0.701105,0.70128
1784637900,0.70128,0.70168,0.70127,0.70167
1784638200,0.701675,0.701675,0.701495,0.701545
1784638500,0.70155,0.70164,0.70146,0.70163
1784638800,0.701635,0.70168,0.70132,0.701495
1784639100,0.70151,0.70162,0.70147,0.70148
1784639400,0.70149,0.701665,0.701475,0.70164
1784639700,0.70164,0.70165,0.70128,0.70128
1784640000,0.70127,0.70132,0.700905,0.700965
1784640300,0.70097,0.70101,0.70082,0.70093
1784640600,0.70094,0.70109,0.70089,0.70091
1784640900,0.700905,0.70104,0.70051,0.700585
1784641200,0.700575,0.700595,0.70027,0.70033
1784641500,0.700325,0.70067,0.70027,0.70066
1784641800,0.700665,0.700725,0.70033,0.70063
1784642100,0.700625,0.700725,0.700475,0.700545
1784642400,0.70055,0.70088,0.700545,0.70088
1784642700,0.70087,0.70107,0.70086,0.70087
1784643000,0.700875,0.70127,0.70087,0.7012
1784643300,0.701195,0.701195,0.700915,0.701015
1784643600,0.70101,0.70104,0.70088,0.700995
1784643900,0.701,0.701145,0.70094,0.70098
1784644200,0.700965,0.70108,0.70082,0.70083
1784644500,0.70083,0.70087,0.7005,0.70072
1784644800,0.70072,0.70083,0.700565,0.70072
1784645100,0.70071,0.700785,0.70039,0.70056
1784645400,0.700565,0.70057,0.70028,0.70045
1784645700,0.700455,0.70065,0.70033,0.700445
1784646000,0.700435,0.70053,0.700325,0.70051
1784646300,0.700515,0.70054,0.700325,0.70046
1784646600,0.70047,0.70068,0.70047,0.70065
1784646900,0.70066,0.70089,0.70065,0.70088
1784647200,0.700885,0.701085,0.70082,0.70097
1784647500,0.70097,0.701125,0.700945,0.700995
1784647800,0.70099,0.70125,0.70094,0.701235
1784648100,0.70124,0.70126,0.701065,0.70107
1784648400,0.701075,0.70112,0.700865,0.70089
1784648700,0.700895,0.700925,0.70066,0.700705
1784649000,0.70071,0.70083,0.70062,0.70065
1784649300,0.700655,0.70078,0.700655,0.700735
1784649600,0.70074,0.7008,0.700685,0.7008
1784649900,0.70081,0.70082,0.700695,0.700715
1784650200,0.700715,0.7008,0.700645,0.700675
1784650500,0.70067,0.70074,0.70061,0.700645
1784650800,0.700645,0.700645,0.7005,0.700545
1784651100,0.700545,0.70055,0.700425,0.700445
1784651400,0.700435,0.70056,0.70035,0.70048
1784651700,0.700475,0.700485,0.700355,0.70043
1784652000,0.70042,0.700625,0.70042,0.700585
1784652300,0.70058,0.70066,0.70054,0.700655
1784652600,0.700655,0.7007,0.70063,0.700695
1784652900,0.700695,0.70076,0.700615,0.700675
1784653200,0.70067,0.70079,0.70065,0.70066
1784653500,0.70065,0.700695,0.7006,0.700605
1784653800,0.70061,0.70071,0.700575,0.700635
1784654100,0.700635,0.70068,0.70061,0.70062
1784654400,0.700615,0.70067,0.7006,0.70067
1784654700,0.700675,0.70077,0.700675,0.700765
1784655000,0.700765,0.70079,0.700665,0.70067
1784655300,0.70067,0.70067,0.70061,0.70062
1784655600,0.700615,0.70062,0.700505,0.7006
1784655900,0.7006,0.700605,0.70053,0.700545
1784656200,0.700545,0.70064,0.700535,0.70062
1784656500,0.70061,0.700655,0.700545,0.700585
1784656800,0.70059,0.700605,0.700345,0.700345
1784657100,0.70035,0.700455,0.70027,0.70043
1784657400,0.700435,0.700495,0.700365,0.700365
1784657700,0.70037,0.70039,0.700305,0.70034
1784658000,0.70034,0.70037,0.700255,0.70037
1784658300,0.70036,0.70053,0.700355,0.700495
1784658600,0.70049,0.70053,0.70036,0.700375
1784658900,0.70038,0.700395,0.700275,0.70032
1784659200,0.70032,0.70051,0.700295,0.70049
1784659500,0.70049,0.700525,0.700445,0.70047
1784659800,0.70047,0.700505,0.700435,0.70049
1784660100,0.700485,0.700555,0.70043,0.700545
1784660400,0.70055,0.7006,0.700505,0.700525
1784660700,0.70052,0.70057,0.700495,0.700495
1784661000,0.700495,0.700565,0.70044,0.70051
1784661300,0.70051,0.700585,0.700505,0.700565
1784661600,0.70057,0.7006,0.70049,0.70055
1784661900,0.70055,0.700585,0.700495,0.70051
1784662200,0.700515,0.700545,0.70032,0.700365
1784662500,0.70037,0.70037,0.700115,0.700155
1784662800,0.70016,0.70021,0.70009,0.700095
1784663100,0.70009,0.700145,0.700065,0.700125
1784663400,0.70012,0.700275,0.700105,0.7002
1784663700,0.700205,0.700335,0.70013,0.700335
1784664000,0.70034,0.70036,0.700185,0.700215
1784664300,0.70022,0.700255,0.70009,0.700095
1784664600,0.700095,0.700115,0.699995,0.700005
1784664900,0.70001,0.70001,0.69975,0.699855
1784665200,0.699855,0.699915,0.69979,0.699915
1784665500,0.69991,0.699995,0.69991,0.699995
1784665800,0.69999,0.699995,0.69985,0.699875
1784666100,0.699875,0.699905,0.69986,0.69988
1784666400,0.69988,0.69993,0.699865,0.69992
1784666700,0.699915,0.70003,0.69991,0.69994
1784667000,0.69993,0.69993,0.699855,0.69988
1784667300,0.69988,0.69994,0.69977,0.69992
1784667600,0.699945,0.700125,0.69985,0.700095
1784667900,0.70009,0.700175,0.69991,0.70015
1784668200,0.70015,0.700165,0.700035,0.70008
1784668500,0.700055,0.700065,0.700005,0.70002
1784668800,0.70002,0.7001,0.7,0.70009
1784669100,0.70009,0.70018,0.70008,0.700165
1784669400,0.700155,0.7002,0.70006,0.700135
1784669700,0.700135,0.70018,0.699935,0.700005
1784670000,0.700005,0.700035,0.699975,0.700005
1784670300,0.7,0.700065,0.699985,0.699995
1784670600,0.699995,0.700135,0.699885,0.7
1784670900,0.700015,0.70014,0.69996,0.69999
1784671200,0.699995,0.700005,0.69984,0.6999
1784671500,0.699905,0.699985,0.69989,0.69995
1784671800,0.69995,0.69996,0.699885,0.699895
1784672100,0.699895,0.699955,0.699895,0.699945
1784672400,0.699945,0.69996,0.699925,0.69993
1784672700,0.699935,0.70001,0.699935,0.699955
1784673000,0.699955,0.699965,0.69989,0.699955
1784673300,0.699955,0.699985,0.69991,0.699915
1784673600,0.699915,0.699915,0.699875,0.69988
1784673900,0.699885,0.69989,0.699735,0.699755
1784674200,0.699755,0.699845,0.699755,0.699785
1784674500,0.699785,0.699825,0.699765,0.699765
1784674800,0.699765,0.699805,0.699685,0.69978
1784675100,0.69978,0.69985,0.699755,0.69985
1784675400,0.69985,0.699855,0.6998,0.699835
1784675700,0.69984,0.6999,0.6998,0.69984
1784676000,0.69984,0.69984,0.69979,0.69979
1784676300,0.69979,0.69984,0.699735,0.69974
1784676600,0.699745,0.69981,0.69974,0.699795
1784676900,0.69979,0.69986,0.69977,0.699835
1784677200,0.69984,0.699865,0.699795,0.69983
1784677500,0.69983,0.699895,0.6998,0.69988
1784677800,0.699875,0.699915,0.69979,0.69986
1784678100,0.699855,0.700055,0.699855,0.700045
1784678400,0.70005,0.70017,0.699885,0.70014
1784678700,0.700145,0.700155,0.69995,0.699975
1784679000,0.69997,0.70021,0.699905,0.700185
1784679300,0.70018,0.70036,0.700155,0.70036
1784679600,0.70036,0.70046,0.70033,0.70041
1784679900,0.700405,0.70047,0.70035,0.700425
1784680200,0.70043,0.70048,0.70034,0.70039
1784680500,0.70039,0.70049,0.70018,0.70018
1784680800,0.700185,0.700235,0.70015,0.70018
1784681100,0.700185,0.7003,0.70013,0.70029
1784681400,0.70029,0.70038,0.700215,0.70034
1784681700,0.700345,0.70094,0.700275,0.7009
1784682000,0.700905,0.70126,0.700905,0.70109
1784682300,0.701085,0.70125,0.701045,0.70114
1784682600,0.701145,0.701165,0.700995,0.701095
1784682900,0.70109,0.70115,0.70075,0.70076
1784683200,0.70075,0.70082,0.7006,0.700605
1784683500,0.700605,0.70067,0.7005,0.70058
1784683800,0.700585,0.70059,0.70034,0.70044
1784684100,0.70044,0.7005,0.70033,0.700485
1784684400,0.700475,0.700495,0.700355,0.700465
1784684700,0.700465,0.70072,0.70045,0.700695
1784685000,0.70069,0.70071,0.700575,0.700675
1784685300,0.70067,0.7007,0.700545,0.70056
1784685600,0.700565,0.70061,0.70022,0.70025
1784685900,0.700255,0.70026,0.700055,0.70016
1784686200,0.70016,0.700405,0.70014,0.7003
1784686500,0.700295,0.70032,0.700195,0.70023
1784686800,0.70023,0.700525,0.70023,0.700515
1784687100,0.70051,0.70081,0.70046,0.70069
1784687400,0.700685,0.70079,0.700455,0.70049
1784687700,0.70049,0.70049,0.70026,0.70032
1784688000,0.70031,0.700525,0.70031,0.7005
1784688300,0.700495,0.7006,0.700445,0.700455
1784688600,0.70046,0.70052,0.700395,0.70051
1784688900,0.700515,0.70056,0.70037,0.70041
1784689200,0.700405,0.70051,0.70036,0.70044
1784689500,0.70044,0.70051,0.700195,0.70021
1784689800,0.70021,0.70026,0.700005,0.70013
1784690100,0.700105,0.70031,0.7001,0.70021
1784690400,0.700215,0.70036,0.700165,0.70032
1784690700,0.700315,0.70056,0.70031,0.700525
1784691000,0.70053,0.70059,0.70024,0.70027
1784691300,0.70027,0.700295,0.70009,0.700225
1784691600,0.700225,0.700225,0.700055,0.700085
1784691900,0.700085,0.70018,0.69998,0.70006
1784692200,0.700065,0.70007,0.69984,0.69986
1784692500,0.699855,0.69997,0.699845,0.69992
1784692800,0.699925,0.69998,0.699855,0.69997
1784693100,0.69998,0.69998,0.69979,0.699925
1784693400,0.69992,0.699925,0.699645,0.699785
1784693700,0.69979,0.69991,0.699785,0.69981
1784694000,0.69981,0.69989,0.69975,0.69984
1784694300,0.699845,0.69993,0.69979,0.6999
1784694600,0.699905,0.69996,0.699845,0.6999
1784694900,0.699895,0.69997,0.699865,0.699905
1784695200,0.69991,0.70006,0.699895,0.70003
1784695500,0.70003,0.70003,0.699885,0.69991
1784695800,0.699905,0.69996,0.699845,0.699845
1784696100,0.69985,0.69992,0.699805,0.69992
1784696400,0.699925,0.69996,0.699865,0.6999
1784696700,0.699905,0.699935,0.699805,0.699805
1784697000,0.69981,0.69996,0.6998,0.69986
1784697300,0.699855,0.699965,0.699775,0.69991
1784697600,0.69991,0.70003,0.6999,0.699905
1784697900,0.69991,0.699955,0.69976,0.69977
1784698200,0.69976,0.699775,0.69957,0.69965
1784698500,0.699645,0.69969,0.699505,0.69956
1784698800,0.699565,0.69964,0.6994,0.699495
1784699100,0.6995,0.69951,0.69935,0.69947
1784699400,0.699465,0.699705,0.69942,0.699615
1784699700,0.699615,0.699715,0.699525,0.699705
1784700000,0.6997,0.70001,0.69967,0.699905
1784700300,0.6999,0.699905,0.69976,0.69982
1784700600,0.69982,0.69987,0.69973,0.69976
1784700900,0.699755,0.699785,0.699605,0.69964
1784701200,0.69965,0.699675,0.699415,0.699415
1784701500,0.699415,0.69945,0.69904,0.69915
1784701800,0.69914,0.69943,0.699,0.69941
1784702100,0.69941,0.699525,0.699245,0.699305
1784702400,0.699305,0.69953,0.699305,0.699455
1784702700,0.69945,0.699515,0.699345,0.6994
1784703000,0.699395,0.69958,0.6993,0.69951
1784703300,0.6995,0.69963,0.699425,0.6996
1784703600,0.699605,0.699665,0.699465,0.69955
1784703900,0.699535,0.69966,0.699495,0.6996
1784704200,0.69959,0.69992,0.69959,0.699905
1784704500,0.699895,0.70016,0.69983,0.70011
1784704800,0.70011,0.70031,0.7,0.7
1784705100,0.69999,0.70017,0.69997,0.700095
1784705400,0.7001,0.700515,0.700095,0.70025
1784705700,0.700245,0.70025,0.70002,0.700025
1784706000,0.70002,0.700055,0.699495,0.69963
1784706300,0.699625,0.699655,0.699465,0.69952
1784706600,0.69952,0.699805,0.69947,0.699785
1784706900,0.69978,0.69987,0.69961,0.69962
1784707200,0.699625,0.69964,0.69942,0.699515
1784707500,0.69952,0.69952,0.699355,0.699405
1784707800,0.69941,0.699455,0.699265,0.69933
1784708100,0.69932,0.699415,0.699215,0.69927
1784708400,0.699275,0.69953,0.699245,0.699495
1784708700,0.699495,0.699635,0.699405,0.69963
1784709000,0.699625,0.69989,0.699605,0.699695
1784709300,0.6997,0.699855,0.69969,0.69976
1784709600,0.69977,0.69985,0.699715,0.6998
1784709900,0.699795,0.69992,0.69967,0.69973
1784710200,0.699725,0.69976,0.69964,0.69975
1784710500,0.699755,0.69985,0.69968,0.69973
1784710800,0.699725,0.699855,0.69969,0.69983
1784711100,0.699825,0.699895,0.69976,0.699855
1784711400,0.69985,0.699895,0.69969,0.6998
1784711700,0.699795,0.699905,0.69972,0.699875
1784712000,0.69988,0.699915,0.69963,0.699745
1784712300,0.69974,0.699795,0.699615,0.699755
1784712600,0.69975,0.699845,0.6996,0.69969
1784712900,0.69968,0.69973,0.69945,0.699455
1784713200,0.699455,0.699535,0.69934,0.69948
1784713500,0.699475,0.69951,0.69935,0.69936
1784713800,0.699355,0.69936,0.6992,0.69931
1784714100,0.69932,0.699415,0.69931,0.699385
1784714400,0.69939,0.69951,0.69921,0.69924
1784714700,0.69923,0.69926,0.69915,0.69916
1784715000,0.699165,0.6993,0.69914,0.699225
1784715300,0.69922,0.69943,0.69921,0.69942
1784715600,0.699425,0.699595,0.69938,0.6995
1784715900,0.699505,0.69954,0.69938,0.6994
1784716200,0.6994,0.699425,0.699305,0.69932
1784716500,0.69933,0.69942,0.69928,0.699405
1784716800,0.6994,0.699455,0.69928,0.69945
1784717100,0.699445,0.6995,0.699395,0.699495
1784717400,0.699495,0.69954,0.69936,0.699365
1784717700,0.69936,0.69942,0.699265,0.699265
1784718000,0.69926,0.69945,0.6992,0.699305
1784718300,0.699305,0.69944,0.69923,0.69944
1784718600,0.699435,0.69945,0.69931,0.69933
1784718900,0.69932,0.69938,0.69919,0.699195
1784719200,0.69919,0.69936,0.699185,0.69929
1784719500,0.699285,0.69929,0.699135,0.699155
1784719800,0.69916,0.699305,0.69914,0.69924
1784720100,0.699235,0.699355,0.69919,0.699355
1784720400,0.699355,0.69936,0.698905,0.699095
1784720700,0.699085,0.69935,0.698935,0.69925
1784721000,0.69925,0.69938,0.69922,0.69936
1784721300,0.699365,0.69944,0.69928,0.69943
1784721600,0.699425,0.699605,0.69938,0.69941
1784721900,0.69942,0.69952,0.69932,0.69937
1784722200,0.69938,0.6995,0.699345,0.6995
1784722500,0.69951,0.69953,0.69935,0.699405
1784722800,0.6994,0.699495,0.69924,0.69927
1784723100,0.69928,0.699365,0.699235,0.699325
1784723400,0.69933,0.69949,0.69931,0.6994
1784723700,0.6994,0.699435,0.69928,0.69932
1784724000,0.699315,0.69933,0.69913,0.699155
1784724300,0.699155,0.699185,0.69871,0.69875
1784724600,0.69875,0.69883,0.69861,0.69865
1784724900,0.69865,0.69866,0.69805,0.698465
1784725200,0.69847,0.69895,0.69847,0.698885
1784725500,0.69889,0.699055,0.698865,0.69904
1784725800,0.69904,0.69911,0.698895,0.698985
1784726100,0.69898,0.699155,0.69888,0.699125
1784726400,0.69913,0.699505,0.69906,0.699495
1784726700,0.6995,0.69962,0.699375,0.69938
1784727000,0.6994,0.69995,0.6994,0.69974
1784727300,0.699735,0.699795,0.69959,0.6997
1784727600,0.699685,0.69995,0.69955,0.699835
1784727900,0.69984,0.69988,0.69953,0.69957
1784728200,0.699575,0.69973,0.69944,0.69953
1784728500,0.699525,0.699565,0.69938,0.6995
1784728800,0.699505,0.69965,0.69947,0.69963
1784729100,0.69963,0.69964,0.69928,0.69937
1784729400,0.69938,0.699685,0.699305,0.69958
1784729700,0.699575,0.699725,0.699525,0.69962
1784730000,0.69961,0.699765,0.69929,0.69939
1784730300,0.699395,0.69948,0.69924,0.69934
1784730600,0.699335,0.69962,0.69928,0.69947
1784730900,0.699475,0.69968,0.69933,0.69967
1784731200,0.699665,0.699705,0.69949,0.699615
1784731500,0.69962,0.69976,0.69958,0.69971
1784731800,0.69971,0.69993,0.699655,0.69983
1784732100,0.699825,0.69983,0.69947,0.69962
1784732400,0.69963,0.6998,0.699575,0.69973
1784732700,0.69972,0.69984,0.69968,0.69981
1784733000,0.699815,0.69983,0.69965,0.69966
1784733300,0.699655,0.699685,0.69948,0.699565
1784733600,0.69957,0.699745,0.69956,0.69972
1784733900,0.69972,0.69986,0.69972,0.69983
1784734200,0.699825,0.6999,0.69969,0.6997
1784734500,0.699705,0.6998,0.69966,0.69969
1784734800,0.6997,0.69988,0.69967,0.69983
1784735100,0.699835,0.69998,0.69977,0.69995
1784735400,0.69996,0.699985,0.699855,0.699855
1784735700,0.69986,0.700035,0.69977,0.70003
1784736000,0.700035,0.700075,0.699895,0.699965
1784736300,0.69996,0.7,0.699785,0.69983
1784736600,0.699835,0.69984,0.699675,0.69971
1784736900,0.699715,0.699745,0.69948,0.69954
1784737200,0.699535,0.69956,0.699445,0.69954
1784737500,0.69954,0.699575,0.699445,0.69954
1784737800,0.69954,0.69963,0.699455,0.69948
1784738100,0.69947,0.699495,0.699415,0.69942
1784738400,0.699425,0.69946,0.69938,0.699425
1784738700,0.69942,0.69947,0.69933,0.69946
1784739000,0.699465,0.69949,0.69939,0.69948
1784739300,0.69947,0.699625,0.699465,0.699545
1784739600,0.69954,0.699685,0.69952,0.69959
1784739900,0.69958,0.699615,0.699545,0.699575
1784740200,0.69958,0.699625,0.69949,0.69951
1784740500,0.69951,0.69964,0.69948,0.69949
1784740800,0.69949,0.69957,0.69947,0.699495
1784741100,0.699495,0.69959,0.699465,0.69952
1784741400,0.699525,0.69955,0.69945,0.69946
1784741700,0.699465,0.699475,0.69928,0.69929
1784742000,0.69929,0.69934,0.69922,0.69933
1784742300,0.699335,0.69939,0.69933,0.699355
1784742600,0.699365,0.69944,0.699245,0.699245
1784742900,0.69924,0.69931,0.699205,0.699245
1784743200,0.69925,0.69928,0.69917,0.699235
1784743500,0.69923,0.699295,0.69917,0.699175
1784743800,0.69917,0.69924,0.6991,0.69911
1784744100,0.699105,0.69923,0.699075,0.699215
1784744400,0.69921,0.699335,0.699165,0.69931
1784744700,0.69932,0.699435,0.69931,0.699425
1784745000,0.69943,0.699435,0.69928,0.69938
1784745300,0.69938,0.69946,0.69937,0.699395
1784745600,0.699395,0.699415,0.699335,0.699385
1784745900,0.69939,0.699415,0.69938,0.699395
1784746200,0.699395,0.6995,0.69939,0.69949
1784746500,0.699485,0.699535,0.69943,0.699475
1784746800,0.69948,0.699545,0.699405,0.6995
1784747100,0.699495,0.69953,0.699405,0.699415
1784747400,0.699405,0.69943,0.699315,0.699335
1784747700,0.69933,0.69944,0.6993,0.69943
1784748000,0.699425,0.699495,0.699405,0.699455
1784748300,0.69946,0.69952,0.699435,0.699495
1784748600,0.69949,0.699495,0.699385,0.69943
1784748900,0.69943,0.69947,0.699365,0.69939
1784749200,0.69939,0.699485,0.69938,0.69945
1784749500,0.699455,0.699495,0.69945,0.699475
1784749800,0.69948,0.699495,0.699295,0.699345
1784750100,0.69934,0.6996,0.699305,0.69953
1784750400,0.699525,0.699735,0.699525,0.69954
1784750700,0.69954,0.699695,0.69948,0.69969
1784751000,0.699685,0.69982,0.69965,0.699795
1784751300,0.69979,0.69981,0.69977,0.6998
1784751600,0.6998,0.69981,0.699755,0.699775
1784751900,0.699775,0.6998,0.699735,0.69979
1784752200,0.699795,0.699795,0.69968,0.69968
1784752500,0.69968,0.69972,0.699625,0.69968
1784752800,0.699675,0.699705,0.699635,0.699635
1784753100,0.699625,0.69965,0.699585,0.699585
1784753400,0.69959,0.699695,0.69958,0.69963
1784753700,0.699635,0.6998,0.699625,0.699745
1784754000,0.69973,0.699785,0.699605,0.69973
1784754300,0.699735,0.69975,0.69963,0.69963
1784754600,0.69963,0.69963,0.69946,0.69949
1784754900,0.699475,0.69949,0.69924,0.699255
1784755200,0.699255,0.6994,0.699235,0.69935
1784755500,0.69935,0.69938,0.69923,0.69937
1784755800,0.69937,0.699575,0.69923,0.69935
1784756100,0.69935,0.69948,0.699165,0.699225
1784756400,0.699205,0.699415,0.69914,0.699145
1784756700,0.699145,0.699385,0.69899,0.69933
1784757000,0.69933,0.69935,0.698735,0.699065
1784757300,0.699065,0.69932,0.69899,0.699245
1784757600,0.699205,0.699345,0.69899,0.699035
1784757900,0.699035,0.69905,0.69893,0.698935
1784758200,0.69893,0.698945,0.698885,0.698895
1784758500,0.69892,0.698945,0.698835,0.698855
1784758800,0.698855,0.698895,0.698845,0.698875
1784759100,0.698885,0.698935,0.69876,0.698775
1784759400,0.698785,0.69885,0.698765,0.69883
1784759700,0.698825,0.698895,0.698765,0.698765
1784760000,0.698765,0.698785,0.698685,0.698705
1784760300,0.698705,0.6988,0.698685,0.69879
1784760600,0.69879,0.69888,0.698785,0.69881
1784760900,0.69882,0.69892,0.69878,0.69888
1784761200,0.69889,0.69897,0.69884,0.69886
1784761500,0.698865,0.698885,0.69885,0.69886
1784761800,0.69886,0.69899,0.69883,0.69897
1784762100,0.69897,0.699,0.69893,0.699
1784762400,0.699005,0.699045,0.698965,0.69897
1784762700,0.69897,0.698995,0.69894,0.69899
1784763000,0.69899,0.69908,0.69899,0.699035
1784763300,0.69904,0.69905,0.69901,0.699015
1784763600,0.69902,0.699025,0.6989,0.698955
1784763900,0.698955,0.69898,0.698895,0.6989
1784764200,0.6989,0.6989,0.69883,0.69888
1784764500,0.698885,0.69896,0.698825,0.698945
1784764800,0.698955,0.69917,0.698865,0.69912
1784765100,0.69912,0.69912,0.69892,0.69899
1784765400,0.698995,0.69904,0.698875,0.698895
1784765700,0.6989,0.69901,0.69882,0.699
1784766000,0.699005,0.699135,0.698975,0.699135
1784766300,0.699135,0.69926,0.69908,0.699085
1784766600,0.699085,0.69915,0.69907,0.699095
1784766900,0.699095,0.69918,0.69904,0.699095
1784767200,0.699085,0.699175,0.699035,0.69914
1784767500,0.699145,0.699275,0.699035,0.69908
1784767800,0.699085,0.699205,0.69898,0.699165
1784768100,0.699155,0.69946,0.69911,0.69943
1784768400,0.699425,0.69975,0.699425,0.699485
1784768700,0.69948,0.69965,0.699425,0.699645
1784769000,0.69965,0.699745,0.699565,0.69968
1784769300,0.699685,0.6998,0.699615,0.69967
1784769600,0.699675,0.699855,0.699615,0.69973
1784769900,0.699735,0.699785,0.699605,0.69963
1784770200,0.699635,0.70111,0.699625,0.701105
1784770500,0.7011,0.70206,0.70104,0.7017
1784770800,0.701705,0.702085,0.701535,0.701535
1784771100,0.70154,0.70176,0.7013,0.7015
1784771400,0.701495,0.70159,0.70126,0.701455
1784771700,0.70146,0.701505,0.7011,0.70111
1784772000,0.701105,0.70141,0.70108,0.70138
1784772300,0.701385,0.70168,0.70129,0.70146
1784772600,0.70146,0.70146,0.701285,0.701345
1784772900,0.701345,0.70136,0.701235,0.701295
1784773200,0.7013,0.701305,0.70108,0.701155
1784773500,0.701155,0.701195,0.70099,0.701065
1784773800,0.70106,0.701425,0.701055,0.70128
1784774100,0.70127,0.701415,0.701185,0.701255
1784774400,0.70125,0.70161,0.70121,0.70156
1784774700,0.701555,0.70178,0.701455,0.701465
1784775000,0.70146,0.70164,0.701455,0.701595
1784775300,0.7016,0.70167,0.7015,0.701575
1784775600,0.70158,0.70165,0.701355,0.701355
1784775900,0.70136,0.701405,0.70118,0.7013
1784776200,0.701295,0.701325,0.701155,0.701205
1784776500,0.7012,0.701545,0.701145,0.701535
1784776800,0.701535,0.70167,0.701495,0.70166
1784777100,0.70166,0.70167,0.701505,0.70159
1784777400,0.701595,0.70164,0.7015,0.701575
1784777700,0.70157,0.701775,0.701525,0.701755
1784778000,0.70176,0.701805,0.70165,0.701775
1784778300,0.701775,0.701835,0.70162,0.70182
1784778600,0.701825,0.70191,0.70172,0.70176
1784778900,0.701755,0.70187,0.70174,0.701845
1784779200,0.70185,0.70188,0.701755,0.70181
1784779500,0.70181,0.70203,0.701755,0.70192
1784779800,0.70192,0.702125,0.701905,0.702025
1784780100,0.70203,0.702105,0.701755,0.70177
1784780400,0.701775,0.70184,0.70177,0.701815
1784780700,0.701815,0.701995,0.70181,0.701965
1784781000,0.70197,0.702,0.70186,0.70196
1784781300,0.70196,0.70196,0.701805,0.70182
1784781600,0.701825,0.70184,0.70163,0.70166
1784781900,0.701655,0.701755,0.70152,0.701525
1784782200,0.70152,0.701565,0.701445,0.701455
1784782500,0.701455,0.701525,0.70133,0.701525
1784782800,0.70153,0.701545,0.701415,0.701505
1784783100,0.70151,0.701715,0.701495,0.70162
1784783400,0.70162,0.701655,0.70146,0.70147
1784783700,0.70147,0.70147,0.7012,0.701265
1784784000,0.70125,0.701445,0.70122,0.701305
1784784300,0.701305,0.70155,0.7013,0.70152
1784784600,0.701515,0.70152,0.70137,0.70138
1784784900,0.701375,0.70142,0.70126,0.70127
1784785200,0.70126,0.70137,0.701215,0.70132
1784785500,0.70131,0.70137,0.70123,0.70127
1784785800,0.701265,0.701315,0.70121,0.70127
1784786100,0.70128,0.70137,0.70121,0.70123
1784786400,0.701235,0.70148,0.701205,0.701355
1784786700,0.70136,0.70139,0.70121,0.701245
1784787000,0.701245,0.70129,0.701115,0.701265
1784787300,0.701255,0.70149,0.701205,0.701365
1784787600,0.70136,0.701415,0.701285,0.70131
1784787900,0.701305,0.70138,0.70126,0.701295
1784788200,0.70129,0.701385,0.7012,0.70121
1784788500,0.70121,0.701245,0.701125,0.701235
1784788800,0.701235,0.701245,0.70106,0.701175
1784789100,0.701175,0.70126,0.70115,0.70122
1784789400,0.701225,0.70125,0.700905,0.70092
1784789700,0.700925,0.700945,0.70055,0.700565
1784790000,0.70057,0.700605,0.700145,0.700145
1784790300,0.70014,0.700445,0.70014,0.70039
1784790600,0.700385,0.700695,0.700305,0.700675
1784790900,0.700675,0.700865,0.70067,0.70083
1784791200,0.70082,0.70097,0.70071,0.70072
1784791500,0.700725,0.70088,0.700655,0.700665
1784791800,0.70067,0.70076,0.70054,0.70062
1784792100,0.700625,0.700665,0.70037,0.7004
1784792400,0.700405,0.70047,0.699865,0.69999
1784792700,0.699985,0.70007,0.69974,0.70003
1784793000,0.70002,0.70018,0.69988,0.699945
1784793300,0.69994,0.70039,0.69986,0.70036
1784793600,0.700365,0.70041,0.70008,0.70012
1784793900,0.700115,0.70049,0.7001,0.70042
1784794200,0.70042,0.700435,0.700055,0.70007
1784794500,0.70007,0.70009,0.69979,0.699955
1784794800,0.699955,0.70008,0.69983,0.699925
1784795100,0.699935,0.70004,0.69987,0.70004
1784795400,0.700035,0.700035,0.699755,0.699905
1784795700,0.69991,0.700035,0.6998,0.7
1784796000,0.699995,0.70007,0.69983,0.70002
1784796300,0.70001,0.70011,0.699955,0.70003
1784796600,0.700035,0.70017,0.699935,0.70003
1784796900,0.700025,0.70022,0.70001,0.70007
1784797200,0.700075,0.70054,0.70003,0.70054
1784797500,0.70054,0.70061,0.70032,0.70033
1784797800,0.70033,0.70037,0.70007,0.70007
1784798100,0.700065,0.70022,0.70001,0.700205
1784798400,0.7002,0.700205,0.70005,0.70007
1784798700,0.700075,0.700105,0.69984,0.69989
1784799000,0.699895,0.69997,0.699805,0.69996
1784799300,0.69996,0.700095,0.69992,0.700015
1784799600,0.700005,0.700185,0.69998,0.7001
1784799900,0.70011,0.70017,0.700015,0.70009
1784800200,0.700095,0.700095,0.69995,0.70003
1784800500,0.700035,0.70007,0.69977,0.69986
1784800800,0.699855,0.69993,0.699755,0.69982
1784801100,0.69983,0.69987,0.69956,0.6996
1784801400,0.69959,0.699775,0.69957,0.699765
1784801700,0.699765,0.69982,0.69968,0.69969
1784802000,0.69969,0.699765,0.699605,0.69975
1784802300,0.699755,0.69986,0.69971,0.6998
1784802600,0.6998,0.69999,0.699735,0.69976
1784802900,0.69977,0.69988,0.6997,0.69988
1784803200,0.699875,0.699875,0.699755,0.699825
1784803500,0.69983,0.69984,0.699615,0.69984
1784803800,0.699845,0.699975,0.69972,0.699965
1784804100,0.69996,0.70008,0.699755,0.69977
1784804400,0.69976,0.69979,0.6996,0.69965
1784804700,0.69964,0.69985,0.69962,0.69972
1784805000,0.69973,0.69985,0.699705,0.69979
1784805300,0.699795,0.69983,0.699585,0.6997
1784805600,0.699705,0.69973,0.69952,0.699585
1784805900,0.69959,0.69968,0.69946,0.699575
1784806200,0.69958,0.69962,0.69917,0.69923
1784806500,0.699215,0.699215,0.69889,0.69891
1784806800,0.698905,0.69892,0.69841,0.6987
1784807100,0.698705,0.69915,0.698705,0.69911
1784807400,0.699105,0.69947,0.6991,0.69926
1784807700,0.699255,0.699355,0.69916,0.699305
1784808000,0.69931,0.69934,0.699055,0.699175
1784808300,0.69918,0.69937,0.69908,0.69931
1784808600,0.69932,0.6994,0.69911,0.699135
1784808900,0.69914,0.699195,0.69869,0.698875
1784809200,0.69888,0.69888,0.69818,0.69829
1784809500,0.698285,0.69843,0.69825,0.698405
1784809800,0.69834,0.698375,0.69792,0.698305
1784810100,0.6983,0.69833,0.69773,0.69789
1784810400,0.697885,0.697885,0.69747,0.697605
1784810700,0.69761,0.69785,0.69754,0.697815
1784811000,0.69781,0.69788,0.697655,0.697865
1784811300,0.69786,0.697985,0.697815,0.697905
1784811600,0.6979,0.69795,0.697565,0.697645
1784811900,0.69765,0.697735,0.696855,0.696905
1784812200,0.69691,0.69706,0.69675,0.6969
1784812500,0.696885,0.697205,0.69686,0.69709
1784812800,0.697095,0.69731,0.697005,0.69709
1784813100,0.697105,0.697305,0.697005,0.697285
1784813400,0.697275,0.69785,0.697255,0.69783
1784813700,0.697825,0.69825,0.69777,0.697875
1784814000,0.69788,0.698245,0.69775,0.697895
1784814300,0.6979,0.69791,0.697545,0.69774
1784814600,0.697735,0.69776,0.69744,0.69766
1784814900,0.69767,0.69785,0.69724,0.697285
1784815200,0.69729,0.69757,0.69704,0.697145
1784815500,0.69714,0.69735,0.69687,0.697105
1784815800,0.69712,0.69758,0.697065,0.69741
1784816100,0.697415,0.697635,0.6972,0.69725
1784816400,0.697245,0.69755,0.69709,0.697535
1784816700,0.69754,0.69768,0.697485,0.69758
1784817000,0.697585,0.6978,0.697385,0.69753
1784817300,0.697535,0.6979,0.697355,0.6978
1784817600,0.697795,0.69785,0.69731,0.69731
1784817900,0.697315,0.69744,0.69704,0.69713
1784818200,0.697125,0.697245,0.696925,0.69703
1784818500,0.697025,0.697345,0.697005,0.697335
1784818800,0.69733,0.697545,0.697245,0.69754
1784819100,0.697545,0.69761,0.69728,0.69731
1784819400,0.6973,0.697345,0.69709,0.6973
1784819700,0.6973,0.697595,0.697295,0.6974
1784820000,0.697405,0.69745,0.69688,0.6971
1784820300,0.697105,0.697145,0.696855,0.696855
1784820600,0.69686,0.69686,0.69646,0.696595
1784820900,0.69659,0.697245,0.696535,0.697185
1784821200,0.69718,0.69751,0.69718,0.69725
1784821500,0.697245,0.69734,0.69714,0.69729
1784821800,0.697285,0.697575,0.697195,0.697545
1784822100,0.69755,0.697645,0.6973,0.69744
1784822400,0.697445,0.69773,0.69733,0.69761
1784822700,0.697605,0.69769,0.6975,0.69755
1784823000,0.69754,0.69782,0.697515,0.69777
1784823300,0.697775,0.697855,0.69745,0.69753
1784823600,0.697535,0.697735,0.69753,0.69766
1784823900,0.697655,0.69774,0.697575,0.69774
1784824200,0.69773,0.69781,0.69763,0.697645
1784824500,0.697645,0.69772,0.697495,0.69764
1784824800,0.69764,0.69778,0.697565,0.69773
1784825100,0.697725,0.697745,0.697575,0.697685
1784825400,0.69768,0.697835,0.697645,0.697745
1784825700,0.697755,0.697845,0.697745,0.6978
1784826000,0.69781,0.69783,0.6976,0.6976
1784826300,0.697605,0.697725,0.69746,0.69759
1784826600,0.697585,0.69762,0.697455,0.69746
1784826900,0.69745,0.6976,0.69741,0.69756
1784827200,0.697565,0.69768,0.69752,0.6976
1784827500,0.697595,0.697625,0.697425,0.697455
1784827800,0.697445,0.697465,0.697285,0.69736
1784828100,0.697355,0.697355,0.697135,0.697215
1784828400,0.69721,0.69726,0.697085,0.69711
1784828700,0.697105,0.697205,0.697055,0.697145
1784829000,0.69715,0.697215,0.697115,0.697145
1784829300,0.697145,0.697155,0.696925,0.696935
1784829600,0.69693,0.69699,0.69685,0.69688
1784829900,0.696875,0.697005,0.69685,0.69694
1784830200,0.696935,0.697005,0.69685,0.696865
1784830500,0.696865,0.69694,0.696645,0.69666
1784830800,0.696665,0.69674,0.696645,0.6967
1784831100,0.696695,0.696815,0.69662,0.69676
1784831400,0.696755,0.696895,0.69675,0.69685
1784831700,0.696855,0.69687,0.69669,0.69671
1784832000,0.696705,0.69671,0.696615,0.696665
1784832300,0.696665,0.696725,0.69663,0.69669
1784832600,0.696695,0.696715,0.69658,0.696585
1784832900,0.696575,0.69666,0.696455,0.69663
1784833200,0.696635,0.696745,0.696515,0.696545
1784833500,0.696545,0.69657,0.696435,0.69645
1784833800,0.69645,0.69646,0.69637,0.69639
1784834100,0.696375,0.69644,0.696245,0.696245
1784834400,0.696245,0.69638,0.696235,0.69638
1784834700,0.696375,0.69647,0.69634,0.696465
1784835000,0.69647,0.69672,0.696455,0.696535
1784835300,0.696525,0.696565,0.696445,0.69645
1784835600,0.696455,0.696475,0.69633,0.69634
1784835900,0.696345,0.6964,0.69625,0.696315
1784836200,0.696325,0.696515,0.696325,0.696505
1784836500,0.69651,0.696645,0.6965,0.69661
1784836800,0.696615,0.69682,0.69661,0.696765
1784837100,0.69676,0.69681,0.69669,0.69681
1784837400,0.69681,0.69682,0.696695,0.6967
1784837700,0.6967,0.696755,0.696655,0.69667
1784838000,0.696675,0.69672,0.696645,0.696715
1784838300,0.69671,0.696815,0.69669,0.696815
1784838600,0.696815,0.69687,0.69674,0.69676
1784838900,0.696755,0.69676,0.69669,0.696705
1784839200,0.6967,0.69675,0.696675,0.69675
1784839500,0.696755,0.696815,0.696755,0.69677
1784839800,0.69676,0.69677,0.696695,0.69672
1784840100,0.696725,0.69688,0.696705,0.696825
1784840400,0.696885,0.697,0.69648,0.696485
1784840700,0.696475,0.696785,0.696415,0.69677
1784841000,0.696745,0.69694,0.696745,0.69694
1784841300,0.69687,0.69694,0.696835,0.696935
1784841600,0.696925,0.69702,0.69684,0.69684
1784841900,0.69684,0.697015,0.69684,0.69695
1784842200,0.696985,0.697025,0.696925,0.696995
1784842500,0.696995,0.69706,0.696895,0.69692
1784842800,0.69693,0.69693,0.69669,0.696725
1784843100,0.696735,0.696735,0.696625,0.696625
1784843400,0.696625,0.69697,0.69659,0.69685
1784843700,0.69685,0.697125,0.696835,0.696975
1784844000,0.696955,0.697015,0.6967,0.696705
1784844300,0.69671,0.696785,0.6967,0.69675
1784844600,0.696745,0.69676,0.69672,0.69676
1784844900,0.696755,0.696805,0.696745,0.69679
1784845200,0.696795,0.696875,0.69677,0.696825
1784845500,0.696825,0.696825,0.69675,0.696765
1784845800,0.69677,0.696875,0.696745,0.69679
1784846100,0.69679,0.696805,0.696755,0.69678
1784846400,0.696785,0.696795,0.69676,0.69678
1784846700,0.69678,0.69681,0.696775,0.69679
1784847000,0.69679,0.696845,0.696785,0.69684
1784847300,0.69684,0.696895,0.69684,0.69688
1784847600,0.696885,0.696885,0.69679,0.69679
1784847900,0.696795,0.6968,0.69674,0.696765
1784848200,0.696765,0.69681,0.69676,0.69677
1784848500,0.69677,0.69683,0.696765,0.69683
1784848800,0.696825,0.696905,0.69681,0.696885
1784849100,0.69688,0.696885,0.696845,0.69685
1784849400,0.696855,0.696995,0.696855,0.69695
1784849700,0.69695,0.69695,0.69688,0.69689
1784850000,0.69689,0.6969,0.69673,0.69683
1784850300,0.69683,0.69694,0.69679,0.696795
1784850600,0.6968,0.696805,0.696605,0.69662
1784850900,0.69661,0.696745,0.696595,0.6967
1784851200,0.696705,0.697005,0.696615,0.696865
1784851500,0.69687,0.697065,0.696775,0.69697
1784851800,0.696965,0.69705,0.69689,0.6969
1784852100,0.69691,0.69694,0.69678,0.69681
1784852400,0.696805,0.697055,0.69674,0.69701
1784852700,0.697005,0.69704,0.696855,0.696905
1784853000,0.69691,0.69699,0.69683,0.696905
1784853300,0.6969,0.697135,0.69689,0.69707
1784853600,0.69707,0.6972,0.69703,0.697125
1784853900,0.697125,0.697395,0.69708,0.69729
1784854200,0.697295,0.697405,0.697235,0.69733
1784854500,0.697335,0.69769,0.6973,0.69768
1784854800,0.697685,0.69772,0.69736,0.69745
1784855100,0.697445,0.69749,0.697295,0.69745
1784855400,0.69745,0.697485,0.69738,0.69745
1784855700,0.697445,0.69745,0.69725,0.69741
1784856000,0.697405,0.69746,0.69733,0.69743
1784856300,0.697435,0.69745,0.697245,0.697245
1784856600,0.69725,0.69759,0.697205,0.69751
1784856900,0.697515,0.697605,0.69748,0.697545
1784857200,0.697545,0.69797,0.69754,0.69794
1784857500,0.697945,0.697965,0.69785,0.69785
1784857800,0.69786,0.69786,0.69775,0.69779
1784858100,0.69779,0.697805,0.697485,0.69762
1784858400,0.69763,0.69764,0.697395,0.69741
1784858700,0.6974,0.69756,0.69734,0.69756
1784859000,0.69755,0.697755,0.69751,0.697745
1784859300,0.69774,0.697805,0.69769,0.69771
1784859600,0.69771,0.697915,0.69766,0.697895
1784859900,0.69789,0.69797,0.69778,0.69789
1784860200,0.6979,0.69809,0.697835,0.69787
1784860500,0.697875,0.69795,0.69776,0.69776
1784860800,0.69776,0.69782,0.697725,0.69775
1784861100,0.69774,0.69775,0.6975,0.69752
1784861400,0.69753,0.69761,0.697415,0.69743
1784861700,0.69743,0.697555,0.69731,0.697315
1784862000,0.697315,0.69756,0.697295,0.69747
1784862300,0.697465,0.697595,0.69744,0.697495
1784862600,0.697495,0.69767,0.697355,0.697665
1784862900,0.697665,0.6977,0.6974,0.697405
1784863200,0.6974,0.69749,0.69736,0.69745
1784863500,0.69745,0.697555,0.69741,0.69742
1784863800,0.697415,0.697645,0.69741,0.697645
1784864100,0.69764,0.697685,0.6974,0.697405
1784864400,0.69741,0.69749,0.697395,0.69741
1784864700,0.6974,0.69743,0.69731,0.697395
1784865000,0.697395,0.6975,0.69737,0.69744
1784865300,0.697435,0.697485,0.69736,0.697465
1784865600,0.69746,0.69758,0.69741,0.69755
1784865900,0.69755,0.697695,0.69754,0.697695
1784866200,0.697695,0.697695,0.69756,0.69763
1784866500,0.697625,0.69771,0.6976,0.69765
1784866800,0.69765,0.69765,0.69756,0.69756
1784867100,0.69756,0.6976,0.697505,0.697555
1784867400,0.69755,0.69755,0.697385,0.69743
1784867700,0.69743,0.69747,0.697365,0.697385
1784868000,0.69739,0.6974,0.697165,0.6972
1784868300,0.6972,0.6973,0.69714,0.69716
1784868600,0.69716,0.697305,0.697145,0.697245
1784868900,0.69725,0.69735,0.69721,0.69734
1784869200,0.697345,0.697455,0.69729,0.69743
1784869500,0.697435,0.697665,0.69743,0.69763
1784869800,0.69764,0.697765,0.697615,0.697715
1784870100,0.69771,0.69779,0.697695,0.697745
1784870400,0.697745,0.697875,0.69773,0.69774
1784870700,0.69773,0.697845,0.6977,0.6978
1784871000,0.69781,0.698,0.6978,0.69795
1784871300,0.69796,0.69796,0.697715,0.697805
1784871600,0.697805,0.69785,0.69759,0.69763
1784871900,0.697635,0.69776,0.69761,0.697715
1784872200,0.69772,0.697725,0.69752,0.69753
1784872500,0.69752,0.69755,0.69732,0.69733
1784872800,0.69734,0.69759,0.69734,0.69755
1784873100,0.69756,0.697585,0.69744,0.69751
1784873400,0.697515,0.69767,0.69749,0.697665
1784873700,0.69766,0.69785,0.69754,0.697845
1784874000,0.69785,0.69801,0.69785,0.69795
1784874300,0.697955,0.6981,0.6979,0.69808
1784874600,0.698075,0.69814,0.697905,0.698125
1784874900,0.69812,0.69818,0.698035,0.698145
1784875200,0.69815,0.698155,0.69798,0.69799
1784875500,0.69799,0.69807,0.69795,0.69799
1784875800,0.697995,0.69815,0.69786,0.698095
1784876100,0.69809,0.69835,0.69805,0.69835
1784876400,0.69836,0.6987,0.69832,0.698565
1784876700,0.698555,0.698685,0.698405,0.69868
1784877000,0.698675,0.69883,0.69863,0.698645
1784877300,0.698655,0.69869,0.69844,0.69865
1784877600,0.698645,0.69878,0.69864,0.69871
1784877900,0.698705,0.69889,0.6987,0.6988
1784878200,0.698805,0.69897,0.698655,0.69874
1784878500,0.698745,0.698805,0.69836,0.69839
1784878800,0.698395,0.698415,0.69819,0.69839
1784879100,0.698385,0.69844,0.69825,0.69844
1784879400,0.69844,0.69852,0.69831,0.69852
1784879700,0.69852,0.698545,0.69841,0.69844
1784880000,0.69845,0.69848,0.69828,0.69836
1784880300,0.698355,0.69861,0.69834,0.69859
1784880600,0.6986,0.69866,0.698515,0.69861
1784880900,0.6986,0.698745,0.698545,0.698635
1784881200,0.69863,0.6987,0.69848,0.69859
1784881500,0.69858,0.6989,0.69856,0.69886
1784881800,0.698865,0.698915,0.69875,0.69875
1784882100,0.698745,0.69884,0.698655,0.69875
1784882400,0.698745,0.6988,0.6987,0.698785
1784882700,0.69878,0.69883,0.698605,0.69862
1784883000,0.698615,0.698835,0.69861,0.69879
1784883300,0.698795,0.69885,0.698765,0.69878
1784883600,0.698785,0.698945,0.698715,0.6988
1784883900,0.69879,0.699,0.69877,0.699
1784884200,0.698995,0.699,0.698645,0.69869
1784884500,0.698685,0.69891,0.69864,0.69885
1784884800,0.69884,0.698855,0.69874,0.69878
1784885100,0.698775,0.69896,0.698775,0.69894
1784885400,0.69894,0.698965,0.69884,0.6989
1784885700,0.6989,0.69891,0.69868,0.69875
1784886000,0.698755,0.698865,0.698655,0.69882
1784886300,0.698825,0.6989,0.69879,0.698805
1784886600,0.69882,0.69895,0.69874,0.69895
1784886900,0.698945,0.699215,0.69894,0.699215
1784887200,0.69922,0.69927,0.69908,0.69917
1784887500,0.69917,0.699215,0.69905,0.699205
1784887800,0.6992,0.699245,0.69915,0.69921
1784888100,0.699205,0.69936,0.699185,0.69934
1784888400,0.699345,0.69945,0.6993,0.699365
1784888700,0.69937,0.69954,0.69932,0.69947
1784889000,0.69946,0.69955,0.69945,0.699465
1784889300,0.69947,0.699495,0.699395,0.699405
1784889600,0.69941,0.699415,0.69924,0.69925
1784889900,0.699245,0.69932,0.6992,0.699235
1784890200,0.69923,0.699235,0.69906,0.69908
1784890500,0.699085,0.69921,0.69903,0.699175
1784890800,0.69918,0.699325,0.699165,0.69929
1784891100,0.699285,0.699335,0.69919,0.69921
1784891400,0.699215,0.69934,0.6992,0.69932
1784891700,0.69932,0.69935,0.69909,0.699125
1784892000,0.699125,0.69915,0.69907,0.699085
1784892300,0.69909,0.699095,0.69897,0.69897
1784892600,0.69897,0.69904,0.69894,0.69898
1784892900,0.69898,0.69904,0.698905,0.69893
1784893200,0.698935,0.69894,0.698815,0.69889
1784893500,0.69891,0.698945,0.69882,0.69889
1784893800,0.698885,0.69892,0.698735,0.69879
1784894100,0.698785,0.699015,0.69853,0.69883
1784894400,0.698845,0.698905,0.69857,0.69866
1784894700,0.698665,0.698865,0.69853,0.698815
1784895000,0.69882,0.698865,0.6987,0.698795
1784895300,0.69879,0.69879,0.698565,0.698575
1784895600,0.69857,0.6986,0.698435,0.69852
1784895900,0.69852,0.69852,0.69826,0.698325
1784896200,0.69833,0.69839,0.69805,0.698055
1784896500,0.69805,0.69815,0.698,0.69801
1784896800,0.69801,0.69802,0.69754,0.69765
1784897100,0.69765,0.697745,0.69747,0.697655
1784897400,0.69765,0.69782,0.697595,0.697725
1784897700,0.69772,0.697735,0.69758,0.697645
1784898000,0.69764,0.69779,0.69755,0.69758
1784898300,0.697585,0.697645,0.69745,0.69748
1784898600,0.69748,0.697785,0.69743,0.697635
1784898900,0.697635,0.697705,0.697585,0.69769
1784899200,0.697695,0.69775,0.69762,0.69769
1784899500,0.697695,0.69773,0.697555,0.69767
1784899800,0.69766,0.69771,0.69728,0.69737
1784900100,0.697375,0.6977,0.69728,0.6977
1784900400,0.69771,0.69773,0.69755,0.69764
1784900700,0.697635,0.697695,0.697405,0.697565
1784901000,0.69756,0.69763,0.697435,0.6976
1784901300,0.697595,0.69775,0.6975,0.69773
1784901600,0.697735,0.69809,0.69772,0.69781
1784901900,0.697815,0.69798,0.697695,0.69796
1784902200,0.697955,0.698175,0.697915,0.69804
1784902500,0.698055,0.698125,0.697825,0.69793
1784902800,0.697935,0.6984,0.69787,0.69826
1784903100,0.69827,0.69847,0.69812,0.69812
1784903400,0.698125,0.69831,0.698055,0.698265
1784903700,0.698275,0.698435,0.698235,0.69826
1784904000,0.69825,0.698435,0.698245,0.698335
1784904300,0.69833,0.698615,0.698265,0.69858
1784904600,0.698585,0.698655,0.69849,0.69864
1784904900,0.698635,0.698945,0.698625,0.698765
1784905200,0.69877,0.69898,0.698725,0.69883
1784905500,0.698835,0.699175,0.698805,0.69907
1784905800,0.69907,0.69983,0.699065,0.69969
1784906100,0.699685,0.70011,0.69933,0.69939
1784906400,0.699385,0.69954,0.69929,0.6993
1784906700,0.699305,0.69947,0.699275,0.699295
1784907000,0.6993,0.699375,0.69917,0.69918
1784907300,0.699185,0.69947,0.699145,0.699455
1784907600,0.69946,0.699475,0.698965,0.69909
1784907900,0.699095,0.69922,0.69909,0.69921
1784908200,0.69922,0.69939,0.69922,0.69931
1784908500,0.6993,0.69959,0.699285,0.69955
1784908800,0.69956,0.69962,0.69937,0.69957
1784909100,0.699575,0.69961,0.69938,0.69953
1784909400,0.699525,0.69963,0.699485,0.699485
1784909700,0.69949,0.699545,0.69942,0.69943
1784910000,0.69944,0.699575,0.69937,0.69943
1784910300,0.69943,0.6995,0.699375,0.699475
1784910600,0.69948,0.69951,0.69927,0.69948
1784910900,0.69947,0.699485,0.699145,0.699185
1784911200,0.699185,0.69919,0.698995,0.69904
1784911500,0.699035,0.699135,0.69888,0.698945
1784911800,0.69894,0.69899,0.698875,0.69898
1784912100,0.698975,0.699145,0.69894,0.699055
1784912400,0.699055,0.699095,0.698975,0.699015
1784912700,0.699,0.69902,0.69856,0.6986
1784913000,0.6986,0.69874,0.69857,0.69866
1784913300,0.698645,0.69874,0.6986,0.69863
1784913600,0.69863,0.69865,0.698505,0.69859
1784913900,0.69859,0.69874,0.69854,0.698715
1784914200,0.698725,0.69884,0.698695,0.69882
1784914500,0.69882,0.69882,0.69859,0.6986
1784914800,0.6986,0.6986,0.69852,0.69854
1784915100,0.69854,0.69857,0.698445,0.69853
1784915400,0.69853,0.69859,0.69845,0.69853
1784915700,0.69854,0.69868,0.69854,0.69858
1784916000,0.69859,0.69864,0.698525,0.69859
1784916300,0.698595,0.69864,0.698535,0.69861
1784916600,0.69862,0.698645,0.69853,0.69857
1784916900,0.698575,0.698635,0.69847,0.698485
1784917200,0.69848,0.69848,0.698365,0.69844
1784917500,0.69844,0.698465,0.69833,0.69835
1784917800,0.698355,0.698395,0.69817,0.698195
1784918100,0.69819,0.69834,0.69814,0.69825
1784918400,0.698245,0.698245,0.69813,0.69815
1784918700,0.698155,0.698365,0.69814,0.69827
1784919000,0.698275,0.698335,0.69825,0.69828
1784919300,0.69828,0.6983,0.69822,0.698295
1784919600,0.69829,0.69833,0.698225,0.698255
1784919900,0.69825,0.69826,0.698135,0.698135
1784920200,0.69813,0.69822,0.69807,0.69809
1784920500,0.69809,0.698095,0.697995,0.698085
1784920800,0.69809,0.69817,0.69796,0.697985
1784921100,0.697985,0.69799,0.697925,0.69796
1784921400,0.697955,0.69817,0.69794,0.698095
1784921700,0.698085,0.69823,0.69808,0.698185
1784922000,0.69818,0.698215,0.69813,0.69819
1784922300,0.69819,0.698245,0.69808,0.69812
1784922600,0.698125,0.69814,0.69793,0.69803
1784922900,0.698035,0.69808,0.69796,0.698045
1784923200,0.69804,0.698055,0.69793,0.69794
1784923500,0.697935,0.697945,0.69787,0.697905
1784923800,0.697905,0.69795,0.697895,0.69795
1784924100,0.697945,0.69796,0.69791,0.69793
1784924400,0.69793,0.697995,0.69792,0.69799
1784924700,0.697995,0.69809,0.69799,0.698045
1784925000,0.69805,0.698055,0.69795,0.697965
1784925300,0.697965,0.6981,0.697965,0.698095
1784925600,0.69809,0.69809,0.69798,0.698045
1784925900,0.69804,0.69818,0.698035,0.698135
1784926200,0.69813,0.69818,0.698085,0.69815
1784926500,0.69816,0.698455,0.69804,0.69818
1785099600,0.69818,0.7003,0.69818,0.70028
1785099900,0.70013,0.70027,0.70013,0.700205
1785100200,0.70013,0.70021,0.69997,0.70018
1785100500,0.700185,0.70027,0.699975,0.700205
1785100800,0.700205,0.700465,0.70013,0.70046
1785101100,0.70046,0.700465,0.700175,0.700185
1785101400,0.700185,0.70021,0.700175,0.700195
1785101700,0.700195,0.70023,0.70016,0.700225
1785102000,0.70022,0.700305,0.700085,0.700125
1785102300,0.700205,0.700265,0.70009,0.700245
1785102600,0.70024,0.700245,0.7,0.700155
1785102900,0.700155,0.700225,0.699555,0.70015
1785103200,0.700155,0.700675,0.699915,0.7005
1785103500,0.70049,0.70057,0.7001,0.700125
1785103800,0.70012,0.70012,0.69973,0.699825
1785104100,0.69982,0.699995,0.69972,0.699915
1785104400,0.69991,0.699945,0.699685,0.699715
1785104700,0.699705,0.699775,0.69952,0.699655
1785105000,0.69965,0.69965,0.69944,0.69946
1785105300,0.699455,0.699475,0.69931,0.69932
1785105600,0.69932,0.699375,0.69925,0.69937
1785105900,0.699375,0.699395,0.69915,0.69916
1785106200,0.699165,0.699265,0.69916,0.69919
1785106500,0.699185,0.699235,0.69909,0.699195
1785106800,0.699195,0.69931,0.699135,0.69922
1785107100,0.699225,0.699395,0.699225,0.6993
1785107400,0.6993,0.69931,0.69923,0.6993
1785107700,0.6993,0.69933,0.699195,0.69921
1785108000,0.699205,0.69925,0.6991,0.699105
1785108300,0.699115,0.69913,0.699075,0.69912
1785108600,0.699115,0.69927,0.69911,0.699245
1785108900,0.699245,0.6994,0.69924,0.699325
1785109200,0.699325,0.699565,0.699315,0.699445
1785109500,0.69945,0.69954,0.69932,0.699505
1785109800,0.6995,0.6995,0.69929,0.6993
1785110100,0.699295,0.69952,0.69926,0.69941
1785110400,0.699415,0.699845,0.69941,0.69981
1785110700,0.69981,0.69989,0.69956,0.699605
1785111000,0.69961,0.70007,0.69948,0.70006
1785111300,0.700065,0.700095,0.699725,0.69979
1785111600,0.6998,0.699975,0.69967,0.69996
1785111900,0.69996,0.70013,0.69992,0.70006
1785112200,0.700065,0.700225,0.699995,0.70011
1785112500,0.70011,0.70014,0.69971,0.699725
1785112800,0.69973,0.69976,0.69962,0.699635
1785113100,0.69964,0.6999,0.69964,0.699845
1785113400,0.69985,0.69987,0.69953,0.69954
1785113700,0.69955,0.69965,0.6993,0.69933
1785114000,0.699335,0.69962,0.699285,0.699445
1785114300,0.69945,0.699695,0.69945,0.69964
1785114600,0.699645,0.69982,0.699615,0.699765
1785114900,0.699765,0.69993,0.69972,0.69983
1785115200,0.69983,0.699925,0.699685,0.69977
1785115500,0.69976,0.69976,0.69962,0.699735
1785115800,0.69974,0.69999,0.699725,0.69973
1785116100,0.699735,0.69975,0.69941,0.699635
1785116400,0.69964,0.699795,0.6996,0.699665
1785116700,0.69967,0.69992,0.69957,0.6999
1785117000,0.699895,0.69994,0.699775,0.699865
1785117300,0.69987,0.700575,0.69985,0.70054
1785117600,0.700545,0.70058,0.70021,0.70026
1785117900,0.700255,0.70035,0.700215,0.700265
1785118200,0.700265,0.70032,0.700115,0.70012
1785118500,0.70012,0.70019,0.69987,0.699895
1785118800,0.699895,0.70007,0.699865,0.700065
1785119100,0.700065,0.70019,0.70006,0.700125
1785119400,0.700115,0.700115,0.69993,0.70008
1785119700,0.700085,0.700205,0.700015,0.700065
1785120000,0.700075,0.700195,0.70006,0.70009
1785120300,0.700085,0.70013,0.69992,0.69996
1785120600,0.69996,0.69998,0.699835,0.69997
1785120900,0.699965,0.699965,0.69984,0.69987
1785121200,0.69987,0.70002,0.699805,0.699835
1785121500,0.699835,0.69996,0.699745,0.69984
1785121800,0.69985,0.69985,0.699725,0.699785
1785122100,0.69978,0.699925,0.699735,0.699905
1785122400,0.699915,0.699925,0.69976,0.699785
1785122700,0.69979,0.699895,0.699695,0.69971
1785123000,0.69971,0.69971,0.69937,0.69947
1785123300,0.69947,0.69962,0.699415,0.69957
1785123600,0.69957,0.69971,0.69955,0.69964
1785123900,0.69964,0.69977,0.69962,0.69972
1785124200,0.699715,0.69986,0.699685,0.699805
1785124500,0.69982,0.699855,0.699775,0.69984
1785124800,0.69985,0.69999,0.6998,0.69986
1785125100,0.699865,0.699915,0.69969,0.69971
1785125400,0.69971,0.69982,0.699685,0.69982
1785125700,0.69982,0.69985,0.699705,0.699785
1785126000,0.699785,0.699795,0.69962,0.699625
1785126300,0.69963,0.699665,0.69943,0.699555
1785126600,0.69957,0.69976,0.69953,0.6997
1785126900,0.6997,0.6997,0.69962,0.69968
1785127200,0.69968,0.69981,0.69962,0.69965
1785127500,0.699655,0.699675,0.69957,0.699605
1785127800,0.699605,0.69965,0.69956,0.69961
1785128100,0.699605,0.699745,0.69957,0.69966
1785128400,0.69967,0.699835,0.699625,0.699795
1785128700,0.699795,0.69999,0.69976,0.699915
1785129000,0.69992,0.700065,0.69987,0.70004
1785129300,0.70004,0.700125,0.69996,0.70009
1785129600,0.70009,0.700125,0.70001,0.70002
1785129900,0.700015,0.70016,0.69997,0.70016
1785130200,0.70015,0.70029,0.70002,0.700105
1785130500,0.70011,0.700215,0.70006,0.70018
1785130800,0.70018,0.70021,0.700035,0.70008
1785131100,0.700075,0.70028,0.700055,0.700225
1785131400,0.70022,0.700335,0.7002,0.70031
1785131700,0.70031,0.70037,0.70021,0.700215
1785132000,0.70022,0.70036,0.700125,0.70031
1785132300,0.70031,0.7004,0.7002,0.70039
1785132600,0.7004,0.70056,0.70025,0.700375
1785132900,0.70038,0.700425,0.70019,0.7002
1785133200,0.700195,0.70043,0.70013,0.700405
1785133500,0.700405,0.700665,0.700405,0.70065
1785133800,0.700645,0.70078,0.70057,0.70077
1785134100,0.700765,0.701055,0.70068,0.70105
1785134400,0.701045,0.70114,0.700915,0.70098
1785134700,0.700985,0.700995,0.700715,0.70072
1785135000,0.70073,0.700765,0.700595,0.700605
1785135300,0.7006,0.700755,0.700525,0.7006
1785135600,0.700595,0.700715,0.70037,0.700535
1785135900,0.70053,0.70063,0.70051,0.70056
1785136200,0.700565,0.700945,0.700555,0.700945
1785136500,0.70094,0.70094,0.700605,0.70073
1785136800,0.700735,0.700975,0.70067,0.70071
1785137100,0.70071,0.70088,0.700635,0.70067
1785137400,0.700675,0.700685,0.70029,0.70037
1785137700,0.700375,0.70051,0.700255,0.700265
1785138000,0.70027,0.70031,0.70006,0.70021
1785138300,0.700215,0.70026,0.700095,0.70022
1785138600,0.700215,0.700405,0.70015,0.700315
1785138900,0.70031,0.70033,0.70005,0.700055
1785139200,0.70005,0.700345,0.700045,0.70007
1785139500,0.700065,0.70029,0.70003,0.7001
1785139800,0.700105,0.700185,0.700005,0.700095
1785140100,0.700095,0.70013,0.69997,0.70012
1785140400,0.70011,0.700215,0.70005,0.700155
1785140700,0.700155,0.70017,0.700065,0.700065
1785141000,0.70007,0.70012,0.700015,0.70006
1785141300,0.70006,0.700245,0.70006,0.70022
1785141600,0.70022,0.70032,0.70005,0.7001
1785141900,0.7001,0.700115,0.7,0.700055
1785142200,0.70006,0.70028,0.700015,0.70027
1785142500,0.700265,0.7004,0.700225,0.700315
1785142800,0.70032,0.70038,0.70017,0.70036
1785143100,0.700355,0.70038,0.700165,0.700175
1785143400,0.70018,0.70021,0.70001,0.70007
1785143700,0.70007,0.700115,0.69996,0.699965
1785144000,0.69996,0.700115,0.69996,0.70009
1785144300,0.7001,0.700295,0.700095,0.7001
1785144600,0.700105,0.700215,0.70004,0.700185
1785144900,0.70018,0.700245,0.70015,0.70022
1785145200,0.70022,0.70026,0.700155,0.70024
1785145500,0.70024,0.700325,0.700165,0.700235
1785145800,0.700245,0.70027,0.700135,0.70023
1785146100,0.700235,0.70033,0.700175,0.700175
1785146400,0.70017,0.700405,0.700135,0.700365
1785146700,0.700365,0.700365,0.700175,0.70024
1785147000,0.70024,0.70025,0.69994,0.700155
1785147300,0.70015,0.700355,0.700145,0.70027
1785147600,0.70027,0.70038,0.700235,0.70028
1785147900,0.70028,0.70032,0.70019,0.70021
1785148200,0.70022,0.700325,0.70019,0.70027
1785148500,0.70027,0.700335,0.700225,0.700275
1785148800,0.700275,0.700565,0.700255,0.70048
1785149100,0.700485,0.700485,0.70032,0.7004
1785149400,0.700405,0.700445,0.70031,0.70041
1785149700,0.700415,0.70046,0.700175,0.70022
1785150000,0.700225,0.700275,0.70008,0.70014
1785150300,0.70013,0.70014,0.69997,0.700095
1785150600,0.700105,0.700215,0.700065,0.70014
1785150900,0.70015,0.700325,0.700095,0.700215
1785151200,0.700205,0.7003,0.700155,0.70016
1785151500,0.700165,0.70035,0.700115,0.700115
1785151800,0.70012,0.70046,0.7001,0.700255
1785152100,0.700265,0.700345,0.7001,0.700205
1785152400,0.70021,0.70027,0.69996,0.69997
1785152700,0.69998,0.70006,0.699855,0.699855
1785153000,0.699845,0.699945,0.699765,0.699825
1785153300,0.69983,0.69984,0.699725,0.6998
1785153600,0.699795,0.700095,0.699785,0.700025
1785153900,0.70002,0.700035,0.69992,0.699945
1785154200,0.699955,0.699955,0.699505,0.69954
1785154500,0.699535,0.699645,0.6995,0.69957
1785154800,0.699565,0.69961,0.699505,0.699535
1785155100,0.69953,0.69967,0.699525,0.699545
1785155400,0.69955,0.699615,0.69944,0.69956
1785155700,0.699565,0.699585,0.699355,0.699375
1785156000,0.69938,0.69959,0.699285,0.699575
1785156300,0.69957,0.69971,0.69953,0.69959
1785156600,0.69958,0.69974,0.6995,0.69967
1785156900,0.699675,0.69981,0.699615,0.699645
1785157200,0.699655,0.69971,0.69947,0.69951
1785157500,0.699505,0.699695,0.699455,0.69969
1785157800,0.699695,0.69985,0.699575,0.699715
1785158100,0.699725,0.69977,0.69953,0.699545
1785158400,0.69955,0.69969,0.699515,0.69956
1785158700,0.699565,0.699665,0.699435,0.69955
1785159000,0.699555,0.69992,0.699555,0.69974
1785159300,0.69975,0.70001,0.699715,0.69994
1785159600,0.699945,0.70006,0.69976,0.69989
1785159900,0.6999,0.70013,0.69982,0.700045
1785160200,0.70004,0.700125,0.69971,0.69971
1785160500,0.699705,0.699705,0.6995,0.699605
1785160800,0.69961,0.69973,0.69932,0.69955
1785161100,0.699555,0.699675,0.699475,0.699605
1785161400,0.699595,0.699665,0.699445,0.699645
1785161700,0.699655,0.69972,0.6994,0.6994
1785162000,0.699395,0.699435,0.699145,0.69922
1785162300,0.699215,0.699235,0.698805,0.698805
1785162600,0.69881,0.69887,0.69862,0.69866
1785162900,0.69867,0.69891,0.69862,0.69889
1785163200,0.69888,0.69892,0.698555,0.698695
1785163500,0.6987,0.699035,0.6987,0.699015
1785163800,0.69902,0.69915,0.698955,0.69899
1785164100,0.698995,0.69932,0.69894,0.69925
1785164400,0.699255,0.699405,0.69912,0.69935
1785164700,0.69936,0.699365,0.69916,0.69919
1785165000,0.699195,0.6993,0.69904,0.69924
1785165300,0.699235,0.69933,0.69917,0.69933
1785165600,0.69932,0.69961,0.699295,0.699365
1785165900,0.69936,0.699395,0.69925,0.69935
1785166200,0.699345,0.699355,0.69915,0.699155
1785166500,0.69916,0.69919,0.69901,0.69907
1785166800,0.699075,0.69916,0.69897,0.69911
1785167100,0.69911,0.699165,0.699035,0.69911
1785167400,0.699115,0.699325,0.699095,0.699275
1785167700,0.69928,0.69942,0.699215,0.699235
1785168000,0.69923,0.69927,0.69906,0.69921
1785168300,0.69922,0.69927,0.699065,0.69917
1785168600,0.699165,0.699365,0.69915,0.699205
1785168900,0.699215,0.69944,0.699185,0.699405
1785169200,0.699405,0.69954,0.69936,0.69946
1785169500,0.699465,0.699815,0.69945,0.6997
1785169800,0.69971,0.69985,0.69968,0.69982
1785170100,0.699815,0.699955,0.69975,0.69989
1785170400,0.69988,0.699905,0.69967,0.699715
1785170700,0.699725,0.69973,0.69952,0.699525
1785171000,0.69953,0.69954,0.699395,0.69946
1785171300,0.69945,0.69951,0.69932,0.69947
1785171600,0.699475,0.69948,0.69887,0.69894
1785171900,0.698935,0.699055,0.69888,0.699
1785172200,0.699005,0.69908,0.69894,0.699015
1785172500,0.69901,0.69905,0.69885,0.69888
1785172800,0.698875,0.698995,0.69882,0.698835
1785173100,0.69884,0.698885,0.69876,0.69882
1785173400,0.698825,0.699025,0.698765,0.698955
1785173700,0.698955,0.69898,0.69877,0.69877
1785174000,0.698765,0.69881,0.69871,0.698775
1785174300,0.69878,0.69883,0.69873,0.698755
1785174600,0.698755,0.698925,0.698755,0.698925
1785174900,0.69893,0.69897,0.69883,0.698955
1785175200,0.69896,0.69897,0.69885,0.69891
1785175500,0.698915,0.69897,0.69887,0.6989
1785175800,0.698905,0.69897,0.69884,0.698915
1785176100,0.69892,0.698925,0.6988,0.69884
1785176400,0.698835,0.698855,0.69873,0.698795
1785176700,0.69879,0.698845,0.698755,0.698835
1785177000,0.69883,0.69884,0.69868,0.69869
1785177300,0.69869,0.698725,0.69865,0.69866
1785177600,0.698655,0.698985,0.6986,0.698765
1785177900,0.698765,0.698795,0.69862,0.69862
1785178200,0.698615,0.698825,0.698595,0.69878
1785178500,0.698775,0.698895,0.69876,0.698855
1785178800,0.69886,0.698945,0.698795,0.698805
1785179100,0.698805,0.698975,0.698775,0.698965
1785179400,0.69896,0.699055,0.69891,0.698935
1785179700,0.69894,0.69899,0.69889,0.698975
1785180000,0.69898,0.69909,0.69898,0.69908
1785180300,0.699075,0.699145,0.69902,0.699145
1785180600,0.699155,0.699275,0.69912,0.699195
1785180900,0.699205,0.699285,0.69916,0.699285
1785181200,0.699275,0.69936,0.699225,0.699315
1785181500,0.69931,0.699325,0.699175,0.69921
1785181800,0.699215,0.69926,0.699145,0.699245
1785182100,0.69924,0.6993,0.69923,0.699255
1785182400,0.69926,0.699295,0.69914,0.699185
1785182700,0.699185,0.699195,0.699085,0.699115
1785183000,0.699115,0.69914,0.699065,0.699135
1785183300,0.699135,0.699135,0.69905,0.69905
1785183600,0.69905,0.699055,0.69899,0.69901
1785183900,0.69901,0.69905,0.699005,0.699005
1785184200,0.69901,0.699015,0.698905,0.69894
1785184500,0.69894,0.698965,0.698905,0.69895
1785184800,0.69895,0.698955,0.6989,0.69891
1785185100,0.698905,0.698935,0.69889,0.698915
1785185400,0.69891,0.698955,0.698905,0.698945
1785185700,0.698955,0.699115,0.69892,0.699035
1785186000,0.69921,0.69937,0.69899,0.699015
1785186300,0.699015,0.699065,0.698955,0.69902
1785186600,0.69903,0.699035,0.698925,0.699035
1785186900,0.699035,0.699095,0.698955,0.69909
1785187200,0.69909,0.69909,0.69895,0.699075
1785187500,0.699075,0.69909,0.69905,0.699075
1785187800,0.699075,0.69916,0.69893,0.69904
1785188100,0.69904,0.699075,0.698895,0.69895
1785188400,0.699,0.699,0.698845,0.698875
1785188700,0.69885,0.69904,0.69885,0.699005
1785189000,0.699035,0.699075,0.69893,0.69907
1785189300,0.699065,0.699225,0.699015,0.69915
1785189600,0.699155,0.69916,0.698835,0.69888
1785189900,0.698885,0.69899,0.698885,0.6989
1785190200,0.698905,0.69891,0.698775,0.698815
1785190500,0.69881,0.698865,0.698805,0.69885
1785190800,0.698855,0.698875,0.69883,0.698845
1785191100,0.69885,0.69886,0.698835,0.698855
1785191400,0.698855,0.698885,0.69883,0.698885
1785191700,0.698885,0.698895,0.69884,0.69886
1785192000,0.69886,0.698865,0.69879,0.698805
1785192300,0.6988,0.698805,0.69879,0.698795
1785192600,0.6988,0.698805,0.698765,0.698795
1785192900,0.698795,0.698805,0.69874,0.69875
1785193200,0.69875,0.69875,0.69858,0.69859
1785193500,0.69859,0.69867,0.69858,0.698645
1785193800,0.698645,0.69868,0.69859,0.69868
1785194100,0.69868,0.698715,0.69865,0.69869
1785194400,0.69869,0.698735,0.698665,0.698695
1785194700,0.69869,0.698735,0.698675,0.698735
1785195000,0.698735,0.698735,0.698595,0.69863
1785195300,0.69863,0.69863,0.698565,0.698585
1785195600,0.69859,0.69864,0.698575,0.698595
1785195900,0.69859,0.698685,0.69848,0.698505
1785196200,0.69851,0.698635,0.69851,0.698595
1785196500,0.698595,0.69871,0.69859,0.698695
1785196800,0.69869,0.69878,0.6984,0.6984
1785197100,0.698395,0.698405,0.69816,0.698285
1785197400,0.69829,0.698335,0.698135,0.69822
1785197700,0.698225,0.698345,0.6982,0.698335
1785198000,0.69834,0.69842,0.69819,0.6983
1785198300,0.698295,0.698465,0.698295,0.69844
1785198600,0.698445,0.698715,0.69844,0.698695
1785198900,0.698695,0.69886,0.69864,0.698845
1785199200,0.69885,0.698985,0.698795,0.698905
1785199500,0.6989,0.6989,0.69854,0.69867
1785199800,0.698665,0.69873,0.69851,0.698665
1785200100,0.69867,0.698945,0.698635,0.69893
1785200400,0.698935,0.6992,0.69888,0.69909
1785200700,0.69908,0.69917,0.69895,0.6991
1785201000,0.69909,0.6991,0.69883,0.698845
1785201300,0.69884,0.69887,0.698605,0.69879
1785201600,0.698795,0.698885,0.69878,0.698875
1785201900,0.69887,0.69919,0.69871,0.699105
1785202200,0.69911,0.69943,0.699095,0.699395
1785202500,0.699405,0.69946,0.699225,0.69926
1785202800,0.699265,0.69929,0.69904,0.699145
1785203100,0.69914,0.69918,0.698975,0.69901
1785203400,0.699,0.699055,0.698725,0.698925
1785203700,0.69893,0.699005,0.69887,0.69896
1785204000,0.69897,0.699065,0.69886,0.699015
1785204300,0.69902,0.699395,0.698995,0.69935
1785204600,0.69935,0.699405,0.699285,0.699395
1785204900,0.69939,0.69944,0.69926,0.699425
1785205200,0.69943,0.69967,0.69942,0.69948
1785205500,0.69948,0.69948,0.6992,0.699245
1785205800,0.69924,0.69939,0.699145,0.69919
1785206100,0.69919,0.69935,0.69917,0.699205
1785206400,0.699205,0.6993,0.69916,0.699175
1785206700,0.699175,0.69929,0.6991,0.699285
1785207000,0.69929,0.69958,0.699245,0.69944
1785207300,0.699445,0.69949,0.69929,0.699355
1785207600,0.699345,0.69945,0.69912,0.699205
1785207900,0.69921,0.69947,0.69907,0.699165
1785208200,0.699165,0.69917,0.69855,0.69871
1785208500,0.69872,0.699105,0.69855,0.699
1785208800,0.698995,0.69906,0.698905,0.69903
1785209100,0.69903,0.69912,0.69893,0.699
1785209400,0.698995,0.699315,0.69879,0.69881
1785209700,0.698815,0.69882,0.698125,0.69821
1785210000,0.69821,0.69843,0.69813,0.698205
1785210300,0.69821,0.698515,0.69821,0.698495
1785210600,0.698495,0.698505,0.69821,0.698295
1785210900,0.69829,0.69836,0.698035,0.698115
1785211200,0.69811,0.69811,0.697265,0.697575
1785211500,0.69757,0.697615,0.69722,0.69734
1785211800,0.697335,0.69745,0.697175,0.697305
1785212100,0.697305,0.697475,0.697215,0.69743
1785212400,0.69744,0.69746,0.697085,0.697095
1785212700,0.69709,0.6972,0.697005,0.69719
1785213000,0.69719,0.69735,0.69713,0.69735
1785213300,0.69734,0.69735,0.697075,0.697165
1785213600,0.69717,0.69734,0.697135,0.69733
1785213900,0.69733,0.697385,0.697255,0.69728
1785214200,0.69728,0.69731,0.697095,0.697115
1785214500,0.69712,0.69721,0.69708,0.697125
1785214800,0.697135,0.69719,0.697085,0.69709
1785215100,0.69709,0.69709,0.69668,0.69676
1785215400,0.696755,0.69683,0.69649,0.696505
1785215700,0.69651,0.69657,0.69633,0.69638
1785216000,0.69638,0.69657,0.6963,0.69656
1785216300,0.69657,0.69665,0.696425,0.69664
1785216600,0.696645,0.69684,0.69664,0.69669
1785216900,0.69668,0.69672,0.69651,0.69667
1785217200,0.696665,0.69695,0.69664,0.69688
1785217500,0.696875,0.6969,0.696585,0.696605
1785217800,0.6966,0.696745,0.6966,0.696725
1785218100,0.69673,0.69677,0.696665,0.69671
1785218400,0.696705,0.696755,0.696435,0.69644
1785218700,0.696435,0.69656,0.69637,0.696535
1785219000,0.69653,0.69687,0.696465,0.696785
1785219300,0.696785,0.69693,0.6967,0.69689
1785219600,0.69689,0.69705,0.696875,0.69699
1785219900,0.697,0.6972,0.69685,0.69713
1785220200,0.697135,0.69732,0.697045,0.697135
1785220500,0.697135,0.6973,0.6971,0.697265
1785220800,0.69727,0.69734,0.697215,0.69722
1785221100,0.697225,0.69726,0.6971,0.697185
1785221400,0.69718,0.697485,0.69718,0.697485
1785221700,0.69748,0.697515,0.69708,0.697115
1785222000,0.69712,0.697195,0.696955,0.69705
1785222300,0.69705,0.697315,0.69691,0.6973
1785222600,0.69731,0.6974,0.69718,0.69738
1785222900,0.69738,0.697555,0.697375,0.69749
1785223200,0.6975,0.69764,0.697355,0.69736
1785223500,0.697355,0.697505,0.69722,0.69732
1785223800,0.69732,0.69735,0.697135,0.697145
1785224100,0.69715,0.697315,0.69715,0.697205
1785224400,0.6972,0.6972,0.69698,0.697075
1785224700,0.69708,0.69709,0.696735,0.696785
1785225000,0.69678,0.696845,0.69664,0.696815
1785225300,0.69682,0.696985,0.696775,0.696905
1785225600,0.6969,0.69715,0.696885,0.6971
1785225900,0.6971,0.697235,0.69693,0.69697
1785226200,0.696975,0.696985,0.696615,0.696835
1785226500,0.696825,0.697025,0.6968,0.696935
1785226800,0.69693,0.69726,0.696915,0.697165
1785227100,0.697155,0.697165,0.696925,0.697085
1785227400,0.69708,0.69709,0.696945,0.697075
1785227700,0.69708,0.69722,0.69699,0.697015
1785228000,0.69701,0.69714,0.69696,0.697105
1785228300,0.697105,0.69729,0.697,0.69723
1785228600,0.697235,0.69737,0.69722,0.69724
1785228900,0.69724,0.697345,0.6972,0.697345
1785229200,0.69734,0.697485,0.69733,0.697385
1785229500,0.697385,0.6974,0.697165,0.697245
1785229800,0.697245,0.697265,0.697105,0.697245
1785230100,0.69725,0.697295,0.697225,0.697275
1785230400,0.69728,0.6974,0.697275,0.69735
1785230700,0.697355,0.69739,0.69729,0.697315
1785231000,0.69731,0.69731,0.69709,0.6972
1785231300,0.697205,0.69723,0.697115,0.69719
1785231600,0.697195,0.697285,0.697045,0.69706
1785231900,0.69706,0.697095,0.69694,0.697045
1785232200,0.69705,0.69705,0.69674,0.69678
1785232500,0.69679,0.69679,0.69648,0.696505
1785232800,0.6965,0.69658,0.69646,0.696545
1785233100,0.69654,0.696555,0.696325,0.69643
1785233400,0.69643,0.69655,0.69641,0.6965
1785233700,0.696505,0.69655,0.69637,0.696395
1785234000,0.6964,0.69649,0.69633,0.69645
1785234300,0.696455,0.696595,0.69643,0.69658
1785234600,0.69657,0.69672,0.696555,0.696575
1785234900,0.696575,0.696655,0.69635,0.696595
1785235200,0.696595,0.69662,0.69633,0.69635
1785235500,0.696355,0.69645,0.69627,0.69638
1785235800,0.69639,0.696595,0.696375,0.69657
1785236100,0.696555,0.69666,0.6965,0.69654
1785236400,0.696545,0.696635,0.69641,0.696445
1785236700,0.69645,0.696485,0.69633,0.69637
1785237000,0.696375,0.696525,0.69635,0.69635
1785237300,0.69635,0.69676,0.696345,0.696615
1785237600,0.69661,0.696695,0.69652,0.69658
1785237900,0.696575,0.696665,0.69638,0.69642
1785238200,0.696425,0.69646,0.6963,0.696395
1785238500,0.69638,0.69672,0.69637,0.696585
1785238800,0.69658,0.69659,0.69645,0.69645
1785239100,0.69646,0.696535,0.696415,0.69642
1785239400,0.696415,0.696545,0.69639,0.69652
1785239700,0.696525,0.69668,0.6965,0.69652
1785240000,0.696525,0.69676,0.696495,0.69675
1785240300,0.69676,0.696925,0.69672,0.69688
1785240600,0.696875,0.696875,0.69665,0.696825
1785240900,0.69683,0.69684,0.69668,0.69675
1785241200,0.696755,0.69689,0.696705,0.696855
1785241500,0.696855,0.696945,0.696765,0.696875
1785241800,0.69687,0.696925,0.696645,0.69674
1785242100,0.69674,0.69687,0.69665,0.6967
1785242400,0.696695,0.69697,0.69669,0.696935
1785242700,0.69694,0.69719,0.69694,0.6971
1785243000,0.6971,0.69716,0.69697,0.69701
1785243300,0.69701,0.697075,0.696945,0.696945
1785243600,0.69695,0.697105,0.69689,0.69703
1785243900,0.69704,0.69727,0.69701,0.697265
1785244200,0.697265,0.697315,0.69713,0.697155
1785244500,0.697155,0.697285,0.69709,0.69725
1785244800,0.69725,0.697415,0.69724,0.697295
1785245100,0.697295,0.697315,0.697085,0.6971
1785245400,0.697095,0.697195,0.697,0.69707
1785245700,0.697075,0.69718,0.696625,0.696635
1785246000,0.696625,0.696905,0.696615,0.69685
1785246300,0.69684,0.697095,0.69655,0.697055
1785246600,0.69705,0.697135,0.69684,0.697005
1785246900,0.697,0.69711,0.696905,0.697095
1785247200,0.69709,0.69733,0.69707,0.69731
1785247500,0.6973,0.69744,0.69713,0.69722
1785247800,0.69721,0.69731,0.696915,0.696965
1785248100,0.69697,0.69699,0.696515,0.696515
1785248400,0.69652,0.696795,0.696335,0.696765
1785248700,0.69677,0.697065,0.69675,0.697025
1785249000,0.69703,0.697105,0.696795,0.6968
1785249300,0.6968,0.697035,0.696785,0.69684
1785249600,0.69684,0.6971,0.69683,0.696965
1785249900,0.69696,0.69699,0.69677,0.69698
1785250200,0.696975,0.697035,0.69679,0.696845
1785250500,0.69684,0.696895,0.69665,0.69669
1785250800,0.696695,0.69692,0.69657,0.69662
1785251100,0.69663,0.696925,0.696545,0.69691
1785251400,0.696915,0.697705,0.696865,0.697595
1785251700,0.69759,0.697695,0.697325,0.69759
1785252000,0.697585,0.69802,0.697575,0.69774
1785252300,0.697735,0.69804,0.69768,0.697945
1785252600,0.69794,0.698295,0.697835,0.698145
1785252900,0.69815,0.698165,0.69772,0.697745
1785253200,0.697755,0.698205,0.697745,0.69818
1785253500,0.698175,0.698195,0.698,0.698085
1785253800,0.69808,0.69825,0.697985,0.698155
1785254100,0.69815,0.69832,0.69809,0.698315
1785254400,0.69831,0.698485,0.698205,0.698365
1785254700,0.69836,0.698405,0.69824,0.698385
1785255000,0.69838,0.698545,0.698255,0.6985
1785255300,0.698495,0.69863,0.698485,0.698575
1785255600,0.69857,0.698635,0.69843,0.698545
1785255900,0.698545,0.698645,0.69854,0.698565
1785256200,0.69856,0.698565,0.698355,0.69845
1785256500,0.69845,0.69857,0.698445,0.69846
1785256800,0.698465,0.698475,0.698235,0.69824
1785257100,0.69824,0.6983,0.69806,0.69819
1785257400,0.69819,0.69838,0.69819,0.69828
1785257700,0.69828,0.698325,0.69819,0.698195
1785258000,0.6982,0.69836,0.698175,0.6983
1785258300,0.698295,0.698295,0.69801,0.69803
1785258600,0.698025,0.698035,0.69789,0.6979
1785258900,0.697905,0.69799,0.6979,0.69798
1785259200,0.697975,0.69833,0.69787,0.69788
1785259500,0.697885,0.697975,0.697825,0.697835
1785259800,0.69783,0.697935,0.697755,0.697925
1785260100,0.697915,0.69793,0.697735,0.697745
1785260400,0.69774,0.69775,0.69757,0.697595
1785260700,0.697595,0.697685,0.697495,0.697655
1785261000,0.697645,0.697655,0.697545,0.69755
1785261300,0.69756,0.69759,0.697475,0.697545
1785261600,0.69755,0.697635,0.69748,0.697535
1785261900,0.69753,0.697545,0.69747,0.69754
1785262200,0.697545,0.697585,0.69743,0.69756
1785262500,0.69756,0.697745,0.69756,0.697725
1785262800,0.69773,0.69773,0.69753,0.697535
1785263100,0.69753,0.697555,0.697395,0.697445
1785263400,0.69745,0.697525,0.69743,0.69749
1785263700,0.697485,0.697625,0.69748,0.697535
1785264000,0.697535,0.697585,0.697505,0.697545
1785264300,0.697555,0.697565,0.69744,0.697455
1785264600,0.69746,0.69749,0.697415,0.697425
1785264900,0.697425,0.697545,0.697405,0.69749
1785265200,0.697495,0.69764,0.69749,0.69763
1785265500,0.697625,0.69777,0.69762,0.697645
1785265800,0.697655,0.6977,0.69757,0.69759
1785266100,0.69759,0.69775,0.697555,0.69774
1785266400,0.69774,0.697785,0.697725,0.697755
1785266700,0.697755,0.697775,0.697655,0.697695
1785267000,0.697705,0.697785,0.69767,0.697745
1785267300,0.69775,0.69776,0.697615,0.697635
1785267600,0.697645,0.697675,0.69759,0.69764
1785267900,0.69764,0.697715,0.697635,0.69769
1785268200,0.697685,0.697705,0.69758,0.697705
1785268500,0.697695,0.697695,0.697435,0.697455
1785268800,0.69745,0.697505,0.697425,0.697435
1785269100,0.69743,0.69754,0.69743,0.697525
1785269400,0.69752,0.697555,0.69752,0.697535
1785269700,0.697535,0.697555,0.69739,0.69739
1785270000,0.69739,0.697395,0.697335,0.69738
1785270300,0.697385,0.697495,0.69734,0.697485
1785270600,0.697485,0.697495,0.69739,0.69743
1785270900,0.69744,0.697485,0.697375,0.697395
1785271200,0.697395,0.69751,0.69739,0.69751
1785271500,0.697515,0.697515,0.69739,0.69739
1785271800,0.697395,0.69744,0.697375,0.6974
1785272100,0.697405,0.69743,0.69738,0.69743
1785272400,0.69743,0.69782,0.69743,0.69756
1785272700,0.697575,0.69777,0.697565,0.69777
1785273000,0.69777,0.69783,0.69763,0.69763
1785273300,0.69763,0.697745,0.69747,0.697605
1785273600,0.697605,0.697635,0.69745,0.697525
1785273900,0.697525,0.697545,0.697385,0.697495
1785274200,0.697495,0.697565,0.697445,0.697485
1785274500,0.697475,0.69752,0.697355,0.697495
1785274800,0.697495,0.69751,0.697395,0.697485
1785275100,0.697535,0.697545,0.69736,0.69739
1785275400,0.69739,0.6977,0.69737,0.697575
1785275700,0.697575,0.697795,0.6975,0.69751
1785276000,0.6975,0.69757,0.697485,0.697545
1785276300,0.69755,0.69764,0.69755,0.697575
1785276600,0.69758,0.69761,0.697475,0.697475
1785276900,0.69748,0.697495,0.697345,0.697345
1785277200,0.697335,0.697365,0.697115,0.69713
1785277500,0.69714,0.69728,0.69708,0.69727
1785277800,0.697265,0.69738,0.6972,0.697315
1785278100,0.69732,0.69734,0.69711,0.697145
1785278400,0.69715,0.697185,0.69704,0.69715
1785278700,0.69715,0.697235,0.69709,0.69722
1785279000,0.697225,0.697355,0.697215,0.697325
1785279300,0.69733,0.697335,0.69728,0.69732
1785279600,0.69732,0.697325,0.69721,0.697305
1785279900,0.6973,0.69734,0.697215,0.697225
1785280200,0.69722,0.697495,0.69721,0.69747
1785280500,0.69747,0.697485,0.6974,0.697445
1785280800,0.697445,0.69763,0.69741,0.697625
1785281100,0.697625,0.697625,0.697525,0.69759
1785281400,0.69759,0.6976,0.697525,0.697545
1785281700,0.697545,0.697605,0.69748,0.69752
1785282000,0.69752,0.69778,0.697495,0.69776
1785282300,0.697755,0.69777,0.697565,0.697675
1785282600,0.69768,0.69768,0.69741,0.69743
1785282900,0.69743,0.697505,0.69736,0.697445
1785283200,0.697435,0.69746,0.697165,0.697405
1785283500,0.6974,0.697495,0.69727,0.69729
1785283800,0.697295,0.69733,0.69706,0.697075
1785284100,0.69707,0.69737,0.69694,0.697325
1785284400,0.697325,0.697635,0.697235,0.69733
1785284700,0.69733,0.69752,0.697315,0.697455
1785285000,0.69745,0.69751,0.69736,0.69738
1785285300,0.697375,0.697545,0.69735,0.6974
1785285600,0.6974,0.697445,0.697275,0.69742
1785285900,0.69741,0.69754,0.697165,0.697165
1785286200,0.69717,0.697225,0.69701,0.697105
1785286500,0.6971,0.69722,0.696925,0.69699
1785286800,0.696985,0.6972,0.69687,0.697085
1785287100,0.69709,0.697265,0.696915,0.696945
1785287400,0.69695,0.696995,0.696725,0.696755
1785287700,0.69675,0.697025,0.696695,0.69698
1785288000,0.696975,0.697255,0.69691,0.6972
1785288300,0.697205,0.69721,0.69704,0.697075
1785288600,0.69706,0.69706,0.693755,0.69546
1785288900,0.695455,0.69558,0.69478,0.694985
1785289200,0.69499,0.695195,0.69458,0.69484
1785289500,0.694845,0.69496,0.69469,0.69482
1785289800,0.694815,0.694975,0.69452,0.69462
1785290100,0.694625,0.69486,0.69448,0.694655
1785290400,0.69466,0.69485,0.69441,0.6946
1785290700,0.6946,0.69489,0.694525,0.69482
1785291000,0.694815,0.695075,0.694805,0.695
1785291300,0.695005,0.695155,0.69489,0.69498
1785291600,0.69498,0.69567,0.694955,0.695555
1785291900,0.695555,0.69561,0.69536,0.69537
1785292200,0.69538,0.695405,0.69519,0.695245
1785292500,0.69523,0.69532,0.69514,0.695175
1785292800,0.69517,0.6952,0.69484,0.694905
1785293100,0.69491,0.69493,0.694625,0.69465
1785293400,0.694645,0.694725,0.694565,0.694605
1785293700,0.69461,0.69489,0.694575,0.694835
1785294000,0.69484,0.695,0.69471,0.694725
1785294300,0.694725,0.695105,0.694655,0.695075
1785294600,0.69508,0.695105,0.694845,0.694845
1785294900,0.694845,0.694885,0.694745,0.694845
1785295200,0.694845,0.694875,0.69465,0.694665
1785295500,0.69466,0.694725,0.69452,0.69455
1785295800,0.694545,0.694645,0.69441,0.6946
1785296100,0.69459,0.694835,0.694565,0.694795
1785296400,0.69479,0.694875,0.69472,0.6948
1785296700,0.694795,0.69506,0.694795,0.695
1785297000,0.695,0.69501,0.69464,0.69471
1785297300,0.69471,0.69473,0.694605,0.6947
1785297600,0.694695,0.69473,0.694435,0.69452
1785297900,0.694515,0.69458,0.694445,0.694535
1785298200,0.694545,0.694595,0.694445,0.694565
1785298500,0.69456,0.694585,0.69428,0.694385
1785298800,0.69439,0.694505,0.694255,0.69446
1785299100,0.694465,0.69459,0.6943,0.69431
1785299400,0.694305,0.694625,0.69426,0.69451
1785299700,0.694515,0.694865,0.69447,0.694745
1785300000,0.694745,0.6948,0.694655,0.69475
1785300300,0.694755,0.694935,0.694675,0.6949
1785300600,0.694905,0.695195,0.694895,0.69507
1785300900,0.695065,0.69529,0.69506,0.69523
1785301200,0.695235,0.6955,0.695235,0.69541
1785301500,0.695415,0.695455,0.69527,0.695375
1785301800,0.69537,0.69557,0.695365,0.69555
1785302100,0.695545,0.695615,0.69526,0.695325
1785302400,0.69532,0.69549,0.69529,0.695455
1785302700,0.69546,0.69552,0.69526,0.69528
1785303000,0.695285,0.69552,0.695195,0.695505
1785303300,0.695505,0.695725,0.695485,0.69571
1785303600,0.695705,0.695755,0.69554,0.6956
1785303900,0.695605,0.69572,0.69552,0.695615
1785304200,0.69562,0.69575,0.695585,0.695745
1785304500,0.69574,0.69575,0.69546,0.69558
1785304800,0.695585,0.69585,0.69558,0.69561
1785305100,0.695615,0.69572,0.69551,0.69557
1785305400,0.695565,0.695835,0.695545,0.69582
1785305700,0.695825,0.69595,0.695645,0.695645
1785306000,0.69564,0.69566,0.69538,0.695385
1785306300,0.695395,0.69549,0.695265,0.695445
1785306600,0.69544,0.695625,0.695395,0.695575
1785306900,0.69558,0.69561,0.69534,0.69546
1785307200,0.695465,0.69559,0.695435,0.69547
1785307500,0.695465,0.695465,0.695275,0.69531
1785307800,0.695305,0.695425,0.695295,0.69533
1785308100,0.69533,0.69533,0.695145,0.69524
1785308400,0.695245,0.695545,0.695235,0.69546
1785308700,0.695465,0.69568,0.695435,0.695515
1785309000,0.69551,0.69561,0.69532,0.69534
1785309300,0.695345,0.69536,0.695195,0.695235
1785309600,0.69524,0.69541,0.6952,0.6954
1785309900,0.695405,0.6955,0.69536,0.6955
1785310200,0.695505,0.69551,0.69537,0.695405
1785310500,0.695405,0.695445,0.695215,0.69529
1785310800,0.695295,0.69531,0.69511,0.69516
1785311100,0.69516,0.69519,0.695015,0.695015
1785311400,0.69501,0.69501,0.69485,0.694955
1785311700,0.69495,0.69497,0.69473,0.694785
1785312000,0.69478,0.694815,0.694615,0.694655
1785312300,0.694655,0.694745,0.69459,0.69462
1785312600,0.694625,0.694745,0.694415,0.694425
1785312900,0.694425,0.69463,0.694355,0.694615
1785313200,0.69462,0.69463,0.69423,0.694235
1785313500,0.69424,0.694365,0.694205,0.69435
1785313800,0.69435,0.69435,0.69417,0.69417
1785314100,0.69418,0.694255,0.694105,0.69425
1785314400,0.694245,0.694435,0.69423,0.6944
1785314700,0.6944,0.694515,0.69436,0.69444
1785315000,0.694435,0.694625,0.69442,0.694445
1785315300,0.694445,0.694445,0.69423,0.694325
1785315600,0.69433,0.694355,0.694205,0.694325
1785315900,0.69433,0.694435,0.69429,0.694435
1785316200,0.694435,0.69445,0.694305,0.694395
1785316500,0.69439,0.694405,0.69427,0.6943
1785316800,0.6943,0.69432,0.694155,0.69426
1785317100,0.694265,0.694455,0.69421,0.69443
1785317400,0.694435,0.69444,0.694265,0.69437
1785317700,0.69437,0.69437,0.69405,0.69406
1785318000,0.694055,0.69436,0.69405,0.69435
1785318300,0.69435,0.694495,0.694305,0.69449
1785318600,0.69449,0.694505,0.69437,0.694425
1785318900,0.69443,0.694495,0.69414,0.69415
1785319200,0.694145,0.6943,0.694015,0.69429
1785319500,0.694295,0.694355,0.69399,0.694185
1785319800,0.69418,0.69429,0.69418,0.69428
1785320100,0.69429,0.69429,0.69413,0.694155
1785320400,0.69416,0.694225,0.694125,0.69417
1785320700,0.694165,0.69434,0.694095,0.69431
1785321000,0.694305,0.694375,0.694105,0.69411
1785321300,0.694105,0.694235,0.69406,0.6941
1785321600,0.69411,0.69417,0.69398,0.69417
1785321900,0.69417,0.69418,0.693955,0.6941
1785322200,0.6941,0.6941,0.69394,0.693945
1785322500,0.693945,0.694125,0.69393,0.694115
1785322800,0.69412,0.69428,0.6941,0.69424
1785323100,0.69424,0.69426,0.69412,0.694145
1785323400,0.694145,0.694315,0.69413,0.6943
1785323700,0.694305,0.694485,0.69429,0.694455
1785324000,0.694455,0.69446,0.694295,0.694345
1785324300,0.694355,0.69455,0.694345,0.69451
1785324600,0.694515,0.694525,0.6942,0.694215
1785324900,0.69421,0.694215,0.694055,0.694165
1785325200,0.69417,0.69418,0.69401,0.69406
1785325500,0.69406,0.69417,0.693995,0.694055
1785325800,0.69405,0.69424,0.69405,0.69414
1785326100,0.69413,0.69434,0.6941,0.69433
1785326400,0.694325,0.69444,0.69421,0.69431
1785326700,0.694315,0.69433,0.694025,0.69404
1785327000,0.694045,0.694105,0.693875,0.69391
1785327300,0.6939,0.693965,0.69351,0.69387
1785327600,0.693875,0.69401,0.693765,0.69389
1785327900,0.693895,0.69407,0.693865,0.69389
1785328200,0.693885,0.69405,0.693715,0.694045
1785328500,0.69404,0.69415,0.69402,0.694105
1785328800,0.69411,0.694115,0.69397,0.69401
1785329100,0.694,0.69409,0.69397,0.694065
1785329400,0.69407,0.694145,0.693925,0.694015
1785329700,0.694015,0.694235,0.693935,0.69423
1785330000,0.694235,0.69439,0.6942,0.69424
1785330300,0.694235,0.694255,0.694085,0.69412
1785330600,0.694115,0.694165,0.69402,0.694145
1785330900,0.694145,0.694325,0.69411,0.69424
1785331200,0.69425,0.694585,0.694205,0.69453
1785331500,0.694525,0.69466,0.694485,0.694525
1785331800,0.69453,0.694675,0.694445,0.69455
1785332100,0.694555,0.69461,0.69442,0.69448
1785332400,0.694475,0.69448,0.69431,0.69443
1785332700,0.694425,0.69472,0.69442,0.69471
1785333000,0.69471,0.694945,0.69444,0.694915
1785333300,0.69491,0.694935,0.694665,0.694925
1785333600,0.69493,0.695095,0.6949,0.69509
1785333900,0.69509,0.69514,0.69472,0.69472
1785334200,0.694715,0.694805,0.69438,0.69443
1785334500,0.694425,0.694645,0.694275,0.69459
1785334800,0.694595,0.694815,0.694495,0.694805
1785335100,0.69481,0.694815,0.69454,0.69462
1785335400,0.694625,0.694695,0.69451,0.69451
1785335700,0.694505,0.69453,0.69436,0.69441
1785336000,0.69441,0.69446,0.69382,0.69388
1785336300,0.693875,0.693905,0.693395,0.693405
1785336600,0.69341,0.69346,0.692915,0.69303
1785336900,0.69303,0.69303,0.692385,0.692395
1785337200,0.69239,0.69278,0.692305,0.69273
1785337500,0.692735,0.69303,0.6927,0.693015
1785337800,0.69301,0.693045,0.69281,0.692895
1785338100,0.692895,0.693015,0.69264,0.69264
1785338400,0.692635,0.69269,0.692485,0.69264
1785338700,0.692645,0.6928,0.692505,0.69262
1785339000,0.692625,0.69284,0.69252,0.69278
1785339300,0.692785,0.692975,0.69273,0.692735
1785339600,0.69273,0.692895,0.69268,0.69288
1785339900,0.692875,0.693085,0.692855,0.693
1785340200,0.692995,0.693055,0.69288,0.692895
1785340500,0.69289,0.692955,0.692785,0.69295
1785340800,0.69296,0.693015,0.692705,0.69274
1785341100,0.692745,0.692745,0.692485,0.692685
1785341400,0.69268,0.69268,0.69232,0.69233
1785341700,0.692315,0.69249,0.69224,0.69243
1785342000,0.69243,0.692705,0.692415,0.692605
1785342300,0.6926,0.69275,0.6926,0.692685
1785342600,0.69268,0.69273,0.69235,0.69236
1785342900,0.692355,0.692475,0.69227,0.69246
1785343200,0.692455,0.69254,0.69241,0.69246
1785343500,0.692465,0.6926,0.69242,0.69259
1785343800,0.692595,0.692845,0.692585,0.692785
1785344100,0.69278,0.692945,0.69277,0.692845
1785344400,0.69284,0.692995,0.69278,0.69291
1785344700,0.692915,0.693045,0.692735,0.69298
1785345000,0.692985,0.693185,0.69298,0.693165
1785345300,0.693155,0.69328,0.69308,0.69327
1785345600,0.69327,0.69345,0.69325,0.693335
1785345900,0.69334,0.69338,0.693125,0.693185
1785346200,0.69318,0.693335,0.69309,0.69327
1785346500,0.69327,0.69331,0.693095,0.69318
1785346800,0.693185,0.69352,0.693175,0.69341
1785347100,0.693415,0.69354,0.69333,0.69349
1785347400,0.693495,0.693655,0.693455,0.6935
1785347700,0.69351,0.69358,0.69338,0.693485
1785348000,0.693485,0.696175,0.69312,0.695045
1785348300,0.69505,0.695675,0.694985,0.695295
1785348600,0.69529,0.69589,0.69503,0.69581
1785348900,0.695815,0.69611,0.695365,0.695425
1785349200,0.695425,0.69544,0.69496,0.695025
1785349500,0.69503,0.6954,0.69482,0.6954
1785349800,0.695405,0.695925,0.694205,0.695065
1785350100,0.69507,0.696145,0.694515,0.69594
1785350400,0.695935,0.69724,0.695885,0.69713
1785350700,0.697135,0.698305,0.69697,0.69814
1785351000,0.69813,0.69826,0.697495,0.69823
1785351300,0.698225,0.698445,0.69783,0.698425
1785351600,0.69843,0.69889,0.69795,0.698185
1785351900,0.69818,0.69834,0.697415,0.697475
1785352200,0.69747,0.698315,0.697215,0.698225
1785352500,0.69823,0.69884,0.69811,0.698675
1785352800,0.69868,0.698705,0.697195,0.69748
1785353100,0.697475,0.69751,0.696485,0.69691
1785353400,0.69692,0.696965,0.69548,0.695925
1785353700,0.69592,0.69659,0.69573,0.695955
1785354000,0.69595,0.69605,0.69556,0.695715
1785354300,0.69571,0.695825,0.69525,0.695555
1785354600,0.695545,0.695545,0.6949,0.694995
1785354900,0.694985,0.695015,0.694735,0.694805
1785355200,0.694815,0.69521,0.69467,0.69499
1785355500,0.694995,0.69523,0.694775,0.694785
1785355800,0.69478,0.695355,0.694565,0.694905
1785356100,0.694905,0.694915,0.69453,0.69483
1785356400,0.694835,0.69499,0.69469,0.694725
1785356700,0.69473,0.694825,0.69455,0.69472
1785357000,0.694715,0.69506,0.694545,0.69506
1785357300,0.695065,0.69516,0.694945,0.695115
1785357600,0.695115,0.695245,0.69498,0.695085
1785357900,0.69508,0.695455,0.69504,0.695255
1785358200,0.69525,0.695385,0.695205,0.69538
1785358500,0.695385,0.69557,0.695375,0.69552
1785358800,0.69556,0.69571,0.695545,0.695575
1785359100,0.69559,0.695595,0.69527,0.695275
1785359400,0.695315,0.695485,0.694995,0.69505
1785359700,0.69518,0.695195,0.69505,0.695165
1785360000,0.69519,0.695375,0.69516,0.695225
1785360300,0.695225,0.695295,0.695075,0.695075
1785360600,0.69507,0.695275,0.69492,0.69526
1785360900,0.69526,0.695355,0.695225,0.695285
1785361200,0.695285,0.695365,0.69527,0.69531
1785361500,0.69531,0.695475,0.695285,0.69533
1785361800,0.69533,0.69543,0.694875,0.694895
1785362100,0.69489,0.695045,0.69479,0.69503
1785362400,0.695025,0.695605,0.695025,0.695565
1785362700,0.69556,0.69591,0.69553,0.695845
1785363000,0.69585,0.69587,0.69561,0.69564
1785363300,0.69564,0.69582,0.69558,0.69579
1785363600,0.695795,0.695815,0.695695,0.695705
1785363900,0.69571,0.69571,0.695585,0.69565
1785364200,0.69565,0.695785,0.695645,0.695785
1785364500,0.69579,0.69586,0.695735,0.69574
1785364800,0.69574,0.695795,0.69573,0.695795
1785365100,0.695795,0.69585,0.695785,0.69584
1785365400,0.69584,0.69584,0.69576,0.69577
1785365700,0.695775,0.69588,0.695755,0.695875
1785366000,0.69587,0.696125,0.695865,0.69612
1785366300,0.69612,0.69645,0.69603,0.69639
1785366600,0.696395,0.696435,0.69595,0.69599
1785366900,0.69599,0.696,0.69587,0.69594
1785367200,0.69594,0.69599,0.69585,0.69587
1785367500,0.695865,0.69588,0.695815,0.695835
1785367800,0.69584,0.695905,0.69578,0.6959
1785368100,0.6959,0.69591,0.69585,0.695865
1785368400,0.695865,0.695875,0.69578,0.69585
1785368700,0.69585,0.69609,0.6958,0.69599
1785369000,0.695995,0.696155,0.6959,0.695975
1785369300,0.69598,0.69605,0.69588,0.69589
1785369600,0.6959,0.696095,0.69568,0.69586
1785369900,0.695865,0.696425,0.695785,0.696405
1785370200,0.6964,0.69658,0.69625,0.6964
1785370500,0.6964,0.696415,0.69585,0.69585
1785370800,0.695855,0.69616,0.69572,0.696035
1785371100,0.69603,0.69607,0.695645,0.695775
1785371400,0.69578,0.69584,0.69553,0.695575
1785371700,0.69558,0.695615,0.69519,0.69524
1785372000,0.695245,0.6953,0.69506,0.6951
1785372300,0.695105,0.6955,0.69505,0.69546
1785372600,0.695455,0.69568,0.69534,0.69559
1785372900,0.695595,0.69569,0.695435,0.69568
1785373200,0.695685,0.69594,0.695585,0.695915
1785373500,0.69591,0.69621,0.69589,0.695945
1785373800,0.695945,0.69598,0.695715,0.69583
1785374100,0.69584,0.69589,0.695685,0.69587
1785374400,0.695865,0.6959,0.695635,0.69584
1785374700,0.69584,0.69597,0.69581,0.69587
1785375000,0.695865,0.69617,0.69581,0.69607
1785375300,0.696065,0.696245,0.696025,0.696195
1785375600,0.696195,0.69641,0.696195,0.696225
1785375900,0.69623,0.696335,0.696145,0.696255
1785376200,0.69625,0.696255,0.69593,0.69598
1785376500,0.695985,0.696,0.69583,0.695885
1785376800,0.69588,0.6962,0.69588,0.69615
1785377100,0.69615,0.696185,0.69609,0.696105
1785377400,0.696105,0.696155,0.69588,0.69594
1785377700,0.69594,0.696065,0.69586,0.696055
1785378000,0.696055,0.696255,0.696025,0.696245
1785378300,0.69625,0.696255,0.696095,0.69615
1785378600,0.696155,0.696155,0.69594,0.69603
1785378900,0.696025,0.696055,0.695925,0.69595
1785379200,0.69595,0.695955,0.69576,0.69579
1785379500,0.695795,0.69594,0.69569,0.695755
1785379800,0.69575,0.69589,0.69569,0.695835
1785380100,0.69583,0.69585,0.695445,0.695445
1785380400,0.69544,0.69573,0.695425,0.6957
1785380700,0.695695,0.69571,0.695465,0.69549
1785381000,0.69549,0.695505,0.695205,0.69528
1785381300,0.695275,0.69535,0.69509,0.695095
1785381600,0.695095,0.695185,0.694985,0.69515
1785381900,0.695155,0.69534,0.69513,0.695295
1785382200,0.6953,0.695475,0.695115,0.695455
1785382500,0.69545,0.695535,0.69521,0.695215
1785382800,0.695215,0.69545,0.695195,0.695405
1785383100,0.6954,0.695445,0.695275,0.695335
1785383400,0.69533,0.69538,0.695265,0.695285
1785383700,0.69528,0.69533,0.69508,0.695095
1785384000,0.6951,0.695315,0.695025,0.69525
1785384300,0.695255,0.695315,0.69521,0.69521
1785384600,0.69521,0.695265,0.695135,0.69521
1785384900,0.695205,0.695335,0.695155,0.695305
1785385200,0.695305,0.695365,0.6952,0.695235
1785385500,0.69523,0.6954,0.69518,0.6954
1785385800,0.695395,0.695395,0.695295,0.69534
1785386100,0.695335,0.695355,0.69522,0.69524
1785386400,0.69524,0.69531,0.69513,0.695215
1785386700,0.695215,0.695335,0.69514,0.695155
1785387000,0.69515,0.69519,0.695005,0.695095
1785387300,0.695095,0.69511,0.694945,0.695045
1785387600,0.695045,0.695065,0.69485,0.6949
1785387900,0.694905,0.69511,0.694885,0.69508
1785388200,0.695075,0.69534,0.69507,0.695305
1785388500,0.69531,0.695365,0.695245,0.69536
1785388800,0.695365,0.695465,0.69533,0.695385
1785389100,0.69539,0.695465,0.69531,0.69541
1785389400,0.695415,0.69553,0.69539,0.69544
1785389700,0.695435,0.695445,0.69522,0.6953
1785390000,0.695305,0.695395,0.695255,0.69536
1785390300,0.69536,0.69568,0.69527,0.69529
1785390600,0.695295,0.695345,0.69513,0.695165
1785390900,0.69516,0.69516,0.694825,0.69502
1785391200,0.695025,0.69516,0.694965,0.69502
1785391500,0.695025,0.69511,0.694825,0.694865
1785391800,0.69487,0.69501,0.69463,0.694685
1785392100,0.69469,0.6948,0.694645,0.694745
1785392400,0.69474,0.695045,0.694705,0.695035
1785392700,0.69503,0.69513,0.69493,0.694955
1785393000,0.69496,0.69518,0.694895,0.695095
1785393300,0.69509,0.695305,0.69503,0.695235
1785393600,0.69524,0.69525,0.694965,0.695025
1785393900,0.69502,0.69535,0.695005,0.69533
1785394200,0.695335,0.695585,0.69533,0.69547
1785394500,0.695475,0.69555,0.69532,0.69534
1785394800,0.695335,0.696255,0.69532,0.696085
1785395100,0.69609,0.696225,0.6958,0.695945
1785395400,0.69595,0.696195,0.69585,0.696005
1785395700,0.696,0.69605,0.695665,0.69567
1785396000,0.69568,0.6958,0.69559,0.695795
1785396300,0.69579,0.69581,0.69536,0.69543
1785396600,0.69543,0.69544,0.695125,0.6952
1785396900,0.6952,0.695365,0.69506,0.695355
1785397200,0.69536,0.69559,0.69535,0.695485
1785397500,0.69549,0.695525,0.69535,0.695365
1785397800,0.69537,0.695385,0.69514,0.69514
1785398100,0.695135,0.695285,0.69504,0.69506
1785398400,0.695065,0.69541,0.695005,0.695335
1785398700,0.69534,0.695625,0.69529,0.695475
1785399000,0.69548,0.695645,0.69546,0.695535
1785399300,0.69553,0.695795,0.695505,0.69574
1785399600,0.695745,0.696105,0.695715,0.695985
1785399900,0.69598,0.696195,0.69595,0.696185
1785400200,0.69618,0.696355,0.6961,0.69616
1785400500,0.69616,0.696255,0.69588,0.69588
1785400800,0.695885,0.69614,0.695825,0.696025
1785401100,0.69602,0.696205,0.696,0.696035
1785401400,0.69604,0.696105,0.69596,0.695995
1785401700,0.696,0.696055,0.695925,0.696
1785402000,0.696005,0.696305,0.695975,0.696285
1785402300,0.696285,0.69676,0.696245,0.696745
1785402600,0.69674,0.696895,0.696655,0.69678
1785402900,0.696775,0.696915,0.69668,0.696825
1785403200,0.696835,0.69701,0.696815,0.69692
1785403500,0.696915,0.69714,0.696855,0.69688
1785403800,0.696875,0.6969,0.696755,0.69688
1785404100,0.69688,0.69716,0.696875,0.696985
1785404400,0.69698,0.69718,0.696955,0.69712
1785404700,0.697115,0.69753,0.697005,0.697515
1785405000,0.69752,0.69761,0.69731,0.69738
1785405300,0.697385,0.69748,0.69722,0.697275
1785405600,0.69728,0.697475,0.697165,0.69718
1785405900,0.697175,0.69749,0.697145,0.69746
1785406200,0.697465,0.69799,0.69746,0.69794
1785406500,0.697945,0.69835,0.69781,0.697835
1785406800,0.69783,0.69786,0.697455,0.69753
1785407100,0.697535,0.69769,0.69752,0.697555
1785407400,0.69755,0.697715,0.69754,0.69765
1785407700,0.69765,0.697765,0.69761,0.69764
1785408000,0.69764,0.698045,0.697605,0.697825
1785408300,0.69783,0.69814,0.697815,0.698065
1785408600,0.69807,0.698115,0.69771,0.69771
1785408900,0.697715,0.69779,0.697655,0.697665
1785409200,0.69767,0.697935,0.697665,0.697805
1785409500,0.69781,0.697845,0.697575,0.69768
1785409800,0.697675,0.697745,0.6975,0.6976
1785410100,0.697605,0.697755,0.69756,0.69763
1785410400,0.69764,0.69769,0.697465,0.69768
1785410700,0.697675,0.697735,0.69759,0.697705
1785411000,0.697715,0.69777,0.697525,0.697555
1785411300,0.697555,0.697835,0.69755,0.697765
1785411600,0.697755,0.69778,0.69755,0.697555
1785411900,0.697555,0.697865,0.697555,0.697845
1785412200,0.697855,0.69814,0.697855,0.698115
1785412500,0.69811,0.69825,0.698045,0.69824
1785412800,0.69824,0.69845,0.698125,0.69839
1785413100,0.698395,0.698445,0.69807,0.69807
1785413400,0.698075,0.698435,0.69807,0.698395
1785413700,0.69839,0.698395,0.69801,0.69813
1785414000,0.698125,0.6982,0.69797,0.69809
1785414300,0.698095,0.69827,0.698025,0.698125
1785414600,0.698125,0.69849,0.69779,0.698065
1785414900,0.69806,0.698255,0.69796,0.69819
1785415200,0.698185,0.698275,0.697915,0.698155
1785415500,0.698165,0.698225,0.697885,0.697965
1785415800,0.69797,0.698005,0.697535,0.69775
1785416100,0.697745,0.69778,0.69748,0.697525
1785416400,0.69753,0.69769,0.69735,0.697485
1785416700,0.69748,0.698005,0.69748,0.69769
1785417000,0.697685,0.697975,0.69752,0.69785
1785417300,0.697845,0.69798,0.697745,0.69792
1785417600,0.697915,0.698165,0.697795,0.698155
1785417900,0.69816,0.69827,0.698055,0.69823
1785418200,0.698235,0.69856,0.69815,0.698365
1785418500,0.69836,0.699425,0.698295,0.699425
1785418800,0.69942,0.70071,0.69907,0.70047
1785419100,0.700465,0.700965,0.70019,0.70049
1785419400,0.700485,0.70111,0.70038,0.701085
1785419700,0.70109,0.701885,0.70105,0.70187
1785420000,0.701875,0.70228,0.70167,0.70205
1785420300,0.702055,0.702185,0.70119,0.7016
1785420600,0.701595,0.7019,0.7014,0.701825
1785420900,0.70182,0.702435,0.70179,0.7021
1785421200,0.702095,0.7024,0.70174,0.70181
1785421500,0.70182,0.701825,0.701285,0.701435
1785421800,0.70144,0.701925,0.7013,0.70155
1785422100,0.70156,0.70187,0.70151,0.701655
1785422400,0.70166,0.701805,0.70125,0.70147
1785422700,0.701475,0.701575,0.700815,0.70095
1785423000,0.70095,0.70098,0.70064,0.70077
1785423300,0.700765,0.700765,0.700275,0.70043
1785423600,0.700425,0.700775,0.70036,0.700535
1785423900,0.70053,0.70106,0.70053,0.700805
1785424200,0.7008,0.700825,0.70039,0.70073
1785424500,0.70072,0.70106,0.70067,0.701025
1785424800,0.70102,0.70118,0.700955,0.70098
1785425100,0.700985,0.701255,0.7008,0.70121
1785425400,0.701215,0.701735,0.70111,0.701735
1785425700,0.70173,0.70192,0.70161,0.7019
1785426000,0.70191,0.70211,0.701795,0.701995
1785426300,0.702005,0.70229,0.702005,0.702265
1785426600,0.702265,0.702345,0.7021,0.702185
1785426900,0.7022,0.70242,0.702085,0.702105
1785427200,0.70211,0.702795,0.70211,0.70261
1785427500,0.702615,0.702675,0.70244,0.70267
1785427800,0.702665,0.702825,0.70246,0.70261
1785428100,0.702615,0.702845,0.70255,0.70278
1785428400,0.70278,0.70286,0.70267,0.70273
1785428700,0.702735,0.70278,0.7026,0.70276
1785429000,0.702765,0.702855,0.70267,0.70278
1785429300,0.702775,0.702845,0.702645,0.70271
1785429600,0.7027,0.70272,0.70241,0.702465
1785429900,0.702475,0.702555,0.70237,0.70246
1785430200,0.702465,0.70249,0.702295,0.70241
1785430500,0.702415,0.70265,0.702415,0.702645
1785430800,0.70265,0.702845,0.70255,0.70256
1785431100,0.702565,0.702635,0.70252,0.70258
1785431400,0.702585,0.70264,0.7024,0.70246
1785431700,0.702455,0.702585,0.70238,0.70255
1785432000,0.70255,0.702605,0.7025,0.70256
1785432300,0.702555,0.70256,0.70227,0.702315
1785432600,0.70231,0.70237,0.702245,0.70228
1785432900,0.70229,0.702825,0.702215,0.70271
1785433200,0.702715,0.70292,0.70253,0.702895
1785433500,0.70289,0.70293,0.702715,0.702715
1785433800,0.702715,0.703135,0.702695,0.70278
1785434100,0.702775,0.703025,0.702725,0.703005
1785434400,0.703015,0.703115,0.702985,0.703105
1785434700,0.703105,0.70327,0.702995,0.70321
1785435000,0.70321,0.703315,0.70314,0.70327
1785435300,0.703265,0.703275,0.702905,0.702915
1785435600,0.70292,0.702925,0.7027,0.70273
1785435900,0.702735,0.7029,0.70271,0.702885
1785436200,0.70288,0.70304,0.702865,0.702965
1785436500,0.702965,0.702985,0.7027,0.702725
1785436800,0.70272,0.702835,0.702715,0.702795
1785437100,0.70279,0.702885,0.70279,0.70284
1785437400,0.70284,0.70289,0.702745,0.702785
1785437700,0.70279,0.702975,0.702785,0.70295
1785438000,0.702945,0.70303,0.7029,0.702965
1785438300,0.702965,0.70323,0.702895,0.70316
1785438600,0.70316,0.703205,0.70287,0.702895
1785438900,0.7029,0.703135,0.70279,0.70312
1785439200,0.70311,0.70324,0.70308,0.70318
1785439500,0.703175,0.70326,0.703095,0.703115
1785439800,0.70311,0.70313,0.70297,0.703055
1785440100,0.70306,0.70314,0.702985,0.70314
1785440400,0.703135,0.703185,0.703065,0.703185
1785440700,0.70318,0.703235,0.703155,0.703195
1785441000,0.703185,0.703195,0.70301,0.70304
1785441300,0.703035,0.70325,0.70287,0.70318
1785441600,0.703185,0.70333,0.70312,0.70333
1785441900,0.703325,0.70333,0.70313,0.70319
1785442200,0.703185,0.703275,0.70316,0.703205
1785442500,0.70321,0.703245,0.703115,0.70317
1785442800,0.70317,0.70318,0.703015,0.70305
1785443100,0.70305,0.7031,0.703015,0.703015
1785443400,0.70302,0.70319,0.70291,0.703085
1785443700,0.703085,0.703085,0.70299,0.703045
1785444000,0.70304,0.70305,0.70294,0.70295
1785444300,0.702945,0.70298,0.702815,0.702835
1785444600,0.70283,0.702935,0.70282,0.70292
1785444900,0.702925,0.70302,0.70271,0.70271
1785445200,0.70261,0.70283,0.70241,0.702485
1785445500,0.702515,0.702705,0.702415,0.702575
1785445800,0.702575,0.70271,0.70234,0.70251
1785446100,0.702465,0.70255,0.702415,0.70252
1785446400,0.70252,0.702595,0.70228,0.702535
1785446700,0.702535,0.70254,0.70242,0.70243
1785447000,0.70243,0.70254,0.70243,0.702465
1785447300,0.702465,0.7025,0.702465,0.702495
1785447600,0.702495,0.70257,0.70248,0.702505
1785447900,0.7025,0.70263,0.7025,0.702565
1785448200,0.702575,0.702575,0.702545,0.702555
1785448500,0.70255,0.702625,0.70249,0.70249
1785448800,0.70253,0.702915,0.70249,0.70289
1785449100,0.70291,0.70291,0.70278,0.70281
1785449400,0.70282,0.702865,0.70277,0.7028
1785449700,0.702805,0.702845,0.702775,0.702795
1785450000,0.702795,0.7028,0.702745,0.70275
1785450300,0.70275,0.702815,0.70271,0.702805
1785450600,0.702805,0.702905,0.7028,0.702905
1785450900,0.702905,0.703085,0.702895,0.703005
1785451200,0.703,0.703015,0.702935,0.702995
1785451500,0.703,0.703045,0.702865,0.70293
1785451800,0.70293,0.702945,0.70288,0.702925
1785452100,0.70293,0.70294,0.70285,0.702895
1785452400,0.702895,0.70309,0.70288,0.702885
1785452700,0.70288,0.702925,0.702765,0.702765
1785453000,0.70276,0.70276,0.70257,0.70268
1785453300,0.70268,0.702705,0.70256,0.7027
1785453600,0.702705,0.702725,0.70263,0.702635
1785453900,0.70263,0.702765,0.70257,0.70258
1785454200,0.702585,0.70264,0.70253,0.70256
1785454500,0.70255,0.70255,0.70238,0.702455
1785454800,0.702455,0.70254,0.702435,0.70254
1785455100,0.702545,0.70265,0.702515,0.702545
1785455400,0.70254,0.70255,0.702325,0.7024
1785455700,0.7024,0.70271,0.70237,0.70248
1785456000,0.702475,0.702735,0.70234,0.7027
1785456300,0.702705,0.70273,0.70238,0.702575
1785456600,0.70257,0.702825,0.702555,0.70272
1785456900,0.702715,0.70286,0.702645,0.702825
1785457200,0.70283,0.70314,0.70272,0.70304
1785457500,0.703035,0.703035,0.70287,0.70291
1785457800,0.702905,0.703045,0.70282,0.70282
1785458100,0.70282,0.70322,0.70281,0.70305
1785458400,0.70306,0.70311,0.702915,0.70311
1785458700,0.703115,0.703115,0.70269,0.702865
1785459000,0.70286,0.70308,0.70284,0.70293
1785459300,0.70294,0.7031,0.702925,0.70299
1785459600,0.702995,0.703315,0.70299,0.703055
1785459900,0.70306,0.70317,0.70288,0.703135
1785460200,0.70313,0.70323,0.702895,0.70294
1785460500,0.702945,0.70296,0.702565,0.70257
1785460800,0.70258,0.70281,0.70254,0.702665
1785461100,0.70267,0.70279,0.70257,0.70258
1785461400,0.70258,0.702695,0.70245,0.70269
1785461700,0.702695,0.70272,0.70234,0.70242
1785462000,0.702425,0.702525,0.70242,0.70248
1785462300,0.70248,0.70252,0.70225,0.702275
1785462600,0.70228,0.702425,0.702255,0.702295
1785462900,0.70229,0.70245,0.70229,0.70243
1785463200,0.702435,0.70248,0.70216,0.702225
1785463500,0.70223,0.7025,0.702225,0.7023
1785463800,0.702295,0.7024,0.70225,0.70225
1785464100,0.70225,0.70225,0.70204,0.7021
1785464400,0.702105,0.70227,0.702105,0.70216
1785464700,0.70217,0.702365,0.70215,0.702355
1785465000,0.70235,0.702495,0.702295,0.70242
1785465300,0.702415,0.70251,0.70236,0.702485
1785465600,0.70249,0.702555,0.70243,0.702555
1785465900,0.70255,0.7026,0.702425,0.702435
1785466200,0.70243,0.70245,0.702215,0.702305
1785466500,0.70231,0.702565,0.70224,0.70249
1785466800,0.70249,0.702495,0.70232,0.702325
1785467100,0.70233,0.70243,0.702255,0.702335
1785467400,0.70234,0.70238,0.70204,0.702065
1785467700,0.70207,0.70225,0.70199,0.702165
1785468000,0.702165,0.702275,0.702145,0.70225
1785468300,0.70225,0.702365,0.702195,0.702335
1785468600,0.70234,0.70243,0.702295,0.702415
1785468900,0.70241,0.70256,0.702395,0.70254
1785469200,0.702545,0.70256,0.702365,0.702465
1785469500,0.70246,0.702595,0.702395,0.70241
1785469800,0.702405,0.702545,0.702405,0.70254
1785470100,0.70254,0.702595,0.70249,0.70255
1785470400,0.702545,0.702725,0.70253,0.70271
1785470700,0.702715,0.70284,0.70262,0.702795
1785471000,0.70279,0.70281,0.70262,0.70267
1785471300,0.702675,0.70288,0.702615,0.70286
1785471600,0.702855,0.703,0.702795,0.702995
1785471900,0.703,0.70311,0.702845,0.70285
1785472200,0.70285,0.702865,0.702605,0.702765
1785472500,0.70277,0.702905,0.70277,0.70285
1785472800,0.70285,0.70286,0.702695,0.70279
1785473100,0.702795,0.70284,0.70266,0.702685
1785473400,0.70269,0.70274,0.70261,0.70274
1785473700,0.702735,0.70282,0.702705,0.70273
1785474000,0.702735,0.702785,0.70266,0.70277
1785474300,0.702765,0.70282,0.702715,0.70276
1785474600,0.70276,0.70293,0.70276,0.702865
1785474900,0.70287,0.703005,0.70285,0.702975
1785475200,0.702975,0.702985,0.702865,0.70293
1785475500,0.70293,0.702945,0.702845,0.70285
1785475800,0.702855,0.70302,0.70278,0.70294
1785476100,0.70294,0.703095,0.702925,0.703045
1785476400,0.70304,0.70314,0.70293,0.70299
1785476700,0.702985,0.702985,0.70267,0.70277
1785477000,0.702765,0.70281,0.702665,0.7028
1785477300,0.702795,0.703025,0.70275,0.702975
1785477600,0.702965,0.7031,0.702835,0.70301
1785477900,0.703005,0.703405,0.70298,0.70334
1785478200,0.703335,0.703425,0.703235,0.70334
1785478500,0.70334,0.70337,0.703195,0.703335
1785478800,0.70334,0.70342,0.70324,0.70342
1785479100,0.703425,0.70384,0.70342,0.703805
1785479400,0.7038,0.7038,0.70333,0.703345
1785479700,0.703345,0.703485,0.703175,0.70333
1785480000,0.703335,0.70335,0.70312,0.70317
1785480300,0.703165,0.703445,0.703165,0.703415
1785480600,0.70342,0.703605,0.703375,0.703435
1785480900,0.70343,0.70355,0.703265,0.70331
1785481200,0.703315,0.70334,0.70302,0.703185
1785481500,0.70319,0.703245,0.703005,0.70304
1785481800,0.703035,0.703265,0.70302,0.70323
1785482100,0.703235,0.70324,0.70303,0.70322
1785482400,0.703225,0.703225,0.70298,0.703165
1785482700,0.703165,0.703425,0.70309,0.703255
1785483000,0.703255,0.703255,0.70292,0.702985
1785483300,0.70298,0.70328,0.702935,0.70327
1785483600,0.703265,0.7034,0.70324,0.703365
1785483900,0.70337,0.703745,0.703305,0.70368
1785484200,0.703685,0.70371,0.703365,0.7034
1785484500,0.7034,0.70343,0.70296,0.70307
1785484800,0.703075,0.70324,0.70301,0.703165
1785485100,0.703165,0.703165,0.702775,0.702775
1785485400,0.70278,0.702825,0.702575,0.70274
1785485700,0.702745,0.70328,0.70274,0.703265
1785486000,0.70327,0.70327,0.70302,0.70304
1785486300,0.70305,0.70318,0.70297,0.70305
1785486600,0.703045,0.70306,0.702825,0.70293
1785486900,0.702925,0.70313,0.702915,0.70308
1785487200,0.70309,0.70333,0.703065,0.70326
1785487500,0.70327,0.703695,0.703255,0.70358
1785487800,0.703585,0.703635,0.703295,0.703305
1785488100,0.7033,0.70438,0.70328,0.70418
1785488400,0.704175,0.704465,0.70403,0.70408
1785488700,0.704085,0.7043,0.70381,0.703845
1785489000,0.70385,0.70399,0.70374,0.70389
1785489300,0.7039,0.704015,0.70379,0.703815
1785489600,0.70381,0.70395,0.70359,0.70367
1785489900,0.703675,0.70369,0.703405,0.703415
1785490200,0.70341,0.703575,0.70328,0.703295
1785490500,0.703285,0.70337,0.702985,0.70302
1785490800,0.703015,0.70305,0.702885,0.702915
1785491100,0.702925,0.703365,0.702925,0.70335
1785491400,0.70334,0.7034,0.703255,0.703385
1785491700,0.70339,0.703525,0.703325,0.70343
1785492000,0.703435,0.70359,0.70332,0.703485
1785492300,0.70349,0.703525,0.70334,0.703385
1785492600,0.70338,0.70347,0.70331,0.70342
1785492900,0.703415,0.703425,0.70323,0.703285
1785493200,0.703285,0.7033,0.70302,0.703045
1785493500,0.70305,0.70322,0.70305,0.70316
1785493800,0.703145,0.70332,0.703115,0.703305
1785494100,0.70331,0.70339,0.703155,0.70322
1785494400,0.703215,0.703335,0.70316,0.703245
1785494700,0.70324,0.70329,0.70312,0.70316
1785495000,0.70317,0.70323,0.70299,0.703025
1785495300,0.703025,0.70308,0.702965,0.703065
1785495600,0.70307,0.703115,0.702835,0.703115
1785495900,0.703105,0.70328,0.70305,0.703165
1785496200,0.703165,0.70318,0.70293,0.70293
1785496500,0.70293,0.70295,0.70258,0.70275
1785496800,0.70275,0.70285,0.70262,0.70268
1785497100,0.70268,0.702915,0.702615,0.70262
1785497400,0.702615,0.702645,0.70224,0.702305
1785497700,0.702305,0.70242,0.702155,0.702235
1785498000,0.70224,0.70231,0.702135,0.70221
1785498300,0.70221,0.70222,0.70192,0.70197
1785498600,0.701975,0.7021,0.7019,0.702025
1785498900,0.70202,0.70202,0.70188,0.7019
1785499200,0.701905,0.701935,0.7017,0.70182
1785499500,0.701815,0.70201,0.701765,0.70181
1785499800,0.701815,0.701825,0.701655,0.70177
1785500100,0.701765,0.70182,0.70151,0.701655
1785500400,0.70166,0.701705,0.70152,0.70157
1785500700,0.701575,0.701685,0.70149,0.70151
1785501000,0.70152,0.70153,0.701295,0.701315
1785501300,0.70132,0.70138,0.701045,0.701065
1785501600,0.70107,0.70118,0.70092,0.70107
1785501900,0.70106,0.70123,0.701045,0.70118
1785502200,0.70118,0.701425,0.701145,0.701295
1785502500,0.70129,0.701375,0.701135,0.701205
1785502800,0.70121,0.701505,0.701095,0.701415
1785503100,0.70142,0.7015,0.70125,0.701305
1785503400,0.70131,0.70151,0.70125,0.701335
1785503700,0.701345,0.7016,0.70123,0.701575
1785504000,0.70157,0.70238,0.701495,0.702355
1785504300,0.70235,0.702505,0.702195,0.70236
1785504600,0.702355,0.70239,0.701825,0.70187
1785504900,0.701875,0.702025,0.70114,0.70116
1785505200,0.70117,0.701255,0.70077,0.701205
1785505500,0.701215,0.701315,0.700645,0.70072
1785505800,0.70073,0.701005,0.700595,0.70062
1785506100,0.700615,0.700785,0.700235,0.700245
1785506400,0.700235,0.700425,0.69977,0.69977
1785506700,0.69978,0.699895,0.699225,0.699275
1785507000,0.69928,0.69972,0.69915,0.699655
1785507300,0.69965,0.70017,0.69956,0.699815
1785507600,0.69981,0.7004,0.69972,0.70014
1785507900,0.700145,0.70042,0.70006,0.70033
1785508200,0.700335,0.700775,0.700295,0.700765
1785508500,0.700755,0.701275,0.700745,0.70122
1785508800,0.701225,0.70159,0.701225,0.70158
1785509100,0.701585,0.70202,0.701525,0.70188
1785509400,0.701885,0.702415,0.70155,0.70213
1785509700,0.702125,0.70258,0.701835,0.702285
1785510000,0.70228,0.702455,0.70182,0.701965
1785510300,0.70196,0.702565,0.70191,0.70222
1785510600,0.702225,0.7024,0.701745,0.70237
1785510900,0.70237,0.702745,0.701935,0.70197
1785511200,0.70196,0.702095,0.701755,0.701965
1785511500,0.70196,0.70208,0.7018,0.701915
1785511800,0.7019,0.702025,0.70177,0.702015
1785512100,0.70201,0.702565,0.70198,0.70245
1785512400,0.702455,0.70248,0.70222,0.70231
1785512700,0.702315,0.70233,0.702125,0.70227
1785513000,0.70226,0.70242,0.7022,0.70239
1785513300,0.702385,0.70247,0.70222,0.70241
1785513600,0.702415,0.7025,0.702215,0.70236
1785513900,0.70237,0.70238,0.70221,0.70236
1785514200,0.70236,0.70273,0.70225,0.70259
1785514500,0.70259,0.70263,0.70238,0.70242
1785514800,0.702425,0.70255,0.70236,0.702465
1785515100,0.70247,0.70268,0.702405,0.7026
1785515400,0.70261,0.702795,0.70256,0.70277
1785515700,0.70277,0.70287,0.70271,0.70271
1785516000,0.70271,0.702835,0.70258,0.70259
1785516300,0.702585,0.702675,0.702535,0.702625
1785516600,0.70262,0.70267,0.70251,0.70255
1785516900,0.702545,0.70262,0.702505,0.70256
1785517200,0.702565,0.70283,0.70256,0.7027
1785517500,0.702705,0.70277,0.7026,0.702735
1785517800,0.70273,0.70309,0.70272,0.70304
1785518100,0.70305,0.703055,0.702915,0.70292
1785518400,0.702915,0.703365,0.70286,0.70327
1785518700,0.70326,0.70353,0.70307,0.70352
1785519000,0.703525,0.70379,0.703515,0.7036
1785519300,0.703595,0.70371,0.70347,0.703645
1785519600,0.70365,0.703695,0.70354,0.70369
1785519900,0.703685,0.703705,0.7032,0.70348
1785520200,0.703475,0.70384,0.70342,0.70379
1785520500,0.703785,0.70384,0.70348,0.7035
1785520800,0.70351,0.70375,0.70346,0.70351
1785521100,0.70351,0.70358,0.7034,0.7035
1785521400,0.70349,0.7035,0.70329,0.70334
1785521700,0.70334,0.703525,0.7033,0.703495
1785522000,0.7035,0.70357,0.70341,0.70355
1785522300,0.703555,0.7036,0.70344,0.703515
1785522600,0.70352,0.70353,0.70345,0.70346
1785522900,0.70346,0.70359,0.703405,0.70351
1785523200,0.703515,0.70363,0.70346,0.703465
1785523500,0.703455,0.70348,0.70331,0.7034
1785523800,0.7034,0.703555,0.7034,0.70352
1785524100,0.70352,0.70372,0.70352,0.7037
1785524400,0.703705,0.7039,0.703655,0.70379
1785524700,0.703795,0.703855,0.703715,0.70384
1785525000,0.70384,0.70394,0.703825,0.70387
1785525300,0.70387,0.703875,0.70376,0.703805
1785525600,0.70381,0.703915,0.703785,0.70387
1785525900,0.70387,0.703965,0.703815,0.70393
1785526200,0.703925,0.703925,0.703705,0.70377
1785526500,0.70377,0.70384,0.70372,0.70377
1785526800,0.703765,0.70415,0.70376,0.70414
1785527100,0.704135,0.7042,0.704045,0.704165
1785527400,0.70416,0.70421,0.70407,0.70415
1785527700,0.704155,0.70417,0.703545,0.703585
1785528000,0.70358,0.70363,0.70345,0.703515
1785528300,0.70352,0.70356,0.703365,0.70348
1785528600,0.703475,0.70366,0.703365,0.70366
1785528900,0.70365,0.70388,0.703605,0.70386
1785529200,0.70386,0.703975,0.703805,0.703875
1785529500,0.70387,0.703965,0.703625,0.703835
1785529800,0.70384,0.704055,0.70375,0.703775
1785530100,0.70377,0.704145,0.70377,0.704085
1785530400,0.70409,0.704145,0.703845,0.704
1785530700,0.70401,0.704205,0.703905,0.70415
1785531000,0.704155,0.70424,0.703585,0.704085
1785531300,0.70409,0.704135,0.701975,0.70226
1785704400,0.70226,0.70473,0.70226,0.704635
1785704700,0.704595,0.704695,0.704445,0.70448
1785705000,0.70459,0.704745,0.70448,0.70461
1785705300,0.70456,0.704665,0.704395,0.704415
1785705600,0.704415,0.70446,0.704355,0.70437
1785705900,0.70437,0.70439,0.704295,0.70436
1785706200,0.70432,0.704515,0.704305,0.704465
1785706500,0.704465,0.7045,0.704175,0.70418
1785706800,0.704175,0.704385,0.704165,0.70425
1785707100,0.70425,0.70433,0.704195,0.704195
1785707400,0.704195,0.704275,0.704075,0.704255
1785707700,0.704255,0.704355,0.70387,0.70402
1785708000,0.70397,0.704595,0.703915,0.704545
1785708300,0.704535,0.70455,0.704335,0.704395
1785708600,0.7044,0.704955,0.704395,0.704855
1785708900,0.70485,0.70485,0.7043,0.70444
1785709200,0.70445,0.704765,0.70445,0.70468
1785709500,0.704685,0.704805,0.70466,0.70469
1785709800,0.704695,0.704845,0.704645,0.704765
1785710100,0.70477,0.705005,0.70476,0.704925
1785710400,0.70492,0.705,0.704665,0.70469
1785710700,0.704695,0.7048,0.70468,0.70479
1785711000,0.70479,0.70489,0.70473,0.70473
1785711300,0.704735,0.70475,0.70453,0.704595
1785711600,0.70459,0.7047,0.704375,0.7045
1785711900,0.7045,0.70455,0.704275,0.70434
1785712200,0.70434,0.70446,0.704255,0.704385
1785712500,0.704385,0.704405,0.70424,0.704275
1785712800,0.70428,0.7043,0.70422,0.7043
1785713100,0.7043,0.70451,0.70429,0.704495
1785713400,0.704485,0.70455,0.704345,0.70436
1785713700,0.704355,0.70446,0.704295,0.704295
1785714000,0.704295,0.704465,0.70429,0.704445
1785714300,0.704455,0.70451,0.70426,0.704445
1785714600,0.704445,0.70465,0.70441,0.704545
1785714900,0.704545,0.704665,0.704465,0.704545
1785715200,0.70455,0.704575,0.70407,0.70423
1785715500,0.704225,0.704435,0.70415,0.70435
1785715800,0.704355,0.704375,0.70406,0.704185
1785716100,0.70418,0.704375,0.704115,0.70416
1785716400,0.70417,0.70418,0.70395,0.704155
1785716700,0.70415,0.70449,0.703955,0.70438
1785717000,0.70437,0.70475,0.7043,0.70468
1785717300,0.704675,0.70486,0.704555,0.70482
1785717600,0.70481,0.70503,0.70465,0.704915
1785717900,0.704925,0.70495,0.70435,0.704375
1785718200,0.70438,0.704665,0.70419,0.704255
1785718500,0.70425,0.70432,0.704065,0.70421
1785718800,0.704215,0.704295,0.70396,0.70408
1785719100,0.704085,0.704125,0.7038,0.703855
1785719400,0.70386,0.703905,0.703525,0.70354
1785719700,0.703535,0.70371,0.703335,0.703425
1785720000,0.70342,0.70352,0.703355,0.703505
1785720300,0.7035,0.703665,0.703405,0.703405
1785720600,0.703415,0.703475,0.7032,0.703305
1785720900,0.7033,0.703435,0.70325,0.70338
1785721200,0.703385,0.703605,0.703385,0.70348
1785721500,0.70348,0.703565,0.70337,0.703415
1785721800,0.703425,0.70343,0.70319,0.70319
1785722100,0.7032,0.70342,0.703165,0.70338
1785722400,0.703375,0.70342,0.70321,0.70323
1785722700,0.703235,0.703315,0.703085,0.70311
1785723000,0.703115,0.703175,0.70296,0.702975
1785723300,0.70298,0.703205,0.70285,0.7032
1785723600,0.703195,0.7032,0.702905,0.70291
1785723900,0.702915,0.703,0.70286,0.70287
1785724200,0.702875,0.70318,0.702855,0.70318
1785724500,0.703175,0.703405,0.70316,0.70328
1785724800,0.703285,0.70331,0.70311,0.70312
1785725100,0.70312,0.703215,0.70303,0.703205
1785725400,0.703205,0.70327,0.70313,0.703145
1785725700,0.70315,0.703175,0.70305,0.703095
1785726000,0.70309,0.703135,0.70302,0.703055
1785726300,0.70306,0.703095,0.70296,0.702965
1785726600,0.70296,0.702965,0.702805,0.702885
1785726900,0.70289,0.70296,0.70281,0.70296
1785727200,0.70296,0.70299,0.70285,0.70291
1785727500,0.702915,0.70302,0.702895,0.703015
1785727800,0.70301,0.70303,0.70284,0.70286
1785728100,0.702855,0.702975,0.70276,0.7029
1785728400,0.702905,0.703035,0.7029,0.702955
1785728700,0.70296,0.703105,0.70288,0.70288
1785729000,0.702875,0.70298,0.702875,0.7029
1785729300,0.702905,0.702925,0.70281,0.70291
1785729600,0.70291,0.703015,0.70289,0.702955
1785729900,0.70295,0.703035,0.702885,0.703
1785730200,0.703005,0.70313,0.702965,0.70311
1785730500,0.703105,0.70314,0.70298,0.703065
1785730800,0.70306,0.703115,0.70301,0.703015
1785731100,0.703015,0.703105,0.703005,0.70304
1785731400,0.703045,0.703115,0.703005,0.703085
1785731700,0.70309,0.70318,0.70306,0.703095
1785732000,0.70309,0.70327,0.703075,0.70327
1785732300,0.703265,0.70331,0.703165,0.70326
1785732600,0.70326,0.70327,0.70307,0.703075
1785732900,0.70308,0.703115,0.70301,0.703075
1785733200,0.70308,0.7033,0.70307,0.703135
1785733500,0.703125,0.70317,0.702995,0.703015
1785733800,0.703015,0.70319,0.703015,0.703125
1785734100,0.70313,0.703145,0.70303,0.70308
1785734400,0.703085,0.70317,0.703065,0.703125
1785734700,0.703125,0.703225,0.70307,0.70321
1785735000,0.703205,0.703305,0.703165,0.70326
1785735300,0.703255,0.703275,0.703165,0.70318
1785735600,0.70318,0.703375,0.703125,0.70335
1785735900,0.70335,0.70348,0.70326,0.70329
1785736200,0.703285,0.70342,0.70321,0.703415
1785736500,0.70342,0.70363,0.70342,0.703605
1785736800,0.70361,0.703705,0.703535,0.703615
1785737100,0.703615,0.703745,0.70354,0.70361
1785737400,0.7036,0.7037,0.70354,0.70354
1785737700,0.703535,0.703625,0.703465,0.70359
1785738000,0.703575,0.70363,0.703465,0.70348
1785738300,0.703475,0.70349,0.70326,0.703425
1785738600,0.70343,0.70346,0.703275,0.70328
1785738900,0.703285,0.70333,0.703,0.70305
1785739200,0.703045,0.70309,0.70286,0.7029
1785739500,0.7029,0.7029,0.7027,0.70277
1785739800,0.70277,0.70287,0.70266,0.702835
1785740100,0.70283,0.702865,0.702655,0.70271
1785740400,0.702705,0.702835,0.702635,0.70275
1785740700,0.702755,0.702795,0.70258,0.70272
1785741000,0.702725,0.70274,0.70262,0.702685
1785741300,0.70268,0.70278,0.70196,0.702175
1785741600,0.70217,0.70232,0.70211,0.702225
1785741900,0.70222,0.70248,0.70222,0.70241
1785742200,0.702405,0.702495,0.702315,0.702485
1785742500,0.70249,0.702505,0.701955,0.702075
1785742800,0.702075,0.70208,0.701755,0.70187
1785743100,0.701875,0.701915,0.701755,0.701805
1785743400,0.701795,0.701795,0.70158,0.70171
1785743700,0.701715,0.70183,0.70171,0.701745
1785744000,0.70175,0.701775,0.70147,0.701515
1785744300,0.70152,0.70168,0.70151,0.701605
1785744600,0.7016,0.701705,0.70152,0.701655
1785744900,0.70165,0.70166,0.7013,0.70133
1785745200,0.701325,0.701585,0.701225,0.70152
1785745500,0.70151,0.701525,0.70126,0.701275
1785745800,0.70128,0.701325,0.701155,0.70131
1785746100,0.70131,0.701495,0.701245,0.701315
1785746400,0.70131,0.70132,0.701195,0.701205
1785746700,0.7012,0.701225,0.701075,0.701115
1785747000,0.70111,0.70113,0.70076,0.70091
1785747300,0.70091,0.701115,0.700885,0.700935
1785747600,0.70093,0.70108,0.700725,0.70078
1785747900,0.700775,0.70097,0.70077,0.70094
1785748200,0.70094,0.70099,0.700865,0.700865
1785748500,0.70086,0.700885,0.700695,0.700815
1785748800,0.70081,0.70095,0.70074,0.70076
1785749100,0.700765,0.70078,0.70057,0.70071
1785749400,0.70072,0.70082,0.70062,0.70062
1785749700,0.700625,0.7007,0.700535,0.700675
1785750000,0.70067,0.70081,0.700615,0.700755
1785750300,0.70075,0.70084,0.70066,0.70074
1785750600,0.700745,0.700835,0.700705,0.70079
1785750900,0.700795,0.70084,0.700385,0.70039
1785751200,0.700385,0.700415,0.700255,0.700385
1785751500,0.70039,0.70041,0.70025,0.700345
1785751800,0.700345,0.700385,0.70026,0.70033
1785752100,0.70033,0.700385,0.700035,0.70008
1785752400,0.700075,0.70013,0.699885,0.70006
1785752700,0.70006,0.70013,0.69996,0.70008
1785753000,0.70008,0.70012,0.69995,0.70012
1785753300,0.700115,0.700225,0.70007,0.70021
1785753600,0.700215,0.70022,0.69994,0.69997
1785753900,0.699975,0.70001,0.699815,0.699925
1785754200,0.699925,0.70015,0.699865,0.700035
1785754500,0.70003,0.700115,0.700015,0.700045
1785754800,0.70004,0.700225,0.700025,0.70007
1785755100,0.700075,0.700125,0.699955,0.70004
1785755400,0.70004,0.700135,0.69999,0.70013
1785755700,0.700125,0.70018,0.69999,0.70015
1785756000,0.700145,0.70017,0.69991,0.69995
1785756300,0.699955,0.700045,0.69993,0.699985
1785756600,0.69999,0.700295,0.69991,0.70028
1785756900,0.70028,0.700345,0.70018,0.70029
1785757200,0.70029,0.700565,0.70027,0.700535
1785757500,0.700535,0.700595,0.700465,0.700595
1785757800,0.700585,0.70072,0.700485,0.7007
1785758100,0.700695,0.70089,0.700685,0.70083
1785758400,0.700825,0.700915,0.700715,0.70087
1785758700,0.70086,0.70086,0.700555,0.700675
1785759000,0.70067,0.70067,0.70037,0.700445
1785759300,0.70045,0.70053,0.70031,0.70033
1785759600,0.700325,0.700375,0.70021,0.700245
1785759900,0.70025,0.700345,0.7002,0.70021
1785760200,0.70022,0.70039,0.70017,0.70037
1785760500,0.70037,0.70039,0.699795,0.69994
1785760800,0.699945,0.699985,0.69972,0.69979
1785761100,0.69979,0.69986,0.699635,0.69964
1785761400,0.699635,0.69994,0.699625,0.699915
1785761700,0.69991,0.69993,0.69979,0.69985
1785762000,0.699855,0.699975,0.69973,0.699955
1785762300,0.69995,0.699985,0.69982,0.69992
1785762600,0.69991,0.699995,0.69954,0.699565
1785762900,0.69957,0.69967,0.69918,0.699335
1785763200,0.69933,0.699545,0.69918,0.699265
1785763500,0.699255,0.699515,0.69924,0.699505
1785763800,0.6995,0.69953,0.69907,0.6991
1785764100,0.699095,0.6992,0.69889,0.69899
1785764400,0.698995,0.69917,0.69894,0.699045
1785764700,0.69904,0.699145,0.698425,0.69843
1785765000,0.698425,0.69896,0.6984,0.698825
1785765300,0.69883,0.699145,0.698785,0.69913
1785765600,0.69912,0.699425,0.69878,0.69918
1785765900,0.699175,0.69944,0.699105,0.699175
1785766200,0.69918,0.69935,0.699115,0.69916
1785766500,0.699165,0.69951,0.69914,0.69917
1785766800,0.699175,0.69943,0.69916,0.699335
1785767100,0.699345,0.699365,0.69918,0.699235
1785767400,0.699245,0.69962,0.699245,0.69949
1785767700,0.699485,0.69957,0.69932,0.69932
1785768000,0.699315,0.69942,0.69921,0.699405
1785768300,0.69941,0.69968,0.699285,0.699665
1785768600,0.69967,0.69983,0.69947,0.69955
1785768900,0.699555,0.699985,0.699475,0.69989
1785769200,0.699895,0.699945,0.699725,0.699825
1785769500,0.69982,0.69993,0.699625,0.699725
1785769800,0.69972,0.699735,0.699555,0.699635
1785770100,0.69964,0.69983,0.69964,0.699775
1785770400,0.69977,0.69988,0.69973,0.699815
1785770700,0.69981,0.69982,0.69952,0.69958
1785771000,0.699585,0.69987,0.699495,0.699835
1785771300,0.69983,0.69998,0.69969,0.69982
1785771600,0.699815,0.699915,0.69967,0.699695
1785771900,0.6997,0.699965,0.699695,0.69982
1785772200,0.699815,0.69998,0.69977,0.699965
1785772500,0.699965,0.700065,0.69988,0.699965
1785772800,0.69997,0.699995,0.69984,0.69997
1785773100,0.69997,0.70006,0.699805,0.69992
1785773400,0.699925,0.70006,0.6999,0.699955
1785773700,0.699955,0.700025,0.699765,0.699815
1785774000,0.69982,0.70001,0.69981,0.69998
1785774300,0.699985,0.700065,0.699845,0.699855
1785774600,0.699845,0.69991,0.69964,0.69982
1785774900,0.69981,0.69989,0.69976,0.69989
1785775200,0.699895,0.699925,0.699825,0.69987
1785775500,0.699865,0.69992,0.699695,0.699725
1785775800,0.699735,0.699815,0.699675,0.699705
1785776100,0.69969,0.699795,0.69968,0.699715
1785776400,0.699705,0.69971,0.699405,0.699415
1785776700,0.699415,0.699475,0.699375,0.699435
1785777000,0.699435,0.69947,0.6994,0.69943
1785777300,0.699425,0.69945,0.69932,0.699415
1785777600,0.69942,0.699455,0.699345,0.69936
1785777900,0.699365,0.699365,0.6993,0.69936
1785778200,0.699365,0.69942,0.69933,0.69941
1785778500,0.69941,0.69942,0.699295,0.69932
1785778800,0.69933,0.6994,0.69931,0.69936
1785779100,0.69936,0.699475,0.69935,0.6994
1785779400,0.6994,0.6994,0.69924,0.699265
1785779700,0.69927,0.69931,0.69921,0.69926
1785780000,0.69926,0.69927,0.699175,0.699225
1785780300,0.699225,0.699445,0.699205,0.699445
1785780600,0.69945,0.69949,0.69933,0.69937
1785780900,0.699365,0.699625,0.699365,0.699595
1785781200,0.69959,0.69961,0.699515,0.69956
1785781500,0.699555,0.699675,0.699535,0.69961
1785781800,0.69962,0.699675,0.6996,0.699605
1785782100,0.69961,0.69966,0.69952,0.69952
1785782400,0.69953,0.699755,0.69951,0.699755
1785782700,0.699745,0.699885,0.69971,0.699885
1785783000,0.699885,0.699945,0.69982,0.699915
1785783300,0.69992,0.69996,0.6998,0.699925
1785783600,0.699935,0.70014,0.699915,0.7001
1785783900,0.7001,0.70011,0.69992,0.699945
1785784200,0.699945,0.699995,0.699895,0.69994
1785784500,0.69995,0.699985,0.699875,0.699885
1785784800,0.699885,0.69996,0.699865,0.69995
1785785100,0.69995,0.699985,0.699885,0.699895
1785785400,0.69989,0.699925,0.69982,0.699905
1785785700,0.69991,0.699945,0.699905,0.69993
1785786000,0.69993,0.699995,0.69992,0.69998
1785786300,0.699975,0.70004,0.69993,0.70004
1785786600,0.700045,0.70005,0.69997,0.69998
1785786900,0.699985,0.700035,0.699905,0.69998
1785787200,0.69997,0.7,0.699915,0.699965
1785787500,0.69997,0.700015,0.699915,0.69993
1785787800,0.69994,0.69996,0.699855,0.699875
1785788100,0.69988,0.69988,0.699805,0.699855
1785788400,0.699855,0.69996,0.69984,0.69996
1785788700,0.699955,0.699955,0.69976,0.69981
1785789000,0.699815,0.69997,0.69981,0.69997
1785789300,0.69997,0.70003,0.699965,0.69997
1785789600,0.69997,0.70001,0.69997,0.69999
1785789900,0.699995,0.70005,0.699995,0.700045
1785790200,0.70004,0.70005,0.699985,0.70001
1785790500,0.700015,0.700085,0.699995,0.700025
1785790800,0.700025,0.700385,0.700025,0.700155
1785791100,0.70015,0.7002,0.700105,0.700175
1785791400,0.70019,0.70022,0.700085,0.70016
1785791700,0.700155,0.700155,0.70004,0.700065
1785792000,0.700065,0.70009,0.700045,0.700085
1785792300,0.700085,0.70009,0.69986,0.69992
1785792600,0.69985,0.69988,0.699805,0.699805
1785792900,0.699805,0.699825,0.69978,0.69981
1785793200,0.69981,0.699995,0.6998,0.699905
1785793500,0.699905,0.699985,0.699895,0.699965
1785793800,0.699965,0.699995,0.69995,0.699995
1785794100,0.699995,0.70002,0.69992,0.699965
1785794400,0.699945,0.70004,0.699845,0.699895
1785794700,0.6999,0.699915,0.699775,0.69981
1785795000,0.69981,0.699815,0.69973,0.699765
1785795300,0.69976,0.699885,0.699735,0.69985
1785795600,0.69985,0.699875,0.69981,0.699855
1785795900,0.699855,0.69987,0.69979,0.6998
1785796200,0.6998,0.69995,0.69979,0.699855
1785796500,0.69985,0.699865,0.6998,0.699825
1785796800,0.699825,0.699965,0.699805,0.699945
1785797100,0.699945,0.699965,0.69989,0.699955
1785797400,0.699955,0.70002,0.699945,0.700005
1785797700,0.700005,0.700005,0.69993,0.69995
1785798000,0.699955,0.69997,0.699825,0.69984
1785798300,0.69984,0.69994,0.699825,0.69985
1785798600,0.69985,0.69991,0.699825,0.699895
1785798900,0.69989,0.699975,0.699885,0.699915
1785799200,0.699915,0.699925,0.699855,0.699855
1785799500,0.699855,0.699905,0.69981,0.69981
1785799800,0.69981,0.69987,0.69979,0.699845
1785800100,0.699845,0.69985,0.6997,0.69971
1785800400,0.69971,0.69972,0.699645,0.699695
1785800700,0.699695,0.69982,0.699665,0.699785
1785801000,0.699785,0.699865,0.699775,0.699795
1785801300,0.699795,0.699815,0.69969,0.69972
1785801600,0.69971,0.70011,0.69969,0.70005
1785801900,0.70005,0.70041,0.7,0.7004
1785802200,0.700395,0.700435,0.70005,0.700115
1785802500,0.700115,0.70024,0.70006,0.7002
1785802800,0.700205,0.70036,0.700175,0.70029
1785803100,0.700285,0.7004,0.700265,0.70031
1785803400,0.700315,0.700465,0.700305,0.70043
1785803700,0.700435,0.700595,0.700395,0.700555
1785804000,0.70056,0.700605,0.70043,0.700605
1785804300,0.70061,0.70061,0.70022,0.70026
1785804600,0.70027,0.7004,0.70016,0.70036
1785804900,0.700365,0.700385,0.699965,0.70001
1785805200,0.700005,0.700005,0.6997,0.69984
1785805500,0.69983,0.699975,0.699805,0.699855
1785805800,0.69986,0.70011,0.699845,0.699965
1785806100,0.69997,0.700225,0.69993,0.700215
1785806400,0.70021,0.70025,0.7,0.70008
1785806700,0.70008,0.70018,0.69994,0.699965
1785807000,0.69996,0.700665,0.699955,0.700655
1785807300,0.70066,0.700755,0.700595,0.700655
1785807600,0.70066,0.700985,0.70065,0.700975
1785807900,0.70097,0.70112,0.700915,0.70095
1785808200,0.700955,0.70128,0.700915,0.70126
1785808500,0.70127,0.70147,0.70127,0.701355
1785808800,0.70135,0.70149,0.701035,0.701055
1785809100,0.70105,0.70143,0.700955,0.70135
1785809400,0.70135,0.70174,0.70121,0.701645
1785809700,0.701645,0.70168,0.701515,0.701545
1785810000,0.701555,0.70163,0.70145,0.701495
1785810300,0.7015,0.701565,0.701275,0.701445
1785810600,0.701455,0.70166,0.70142,0.701595
1785810900,0.701605,0.701795,0.701595,0.70163
1785811200,0.70163,0.70184,0.701585,0.70176
1785811500,0.70176,0.70177,0.701635,0.70167
1785811800,0.701665,0.701775,0.70164,0.7017
1785812100,0.7017,0.70173,0.70151,0.70151
1785812400,0.701515,0.70178,0.70151,0.701645
1785812700,0.701645,0.7017,0.70151,0.70168
1785813000,0.70168,0.701815,0.701585,0.701625
1785813300,0.70163,0.701715,0.70161,0.70171
1785813600,0.701715,0.702215,0.70171,0.7022
1785813900,0.7022,0.70225,0.70212,0.70221
1785814200,0.702205,0.70227,0.70215,0.70223
1785814500,0.702225,0.70236,0.701945,0.701965
1785814800,0.701965,0.70197,0.70177,0.701855
1785815100,0.70185,0.701895,0.70179,0.701845
1785815400,0.701845,0.702025,0.701845,0.701995
1785815700,0.70199,0.702015,0.70186,0.70187
1785816000,0.701875,0.70195,0.701775,0.701825
1785816300,0.701825,0.701915,0.70177,0.701815
1785816600,0.70182,0.70184,0.70167,0.70181
1785816900,0.701815,0.70193,0.70181,0.701905
1785817200,0.7019,0.701975,0.70183,0.701975
1785817500,0.701975,0.70203,0.70191,0.701935
1785817800,0.70193,0.70203,0.70193,0.70196
1785818100,0.70196,0.70196,0.70188,0.70193
1785818400,0.70193,0.70193,0.701755,0.701755
1785818700,0.70175,0.701905,0.701745,0.701845
1785819000,0.701845,0.70193,0.701785,0.70191
1785819300,0.70191,0.702,0.7019,0.70192
1785819600,0.701915,0.70193,0.701745,0.701835
1785819900,0.701835,0.701955,0.701795,0.70195
1785820200,0.701955,0.70201,0.70175,0.701835
1785820500,0.70184,0.7019,0.701655,0.701805
1785820800,0.701805,0.701975,0.701775,0.70196
1785821100,0.701955,0.701995,0.701865,0.70193
1785821400,0.70194,0.70215,0.70184,0.70188
1785821700,0.701885,0.70192,0.701745,0.70175
1785822000,0.70175,0.70175,0.701565,0.701605
1785822300,0.7016,0.7016,0.701455,0.70151
1785822600,0.701515,0.70176,0.701495,0.70161
1785822900,0.701605,0.70194,0.701555,0.701875
1785823200,0.70187,0.702015,0.70173,0.70187
1785823500,0.70186,0.70188,0.701555,0.70173
1785823800,0.701725,0.70173,0.701435,0.70168
1785824100,0.70168,0.70176,0.70155,0.70166
1785824400,0.70165,0.70208,0.70164,0.70206
1785824700,0.702055,0.702125,0.70186,0.701865
1785825000,0.70186,0.701965,0.701815,0.701815
1785825300,0.701815,0.701825,0.70149,0.7015
1785825600,0.7015,0.701535,0.701345,0.7014
1785825900,0.701395,0.70142,0.701215,0.70126
1785826200,0.70126,0.701315,0.70119,0.701225
1785826500,0.70123,0.701475,0.70123,0.70142
1785826800,0.701425,0.701885,0.70142,0.701815
1785827100,0.70182,0.70202,0.70169,0.701975
1785827400,0.70197,0.701995,0.701845,0.701955
1785827700,0.70195,0.702105,0.701905,0.70205
1785828000,0.70205,0.70226,0.70204,0.702255
1785828300,0.70226,0.7023,0.701955,0.701965
1785828600,0.701975,0.70207,0.70182,0.70205
1785828900,0.70205,0.702115,0.70178,0.701895
1785829200,0.7019,0.70195,0.701735,0.70176
1785829500,0.701755,0.70195,0.701715,0.70189
1785829800,0.701895,0.70201,0.70188,0.701935
1785830100,0.70194,0.701955,0.70176,0.70177
1785830400,0.70176,0.702095,0.701755,0.702035
1785830700,0.702045,0.702245,0.701915,0.70213
1785831000,0.702125,0.702125,0.701975,0.701995
1785831300,0.702,0.702165,0.70198,0.702135
1785831600,0.70214,0.702205,0.70199,0.702085
1785831900,0.70209,0.70231,0.70203,0.7023
1785832200,0.7023,0.702305,0.702045,0.702195
1785832500,0.702195,0.70238,0.70213,0.70236
1785832800,0.70236,0.70245,0.702315,0.70242
1785833100,0.702425,0.702445,0.70221,0.702305
1785833400,0.702305,0.702335,0.702215,0.70224
1785833700,0.702245,0.702295,0.70217,0.70228
1785834000,0.702275,0.70231,0.7021,0.702145
1785834300,0.70214,0.702195,0.70205,0.70216
1785834600,0.70216,0.70229,0.702095,0.70227
1785834900,0.702275,0.7023,0.702115,0.702205
1785835200,0.7022,0.70244,0.7022,0.70244
1785835500,0.70245,0.70269,0.702425,0.70269
1785835800,0.702695,0.70272,0.70251,0.7026
1785836100,0.702605,0.702645,0.702525,0.702545
1785836400,0.70255,0.702675,0.70254,0.702585
1785836700,0.702585,0.70272,0.70248,0.702685
1785837000,0.702685,0.70269,0.70242,0.702455
1785837300,0.702455,0.70271,0.70244,0.70271
1785837600,0.702715,0.70286,0.70268,0.702805
1785837900,0.702805,0.702895,0.702655,0.702745
1785838200,0.70275,0.702915,0.70275,0.7029
1785838500,0.7029,0.7029,0.702655,0.70276
1785838800,0.702755,0.70285,0.702715,0.702805
1785839100,0.70281,0.702915,0.702785,0.702805
1785839400,0.702815,0.70291,0.70276,0.702805
1785839700,0.702805,0.7029,0.702715,0.70281
1785840000,0.702805,0.703435,0.702745,0.70315
1785840300,0.703155,0.703585,0.70313,0.70342
1785840600,0.703415,0.703415,0.703155,0.703195
1785840900,0.70319,0.703305,0.70313,0.703145
1785841200,0.70314,0.703245,0.70301,0.70306
1785841500,0.70306,0.70316,0.703,0.70314
1785841800,0.703135,0.703315,0.70308,0.70325
1785842100,0.703255,0.703325,0.703205,0.70321
1785842400,0.703225,0.703455,0.703225,0.70335
1785842700,0.70336,0.7036,0.703335,0.703575
1785843000,0.70358,0.70375,0.703485,0.7036
1785843300,0.703605,0.70371,0.703545,0.70368
1785843600,0.70368,0.703755,0.70329,0.703675
1785843900,0.70368,0.7037,0.70336,0.703385
1785844200,0.70338,0.70348,0.703145,0.70319
1785844500,0.703195,0.703395,0.70313,0.70325
1785844800,0.703255,0.703405,0.70312,0.703205
1785845100,0.7032,0.70332,0.70305,0.703105
1785845400,0.70311,0.70319,0.70286,0.703
1785845700,0.70301,0.70304,0.70289,0.70304
1785846000,0.703045,0.70313,0.70296,0.70309
1785846300,0.70309,0.703115,0.702925,0.70294
1785846600,0.70295,0.703375,0.702945,0.703345
1785846900,0.70334,0.70359,0.70333,0.7035
1785847200,0.7035,0.703615,0.70345,0.703505
1785847500,0.70351,0.70365,0.70344,0.70364
1785847800,0.703645,0.703645,0.70344,0.70345
1785848100,0.70345,0.703465,0.703305,0.70334
1785848400,0.70333,0.70333,0.703055,0.703085
1785848700,0.70308,0.7032,0.70306,0.70314
1785849000,0.703145,0.70334,0.703085,0.703315
1785849300,0.703335,0.70336,0.70304,0.703075
1785849600,0.70307,0.7038,0.70306,0.703545
1785849900,0.70355,0.70368,0.70333,0.70333
1785850200,0.703345,0.70351,0.703065,0.7035
1785850500,0.703505,0.703705,0.70338,0.703705
1785850800,0.70371,0.70372,0.70342,0.703455
1785851100,0.703455,0.70367,0.703345,0.7036
1785851400,0.703605,0.70368,0.703475,0.703565
1785851700,0.703575,0.703615,0.703475,0.703595
1785852000,0.7036,0.70384,0.703505,0.703755
1785852300,0.70375,0.704045,0.703695,0.703895
1785852600,0.7039,0.7041,0.703835,0.704065
1785852900,0.70407,0.70419,0.703855,0.703865
1785853200,0.70387,0.70411,0.70376,0.703995
1785853500,0.704,0.704145,0.70397,0.704045
1785853800,0.70404,0.704195,0.70392,0.704015
1785854100,0.70401,0.70414,0.703685,0.703945
1785854400,0.70394,0.70396,0.703735,0.70377
1785854700,0.703755,0.703765,0.7035,0.70364
1785855000,0.703645,0.70391,0.703575,0.70381
1785855300,0.703815,0.70392,0.703595,0.70385
1785855600,0.703845,0.70388,0.70361,0.70382
1785855900,0.703825,0.703895,0.703645,0.70372
1785856200,0.703725,0.70376,0.703405,0.703415
1785856500,0.703415,0.70345,0.7032,0.70321
1785856800,0.703215,0.703255,0.70311,0.703245
1785857100,0.703245,0.703405,0.703235,0.703385
1785857400,0.70338,0.703405,0.7032,0.70326
1785857700,0.70326,0.703605,0.7031,0.703515
1785858000,0.703505,0.703595,0.703415,0.703485
1785858300,0.70349,0.70354,0.703335,0.703435
1785858600,0.70343,0.70366,0.70343,0.70364
1785858900,0.703645,0.70374,0.70362,0.70368
1785859200,0.703685,0.70377,0.703555,0.70359
1785859500,0.703585,0.703605,0.70348,0.703565
1785859800,0.703565,0.703815,0.703555,0.70368
1785860100,0.703675,0.703685,0.70356,0.703615
1785860400,0.70361,0.70379,0.703605,0.70371
1785860700,0.703715,0.703895,0.703705,0.703765
1785861000,0.70376,0.70381,0.7037,0.703745
1785861300,0.70375,0.70375,0.70361,0.703645
1785861600,0.70364,0.703825,0.703635,0.70382
1785861900,0.703815,0.703855,0.70376,0.70383
1785862200,0.70383,0.70392,0.70378,0.70381
1785862500,0.703805,0.703895,0.70376,0.70381
1785862800,0.703805,0.704015,0.703805,0.703995
1785863100,0.704,0.70405,0.70388,0.70388
1785863400,0.70388,0.70404,0.70387,0.704025
1785863700,0.704025,0.704035,0.70388,0.703955
1785864000,0.703955,0.704045,0.703925,0.704
1785864300,0.704,0.704075,0.70393,0.703955
1785864600,0.703955,0.70397,0.70389,0.70393
1785864900,0.703935,0.70405,0.703915,0.70405
1785865200,0.70405,0.704205,0.70405,0.70416
1785865500,0.704155,0.704215,0.70412,0.704175
1785865800,0.70417,0.704195,0.70405,0.70408
1785866100,0.704075,0.70413,0.70396,0.70396
1785866400,0.70396,0.70398,0.7039,0.70393
1785866700,0.703935,0.70409,0.703935,0.703965
1785867000,0.70396,0.70405,0.70388,0.70404
1785867300,0.70403,0.70405,0.703915,0.70396
1785867600,0.70396,0.704045,0.70388,0.704
1785867900,0.703995,0.70401,0.703945,0.704
1785868200,0.704005,0.704045,0.70389,0.703915
1785868500,0.70392,0.70401,0.703915,0.70401
1785868800,0.704,0.70407,0.70395,0.70406
1785869100,0.704065,0.704115,0.70406,0.704095
1785869400,0.70409,0.70455,0.70408,0.70444
1785869700,0.704445,0.704655,0.70443,0.70457
1785870000,0.704575,0.70465,0.704455,0.704455
1785870300,0.704455,0.70471,0.704455,0.704705
1785870600,0.70471,0.704715,0.70456,0.70458
1785870900,0.704575,0.704615,0.704555,0.7046
1785871200,0.70461,0.7048,0.70459,0.704655
1785871500,0.704655,0.704805,0.70461,0.70477
1785871800,0.704775,0.70481,0.704705,0.704755
1785872100,0.70475,0.70481,0.7047,0.704795
1785872400,0.70479,0.70486,0.704765,0.70478
1785872700,0.704785,0.70484,0.70475,0.70476
1785873000,0.704765,0.70478,0.7046,0.704645
1785873300,0.70464,0.704725,0.70456,0.704615
1785873600,0.70461,0.704735,0.704605,0.704725
1785873900,0.70472,0.704795,0.7047,0.70471
1785874200,0.70471,0.704775,0.70471,0.704765
1785874500,0.70476,0.70476,0.70464,0.70468
1785874800,0.704685,0.70477,0.704675,0.704725
1785875100,0.704725,0.704795,0.704655,0.70466
1785875400,0.704655,0.704695,0.704635,0.70467
1785875700,0.704665,0.704685,0.704575,0.704595
1785876000,0.704605,0.704605,0.70455,0.704595
1785876300,0.704585,0.70467,0.704585,0.704645
1785876600,0.704635,0.704665,0.70463,0.704645
1785876900,0.704645,0.704695,0.70461,0.704635
1785877200,0.704635,0.704635,0.704445,0.70446
1785877500,0.704465,0.70453,0.70416,0.704225
1785877800,0.704205,0.70441,0.704145,0.70434
1785878100,0.70434,0.70444,0.70428,0.7043
1785878400,0.7043,0.704485,0.704125,0.70413
1785878700,0.704125,0.70429,0.70412,0.704265
1785879000,0.70427,0.70446,0.704245,0.70445
1785879300,0.704445,0.704475,0.704435,0.704435
1785879600,0.704435,0.70444,0.704335,0.704345
1785879900,0.704345,0.704345,0.704275,0.70428
1785880200,0.704285,0.70448,0.704205,0.704465
1785880500,0.704465,0.70459,0.70444,0.704555
1785880800,0.704535,0.70469,0.70448,0.704585
1785881100,0.704595,0.70469,0.70458,0.70464
1785881400,0.704635,0.70468,0.704605,0.70464
1785881700,0.704635,0.704715,0.704635,0.704685
1785882000,0.704685,0.704725,0.704665,0.70469
1785882300,0.70469,0.704715,0.704635,0.70469
1785882600,0.7047,0.704835,0.704695,0.704835
1785882900,0.704835,0.704855,0.70483,0.70485
1785883200,0.70485,0.704855,0.704775,0.704775
1785883500,0.70478,0.70481,0.70462,0.7048
1785883800,0.70479,0.704875,0.704755,0.70479
1785884100,0.704795,0.704945,0.70477,0.704945
1785884400,0.70494,0.704945,0.704665,0.70477
1785884700,0.70477,0.70486,0.704735,0.704745
1785885000,0.70475,0.704885,0.70469,0.704835
1785885300,0.70484,0.7049,0.704795,0.70483
1785885600,0.70483,0.704895,0.704815,0.704875
1785885900,0.704875,0.70488,0.704795,0.7048
1785886200,0.704805,0.704845,0.70477,0.704795
1785886500,0.704795,0.70483,0.704685,0.704705
1785886800,0.704705,0.70475,0.704645,0.70472
1785887100,0.704725,0.704805,0.7047,0.704775
1785887400,0.70478,0.70479,0.704605,0.70461
1785887700,0.70461,0.704755,0.704605,0.704655
1785888000,0.704645,0.704825,0.70455,0.704675
1785888300,0.70467,0.70479,0.70465,0.704695
1785888600,0.70469,0.704725,0.70453,0.70471
1785888900,0.704715,0.70502,0.704675,0.70493
1785889200,0.704935,0.705325,0.704925,0.70518
1785889500,0.70518,0.7053,0.705105,0.70528
1785889800,0.705285,0.705285,0.704965,0.70503
1785890100,0.705025,0.70505,0.70493,0.704945
1785890400,0.70495,0.704985,0.704655,0.704665
1785890700,0.70466,0.70468,0.704335,0.70434
1785891000,0.704345,0.70454,0.70428,0.70449
1785891300,0.704485,0.70452,0.704305,0.70435
1785891600,0.704345,0.704475,0.704075,0.70419
1785891900,0.704185,0.70458,0.70417,0.70458
1785892200,0.704575,0.704615,0.704375,0.704425
1785892500,0.70443,0.704515,0.704355,0.704465
1785892800,0.70446,0.70446,0.704145,0.704145
1785893100,0.70414,0.70423,0.70398,0.70421
1785893400,0.70421,0.704255,0.70406,0.704205
1785893700,0.7042,0.704295,0.704155,0.704225
1785894000,0.70422,0.70428,0.70414,0.70423
1785894300,0.704235,0.70436,0.70418,0.704215
1785894600,0.704205,0.704405,0.70413,0.7043
1785894900,0.704305,0.704395,0.70429,0.704345
1785895200,0.70435,0.70473,0.704285,0.70439
1785895500,0.704385,0.7046,0.704375,0.70441
1785895800,0.70441,0.70441,0.70413,0.70414
1785896100,0.70414,0.70417,0.70404,0.70417
1785896400,0.70417,0.70437,0.704135,0.704185
1785896700,0.704185,0.704415,0.704185,0.704345
1785897000,0.704355,0.70453,0.70434,0.70451
1785897300,0.704505,0.704835,0.70449,0.70464
1785897600,0.704645,0.705065,0.704635,0.70506
1785897900,0.705055,0.705135,0.704925,0.704945
1785898200,0.704945,0.705005,0.704765,0.704875
1785898500,0.70487,0.704945,0.704715,0.704715
1785898800,0.704725,0.70498,0.70466,0.70494
1785899100,0.70494,0.70523,0.70494,0.705185
1785899400,0.70519,0.705255,0.705125,0.70521
1785899700,0.70521,0.70524,0.70501,0.70503
1785900000,0.70504,0.70514,0.705015,0.705055
1785900300,0.705055,0.705055,0.70487,0.70492
1785900600,0.704915,0.704955,0.704845,0.70493
1785900900,0.70492,0.70497,0.70484,0.70484
1785901200,0.70484,0.705035,0.70482,0.704945
1785901500,0.704945,0.705025,0.70483,0.70487
1785901800,0.70487,0.70503,0.704855,0.70497
1785902100,0.70497,0.70501,0.704885,0.704895
1785902400,0.70489,0.705145,0.704885,0.70511
1785902700,0.705105,0.705225,0.705095,0.70521
1785903000,0.705205,0.7054,0.705135,0.70538
1785903300,0.70538,0.7055,0.70529,0.70544
1785903600,0.705445,0.70562,0.70539,0.70551
1785903900,0.70551,0.70555,0.70541,0.70541
1785904200,0.70541,0.70549,0.705355,0.705355
1785904500,0.70535,0.70545,0.705105,0.70521
1785904800,0.705215,0.705235,0.70498,0.70499
1785905100,0.704985,0.705195,0.70496,0.705015
1785905400,0.70501,0.705055,0.704855,0.70487
1785905700,0.70486,0.704915,0.704795,0.70485
1785906000,0.704835,0.704845,0.704565,0.70458
1785906300,0.704585,0.704645,0.704535,0.704615
1785906600,0.704615,0.70464,0.70457,0.70464
1785906900,0.704635,0.704695,0.704615,0.70468
1785907200,0.704685,0.704715,0.70463,0.704685
1785907500,0.704685,0.704745,0.704545,0.70457
1785907800,0.704565,0.70474,0.704565,0.704615
1785908100,0.704615,0.704815,0.704585,0.704745
1785908400,0.70474,0.704825,0.704715,0.70479
1785908700,0.704785,0.70488,0.70472,0.704745
1785909000,0.704745,0.704825,0.704625,0.70469
1785909300,0.704685,0.70484,0.704685,0.70481
1785909600,0.704815,0.705075,0.70477,0.705045
1785909900,0.70505,0.70508,0.70491,0.70503
1785910200,0.70503,0.705085,0.704925,0.704995
1785910500,0.70499,0.705,0.70446,0.70457
1785910800,0.70457,0.70467,0.70443,0.704565
1785911100,0.70456,0.70456,0.70433,0.70443
1785911400,0.704435,0.70459,0.7043,0.70458
1785911700,0.70458,0.70476,0.70453,0.704745
1785912000,0.70474,0.7048,0.70459,0.70473
1785912300,0.704725,0.704965,0.70472,0.704925
1785912600,0.70492,0.704935,0.704765,0.70477
1785912900,0.704765,0.704955,0.704765,0.70492
1785913200,0.704915,0.705095,0.70475,0.70478
1785913500,0.704775,0.70489,0.70466,0.7048
1785913800,0.704805,0.70481,0.704455,0.70447
1785914100,0.704465,0.70454,0.7043,0.704375
1785914400,0.70437,0.704515,0.70432,0.70435
1785914700,0.704345,0.70437,0.70402,0.704115
1785915000,0.70412,0.704285,0.70411,0.70417
1785915300,0.704165,0.704275,0.704085,0.704255
1785915600,0.70426,0.70438,0.70426,0.704285
1785915900,0.70429,0.704375,0.704265,0.704365
1785916200,0.70436,0.70449,0.704315,0.704345
1785916500,0.70434,0.704805,0.70434,0.70472
1785916800,0.70473,0.70484,0.7047,0.704765
1785917100,0.70477,0.704775,0.70454,0.704605
1785917400,0.704605,0.704675,0.704425,0.704425
1785917700,0.70443,0.704685,0.70443,0.70464
1785918000,0.704635,0.70478,0.70457,0.70463
1785918300,0.70463,0.70473,0.70454,0.70471
1785918600,0.704715,0.704735,0.704585,0.704615
1785918900,0.70462,0.704725,0.704505,0.704515
1785919200,0.704515,0.70452,0.704305,0.704425
1785919500,0.70442,0.70442,0.70418,0.70432
1785919800,0.70432,0.704345,0.70424,0.704295
1785920100,0.70429,0.704445,0.704255,0.704315
1785920400,0.70432,0.70452,0.704295,0.704365
1785920700,0.70436,0.70456,0.70436,0.704555
1785921000,0.70455,0.704565,0.70438,0.704415
1785921300,0.704415,0.7045,0.70435,0.704415
1785921600,0.70442,0.704485,0.704355,0.70437
1785921900,0.70437,0.704485,0.704365,0.70439
1785922200,0.704395,0.704485,0.704315,0.704475
1785922500,0.70447,0.704595,0.70441,0.70458
1785922800,0.704585,0.704695,0.70455,0.704685
1785923100,0.70468,0.704735,0.70465,0.704675
1785923400,0.704675,0.704735,0.704665,0.70468
1785923700,0.704685,0.704715,0.70458,0.70463
1785924000,0.704635,0.70465,0.704505,0.70454
1785924300,0.70454,0.704545,0.70441,0.704445
1785924600,0.70444,0.704455,0.704285,0.704345
1785924900,0.704345,0.70454,0.70432,0.70449
1785925200,0.70449,0.704535,0.704245,0.704285
1785925500,0.704285,0.70434,0.70419,0.70425
1785925800,0.70425,0.704265,0.70404,0.70412
1785926100,0.704115,0.70424,0.704105,0.70422
1785926400,0.70422,0.704235,0.704125,0.70416
1785926700,0.704165,0.70419,0.70407,0.704125
1785927000,0.70413,0.70414,0.704055,0.704095
1785927300,0.704105,0.70433,0.70409,0.70424
1785927600,0.704245,0.704485,0.704245,0.70443
1785927900,0.704425,0.704485,0.704355,0.70444
1785928200,0.70444,0.704595,0.70441,0.70457
1785928500,0.704575,0.704595,0.70443,0.70459
1785928800,0.704595,0.704705,0.70452,0.704565
1785929100,0.70457,0.704825,0.70457,0.704615
1785929400,0.70462,0.70485,0.70461,0.70471
1785929700,0.70471,0.70501,0.704705,0.70497
1785930000,0.704965,0.70509,0.70489,0.70499
1785930300,0.704985,0.705045,0.704865,0.704925
1785930600,0.704925,0.705015,0.704895,0.704955
1785930900,0.704945,0.705035,0.70491,0.70493
1785931200,0.70494,0.7051,0.7049,0.705075
1785931500,0.70507,0.705275,0.705025,0.705175
1785931800,0.705185,0.705195,0.704965,0.704965
1785932100,0.70496,0.705375,0.704955,0.705295
1785932400,0.70529,0.705415,0.705265,0.70533
1785932700,0.705325,0.70535,0.70512,0.70513
1785933000,0.705135,0.70527,0.70488,0.70508
1785933300,0.705075,0.70539,0.70504,0.70524
1785933600,0.705235,0.70526,0.704925,0.704975
1785933900,0.70497,0.70516,0.70488,0.70509
1785934200,0.70509,0.705175,0.704825,0.704845
1785934500,0.70485,0.70489,0.704665,0.70477
1785934800,0.70478,0.70489,0.704655,0.704735
1785935100,0.70473,0.70497,0.704715,0.70496
1785935400,0.704955,0.70499,0.70476,0.704875
1785935700,0.70488,0.704945,0.704675,0.70474
1785936000,0.704735,0.704875,0.704665,0.70482
1785936300,0.704825,0.70506,0.704815,0.705025
1785936600,0.70503,0.705065,0.704845,0.704935
1785936900,0.704925,0.705185,0.70448,0.705025
1785937200,0.70503,0.705165,0.704825,0.705065
1785937500,0.70506,0.70511,0.70487,0.705095
1785937800,0.70509,0.7054,0.70491,0.7054
1785938100,0.7054,0.7055,0.70522,0.70533
1785938400,0.705335,0.705785,0.70518,0.705785
1785938700,0.70579,0.70647,0.70579,0.70616
1785939000,0.70617,0.706325,0.70588,0.706065
1785939300,0.70606,0.706295,0.70602,0.70617
1785939600,0.706175,0.706215,0.70593,0.70613
1785939900,0.706135,0.706265,0.70593,0.70597
1785940200,0.70596,0.706075,0.70576,0.705785
1785940500,0.70579,0.706025,0.70578,0.705875
1785940800,0.705875,0.706135,0.70579,0.706055
1785941100,0.706045,0.706135,0.70597,0.70613
1785941400,0.706125,0.70614,0.705315,0.705625
1785941700,0.705615,0.705885,0.70536,0.705765
1785942000,0.70576,0.706015,0.70562,0.705825
1785942300,0.705815,0.705935,0.70572,0.705935
1785942600,0.705925,0.705965,0.705675,0.705675
1785942900,0.705685,0.705685,0.70528,0.70546
1785943200,0.705455,0.70563,0.70541,0.705495
1785943500,0.705495,0.70562,0.70534,0.705395
1785943800,0.7054,0.70545,0.705195,0.705235
1785944100,0.705225,0.705575,0.705215,0.705575
1785944400,0.705565,0.70563,0.705425,0.70546
1785944700,0.705455,0.70546,0.705085,0.70509
1785945000,0.705095,0.705155,0.705025,0.70512
1785945300,0.705125,0.705125,0.704915,0.70499
1785945600,0.704995,0.70512,0.7049,0.70493
1785945900,0.704925,0.70519,0.704865,0.70517
1785946200,0.705165,0.705195,0.705035,0.70516
1785946500,0.705155,0.70529,0.705135,0.70527
1785946800,0.705265,0.705435,0.705255,0.70531
1785947100,0.705305,0.70536,0.70526,0.705295
1785947400,0.7053,0.705325,0.705195,0.705225
1785947700,0.705225,0.70531,0.7052,0.705245
1785948000,0.70525,0.705275,0.70521,0.705235
1785948300,0.70523,0.70525,0.70508,0.705115
1785948600,0.705115,0.70526,0.70511,0.705235
1785948900,0.70523,0.70527,0.70511,0.705185
1785949200,0.705195,0.705325,0.705115,0.70513
1785949500,0.705135,0.705185,0.705005,0.70506
1785949800,0.705055,0.70518,0.705035,0.70513
1785950100,0.705135,0.705185,0.705105,0.705135
1785950400,0.70514,0.70515,0.70506,0.70514
1785950700,0.705135,0.70534,0.70511,0.70531
1785951000,0.70531,0.705405,0.705185,0.705405
1785951300,0.705405,0.705585,0.70539,0.705555
1785951600,0.70555,0.70574,0.705475,0.705725
1785951900,0.70572,0.70589,0.70572,0.705835
1785952200,0.70583,0.70598,0.70579,0.70598
1785952500,0.705975,0.706135,0.70596,0.70606
1785952800,0.706055,0.706235,0.70601,0.706205
1785953100,0.7062,0.706275,0.70612,0.70615
1785953400,0.70616,0.706235,0.70606,0.706065
1785953700,0.706055,0.70612,0.70602,0.7061
1785954000,0.706095,0.70625,0.70609,0.70621
1785954300,0.706205,0.70629,0.70618,0.706285
1785954600,0.70629,0.706305,0.705985,0.706025
1785954900,0.70602,0.706115,0.706,0.706095
1785955200,0.706105,0.706115,0.70592,0.705955
1785955500,0.705955,0.70612,0.705935,0.706065
1785955800,0.706065,0.706125,0.706005,0.706105
1785956100,0.706105,0.70621,0.706065,0.706065
1785956400,0.70607,0.706165,0.706025,0.706115
1785956700,0.706115,0.706115,0.70601,0.706045
1785957000,0.706045,0.706045,0.70592,0.705945
1785957300,0.70595,0.70596,0.7058,0.705825
1785957600,0.70582,0.70587,0.70578,0.705845
1785957900,0.705835,0.705875,0.70578,0.705805
1785958200,0.705815,0.705885,0.705765,0.705855
1785958500,0.705865,0.705875,0.705805,0.705815
1785958800,0.705815,0.705865,0.705755,0.70579
1785959100,0.705795,0.705845,0.705715,0.705755
1785959400,0.70576,0.70577,0.705675,0.705765
1785959700,0.705785,0.70582,0.705505,0.705515
1785960000,0.705505,0.705685,0.705505,0.705675
1785960300,0.70567,0.705695,0.70555,0.705575
1785960600,0.705575,0.705585,0.705515,0.70557
1785960900,0.705575,0.70559,0.705505,0.70551
1785961200,0.70551,0.705545,0.705465,0.70552
1785961500,0.705525,0.705665,0.70552,0.70564
1785961800,0.705645,0.70579,0.705615,0.705765
1785962100,0.705765,0.70579,0.70576,0.705775
1785962400,0.705765,0.705775,0.705695,0.705715
1785962700,0.70572,0.70575,0.705685,0.7057
1785963000,0.705695,0.70576,0.705695,0.7057
1785963300,0.705695,0.705755,0.70568,0.70573
1785963600,0.70573,0.70575,0.7056,0.70565
1785963900,0.705605,0.705635,0.705455,0.705555
1785964200,0.705555,0.705585,0.70555,0.70557
1785964500,0.70557,0.705635,0.70557,0.705605
1785964800,0.705605,0.705645,0.705605,0.705645
1785965100,0.705645,0.70578,0.705645,0.70578
1785965400,0.70578,0.70578,0.7056,0.7056
1785965700,0.7056,0.7056,0.705505,0.705545
1785966000,0.70557,0.70561,0.70537,0.70538
1785966300,0.705385,0.705465,0.70538,0.705445
1785966600,0.705445,0.70547,0.70534,0.705355
1785966900,0.705355,0.705435,0.705335,0.70537
1785967200,0.70534,0.7057,0.70534,0.705565
1785967500,0.70556,0.705575,0.70549,0.705565
1785967800,0.705565,0.70569,0.70556,0.70568
1785968100,0.70568,0.705755,0.70568,0.705685
1785968400,0.705685,0.7057,0.70567,0.705685
1785968700,0.705685,0.705695,0.705625,0.70566
1785969000,0.70566,0.705825,0.705655,0.705805
1785969300,0.70581,0.705835,0.705755,0.70581
1785969600,0.705805,0.705875,0.70579,0.705855
1785969900,0.705855,0.705875,0.705765,0.70577
1785970200,0.70577,0.705775,0.705705,0.70571
1785970500,0.705715,0.705825,0.705715,0.705795
1785970800,0.705795,0.705825,0.705725,0.705725
1785971100,0.70573,0.705735,0.705685,0.70569
1785971400,0.70569,0.705775,0.70569,0.70574
1785971700,0.70574,0.705755,0.705705,0.70571
1785972000,0.70571,0.70579,0.705675,0.70577
1785972300,0.705765,0.705805,0.70572,0.70572
1785972600,0.705725,0.70573,0.70564,0.705675
1785972900,0.705675,0.70576,0.70552,0.70575
1785973200,0.70575,0.705795,0.705665,0.70577
1785973500,0.705775,0.70592,0.70574,0.70589
1785973800,0.705885,0.705925,0.705735,0.705745
1785974100,0.70574,0.70574,0.70562,0.70571
1785974400,0.70572,0.70577,0.705515,0.70576
1785974700,0.70575,0.70594,0.705735,0.705865
1785975000,0.70586,0.70586,0.70559,0.70573
1785975300,0.70572,0.70585,0.705595,0.70568
1785975600,0.70568,0.705795,0.70561,0.70576
1785975900,0.70575,0.70579,0.70545,0.70548
1785976200,0.705485,0.705745,0.705485,0.705725
1785976500,0.70573,0.70584,0.7057,0.70581
1785976800,0.705815,0.705945,0.70577,0.7058
1785977100,0.705805,0.706015,0.705805,0.70585
1785977400,0.705845,0.70595,0.705825,0.70585
1785977700,0.705855,0.705885,0.705695,0.705725
1785978000,0.70573,0.705945,0.70563,0.705665
1785978300,0.70567,0.7057,0.705475,0.70562
1785978600,0.705615,0.705735,0.705455,0.705675
1785978900,0.70568,0.705785,0.70556,0.705605
1785979200,0.70561,0.705675,0.705495,0.705675
1785979500,0.70567,0.70579,0.7054,0.705495
1785979800,0.70549,0.70569,0.70548,0.705625
1785980100,0.70563,0.705805,0.705545,0.7058
1785980400,0.705805,0.70584,0.70568,0.705695
1785980700,0.7057,0.705845,0.705555,0.70575
1785981000,0.70575,0.70583,0.70564,0.70569
1785981300,0.70569,0.705755,0.70563,0.7057
1785981600,0.705695,0.70591,0.70569,0.705835
1785981900,0.70583,0.706035,0.70583,0.70596
1785982200,0.70596,0.705975,0.70559,0.70564
1785982500,0.705645,0.705695,0.70558,0.705605
1785982800,0.7056,0.705785,0.7056,0.705685
1785983100,0.70569,0.705705,0.7055,0.705635
1785983400,0.705635,0.705725,0.705525,0.70572
1785983700,0.705725,0.7058,0.705705,0.705785
1785984000,0.70579,0.705895,0.705725,0.70589
1785984300,0.705895,0.70595,0.70568,0.70571
1785984600,0.705715,0.705755,0.70566,0.705715
1785984900,0.70572,0.70572,0.705565,0.705605
1785985200,0.705615,0.705635,0.705495,0.70551
1785985500,0.70551,0.705535,0.70534,0.70535
1785985800,0.70535,0.705355,0.705275,0.70529
1785986100,0.705285,0.70532,0.705085,0.70514
1785986400,0.705145,0.70515,0.70492,0.70493
1785986700,0.70493,0.70499,0.70479,0.704895
1785987000,0.704885,0.70502,0.704855,0.70495
1785987300,0.70496,0.70496,0.704825,0.70488
1785987600,0.704885,0.704895,0.70461,0.704635
1785987900,0.70463,0.704735,0.70458,0.704725
1785988200,0.704725,0.704745,0.70458,0.704585
1785988500,0.70458,0.704745,0.704545,0.704745
1785988800,0.70474,0.704755,0.70466,0.70471
1785989100,0.70472,0.704765,0.7047,0.704715
1785989400,0.704705,0.70479,0.704675,0.70469
1785989700,0.70469,0.704725,0.704625,0.704635
1785990000,0.704635,0.70465,0.70458,0.704645
1785990300,0.704645,0.704655,0.70454,0.70457
1785990600,0.70457,0.70466,0.704515,0.704545
1785990900,0.70454,0.70463,0.70443,0.704435
1785991200,0.704435,0.70455,0.7044,0.70454
1785991500,0.704535,0.70465,0.70448,0.70465
1785991800,0.70465,0.704735,0.704635,0.704685
1785992100,0.704685,0.704775,0.70467,0.70477
1785992400,0.704775,0.704785,0.70468,0.704715
1785992700,0.70471,0.70471,0.70458,0.70459
1785993000,0.70459,0.70461,0.70435,0.70445
1785993300,0.704445,0.70445,0.70438,0.704425
1785993600,0.704425,0.704485,0.7043,0.704345
1785993900,0.704345,0.70444,0.70432,0.70435
1785994200,0.704345,0.704445,0.70425,0.70444
1785994500,0.704435,0.704615,0.70441,0.70455
1785994800,0.704555,0.70471,0.704555,0.70467
1785995100,0.704665,0.70476,0.70459,0.70474
1785995400,0.704735,0.704855,0.7047,0.704855
1785995700,0.704855,0.70487,0.70472,0.704745
1785996000,0.70475,0.70489,0.70471,0.7048
1785996300,0.7048,0.70484,0.70449,0.704505
1785996600,0.7045,0.7045,0.70428,0.704395
1785996900,0.704395,0.704415,0.704195,0.704295
1785997200,0.704295,0.704405,0.704255,0.704345
1785997500,0.70434,0.704355,0.704195,0.70425
1785997800,0.704255,0.704275,0.704015,0.704045
1785998100,0.70405,0.704155,0.704025,0.704065
1785998400,0.70406,0.704115,0.703865,0.704115
1785998700,0.704125,0.704275,0.704045,0.704045
1785999000,0.70405,0.704115,0.70398,0.70403
1785999300,0.70402,0.704175,0.70402,0.704155
1785999600,0.70416,0.704245,0.704135,0.704195
1785999900,0.70419,0.704295,0.704185,0.70425
1786000200,0.70425,0.70445,0.70424,0.704285
1786000500,0.70429,0.704395,0.704265,0.704335
1786000800,0.704335,0.704425,0.704275,0.70428
1786001100,0.70428,0.704385,0.704225,0.70428
1786001400,0.704275,0.704295,0.70404,0.70405
1786001700,0.704045,0.70406,0.70378,0.703795
1786002000,0.7038,0.70393,0.70379,0.70381
1786002300,0.70381,0.70381,0.70365,0.70374
1786002600,0.70374,0.70379,0.703635,0.70375
1786002900,0.703755,0.70385,0.70371,0.703785
1786003200,0.70379,0.703845,0.703615,0.70375
1786003500,0.70375,0.70391,0.70374,0.703895
1786003800,0.7039,0.70401,0.70389,0.70395
1786004100,0.70395,0.70406,0.70389,0.70404
1786004400,0.704045,0.70405,0.703895,0.703965
1786004700,0.703965,0.703985,0.70388,0.703905
1786005000,0.703905,0.704095,0.70389,0.704075
1786005300,0.70408,0.70417,0.70402,0.7041
1786005600,0.704095,0.704295,0.70409,0.70418
1786005900,0.704185,0.704255,0.704125,0.70414
1786006200,0.704135,0.70442,0.704135,0.704395
1786006500,0.70439,0.70444,0.704295,0.70443
1786006800,0.704435,0.704435,0.70428,0.704325
1786007100,0.704325,0.704335,0.704105,0.704115
1786007400,0.70411,0.704365,0.704105,0.704345
1786007700,0.70435,0.704375,0.704165,0.70429
1786008000,0.704295,0.70439,0.70422,0.70431
1786008300,0.70432,0.70432,0.7042,0.704265
1786008600,0.70427,0.704335,0.704195,0.70427
1786008900,0.704265,0.704295,0.704055,0.704135
1786009200,0.70412,0.704125,0.70395,0.70395
1786009500,0.703955,0.70423,0.703925,0.70422
1786009800,0.704225,0.70424,0.70417,0.7042
1786010100,0.704195,0.704305,0.70418,0.704205
1786010400,0.70421,0.704225,0.704115,0.704145
1786010700,0.70415,0.70417,0.70402,0.70413
1786011000,0.704125,0.70415,0.70393,0.703955
1786011300,0.70396,0.703985,0.703885,0.703985
1786011600,0.703985,0.704135,0.703945,0.704135
1786011900,0.70413,0.70427,0.704105,0.70419
1786012200,0.704195,0.704235,0.70414,0.70416
1786012500,0.70416,0.70424,0.70413,0.70416
1786012800,0.704155,0.704185,0.704055,0.70413
1786013100,0.704125,0.704335,0.704125,0.704325
1786013400,0.704325,0.70434,0.704185,0.70419
1786013700,0.70419,0.704285,0.70416,0.704245
1786014000,0.704255,0.704335,0.704075,0.70409
1786014300,0.70409,0.704305,0.70403,0.70428
1786014600,0.704275,0.704305,0.7041,0.704115
1786014900,0.704115,0.704235,0.70408,0.704145
1786015200,0.704145,0.704145,0.704005,0.70403
1786015500,0.704035,0.704135,0.70402,0.704025
1786015800,0.704035,0.7041,0.703815,0.703815
1786016100,0.703815,0.703855,0.703715,0.70374
1786016400,0.70374,0.7038,0.70371,0.703785
1786016700,0.70379,0.70388,0.70367,0.703845
1786017000,0.70384,0.704065,0.70379,0.704035
1786017300,0.704045,0.704325,0.704,0.70431
1786017600,0.704335,0.70445,0.70425,0.70431
1786017900,0.704305,0.70434,0.704115,0.704195
1786018200,0.704195,0.704245,0.704075,0.704085
1786018500,0.704095,0.704225,0.70407,0.70417
1786018800,0.704165,0.704245,0.704095,0.704175
1786019100,0.70419,0.7043,0.704165,0.704225
1786019400,0.704215,0.70426,0.7041,0.70415
1786019700,0.704155,0.70425,0.704075,0.704195
1786020000,0.704195,0.704195,0.70403,0.7041
1786020300,0.704105,0.704155,0.703685,0.703735
1786020600,0.703735,0.703995,0.70366,0.70389
1786020900,0.703895,0.703965,0.703795,0.703815
1786021200,0.70382,0.703995,0.70382,0.703885
1786021500,0.703885,0.703895,0.70345,0.703495
1786021800,0.7035,0.70352,0.70332,0.703425
1786022100,0.70342,0.70361,0.7034,0.703585
1786022400,0.70358,0.703675,0.703515,0.703625
1786022700,0.70362,0.70367,0.703485,0.703615
1786023000,0.703625,0.703685,0.70345,0.70364
1786023300,0.703635,0.703845,0.7036,0.70378
1786023600,0.703775,0.70399,0.70374,0.7039
1786023900,0.70391,0.70407,0.703795,0.70392
1786024200,0.70392,0.704155,0.703915,0.70409
1786024500,0.704085,0.70421,0.704015,0.70405
1786024800,0.704055,0.704215,0.70396,0.704015
1786025100,0.70401,0.704075,0.703665,0.703755
1786025400,0.70376,0.703935,0.703725,0.70387
1786025700,0.703875,0.704115,0.70374,0.70407
1786026000,0.704075,0.704105,0.703875,0.70404
1786026300,0.704035,0.704055,0.703895,0.703945
1786026600,0.70395,0.704065,0.70379,0.703985
1786026900,0.70398,0.70416,0.703935,0.703945
1786027200,0.70394,0.704155,0.70393,0.704045
1786027500,0.70404,0.70404,0.703775,0.70379
1786027800,0.70378,0.703995,0.703635,0.703985
1786028100,0.703995,0.704185,0.70386,0.704175
1786028400,0.70418,0.704245,0.70393,0.70405
1786028700,0.704045,0.7042,0.703885,0.70394
1786029000,0.703945,0.70404,0.70373,0.70378
1786029300,0.703775,0.70381,0.703235,0.70325
1786029600,0.703255,0.703465,0.70323,0.70346
1786029900,0.703455,0.703705,0.70342,0.70346
1786030200,0.703465,0.70348,0.70313,0.70314
1786030500,0.70314,0.70319,0.70305,0.70314
1786030800,0.703135,0.70324,0.703055,0.70315
1786031100,0.70315,0.703425,0.70313,0.70334
1786031400,0.703335,0.703395,0.702755,0.702805
1786031700,0.70281,0.702985,0.70266,0.702755
1786032000,0.70276,0.702855,0.70263,0.702805
1786032300,0.702795,0.70294,0.702785,0.702795
1786032600,0.702805,0.702885,0.702585,0.702645
1786032900,0.70264,0.702785,0.70227,0.70254
1786033200,0.702535,0.7026,0.70245,0.702535
1786033500,0.70254,0.70281,0.70253,0.70278
1786033800,0.70278,0.702855,0.702705,0.70279
1786034100,0.702785,0.702955,0.70275,0.702955
1786034400,0.70296,0.702985,0.702655,0.7027
1786034700,0.702705,0.70281,0.7027,0.702805
1786035000,0.7028,0.703085,0.7028,0.703075
1786035300,0.70308,0.70314,0.70301,0.70314
1786035600,0.703145,0.703235,0.70311,0.703205
1786035900,0.7032,0.70325,0.703045,0.70315
1786036200,0.70316,0.703255,0.70304,0.70305
1786036500,0.703045,0.703095,0.702965,0.703085
1786036800,0.70309,0.703165,0.703085,0.7031
1786037100,0.703105,0.703185,0.703075,0.703105
1786037400,0.7031,0.703205,0.70305,0.703195
1786037700,0.703205,0.703215,0.703005,0.703135
1786038000,0.703145,0.703175,0.70309,0.70313
1786038300,0.703135,0.70322,0.70311,0.70318
1786038600,0.703185,0.70335,0.703185,0.703295
1786038900,0.7033,0.703405,0.70329,0.703305
1786039200,0.70331,0.70343,0.703275,0.703415
1786039500,0.70341,0.70346,0.703395,0.703445
1786039800,0.703455,0.703475,0.70338,0.703445
1786040100,0.703445,0.703545,0.70335,0.703485
1786040400,0.703495,0.703505,0.703425,0.703445
1786040700,0.70344,0.70345,0.703335,0.703385
1786041000,0.70339,0.70341,0.703315,0.703335
1786041300,0.703345,0.70335,0.70328,0.70328
1786041600,0.70328,0.703305,0.70322,0.70329
1786041900,0.70329,0.70335,0.703235,0.70324
1786042200,0.703245,0.70331,0.70317,0.70321
1786042500,0.703205,0.70335,0.7032,0.70334
1786042800,0.70334,0.703535,0.70332,0.703515
1786043100,0.703515,0.70356,0.703495,0.70356
1786043400,0.703565,0.70357,0.703395,0.70343
1786043700,0.70343,0.703505,0.70343,0.703495
1786044000,0.70349,0.703515,0.703085,0.70314
1786044300,0.703135,0.7033,0.703005,0.70319
1786044600,0.703185,0.703245,0.7031,0.703245
1786044900,0.703245,0.703245,0.70307,0.70308
1786045200,0.703075,0.703095,0.702945,0.70299
1786045500,0.702995,0.70305,0.70298,0.70305
1786045800,0.703045,0.70345,0.703025,0.703385
1786046100,0.70338,0.703385,0.70321,0.703325
1786046400,0.703325,0.70336,0.70323,0.703295
1786046700,0.7033,0.70338,0.70325,0.70326
1786047000,0.703265,0.703285,0.703225,0.70325
1786047300,0.703245,0.703245,0.70314,0.703145
1786047600,0.70315,0.703155,0.70305,0.70305
1786047900,0.70306,0.70309,0.70303,0.70308
1786048200,0.703085,0.7031,0.70305,0.70308
1786048500,0.70308,0.70312,0.703025,0.70305
1786048800,0.70305,0.703065,0.702995,0.703055
1786049100,0.70305,0.70314,0.703035,0.703115
1786049400,0.70311,0.70319,0.703095,0.703155
1786049700,0.70316,0.703245,0.70309,0.70323
1786050000,0.703225,0.703225,0.7031,0.7031
1786050300,0.703105,0.70314,0.703055,0.70314
1786050600,0.70314,0.703195,0.703115,0.703185
1786050900,0.703185,0.70337,0.70316,0.70334
1786051200,0.703345,0.703395,0.70326,0.703315
1786051500,0.703315,0.703355,0.703035,0.703065
1786051800,0.70306,0.70314,0.70285,0.702885
1786052100,0.702885,0.70296,0.702815,0.70284
1786052400,0.70284,0.70287,0.702835,0.702835
1786052700,0.702835,0.70288,0.702835,0.702875
1786053000,0.702875,0.702905,0.70285,0.702885
1786053300,0.702885,0.702995,0.7028,0.702935
1786053600,0.70293,0.70321,0.70291,0.70304
1786053900,0.703035,0.70309,0.703025,0.703085
1786054200,0.703085,0.703135,0.703025,0.70313
1786054500,0.703125,0.703145,0.7031,0.703105
1786054800,0.70311,0.70311,0.70301,0.703075
1786055100,0.703075,0.703095,0.70306,0.70307
1786055400,0.70307,0.703085,0.70303,0.703085
1786055700,0.703085,0.703095,0.70304,0.703075
1786056000,0.703075,0.703085,0.70303,0.703075
1786056300,0.70307,0.703105,0.70301,0.70301
1786056600,0.70301,0.70307,0.70301,0.70303
1786056900,0.70303,0.70303,0.70297,0.70298
1786057200,0.702985,0.70305,0.702985,0.70303
1786057500,0.70303,0.703105,0.70303,0.70307
1786057800,0.703065,0.703085,0.70305,0.70308
1786058100,0.70308,0.70311,0.703065,0.70308
1786058400,0.70308,0.703115,0.703065,0.703105
1786058700,0.703105,0.703105,0.70306,0.70308
1786059000,0.703075,0.703105,0.70305,0.703075
1786059300,0.703075,0.703135,0.703055,0.70311
1786059600,0.70311,0.70326,0.70311,0.70324
1786059900,0.70324,0.703395,0.703225,0.703395
1786060200,0.703395,0.703395,0.703245,0.70329
1786060500,0.703295,0.703375,0.70327,0.703315
1786060800,0.70332,0.70337,0.70318,0.70329
1786061100,0.703295,0.70338,0.703165,0.70317
1786061400,0.703165,0.70317,0.70293,0.702935
1786061700,0.70294,0.70299,0.70283,0.702885
1786062000,0.702885,0.702935,0.70271,0.702735
1786062300,0.702735,0.702935,0.702725,0.702885
1786062600,0.702885,0.703045,0.70283,0.70304
1786062900,0.70304,0.703045,0.70276,0.70283
1786063200,0.702835,0.70284,0.702765,0.70281
1786063500,0.70281,0.702885,0.702705,0.70276
1786063800,0.70276,0.70287,0.702755,0.70278
1786064100,0.70277,0.70288,0.70259,0.702855
1786064400,0.70286,0.703015,0.702815,0.7029
1786064700,0.702905,0.70312,0.70285,0.703025
1786065000,0.70303,0.703175,0.703005,0.70303
1786065300,0.703025,0.703035,0.70275,0.70278
1786065600,0.702785,0.702905,0.70275,0.70279
1786065900,0.702785,0.702985,0.702775,0.70288
1786066200,0.702875,0.7029,0.702635,0.702785
1786066500,0.702785,0.70285,0.702615,0.70263
1786066800,0.702625,0.70304,0.7026,0.702935
1786067100,0.70293,0.70302,0.702855,0.70294
1786067400,0.70294,0.702965,0.70276,0.702855
1786067700,0.70285,0.702995,0.702825,0.70288
1786068000,0.70288,0.702995,0.702855,0.70296
1786068300,0.702965,0.70302,0.702655,0.702665
1786068600,0.702665,0.70277,0.7026,0.70267
1786068900,0.702665,0.70268,0.70256,0.70257
1786069200,0.702575,0.702645,0.70251,0.702635
1786069500,0.702635,0.702635,0.70256,0.702595
1786069800,0.7026,0.702615,0.7024,0.702405
1786070100,0.702405,0.702475,0.702245,0.702405
1786070400,0.702405,0.702445,0.702315,0.702315
1786070700,0.70231,0.70268,0.70227,0.702675
1786071000,0.70268,0.702725,0.702595,0.702615
1786071300,0.70262,0.70262,0.702325,0.70239
1786071600,0.702385,0.70254,0.70235,0.70249
1786071900,0.702485,0.70254,0.702405,0.702415
1786072200,0.702415,0.70244,0.702375,0.70243
1786072500,0.70243,0.702435,0.702325,0.702325
1786072800,0.70232,0.702445,0.702295,0.7024
1786073100,0.702405,0.70242,0.702345,0.702345
1786073400,0.702345,0.702445,0.70232,0.70243
1786073700,0.702425,0.702525,0.702405,0.702495
1786074000,0.702495,0.702505,0.70234,0.70239
1786074300,0.70239,0.702485,0.702375,0.702475
1786074600,0.702475,0.702495,0.70241,0.702465
1786074900,0.70247,0.70253,0.702435,0.702505
1786075200,0.702505,0.702525,0.702425,0.70245
1786075500,0.70245,0.70259,0.70245,0.702565
1786075800,0.70257,0.70264,0.70254,0.702545
1786076100,0.70254,0.70261,0.70252,0.702585
1786076400,0.702585,0.702795,0.70258,0.702745
1786076700,0.70275,0.70279,0.702625,0.70276
1786077000,0.702755,0.70294,0.70273,0.70283
1786077300,0.70283,0.70283,0.702625,0.70264
1786077600,0.70263,0.7027,0.70258,0.70266
1786077900,0.70266,0.702705,0.702595,0.702635
1786078200,0.70264,0.70271,0.7026,0.7027
1786078500,0.7027,0.702735,0.70263,0.702645
1786078800,0.702645,0.70282,0.702625,0.7028
1786079100,0.7028,0.7028,0.702715,0.702735
1786079400,0.702735,0.702835,0.70267,0.702765
1786079700,0.702775,0.70284,0.702675,0.70273
1786080000,0.702735,0.702735,0.702575,0.702585
1786080300,0.702585,0.70264,0.702535,0.70259
1786080600,0.702595,0.70279,0.702555,0.70273
1786080900,0.70273,0.70284,0.702705,0.70277
1786081200,0.70278,0.702825,0.70273,0.70275
1786081500,0.70275,0.702975,0.70275,0.70297
1786081800,0.702975,0.703075,0.702885,0.70291
1786082100,0.70291,0.702935,0.70283,0.70284
1786082400,0.702845,0.702925,0.702745,0.7028
1786082700,0.702795,0.702845,0.702735,0.702845
1786083000,0.702845,0.703015,0.702835,0.702995
1786083300,0.703,0.703005,0.702835,0.70293
1786083600,0.702925,0.703135,0.7029,0.70313
1786083900,0.703135,0.70321,0.70304,0.70319
1786084200,0.703185,0.703235,0.70308,0.703195
1786084500,0.703185,0.703345,0.703185,0.70329
1786084800,0.70329,0.703335,0.703175,0.70322
1786085100,0.703235,0.703295,0.70313,0.703145
1786085400,0.703145,0.70334,0.70313,0.70331
1786085700,0.70332,0.70341,0.7033,0.7033
1786086000,0.70331,0.703375,0.70325,0.703285
1786086300,0.70329,0.70353,0.703245,0.70342
1786086600,0.70343,0.70365,0.703425,0.70359
1786086900,0.70359,0.70363,0.70337,0.70339
1786087200,0.703385,0.70342,0.70326,0.70332
1786087500,0.703325,0.70349,0.70332,0.70339
1786087800,0.703385,0.703475,0.70337,0.70338
1786088100,0.703375,0.70349,0.703335,0.70343
1786088400,0.703425,0.70352,0.7034,0.70348
1786088700,0.703475,0.703545,0.70338,0.703525
1786089000,0.70353,0.70358,0.703465,0.70354
1786089300,0.703535,0.7036,0.70349,0.70354
1786089600,0.70354,0.70369,0.70347,0.703645
1786089900,0.70364,0.70371,0.70358,0.70361
1786090200,0.703615,0.70364,0.703495,0.7036
1786090500,0.7036,0.7037,0.70354,0.70355
1786090800,0.70355,0.70357,0.70349,0.703505
1786091100,0.7035,0.703555,0.7034,0.703415
1786091400,0.703405,0.70369,0.703335,0.70362
1786091700,0.70362,0.703635,0.70344,0.703555
1786092000,0.70356,0.703755,0.70353,0.703735
1786092300,0.703735,0.703845,0.70372,0.703775
1786092600,0.703775,0.70382,0.703705,0.70375
1786092900,0.703745,0.703865,0.703685,0.703705
1786093200,0.703705,0.70394,0.70365,0.703775
1786093500,0.703785,0.703825,0.703735,0.70375
1786093800,0.703745,0.703935,0.703695,0.703885
1786094100,0.703895,0.703985,0.703875,0.703905
1786094400,0.70391,0.704115,0.703865,0.704105
1786094700,0.704105,0.704165,0.70396,0.70399
1786095000,0.703995,0.70403,0.703895,0.703985
1786095300,0.703985,0.70407,0.703965,0.70401
1786095600,0.704005,0.7041,0.704,0.704075
1786095900,0.70409,0.70424,0.704025,0.7041
1786096200,0.704105,0.704125,0.70403,0.704085
1786096500,0.70409,0.70414,0.70404,0.70408
1786096800,0.704085,0.704135,0.704,0.704105
1786097100,0.70411,0.70419,0.703995,0.704025
1786097400,0.70403,0.704045,0.70389,0.703925
1786097700,0.703915,0.703995,0.70383,0.70395
1786098000,0.703955,0.703965,0.703845,0.703875
1786098300,0.70388,0.7039,0.703755,0.70382
1786098600,0.703825,0.703845,0.703695,0.70377
1786098900,0.703765,0.703795,0.7037,0.703735
1786099200,0.703725,0.703795,0.70364,0.703665
1786099500,0.70366,0.7037,0.70362,0.70366
1786099800,0.703665,0.70375,0.703585,0.70359
1786100100,0.7036,0.703755,0.703575,0.70361
1786100400,0.703615,0.703845,0.703615,0.703825
1786100700,0.703825,0.703905,0.703755,0.70388
1786101000,0.703875,0.70388,0.7037,0.703735
1786101300,0.70374,0.703765,0.70366,0.703725
1786101600,0.70372,0.70375,0.70362,0.70365
1786101900,0.70365,0.703695,0.7036,0.703605
1786102200,0.703605,0.70388,0.703605,0.703815
1786102500,0.70382,0.70394,0.70379,0.70394
1786102800,0.70394,0.70414,0.703925,0.70408
1786103100,0.70408,0.7041,0.703985,0.704
1786103400,0.704,0.704055,0.70394,0.70404
1786103700,0.704045,0.704105,0.70399,0.70406
1786104000,0.704055,0.70421,0.70401,0.70405
1786104300,0.70405,0.704105,0.703965,0.704045
1786104600,0.704045,0.704265,0.704035,0.704095
1786104900,0.704085,0.704135,0.703975,0.703995
1786105200,0.70401,0.704085,0.703825,0.703885
1786105500,0.70388,0.70396,0.70365,0.70384
1786105800,0.70381,0.70713,0.7038,0.707045
1786106100,0.70704,0.70722,0.70669,0.70717
1786106400,0.707175,0.70752,0.707035,0.707195
1786106700,0.7072,0.70779,0.7072,0.7077
1786107000,0.70769,0.7077,0.707235,0.70729
1786107300,0.70729,0.707335,0.706635,0.7068
1786107600,0.706795,0.70695,0.70639,0.7064
1786107900,0.706405,0.706945,0.706405,0.70677
1786108200,0.70677,0.706935,0.70659,0.7069
1786108500,0.706895,0.706895,0.706285,0.706475
1786108800,0.70648,0.70673,0.70641,0.70669
1786109100,0.706695,0.706875,0.706475,0.70661
1786109400,0.706615,0.706655,0.70618,0.706345
1786109700,0.70634,0.70683,0.706295,0.706785
1786110000,0.70678,0.706995,0.706705,0.70687
1786110300,0.70686,0.70693,0.706485,0.70657
1786110600,0.706575,0.706615,0.706385,0.706555
1786110900,0.70656,0.706605,0.70586,0.70597
1786111200,0.70598,0.706105,0.70577,0.705785
1786111500,0.70579,0.70616,0.70575,0.70608
1786111800,0.706085,0.706235,0.70578,0.70602
1786112100,0.706015,0.70675,0.705915,0.706745
1786112400,0.706745,0.70685,0.70661,0.70677
1786112700,0.706775,0.706885,0.706625,0.706675
1786113000,0.70668,0.70672,0.70632,0.706695
1786113300,0.7067,0.706735,0.706295,0.70643
1786113600,0.706435,0.706545,0.70591,0.706025
1786113900,0.70603,0.70628,0.70592,0.705955
1786114200,0.70596,0.706195,0.705835,0.70604
1786114500,0.706035,0.706195,0.705975,0.70599
1786114800,0.70599,0.70612,0.70562,0.705645
1786115100,0.70564,0.70602,0.705605,0.70598
1786115400,0.70598,0.70633,0.70594,0.706305
1786115700,0.7063,0.706485,0.706195,0.70647
1786116000,0.706465,0.70653,0.706245,0.706265
1786116300,0.70627,0.706455,0.70623,0.706235
1786116600,0.70624,0.70628,0.706095,0.70615
1786116900,0.706155,0.706435,0.706155,0.70634
1786117200,0.70634,0.706435,0.70619,0.706265
1786117500,0.70627,0.70638,0.706135,0.70618
1786117800,0.70618,0.706225,0.70602,0.7062
1786118100,0.706205,0.706405,0.70618,0.706295
1786118400,0.706295,0.706445,0.706245,0.706445
1786118700,0.70644,0.70671,0.70644,0.70655
1786119000,0.70656,0.70686,0.70656,0.70686
1786119300,0.70685,0.70689,0.70669,0.7067
1786119600,0.706695,0.70696,0.70646,0.706565
1786119900,0.70657,0.706605,0.70639,0.70649
1786120200,0.70649,0.7066,0.70636,0.706525
1786120500,0.70653,0.70661,0.70647,0.7066
1786120800,0.7066,0.7067,0.706575,0.7066
1786121100,0.7066,0.70687,0.70658,0.706865
1786121400,0.70686,0.70688,0.70656,0.706595
1786121700,0.7066,0.70663,0.70644,0.70654
1786122000,0.706535,0.70666,0.7064,0.70663
1786122300,0.70664,0.706705,0.70661,0.706685
1786122600,0.706695,0.70676,0.706605,0.706645
1786122900,0.706645,0.706675,0.70654,0.706595
1786123200,0.70659,0.706705,0.70658,0.7067
1786123500,0.7067,0.70682,0.70665,0.70673
1786123800,0.70674,0.706905,0.70665,0.70669
1786124100,0.70669,0.70685,0.70657,0.70684
1786124400,0.70684,0.70691,0.70683,0.706845
1786124700,0.706845,0.70686,0.706795,0.7068
1786125000,0.7068,0.706865,0.70679,0.706815
1786125300,0.70682,0.706845,0.70668,0.70669
1786125600,0.7067,0.7067,0.706555,0.7066
1786125900,0.7066,0.706765,0.70659,0.706745
1786126200,0.70675,0.70676,0.70659,0.7066
1786126500,0.7066,0.706695,0.706595,0.706635
1786126800,0.70663,0.70665,0.706525,0.70658
1786127100,0.70658,0.70668,0.70658,0.70664
1786127400,0.70664,0.706735,0.706635,0.70668
1786127700,0.70669,0.70671,0.706655,0.706685
1786128000,0.706685,0.70675,0.70667,0.70674
1786128300,0.70674,0.706915,0.70673,0.706895
1786128600,0.7069,0.70691,0.70681,0.70685
1786128900,0.706845,0.706865,0.70679,0.70686
1786129200,0.706865,0.70719,0.706855,0.706995
1786129500,0.706995,0.70717,0.706975,0.707165
1786129800,0.70716,0.707185,0.70702,0.707035
1786130100,0.707035,0.70733,0.70698,0.70717
1786130400,0.70717,0.707445,0.70717,0.70735
1786130700,0.70735,0.7075,0.70732,0.7075
1786131000,0.7075,0.70751,0.707345,0.70744
1786131300,0.70744,0.707475,0.70729,0.70731
1786131600,0.707315,0.707335,0.70722,0.70723
1786131900,0.707235,0.7073,0.707225,0.70724
1786132200,0.707235,0.70726,0.70707,0.70709
1786132500,0.707095,0.707125,0.70693,0.70697
1786132800,0.706965,0.707045,0.70686,0.706865
1786133100,0.70687,0.706895,0.70671,0.70673
1786133400,0.70673,0.70676,0.70669,0.706725
1786133700,0.706725,0.706725,0.706615,0.70668
1786134000,0.706675,0.706685,0.7066,0.706625
1786134300,0.706625,0.70663,0.70653,0.70653
1786134600,0.706525,0.70653,0.706415,0.706475
1786134900,0.70647,0.706575,0.706435,0.706565
1786135200,0.70657,0.70658,0.706475,0.70648
1786135500,0.70647,0.70653,0.706435,0.706485
1786135800,0.70647,0.70654,0.70645,0.70652
1786136100,0.706525,0.70687,0.70652,0.7067
1786309200,0.7067,0.7067,0.70655,0.70667
1786309500,0.70667,0.7067,0.706485,0.70656
1786309800,0.70656,0.70678,0.706455,0.706525
1786310100,0.706525,0.706885,0.706525,0.7068
1786310400,0.7068,0.706915,0.70631,0.70641
1786310700,0.70641,0.70661,0.70619,0.706395
1786311000,0.706395,0.70649,0.70609,0.70638
1786311300,0.70638,0.706725,0.70636,0.706415
1786311600,0.706415,0.706615,0.706355,0.70645
1786311900,0.70643,0.70668,0.70641,0.706645
1786312200,0.706645,0.706935,0.706645,0.70691
1786312500,0.706885,0.706965,0.706695,0.70671
1786312800,0.70668,0.706855,0.706605,0.70662
1786313100,0.70662,0.706785,0.706615,0.70677
1786313400,0.706775,0.706825,0.70671,0.70672
1786313700,0.70672,0.706735,0.706605,0.70663
1786314000,0.706625,0.706645,0.70661,0.706625
1786314300,0.706625,0.706685,0.706605,0.706635
1786314600,0.706635,0.706735,0.70662,0.70672
1786314900,0.706715,0.706735,0.706625,0.706695
1786315200,0.706695,0.706715,0.706605,0.706615
1786315500,0.70662,0.70664,0.706615,0.706615
1786315800,0.70662,0.70663,0.70652,0.706525
1786316100,0.70653,0.70655,0.706515,0.70653
1786316400,0.706535,0.706645,0.70649,0.706635
1786316700,0.70663,0.706665,0.70654,0.70656
1786317000,0.70656,0.706655,0.70656,0.706635
1786317300,0.706635,0.706675,0.70663,0.70666
1786317600,0.706655,0.706675,0.70665,0.706665
1786317900,0.706665,0.70675,0.706615,0.70663
1786318200,0.70663,0.70666,0.706475,0.706555
1786318500,0.706555,0.70657,0.70641,0.70649
1786318800,0.706495,0.7066,0.706495,0.706585
1786319100,0.706575,0.70662,0.706455,0.70652
1786319400,0.70652,0.70661,0.706425,0.70656
1786319700,0.70656,0.706565,0.7062,0.7062
1786320000,0.70621,0.70673,0.706205,0.706665
1786320300,0.70666,0.706875,0.70661,0.706785
1786320600,0.70678,0.70703,0.706695,0.70696
1786320900,0.706955,0.706985,0.70664,0.706665
1786321200,0.70666,0.70671,0.70656,0.70665
1786321500,0.706655,0.706655,0.706465,0.706535
1786321800,0.706545,0.706625,0.70645,0.706455
1786322100,0.70646,0.706545,0.70626,0.7063
1786322400,0.706305,0.706315,0.706165,0.706215
1786322700,0.70622,0.70642,0.706155,0.70641
1786323000,0.706415,0.70648,0.706275,0.70632
1786323300,0.706325,0.706355,0.70616,0.706215
1786323600,0.70622,0.70624,0.705895,0.705895
1786323900,0.705895,0.705965,0.705715,0.70592
1786324200,0.70592,0.706135,0.705855,0.706095
1786324500,0.7061,0.706275,0.706055,0.70623
1786324800,0.706235,0.70641,0.70613,0.706405
1786325100,0.70641,0.706475,0.70628,0.70629
1786325400,0.706285,0.70629,0.70602,0.70618
1786325700,0.706175,0.70625,0.70607,0.706235
1786326000,0.706235,0.706275,0.706175,0.706205
1786326300,0.7062,0.70638,0.706165,0.70637
1786326600,0.706365,0.70643,0.706315,0.706325
1786326900,0.706325,0.7065,0.706235,0.706415
1786327200,0.70642,0.706455,0.70632,0.70643
1786327500,0.70643,0.706555,0.70638,0.706435
1786327800,0.706435,0.706495,0.706365,0.70642
1786328100,0.706425,0.70643,0.70636,0.70638
1786328400,0.70638,0.70638,0.70625,0.70627
1786328700,0.70627,0.70639,0.70622,0.70637
1786329000,0.70636,0.70645,0.70633,0.70637
1786329300,0.706365,0.70639,0.70622,0.706275
1786329600,0.70628,0.706285,0.706125,0.706125
1786329900,0.70613,0.70622,0.706125,0.706205
1786330200,0.706205,0.706225,0.706065,0.70616
1786330500,0.70616,0.70619,0.706075,0.706115
1786330800,0.706125,0.706165,0.70591,0.70596
1786331100,0.705955,0.705955,0.70582,0.70583
1786331400,0.705825,0.70593,0.70577,0.705835
1786331700,0.70583,0.705885,0.705795,0.705855
1786332000,0.70586,0.70607,0.70586,0.705955
1786332300,0.70596,0.705995,0.70579,0.705925
1786332600,0.70592,0.705955,0.705805,0.70589
1786332900,0.705895,0.706015,0.70589,0.706
1786333200,0.706005,0.706045,0.70592,0.70595
1786333500,0.70595,0.706075,0.70595,0.70605
1786333800,0.706045,0.706045,0.70595,0.70601
1786334100,0.706015,0.706015,0.70589,0.70589
1786334400,0.705895,0.70595,0.705765,0.70577
1786334700,0.705775,0.70579,0.705675,0.70573
1786335000,0.705735,0.705845,0.705675,0.705825
1786335300,0.70582,0.705835,0.705755,0.7058
1786335600,0.7058,0.705815,0.70572,0.705725
1786335900,0.705725,0.705825,0.705705,0.70582
1786336200,0.705815,0.70588,0.705765,0.70586
1786336500,0.70585,0.705865,0.70576,0.705805
1786336800,0.705805,0.705925,0.705785,0.705925
1786337100,0.705935,0.706075,0.70592,0.706055
1786337400,0.70606,0.706185,0.70603,0.706125
1786337700,0.70612,0.706155,0.70604,0.70607
1786338000,0.706075,0.706335,0.70603,0.70631
1786338300,0.706305,0.706355,0.70625,0.70626
1786338600,0.706265,0.70631,0.70618,0.706225
1786338900,0.70623,0.706275,0.70618,0.706215
1786339200,0.70621,0.70628,0.70621,0.70627
1786339500,0.70627,0.70628,0.70615,0.706215
1786339800,0.70622,0.70637,0.706165,0.70636
1786340100,0.706365,0.706655,0.70632,0.706575
1786340400,0.706575,0.706625,0.706475,0.70653
1786340700,0.706525,0.706595,0.706475,0.706565
1786341000,0.70657,0.70678,0.706565,0.706745
1786341300,0.70675,0.706905,0.706725,0.70688
1786341600,0.706875,0.70692,0.70668,0.706715
1786341900,0.706715,0.706915,0.706705,0.70681
1786342200,0.706805,0.70684,0.706565,0.706645
1786342500,0.70665,0.706945,0.70665,0.70678
1786342800,0.706775,0.7069,0.706675,0.706815
1786343100,0.706815,0.70693,0.70675,0.706915
1786343400,0.70691,0.70692,0.706695,0.706715
1786343700,0.70671,0.70678,0.70667,0.70671
1786344000,0.706705,0.706755,0.70659,0.70666
1786344300,0.706655,0.70678,0.70658,0.70665
1786344600,0.70665,0.70665,0.706515,0.70656
1786344900,0.70656,0.706665,0.70646,0.706665
1786345200,0.70667,0.706685,0.70651,0.706535
1786345500,0.706535,0.70671,0.706515,0.70661
1786345800,0.706605,0.70667,0.706455,0.70646
1786346100,0.706455,0.70667,0.70642,0.70664
1786346400,0.70663,0.706805,0.70649,0.706805
1786346700,0.7068,0.706835,0.706535,0.70668
1786347000,0.706685,0.70679,0.70664,0.70671
1786347300,0.70671,0.70712,0.70671,0.70698
1786347600,0.70697,0.707005,0.70679,0.706955
1786347900,0.706945,0.70719,0.70687,0.706915
1786348200,0.70691,0.70703,0.706865,0.706905
1786348500,0.70691,0.70708,0.70691,0.707065
1786348800,0.70706,0.707155,0.70697,0.707075
1786349100,0.70708,0.7073,0.70707,0.70725
1786349400,0.707255,0.707425,0.707215,0.707405
1786349700,0.70741,0.707425,0.707285,0.707305
1786350000,0.707305,0.70739,0.707265,0.707305
1786350300,0.707305,0.70741,0.70728,0.70737
1786350600,0.707375,0.70741,0.707085,0.70712
1786350900,0.707125,0.7072,0.707125,0.70715
1786351200,0.707145,0.707225,0.707005,0.70701
1786351500,0.707005,0.7071,0.70691,0.706925
1786351800,0.70692,0.70713,0.70689,0.70707
1786352100,0.707075,0.70709,0.706955,0.70697
1786352400,0.706975,0.70698,0.706775,0.70678
1786352700,0.70678,0.706875,0.70671,0.706785
1786353000,0.706775,0.707005,0.706755,0.707
1786353300,0.70699,0.707,0.70679,0.70681
1786353600,0.70681,0.707025,0.706805,0.707025
1786353900,0.707025,0.70706,0.706975,0.70702
1786354200,0.707015,0.707025,0.7068,0.706815
1786354500,0.706815,0.706815,0.706575,0.70659
1786354800,0.706585,0.70677,0.706575,0.706755
1786355100,0.706745,0.70675,0.70663,0.706635
1786355400,0.706635,0.706635,0.706525,0.70662
1786355700,0.706625,0.706645,0.70645,0.70646
1786356000,0.70646,0.70646,0.706285,0.706395
1786356300,0.7064,0.706525,0.706345,0.706495
1786356600,0.706495,0.7065,0.706405,0.706405
1786356900,0.706395,0.706465,0.70635,0.70641
1786357200,0.706415,0.70652,0.7063,0.706465
1786357500,0.706465,0.70648,0.70641,0.70644
1786357800,0.70644,0.706515,0.706285,0.7065
1786358100,0.7065,0.70661,0.70645,0.706545
1786358400,0.706545,0.706635,0.7065,0.706625
1786358700,0.706625,0.70678,0.706605,0.70672
1786359000,0.70672,0.70678,0.706685,0.706705
1786359300,0.70671,0.706765,0.706625,0.70668
1786359600,0.706675,0.70679,0.70659,0.70659
1786359900,0.70659,0.70663,0.706455,0.706455
1786360200,0.70646,0.70648,0.706245,0.70636
1786360500,0.706355,0.706415,0.706315,0.70638
1786360800,0.70637,0.706465,0.706305,0.70632
1786361100,0.706315,0.70643,0.706315,0.70636
1786361400,0.706355,0.70641,0.70631,0.7064
1786361700,0.7064,0.70653,0.70638,0.706525
1786362000,0.70652,0.706555,0.706365,0.706365
1786362300,0.706355,0.70641,0.70618,0.70622
1786362600,0.706215,0.70627,0.706145,0.706215
1786362900,0.706225,0.706355,0.70618,0.70633
1786363200,0.706335,0.706335,0.70616,0.70618
1786363500,0.706175,0.706355,0.706075,0.706355
1786363800,0.70636,0.70637,0.706095,0.70612
1786364100,0.70612,0.70612,0.705865,0.7059
1786364400,0.705905,0.706,0.7058,0.70585
1786364700,0.705845,0.705915,0.70575,0.705895
1786365000,0.705905,0.70596,0.705815,0.705815
1786365300,0.705825,0.705885,0.7057,0.705735
1786365600,0.70573,0.705855,0.70567,0.70575
1786365900,0.70575,0.70579,0.70565,0.70566
1786366200,0.705655,0.7057,0.70556,0.70559
1786366500,0.7056,0.70571,0.705585,0.705675
1786366800,0.70568,0.705775,0.705675,0.705705
1786367100,0.705705,0.70577,0.705605,0.705765
1786367400,0.70576,0.70596,0.70574,0.70591
1786367700,0.70591,0.705925,0.705655,0.70567
1786368000,0.705675,0.705825,0.70553,0.705565
1786368300,0.70557,0.705805,0.70556,0.705775
1786368600,0.70577,0.70584,0.70567,0.70572
1786368900,0.705715,0.70582,0.70551,0.705545
1786369200,0.70554,0.70566,0.70551,0.70554
1786369500,0.705545,0.70563,0.705325,0.70544
1786369800,0.705435,0.705565,0.70533,0.705505
1786370100,0.705495,0.70572,0.705455,0.70567
1786370400,0.70568,0.705825,0.70562,0.705755
1786370700,0.705765,0.70602,0.705755,0.70598
1786371000,0.70599,0.706275,0.70599,0.70624
1786371300,0.706245,0.70626,0.70609,0.706205
1786371600,0.7062,0.7063,0.70616,0.70625
1786371900,0.706255,0.706515,0.706245,0.70645
1786372200,0.706455,0.70652,0.706275,0.706355
1786372500,0.706355,0.706465,0.706335,0.70642
1786372800,0.706415,0.706555,0.706365,0.70645
1786373100,0.706445,0.7066,0.70642,0.706535
1786373400,0.706525,0.706525,0.706205,0.706355
1786373700,0.70636,0.7065,0.70623,0.70628
1786374000,0.70627,0.70631,0.706045,0.70615
1786374300,0.70615,0.706375,0.70611,0.706205
1786374600,0.70621,0.706445,0.706155,0.706445
1786374900,0.70644,0.7066,0.706375,0.70656
1786375200,0.706565,0.706655,0.706505,0.70651
1786375500,0.706505,0.706525,0.70627,0.70642
1786375800,0.706425,0.70646,0.706255,0.70627
1786376100,0.706265,0.70634,0.70621,0.70627
1786376400,0.70628,0.70639,0.70626,0.706355
1786376700,0.706365,0.706405,0.70619,0.70623
1786377000,0.70623,0.706395,0.70621,0.706355
1786377300,0.706345,0.706525,0.706315,0.706505
1786377600,0.706515,0.70661,0.706455,0.70651
1786377900,0.706515,0.70654,0.70641,0.70651
1786378200,0.706515,0.706585,0.70645,0.706455
1786378500,0.70645,0.70648,0.706355,0.706405
1786378800,0.706405,0.70644,0.706355,0.706415
1786379100,0.706405,0.706535,0.706375,0.70652
1786379400,0.706515,0.706575,0.70606,0.706355
1786379700,0.70636,0.706505,0.706355,0.7064
1786380000,0.706395,0.706415,0.70605,0.70608
1786380300,0.706085,0.706115,0.705995,0.7061
1786380600,0.7061,0.70619,0.706055,0.70609
1786380900,0.70609,0.70613,0.70606,0.70609
1786381200,0.7061,0.706145,0.705935,0.70597
1786381500,0.705965,0.70597,0.70578,0.70586
1786381800,0.70586,0.705915,0.705835,0.705895
1786382100,0.705895,0.70596,0.705755,0.705785
1786382400,0.705795,0.70582,0.70566,0.705745
1786382700,0.70575,0.705765,0.70565,0.705695
1786383000,0.705695,0.705865,0.705695,0.705805
1786383300,0.705805,0.705825,0.705725,0.705725
1786383600,0.705725,0.70573,0.705615,0.70562
1786383900,0.70562,0.70562,0.705495,0.705575
1786384200,0.70556,0.705605,0.705475,0.705495
1786384500,0.705505,0.705505,0.705445,0.7055
1786384800,0.705505,0.70558,0.70549,0.70553
1786385100,0.705525,0.70559,0.70552,0.705585
1786385400,0.70558,0.705615,0.705545,0.705555
1786385700,0.70555,0.705625,0.705495,0.705495
1786386000,0.705495,0.705565,0.70544,0.70554
1786386300,0.705535,0.705565,0.70551,0.705525
1786386600,0.70552,0.705735,0.705465,0.70568
1786386900,0.705675,0.70573,0.70565,0.70572
1786387200,0.705725,0.705865,0.705725,0.70583
1786387500,0.70583,0.70583,0.7057,0.705715
1786387800,0.70572,0.70572,0.70552,0.70554
1786388100,0.70554,0.705705,0.70551,0.70566
1786388400,0.70567,0.705675,0.705535,0.70557
1786388700,0.705575,0.705645,0.70557,0.705605
1786389000,0.705605,0.705625,0.705565,0.705615
1786389300,0.705615,0.70565,0.705555,0.705615
1786389600,0.70562,0.70572,0.70561,0.70569
1786389900,0.705695,0.705695,0.7056,0.70562
1786390200,0.70563,0.70568,0.705495,0.70551
1786390500,0.70551,0.70567,0.70549,0.705645
1786390800,0.70564,0.705725,0.70564,0.7057
1786391100,0.705695,0.705735,0.705665,0.70572
1786391400,0.705715,0.705735,0.705645,0.705655
1786391700,0.705665,0.705665,0.70541,0.70545
1786392000,0.705455,0.705515,0.705415,0.70551
1786392300,0.70551,0.705545,0.7054,0.705455
1786392600,0.70545,0.705485,0.705445,0.705445
1786392900,0.705445,0.705465,0.705345,0.705355
1786393200,0.70535,0.70536,0.70533,0.70535
1786393500,0.705355,0.705365,0.70534,0.705345
1786393800,0.705345,0.70537,0.705345,0.705355
1786394100,0.705355,0.705385,0.70534,0.705355
1786394400,0.705355,0.70541,0.70535,0.70539
1786394700,0.705385,0.7054,0.705345,0.705375
1786395000,0.70537,0.70538,0.70535,0.70536
1786395300,0.705365,0.705435,0.70536,0.705435
1786395600,0.705435,0.70579,0.705435,0.70579
1786395900,0.70575,0.7058,0.705525,0.705755
1786396200,0.705755,0.7058,0.705605,0.70573
1786396500,0.70573,0.705755,0.705535,0.70567
1786396800,0.70566,0.705775,0.70554,0.70556
1786397100,0.705555,0.70559,0.70538,0.70541
1786397400,0.705405,0.70546,0.705375,0.7054
1786397700,0.7054,0.7055,0.705395,0.705465
1786398000,0.705465,0.70551,0.70545,0.705465
1786398300,0.705465,0.70549,0.705455,0.705485
1786398600,0.705485,0.7055,0.705465,0.705485
1786398900,0.705485,0.705485,0.70531,0.7054
1786399200,0.70537,0.70551,0.705235,0.70546
1786399500,0.70545,0.705495,0.70538,0.70542
1786399800,0.70542,0.705535,0.70541,0.705525
1786400100,0.705525,0.705525,0.705495,0.705495
1786400400,0.705495,0.70551,0.70544,0.70544
1786400700,0.705445,0.70552,0.705445,0.7055
1786401000,0.705495,0.70555,0.70548,0.70554
1786401300,0.70554,0.70557,0.705515,0.70556
1786401600,0.70556,0.705595,0.705555,0.705565
1786401900,0.705565,0.70561,0.70556,0.705595
1786402200,0.705595,0.70563,0.70556,0.7056
1786402500,0.7056,0.70565,0.7056,0.70564
1786402800,0.705645,0.70575,0.705595,0.70561
1786403100,0.70561,0.705645,0.70558,0.70559
1786403400,0.705565,0.705605,0.705545,0.705595
1786403700,0.70559,0.705605,0.70552,0.7056
1786404000,0.7056,0.70565,0.705595,0.70562
1786404300,0.70562,0.705655,0.70558,0.705585
1786404600,0.705575,0.7056,0.70547,0.705495
1786404900,0.705485,0.705555,0.705435,0.70554
1786405200,0.70554,0.70555,0.70547,0.705525
1786405500,0.70553,0.705705,0.70552,0.70568
1786405800,0.70568,0.70568,0.70544,0.705475
1786406100,0.70548,0.705545,0.705335,0.70551
1786406400,0.705515,0.7056,0.70549,0.70559
1786406700,0.705595,0.70561,0.705435,0.70554
1786407000,0.705545,0.705685,0.70553,0.705635
1786407300,0.70564,0.705795,0.70556,0.70564
1786407600,0.70564,0.705675,0.70554,0.70562
1786407900,0.705625,0.70579,0.705625,0.70578
1786408200,0.705775,0.70583,0.705665,0.705715
1786408500,0.705715,0.70579,0.705605,0.705645
1786408800,0.705655,0.705815,0.70564,0.705775
1786409100,0.70578,0.70582,0.705625,0.70564
1786409400,0.705635,0.70574,0.70559,0.705605
1786409700,0.7056,0.70566,0.70554,0.70555
1786410000,0.705555,0.70556,0.705135,0.705135
1786410300,0.70513,0.70558,0.705125,0.70557
1786410600,0.70557,0.70588,0.70556,0.70587
1786410900,0.705865,0.70603,0.70579,0.705835
1786411200,0.70583,0.70604,0.705795,0.705945
1786411500,0.70595,0.70611,0.705905,0.70608
1786411800,0.70609,0.706245,0.70604,0.70617
1786412100,0.70617,0.706225,0.70604,0.706045
1786412400,0.70605,0.7061,0.70585,0.70586
1786412700,0.705865,0.706115,0.70584,0.706105
1786413000,0.706105,0.706105,0.7059,0.70601
1786413300,0.706015,0.70602,0.705835,0.70584
1786413600,0.705835,0.705905,0.705735,0.705905
1786413900,0.7059,0.705995,0.70578,0.705805
1786414200,0.705815,0.705995,0.70575,0.705945
1786414500,0.70594,0.705985,0.705775,0.70581
1786414800,0.705805,0.705805,0.7055,0.705535
1786415100,0.70553,0.705735,0.705525,0.705585
1786415400,0.70559,0.70571,0.70555,0.7057
1786415700,0.705705,0.705705,0.705545,0.705605
1786416000,0.705605,0.70572,0.70557,0.705665
1786416300,0.705665,0.70567,0.70542,0.705515
1786416600,0.70551,0.705515,0.705375,0.705445
1786416900,0.70545,0.70546,0.70531,0.705355
1786417200,0.70536,0.70552,0.70536,0.705495
1786417500,0.705495,0.705595,0.705485,0.705545
1786417800,0.705545,0.70565,0.7055,0.70557
1786418100,0.70557,0.705735,0.705535,0.705725
1786418400,0.705715,0.70575,0.70559,0.70567
1786418700,0.705665,0.70595,0.705655,0.70589
1786419000,0.70589,0.70593,0.705835,0.705855
1786419300,0.70585,0.70591,0.70584,0.705855
1786419600,0.705855,0.70591,0.705795,0.7058
1786419900,0.7058,0.705815,0.705685,0.705795
1786420200,0.7058,0.7058,0.705685,0.70575
1786420500,0.705745,0.70584,0.70571,0.705755
1786420800,0.70575,0.70584,0.7057,0.705835
1786421100,0.70584,0.705885,0.70572,0.70574
1786421400,0.70574,0.70591,0.705705,0.705895
1786421700,0.705905,0.70602,0.705895,0.705945
1786422000,0.705935,0.70597,0.70588,0.705955
1786422300,0.705955,0.70615,0.705925,0.70613
1786422600,0.706125,0.70613,0.703925,0.7051
1786422900,0.70508,0.705475,0.704925,0.70495
1786423200,0.704965,0.705055,0.70446,0.704545
1786423500,0.70455,0.70466,0.70424,0.70425
1786423800,0.704245,0.704705,0.704165,0.704675
1786424100,0.70468,0.70503,0.70468,0.70501
1786424400,0.705015,0.705035,0.704785,0.704835
1786424700,0.704835,0.704965,0.704735,0.70495
1786425000,0.70495,0.70497,0.704415,0.7045
1786425300,0.70449,0.7045,0.704395,0.704405
1786425600,0.704405,0.704545,0.7043,0.704495
1786425900,0.70449,0.704505,0.70418,0.70433
1786426200,0.704315,0.70461,0.70418,0.70452
1786426500,0.70453,0.705025,0.704345,0.704915
1786426800,0.70491,0.70515,0.70488,0.705
1786427100,0.705,0.70526,0.70492,0.70524
1786427400,0.705245,0.70566,0.705075,0.70556
1786427700,0.705555,0.70571,0.70547,0.70551
1786428000,0.705505,0.70587,0.70548,0.70569
1786428300,0.7057,0.70586,0.70559,0.7056
1786428600,0.7056,0.70575,0.7055,0.70556
1786428900,0.705565,0.70565,0.70541,0.70546
1786429200,0.705445,0.705455,0.70515,0.70516
1786429500,0.705165,0.70541,0.70513,0.70528
1786429800,0.705275,0.70532,0.705005,0.70515
1786430100,0.705145,0.705485,0.70507,0.705405
1786430400,0.705405,0.70543,0.70519,0.70523
1786430700,0.705235,0.705275,0.70514,0.705245
1786431000,0.705255,0.705405,0.705035,0.7051
1786431300,0.705105,0.70525,0.70508,0.70525
1786431600,0.705255,0.70541,0.70518,0.70536
1786431900,0.705345,0.70537,0.705165,0.705195
1786432200,0.70519,0.70558,0.705185,0.705505
1786432500,0.7055,0.70551,0.705235,0.705305
1786432800,0.705305,0.705365,0.70518,0.705305
1786433100,0.7053,0.70547,0.705295,0.70546
1786433400,0.705465,0.705525,0.70536,0.705405
1786433700,0.7054,0.70554,0.70525,0.70525
1786434000,0.70525,0.705255,0.7049,0.70493
1786434300,0.704935,0.70499,0.70476,0.70485
1786434600,0.704855,0.70489,0.704775,0.70481
1786434900,0.7048,0.70485,0.70469,0.70474
1786435200,0.704735,0.704965,0.704695,0.70494
1786435500,0.704935,0.705015,0.704845,0.704995
1786435800,0.705,0.70502,0.704835,0.704945
1786436100,0.70494,0.70515,0.70494,0.70504
1786436400,0.705045,0.705245,0.70502,0.705235
1786436700,0.70523,0.705295,0.705145,0.705195
1786437000,0.70519,0.705245,0.70502,0.7052
1786437300,0.705205,0.705305,0.705155,0.705295
1786437600,0.705295,0.70542,0.705285,0.705295
1786437900,0.70529,0.705355,0.705205,0.70535
1786438200,0.705345,0.705455,0.70518,0.705205
1786438500,0.70521,0.70533,0.705165,0.70523
1786438800,0.705235,0.70529,0.70514,0.705285
1786439100,0.705285,0.705295,0.70512,0.705125
1786439400,0.70513,0.70523,0.705085,0.7051
1786439700,0.705095,0.705255,0.70509,0.70525
1786440000,0.705245,0.705345,0.705215,0.705275
1786440300,0.705275,0.705285,0.705085,0.705155
1786440600,0.70515,0.70533,0.705145,0.705295
1786440900,0.705295,0.70538,0.70525,0.705345
1786441200,0.705345,0.705405,0.7053,0.7053
1786441500,0.7053,0.705555,0.705295,0.705515
1786441800,0.70551,0.705525,0.70545,0.705515
1786442100,0.70552,0.705695,0.70551,0.705685
1786442400,0.705685,0.7057,0.70553,0.705655
1786442700,0.70566,0.70581,0.70562,0.70574
1786443000,0.705745,0.7059,0.70574,0.70579
1786443300,0.70579,0.705815,0.70565,0.70565
1786443600,0.70565,0.70602,0.705645,0.705795
1786443900,0.70579,0.70613,0.705775,0.706
1786444200,0.706,0.706055,0.70584,0.705925
1786444500,0.705925,0.70605,0.705915,0.706015
1786444800,0.706015,0.706085,0.70597,0.706035
1786445100,0.70604,0.70609,0.70598,0.706055
1786445400,0.70606,0.70611,0.705995,0.70603
1786445700,0.70603,0.706135,0.70602,0.70613
1786446000,0.706125,0.70688,0.705995,0.706605
1786446300,0.70661,0.70673,0.70632,0.70639
1786446600,0.706395,0.706615,0.70639,0.706495
1786446900,0.7065,0.706585,0.706275,0.70634
1786447200,0.706345,0.70643,0.706255,0.70639
1786447500,0.7064,0.7065,0.70635,0.70639
1786447800,0.7064,0.706415,0.706235,0.70634
1786448100,0.706345,0.70636,0.706215,0.70625
1786448400,0.70626,0.70629,0.70611,0.706125
1786448700,0.706135,0.70616,0.70598,0.70599
1786449000,0.705995,0.7062,0.705995,0.70614
1786449300,0.706135,0.706165,0.70603,0.706095
1786449600,0.70609,0.70616,0.705995,0.706105
1786449900,0.706105,0.70645,0.70609,0.706415
1786450200,0.70642,0.70652,0.706195,0.70623
1786450500,0.70623,0.706275,0.70615,0.70625
1786450800,0.706245,0.70642,0.705945,0.70605
1786451100,0.706055,0.70636,0.706055,0.70633
1786451400,0.70634,0.70669,0.70629,0.70655
1786451700,0.706555,0.706555,0.7063,0.706325
1786452000,0.70633,0.706555,0.706265,0.706555
1786452300,0.706555,0.7066,0.706485,0.706545
1786452600,0.706535,0.70655,0.70639,0.706445
1786452900,0.706445,0.706545,0.706375,0.706385
1786453200,0.70639,0.706685,0.70639,0.70654
1786453500,0.706545,0.706645,0.70651,0.70664
1786453800,0.70664,0.70672,0.706495,0.706515
1786454100,0.706515,0.706605,0.706405,0.706455
1786454400,0.70646,0.70665,0.706455,0.70664
1786454700,0.70665,0.70668,0.70657,0.706585
1786455000,0.70659,0.7066,0.70643,0.706505
1786455300,0.70651,0.70672,0.70641,0.706705
1786455600,0.70671,0.70685,0.706655,0.70681
1786455900,0.706815,0.706945,0.70664,0.70666
1786456200,0.706675,0.706865,0.70663,0.706645
1786456500,0.706655,0.70685,0.7066,0.70677
1786456800,0.706765,0.706815,0.706515,0.70663
1786457100,0.70664,0.70671,0.70654,0.70655
1786457400,0.70655,0.70664,0.706495,0.706635
1786457700,0.706635,0.70685,0.70661,0.70685
1786458000,0.706845,0.70691,0.706705,0.7068
1786458300,0.706805,0.70685,0.70666,0.70676
1786458600,0.706765,0.706905,0.706655,0.7069
1786458900,0.7069,0.706935,0.70679,0.706795
1786459200,0.70679,0.70686,0.706715,0.70681
1786459500,0.70681,0.70686,0.706685,0.706705
1786459800,0.706695,0.70685,0.706635,0.706825
1786460100,0.706815,0.706875,0.70633,0.70637
1786460400,0.706375,0.706465,0.70627,0.70632
1786460700,0.706325,0.70634,0.70593,0.70599
1786461000,0.705985,0.706075,0.70579,0.7058
1786461300,0.7058,0.705885,0.70574,0.70584
1786461600,0.705845,0.706135,0.705795,0.706
1786461900,0.706005,0.70604,0.70594,0.705985
1786462200,0.705995,0.706055,0.705695,0.70578
1786462500,0.705785,0.705945,0.705735,0.705765
1786462800,0.70577,0.7058,0.70564,0.705745
1786463100,0.70574,0.70592,0.705705,0.70588
1786463400,0.705875,0.70592,0.705795,0.705915
1786463700,0.70592,0.706115,0.705915,0.706115
1786464000,0.70612,0.70616,0.70602,0.706035
1786464300,0.70604,0.70613,0.70601,0.706125
1786464600,0.70613,0.70618,0.706035,0.706085
1786464900,0.706085,0.70613,0.706025,0.70605
1786465200,0.70605,0.70619,0.706035,0.70616
1786465500,0.706155,0.706245,0.70609,0.70617
1786465800,0.706175,0.706175,0.706085,0.706105
1786466100,0.706105,0.706225,0.7061,0.70618
1786466400,0.706175,0.70627,0.706145,0.70617
1786466700,0.706165,0.706195,0.70611,0.70611
1786467000,0.70611,0.706165,0.706075,0.7061
1786467300,0.706105,0.7062,0.7061,0.706155
1786467600,0.706165,0.706255,0.706155,0.70616
1786467900,0.70616,0.70616,0.70595,0.70597
1786468200,0.70596,0.705965,0.70585,0.705855
1786468500,0.70585,0.70594,0.70576,0.705905
1786468800,0.705905,0.705955,0.705845,0.70586
1786469100,0.70586,0.705875,0.70575,0.705835
1786469400,0.705835,0.70587,0.70574,0.705755
1786469700,0.70576,0.70589,0.70575,0.70587
1786470000,0.705875,0.705975,0.705855,0.70592
1786470300,0.705915,0.70608,0.7059,0.706005
1786470600,0.706005,0.706035,0.70591,0.70593
1786470900,0.70593,0.705955,0.705885,0.7059
1786471200,0.7059,0.705945,0.70581,0.705845
1786471500,0.70585,0.705855,0.705725,0.70574
1786471800,0.70574,0.705795,0.705735,0.705785
1786472100,0.705785,0.70579,0.705675,0.705705
1786472400,0.7057,0.705705,0.70553,0.705555
1786472700,0.70555,0.70558,0.70542,0.70543
1786473000,0.70544,0.705625,0.705385,0.70559
1786473300,0.70559,0.70577,0.70553,0.70573
1786473600,0.705725,0.70573,0.70556,0.705655
1786473900,0.705655,0.705805,0.705645,0.705755
1786474200,0.70576,0.705805,0.705735,0.705745
1786474500,0.705755,0.7059,0.705755,0.70586
1786474800,0.705865,0.70596,0.705795,0.705805
1786475100,0.705805,0.705935,0.7058,0.7059
1786475400,0.705895,0.706035,0.705885,0.705995
1786475700,0.705995,0.706,0.70588,0.705925
1786476000,0.705925,0.706,0.705885,0.706
1786476300,0.706005,0.70608,0.70598,0.70606
1786476600,0.706065,0.70618,0.70601,0.70617
1786476900,0.70617,0.706185,0.706045,0.706185
1786477200,0.706185,0.706185,0.70609,0.7061
1786477500,0.7061,0.70613,0.70606,0.7061
1786477800,0.7061,0.70614,0.70607,0.706115
1786478100,0.70611,0.70613,0.70602,0.7061
1786478400,0.706105,0.706155,0.706075,0.70613
1786478700,0.706135,0.70624,0.706135,0.706225
1786479000,0.70622,0.706245,0.70615,0.70615
1786479300,0.70615,0.706165,0.70612,0.706165
1786479600,0.706165,0.706185,0.70616,0.706175
1786479900,0.706175,0.706175,0.706115,0.706125
1786480200,0.706125,0.70617,0.70611,0.706145
1786480500,0.706145,0.70615,0.706085,0.70613
1786480800,0.706125,0.706125,0.70603,0.70606
1786481100,0.70607,0.70615,0.70607,0.70614
1786481400,0.706145,0.706175,0.70611,0.706145
1786481700,0.70614,0.70622,0.70614,0.7062
1786482000,0.7062,0.70626,0.7062,0.70622
1786482300,0.70622,0.70622,0.705965,0.70605
1786482600,0.70605,0.70614,0.705735,0.705855
1786482900,0.705855,0.706065,0.705855,0.705955
1786483200,0.705955,0.706165,0.70583,0.706035
1786483500,0.705985,0.706155,0.705985,0.706155
1786483800,0.706145,0.70618,0.706085,0.70613
1786484100,0.70613,0.70613,0.706065,0.7061
1786484400,0.7061,0.70623,0.705865,0.705955
1786484700,0.70597,0.705995,0.705915,0.70594
1786485000,0.70594,0.70602,0.70592,0.705985
1786485300,0.70596,0.706,0.705875,0.70594
1786485600,0.70598,0.70624,0.705975,0.706095
1786485900,0.70609,0.706195,0.70609,0.70613
1786486200,0.70613,0.706205,0.70612,0.706195
1786486500,0.706195,0.70624,0.70619,0.70623
1786486800,0.706235,0.706295,0.706225,0.70628
1786487100,0.70628,0.706305,0.706245,0.706295
1786487400,0.7063,0.706355,0.70628,0.7063
1786487700,0.706305,0.706405,0.706285,0.70629
1786488000,0.706295,0.706355,0.70629,0.70631
1786488300,0.70631,0.706375,0.7063,0.70635
1786488600,0.706355,0.706405,0.706345,0.7064
1786488900,0.7064,0.70642,0.70638,0.706405
1786489200,0.70641,0.706425,0.7063,0.70634
1786489500,0.70634,0.70645,0.70633,0.7064
1786489800,0.7064,0.706455,0.706395,0.706435
1786490100,0.70643,0.706455,0.706425,0.70643
1786490400,0.70643,0.70647,0.7064,0.70643
1786490700,0.706435,0.706455,0.70638,0.706385
1786491000,0.706385,0.706415,0.70636,0.706415
1786491300,0.706415,0.706435,0.70638,0.706385
1786491600,0.706385,0.706405,0.70635,0.70639
1786491900,0.70639,0.706445,0.706345,0.706425
1786492200,0.706425,0.706455,0.70636,0.7064
1786492500,0.706395,0.7064,0.706295,0.70639
1786492800,0.706395,0.7066,0.70631,0.706525
1786493100,0.706515,0.706555,0.70642,0.70652
1786493400,0.70651,0.70659,0.706475,0.70654
1786493700,0.70653,0.706645,0.70646,0.70664
1786494000,0.70664,0.70678,0.70658,0.706735
1786494300,0.706735,0.706825,0.70669,0.706705
1786494600,0.7067,0.70684,0.706635,0.70679
1786494900,0.706785,0.70679,0.70671,0.70678
1786495200,0.70679,0.70688,0.706665,0.706675
1786495500,0.706675,0.70668,0.70653,0.70656
1786495800,0.70655,0.706575,0.706315,0.7064
1786496100,0.706395,0.70653,0.70634,0.70646
1786496400,0.706465,0.70648,0.7062,0.70635
1786496700,0.706345,0.70639,0.70627,0.70633
1786497000,0.70633,0.70633,0.70623,0.7063
1786497300,0.70631,0.70636,0.706205,0.70635
1786497600,0.70635,0.706415,0.70618,0.70622
1786497900,0.7062,0.70626,0.706075,0.706155
1786498200,0.706155,0.70625,0.706155,0.706195
1786498500,0.70619,0.70625,0.706105,0.706245
1786498800,0.706235,0.70624,0.70612,0.706235
1786499100,0.706235,0.706245,0.70604,0.706085
1786499400,0.70609,0.70613,0.705885,0.705885
1786499700,0.705885,0.70589,0.70572,0.70588
1786500000,0.705885,0.705885,0.70558,0.705635
1786500300,0.705635,0.705645,0.705535,0.705625
1786500600,0.705625,0.705725,0.70559,0.705635
1786500900,0.70563,0.70564,0.70545,0.705505
1786501200,0.705505,0.70574,0.705495,0.705595
1786501500,0.705595,0.70571,0.70559,0.705705
1786501800,0.70571,0.70584,0.70569,0.705705
1786502100,0.705705,0.70581,0.705645,0.70577
1786502400,0.70577,0.705925,0.70575,0.705895
1786502700,0.705895,0.70594,0.705785,0.7058
1786503000,0.7058,0.70594,0.7058,0.705835
1786503300,0.705835,0.705855,0.7057,0.705815
1786503600,0.70582,0.705915,0.70577,0.705785
1786503900,0.70578,0.705835,0.705725,0.70579
1786504200,0.70579,0.70592,0.70579,0.705895
1786504500,0.705895,0.7059,0.705755,0.7058
1786504800,0.7058,0.705845,0.705775,0.70583
1786505100,0.705825,0.70589,0.70578,0.70581
1786505400,0.705805,0.7059,0.70579,0.70586
1786505700,0.70586,0.705925,0.705745,0.705845
1786506000,0.70584,0.705845,0.70566,0.70566
1786506300,0.70566,0.705735,0.70563,0.70573
1786506600,0.70573,0.70574,0.705595,0.705605
1786506900,0.7056,0.70569,0.705525,0.705685
1786507200,0.705685,0.705735,0.70563,0.705735
1786507500,0.705735,0.705745,0.705675,0.705685
1786507800,0.705685,0.7057,0.705635,0.705655
1786508100,0.705655,0.705665,0.705525,0.705555
1786508400,0.705555,0.70569,0.70555,0.705645
1786508700,0.705645,0.705685,0.70559,0.70562
1786509000,0.70563,0.705675,0.70556,0.705665
1786509300,0.705665,0.705715,0.70563,0.70564
1786509600,0.70564,0.705675,0.70554,0.705615
1786509900,0.70561,0.70566,0.70557,0.705655
1786510200,0.705655,0.70569,0.70556,0.705605
1786510500,0.705605,0.705655,0.705585,0.705635
1786510800,0.705635,0.705635,0.70554,0.705545
1786511100,0.705545,0.705555,0.705495,0.70555
1786511400,0.70555,0.70557,0.70549,0.70549
1786511700,0.705485,0.70555,0.705475,0.70554
1786512000,0.70554,0.70555,0.70542,0.70543
1786512300,0.70543,0.705535,0.705425,0.70552
1786512600,0.705525,0.705725,0.705495,0.70559
1786512900,0.70559,0.70574,0.705585,0.705725
1786513200,0.70573,0.70576,0.70567,0.7057
1786513500,0.7057,0.7057,0.70563,0.70567
1786513800,0.70567,0.70586,0.705665,0.705855
1786514100,0.70586,0.706005,0.70586,0.705995
1786514400,0.70599,0.706115,0.705895,0.706
1786514700,0.706,0.70602,0.705865,0.705885
1786515000,0.70589,0.70592,0.70583,0.70588
1786515300,0.705875,0.705895,0.705795,0.705865
1786515600,0.705865,0.70589,0.70574,0.70579
1786515900,0.7058,0.70584,0.70565,0.70572
1786516200,0.705715,0.70585,0.705595,0.705775
1786516500,0.705775,0.70586,0.70571,0.70578
1786516800,0.70577,0.70592,0.70574,0.705765
1786517100,0.705765,0.705805,0.705685,0.70579
1786517400,0.70579,0.70586,0.70573,0.705745
1786517700,0.70575,0.706005,0.70575,0.706
1786518000,0.70599,0.706175,0.705975,0.706015
1786518300,0.70602,0.706105,0.705955,0.70608
1786518600,0.706085,0.70621,0.706035,0.70618
1786518900,0.706175,0.70625,0.70614,0.706145
1786519200,0.70615,0.70616,0.70595,0.70603
1786519500,0.70603,0.706095,0.70594,0.706045
1786519800,0.706045,0.70606,0.70579,0.70579
1786520100,0.705795,0.70584,0.70565,0.7058
1786520400,0.705805,0.705915,0.70571,0.70584
1786520700,0.70584,0.70585,0.705775,0.705825
1786521000,0.705825,0.70587,0.7058,0.705845
1786521300,0.705845,0.705845,0.70568,0.70577
1786521600,0.705765,0.70583,0.705645,0.705745
1786521900,0.705745,0.70581,0.705625,0.705705
1786522200,0.70571,0.705835,0.7057,0.70579
1786522500,0.705785,0.70583,0.705725,0.705825
1786522800,0.70583,0.70595,0.705815,0.70587
1786523100,0.705865,0.705965,0.70575,0.705875
1786523400,0.70587,0.70587,0.705765,0.705775
1786523700,0.70577,0.705845,0.70575,0.705795
1786524000,0.705795,0.705845,0.705745,0.70582
1786524300,0.70582,0.705995,0.705805,0.70599
1786524600,0.70599,0.70603,0.70593,0.70597
1786524900,0.70597,0.706025,0.70594,0.70597
1786525200,0.705975,0.70629,0.705975,0.706255
1786525500,0.70625,0.70625,0.706115,0.706145
1786525800,0.70614,0.706355,0.706105,0.70635
1786526100,0.70635,0.706575,0.70633,0.70654
1786526400,0.70654,0.707185,0.706475,0.70702
1786526700,0.707025,0.70704,0.706465,0.706525
1786527000,0.706535,0.706745,0.70648,0.706735
1786527300,0.70673,0.706735,0.706435,0.7065
1786527600,0.706495,0.70663,0.706485,0.706515
1786527900,0.70651,0.70661,0.706485,0.70652
1786528200,0.706525,0.70677,0.706295,0.706445
1786528500,0.706445,0.706495,0.706355,0.70646
1786528800,0.706465,0.706605,0.706395,0.706585
1786529100,0.70659,0.70675,0.706585,0.706725
1786529400,0.706725,0.70687,0.7067,0.70677
1786529700,0.70677,0.70694,0.7067,0.70682
1786530000,0.706815,0.70684,0.706745,0.70679
1786530300,0.706795,0.70686,0.706765,0.70677
1786530600,0.706775,0.706795,0.706605,0.706775
1786530900,0.70677,0.706795,0.70668,0.70675
1786531200,0.706745,0.706785,0.706645,0.706675
1786531500,0.706675,0.70672,0.70624,0.70645
1786531800,0.70646,0.706545,0.706255,0.70654
1786532100,0.706545,0.7066,0.706485,0.706535
1786532400,0.70653,0.706625,0.706515,0.70654
1786532700,0.70654,0.70668,0.70649,0.70649
1786533000,0.70649,0.70656,0.706405,0.70641
1786533300,0.70641,0.70652,0.706385,0.70646
1786533600,0.706465,0.70667,0.706455,0.70666
1786533900,0.70666,0.706845,0.706635,0.70679
1786534200,0.7068,0.7069,0.706735,0.706745
1786534500,0.70674,0.706905,0.70674,0.706875
1786534800,0.706875,0.706985,0.70687,0.706955
1786535100,0.70696,0.707055,0.70696,0.707055
1786535400,0.707055,0.70707,0.706965,0.70705
1786535700,0.707055,0.70716,0.707045,0.70706
1786536000,0.707065,0.707095,0.70694,0.707085
1786536300,0.70708,0.707165,0.70703,0.7071
1786536600,0.7071,0.707155,0.70702,0.7071
1786536900,0.707095,0.707205,0.70698,0.70699
1786537200,0.706995,0.70717,0.70699,0.70715
1786537500,0.707155,0.70767,0.70706,0.70766
1786537800,0.707655,0.70836,0.70602,0.708095
1786538100,0.70809,0.70863,0.70777,0.708605
1786538400,0.7086,0.708905,0.70827,0.70872
1786538700,0.708715,0.708735,0.7081,0.708315
1786539000,0.70832,0.70853,0.7081,0.70849
1786539300,0.708485,0.708835,0.708335,0.708785
1786539600,0.70879,0.70891,0.70858,0.708705
1786539900,0.7087,0.70913,0.7087,0.70893
1786540200,0.708925,0.70895,0.708235,0.70826
1786540500,0.70827,0.70853,0.70812,0.708255
1786540800,0.708265,0.708365,0.707975,0.708135
1786541100,0.70813,0.708365,0.70808,0.708365
1786541400,0.70836,0.70874,0.70833,0.70854
1786541700,0.70853,0.70861,0.70802,0.70808
1786542000,0.708075,0.708315,0.70797,0.708175
1786542300,0.70817,0.70852,0.708045,0.70841
1786542600,0.708415,0.708725,0.70838,0.70854
1786542900,0.708535,0.708535,0.7083,0.70845
1786543200,0.708455,0.708625,0.70839,0.708595
1786543500,0.70859,0.70867,0.708355,0.70843
1786543800,0.708425,0.708525,0.70832,0.708415
1786544100,0.70842,0.708695,0.708355,0.70857
1786544400,0.708565,0.708715,0.708405,0.70846
1786544700,0.708455,0.708535,0.708215,0.70826
1786545000,0.708255,0.708455,0.70752,0.707975
1786545300,0.70798,0.708075,0.70785,0.70792
1786545600,0.70791,0.70803,0.70758,0.707645
1786545900,0.707645,0.707845,0.70741,0.70748
1786546200,0.707475,0.70754,0.707025,0.707095
1786546500,0.7071,0.70729,0.706995,0.707255
1786546800,0.70725,0.70725,0.70678,0.706915
1786547100,0.706915,0.70726,0.706875,0.707225
1786547400,0.70723,0.707495,0.707085,0.70746
1786547700,0.70746,0.707605,0.707365,0.707435
1786548000,0.707445,0.707535,0.707345,0.70752
1786548300,0.707515,0.70755,0.70723,0.70726
1786548600,0.707255,0.707325,0.707085,0.707145
1786548900,0.70715,0.7072,0.70703,0.70704
1786549200,0.70703,0.70703,0.706705,0.70677
1786549500,0.706785,0.706805,0.706655,0.706745
1786549800,0.70674,0.706885,0.706665,0.706885
1786550100,0.70688,0.70699,0.706865,0.706935
1786550400,0.706945,0.70713,0.706795,0.706885
1786550700,0.706875,0.706875,0.70663,0.706705
1786551000,0.706705,0.70685,0.706665,0.7068
1786551300,0.706805,0.70681,0.706645,0.70669
1786551600,0.7067,0.7067,0.70659,0.70663
1786551900,0.706635,0.706705,0.706555,0.706555
1786552200,0.706555,0.706585,0.70636,0.706385
1786552500,0.70637,0.70648,0.706345,0.70642
1786552800,0.70642,0.70656,0.706405,0.706505
1786553100,0.70651,0.706535,0.70614,0.70618
1786553400,0.706185,0.70634,0.70614,0.70634
1786553700,0.706335,0.706365,0.706185,0.70633
1786554000,0.706335,0.70654,0.706305,0.70638
1786554300,0.70638,0.706555,0.706345,0.706455
1786554600,0.706465,0.706545,0.70638,0.706395
1786554900,0.706385,0.706405,0.706285,0.706305
1786555200,0.706305,0.706445,0.706285,0.706295
1786555500,0.706295,0.70637,0.70629,0.70635
1786555800,0.706345,0.70643,0.70631,0.706345
1786556100,0.70634,0.706345,0.706195,0.70624
1786556400,0.706235,0.706295,0.70613,0.70614
1786556700,0.70614,0.7063,0.70614,0.706245
1786557000,0.706245,0.706245,0.706135,0.706155
1786557300,0.706155,0.706195,0.706125,0.70616
1786557600,0.706155,0.70623,0.706095,0.70622
1786557900,0.706215,0.70627,0.706175,0.70626
1786558200,0.70626,0.706415,0.70626,0.70635
1786558500,0.70635,0.70635,0.70629,0.706315
1786558800,0.706315,0.70638,0.70631,0.70636
1786559100,0.70636,0.70647,0.70635,0.706355
1786559400,0.70635,0.706405,0.70626,0.706395
1786559700,0.7064,0.70643,0.70635,0.70635
1786560000,0.706345,0.70635,0.706285,0.7063
1786560300,0.70631,0.7064,0.70627,0.706385
1786560600,0.70639,0.70639,0.70629,0.7063
1786560900,0.7063,0.706305,0.70608,0.706145
1786561200,0.706145,0.70628,0.706095,0.70615
1786561500,0.70615,0.70622,0.70615,0.7062
1786561800,0.7062,0.706285,0.706185,0.70625
1786562100,0.70626,0.706265,0.706185,0.70625
1786562400,0.70625,0.706345,0.706245,0.706255
1786562700,0.706255,0.7063,0.706195,0.706255
1786563000,0.706245,0.70627,0.70618,0.706195
1786563300,0.706195,0.706195,0.706095,0.70611
1786563600,0.70612,0.706155,0.70608,0.70612
1786563900,0.70612,0.70615,0.706045,0.70611
1786564200,0.706105,0.706105,0.706035,0.70604
1786564500,0.706045,0.706355,0.706005,0.70635
1786564800,0.706355,0.706375,0.70621,0.70622
1786565100,0.706225,0.70635,0.706225,0.70624
1786565400,0.706245,0.706245,0.70614,0.70614
1786565700,0.70614,0.70616,0.70609,0.70611
1786566000,0.70611,0.70615,0.70608,0.70615
1786566300,0.70615,0.706165,0.70612,0.70614
1786566600,0.706145,0.706155,0.70612,0.706145
1786566900,0.706135,0.706235,0.706135,0.70619
1786567200,0.706185,0.70623,0.706165,0.706215
1786567500,0.70622,0.70635,0.706195,0.706335
1786567800,0.70634,0.70636,0.70628,0.70629
1786568100,0.706295,0.706325,0.70624,0.706275
1786568400,0.706275,0.706275,0.7059,0.706025
1786568700,0.706065,0.706135,0.706065,0.70611
1786569000,0.70611,0.706265,0.7061,0.70623
1786569300,0.70623,0.706275,0.706095,0.706125
1786569600,0.706125,0.706275,0.706125,0.70623
1786569900,0.70623,0.70623,0.70593,0.705955
1786570200,0.70592,0.705955,0.7059,0.70591
1786570500,0.70591,0.70604,0.70591,0.70595
1786570800,0.70595,0.70602,0.705935,0.70598
1786571100,0.706005,0.706135,0.70595,0.706075
1786571400,0.706075,0.706165,0.70602,0.706075
1786571700,0.706075,0.706135,0.70585,0.706025
1786572000,0.70608,0.70615,0.706025,0.70608
1786572300,0.70608,0.706085,0.70599,0.706065
1786572600,0.706065,0.706115,0.70605,0.706115
1786572900,0.70611,0.70613,0.70607,0.70608
1786573200,0.70607,0.70614,0.70607,0.706135
1786573500,0.706135,0.706205,0.706125,0.706175
1786573800,0.70618,0.70621,0.706115,0.706185
1786574100,0.706185,0.706245,0.70617,0.706215
1786574400,0.706215,0.706265,0.70618,0.706185
1786574700,0.706185,0.70621,0.70616,0.70618
1786575000,0.70618,0.706285,0.706175,0.706265
1786575300,0.706265,0.706285,0.706255,0.706275
1786575600,0.706275,0.706325,0.70626,0.70631
1786575900,0.70631,0.70634,0.70627,0.706315
1786576200,0.706315,0.706315,0.70626,0.70628
1786576500,0.70628,0.706335,0.70628,0.7063
1786576800,0.7063,0.70632,0.706295,0.706315
1786577100,0.706315,0.706345,0.70631,0.70631
1786577400,0.706315,0.70636,0.7063,0.706325
1786577700,0.706325,0.706355,0.7063,0.70635
1786578000,0.70635,0.70637,0.706305,0.706365
1786578300,0.706365,0.706375,0.7063,0.706305
1786578600,0.7063,0.70637,0.706255,0.70632
1786578900,0.706315,0.706385,0.706255,0.70637
1786579200,0.70638,0.706625,0.706255,0.70656
1786579500,0.706555,0.706685,0.706545,0.70661
1786579800,0.706615,0.70663,0.7065,0.7065
1786580100,0.7065,0.70666,0.706495,0.70662
1786580400,0.70662,0.70663,0.706495,0.706535
1786580700,0.706535,0.706545,0.7063,0.70635
1786581000,0.70635,0.706455,0.706255,0.706365
1786581300,0.70636,0.70646,0.706315,0.70632
1786581600,0.706315,0.70642,0.706315,0.70636
1786581900,0.706365,0.706365,0.706155,0.706195
1786582200,0.7062,0.70629,0.7061,0.70616
1786582500,0.706165,0.706195,0.705945,0.70614
1786582800,0.706135,0.70621,0.706,0.70604
1786583100,0.706035,0.706105,0.70595,0.70609
1786583400,0.706085,0.70617,0.705995,0.706035
1786583700,0.70603,0.706105,0.705865,0.705895
1786584000,0.705895,0.706,0.7058,0.705945
1786584300,0.70595,0.70597,0.705755,0.705865
1786584600,0.705865,0.70617,0.70585,0.706115
1786584900,0.70612,0.706155,0.70595,0.70599
1786585200,0.705985,0.70599,0.70586,0.705875
1786585500,0.70587,0.70594,0.70562,0.705705
1786585800,0.705695,0.70572,0.705585,0.70565
1786586100,0.70566,0.70578,0.705635,0.70565
1786586400,0.705645,0.70567,0.70554,0.70555
1786586700,0.705555,0.70566,0.70553,0.705595
1786587000,0.705595,0.705605,0.70534,0.70537
1786587300,0.705375,0.70551,0.705325,0.705405
1786587600,0.705405,0.70551,0.705385,0.705395
1786587900,0.7054,0.705415,0.705335,0.70535
1786588200,0.705345,0.70542,0.70512,0.70521
1786588500,0.705215,0.705255,0.70505,0.705185
1786588800,0.705185,0.70528,0.7051,0.70527
1786589100,0.705275,0.705355,0.7052,0.70535
1786589400,0.70535,0.70537,0.705245,0.705285
1786589700,0.705285,0.70534,0.70525,0.70527
1786590000,0.705275,0.70531,0.705055,0.705195
1786590300,0.7052,0.70535,0.705135,0.705135
1786590600,0.705145,0.70517,0.70471,0.70487
1786590900,0.70486,0.70494,0.70475,0.704815
1786591200,0.704815,0.704885,0.704695,0.70484
1786591500,0.704845,0.70493,0.70479,0.704845
1786591800,0.70485,0.704985,0.704845,0.704925
1786592100,0.704935,0.70501,0.70492,0.704995
1786592400,0.704995,0.704995,0.704895,0.704915
1786592700,0.704915,0.70502,0.704885,0.70496
1786593000,0.704955,0.70504,0.7049,0.7049
1786593300,0.7049,0.70491,0.70479,0.70481
1786593600,0.7048,0.70484,0.70475,0.7048
1786593900,0.7048,0.70491,0.70479,0.70481
1786594200,0.70482,0.70482,0.70466,0.704685
1786594500,0.70468,0.7047,0.70456,0.7046
1786594800,0.7046,0.704655,0.704515,0.70465
1786595100,0.70465,0.704775,0.704635,0.704755
1786595400,0.70476,0.70476,0.704665,0.7047
1786595700,0.7047,0.70472,0.70464,0.704665
1786596000,0.70467,0.704695,0.704615,0.70465
1786596300,0.704645,0.70503,0.70464,0.704845
1786596600,0.70485,0.704955,0.704765,0.70486
1786596900,0.70486,0.705015,0.704825,0.704935
1786597200,0.70494,0.70499,0.704885,0.704985
1786597500,0.704995,0.705115,0.704965,0.705105
1786597800,0.70512,0.70517,0.705,0.705155
1786598100,0.705155,0.705165,0.705055,0.70507
1786598400,0.70507,0.705155,0.705035,0.7051
1786598700,0.705105,0.70521,0.705,0.705005
1786599000,0.70501,0.705035,0.70474,0.70475
1786599300,0.70475,0.704805,0.7047,0.704785
1786599600,0.704785,0.70485,0.704645,0.70469
1786599900,0.704685,0.704765,0.704655,0.70476
1786600200,0.704755,0.7049,0.704725,0.70484
1786600500,0.704835,0.705015,0.704785,0.704945
1786600800,0.70495,0.705145,0.704935,0.705
1786601100,0.705,0.705095,0.704905,0.704955
1786601400,0.70495,0.704995,0.704905,0.70497
1786601700,0.704975,0.70511,0.704895,0.70507
1786602000,0.705065,0.705065,0.70496,0.70497
1786602300,0.704975,0.704995,0.70481,0.704885
1786602600,0.70488,0.70488,0.704395,0.704415
1786602900,0.704415,0.704675,0.704405,0.704555
1786603200,0.70456,0.704705,0.7045,0.704665
1786603500,0.704655,0.70476,0.70458,0.70475
1786603800,0.704745,0.70494,0.70474,0.704835
1786604100,0.70484,0.70495,0.70477,0.704865
1786604400,0.70486,0.705065,0.7048,0.704885
1786604700,0.70488,0.704925,0.7047,0.704765
1786605000,0.70476,0.704805,0.704615,0.704765
1786605300,0.70477,0.7048,0.704655,0.704755
1786605600,0.704755,0.70499,0.704755,0.70493
1786605900,0.70493,0.705015,0.7049,0.70495
1786606200,0.704945,0.704995,0.70471,0.70473
1786606500,0.70472,0.70485,0.70472,0.704785
1786606800,0.70478,0.704995,0.704775,0.704995
1786607100,0.704995,0.70501,0.70479,0.70482
1786607400,0.704825,0.705,0.70481,0.704965
1786607700,0.704965,0.70497,0.70485,0.70489
1786608000,0.704885,0.70496,0.704705,0.704775
1786608300,0.70478,0.704785,0.70465,0.704725
1786608600,0.704725,0.704775,0.704675,0.704715
1786608900,0.704715,0.704775,0.70464,0.704665
1786609200,0.70467,0.704755,0.704645,0.704745
1786609500,0.704745,0.704795,0.70467,0.70475
1786609800,0.704745,0.704895,0.70474,0.704845
1786610100,0.704845,0.704905,0.704775,0.704865
1786610400,0.70486,0.704945,0.70485,0.704875
1786610700,0.70487,0.70495,0.704865,0.704885
1786611000,0.704885,0.70493,0.704825,0.70485
1786611300,0.704845,0.704875,0.70477,0.704815
1786611600,0.70482,0.704895,0.70469,0.70471
1786611900,0.70471,0.704855,0.70468,0.704805
1786612200,0.704805,0.70497,0.7048,0.704955
1786612500,0.704955,0.705065,0.70491,0.70504
1786612800,0.705035,0.70511,0.705035,0.70509
1786613100,0.705095,0.70529,0.70509,0.705255
1786613400,0.70526,0.70539,0.70519,0.70531
1786613700,0.705315,0.705385,0.705315,0.705375
1786614000,0.705375,0.7054,0.705315,0.7054
1786614300,0.7054,0.70545,0.70536,0.705415
1786614600,0.705415,0.705705,0.70541,0.7057
1786614900,0.705705,0.70582,0.7057,0.70577
1786615200,0.705775,0.705785,0.705645,0.70565
1786615500,0.705655,0.705755,0.70562,0.7057
1786615800,0.705705,0.70573,0.70559,0.705615
1786616100,0.705615,0.70575,0.705615,0.705735
1786616400,0.705735,0.705765,0.70552,0.70552
1786616700,0.705525,0.70567,0.705505,0.705565
1786617000,0.705565,0.705625,0.705495,0.705545
1786617300,0.705545,0.70565,0.705505,0.705645
1786617600,0.70565,0.70565,0.705495,0.705505
1786617900,0.7055,0.705515,0.705415,0.705435
1786618200,0.70544,0.705455,0.70536,0.705435
1786618500,0.70544,0.705555,0.705425,0.70546
1786618800,0.705455,0.70547,0.70524,0.705245
1786619100,0.70525,0.705335,0.70524,0.70532
1786619400,0.70532,0.705565,0.705315,0.705535
1786619700,0.70554,0.705565,0.705375,0.70541
1786620000,0.705415,0.70547,0.705385,0.705425
1786620300,0.70543,0.7055,0.705385,0.70539
1786620600,0.705395,0.70544,0.70534,0.7054
1786620900,0.7054,0.70546,0.70538,0.7054
1786621200,0.7054,0.705445,0.70529,0.7054
1786621500,0.7054,0.705455,0.705335,0.705365
1786621800,0.70536,0.70548,0.70532,0.70539
1786622100,0.705385,0.70539,0.70523,0.70528
1786622400,0.705275,0.70529,0.705125,0.705195
1786622700,0.705195,0.70525,0.70514,0.70518
1786623000,0.705175,0.7052,0.705035,0.705095
1786623300,0.7051,0.705115,0.70487,0.70491
1786623600,0.704905,0.705015,0.704905,0.70499
1786623900,0.704995,0.705165,0.704895,0.705165
1786624200,0.70516,0.705935,0.704665,0.70513
1786624500,0.70514,0.705635,0.7051,0.705595
1786624800,0.70559,0.70587,0.705535,0.705655
1786625100,0.70565,0.70607,0.70564,0.705945
1786625400,0.70595,0.706035,0.705785,0.7059
1786625700,0.7059,0.706505,0.70588,0.706505
1786626000,0.70651,0.70651,0.706195,0.706405
1786626300,0.70641,0.706595,0.70625,0.70634
1786626600,0.706345,0.70649,0.70628,0.70646
1786626900,0.706465,0.706545,0.70639,0.7064
1786627200,0.70641,0.7065,0.70615,0.706195
1786627500,0.70619,0.706205,0.70594,0.705945
1786627800,0.70594,0.705965,0.705605,0.70565
1786628100,0.705655,0.706075,0.70562,0.706055
1786628400,0.70605,0.70609,0.70585,0.705945
1786628700,0.70594,0.70611,0.705915,0.70593
1786629000,0.705935,0.70604,0.70571,0.70589
1786629300,0.705895,0.70601,0.705675,0.70571
1786629600,0.70572,0.706065,0.705715,0.706
1786629900,0.706,0.70629,0.705895,0.705995
1786630200,0.706,0.706395,0.70596,0.706375
1786630500,0.70638,0.70667,0.706245,0.706645
1786630800,0.70664,0.70667,0.706215,0.70636
1786631100,0.706365,0.7065,0.7063,0.706305
1786631400,0.7063,0.7063,0.70607,0.706275
1786631700,0.70628,0.70645,0.70609,0.706305
1786632000,0.706295,0.706565,0.706285,0.706495
1786632300,0.706495,0.70651,0.706315,0.706345
1786632600,0.70634,0.70673,0.70634,0.706605
1786632900,0.7066,0.706705,0.70645,0.706455
1786633200,0.70646,0.706645,0.70636,0.70639
1786633500,0.706395,0.70649,0.70613,0.7062
1786633800,0.7062,0.70624,0.70601,0.706045
1786634100,0.706055,0.706055,0.70569,0.70579
1786634400,0.705795,0.706055,0.70572,0.706035
1786634700,0.70604,0.70618,0.70559,0.70571
1786635000,0.705715,0.70584,0.70558,0.705655
1786635300,0.70566,0.705925,0.70563,0.70589
1786635600,0.705885,0.706,0.70579,0.705835
1786635900,0.70583,0.705925,0.705785,0.705885
1786636200,0.705875,0.705895,0.705645,0.70574
1786636500,0.705745,0.705885,0.705655,0.705715
1786636800,0.70572,0.705835,0.70569,0.705805
1786637100,0.70581,0.70586,0.705675,0.705675
1786637400,0.705675,0.705685,0.70544,0.7055
1786637700,0.705505,0.70554,0.70538,0.70538
1786638000,0.705385,0.70555,0.70535,0.70555
1786638300,0.705555,0.705615,0.705515,0.70556
1786638600,0.705565,0.705745,0.70555,0.70574
1786638900,0.705755,0.70583,0.70573,0.70574
1786639200,0.70574,0.705865,0.70573,0.70581
1786639500,0.705805,0.70589,0.70579,0.705885
1786639800,0.70588,0.70599,0.705855,0.705985
1786640100,0.70599,0.706025,0.70586,0.70595
1786640400,0.705945,0.706145,0.705845,0.70589
1786640700,0.705885,0.706,0.70584,0.705895
1786641000,0.7059,0.70602,0.70589,0.7059
1786641300,0.7059,0.70601,0.70589,0.705905
1786641600,0.705905,0.70596,0.705845,0.705885
1786641900,0.705895,0.705915,0.70569,0.705695
1786642200,0.705695,0.705735,0.70563,0.70572
1786642500,0.705725,0.70577,0.705685,0.70575
1786642800,0.70575,0.70587,0.7057,0.705845
1786643100,0.70585,0.705905,0.70579,0.70589
1786643400,0.70588,0.705895,0.70578,0.70583
1786643700,0.705835,0.705845,0.70564,0.705655
1786644000,0.705655,0.70567,0.7055,0.705535
1786644300,0.705535,0.70561,0.705515,0.705595
1786644600,0.70559,0.705895,0.70559,0.705845
1786644900,0.705845,0.705845,0.705735,0.705795
1786645200,0.70579,0.705805,0.705675,0.7057
1786645500,0.70571,0.70577,0.70569,0.70574
1786645800,0.705745,0.70579,0.705595,0.7057
1786646100,0.7057,0.70586,0.705685,0.705835
1786646400,0.70584,0.705865,0.7058,0.705805
1786646700,0.7058,0.705815,0.705745,0.70579
1786647000,0.705795,0.705835,0.705755,0.705825
1786647300,0.70583,0.70586,0.705695,0.70574
1786647600,0.705745,0.70577,0.70568,0.70572
1786647900,0.70572,0.7059,0.705695,0.705895
1786648200,0.705895,0.705955,0.705795,0.7059
1786648500,0.7059,0.70596,0.705835,0.705955
1786648800,0.705955,0.70603,0.70594,0.705995
1786649100,0.705995,0.706045,0.70598,0.706005
1786649400,0.706,0.706,0.70594,0.70596
1786649700,0.705955,0.70604,0.705895,0.705995
1786650000,0.705995,0.706,0.705835,0.705845
1786650300,0.705845,0.705905,0.705775,0.705875
1786650600,0.70587,0.706,0.70585,0.70597
1786650900,0.705975,0.70602,0.705935,0.705995
1786651200,0.706005,0.706045,0.70598,0.706045
1786651500,0.706045,0.706045,0.705935,0.70594
1786651800,0.70594,0.705945,0.70584,0.70589
1786652100,0.70589,0.7059,0.705825,0.70584
1786652400,0.70584,0.705935,0.705835,0.705935
1786652700,0.70594,0.705985,0.705905,0.705935
1786653000,0.70593,0.705935,0.705865,0.70589
1786653300,0.70589,0.70599,0.70589,0.70596
1786653600,0.705955,0.70596,0.705925,0.705935
1786653900,0.70593,0.705965,0.705915,0.70593
1786654200,0.705935,0.70602,0.705935,0.70599
1786654500,0.70598,0.70601,0.705945,0.705945
1786654800,0.705945,0.705945,0.705945,0.705945
1786655100,0.705945,0.70598,0.705745,0.705805
1786655400,0.705805,0.705815,0.70548,0.705615
1786655700,0.70561,0.705755,0.70548,0.70557
1786656000,0.705575,0.705695,0.705555,0.705695
1786656300,0.705695,0.70579,0.705545,0.70579
1786656600,0.70578,0.705875,0.70574,0.70579
1786656900,0.70579,0.70586,0.70578,0.705855
1786657200,0.705855,0.70593,0.705775,0.7058
1786657500,0.70582,0.705835,0.70566,0.705675
1786657800,0.705675,0.705735,0.705615,0.70572
1786658100,0.70572,0.705835,0.70566,0.70567
1786658400,0.705665,0.706075,0.705665,0.706035
1786658700,0.70603,0.706035,0.705985,0.706035
1786659000,0.70603,0.70605,0.705935,0.705935
1786659300,0.705935,0.70599,0.705935,0.705985
1786659600,0.70599,0.706045,0.705985,0.706035
1786659900,0.70604,0.706095,0.70602,0.70608
1786660200,0.706085,0.706095,0.706045,0.70608
1786660500,0.70608,0.706135,0.706075,0.706125
1786660800,0.706125,0.706165,0.70612,0.706165
1786661100,0.706165,0.70619,0.706145,0.70618
1786661400,0.70618,0.7062,0.70618,0.70619
1786661700,0.70619,0.70625,0.70618,0.7062
1786662000,0.706205,0.70635,0.7062,0.706345
1786662300,0.706345,0.706355,0.706245,0.706345
1786662600,0.70635,0.70635,0.70628,0.7063
1786662900,0.706295,0.706305,0.70623,0.70624
1786663200,0.706235,0.706255,0.70622,0.706235
1786663500,0.706235,0.706245,0.706185,0.706225
1786663800,0.706225,0.706295,0.70622,0.70629
1786664100,0.70629,0.70629,0.7062,0.70625
1786664400,0.70625,0.70627,0.706185,0.706215
1786664700,0.70622,0.706395,0.70621,0.706345
1786665000,0.70634,0.706385,0.706315,0.706345
1786665300,0.70635,0.7064,0.70634,0.70635
1786665600,0.706355,0.70664,0.70634,0.706535
1786665900,0.706535,0.7066,0.706435,0.706525
1786666200,0.70653,0.70654,0.706325,0.706385
1786666500,0.70639,0.70641,0.706325,0.70636
1786666800,0.706355,0.70653,0.706335,0.706515
1786667100,0.706515,0.706605,0.706455,0.706495
1786667400,0.706495,0.706495,0.70632,0.706325
1786667700,0.70633,0.70636,0.706175,0.706185
1786668000,0.706185,0.706235,0.706155,0.7062
1786668300,0.70621,0.70624,0.70601,0.706015
1786668600,0.70601,0.706235,0.70601,0.706175
1786668900,0.70618,0.7063,0.706045,0.706145
1786669200,0.70615,0.70618,0.705865,0.70594
1786669500,0.70594,0.70594,0.70576,0.70576
1786669800,0.705755,0.7058,0.705605,0.7057
1786670100,0.705695,0.705995,0.70569,0.70596
1786670400,0.70595,0.70605,0.70582,0.70593
1786670700,0.705925,0.706085,0.70589,0.705975
1786671000,0.70598,0.70599,0.705785,0.70583
1786671300,0.705825,0.70594,0.705815,0.70592
1786671600,0.70591,0.70593,0.70582,0.70588
1786671900,0.705875,0.706035,0.705875,0.705995
1786672200,0.706,0.706005,0.705875,0.705905
1786672500,0.705905,0.705955,0.70568,0.7057
1786672800,0.705695,0.7059,0.70568,0.70571
1786673100,0.705705,0.7058,0.70563,0.70579
1786673400,0.70578,0.705925,0.70578,0.705815
1786673700,0.70582,0.705875,0.705795,0.70582
1786674000,0.705815,0.70583,0.705685,0.705785
1786674300,0.70579,0.705865,0.70567,0.705675
1786674600,0.705665,0.70584,0.70563,0.70583
1786674900,0.70583,0.705895,0.70578,0.70588
1786675200,0.705875,0.706005,0.705865,0.705955
1786675500,0.70595,0.705965,0.70572,0.705735
1786675800,0.70574,0.705795,0.705695,0.70571
1786676100,0.7057,0.705725,0.70555,0.705645
1786676400,0.70565,0.70566,0.705565,0.70564
1786676700,0.70564,0.70576,0.70563,0.705745
1786677000,0.705745,0.70585,0.70572,0.70581
1786677300,0.705815,0.705855,0.70574,0.705845
1786677600,0.705845,0.706015,0.70584,0.70595
1786677900,0.70595,0.706145,0.70588,0.706135
1786678200,0.706135,0.706175,0.706095,0.70611
1786678500,0.706115,0.706135,0.70599,0.706055
1786678800,0.706055,0.70613,0.706005,0.70613
1786679100,0.706125,0.70613,0.706065,0.706115
1786679400,0.706125,0.706135,0.70602,0.70603
1786679700,0.70603,0.706175,0.70596,0.70611
1786680000,0.70611,0.7062,0.706065,0.70619
1786680300,0.70619,0.706285,0.706145,0.70627
1786680600,0.70627,0.706335,0.706175,0.70619
1786680900,0.70619,0.706285,0.706145,0.706245
1786681200,0.706245,0.706285,0.706225,0.70627
1786681500,0.70627,0.706275,0.70616,0.706215
1786681800,0.70621,0.70634,0.70619,0.70627
1786682100,0.70627,0.706285,0.70622,0.706255
1786682400,0.70626,0.706265,0.706185,0.706195
1786682700,0.706195,0.70625,0.706175,0.706235
1786683000,0.706235,0.706245,0.7062,0.70623
1786683300,0.70623,0.70628,0.70622,0.706245
1786683600,0.706245,0.706315,0.70622,0.706245
1786683900,0.706245,0.706265,0.70618,0.70622
1786684200,0.70622,0.706265,0.7062,0.706245
1786684500,0.706245,0.706295,0.7062,0.706245
1786684800,0.706245,0.706305,0.706215,0.70626
1786685100,0.70626,0.706455,0.70624,0.70643
1786685400,0.706425,0.70657,0.706345,0.706505
1786685700,0.70651,0.706545,0.706445,0.70645
1786686000,0.70644,0.706595,0.706415,0.706475
1786686300,0.70648,0.706585,0.70648,0.70656
1786686600,0.706555,0.706635,0.706555,0.70659
1786686900,0.70659,0.706785,0.70659,0.70678
1786687200,0.706775,0.706835,0.706675,0.70671
1786687500,0.70671,0.706835,0.70662,0.706625
1786687800,0.70662,0.706665,0.706575,0.70661
1786688100,0.706615,0.7067,0.70652,0.706525
1786688400,0.70653,0.706545,0.706355,0.70638
1786688700,0.706385,0.706495,0.70632,0.706475
1786689000,0.70647,0.706645,0.706465,0.706635
1786689300,0.706635,0.706715,0.70661,0.70663
1786689600,0.70663,0.706695,0.706565,0.70668
1786689900,0.706685,0.70681,0.70668,0.70678
1786690200,0.706785,0.706835,0.706715,0.706805
1786690500,0.70681,0.706865,0.706755,0.70684
1786690800,0.706835,0.706905,0.706745,0.706805
1786691100,0.7068,0.70689,0.70678,0.70689
1786691400,0.70689,0.706945,0.706815,0.706885
1786691700,0.70688,0.706935,0.70684,0.706915
1786692000,0.706915,0.707025,0.706815,0.706825
1786692300,0.706825,0.706835,0.70672,0.706735
1786692600,0.70674,0.706875,0.706725,0.706825
1786692900,0.706825,0.70699,0.70677,0.706985
1786693200,0.70698,0.70718,0.70697,0.70709
1786693500,0.707095,0.707325,0.70709,0.70732
1786693800,0.707325,0.70733,0.707145,0.70724
1786694100,0.70725,0.70728,0.707135,0.707225
1786694400,0.707225,0.707415,0.70721,0.70729
1786694700,0.707285,0.707375,0.70716,0.70728
1786695000,0.70728,0.70728,0.7072,0.70725
1786695300,0.70726,0.70729,0.70704,0.70706
1786695600,0.707055,0.707135,0.70693,0.707085
1786695900,0.707085,0.707185,0.707065,0.70711
1786696200,0.707105,0.70717,0.70707,0.7071
1786696500,0.7071,0.70743,0.7071,0.707425
1786696800,0.70743,0.70751,0.707225,0.707245
1786697100,0.707245,0.70725,0.707145,0.707205
1786697400,0.7072,0.70733,0.70713,0.70732
1786697700,0.70731,0.707375,0.70726,0.70728
1786698000,0.707285,0.70741,0.70726,0.707285
1786698300,0.707285,0.70738,0.707245,0.707325
1786698600,0.707325,0.70743,0.70728,0.70743
1786698900,0.707425,0.70753,0.70739,0.7074
1786699200,0.707405,0.707415,0.70733,0.707405
1786699500,0.70741,0.70753,0.70741,0.70747
1786699800,0.70747,0.70749,0.707335,0.70739
1786700100,0.70739,0.70739,0.70721,0.70725
1786700400,0.70725,0.707365,0.707245,0.707365
1786700700,0.70737,0.70744,0.707365,0.70742
1786701000,0.70743,0.707455,0.70734,0.707375
1786701300,0.70738,0.70752,0.70735,0.70752
1786701600,0.707525,0.70753,0.70744,0.707445
1786701900,0.70745,0.70758,0.707445,0.70758
1786702200,0.70758,0.70779,0.70758,0.70763
1786702500,0.707625,0.707635,0.70751,0.70754
1786702800,0.70753,0.707545,0.70748,0.707515
1786703100,0.70752,0.7076,0.70744,0.707565
1786703400,0.70757,0.7076,0.707515,0.70752
1786703700,0.70752,0.7076,0.707515,0.70754
1786704000,0.70754,0.707545,0.70746,0.70749
1786704300,0.707485,0.70754,0.707465,0.707525
1786704600,0.70752,0.70764,0.70752,0.70755
1786704900,0.70755,0.707585,0.707485,0.70756
1786705200,0.707565,0.70772,0.70756,0.70763
1786705500,0.70763,0.70768,0.70756,0.707575
1786705800,0.70757,0.707735,0.70756,0.70773
1786706100,0.707725,0.70791,0.707715,0.70789
1786706400,0.70789,0.70806,0.70787,0.708015
1786706700,0.70801,0.708105,0.70799,0.708065
1786707000,0.708065,0.70819,0.707985,0.708175
1786707300,0.70818,0.70828,0.70816,0.708205
1786707600,0.708205,0.70837,0.7082,0.708245
1786707900,0.708245,0.708255,0.708005,0.708075
1786708200,0.708075,0.708195,0.70803,0.708175
1786708500,0.70817,0.708245,0.70804,0.70811
1786708800,0.708105,0.70825,0.70808,0.708175
1786709100,0.70818,0.708425,0.70817,0.708185
1786709400,0.70818,0.708205,0.707745,0.70792
1786709700,0.707915,0.70814,0.707915,0.70813
1786710000,0.708135,0.70847,0.70812,0.708425
1786710300,0.70843,0.708625,0.70836,0.708585
1786710600,0.7086,0.708995,0.708535,0.708535
1786710900,0.70854,0.7086,0.70813,0.708135
1786711200,0.70813,0.70818,0.707895,0.707895
1786711500,0.707895,0.708285,0.70789,0.708125
1786711800,0.70812,0.70822,0.70801,0.70821
1786712100,0.708205,0.708225,0.707905,0.708075
1786712400,0.70808,0.70814,0.70793,0.70805
1786712700,0.708055,0.70814,0.707955,0.70804
1786713000,0.708035,0.70805,0.707875,0.70788
1786713300,0.70789,0.70804,0.70788,0.70801
1786713600,0.70801,0.708335,0.70797,0.70833
1786713900,0.708325,0.708495,0.708315,0.70838
1786714200,0.708385,0.708625,0.70819,0.70859
1786714500,0.708595,0.70906,0.708595,0.709055
1786714800,0.709065,0.70912,0.70886,0.709115
1786715100,0.70912,0.7093,0.709,0.709
1786715400,0.709015,0.70923,0.70885,0.708915
1786715700,0.70891,0.70912,0.70871,0.709095
1786716000,0.7091,0.70927,0.708915,0.70922
1786716300,0.709225,0.70927,0.709015,0.709025
1786716600,0.70902,0.709165,0.708965,0.70897
1786716900,0.70897,0.70915,0.70882,0.70883
1786717200,0.708835,0.709075,0.70881,0.709045
1786717500,0.70904,0.70927,0.70904,0.709165
1786717800,0.70917,0.709225,0.708965,0.70897
1786718100,0.70896,0.708995,0.70872,0.70889
1786718400,0.708895,0.70894,0.708595,0.70886
1786718700,0.708865,0.708865,0.70856,0.708695
1786719000,0.70869,0.708915,0.708625,0.708845
1786719300,0.70885,0.70923,0.708815,0.70914
1786719600,0.709135,0.70946,0.70906,0.7094
1786719900,0.709395,0.709585,0.709335,0.709365
1786720200,0.70937,0.70939,0.70923,0.70927
1786720500,0.70927,0.70937,0.70908,0.70909
1786720800,0.709095,0.70913,0.70892,0.708925
1786721100,0.70893,0.70913,0.708875,0.70912
1786721400,0.709125,0.70928,0.70904,0.70912
1786721700,0.709115,0.70926,0.709,0.709
1786722000,0.708995,0.70905,0.70886,0.70903
1786722300,0.709035,0.709305,0.70901,0.709205
1786722600,0.70921,0.70928,0.70907,0.709075
1786722900,0.709075,0.70918,0.709,0.709
1786723200,0.709005,0.709155,0.709005,0.70906
1786723500,0.70906,0.709195,0.708945,0.708995
1786723800,0.708995,0.709025,0.70883,0.70884
1786724100,0.708835,0.70899,0.70881,0.708925
1786724400,0.70892,0.708985,0.708765,0.708815
1786724700,0.70882,0.70883,0.7087,0.708725
1786725000,0.70873,0.70877,0.708565,0.7087
1786725300,0.7087,0.708975,0.708655,0.70889
1786725600,0.70889,0.70889,0.70853,0.70855
1786725900,0.708545,0.708585,0.70847,0.70853
1786726200,0.708525,0.70853,0.7084,0.708435
1786726500,0.70844,0.708465,0.708325,0.708385
1786726800,0.70838,0.7084,0.70828,0.7083
1786727100,0.708305,0.708345,0.70812,0.70816
1786727400,0.70816,0.708175,0.70807,0.70814
1786727700,0.70814,0.708255,0.708075,0.708085
1786728000,0.70808,0.708185,0.708015,0.70816
1786728300,0.708155,0.708215,0.70811,0.70819
1786728600,0.70819,0.70819,0.708085,0.708165
1786728900,0.708165,0.708195,0.708125,0.70813
1786729200,0.70813,0.70818,0.70794,0.707945
1786729500,0.70795,0.70798,0.70791,0.70797
1786729800,0.70797,0.708085,0.70794,0.70807
1786730100,0.70807,0.7081,0.70803,0.708085
1786730400,0.70809,0.70809,0.707935,0.70802
1786730700,0.70802,0.70809,0.708015,0.70805
1786731000,0.708045,0.708065,0.707895,0.707915
1786731300,0.707915,0.707985,0.707905,0.707985
1786731600,0.707985,0.708085,0.707985,0.708035
1786731900,0.70804,0.70814,0.708035,0.70814
1786732200,0.70814,0.70814,0.70801,0.70807
1786732500,0.70807,0.70816,0.70807,0.708145
1786732800,0.70814,0.70818,0.708125,0.70813
1786733100,0.70813,0.708175,0.70804,0.70814
1786733400,0.70815,0.70827,0.70815,0.70824
1786733700,0.70824,0.70827,0.708165,0.708195
1786734000,0.7082,0.708305,0.70817,0.70819
1786734300,0.70819,0.70831,0.708125,0.70831
1786734600,0.70831,0.70838,0.70826,0.70826
1786734900,0.708265,0.70828,0.708155,0.70822
1786735200,0.70822,0.70833,0.70822,0.70832
1786735500,0.708315,0.70842,0.708305,0.70837
1786735800,0.708365,0.708415,0.70833,0.708335
1786736100,0.708335,0.70837,0.7082,0.70831
1786736400,0.70831,0.708375,0.70829,0.70829
1786736700,0.708295,0.708375,0.70828,0.708375
1786737000,0.708385,0.708405,0.70835,0.708385
1786737300,0.70839,0.708435,0.7083,0.708435
1786737600,0.70843,0.708435,0.708375,0.708435
1786737900,0.708435,0.708435,0.708265,0.70839
1786738200,0.70839,0.708425,0.708375,0.708385
1786738500,0.70838,0.7084,0.70835,0.70836
1786738800,0.708365,0.70841,0.70835,0.70839
1786739100,0.70839,0.7084,0.70835,0.708355
1786739400,0.70835,0.70837,0.708265,0.70827
1786739700,0.708265,0.70831,0.708225,0.70824
1786740000,0.708235,0.70827,0.7082,0.708265
1786740300,0.70826,0.708325,0.708225,0.708315
1786740600,0.70832,0.708395,0.70832,0.708365
1786740900,0.70836,0.70856,0.708355,0.708405
1786914000,0.708405,0.70891,0.708085,0.70822
1786914300,0.70822,0.708445,0.70821,0.708315
1786914600,0.708315,0.70852,0.7083,0.708495
1786914900,0.708495,0.70861,0.70833,0.70839
1786915200,0.70839,0.70839,0.70828,0.7083
1786915500,0.7083,0.7083,0.708285,0.70829
1786915800,0.70829,0.70829,0.70811,0.708145
1786916100,0.708145,0.70827,0.708135,0.708245
1786916400,0.708245,0.708365,0.70822,0.70834
1786916700,0.70834,0.7085,0.70834,0.708355
1786917000,0.708355,0.70843,0.708355,0.70837
1786917300,0.70837,0.7085,0.708105,0.70824
1786917600,0.70825,0.708515,0.708245,0.70851
1786917900,0.708495,0.708515,0.70843,0.70847
1786918200,0.708475,0.708485,0.70836,0.708375
1786918500,0.70838,0.7084,0.70834,0.70836
1786918800,0.708365,0.708475,0.708355,0.70846
1786919100,0.70845,0.708515,0.708435,0.7085
1786919400,0.708505,0.708595,0.7085,0.70859
1786919700,0.708585,0.708685,0.708565,0.708655
1786920000,0.708655,0.708675,0.708655,0.708665
1786920300,0.70866,0.708685,0.708595,0.708675
1786920600,0.708675,0.70881,0.70867,0.70877
1786920900,0.70877,0.708835,0.708715,0.70881
1786921200,0.708805,0.708915,0.70879,0.708865
1786921500,0.708865,0.708865,0.708795,0.708855
1786921800,0.70885,0.70887,0.70881,0.70883
1786922100,0.70883,0.70884,0.708815,0.708825
1786922400,0.708825,0.708835,0.70877,0.708815
1786922700,0.708815,0.70883,0.708765,0.70879
1786923000,0.70879,0.70882,0.70867,0.70873
1786923300,0.70873,0.70876,0.70867,0.70875
1786923600,0.70875,0.70881,0.70874,0.70879
1786923900,0.708785,0.708845,0.708755,0.708755
1786924200,0.708755,0.708765,0.708495,0.70851
1786924500,0.708505,0.70854,0.70846,0.708505
1786924800,0.70851,0.708975,0.708505,0.708915
1786925100,0.70891,0.70911,0.708905,0.70906
1786925400,0.709055,0.70921,0.708995,0.709205
1786925700,0.7092,0.709375,0.709105,0.7092
1786926000,0.709205,0.709385,0.709115,0.70936
1786926300,0.70936,0.709435,0.709305,0.709375
1786926600,0.70937,0.709545,0.709365,0.709505
1786926900,0.7095,0.70954,0.70935,0.70943
1786927200,0.709425,0.70948,0.709265,0.70932
1786927500,0.709315,0.709315,0.709155,0.70916
1786927800,0.709155,0.709255,0.70906,0.709085
1786928100,0.709075,0.709275,0.70905,0.709235
1786928400,0.70924,0.709315,0.709,0.7091
1786928700,0.70909,0.7092,0.709,0.709005
1786929000,0.709,0.70905,0.708885,0.708985
1786929300,0.70899,0.709155,0.70897,0.70908
1786929600,0.709085,0.70949,0.709075,0.70929
1786929900,0.709295,0.70947,0.70927,0.70937
1786930200,0.70938,0.70942,0.70911,0.70915
1786930500,0.70916,0.709255,0.70911,0.709245
1786930800,0.70924,0.709575,0.709215,0.709565
1786931100,0.70957,0.709745,0.709545,0.70967
1786931400,0.70966,0.709805,0.70958,0.70977
1786931700,0.70976,0.70976,0.709595,0.709665
1786932000,0.70965,0.709725,0.709565,0.709645
1786932300,0.709655,0.70968,0.70948,0.709505
1786932600,0.7095,0.70953,0.70939,0.7095
1786932900,0.7095,0.709515,0.709385,0.709445
1786933200,0.70945,0.709455,0.709385,0.709445
1786933500,0.709445,0.70961,0.709405,0.70957
1786933800,0.709575,0.70962,0.70935,0.709405
1786934100,0.709405,0.709525,0.70937,0.70948
1786934400,0.70948,0.70958,0.709285,0.709285
1786934700,0.70928,0.709345,0.709265,0.709305
1786935000,0.7093,0.70935,0.709195,0.709275
1786935300,0.709275,0.709275,0.709155,0.709215
1786935600,0.70922,0.709345,0.709155,0.70928
1786935900,0.709285,0.709365,0.709195,0.709275
1786936200,0.70928,0.709325,0.70925,0.70928
1786936500,0.709285,0.709445,0.709265,0.709385
1786936800,0.709385,0.709485,0.709315,0.709475
1786937100,0.70948,0.70956,0.709415,0.709535
1786937400,0.70954,0.709655,0.709535,0.709585
1786937700,0.70958,0.709585,0.70936,0.70949
1786938000,0.70949,0.709665,0.70949,0.70962
1786938300,0.70962,0.709705,0.7096,0.70969
1786938600,0.70969,0.709775,0.70963,0.70976
1786938900,0.709765,0.710075,0.70973,0.710035
1786939200,0.71004,0.710075,0.70997,0.71006
1786939500,0.71006,0.710355,0.71006,0.71026
1786939800,0.71027,0.710465,0.71024,0.710355
1786940100,0.710355,0.71043,0.710335,0.710375
1786940400,0.71037,0.710595,0.710295,0.71051
1786940700,0.71052,0.71055,0.710365,0.710375
1786941000,0.71037,0.710405,0.71022,0.71025
1786941300,0.71025,0.710285,0.710205,0.71025
1786941600,0.71025,0.710405,0.71025,0.71039
1786941900,0.710395,0.710435,0.71025,0.71026
1786942200,0.71026,0.710295,0.71023,0.710245
1786942500,0.710245,0.71027,0.710165,0.710165
1786942800,0.71016,0.71025,0.71014,0.710195
1786943100,0.7102,0.710305,0.71018,0.710305
1786943400,0.710305,0.710315,0.710095,0.710155
1786943700,0.710155,0.710295,0.710145,0.710295
1786944000,0.710295,0.71045,0.71028,0.710435
1786944300,0.71043,0.710595,0.7104,0.710575
1786944600,0.71057,0.71069,0.710545,0.71062
1786944900,0.71062,0.710985,0.71057,0.710975
1786945200,0.71097,0.71136,0.710865,0.71124
1786945500,0.711235,0.71136,0.71102,0.71136
1786945800,0.711355,0.711545,0.711295,0.71136
1786946100,0.711365,0.711555,0.711255,0.711265
1786946400,0.71127,0.71157,0.71127,0.71139
1786946700,0.71139,0.711445,0.71125,0.71125
1786947000,0.711255,0.711305,0.71104,0.71105
1786947300,0.711045,0.711185,0.71098,0.71112
1786947600,0.711125,0.711305,0.711015,0.711275
1786947900,0.71127,0.711675,0.71127,0.71165
1786948200,0.71164,0.711715,0.711485,0.71152
1786948500,0.71152,0.71163,0.711495,0.711625
1786948800,0.711625,0.711665,0.7115,0.711655
1786949100,0.71166,0.71191,0.71166,0.71181
1786949400,0.71181,0.712025,0.711805,0.71193
1786949700,0.711935,0.712275,0.711925,0.71221
1786950000,0.712205,0.712295,0.71201,0.7122
1786950300,0.7122,0.7124,0.71216,0.712205
1786950600,0.712215,0.71225,0.712,0.71202
1786950900,0.712025,0.712285,0.712025,0.71212
1786951200,0.712125,0.712255,0.71207,0.71211
1786951500,0.71211,0.712325,0.712055,0.712325
1786951800,0.71232,0.71244,0.712205,0.712265
1786952100,0.71227,0.7124,0.71205,0.712125
1786952400,0.71213,0.71235,0.712115,0.712215
1786952700,0.712215,0.71228,0.71207,0.712095
1786953000,0.7121,0.712205,0.712065,0.712105
1786953300,0.712105,0.712175,0.71199,0.712055
1786953600,0.71206,0.71208,0.711605,0.711615
1786953900,0.71162,0.71176,0.71162,0.711725
1786954200,0.71173,0.711865,0.71164,0.711855
1786954500,0.71186,0.712005,0.711845,0.71185
1786954800,0.711855,0.712095,0.7118,0.71206
1786955100,0.712055,0.712225,0.71202,0.712205
1786955400,0.71221,0.712315,0.71219,0.71227
1786955700,0.712275,0.71242,0.712245,0.71241
1786956000,0.712415,0.71242,0.71216,0.71219
1786956300,0.71219,0.71238,0.71204,0.71204
1786956600,0.712045,0.712105,0.71181,0.711895
1786956900,0.7119,0.71201,0.71179,0.711995
1786957200,0.712005,0.71218,0.711895,0.71218
1786957500,0.712185,0.71226,0.71211,0.712255
1786957800,0.71225,0.712335,0.71219,0.71225
1786958100,0.712255,0.712445,0.712245,0.71225
1786958400,0.71225,0.71227,0.712105,0.71223
1786958700,0.712225,0.71227,0.712145,0.7122
1786959000,0.712195,0.712355,0.712195,0.71235
1786959300,0.71235,0.71252,0.71226,0.71251
1786959600,0.712515,0.71274,0.71247,0.712695
1786959900,0.712695,0.712765,0.71262,0.712705
1786960200,0.71271,0.71272,0.71254,0.712635
1786960500,0.71263,0.71265,0.712525,0.712575
1786960800,0.712585,0.712595,0.712435,0.71248
1786961100,0.71248,0.71254,0.712385,0.712395
1786961400,0.7124,0.71264,0.712395,0.71255
1786961700,0.712545,0.71268,0.712485,0.712525
1786962000,0.71253,0.71264,0.712445,0.71264
1786962300,0.712635,0.71295,0.71249,0.71289
1786962600,0.71288,0.71293,0.71247,0.71254
1786962900,0.712535,0.71266,0.71248,0.712555
1786963200,0.71255,0.71263,0.712505,0.71256
1786963500,0.712565,0.712605,0.71246,0.71247
1786963800,0.712475,0.712475,0.71232,0.712355
1786964100,0.712355,0.712535,0.712355,0.712455
1786964400,0.712465,0.71265,0.712435,0.71256
1786964700,0.71256,0.712895,0.71255,0.712815
1786965000,0.71282,0.71283,0.712595,0.7126
1786965300,0.7126,0.712665,0.71249,0.712495
1786965600,0.712505,0.712645,0.71249,0.712605
1786965900,0.71261,0.71271,0.712525,0.71259
1786966200,0.712585,0.71262,0.712505,0.71251
1786966500,0.71252,0.712535,0.712395,0.712405
1786966800,0.71241,0.712415,0.712295,0.712315
1786967100,0.712315,0.712355,0.712275,0.712285
1786967400,0.71229,0.71246,0.712245,0.712455
1786967700,0.71245,0.71255,0.712425,0.71252
1786968000,0.712515,0.71267,0.712435,0.71259
1786968300,0.712595,0.712645,0.71249,0.7125
1786968600,0.7125,0.71262,0.712425,0.71243
1786968900,0.712435,0.712475,0.71224,0.712305
1786969200,0.71231,0.712435,0.71227,0.712435
1786969500,0.71244,0.71247,0.71193,0.712095
1786969800,0.71211,0.712245,0.71185,0.711905
1786970100,0.7119,0.711955,0.711685,0.711745
1786970400,0.71175,0.71204,0.711745,0.711975
1786970700,0.711965,0.71201,0.71168,0.711695
1786971000,0.7117,0.711995,0.711675,0.711945
1786971300,0.711955,0.7122,0.71192,0.71219
1786971600,0.712205,0.712285,0.711885,0.71189
1786971900,0.711895,0.71198,0.71174,0.71184
1786972200,0.711845,0.711995,0.71174,0.711755
1786972500,0.711755,0.71194,0.711705,0.71189
1786972800,0.71189,0.71195,0.71169,0.711695
1786973100,0.7117,0.711795,0.711535,0.71158
1786973400,0.711585,0.71179,0.711535,0.711705
1786973700,0.7117,0.71179,0.7113,0.711345
1786974000,0.711355,0.71137,0.71107,0.71107
1786974300,0.711065,0.711305,0.710865,0.711295
1786974600,0.71129,0.711595,0.71129,0.711365
1786974900,0.71137,0.711605,0.71137,0.71156
1786975200,0.711565,0.711675,0.71148,0.71164
1786975500,0.711645,0.71174,0.711505,0.71169
1786975800,0.71169,0.712065,0.711685,0.71205
1786976100,0.712055,0.71244,0.71199,0.712385
1786976400,0.71239,0.71246,0.71209,0.71214
1786976700,0.712145,0.71228,0.711875,0.712
1786977000,0.712005,0.71216,0.71199,0.712085
1786977300,0.71209,0.712185,0.71176,0.711805
1786977600,0.711805,0.711945,0.71175,0.711835
1786977900,0.71183,0.711885,0.711685,0.711785
1786978200,0.71179,0.7118,0.71118,0.711255
1786978500,0.71126,0.711495,0.711045,0.711165
1786978800,0.71117,0.711285,0.711085,0.71116
1786979100,0.71116,0.711235,0.71107,0.711195
1786979400,0.711205,0.711265,0.711165,0.711205
1786979700,0.71121,0.711275,0.71102,0.71112
1786980000,0.71112,0.71112,0.710995,0.711095
1786980300,0.7111,0.71121,0.71102,0.7112
1786980600,0.71121,0.711305,0.711045,0.711105
1786980900,0.711105,0.711195,0.71096,0.710965
1786981200,0.71097,0.711015,0.71074,0.71076
1786981500,0.710755,0.711035,0.710755,0.71103
1786981800,0.711035,0.711145,0.710995,0.71114
1786982100,0.711145,0.71123,0.71112,0.711225
1786982400,0.71122,0.711245,0.71104,0.711095
1786982700,0.711095,0.71123,0.71108,0.71113
1786983000,0.71113,0.71126,0.71113,0.711185
1786983300,0.711185,0.711335,0.711155,0.711305
1786983600,0.7113,0.71135,0.711255,0.711295
1786983900,0.7113,0.71142,0.7113,0.71134
1786984200,0.71135,0.711395,0.71129,0.71135
1786984500,0.711345,0.71146,0.711295,0.71146
1786984800,0.71146,0.7115,0.71138,0.7114
1786985100,0.711395,0.711435,0.711335,0.711355
1786985400,0.71136,0.71139,0.71119,0.71124
1786985700,0.711245,0.71131,0.711175,0.711185
1786986000,0.711195,0.71126,0.71117,0.711215
1786986300,0.71122,0.711225,0.71111,0.71117
1786986600,0.711175,0.711245,0.711105,0.71113
1786986900,0.711125,0.711155,0.71099,0.711005
1786987200,0.711005,0.711015,0.710745,0.710805
1786987500,0.710795,0.710905,0.710785,0.7109
1786987800,0.710905,0.71095,0.71071,0.710725
1786988100,0.710735,0.710735,0.710345,0.71035
1786988400,0.710355,0.710585,0.71035,0.710585
1786988700,0.710585,0.710685,0.71053,0.710585
1786989000,0.710585,0.71063,0.71054,0.710555
1786989300,0.71055,0.710565,0.710445,0.71046
1786989600,0.71047,0.71051,0.710385,0.710445
1786989900,0.71045,0.710505,0.71035,0.71039
1786990200,0.710385,0.710515,0.71031,0.71051
1786990500,0.71051,0.710565,0.710475,0.71048
1786990800,0.71048,0.710485,0.710345,0.71035
1786991100,0.71035,0.710385,0.710135,0.710305
1786991400,0.710305,0.710305,0.71009,0.71011
1786991700,0.71012,0.710185,0.710095,0.71018
1786992000,0.710175,0.71025,0.710115,0.71015
1786992300,0.71016,0.710245,0.7101,0.71024
1786992600,0.710235,0.71035,0.710235,0.710255
1786992900,0.710255,0.71029,0.710135,0.71019
1786993200,0.710195,0.71025,0.710105,0.71016
1786993500,0.710165,0.710215,0.71011,0.7102
1786993800,0.7102,0.710325,0.71015,0.71031
1786994100,0.71032,0.71045,0.710315,0.7104
1786994400,0.710395,0.710515,0.710395,0.710505
1786994700,0.710505,0.7106,0.710495,0.71058
1786995000,0.710585,0.710605,0.71041,0.710425
1786995300,0.71043,0.710525,0.710405,0.710495
1786995600,0.710495,0.710605,0.710495,0.710595
1786995900,0.710595,0.710595,0.71049,0.71052
1786996200,0.710515,0.71054,0.71039,0.710395
1786996500,0.7104,0.71048,0.71038,0.71046
1786996800,0.71046,0.710505,0.71045,0.71045
1786997100,0.71045,0.710465,0.71043,0.71045
1786997400,0.71045,0.71046,0.710375,0.71039
1786997700,0.71038,0.71046,0.71038,0.71046
1786998000,0.71046,0.71048,0.710415,0.710445
1786998300,0.710445,0.710445,0.7104,0.7104
1786998600,0.710395,0.710405,0.710355,0.710385
1786998900,0.710385,0.710415,0.71035,0.71036
1786999200,0.710365,0.71041,0.71035,0.71035
1786999500,0.71035,0.710365,0.710305,0.710315
1786999800,0.71031,0.710385,0.710305,0.710385
1787000100,0.71038,0.7105,0.710335,0.7105
1787000400,0.71051,0.71097,0.71046,0.710695
1787000700,0.71069,0.710835,0.710515,0.71061
1787001000,0.71061,0.710695,0.71057,0.71066
1787001300,0.7106,0.710605,0.710495,0.7105
1787001600,0.7105,0.710585,0.71039,0.710505
1787001900,0.710505,0.710555,0.710505,0.71053
1787002200,0.710525,0.71055,0.710485,0.71049
1787002500,0.71049,0.710575,0.71047,0.710485
1787002800,0.71049,0.7105,0.710445,0.710445
1787003100,0.710435,0.710455,0.710345,0.710425
1787003400,0.710425,0.71044,0.71037,0.710405
1787003700,0.710405,0.710405,0.710325,0.71035
1787004000,0.71036,0.7105,0.710345,0.710445
1787004300,0.710445,0.71045,0.710385,0.7104
1787004600,0.710395,0.71046,0.71035,0.71045
1787004900,0.71045,0.71046,0.71039,0.7104
1787005200,0.710395,0.710465,0.710385,0.710465
1787005500,0.710465,0.71058,0.710465,0.71056
1787005800,0.710555,0.710555,0.710515,0.710545
1787006100,0.71055,0.710595,0.71055,0.710555
1787006400,0.710555,0.710625,0.71055,0.71059
1787006700,0.71059,0.71061,0.710545,0.7106
1787007000,0.710605,0.71061,0.71049,0.71055
1787007300,0.710555,0.7106,0.710535,0.71059
1787007600,0.71059,0.7106,0.71051,0.710545
1787007900,0.71055,0.71071,0.71055,0.71069
1787008200,0.71069,0.7107,0.710645,0.71067
1787008500,0.710675,0.710695,0.71063,0.710685
1787008800,0.710685,0.7107,0.710605,0.71069
1787009100,0.710695,0.71073,0.71067,0.71073
1787009400,0.710725,0.71078,0.71069,0.71075
1787009700,0.71075,0.710755,0.7107,0.71072
1787010000,0.710725,0.71077,0.710685,0.710745
1787010300,0.710745,0.710815,0.71073,0.7108
1787010600,0.710795,0.710835,0.710745,0.710815
1787010900,0.71081,0.71085,0.710745,0.71084
1787011200,0.710855,0.71096,0.710795,0.710855
1787011500,0.710855,0.711015,0.71083,0.71091
1787011800,0.71091,0.710915,0.710775,0.71086
1787012100,0.710855,0.71105,0.71082,0.710995
1787012400,0.711,0.711005,0.710885,0.710905
1787012700,0.71091,0.71095,0.71074,0.71078
1787013000,0.71078,0.710915,0.710645,0.710785
1787013300,0.710795,0.710995,0.710785,0.710985
1787013600,0.71099,0.7111,0.710945,0.71109
1787013900,0.71109,0.71109,0.710835,0.71092
1787014200,0.71092,0.71105,0.71084,0.71085
1787014500,0.710855,0.71094,0.710815,0.710925
1787014800,0.71092,0.71111,0.710895,0.71097
1787015100,0.710965,0.7112,0.71095,0.71112
1787015400,0.71112,0.711345,0.711105,0.711335
1787015700,0.711345,0.71137,0.71093,0.71105
1787016000,0.71105,0.7111,0.710885,0.71105
1787016300,0.71105,0.71105,0.710845,0.710995
1787016600,0.711,0.711115,0.71095,0.711095
1787016900,0.71109,0.711205,0.71108,0.711145
1787017200,0.711155,0.711195,0.710885,0.710885
1787017500,0.71088,0.71088,0.710705,0.710805
1787017800,0.7108,0.71091,0.71075,0.71085
1787018100,0.71085,0.71089,0.71065,0.710695
1787018400,0.7107,0.710735,0.710595,0.710675
1787018700,0.71068,0.710765,0.710615,0.710615
1787019000,0.71062,0.71068,0.710505,0.71055
1787019300,0.710545,0.710635,0.710495,0.71062
1787019600,0.710625,0.7107,0.710545,0.71069
1787019900,0.710685,0.710755,0.710675,0.71074
1787020200,0.710735,0.710805,0.71063,0.71074
1787020500,0.710735,0.71089,0.710725,0.71079
1787020800,0.710795,0.710935,0.71075,0.71085
1787021100,0.710845,0.711115,0.710825,0.71109
1787021400,0.711085,0.71115,0.711,0.71113
1787021700,0.711125,0.711135,0.71104,0.711115
1787022000,0.711115,0.711115,0.71096,0.711065
1787022300,0.71107,0.71109,0.710915,0.711
1787022600,0.71101,0.711055,0.710965,0.710995
1787022900,0.710995,0.711,0.710795,0.710795
1787023200,0.71079,0.71081,0.710635,0.710645
1787023500,0.71064,0.710695,0.710575,0.71065
1787023800,0.710645,0.710645,0.71039,0.7104
1787024100,0.7104,0.71043,0.710305,0.710335
1787024400,0.71033,0.7104,0.71028,0.710305
1787024700,0.710305,0.71032,0.710185,0.71019
1787025000,0.710185,0.710285,0.710155,0.710165
1787025300,0.710165,0.7103,0.710165,0.710275
1787025600,0.71028,0.71036,0.71023,0.710295
1787025900,0.71029,0.710365,0.71021,0.71024
1787026200,0.710245,0.710285,0.710175,0.7102
1787026500,0.710205,0.71022,0.710005,0.710055
1787026800,0.710055,0.71014,0.70999,0.71014
1787027100,0.71014,0.710195,0.71008,0.71019
1787027400,0.71019,0.710245,0.710085,0.71011
1787027700,0.710115,0.710205,0.710085,0.7101
1787028000,0.7101,0.71024,0.710095,0.710185
1787028300,0.710185,0.710185,0.709935,0.710155
1787028600,0.71015,0.71019,0.71009,0.710105
1787028900,0.710105,0.710135,0.71001,0.710025
1787029200,0.710025,0.710025,0.70974,0.709785
1787029500,0.70979,0.709805,0.709715,0.70973
1787029800,0.709735,0.709735,0.709585,0.70962
1787030100,0.709615,0.709765,0.709585,0.70973
1787030400,0.709725,0.709905,0.70972,0.709895
1787030700,0.709885,0.70989,0.709725,0.709735
1787031000,0.70974,0.70985,0.709725,0.709775
1787031300,0.70977,0.709875,0.70974,0.70983
1787031600,0.70983,0.709885,0.7098,0.709855
1787031900,0.709855,0.710065,0.709835,0.71006
1787032200,0.710055,0.71009,0.709895,0.709965
1787032500,0.70997,0.710135,0.709965,0.710045
1787032800,0.71005,0.71012,0.709625,0.70968
1787033100,0.70968,0.709775,0.709545,0.70977
1787033400,0.709765,0.71004,0.709745,0.709995
1787033700,0.70999,0.70999,0.709845,0.70991
1787034000,0.70991,0.70994,0.70969,0.709725
1787034300,0.709725,0.70988,0.70965,0.709865
1787034600,0.70987,0.710135,0.709825,0.70995
1787034900,0.709955,0.70996,0.70972,0.709805
1787035200,0.70981,0.709895,0.709755,0.709865
1787035500,0.70987,0.70993,0.709705,0.709775
1787035800,0.70978,0.7098,0.70953,0.709695
1787036100,0.7097,0.71007,0.709695,0.710065
1787036400,0.71006,0.71034,0.710015,0.710325
1787036700,0.71033,0.710345,0.710095,0.71015
1787037000,0.710145,0.710155,0.70998,0.71007
1787037300,0.71006,0.71018,0.709875,0.70998
1787037600,0.709975,0.71019,0.70997,0.710165
1787037900,0.71016,0.71035,0.71012,0.71019
1787038200,0.7102,0.710305,0.70996,0.709965
1787038500,0.709965,0.710325,0.709965,0.710295
1787038800,0.710295,0.71035,0.71026,0.710345
1787039100,0.71035,0.71044,0.71031,0.710385
1787039400,0.71038,0.710495,0.710265,0.710285
1787039700,0.71029,0.71042,0.710235,0.710245
1787040000,0.71025,0.710285,0.71008,0.71012
1787040300,0.710125,0.710195,0.709915,0.71008
1787040600,0.710075,0.710335,0.709985,0.71028
1787040900,0.71028,0.710305,0.71014,0.710155
1787041200,0.710155,0.710155,0.70996,0.710035
1787041500,0.71004,0.710185,0.710005,0.71016
1787041800,0.710165,0.710275,0.71011,0.71021
1787042100,0.71021,0.710335,0.71018,0.71029
1787042400,0.71029,0.710455,0.71025,0.71045
1787042700,0.71045,0.710455,0.710285,0.710315
1787043000,0.71031,0.710315,0.71015,0.7103
1787043300,0.710295,0.71044,0.710295,0.71037
1787043600,0.71036,0.710395,0.71027,0.710365
1787043900,0.710365,0.710365,0.710265,0.710285
1787044200,0.71029,0.71031,0.71023,0.71025
1787044500,0.710245,0.71025,0.710125,0.710235
1787044800,0.710235,0.710335,0.7102,0.71031
1787045100,0.710315,0.710645,0.71031,0.71062
1787045400,0.710615,0.710795,0.71057,0.710755
1787045700,0.710755,0.71087,0.710685,0.71071
1787046000,0.7107,0.71074,0.71036,0.710545
1787046300,0.710545,0.710755,0.71052,0.71072
1787046600,0.710725,0.710745,0.710665,0.710745
1787046900,0.71075,0.710995,0.710745,0.710915
1787047200,0.71092,0.71099,0.71085,0.71087
1787047500,0.71087,0.7109,0.710775,0.710805
1787047800,0.71081,0.710825,0.71068,0.71073
1787048100,0.71073,0.710755,0.71063,0.71065
1787048400,0.71065,0.71066,0.71061,0.71065
1787048700,0.710655,0.71079,0.71058,0.71074
1787049000,0.71074,0.71076,0.710635,0.710695
1787049300,0.710695,0.71076,0.710635,0.710725
1787049600,0.710725,0.71075,0.710675,0.71069
1787049900,0.71069,0.710725,0.71067,0.71069
1787050200,0.71069,0.710695,0.710575,0.710585
1787050500,0.71058,0.710705,0.710575,0.71065
1787050800,0.710655,0.710725,0.710545,0.710555
1787051100,0.710555,0.71067,0.710515,0.710665
1787051400,0.710665,0.71068,0.710585,0.71062
1787051700,0.71062,0.710685,0.71059,0.710655
1787052000,0.710655,0.710735,0.710645,0.7107
1787052300,0.710695,0.7107,0.71053,0.710545
1787052600,0.710545,0.710635,0.71053,0.710595
1787052900,0.710595,0.710735,0.71058,0.71066
1787053200,0.710655,0.71079,0.71063,0.71071
1787053500,0.71071,0.710815,0.71069,0.71074
1787053800,0.71074,0.71089,0.71072,0.710845
1787054100,0.71085,0.711065,0.710845,0.71105
1787054400,0.711055,0.71136,0.71094,0.711315
1787054700,0.71131,0.711325,0.7111,0.711155
1787055000,0.71116,0.711225,0.711025,0.711215
1787055300,0.711215,0.71123,0.711075,0.71122
1787055600,0.711225,0.711405,0.711225,0.71125
1787055900,0.711255,0.71129,0.711085,0.71113
1787056200,0.71112,0.71125,0.711025,0.71104
1787056500,0.71105,0.711105,0.710925,0.710985
1787056800,0.71099,0.711135,0.710875,0.71113
1787057100,0.711135,0.71124,0.711035,0.71124
1787057400,0.71124,0.71128,0.71112,0.71123
1787057700,0.711235,0.71134,0.711115,0.71112
1787058000,0.7111,0.71142,0.71107,0.711385
1787058300,0.711395,0.711425,0.71124,0.711335
1787058600,0.711335,0.71146,0.711325,0.71144
1787058900,0.71144,0.71144,0.71129,0.71133
1787059200,0.71133,0.711375,0.711235,0.71126
1787059500,0.71127,0.711315,0.711105,0.711125
1787059800,0.71113,0.71155,0.710715,0.711535
1787060100,0.71154,0.711975,0.71149,0.711945
1787060400,0.711935,0.71199,0.71149,0.71151
1787060700,0.711515,0.711535,0.7112,0.711225
1787061000,0.71122,0.7113,0.71108,0.711145
1787061300,0.711155,0.711475,0.71109,0.71147
1787061600,0.711475,0.711605,0.71133,0.71148
1787061900,0.711485,0.71149,0.71124,0.711335
1787062200,0.71133,0.711355,0.7111,0.711125
1787062500,0.711135,0.71136,0.71103,0.71119
1787062800,0.711195,0.711235,0.711055,0.711135
1787063100,0.711145,0.71118,0.7109,0.710945
1787063400,0.71095,0.71095,0.710625,0.710755
1787063700,0.71076,0.710795,0.710405,0.71052
1787064000,0.71053,0.710655,0.710445,0.710455
1787064300,0.71045,0.710555,0.71041,0.710485
1787064600,0.710495,0.71063,0.710015,0.710095
1787064900,0.71009,0.71029,0.709845,0.70989
1787065200,0.709885,0.71033,0.709735,0.71029
1787065500,0.710295,0.71033,0.70975,0.709755
1787065800,0.70975,0.709875,0.70954,0.709565
1787066100,0.70956,0.70972,0.709535,0.709565
1787066400,0.70957,0.7097,0.709455,0.709485
1787066700,0.70949,0.70971,0.709435,0.70959
1787067000,0.709595,0.709645,0.709475,0.70959
1787067300,0.709595,0.70974,0.709545,0.709635
1787067600,0.70964,0.709735,0.70952,0.709615
1787067900,0.70961,0.70985,0.70961,0.709835
1787068200,0.70984,0.709875,0.70967,0.70976
1787068500,0.709765,0.709785,0.709555,0.709595
1787068800,0.7096,0.709745,0.709555,0.709635
1787069100,0.709635,0.7097,0.70959,0.709685
1787069400,0.70969,0.709805,0.709475,0.70952
1787069700,0.70953,0.70958,0.70943,0.7095
1787070000,0.70951,0.709655,0.70951,0.70959
1787070300,0.709595,0.70963,0.709195,0.709225
1787070600,0.70923,0.70928,0.709035,0.709225
1787070900,0.70923,0.70923,0.709035,0.709115
1787071200,0.709115,0.70922,0.70908,0.709145
1787071500,0.709145,0.70929,0.70909,0.70928
1787071800,0.709275,0.70934,0.709185,0.70927
1787072100,0.709275,0.70928,0.70918,0.709235
1787072400,0.70924,0.70926,0.708985,0.70904
1787072700,0.70904,0.70905,0.70885,0.708905
1787073000,0.70889,0.709045,0.708825,0.709035
1787073300,0.70903,0.70908,0.70893,0.708955
1787073600,0.708955,0.709085,0.70895,0.708965
1787073900,0.708975,0.70901,0.70883,0.7089
1787074200,0.70889,0.7089,0.708695,0.70884
1787074500,0.708835,0.70885,0.70864,0.70882
1787074800,0.70882,0.708895,0.708775,0.70879
1787075100,0.70879,0.708835,0.7087,0.708735
1787075400,0.708735,0.70877,0.70869,0.708695
1787075700,0.708705,0.708705,0.70865,0.70868
1787076000,0.70868,0.70868,0.708505,0.70851
1787076300,0.70851,0.70855,0.708405,0.708545
1787076600,0.70855,0.70858,0.708415,0.708575
1787076900,0.70857,0.708665,0.70857,0.70864
1787077200,0.70864,0.70869,0.7085,0.708505
1787077500,0.708495,0.7085,0.708325,0.70845
1787077800,0.70846,0.708575,0.7084,0.708495
1787078100,0.7085,0.70852,0.70839,0.708415
1787078400,0.70841,0.70841,0.708295,0.708335
1787078700,0.70834,0.70838,0.7083,0.708305
1787079000,0.708305,0.70839,0.708305,0.708335
1787079300,0.70833,0.708465,0.708285,0.70845
1787079600,0.708445,0.708485,0.708365,0.7084
1787079900,0.7084,0.708445,0.70834,0.708415
1787080200,0.708415,0.708715,0.70841,0.70863
1787080500,0.708635,0.708665,0.708475,0.708505
1787080800,0.70851,0.70861,0.708475,0.708555
1787081100,0.70855,0.708605,0.70851,0.708565
1787081400,0.70857,0.70865,0.708545,0.7086
1787081700,0.7086,0.708695,0.70857,0.708695
1787082000,0.708695,0.708875,0.70869,0.70869
1787082300,0.70869,0.70874,0.70853,0.7086
1787082600,0.708595,0.708645,0.70853,0.70856
1787082900,0.708565,0.7086,0.708385,0.70841
1787083200,0.70841,0.70848,0.70833,0.708335
1787083500,0.70834,0.708355,0.708275,0.70828
1787083800,0.70828,0.70841,0.708245,0.70838
1787084100,0.70838,0.70839,0.70833,0.708345
1787084400,0.708345,0.708345,0.708255,0.708285
1787084700,0.708285,0.70834,0.70827,0.708335
1787085000,0.70834,0.708495,0.70834,0.70849
1787085300,0.70849,0.708495,0.70842,0.70843
1787085600,0.70843,0.70844,0.708405,0.708425
1787085900,0.70843,0.708485,0.708375,0.70844
1787086200,0.708445,0.7085,0.708395,0.7085
1787086500,0.708505,0.708675,0.708485,0.708655
1787086800,0.708655,0.708705,0.708515,0.70852
1787087100,0.70852,0.708665,0.70826,0.70827
1787087400,0.70827,0.70839,0.70827,0.70833
1787087700,0.70833,0.70843,0.708285,0.70843
1787088000,0.70843,0.70845,0.708365,0.708375
1787088300,0.708375,0.708515,0.70833,0.70849
1787088600,0.7085,0.70887,0.70844,0.708755
1787088900,0.708755,0.708785,0.708695,0.708695
1787089200,0.708695,0.708775,0.70838,0.708445
1787089500,0.70845,0.70854,0.70828,0.70846
1787089800,0.70846,0.708525,0.70845,0.708515
1787090100,0.708515,0.708535,0.70837,0.708535
1787090400,0.708555,0.708715,0.708455,0.70858
1787090700,0.70858,0.708585,0.708545,0.70858
1787091000,0.70858,0.708585,0.708445,0.70845
1787091300,0.708455,0.708595,0.70845,0.708575
1787091600,0.708585,0.708595,0.70852,0.708525
1787091900,0.708525,0.70853,0.70847,0.70848
1787092200,0.708485,0.70852,0.708265,0.708505
1787092500,0.7085,0.708535,0.70843,0.708435
1787092800,0.70844,0.70844,0.708375,0.708405
1787093100,0.70841,0.708495,0.70839,0.70847
1787093400,0.70847,0.70853,0.70844,0.70844
1787093700,0.70843,0.708435,0.70837,0.70837
1787094000,0.70838,0.70847,0.70838,0.70845
1787094300,0.70845,0.708485,0.708375,0.70839
1787094600,0.70839,0.70839,0.70822,0.708235
1787094900,0.708235,0.708235,0.70815,0.70815
1787095200,0.70815,0.70825,0.70814,0.70816
1787095500,0.70815,0.708185,0.70804,0.70808
1787095800,0.708085,0.708215,0.70808,0.70817
1787096100,0.708165,0.708185,0.70803,0.708105
1787096400,0.708105,0.708135,0.70796,0.707975
1787096700,0.70797,0.70814,0.707945,0.708125
1787097000,0.708125,0.70813,0.708025,0.70807
1787097300,0.708075,0.708125,0.70798,0.708115
1787097600,0.708125,0.708155,0.707825,0.70807
1787097900,0.708065,0.7083,0.708025,0.708245
1787098200,0.70824,0.708515,0.708205,0.708375
1787098500,0.70837,0.708535,0.70827,0.708415
1787098800,0.708415,0.708585,0.70834,0.70855
1787099100,0.70855,0.7086,0.708405,0.70849
1787099400,0.708485,0.708505,0.70813,0.7082
1787099700,0.708205,0.70833,0.70816,0.708315
1787100000,0.7083,0.7083,0.70798,0.708065
1787100300,0.70807,0.70807,0.707815,0.707835
1787100600,0.707825,0.707945,0.70772,0.70773
1787100900,0.707725,0.70786,0.70742,0.70742
1787101200,0.707415,0.707685,0.707405,0.707675
1787101500,0.70767,0.70779,0.707615,0.70764
1787101800,0.707645,0.7077,0.7074,0.707475
1787102100,0.70748,0.70752,0.706925,0.707025
1787102400,0.70703,0.707505,0.707,0.70748
1787102700,0.70748,0.70751,0.707295,0.707465
1787103000,0.70746,0.70763,0.70735,0.70739
1787103300,0.707395,0.707575,0.707385,0.707555
1787103600,0.70755,0.707715,0.70755,0.70762
1787103900,0.707625,0.70763,0.70737,0.707395
1787104200,0.70739,0.707515,0.70734,0.70748
1787104500,0.70749,0.70774,0.707455,0.70759
1787104800,0.707595,0.707725,0.7075,0.70768
1787105100,0.707675,0.707755,0.707585,0.707755
1787105400,0.70775,0.707765,0.707605,0.707705
1787105700,0.70771,0.708065,0.707565,0.70773
1787106000,0.707725,0.70803,0.707635,0.707845
1787106300,0.70784,0.707895,0.70767,0.707715
1787106600,0.70772,0.707785,0.707505,0.707535
1787106900,0.70753,0.70775,0.707515,0.707745
1787107200,0.70774,0.708085,0.707695,0.708075
1787107500,0.70807,0.70852,0.708055,0.70823
1787107800,0.708225,0.708245,0.707785,0.707945
1787108100,0.707945,0.707945,0.70781,0.70789
1787108400,0.707885,0.707975,0.707715,0.707755
1787108700,0.70775,0.70775,0.707505,0.707585
1787109000,0.70759,0.7077,0.70758,0.707685
1787109300,0.707685,0.707725,0.707665,0.707685
1787109600,0.707685,0.707725,0.70757,0.7076
1787109900,0.70761,0.70764,0.70754,0.70757
1787110200,0.707575,0.707675,0.707495,0.70752
1787110500,0.707515,0.707635,0.707495,0.707575
1787110800,0.707575,0.70759,0.707405,0.707475
1787111100,0.70747,0.707485,0.70738,0.70746
1787111400,0.707465,0.7075,0.707365,0.707365
1787111700,0.70736,0.70736,0.707275,0.707275
1787112000,0.70728,0.70743,0.70717,0.70723
1787112300,0.707235,0.707255,0.70717,0.707185
1787112600,0.70719,0.707365,0.70711,0.70732
1787112900,0.70732,0.707385,0.70723,0.707355
1787113200,0.707355,0.707355,0.707125,0.70722
1787113500,0.70722,0.707295,0.707175,0.7072
1787113800,0.707205,0.7074,0.70704,0.707065
1787114100,0.70707,0.707165,0.70703,0.70703
1787114400,0.70703,0.70704,0.70687,0.70691
1787114700,0.70691,0.706955,0.706765,0.706815
1787115000,0.70681,0.70684,0.7067,0.70672
1787115300,0.706725,0.707295,0.706695,0.707285
1787115600,0.70729,0.707465,0.707215,0.70733
1787115900,0.70733,0.707335,0.707,0.70702
1787116200,0.707025,0.707045,0.70688,0.706905
1787116500,0.7069,0.70704,0.70686,0.7069
1787116800,0.70691,0.70696,0.70685,0.706935
1787117100,0.70694,0.70714,0.706915,0.707115
1787117400,0.70711,0.70714,0.707,0.707115
1787117700,0.70712,0.707125,0.70683,0.706995
1787118000,0.707,0.707025,0.706805,0.706905
1787118300,0.70691,0.707065,0.706795,0.707025
1787118600,0.70703,0.707045,0.70681,0.706835
1787118900,0.70684,0.706925,0.70677,0.706905
1787119200,0.70691,0.70708,0.706885,0.70705
1787119500,0.70704,0.707085,0.706855,0.70688
1787119800,0.706885,0.706915,0.706715,0.70673
1787120100,0.70673,0.707405,0.706725,0.70739
1787120400,0.707385,0.70767,0.707345,0.707625
1787120700,0.70762,0.70778,0.707565,0.70768
1787121000,0.70768,0.707815,0.70735,0.70737
1787121300,0.70737,0.707515,0.707365,0.707475
1787121600,0.70746,0.70749,0.707215,0.70734
1787121900,0.70734,0.707415,0.70703,0.70711
1787122200,0.707115,0.70744,0.70707,0.707405
1787122500,0.70741,0.70744,0.70732,0.70741
1787122800,0.70742,0.707775,0.70741,0.70755
1787123100,0.707545,0.707645,0.707465,0.707505
1787123400,0.7075,0.70758,0.707155,0.70716
1787123700,0.70716,0.70716,0.7069,0.70702
1787124000,0.70701,0.70718,0.70696,0.70705
1787124300,0.70705,0.707095,0.706945,0.70702
1787124600,0.707025,0.707175,0.706955,0.707155
1787124900,0.70715,0.70729,0.707025,0.707135
1787125200,0.70713,0.707195,0.706925,0.70698
1787125500,0.70698,0.70709,0.70696,0.707085
1787125800,0.70708,0.70721,0.707015,0.70711
1787126100,0.707115,0.70715,0.706985,0.707075
1787126400,0.70708,0.70726,0.706915,0.70722
1787126700,0.707225,0.707675,0.707205,0.707655
1787127000,0.70766,0.70802,0.70764,0.70794
1787127300,0.707935,0.70818,0.707935,0.70812
1787127600,0.708115,0.708115,0.707865,0.708015
1787127900,0.708015,0.70802,0.70769,0.70787
1787128200,0.707865,0.707905,0.707625,0.70771
1787128500,0.707715,0.707915,0.7076,0.707825
1787128800,0.707825,0.708025,0.707805,0.707965
1787129100,0.70796,0.70803,0.70789,0.70796
1787129400,0.70796,0.70796,0.70777,0.70785
1787129700,0.707855,0.707855,0.70763,0.70776
1787130000,0.707755,0.7081,0.707635,0.70809
1787130300,0.708085,0.70821,0.70801,0.70802
1787130600,0.708015,0.708165,0.70801,0.70802
1787130900,0.70802,0.70802,0.70786,0.70799
1787131200,0.70799,0.708135,0.70795,0.708075
1787131500,0.70808,0.70824,0.70792,0.70804
1787131800,0.708035,0.70813,0.707935,0.70804
1787132100,0.708045,0.708165,0.70791,0.707935
1787132400,0.707935,0.708045,0.70792,0.70798
1787132700,0.70798,0.70811,0.707935,0.70808
1787133000,0.70808,0.70811,0.7079,0.70798
1787133300,0.707985,0.708035,0.70793,0.70794
1787133600,0.70794,0.70799,0.70769,0.7077
1787133900,0.7077,0.707795,0.707615,0.707685
1787134200,0.70768,0.708075,0.70768,0.708035
1787134500,0.70804,0.70804,0.70792,0.70801
1787134800,0.70801,0.70802,0.70785,0.707895
1787135100,0.7079,0.70791,0.70764,0.70788
1787135400,0.70787,0.7079,0.70777,0.707895
1787135700,0.7079,0.70796,0.70783,0.70784
1787136000,0.707845,0.707945,0.70783,0.707915
1787136300,0.70791,0.708035,0.70788,0.707935
1787136600,0.70794,0.70794,0.707705,0.707725
1787136900,0.70772,0.707735,0.70759,0.707635
1787137200,0.70763,0.707745,0.707565,0.70759
1787137500,0.70759,0.70765,0.70733,0.70739
1787137800,0.707385,0.7077,0.70735,0.707675
1787138100,0.707675,0.70771,0.707475,0.70748
1787138400,0.70748,0.707535,0.707425,0.707525
1787138700,0.707525,0.707585,0.70736,0.707385
1787139000,0.70739,0.70746,0.707275,0.707445
1787139300,0.707445,0.70748,0.70725,0.707365
1787139600,0.707365,0.707375,0.707025,0.707075
1787139900,0.707075,0.7075,0.70701,0.70742
1787140200,0.707415,0.707435,0.70722,0.707385
1787140500,0.70739,0.707455,0.707315,0.707405
1787140800,0.70741,0.707535,0.70731,0.707395
1787141100,0.7074,0.70767,0.707385,0.707585
1787141400,0.707595,0.70775,0.70758,0.70775
1787141700,0.707745,0.70796,0.707745,0.70796
1787142000,0.707955,0.70824,0.707915,0.70819
1787142300,0.708195,0.7082,0.70795,0.70803
1787142600,0.70804,0.709125,0.708025,0.709025
1787142900,0.70902,0.7097,0.70879,0.709365
1787143200,0.70936,0.7095,0.70901,0.7095
1787143500,0.709495,0.70979,0.709375,0.709725
1787143800,0.70972,0.71002,0.70946,0.71001
1787144100,0.710005,0.710215,0.709865,0.70992
1787144400,0.709915,0.710925,0.709895,0.710795
1787144700,0.710785,0.71146,0.710705,0.71146
1787145000,0.711465,0.712155,0.711405,0.711975
1787145300,0.71198,0.71209,0.711455,0.71163
1787145600,0.711635,0.712015,0.711635,0.71166
1787145900,0.711665,0.71206,0.711525,0.71205
1787146200,0.712055,0.712505,0.712055,0.71234
1787146500,0.712345,0.712385,0.71161,0.712
1787146800,0.712005,0.712235,0.71162,0.712205
1787147100,0.7122,0.712385,0.711905,0.711935
1787147400,0.71193,0.71209,0.711515,0.711845
1787147700,0.71184,0.71206,0.71152,0.71186
1787148000,0.71185,0.71211,0.711665,0.71211
1787148300,0.712115,0.71237,0.71201,0.712245
1787148600,0.71225,0.71278,0.71222,0.71234
1787148900,0.712345,0.7125,0.71205,0.712065
1787149200,0.712055,0.71213,0.711695,0.71193
1787149500,0.711925,0.71262,0.711915,0.712595
1787149800,0.712585,0.71264,0.71237,0.71246
1787150100,0.71246,0.712845,0.712435,0.712845
1787150400,0.71285,0.7129,0.71267,0.71282
1787150700,0.712825,0.712825,0.711955,0.71203
1787151000,0.71202,0.71221,0.71186,0.71201
1787151300,0.71202,0.71219,0.71184,0.712015
1787151600,0.712025,0.71213,0.71174,0.71196
1787151900,0.711965,0.712275,0.71191,0.71209
1787152200,0.7121,0.712575,0.71195,0.71239
1787152500,0.712395,0.712535,0.712335,0.71247
1787152800,0.71246,0.71253,0.711925,0.711935
1787153100,0.71193,0.71228,0.71181,0.71224
1787153400,0.712245,0.71241,0.712185,0.71239
1787153700,0.7124,0.7126,0.71236,0.71252
1787154000,0.712515,0.71257,0.7123,0.712545
1787154300,0.71254,0.7126,0.71222,0.71222
1787154600,0.71221,0.71222,0.711885,0.71192
1787154900,0.711925,0.712195,0.711885,0.71218
1787155200,0.712185,0.71239,0.71214,0.71233
1787155500,0.712335,0.712645,0.71228,0.71264
1787155800,0.712635,0.712765,0.712565,0.71266
1787156100,0.712665,0.712695,0.71249,0.7125
1787156400,0.7125,0.712595,0.712465,0.71256
1787156700,0.71257,0.712655,0.7123,0.712375
1787157000,0.71237,0.712545,0.712295,0.71249
1787157300,0.712495,0.712495,0.7124,0.71247
1787157600,0.71247,0.71251,0.7124,0.712425
1787157900,0.71243,0.712565,0.71238,0.712415
1787158200,0.71242,0.712515,0.71239,0.712435
1787158500,0.712425,0.712515,0.712265,0.71228
1787158800,0.712285,0.71269,0.712285,0.71231
1787159100,0.71231,0.712325,0.71197,0.71206
1787159400,0.712065,0.71215,0.71186,0.711985
1787159700,0.711985,0.711995,0.711805,0.71182
1787160000,0.711825,0.71188,0.71172,0.711865
1787160300,0.711855,0.711855,0.711675,0.711805
1787160600,0.71181,0.71184,0.71165,0.711745
1787160900,0.71175,0.711775,0.711615,0.711625
1787161200,0.711615,0.71179,0.71156,0.7116
1787161500,0.71161,0.711705,0.711365,0.711405
1787161800,0.71141,0.71153,0.71137,0.711375
1787162100,0.71138,0.71143,0.7113,0.711355
1787162400,0.71137,0.711995,0.71131,0.71198
1787162700,0.711975,0.71212,0.711665,0.71182
1787163000,0.711815,0.711965,0.711765,0.71179
1787163300,0.71179,0.71183,0.71157,0.711665
1787163600,0.71167,0.71167,0.711325,0.711355
1787163900,0.711365,0.71137,0.711205,0.71136
1787164200,0.711355,0.71176,0.711345,0.711725
1787164500,0.71173,0.711835,0.711725,0.711815
1787164800,0.71181,0.7121,0.711805,0.711985
1787165100,0.71198,0.712135,0.711965,0.712125
1787165400,0.712115,0.712295,0.71204,0.71226
1787165700,0.712265,0.712465,0.712195,0.71222
1787166000,0.712225,0.712415,0.712175,0.712195
1787166300,0.71219,0.71252,0.71213,0.712475
1787166600,0.71247,0.71258,0.71227,0.7123
1787166900,0.712295,0.712495,0.71226,0.712415
1787167200,0.71241,0.712465,0.712325,0.712465
1787167500,0.71245,0.71262,0.712425,0.712565
1787167800,0.71257,0.71269,0.712465,0.71265
1787168100,0.71265,0.71265,0.712285,0.71245
1787168400,0.712465,0.71259,0.712425,0.71255
1787168700,0.712545,0.712555,0.71235,0.7125
1787169000,0.7125,0.712655,0.71245,0.71265
1787169300,0.712645,0.712655,0.71228,0.71241
1787169600,0.712405,0.712515,0.71236,0.71247
1787169900,0.712475,0.71248,0.71234,0.71241
1787170200,0.712415,0.71242,0.712245,0.712265
1787170500,0.71226,0.712295,0.71218,0.71224
1787170800,0.71224,0.712345,0.71224,0.712345
1787171100,0.71235,0.712385,0.712295,0.712315
1787171400,0.71232,0.712465,0.712315,0.71242
1787171700,0.712425,0.71248,0.712345,0.71248
1787172000,0.712475,0.71252,0.712425,0.712475
1787172300,0.712485,0.712545,0.71247,0.71251
1787172600,0.712515,0.71256,0.712505,0.712545
1787172900,0.71254,0.71256,0.71246,0.71249
1787173200,0.712495,0.712495,0.712,0.71226
1787173500,0.71217,0.71253,0.712,0.71228
1787173800,0.71228,0.71242,0.71217,0.71242
1787174100,0.71242,0.71248,0.71234,0.71234
1787174400,0.712335,0.712395,0.71219,0.71226
1787174700,0.71226,0.712285,0.712195,0.712195
1787175000,0.712195,0.712385,0.712195,0.71231
1787175300,0.71231,0.71236,0.71221,0.712225
1787175600,0.71226,0.712325,0.712185,0.712325
1787175900,0.712315,0.712475,0.712285,0.71245
1787176200,0.71245,0.71255,0.71244,0.71246
1787176500,0.712465,0.712465,0.71218,0.71231
1787176800,0.712295,0.71257,0.712285,0.712525
1787177100,0.71251,0.71259,0.71246,0.712515
1787177400,0.712515,0.712535,0.712405,0.712495
1787177700,0.712495,0.712555,0.71248,0.712515
1787178000,0.71251,0.71259,0.71248,0.712565
1787178300,0.71256,0.71259,0.71255,0.712585
1787178600,0.71259,0.712705,0.71259,0.712605
1787178900,0.7126,0.712645,0.712585,0.712615
1787179200,0.712615,0.712725,0.712605,0.71262
1787179500,0.712615,0.71263,0.7126,0.712605
1787179800,0.712605,0.71266,0.71253,0.71254
1787180100,0.712545,0.712565,0.712425,0.712455
1787180400,0.71246,0.71272,0.712405,0.712705
1787180700,0.712705,0.712845,0.712705,0.7128
1787181000,0.7128,0.7128,0.712665,0.712695
1787181300,0.712695,0.712695,0.712585,0.71261
1787181600,0.712615,0.71268,0.71251,0.71254
1787181900,0.71254,0.7126,0.71248,0.71252
1787182200,0.71252,0.71259,0.712395,0.712405
1787182500,0.7124,0.712435,0.712335,0.7124
1787182800,0.71241,0.712415,0.712325,0.71235
1787183100,0.71235,0.712405,0.7122,0.71231
1787183400,0.712305,0.71236,0.71228,0.712295
1787183700,0.712285,0.71231,0.7122,0.712295
1787184000,0.71229,0.712685,0.712195,0.71258
1787184300,0.712575,0.71261,0.712185,0.712205
1787184600,0.71221,0.7125,0.712185,0.7125
1787184900,0.7125,0.71263,0.71246,0.71247
1787185200,0.712465,0.71254,0.712285,0.712395
1787185500,0.7124,0.71243,0.71225,0.71235
1787185800,0.712355,0.712455,0.712245,0.712355
1787186100,0.71236,0.71244,0.712255,0.712295
1787186400,0.71229,0.71229,0.71215,0.71219
1787186700,0.712185,0.712185,0.7118,0.71185
1787187000,0.711845,0.71186,0.71164,0.711755
1787187300,0.71175,0.711825,0.711555,0.71166
1787187600,0.711665,0.71181,0.71146,0.71153
1787187900,0.71154,0.711745,0.71146,0.71174
1787188200,0.711745,0.71182,0.7116,0.711755
1787188500,0.71175,0.712245,0.711735,0.712175
1787188800,0.712175,0.7123,0.712015,0.712105
1787189100,0.7121,0.71263,0.71203,0.71255
1787189400,0.71254,0.71255,0.710275,0.71087
1787189700,0.710885,0.71152,0.710885,0.711285
1787190000,0.71129,0.71175,0.711195,0.71134
1787190300,0.71135,0.711455,0.710995,0.7112
1787190600,0.7112,0.71126,0.71089,0.71113
1787190900,0.71112,0.71152,0.71111,0.7115
1787191200,0.711505,0.71191,0.71143,0.7118
1787191500,0.71181,0.712025,0.711475,0.71148
1787191800,0.711475,0.71153,0.71132,0.711345
1787192100,0.711345,0.71137,0.711195,0.711265
1787192400,0.71126,0.711355,0.711005,0.711355
1787192700,0.71135,0.711365,0.711195,0.71123
1787193000,0.711235,0.71129,0.71116,0.711245
1787193300,0.711245,0.71133,0.71118,0.71132
1787193600,0.711315,0.71146,0.711255,0.711295
1787193900,0.71129,0.71134,0.7112,0.711215
1787194200,0.711215,0.711505,0.71119,0.71148
1787194500,0.711485,0.711485,0.71135,0.711395
1787194800,0.711405,0.71152,0.71131,0.711385
1787195100,0.711385,0.7115,0.71136,0.711395
1787195400,0.711395,0.711665,0.711265,0.711605
1787195700,0.711605,0.711665,0.71146,0.71157
1787196000,0.71157,0.71187,0.71155,0.711845
1787196300,0.71185,0.71194,0.711705,0.711745
1787196600,0.711745,0.71175,0.71162,0.71165
1787196900,0.711655,0.711695,0.71153,0.711635
1787197200,0.71163,0.711745,0.711555,0.711725
1787197500,0.71172,0.71191,0.711695,0.71191
1787197800,0.71191,0.71201,0.711845,0.712005
1787198100,0.712,0.712015,0.711915,0.711945
1787198400,0.711945,0.712025,0.71192,0.711965
1787198700,0.711965,0.712305,0.71191,0.712295
1787199000,0.712295,0.7124,0.712215,0.712295
1787199300,0.712295,0.71231,0.71209,0.712105
1787199600,0.712105,0.71219,0.711995,0.712
1787199900,0.712,0.712065,0.71197,0.711995
1787200200,0.712,0.71202,0.71189,0.71192
1787200500,0.71192,0.71192,0.711735,0.711795
1787200800,0.7118,0.711805,0.71166,0.71167
1787201100,0.71167,0.711705,0.71154,0.711555
1787201400,0.711555,0.7116,0.711485,0.711495
1787201700,0.71149,0.711625,0.711305,0.711385
1787202000,0.71138,0.71156,0.71133,0.71152
1787202300,0.711525,0.711605,0.71149,0.71155
1787202600,0.711555,0.711555,0.71134,0.71143
1787202900,0.711425,0.7115,0.711325,0.7114
1787203200,0.711395,0.71161,0.711355,0.71159
1787203500,0.711595,0.71161,0.7113,0.71132
1787203800,0.711325,0.711545,0.711315,0.71139
1787204100,0.711395,0.71142,0.71121,0.711275
1787204400,0.71128,0.711355,0.711195,0.7113
1787204700,0.711295,0.711505,0.711245,0.711475
1787205000,0.71148,0.7115,0.711205,0.71124
1787205300,0.711245,0.711615,0.711245,0.71149
1787205600,0.71148,0.711595,0.71143,0.711545
1787205900,0.711545,0.711735,0.71152,0.711645
1787206200,0.711645,0.711815,0.71162,0.711715
1787206500,0.711705,0.711765,0.71164,0.711705
1787206800,0.7117,0.7117,0.71151,0.711655
1787207100,0.711655,0.7118,0.71163,0.71171
1787207400,0.711715,0.7118,0.711565,0.71177
1787207700,0.71176,0.71192,0.71176,0.71183
1787208000,0.711825,0.711915,0.71176,0.711855
1787208300,0.71186,0.71221,0.71186,0.71209
1787208600,0.712085,0.71215,0.71191,0.71208
1787208900,0.712085,0.712325,0.712075,0.71226
1787209200,0.712255,0.712255,0.71178,0.71191
1787209500,0.711915,0.712115,0.711875,0.71207
1787209800,0.71205,0.712155,0.712035,0.7121
1787210100,0.712095,0.71216,0.71191,0.712095
1787210400,0.712095,0.71215,0.71171,0.711905
1787210700,0.71191,0.712015,0.711805,0.71201
1787211000,0.712015,0.71221,0.7119,0.71221
1787211300,0.712215,0.71225,0.712095,0.71219
1787211600,0.712195,0.71252,0.712195,0.712255
1787211900,0.71225,0.712265,0.712045,0.712085
1787212200,0.71209,0.712245,0.712065,0.712235
1787212500,0.71224,0.71246,0.71221,0.71235
1787212800,0.712345,0.71246,0.712235,0.71238
1787213100,0.712375,0.71244,0.712235,0.71242
1787213400,0.71241,0.71259,0.712385,0.71257
1787213700,0.71257,0.71266,0.712455,0.712495
1787214000,0.712495,0.712665,0.71246,0.71261
1787214300,0.712605,0.71273,0.71239,0.712465
1787214600,0.71247,0.71248,0.71216,0.71234
1787214900,0.71233,0.712615,0.712285,0.712535
1787215200,0.71253,0.712845,0.71252,0.712535
1787215500,0.712535,0.712575,0.712295,0.712305
1787215800,0.71231,0.712555,0.71229,0.712395
1787216100,0.7124,0.712475,0.712285,0.7124
1787216400,0.712405,0.712455,0.71228,0.712325
1787216700,0.71233,0.712555,0.712255,0.71255
1787217000,0.712545,0.71293,0.712545,0.712785
1787217300,0.71278,0.713195,0.71275,0.71291
1787217600,0.712915,0.71322,0.7129,0.712985
1787217900,0.712985,0.713155,0.71291,0.713045
1787218200,0.71305,0.71307,0.71284,0.712855
1787218500,0.712855,0.7129,0.712535,0.712535
1787218800,0.71254,0.712845,0.712535,0.712755
1787219100,0.71275,0.712755,0.71263,0.71269
1787219400,0.712695,0.712855,0.712635,0.712735
1787219700,0.71274,0.71286,0.71266,0.712845
1787220000,0.71284,0.71284,0.71266,0.712775
1787220300,0.71277,0.713055,0.712735,0.71305
1787220600,0.71305,0.713255,0.71296,0.712985
1787220900,0.71299,0.713145,0.71299,0.71305
1787221200,0.71305,0.713065,0.712735,0.712845
1787221500,0.71285,0.713235,0.71285,0.7132
1787221800,0.713195,0.71321,0.713075,0.713205
1787222100,0.713205,0.71329,0.71291,0.71293
1787222400,0.71292,0.712955,0.71268,0.712725
1787222700,0.712725,0.712735,0.7126,0.7126
1787223000,0.712605,0.71262,0.71213,0.712235
1787223300,0.71224,0.712345,0.712125,0.712325
1787223600,0.71233,0.71245,0.712255,0.7123
1787223900,0.712305,0.712305,0.71179,0.71184
1787224200,0.711835,0.71188,0.711635,0.71168
1787224500,0.711685,0.711755,0.71153,0.711725
1787224800,0.71173,0.711955,0.71168,0.711905
1787225100,0.71191,0.7121,0.71169,0.711705
1787225400,0.7117,0.71198,0.711675,0.71198
1787225700,0.711985,0.712,0.711855,0.711935
1787226000,0.711935,0.71204,0.71144,0.71146
1787226300,0.711465,0.71149,0.711025,0.711175
1787226600,0.71118,0.71125,0.71084,0.71103
1787226900,0.71103,0.711145,0.71087,0.71089
1787227200,0.710895,0.711,0.71058,0.71068
1787227500,0.71069,0.71069,0.71029,0.710595
1787227800,0.7106,0.710885,0.7106,0.71066
1787228100,0.710665,0.71079,0.710565,0.71065
1787228400,0.710645,0.71105,0.71064,0.710965
1787228700,0.71096,0.711005,0.7108,0.710955
1787229000,0.71096,0.71106,0.71072,0.71074
1787229300,0.710745,0.710955,0.7107,0.710925
1787229600,0.71093,0.711385,0.71092,0.711375
1787229900,0.711365,0.71167,0.71125,0.711665
1787230200,0.71166,0.71183,0.711505,0.71154
1787230500,0.711545,0.711765,0.711475,0.711675
1787230800,0.711685,0.712105,0.711685,0.71205
1787231100,0.712055,0.712245,0.711985,0.71202
1787231400,0.712015,0.712195,0.711855,0.711925
1787231700,0.71193,0.71225,0.71186,0.712175
1787232000,0.71217,0.71221,0.71193,0.712
1787232300,0.711995,0.712135,0.71191,0.7121
1787232600,0.712105,0.71224,0.71191,0.712085
1787232900,0.712085,0.712375,0.711945,0.712215
1787233200,0.7122,0.712405,0.712035,0.7123
1787233500,0.712305,0.71234,0.71174,0.71174
1787233800,0.711745,0.7119,0.711565,0.71173
1787234100,0.711735,0.71193,0.711495,0.711665
1787234400,0.71167,0.71205,0.71156,0.71159
1787234700,0.711595,0.71189,0.711515,0.711885
1787235000,0.71188,0.71199,0.711685,0.711685
1787235300,0.711685,0.711715,0.71147,0.711645
1787235600,0.711635,0.712195,0.711625,0.71198
1787235900,0.711985,0.71209,0.711735,0.71191
1787236200,0.71192,0.71211,0.711855,0.712055
1787236500,0.71206,0.71228,0.71198,0.71213
1787236800,0.712125,0.712375,0.71207,0.712285
1787237100,0.71228,0.712485,0.71227,0.71244
1787237400,0.71244,0.712455,0.71214,0.71229
1787237700,0.712285,0.71234,0.712065,0.712105
1787238000,0.71211,0.713235,0.71206,0.712975
1787238300,0.71298,0.712985,0.711975,0.71224
1787238600,0.712235,0.71237,0.71193,0.712205
1787238900,0.71221,0.712345,0.712165,0.712315
1787239200,0.712315,0.712385,0.71188,0.71201
1787239500,0.712015,0.71271,0.711925,0.712705
1787239800,0.712715,0.712745,0.71216,0.71217
1787240100,0.71217,0.712235,0.71182,0.711845
1787240400,0.711855,0.711915,0.711365,0.711495
1787240700,0.71149,0.71183,0.71143,0.711735
1787241000,0.71173,0.711835,0.71166,0.711735
1787241300,0.71174,0.711955,0.711725,0.71194
1787241600,0.711945,0.711995,0.7117,0.71173
1787241900,0.711725,0.711785,0.71159,0.711775
1787242200,0.711775,0.711835,0.71152,0.71155
1787242500,0.711545,0.711615,0.711435,0.7116
1787242800,0.711605,0.711705,0.7115,0.711635
1787243100,0.71164,0.71164,0.71122,0.711355
1787243400,0.71136,0.711365,0.7112,0.711335
1787243700,0.711325,0.711385,0.71114,0.71117
1787244000,0.711175,0.711295,0.711115,0.711195
1787244300,0.71119,0.711405,0.711155,0.711355
1787244600,0.711345,0.71135,0.71108,0.71114
1787244900,0.711145,0.71132,0.71111,0.711285
1787245200,0.71128,0.71135,0.711235,0.711305
1787245500,0.711305,0.711305,0.71105,0.71109
1787245800,0.711085,0.7111,0.711,0.711095
1787246100,0.7111,0.71118,0.71105,0.71107
1787246400,0.711065,0.711195,0.711045,0.711085
1787246700,0.711085,0.71123,0.711075,0.71119
1787247000,0.71119,0.7113,0.711095,0.71124
1787247300,0.711245,0.71127,0.711095,0.71111
1787247600,0.711105,0.71121,0.71105,0.7112
1787247900,0.7112,0.71124,0.71115,0.71119
1787248200,0.71119,0.711285,0.71119,0.71121
1787248500,0.71121,0.71129,0.7111,0.71125
1787248800,0.711255,0.71129,0.711055,0.71112
1787249100,0.711125,0.7112,0.710895,0.71094
1787249400,0.710935,0.710945,0.71074,0.71079
1787249700,0.71079,0.71079,0.71059,0.710775
1787250000,0.71077,0.71087,0.710745,0.710745
1787250300,0.710745,0.71079,0.71067,0.710735
1787250600,0.71073,0.710885,0.71073,0.710795
1787250900,0.710785,0.71097,0.710775,0.71089
1787251200,0.71089,0.711,0.710865,0.7109
1787251500,0.7109,0.71101,0.710885,0.71098
1787251800,0.710975,0.71111,0.71095,0.71111
1787252100,0.711125,0.711155,0.71102,0.7111
1787252400,0.7111,0.7111,0.710905,0.710985
1787252700,0.71098,0.71107,0.71096,0.711055
1787253000,0.711055,0.71115,0.71098,0.71114
1787253300,0.71114,0.711195,0.711075,0.711085
1787253600,0.711085,0.7112,0.71105,0.71119
1787253900,0.71118,0.71123,0.71115,0.71116
1787254200,0.711155,0.711185,0.711005,0.711005
1787254500,0.710995,0.71122,0.71096,0.711215
1787254800,0.711215,0.71123,0.71109,0.71111
1787255100,0.71111,0.711245,0.711075,0.71124
1787255400,0.711235,0.71132,0.711225,0.711285
1787255700,0.71129,0.711325,0.71115,0.71126
1787256000,0.711265,0.71136,0.71126,0.71129
1787256300,0.711285,0.711305,0.711215,0.711245
1787256600,0.711245,0.71133,0.711235,0.711255
1787256900,0.711255,0.711285,0.711215,0.711265
1787257200,0.71126,0.711275,0.71119,0.711205
1787257500,0.711205,0.71125,0.711195,0.7112
1787257800,0.7112,0.711265,0.71118,0.71125
1787258100,0.711245,0.711305,0.71124,0.711305
1787258400,0.711295,0.71136,0.711295,0.71135
1787258700,0.711355,0.71138,0.71132,0.711375
1787259000,0.711365,0.711365,0.711285,0.71129
1787259300,0.711295,0.711385,0.71129,0.71132
1787259600,0.71132,0.711335,0.711315,0.711315
1787259900,0.711315,0.71141,0.711285,0.71138
1787260200,0.71138,0.7114,0.711135,0.711155
1787260500,0.711155,0.711185,0.71113,0.71113
1787260800,0.71113,0.71119,0.710935,0.71116
1787261100,0.71116,0.711245,0.71109,0.7112
1787261400,0.71123,0.71127,0.711095,0.711205
1787261700,0.7112,0.71122,0.711065,0.711135
1787262000,0.711135,0.71114,0.711,0.711065
1787262300,0.71107,0.71107,0.710955,0.711025
1787262600,0.71102,0.711145,0.710955,0.711065
1787262900,0.711055,0.711185,0.7109,0.71118
1787263200,0.71102,0.71133,0.71102,0.71128
1787263500,0.71128,0.711335,0.711265,0.7113
1787263800,0.711305,0.71135,0.711275,0.71134
1787264100,0.71134,0.711395,0.711305,0.711385
1787264400,0.71139,0.71144,0.711375,0.71144
1787264700,0.71144,0.711515,0.71143,0.711445
1787265000,0.71144,0.711525,0.71143,0.711455
1787265300,0.711455,0.7115,0.711445,0.71147
1787265600,0.71147,0.711485,0.71144,0.711465
1787265900,0.71146,0.71158,0.71146,0.71158
1787266200,0.71158,0.71166,0.71156,0.711575
1787266500,0.71159,0.711595,0.71152,0.711535
1787266800,0.711525,0.71173,0.711525,0.71169
1787267100,0.71169,0.71169,0.711585,0.7116
1787267400,0.7116,0.71165,0.711595,0.711645
1787267700,0.711645,0.711735,0.71163,0.71173
1787268000,0.711735,0.711735,0.71168,0.711705
1787268300,0.711705,0.711775,0.711685,0.71175
1787268600,0.71175,0.71181,0.711735,0.711745
1787268900,0.711745,0.711755,0.711675,0.711685
1787269200,0.711685,0.71178,0.711685,0.71177
1787269500,0.71177,0.7119,0.711745,0.71189
1787269800,0.71189,0.71196,0.71182,0.71193
1787270100,0.711925,0.71198,0.711825,0.71189
1787270400,0.7119,0.7122,0.711895,0.712095
1787270700,0.712095,0.71215,0.71203,0.712095
1787271000,0.71209,0.71248,0.71209,0.712435
1787271300,0.712435,0.712515,0.712235,0.71248
1787271600,0.71248,0.71253,0.712405,0.712415
1787271900,0.71241,0.712495,0.71222,0.712325
1787272200,0.71233,0.712475,0.71222,0.712395
1787272500,0.712395,0.71248,0.71231,0.712385
1787272800,0.71239,0.7124,0.712235,0.712335
1787273100,0.712335,0.712445,0.71228,0.712385
1787273400,0.71238,0.71246,0.712235,0.712265
1787273700,0.71227,0.7123,0.712105,0.71213
1787274000,0.712125,0.712315,0.71207,0.712185
1787274300,0.71219,0.712295,0.7121,0.71216
1787274600,0.71216,0.71247,0.712075,0.712425
1787274900,0.71243,0.712695,0.71233,0.712655
1787275200,0.71265,0.712795,0.71263,0.712775
1787275500,0.712775,0.713025,0.712695,0.71297
1787275800,0.712975,0.71315,0.712975,0.71309
1787276100,0.713095,0.713115,0.712825,0.712835
1787276400,0.71283,0.712935,0.712755,0.71291
1787276700,0.712915,0.71343,0.71288,0.713395
1787277000,0.71339,0.71339,0.713125,0.71318
1787277300,0.71318,0.7134,0.71317,0.71338
1787277600,0.713385,0.7135,0.713295,0.71332
1787277900,0.713325,0.713445,0.71325,0.71343
1787278200,0.713425,0.71354,0.713395,0.713535
1787278500,0.713535,0.71363,0.713485,0.713535
1787278800,0.71354,0.71413,0.71353,0.713945
1787279100,0.71395,0.71395,0.71382,0.713945
1787279400,0.71395,0.71408,0.713755,0.71379
1787279700,0.713795,0.71393,0.713795,0.713845
1787280000,0.713845,0.7139,0.7138,0.713895
1787280300,0.7139,0.714215,0.71388,0.714195
1787280600,0.714195,0.714435,0.71414,0.71424
1787280900,0.71424,0.71433,0.713895,0.71394
1787281200,0.713945,0.71413,0.71389,0.713995
1787281500,0.713995,0.714135,0.71398,0.714085
1787281800,0.714085,0.714195,0.71405,0.71409
1787282100,0.71409,0.714225,0.714065,0.71417
1787282400,0.71417,0.714245,0.714165,0.714225
1787282700,0.714225,0.714255,0.71399,0.71399
1787283000,0.713985,0.71402,0.71388,0.713985
1787283300,0.713985,0.714,0.71386,0.713955
1787283600,0.71395,0.7142,0.713875,0.71416
1787283900,0.71416,0.71423,0.714045,0.71412
1787284200,0.714115,0.71413,0.713995,0.7141
1787284500,0.7141,0.71415,0.71405,0.71412
1787284800,0.71413,0.71414,0.714,0.714135
1787285100,0.714135,0.71422,0.714085,0.71414
1787285400,0.714145,0.714225,0.714105,0.714135
1787285700,0.714135,0.71421,0.714115,0.714195
1787286000,0.714195,0.7142,0.71402,0.714025
1787286300,0.714025,0.71404,0.713935,0.71398
1787286600,0.713985,0.714005,0.71391,0.71399
1787286900,0.71399,0.713995,0.71384,0.71384
1787287200,0.71384,0.71399,0.71384,0.713985
1787287500,0.713985,0.714115,0.713975,0.714055
1787287800,0.71405,0.71412,0.714005,0.714025
1787288100,0.714025,0.714095,0.71395,0.714055
1787288400,0.714055,0.714075,0.713805,0.71398
1787288700,0.71398,0.714,0.713915,0.713945
1787289000,0.71394,0.71398,0.71392,0.71394
1787289300,0.71394,0.71407,0.71394,0.713945
1787289600,0.713945,0.71395,0.71388,0.71393
1787289900,0.71393,0.71396,0.713895,0.713935
1787290200,0.713935,0.714095,0.713845,0.714095
1787290500,0.7141,0.71419,0.71408,0.71418
1787290800,0.71418,0.71438,0.714085,0.714375
1787291100,0.714375,0.714375,0.71416,0.714295
1787291400,0.71429,0.714595,0.71423,0.714405
1787291700,0.7144,0.71459,0.71438,0.714495
1787292000,0.714485,0.71451,0.71418,0.71424
1787292300,0.714235,0.71438,0.714205,0.714345
1787292600,0.714345,0.714445,0.71428,0.71439
1787292900,0.714395,0.71453,0.714385,0.71447
1787293200,0.714465,0.71448,0.71406,0.71411
1787293500,0.71412,0.714505,0.714065,0.714395
1787293800,0.71439,0.71481,0.71437,0.714795
1787294100,0.714795,0.71484,0.714555,0.71459
1787294400,0.714595,0.7146,0.71437,0.71443
1787294700,0.714435,0.714585,0.71427,0.714575
1787295000,0.71457,0.71459,0.71445,0.7145
1787295300,0.71451,0.7146,0.714405,0.714535
1787295600,0.71454,0.71485,0.71452,0.714795
1787295900,0.71479,0.71479,0.714445,0.714495
1787296200,0.714495,0.71464,0.714485,0.71464
1787296500,0.71463,0.71478,0.714555,0.71464
1787296800,0.714645,0.71475,0.714545,0.71472
1787297100,0.714715,0.714735,0.71454,0.71463
1787297400,0.714625,0.71484,0.71456,0.714775
1787297700,0.714775,0.71505,0.71471,0.71498
1787298000,0.71498,0.715055,0.71449,0.714685
1787298300,0.71469,0.71501,0.71467,0.71499
1787298600,0.71499,0.715095,0.714815,0.71485
1787298900,0.714855,0.715075,0.71483,0.715075
1787299200,0.71507,0.715185,0.714935,0.71507
1787299500,0.715075,0.71515,0.71488,0.715055
1787299800,0.715065,0.71542,0.715045,0.715365
1787300100,0.71537,0.715755,0.715355,0.71572
1787300400,0.71571,0.71582,0.7156,0.71572
1787300700,0.71572,0.715985,0.71572,0.715895
1787301000,0.71589,0.715935,0.7157,0.715745
1787301300,0.71575,0.715935,0.71574,0.715935
1787301600,0.715935,0.716325,0.71589,0.716235
1787301900,0.71623,0.716235,0.715925,0.71594
1787302200,0.715935,0.71608,0.71589,0.715995
1787302500,0.716,0.71614,0.71598,0.716125
1787302800,0.71613,0.716235,0.71609,0.71622
1787303100,0.71622,0.716595,0.716065,0.716525
1787303400,0.71652,0.71658,0.716375,0.716495
1787303700,0.71649,0.71659,0.716215,0.716225
1787304000,0.716225,0.716275,0.715935,0.71594
1787304300,0.715945,0.715975,0.715775,0.715865
1787304600,0.71586,0.71595,0.7158,0.71591
1787304900,0.71591,0.716185,0.71577,0.716125
1787305200,0.716125,0.716145,0.715975,0.71604
1787305500,0.716045,0.716235,0.715995,0.716225
1787305800,0.71622,0.71624,0.716075,0.716225
1787306100,0.716225,0.71626,0.71585,0.71587
1787306400,0.715875,0.71628,0.715855,0.716165
1787306700,0.71616,0.71624,0.71608,0.716095
1787307000,0.7161,0.716175,0.715985,0.716075
1787307300,0.71607,0.71629,0.716025,0.716175
1787307600,0.716175,0.716245,0.715985,0.71623
1787307900,0.716235,0.716415,0.716215,0.71639
1787308200,0.71639,0.716455,0.716305,0.716375
1787308500,0.716375,0.716395,0.71623,0.71631
1787308800,0.716305,0.716325,0.71621,0.71628
1787309100,0.716285,0.716325,0.71615,0.71616
1787309400,0.716155,0.71616,0.715825,0.71597
1787309700,0.71597,0.716025,0.71581,0.71595
1787310000,0.71596,0.71606,0.71591,0.71606
1787310300,0.716055,0.716125,0.715865,0.71602
1787310600,0.71602,0.716125,0.715995,0.71606
1787310900,0.716065,0.716155,0.716015,0.71612
1787311200,0.71612,0.716555,0.71608,0.71646
1787311500,0.716465,0.7167,0.71633,0.71669
1787311800,0.7167,0.716755,0.71612,0.716215
1787312100,0.716215,0.71668,0.71621,0.71654
1787312400,0.716545,0.71658,0.716385,0.716485
1787312700,0.71649,0.71649,0.71626,0.716375
1787313000,0.716375,0.716375,0.71618,0.71622
1787313300,0.716225,0.71642,0.716215,0.71636
1787313600,0.716365,0.716785,0.716365,0.71662
1787313900,0.71662,0.71691,0.71662,0.716785
1787314200,0.716785,0.716825,0.71663,0.71676
1787314500,0.716735,0.71689,0.716585,0.71674
1787314800,0.71675,0.71691,0.716665,0.71688
1787315100,0.716885,0.716915,0.716775,0.716805
1787315400,0.716795,0.716805,0.716375,0.71645
1787315700,0.716445,0.716465,0.71603,0.716035
1787316000,0.71604,0.71649,0.71598,0.71646
1787316300,0.716465,0.71659,0.71646,0.716525
1787316600,0.71653,0.71655,0.71638,0.7165
1787316900,0.716505,0.71663,0.716405,0.716585
1787317200,0.716595,0.716785,0.716515,0.71658
1787317500,0.716585,0.71663,0.716345,0.716475
1787317800,0.71648,0.71664,0.71644,0.716625
1787318100,0.71663,0.716675,0.716325,0.71638
1787318400,0.71637,0.71648,0.71628,0.716335
1787318700,0.71633,0.71654,0.716295,0.716475
1787319000,0.71647,0.7166,0.716045,0.716075
1787319300,0.71607,0.716475,0.71607,0.71637
1787319600,0.71636,0.716575,0.716275,0.716565
1787319900,0.71655,0.71668,0.71636,0.716615
1787320200,0.71662,0.716945,0.71654,0.71694
1787320500,0.716945,0.7173,0.716945,0.71708
1787320800,0.717075,0.717095,0.716645,0.716885
1787321100,0.71688,0.71692,0.716555,0.716715
1787321400,0.71672,0.7168,0.716645,0.716775
1787321700,0.71678,0.716885,0.7167,0.716785
1787322000,0.71678,0.7168,0.716525,0.716625
1787322300,0.716645,0.716855,0.716645,0.716775
1787322600,0.716765,0.71685,0.71647,0.71647
1787322900,0.716465,0.71658,0.71607,0.716195
1787323200,0.71619,0.71643,0.715995,0.716125
1787323500,0.71613,0.71648,0.716075,0.71647
1787323800,0.716475,0.716645,0.716275,0.71629
1787324100,0.716295,0.716505,0.71622,0.71638
1787324400,0.71638,0.71689,0.71629,0.716875
1787324700,0.71688,0.71691,0.716475,0.71654
1787325000,0.716545,0.71677,0.716525,0.716565
1787325300,0.716565,0.716735,0.71651,0.716665
1787325600,0.716655,0.716865,0.71653,0.716785
1787325900,0.71679,0.717165,0.716745,0.71703
1787326200,0.717035,0.71731,0.71699,0.71729
1787326500,0.717285,0.717355,0.717165,0.717285
1787326800,0.717285,0.71769,0.717215,0.7176
1787327100,0.717605,0.7177,0.71734,0.71735
1787327400,0.717345,0.7176,0.717335,0.71755
1787327700,0.717555,0.717625,0.717465,0.71756
1787328000,0.717565,0.717645,0.71751,0.717625
1787328300,0.717615,0.71764,0.717245,0.71733
1787328600,0.71733,0.71744,0.717285,0.71733
1787328900,0.71733,0.717375,0.717075,0.7171
1787329200,0.7171,0.7177,0.71709,0.7172
1787329500,0.71721,0.71729,0.717105,0.717225
1787329800,0.717225,0.717315,0.71709,0.71723
1787330100,0.71723,0.71734,0.717165,0.717335
1787330400,0.71734,0.71734,0.71713,0.717205
1787330700,0.717205,0.7173,0.71717,0.71728
1787331000,0.71728,0.7173,0.71716,0.71719
1787331300,0.71719,0.717285,0.71708,0.71725
1787331600,0.71725,0.71739,0.71721,0.71736
1787331900,0.717355,0.71748,0.7173,0.71748
1787332200,0.71748,0.71754,0.71731,0.717385
1787332500,0.71738,0.717545,0.71738,0.717505
1787332800,0.7175,0.717515,0.717385,0.717415
1787333100,0.717415,0.717595,0.717375,0.71754
1787333400,0.717535,0.71769,0.71743,0.71769
1787333700,0.717695,0.717885,0.71768,0.71769
1787334000,0.717685,0.71775,0.71762,0.71764
1787334300,0.71764,0.71764,0.717595,0.71762
1787334600,0.71762,0.71774,0.71759,0.717635
1787334900,0.71764,0.71779,0.7176,0.71776
1787335200,0.71776,0.71802,0.71776,0.717995
1787335500,0.717995,0.71802,0.717905,0.717915
1787335800,0.71791,0.71792,0.71778,0.71779
1787336100,0.717785,0.71783,0.71775,0.71779
1787336400,0.717785,0.71784,0.717695,0.717805
1787336700,0.71781,0.717935,0.717755,0.71778
1787337000,0.717785,0.717825,0.71771,0.717785
1787337300,0.71779,0.71788,0.717735,0.717795
1787337600,0.717795,0.71781,0.717735,0.71776
1787337900,0.717765,0.717845,0.71776,0.717795
1787338200,0.7178,0.71781,0.7177,0.7178
1787338500,0.717795,0.717845,0.717735,0.71784
1787338800,0.717845,0.71791,0.717685,0.717695
1787339100,0.71769,0.71773,0.71753,0.71754
1787339400,0.717535,0.71762,0.71752,0.71761
1787339700,0.717605,0.717605,0.71743,0.7175
1787340000,0.7175,0.71751,0.71741,0.71745
1787340300,0.71745,0.71745,0.71734,0.71739
1787340600,0.717395,0.7174,0.717275,0.717315
1787340900,0.71731,0.71737,0.717285,0.71736
1787341200,0.717355,0.71737,0.717285,0.71733
1787341500,0.71733,0.71758,0.71731,0.71758
1787341800,0.71757,0.71758,0.71732,0.71735
1787342100,0.717355,0.717355,0.71724,0.71728
1787342400,0.71728,0.717345,0.717215,0.71734
1787342700,0.71734,0.71734,0.717225,0.71725
1787343000,0.717245,0.717335,0.717225,0.71733
1787343300,0.71733,0.71735,0.717245,0.71725
1787343600,0.71725,0.71731,0.717235,0.717295
1787343900,0.71729,0.7173,0.717175,0.71718
1787344200,0.717185,0.717185,0.71706,0.717085
1787344500,0.717085,0.71718,0.717075,0.717135
1787344800,0.71714,0.71715,0.71707,0.71711
1787345100,0.717105,0.71712,0.717025,0.717025
1787345400,0.71702,0.71708,0.71698,0.717025
1787345700,0.71702,0.7171,0.716855,0.7171
1787518800,0.7171,0.7171,0.716135,0.71619
1787519100,0.716245,0.7164,0.716075,0.716155
1787519400,0.716155,0.716285,0.716155,0.71622
1787519700,0.716215,0.716525,0.716185,0.716525
1787520000,0.716525,0.716675,0.71631,0.71665
1787520300,0.71665,0.71667,0.71639,0.716565
1787520600,0.716565,0.716635,0.71643,0.71662
1787520900,0.71662,0.71663,0.716385,0.716475
1787521200,0.716475,0.71665,0.71638,0.71663
1787521500,0.716575,0.71668,0.7164,0.71645
1787521800,0.71645,0.716465,0.71624,0.716415
1787522100,0.716415,0.7167,0.716385,0.7167
1787522400,0.716705,0.71692,0.71649,0.71682
1787522700,0.716825,0.716885,0.716725,0.716885
1787523000,0.71688,0.71701,0.71688,0.71701
1787523300,0.71701,0.717015,0.716935,0.716985
1787523600,0.716995,0.717025,0.716955,0.716965
1787523900,0.71697,0.71697,0.716925,0.71695
1787524200,0.716945,0.717115,0.716945,0.71696
1787524500,0.716965,0.71699,0.71688,0.716975
1787524800,0.716975,0.71705,0.71697,0.71704
1787525100,0.717035,0.717035,0.71697,0.71698
1787525400,0.71698,0.71699,0.71697,0.71698
1787525700,0.71698,0.716985,0.716895,0.716935
1787526000,0.71693,0.716965,0.71683,0.71684
1787526300,0.71684,0.71687,0.716765,0.71687
1787526600,0.71687,0.71692,0.71683,0.716895
1787526900,0.716895,0.716905,0.71682,0.716825
1787527200,0.71683,0.716915,0.71682,0.71684
1787527500,0.716835,0.71686,0.7168,0.716815
1787527800,0.71681,0.71688,0.7168,0.71687
1787528100,0.71687,0.71699,0.71687,0.71687
1787528400,0.71687,0.71688,0.71676,0.71677
1787528700,0.71677,0.71697,0.716765,0.71696
1787529000,0.716965,0.717025,0.716885,0.71694
1787529300,0.71694,0.71717,0.71693,0.717155
1787529600,0.71716,0.717335,0.71711,0.71732
1787529900,0.717325,0.71757,0.71731,0.71734
1787530200,0.71734,0.717535,0.717325,0.71738
1787530500,0.71738,0.717475,0.71723,0.71724
1787530800,0.71724,0.71739,0.717155,0.71727
1787531100,0.717265,0.71727,0.716975,0.717165
1787531400,0.717165,0.71733,0.717085,0.717215
1787531700,0.71722,0.717235,0.717015,0.717085
1787532000,0.717085,0.717135,0.71698,0.717105
1787532300,0.7171,0.717355,0.71706,0.717355
1787532600,0.71736,0.71741,0.717235,0.717265
1787532900,0.71726,0.7176,0.717255,0.71759
1787533200,0.717595,0.71769,0.717315,0.717415
1787533500,0.71742,0.717665,0.71738,0.717505
1787533800,0.71751,0.717595,0.71724,0.71725
1787534100,0.717255,0.717325,0.717015,0.717045
1787534400,0.71705,0.71705,0.71677,0.716985
1787534700,0.716985,0.716995,0.71679,0.716865
1787535000,0.71687,0.716875,0.716665,0.716795
1787535300,0.71679,0.71679,0.71667,0.71671
1787535600,0.716715,0.71678,0.71661,0.716625
1787535900,0.716625,0.71672,0.716525,0.716715
1787536200,0.716715,0.71698,0.716715,0.71684
1787536500,0.716845,0.716855,0.71675,0.71677
1787536800,0.716765,0.716835,0.71658,0.71681
1787537100,0.716805,0.716915,0.71667,0.716915
1787537400,0.71691,0.717095,0.716855,0.71708
1787537700,0.71708,0.7172,0.71705,0.717065
1787538000,0.717065,0.71712,0.71702,0.71707
1787538300,0.71708,0.71715,0.71688,0.71692
1787538600,0.716925,0.716975,0.71676,0.71677
1787538900,0.716775,0.71691,0.71673,0.716735
1787539200,0.71673,0.716825,0.716685,0.716815
1787539500,0.71682,0.71682,0.71637,0.716375
1787539800,0.71638,0.716585,0.716375,0.716585
1787540100,0.716585,0.71671,0.716555,0.716585
1787540400,0.716585,0.716655,0.716365,0.716515
1787540700,0.716515,0.71652,0.71637,0.716395
1787541000,0.71639,0.716475,0.716215,0.716465
1787541300,0.716465,0.71655,0.716435,0.71652
1787541600,0.71652,0.71667,0.716425,0.716635
1787541900,0.716635,0.716655,0.716475,0.71649
1787542200,0.71648,0.71663,0.71647,0.71663
1787542500,0.71663,0.71663,0.716475,0.71654
1787542800,0.716545,0.71659,0.716395,0.716405
1787543100,0.716405,0.716485,0.716385,0.71639
1787543400,0.71639,0.716465,0.716365,0.71644
1787543700,0.716435,0.716485,0.71634,0.716425
1787544000,0.71642,0.7166,0.71642,0.71643
1787544300,0.71642,0.71643,0.71624,0.71624
1787544600,0.716245,0.71648,0.716205,0.716415
1787544900,0.716415,0.71642,0.71628,0.71632
1787545200,0.71633,0.71657,0.71621,0.71639
1787545500,0.716385,0.716715,0.71633,0.716695
1787545800,0.7167,0.716715,0.716515,0.7166
1787546100,0.7166,0.71665,0.716525,0.71657
1787546400,0.71657,0.71673,0.716545,0.716675
1787546700,0.716675,0.71678,0.716645,0.716685
1787547000,0.71669,0.71676,0.716665,0.716715
1787547300,0.71672,0.71674,0.716645,0.716715
1787547600,0.71672,0.71673,0.71663,0.71666
1787547900,0.71666,0.716835,0.71665,0.716795
1787548200,0.7168,0.716805,0.716685,0.71679
1787548500,0.71679,0.716925,0.71676,0.71691
1787548800,0.71691,0.71691,0.71669,0.7167
1787549100,0.716705,0.716795,0.716705,0.716715
1787549400,0.71671,0.71675,0.71651,0.71658
1787549700,0.716585,0.716775,0.71656,0.71656
1787550000,0.716565,0.716645,0.71655,0.716595
1787550300,0.716595,0.716745,0.716585,0.716735
1787550600,0.716735,0.716965,0.716685,0.71687
1787550900,0.716875,0.71698,0.71686,0.716915
1787551200,0.71691,0.716935,0.716725,0.71679
1787551500,0.716785,0.71688,0.716685,0.716845
1787551800,0.71685,0.71686,0.716625,0.71677
1787552100,0.716775,0.716815,0.71656,0.71656
1787552400,0.71657,0.71658,0.71633,0.716445
1787552700,0.71645,0.71651,0.71631,0.71638
1787553000,0.716385,0.716705,0.71637,0.716695
1787553300,0.716695,0.716795,0.716675,0.716765
1787553600,0.71677,0.7168,0.71665,0.71672
1787553900,0.71672,0.716885,0.716565,0.716845
1787554200,0.71685,0.717155,0.71685,0.717055
1787554500,0.71706,0.71706,0.716795,0.71688
1787554800,0.716885,0.717145,0.71685,0.71697
1787555100,0.716975,0.71698,0.716735,0.71679
1787555400,0.716785,0.7169,0.71672,0.71683
1787555700,0.716825,0.716835,0.71648,0.71659
1787556000,0.716585,0.71681,0.71658,0.716645
1787556300,0.716645,0.716685,0.716525,0.71663
1787556600,0.716625,0.71669,0.71646,0.71667
1787556900,0.71667,0.716735,0.71655,0.71657
1787557200,0.71657,0.716585,0.71621,0.71628
1787557500,0.716285,0.716485,0.716155,0.716375
1787557800,0.71638,0.71655,0.71634,0.71655
1787558100,0.716545,0.716575,0.71642,0.716425
1787558400,0.71642,0.71646,0.71617,0.716325
1787558700,0.71632,0.716575,0.71622,0.716345
1787559000,0.71635,0.71639,0.716215,0.716225
1787559300,0.71622,0.7163,0.716015,0.71616
1787559600,0.716165,0.71621,0.71598,0.716015
1787559900,0.716015,0.71603,0.715895,0.7159
1787560200,0.715905,0.716105,0.715825,0.716085
1787560500,0.71608,0.71609,0.715935,0.716065
1787560800,0.71606,0.71626,0.716055,0.716195
1787561100,0.7162,0.716335,0.716075,0.71632
1787561400,0.71632,0.71639,0.71622,0.71627
1787561700,0.716265,0.716345,0.716035,0.71605
1787562000,0.716055,0.71624,0.71604,0.716205
1787562300,0.71621,0.716325,0.71616,0.716175
1787562600,0.71617,0.7162,0.71609,0.71618
1787562900,0.71618,0.716195,0.71603,0.71607
1787563200,0.71607,0.71621,0.71604,0.71616
1787563500,0.716165,0.71619,0.716065,0.716185
1787563800,0.716185,0.7163,0.716175,0.716195
1787564100,0.716185,0.716195,0.71607,0.716185
1787564400,0.716175,0.716215,0.71608,0.716205
1787564700,0.716215,0.716415,0.7162,0.716405
1787565000,0.716405,0.71644,0.716325,0.71643
1787565300,0.71644,0.71646,0.71626,0.716345
1787565600,0.71634,0.71649,0.71632,0.716465
1787565900,0.716465,0.716505,0.716325,0.71646
1787566200,0.716465,0.7165,0.716425,0.716495
1787566500,0.7165,0.716555,0.716415,0.716515
1787566800,0.716515,0.716525,0.716425,0.71648
1787567100,0.716485,0.71653,0.716415,0.71645
1787567400,0.716445,0.71647,0.716365,0.716455
1787567700,0.71646,0.716465,0.716355,0.716375
1787568000,0.71638,0.716385,0.716085,0.716115
1787568300,0.71611,0.71614,0.715965,0.71601
1787568600,0.71602,0.716085,0.71595,0.71607
1787568900,0.716075,0.71616,0.71596,0.71599
1787569200,0.71598,0.716035,0.715775,0.71582
1787569500,0.715825,0.715905,0.71576,0.715875
1787569800,0.715875,0.71589,0.715765,0.71581
1787570100,0.7158,0.715955,0.715765,0.715945
1787570400,0.715945,0.716065,0.71588,0.716045
1787570700,0.71605,0.71618,0.716045,0.716065
1787571000,0.716065,0.716375,0.71603,0.71626
1787571300,0.716265,0.71694,0.716265,0.71659
1787571600,0.716585,0.71678,0.716385,0.7164
1787571900,0.716405,0.71648,0.716315,0.71634
1787572200,0.716335,0.71654,0.716225,0.71654
1787572500,0.716545,0.71659,0.71642,0.71647
1787572800,0.716465,0.71647,0.71605,0.71606
1787573100,0.716055,0.716225,0.71595,0.71616
1787573400,0.716165,0.716295,0.716075,0.716125
1787573700,0.71612,0.71629,0.716065,0.71628
1787574000,0.716275,0.716595,0.716245,0.716515
1787574300,0.71652,0.71672,0.716465,0.71671
1787574600,0.7167,0.716725,0.716045,0.71639
1787574900,0.716385,0.71665,0.716375,0.71651
1787575200,0.716515,0.716795,0.71621,0.71622
1787575500,0.71622,0.716375,0.716115,0.716355
1787575800,0.71636,0.716475,0.716315,0.716365
1787576100,0.71637,0.716375,0.716185,0.716215
1787576400,0.716215,0.71641,0.71621,0.716295
1787576700,0.716295,0.716385,0.71627,0.71637
1787577000,0.71637,0.71663,0.716365,0.716585
1787577300,0.71659,0.716725,0.71649,0.716695
1787577600,0.71669,0.716775,0.71661,0.71669
1787577900,0.716685,0.71674,0.716575,0.716585
1787578200,0.7166,0.716745,0.716495,0.716745
1787578500,0.71674,0.71678,0.716315,0.716515
1787578800,0.71652,0.7167,0.716195,0.716215
1787579100,0.716225,0.71665,0.71621,0.71647
1787579400,0.716465,0.716565,0.716025,0.71626
1787579700,0.716275,0.71644,0.716085,0.716425
1787580000,0.71642,0.716435,0.7161,0.716205
1787580300,0.716205,0.716255,0.715985,0.71613
1787580600,0.716125,0.716235,0.716055,0.716215
1787580900,0.716205,0.71621,0.71587,0.716195
1787581200,0.716195,0.71625,0.71608,0.71616
1787581500,0.716165,0.716315,0.71615,0.71617
1787581800,0.716175,0.716205,0.715955,0.71604
1787582100,0.716045,0.71618,0.71591,0.71597
1787582400,0.715975,0.71601,0.71569,0.715745
1787582700,0.715745,0.71592,0.715695,0.715725
1787583000,0.715725,0.715735,0.71539,0.715515
1787583300,0.715525,0.71562,0.71531,0.715345
1787583600,0.71535,0.715615,0.715295,0.71557
1787583900,0.715575,0.715625,0.715355,0.715355
1787584200,0.71535,0.715425,0.71527,0.71535
1787584500,0.715345,0.715395,0.715185,0.715225
1787584800,0.71522,0.715325,0.715135,0.71532
1787585100,0.715325,0.71576,0.715325,0.71559
1787585400,0.715595,0.71565,0.71528,0.71536
1787585700,0.71537,0.71553,0.715305,0.71531
1787586000,0.715315,0.715525,0.715285,0.715305
1787586300,0.7153,0.715485,0.71516,0.71521
1787586600,0.71521,0.71527,0.7151,0.71519
1787586900,0.715185,0.715205,0.714935,0.715045
1787587200,0.71505,0.715425,0.715005,0.715195
1787587500,0.71519,0.71534,0.715045,0.715065
1787587800,0.71507,0.715185,0.715005,0.7151
1787588100,0.715105,0.715235,0.715005,0.715165
1787588400,0.71516,0.7152,0.7151,0.715165
1787588700,0.71517,0.71526,0.71511,0.71512
1787589000,0.715115,0.715175,0.71501,0.71504
1787589300,0.71504,0.715195,0.715005,0.715005
1787589600,0.715,0.71503,0.714955,0.71503
1787589900,0.715035,0.71507,0.714905,0.71496
1787590200,0.714965,0.71513,0.714915,0.71503
1787590500,0.715035,0.71505,0.71491,0.714935
1787590800,0.71494,0.71497,0.714785,0.714795
1787591100,0.7148,0.71523,0.71472,0.714955
1787591400,0.71495,0.71506,0.714805,0.714875
1787591700,0.71487,0.714945,0.71471,0.71482
1787592000,0.714815,0.714815,0.71434,0.71438
1787592300,0.714385,0.714535,0.71429,0.71441
1787592600,0.714415,0.714575,0.714375,0.71441
1787592900,0.714405,0.71449,0.714375,0.71441
1787593200,0.714415,0.71445,0.714315,0.714315
1787593500,0.71432,0.714325,0.71416,0.714215
1787593800,0.71421,0.71436,0.714095,0.714195
1787594100,0.714205,0.71432,0.71405,0.714295
1787594400,0.71429,0.71441,0.714265,0.71437
1787594700,0.71437,0.7144,0.71425,0.71438
1787595000,0.714375,0.71452,0.714365,0.714475
1787595300,0.71448,0.714775,0.71448,0.71474
1787595600,0.714745,0.71493,0.714735,0.714875
1787595900,0.71488,0.715055,0.71488,0.715035
1787596200,0.715025,0.71508,0.714805,0.714845
1787596500,0.714845,0.714865,0.714655,0.71472
1787596800,0.71472,0.714925,0.71472,0.71487
1787597100,0.714865,0.71488,0.714715,0.71479
1787597400,0.714795,0.714805,0.71471,0.714785
1787597700,0.71479,0.714815,0.71457,0.714755
1787598000,0.71476,0.71484,0.71471,0.71473
1787598300,0.714735,0.71475,0.714615,0.714635
1787598600,0.714635,0.71475,0.71463,0.7147
1787598900,0.714705,0.71474,0.71466,0.714705
1787599200,0.714705,0.714795,0.71467,0.71467
1787599500,0.71467,0.714705,0.714615,0.71464
1787599800,0.714635,0.71472,0.71462,0.714705
1787600100,0.71471,0.71473,0.71464,0.714645
1787600400,0.714645,0.7148,0.714645,0.71476
1787600700,0.71477,0.714895,0.714745,0.714895
1787601000,0.71489,0.714915,0.71478,0.714825
1787601300,0.71483,0.71485,0.71474,0.71481
1787601600,0.714815,0.7149,0.714765,0.714875
1787601900,0.714875,0.714955,0.71487,0.714905
1787602200,0.714905,0.714955,0.71488,0.714925
1787602500,0.714925,0.714945,0.71491,0.71491
1787602800,0.714915,0.71493,0.714865,0.714865
1787603100,0.714865,0.71488,0.71485,0.71488
1787603400,0.714875,0.714875,0.714845,0.714845
1787603700,0.714845,0.714915,0.714805,0.714905
1787604000,0.714905,0.714915,0.714865,0.714865
1787604300,0.71487,0.71498,0.71487,0.71496
1787604600,0.714955,0.71499,0.71493,0.71498
1787604900,0.714975,0.715035,0.714975,0.71498
1787605200,0.714975,0.715105,0.71469,0.71479
1787605500,0.71479,0.71491,0.714695,0.71474
1787605800,0.7147,0.71491,0.7147,0.71487
1787606100,0.71487,0.71501,0.71478,0.71496
1787606400,0.71496,0.71504,0.71496,0.71499
1787606700,0.71499,0.71502,0.71495,0.714995
1787607000,0.71499,0.715015,0.714945,0.71496
1787607300,0.71496,0.714965,0.714905,0.714925
1787607600,0.714925,0.714965,0.71491,0.714955
1787607900,0.714955,0.71506,0.714905,0.71505
1787608200,0.715045,0.71505,0.71495,0.71495
1787608500,0.71496,0.71498,0.714895,0.714935
1787608800,0.71492,0.715105,0.714895,0.714905
1787609100,0.714905,0.71495,0.71489,0.714935
1787609400,0.714935,0.71497,0.7149,0.71496
1787609700,0.71496,0.715015,0.714955,0.714995
1787610000,0.714995,0.71502,0.71497,0.715
1787610300,0.715,0.71501,0.714955,0.71497
1787610600,0.71497,0.715035,0.714965,0.715035
1787610900,0.715035,0.715065,0.71503,0.715055
1787611200,0.715055,0.715055,0.714955,0.71505
1787611500,0.715045,0.71506,0.715005,0.71501
1787611800,0.715015,0.71502,0.714985,0.715005
1787612100,0.715005,0.71502,0.715,0.715005
1787612400,0.71501,0.71506,0.714895,0.714905
1787612700,0.714905,0.71496,0.714905,0.71494
1787613000,0.714935,0.714965,0.71493,0.71496
1787613300,0.71496,0.71501,0.714945,0.71495
1787613600,0.71495,0.71499,0.71494,0.714955
1787613900,0.714955,0.714955,0.71492,0.71492
1787614200,0.71492,0.715055,0.71492,0.71505
1787614500,0.71505,0.715075,0.71502,0.715045
1787614800,0.715045,0.71517,0.715045,0.715165
1787615100,0.71516,0.715285,0.715155,0.715205
1787615400,0.71521,0.71545,0.715205,0.71542
1787615700,0.715425,0.7155,0.71538,0.71541
1787616000,0.715415,0.715625,0.71539,0.7154
1787616300,0.715395,0.715665,0.715395,0.71551
1787616600,0.715505,0.715755,0.71549,0.715655
1787616900,0.71566,0.71566,0.715515,0.71552
1787617200,0.71553,0.715655,0.71545,0.715565
1787617500,0.71556,0.715675,0.715485,0.715665
1787617800,0.71566,0.71579,0.71557,0.715785
1787618100,0.71578,0.71591,0.71577,0.715845
1787618400,0.715845,0.71591,0.715745,0.715845
1787618700,0.715845,0.715925,0.715635,0.71571
1787619000,0.715705,0.715765,0.71548,0.71553
1787619300,0.715535,0.715835,0.71546,0.71581
1787619600,0.7158,0.715815,0.715505,0.71565
1787619900,0.715645,0.715785,0.71554,0.715695
1787620200,0.7157,0.71591,0.71562,0.71585
1787620500,0.715845,0.715855,0.71555,0.715665
1787620800,0.715665,0.71568,0.715365,0.715385
1787621100,0.71538,0.715665,0.715265,0.715645
1787621400,0.71564,0.71564,0.71529,0.7153
1787621700,0.71529,0.7156,0.71526,0.71555
1787622000,0.715555,0.715715,0.71541,0.71546
1787622300,0.715465,0.71557,0.71531,0.715545
1787622600,0.71555,0.715555,0.715315,0.715345
1787622900,0.71535,0.715405,0.715135,0.715235
1787623200,0.71523,0.71538,0.71515,0.71528
1787623500,0.71528,0.715435,0.715155,0.71541
1787623800,0.715405,0.71544,0.71532,0.715395
1787624100,0.715405,0.71544,0.71532,0.715355
1787624400,0.71536,0.71549,0.715305,0.71546
1787624700,0.715465,0.71554,0.7154,0.715535
1787625000,0.71554,0.71555,0.715235,0.715255
1787625300,0.715265,0.715435,0.71526,0.71543
1787625600,0.71543,0.715675,0.715405,0.7155
1787625900,0.715495,0.715615,0.71544,0.71547
1787626200,0.71548,0.71553,0.715335,0.715505
1787626500,0.7155,0.7155,0.715165,0.715285
1787626800,0.71529,0.7154,0.71517,0.71526
1787627100,0.71527,0.715655,0.71523,0.715645
1787627400,0.71565,0.7157,0.71541,0.71544
1787627700,0.71544,0.715605,0.715395,0.715595
1787628000,0.715595,0.715595,0.71545,0.715465
1787628300,0.71547,0.715635,0.71546,0.71549
1787628600,0.715485,0.715565,0.7154,0.71553
1787628900,0.715525,0.715605,0.715305,0.715315
1787629200,0.71532,0.71549,0.715285,0.71535
1787629500,0.71535,0.71535,0.715225,0.715235
1787629800,0.71523,0.71523,0.71511,0.71518
1787630100,0.715175,0.71524,0.7151,0.71511
1787630400,0.715105,0.715135,0.71494,0.715
1787630700,0.71501,0.715015,0.714755,0.714765
1787631000,0.71477,0.714975,0.714705,0.71496
1787631300,0.71496,0.71496,0.714805,0.714805
1787631600,0.714805,0.714815,0.71469,0.714715
1787631900,0.71472,0.71477,0.7146,0.71469
1787632200,0.71469,0.714795,0.714615,0.71478
1787632500,0.714775,0.714885,0.71475,0.714875
1787632800,0.71488,0.7149,0.71476,0.71479
1787633100,0.71479,0.714815,0.7147,0.71481
1787633400,0.71481,0.71486,0.71474,0.714805
1787633700,0.71481,0.71491,0.7148,0.7149
1787634000,0.714905,0.71505,0.71486,0.715
1787634300,0.715,0.71517,0.71498,0.71513
1787634600,0.71513,0.715175,0.715015,0.715055
1787634900,0.715055,0.71512,0.715055,0.715095
1787635200,0.715105,0.71512,0.71504,0.71511
1787635500,0.715105,0.71533,0.7151,0.71527
1787635800,0.715275,0.71532,0.7152,0.71529
1787636100,0.715295,0.71532,0.715195,0.715215
1787636400,0.715215,0.715285,0.715075,0.71508
1787636700,0.715075,0.71519,0.715,0.715035
1787637000,0.715035,0.71513,0.714965,0.715105
1787637300,0.715115,0.71516,0.714775,0.71488
1787637600,0.714885,0.715125,0.714885,0.71491
1787637900,0.714915,0.714935,0.71479,0.71482
1787638200,0.714815,0.71503,0.714805,0.714985
1787638500,0.714975,0.71498,0.714835,0.71485
1787638800,0.714845,0.714865,0.71473,0.7148
1787639100,0.714805,0.714835,0.714755,0.7148
1787639400,0.7148,0.71508,0.71475,0.71481
1787639700,0.714815,0.71482,0.71454,0.71455
1787640000,0.71455,0.714645,0.714505,0.714535
1787640300,0.71453,0.71453,0.71444,0.714495
1787640600,0.7145,0.714505,0.714265,0.714365
1787640900,0.714365,0.71448,0.71429,0.714455
1787641200,0.71446,0.714565,0.71439,0.714555
1787641500,0.71456,0.714635,0.71436,0.71449
1787641800,0.71449,0.714605,0.714405,0.714485
1787642100,0.71449,0.714725,0.71449,0.71468
1787642400,0.714675,0.714765,0.714605,0.714695
1787642700,0.714695,0.71482,0.71463,0.71463
1787643000,0.714635,0.714655,0.71448,0.714525
1787643300,0.714515,0.71454,0.71434,0.71444
1787643600,0.71444,0.714445,0.71429,0.71434
1787643900,0.714345,0.714455,0.71425,0.714355
1787644200,0.714355,0.714515,0.71432,0.714475
1787644500,0.71447,0.7145,0.714365,0.714365
1787644800,0.71437,0.71451,0.714135,0.714135
1787645100,0.71414,0.714215,0.71404,0.714065
1787645400,0.714065,0.714075,0.71377,0.714005
1787645700,0.714005,0.71434,0.714005,0.714325
1787646000,0.71433,0.7151,0.714155,0.71498
1787646300,0.71497,0.71502,0.714545,0.71464
1787646600,0.714635,0.71465,0.71435,0.714555
1787646900,0.71455,0.714685,0.714515,0.714525
1787647200,0.714515,0.714625,0.714485,0.71461
1787647500,0.714615,0.714795,0.7146,0.714605
1787647800,0.71461,0.714825,0.71461,0.714695
1787648100,0.714705,0.7149,0.714675,0.71488
1787648400,0.714875,0.71498,0.71479,0.714975
1787648700,0.71497,0.715155,0.71489,0.715155
1787649000,0.71515,0.71524,0.715015,0.71509
1787649300,0.715085,0.71515,0.715015,0.7151
1787649600,0.715095,0.71521,0.715045,0.71505
1787649900,0.715055,0.71509,0.714865,0.71493
1787650200,0.71493,0.71546,0.714845,0.71543
1787650500,0.715425,0.71548,0.71515,0.71518
1787650800,0.71518,0.71541,0.715175,0.715305
1787651100,0.71531,0.71555,0.715255,0.71553
1787651400,0.715535,0.71567,0.715515,0.715515
1787651700,0.71552,0.715705,0.715425,0.715435
1787652000,0.71543,0.71543,0.71513,0.71516
1787652300,0.715155,0.715295,0.71514,0.715195
1787652600,0.715195,0.715255,0.71506,0.715165
1787652900,0.71516,0.71523,0.715085,0.71512
1787653200,0.715125,0.715165,0.714955,0.71497
1787653500,0.714975,0.71512,0.71496,0.71506
1787653800,0.715065,0.715205,0.715045,0.71505
1787654100,0.71505,0.715225,0.714995,0.7152
1787654400,0.7152,0.715315,0.71519,0.715235
1787654700,0.71523,0.715275,0.715185,0.7152
1787655000,0.715205,0.71527,0.71514,0.71524
1787655300,0.71523,0.715315,0.7152,0.71528
1787655600,0.715275,0.71536,0.715205,0.715345
1787655900,0.715345,0.715345,0.71495,0.715145
1787656200,0.71515,0.7153,0.715105,0.71523
1787656500,0.715225,0.71528,0.71513,0.71519
1787656800,0.71519,0.71543,0.71518,0.71529
1787657100,0.715295,0.715395,0.715245,0.71539
1787657400,0.7154,0.715555,0.715345,0.715495
1787657700,0.7155,0.715555,0.71539,0.715545
1787658000,0.71555,0.715575,0.715405,0.71545
1787658300,0.71545,0.71569,0.71544,0.715685
1787658600,0.71568,0.715805,0.715545,0.715545
1787658900,0.715555,0.715555,0.715325,0.71537
1787659200,0.715375,0.71552,0.71524,0.71536
1787659500,0.715365,0.7155,0.71533,0.71533
1787659800,0.715335,0.71543,0.71522,0.71541
1787660100,0.71541,0.71545,0.71529,0.715345
1787660400,0.71534,0.71541,0.71514,0.7152
1787660700,0.715205,0.715315,0.715195,0.715295
1787661000,0.71529,0.715335,0.715065,0.71507
1787661300,0.71507,0.715185,0.714965,0.715
1787661600,0.714995,0.71526,0.714975,0.71524
1787661900,0.71525,0.715265,0.715095,0.715185
1787662200,0.715185,0.715365,0.715175,0.715265
1787662500,0.71527,0.71547,0.71526,0.715445
1787662800,0.71545,0.715495,0.71523,0.715455
1787663100,0.71545,0.715845,0.715435,0.715785
1787663400,0.715785,0.71624,0.715785,0.716005
1787663700,0.716005,0.716185,0.71595,0.716035
1787664000,0.716035,0.71606,0.71578,0.715805
1787664300,0.71581,0.71583,0.715645,0.715715
1787664600,0.715705,0.716025,0.71561,0.715825
1787664900,0.71583,0.71584,0.715545,0.715615
1787665200,0.71562,0.71563,0.715435,0.71549
1787665500,0.715495,0.71569,0.71542,0.715605
1787665800,0.715605,0.715695,0.715475,0.715485
1787666100,0.71548,0.715825,0.71538,0.715825
1787666400,0.71583,0.71584,0.71553,0.715555
1787666700,0.71556,0.715815,0.715535,0.71574
1787667000,0.71574,0.71585,0.715715,0.715785
1787667300,0.71578,0.71584,0.71565,0.71569
1787667600,0.715685,0.715845,0.71559,0.71564
1787667900,0.715645,0.715755,0.71551,0.71575
1787668200,0.715755,0.71589,0.71527,0.715735
1787668500,0.71574,0.71608,0.715735,0.71599
1787668800,0.715995,0.716005,0.715655,0.715895
1787669100,0.715895,0.716385,0.715895,0.71625
1787669400,0.716255,0.716255,0.71565,0.71565
1787669700,0.71565,0.71584,0.715445,0.715635
1787670000,0.71564,0.71574,0.71552,0.71558
1787670300,0.71558,0.7156,0.71543,0.715545
1787670600,0.715545,0.71555,0.71534,0.715395
1787670900,0.715395,0.715495,0.715275,0.715495
1787671200,0.715505,0.715645,0.715415,0.715435
1787671500,0.71543,0.715565,0.715345,0.71548
1787671800,0.71549,0.71597,0.715485,0.715875
1787672100,0.715875,0.716145,0.715835,0.715925
1787672400,0.71592,0.71603,0.715755,0.715835
1787672700,0.71583,0.715945,0.71579,0.71579
1787673000,0.715795,0.71585,0.715715,0.715715
1787673300,0.71572,0.715945,0.715645,0.715935
1787673600,0.715935,0.71603,0.715825,0.715855
1787673900,0.715855,0.71595,0.715725,0.71574
1787674200,0.715745,0.715765,0.71568,0.71569
1787674500,0.715675,0.71568,0.71555,0.715565
1787674800,0.71556,0.715615,0.715505,0.7156
1787675100,0.71561,0.71561,0.71551,0.71554
1787675400,0.715535,0.715665,0.71552,0.7156
1787675700,0.7156,0.7157,0.71551,0.71562
1787676000,0.71562,0.715645,0.71555,0.71559
1787676300,0.715585,0.715655,0.715575,0.715605
1787676600,0.7156,0.715645,0.715485,0.715495
1787676900,0.715505,0.71557,0.71539,0.715535
1787677200,0.71554,0.715565,0.715485,0.715505
1787677500,0.7155,0.71555,0.715305,0.71535
1787677800,0.71535,0.71543,0.715325,0.71539
1787678100,0.715395,0.715545,0.71537,0.71554
1787678400,0.715535,0.7156,0.715425,0.715435
1787678700,0.715435,0.71553,0.7154,0.71549
1787679000,0.715485,0.715605,0.715435,0.71555
1787679300,0.715555,0.715735,0.715555,0.71569
1787679600,0.71569,0.715695,0.71559,0.715615
1787679900,0.715615,0.71575,0.715605,0.715715
1787680200,0.715725,0.715745,0.71565,0.71571
1787680500,0.71572,0.715795,0.715705,0.71575
1787680800,0.71576,0.715765,0.715635,0.715705
1787681100,0.71571,0.7158,0.715685,0.715735
1787681400,0.715735,0.71584,0.715715,0.715715
1787681700,0.715715,0.715795,0.715715,0.715795
1787682000,0.715795,0.7158,0.715695,0.715705
1787682300,0.715715,0.715825,0.715715,0.715795
1787682600,0.715795,0.71584,0.71578,0.71581
1787682900,0.71581,0.715845,0.71578,0.715805
1787683200,0.715805,0.715875,0.71579,0.71585
1787683500,0.71584,0.715915,0.71584,0.715905
1787683800,0.71591,0.71594,0.71584,0.7159
1787684100,0.715895,0.716,0.715855,0.71594
1787684400,0.715945,0.71597,0.71586,0.715905
1787684700,0.715895,0.716115,0.715895,0.71611
1787685000,0.71611,0.716155,0.71607,0.71611
1787685300,0.716115,0.716285,0.7161,0.71619
1787685600,0.71619,0.7162,0.716085,0.71611
1787685900,0.716105,0.71613,0.71604,0.71604
1787686200,0.716035,0.71605,0.71595,0.71597
1787686500,0.715965,0.71606,0.71591,0.71605
1787686800,0.71605,0.71612,0.71601,0.71609
1787687100,0.71609,0.71631,0.71608,0.716295
1787687400,0.71629,0.716525,0.71626,0.716455
1787687700,0.71646,0.7166,0.716355,0.7165
1787688000,0.716505,0.71653,0.71642,0.716455
1787688300,0.716455,0.7167,0.716455,0.716695
1787688600,0.7167,0.716785,0.716625,0.716675
1787688900,0.71668,0.716795,0.716675,0.716765
1787689200,0.716765,0.7168,0.71675,0.716775
1787689500,0.71677,0.716845,0.716645,0.71673
1787689800,0.716725,0.7168,0.71659,0.716595
1787690100,0.7166,0.716605,0.716495,0.716515
1787690400,0.71652,0.71655,0.71645,0.71646
1787690700,0.716465,0.7165,0.716435,0.716475
1787691000,0.716475,0.71655,0.71644,0.716545
1787691300,0.71655,0.71659,0.71629,0.716305
1787691600,0.716345,0.71638,0.71591,0.716375
1787691900,0.71634,0.716425,0.716265,0.716385
1787692200,0.716385,0.71642,0.71574,0.71617
1787692500,0.71617,0.71629,0.716125,0.716235
1787692800,0.71624,0.71626,0.716195,0.71623
1787693100,0.71623,0.716305,0.716205,0.71625
1787693400,0.716245,0.716305,0.716225,0.71627
1787693700,0.716255,0.71626,0.716095,0.716115
1787694000,0.716115,0.71622,0.7161,0.71612
1787694300,0.716105,0.716295,0.716085,0.716175
1787694600,0.71618,0.716245,0.716085,0.71614
1787694900,0.716145,0.71641,0.71612,0.716225
1787695200,0.71625,0.71642,0.71625,0.71639
1787695500,0.716395,0.7164,0.716275,0.716275
1787695800,0.716275,0.71632,0.716245,0.716315
1787696100,0.716315,0.71635,0.716315,0.716345
1787696400,0.71635,0.716415,0.716315,0.716325
1787696700,0.716325,0.716345,0.716275,0.716275
1787697000,0.716275,0.716315,0.71627,0.716295
1787697300,0.716305,0.71633,0.71627,0.716325
1787697600,0.716325,0.71644,0.716325,0.716435
1787697900,0.716445,0.7165,0.716435,0.716485
1787698200,0.71648,0.71652,0.716465,0.71647
1787698500,0.716475,0.71652,0.71647,0.71651
1787698800,0.71651,0.716525,0.716445,0.716505
1787699100,0.7165,0.716565,0.7165,0.71651
1787699400,0.716505,0.716515,0.716445,0.71647
1787699700,0.716475,0.716495,0.716445,0.716485
1787700000,0.716485,0.716535,0.71648,0.71653
1787700300,0.71653,0.716545,0.716435,0.716495
1787700600,0.716495,0.71653,0.716475,0.716485
1787700900,0.716485,0.716495,0.716425,0.716425
1787701200,0.716425,0.716495,0.71638,0.716475
1787701500,0.71647,0.7166,0.716465,0.7166
1787701800,0.716595,0.71663,0.716465,0.716495
1787702100,0.716495,0.71652,0.716405,0.716445
1787702400,0.71644,0.716545,0.71641,0.71644
1787702700,0.71644,0.716515,0.716285,0.716515
1787703000,0.71651,0.716745,0.716495,0.716725
1787703300,0.716725,0.716895,0.716725,0.71682
1787703600,0.716815,0.71685,0.71662,0.71664
1787703900,0.716645,0.716645,0.716455,0.71653
1787704200,0.716535,0.716615,0.716415,0.716445
1787704500,0.716445,0.71645,0.71627,0.716275
1787704800,0.716285,0.71649,0.71625,0.716475
1787705100,0.71647,0.71668,0.716445,0.716575
1787705400,0.71658,0.7166,0.71641,0.71643
1787705700,0.716435,0.71647,0.71627,0.71627
1787706000,0.716265,0.71641,0.71617,0.71629
1787706300,0.716285,0.716335,0.71614,0.71632
1787706600,0.71632,0.71632,0.716065,0.716075
1787706900,0.71608,0.71629,0.716065,0.716075
1787707200,0.71608,0.71617,0.716015,0.71609
1787707500,0.716085,0.716135,0.715985,0.715985
1787707800,0.71599,0.71758,0.71599,0.717295
1787708100,0.7173,0.717465,0.71704,0.71707
1787708400,0.717075,0.71722,0.717,0.717105
1787708700,0.71711,0.718035,0.71709,0.717955
1787709000,0.71795,0.718165,0.7178,0.717865
1787709300,0.71787,0.71797,0.717535,0.71765
1787709600,0.717645,0.71783,0.717565,0.717805
1787709900,0.7178,0.71806,0.717745,0.71801
1787710200,0.718005,0.71811,0.71791,0.718
1787710500,0.718005,0.71812,0.71789,0.71798
1787710800,0.717975,0.71814,0.717865,0.71788
1787711100,0.717885,0.71804,0.71774,0.71804
1787711400,0.71803,0.71842,0.71801,0.71841
1787711700,0.718405,0.71849,0.71829,0.718395
1787712000,0.7184,0.718405,0.71823,0.71824
1787712300,0.71824,0.71829,0.71807,0.718095
1787712600,0.7181,0.718125,0.71796,0.71796
1787712900,0.717965,0.71797,0.71776,0.71788
1787713200,0.717885,0.718085,0.71784,0.718005
1787713500,0.718,0.718025,0.717805,0.717875
1787713800,0.71787,0.717955,0.71779,0.71793
1787714100,0.717925,0.7181,0.71787,0.718085
1787714400,0.718085,0.718205,0.71805,0.71819
1787714700,0.71819,0.71839,0.71819,0.71831
1787715000,0.718315,0.718535,0.71823,0.71845
1787715300,0.718455,0.718585,0.718405,0.718585
1787715600,0.718585,0.71864,0.71851,0.718615
1787715900,0.71862,0.71862,0.71838,0.71847
1787716200,0.718465,0.718505,0.71834,0.71834
1787716500,0.718345,0.71835,0.71813,0.71822
1787716800,0.718225,0.718345,0.718195,0.71821
1787717100,0.71821,0.71823,0.718045,0.71813
1787717400,0.71813,0.71814,0.71798,0.71802
1787717700,0.718025,0.71813,0.717995,0.718085
1787718000,0.71809,0.718105,0.71804,0.718095
1787718300,0.718085,0.718145,0.71796,0.71796
1787718600,0.71796,0.718025,0.717875,0.717875
1787718900,0.71787,0.717905,0.71767,0.71769
1787719200,0.71769,0.71776,0.717675,0.71773
1787719500,0.71773,0.71774,0.7175,0.71755
1787719800,0.71754,0.71772,0.717535,0.71767
1787720100,0.717675,0.71774,0.71763,0.717715
1787720400,0.71772,0.71797,0.717705,0.717875
1787720700,0.71788,0.717925,0.71772,0.717825
1787721000,0.717825,0.71788,0.717775,0.7178
1787721300,0.7178,0.71807,0.7178,0.71802
1787721600,0.718015,0.71803,0.717935,0.717985
1787721900,0.71798,0.718105,0.71797,0.718045
1787722200,0.718055,0.718275,0.718055,0.71822
1787722500,0.71822,0.718275,0.718015,0.718085
1787722800,0.71809,0.71835,0.71809,0.71832
1787723100,0.718325,0.71841,0.71826,0.71828
1787723400,0.718275,0.71839,0.718235,0.71825
1787723700,0.71826,0.718345,0.718255,0.718275
1787724000,0.718265,0.718295,0.718075,0.718225
1787724300,0.718235,0.71836,0.718165,0.718355
1787724600,0.71836,0.718455,0.718295,0.718315
1787724900,0.718315,0.718485,0.7183,0.718405
1787725200,0.7184,0.718445,0.71798,0.718135
1787725500,0.718145,0.718255,0.717865,0.717865
1787725800,0.71786,0.71788,0.717485,0.71756
1787726100,0.717555,0.717605,0.717375,0.71758
1787726400,0.717575,0.71778,0.717535,0.717775
1787726700,0.717775,0.71787,0.71767,0.717845
1787727000,0.71785,0.71788,0.71773,0.71785
1787727300,0.717855,0.717995,0.71775,0.717855
1787727600,0.717865,0.71808,0.717805,0.718025
1787727900,0.71803,0.71803,0.717825,0.717935
1787728200,0.71793,0.71813,0.717905,0.718
1787728500,0.717995,0.718135,0.717895,0.717905
1787728800,0.717895,0.7179,0.717645,0.717675
1787729100,0.71768,0.71783,0.71767,0.71772
1787729400,0.717715,0.717935,0.717705,0.71788
1787729700,0.717875,0.71794,0.717775,0.717785
1787730000,0.71778,0.71793,0.717755,0.71789
1787730300,0.71789,0.718135,0.71789,0.718035
1787730600,0.71803,0.718055,0.717805,0.71793
1787730900,0.717925,0.718045,0.71792,0.718015
1787731200,0.71802,0.718145,0.717945,0.71807
1787731500,0.71807,0.7183,0.718025,0.71825
1787731800,0.718245,0.718535,0.718245,0.718505
1787732100,0.7185,0.718575,0.71839,0.71842
1787732400,0.718425,0.718495,0.718195,0.71829
1787732700,0.718285,0.718395,0.718285,0.71839
1787733000,0.718385,0.718385,0.718205,0.718275
1787733300,0.71827,0.7183,0.718065,0.718135
1787733600,0.718135,0.718155,0.71805,0.718145
1787733900,0.718145,0.718265,0.71808,0.718215
1787734200,0.71822,0.718225,0.71805,0.718065
1787734500,0.71806,0.71813,0.71798,0.71811
1787734800,0.718115,0.718195,0.717975,0.718005
1787735100,0.71801,0.718015,0.717895,0.71793
1787735400,0.717925,0.718135,0.717925,0.71812
1787735700,0.718125,0.71825,0.71811,0.71818
1787736000,0.718175,0.718195,0.717855,0.71792
1787736300,0.717915,0.71799,0.717795,0.71788
1787736600,0.717885,0.718035,0.71787,0.717965
1787736900,0.71797,0.71806,0.717965,0.71804
1787737200,0.71804,0.71805,0.71795,0.71797
1787737500,0.71797,0.71809,0.71796,0.718045
1787737800,0.71804,0.718215,0.71803,0.71812
1787738100,0.718125,0.718205,0.71811,0.718145
1787738400,0.71814,0.718185,0.718075,0.718145
1787738700,0.71814,0.71821,0.71813,0.718145
1787739000,0.718145,0.71823,0.71812,0.71812
1787739300,0.71813,0.718205,0.71801,0.718025
1787739600,0.718025,0.718105,0.71799,0.718005
1787739900,0.71801,0.718085,0.717985,0.71803
1787740200,0.718035,0.7182,0.718035,0.71819
1787740500,0.71819,0.71821,0.71802,0.718205
1787740800,0.718205,0.718225,0.718015,0.71809
1787741100,0.71809,0.718095,0.718025,0.718025
1787741400,0.71803,0.71809,0.71799,0.71807
1787741700,0.71807,0.718075,0.71794,0.718015
1787742000,0.718025,0.71821,0.71798,0.718135
1787742300,0.718145,0.718145,0.717995,0.71801
1787742600,0.71801,0.71821,0.71801,0.71819
1787742900,0.718195,0.71822,0.71806,0.718065
1787743200,0.718075,0.718145,0.717955,0.717985
1787743500,0.71799,0.718235,0.71799,0.7181
1787743800,0.718105,0.71822,0.71809,0.7182
1787744100,0.718195,0.718275,0.718135,0.718155
1787744400,0.718155,0.71825,0.718155,0.71819
1787744700,0.718195,0.718285,0.71819,0.7182
1787745000,0.718195,0.71834,0.718185,0.71832
1787745300,0.71832,0.718475,0.7183,0.71846
1787745600,0.71845,0.71859,0.71845,0.71853
1787745900,0.71854,0.71869,0.718525,0.71853
1787746200,0.718535,0.71863,0.71847,0.7186
1787746500,0.71861,0.71878,0.718595,0.71874
1787746800,0.718745,0.718785,0.71859,0.71859
1787747100,0.718595,0.718775,0.718555,0.71875
1787747400,0.71876,0.718925,0.718085,0.71839
1787747700,0.718395,0.718485,0.718205,0.718245
1787748000,0.71824,0.718255,0.71791,0.718005
1787748300,0.717995,0.718105,0.717815,0.718035
1787748600,0.71804,0.718115,0.71764,0.71792
1787748900,0.71793,0.717975,0.717605,0.71768
1787749200,0.717675,0.717785,0.71757,0.717595
1787749500,0.7176,0.71774,0.71739,0.717465
1787749800,0.71747,0.717735,0.717415,0.717605
1787750100,0.71762,0.71773,0.7173,0.717635
1787750400,0.71763,0.717645,0.717395,0.717625
1787750700,0.71762,0.717685,0.71747,0.717645
1787751000,0.717655,0.717785,0.71757,0.717625
1787751300,0.717635,0.717645,0.717415,0.717475
1787751600,0.71747,0.717775,0.717415,0.71771
1787751900,0.717715,0.717875,0.7177,0.717795
1787752200,0.7178,0.718,0.71774,0.717905
1787752500,0.717895,0.717975,0.71756,0.71756
1787752800,0.71757,0.7176,0.717065,0.717405
1787753100,0.71741,0.71742,0.71723,0.71734
1787753400,0.71733,0.717495,0.717265,0.71731
1787753700,0.717315,0.717335,0.71707,0.717115
1787754000,0.71711,0.71712,0.716825,0.716935
1787754300,0.716935,0.71699,0.716825,0.716855
1787754600,0.716865,0.717225,0.716815,0.717175
1787754900,0.71717,0.71734,0.717145,0.717275
1787755200,0.71727,0.71729,0.717125,0.717185
1787755500,0.71718,0.71719,0.716815,0.71684
1787755800,0.716835,0.71691,0.716655,0.716765
1787756100,0.71677,0.71684,0.71652,0.71653
1787756400,0.716535,0.716735,0.716515,0.71664
1787756700,0.716645,0.71682,0.716575,0.716815
1787757000,0.71682,0.71683,0.71657,0.71658
1787757300,0.716575,0.71662,0.716445,0.71658
1787757600,0.716585,0.71668,0.716495,0.71665
1787757900,0.716665,0.71674,0.716615,0.716715
1787758200,0.71672,0.71689,0.7167,0.716835
1787758500,0.716825,0.716945,0.716775,0.716945
1787758800,0.716945,0.71705,0.71694,0.716945
1787759100,0.71694,0.71704,0.71686,0.71698
1787759400,0.71698,0.71699,0.71662,0.716795
1787759700,0.716795,0.71691,0.716705,0.716805
1787760000,0.7168,0.716965,0.71671,0.71696
1787760300,0.71696,0.717115,0.716915,0.716985
1787760600,0.71699,0.717,0.716885,0.716985
1787760900,0.716985,0.717135,0.71697,0.717135
1787761200,0.717135,0.71727,0.717065,0.717135
1787761500,0.717135,0.717165,0.717035,0.717085
1787761800,0.71709,0.717175,0.717025,0.71706
1787762100,0.717055,0.717055,0.716865,0.716875
1787762400,0.716875,0.71697,0.716835,0.716855
1787762700,0.71685,0.716945,0.71678,0.716945
1787763000,0.716945,0.716995,0.71676,0.71676
1787763300,0.716755,0.71691,0.71669,0.716895
1787763600,0.716895,0.71697,0.716865,0.7169
1787763900,0.716905,0.71691,0.71682,0.71688
1787764200,0.716875,0.71701,0.716845,0.71701
1787764500,0.717015,0.71724,0.717,0.717235
1787764800,0.71724,0.7173,0.7172,0.717255
1787765100,0.71726,0.717355,0.71723,0.71735
1787765400,0.717355,0.71748,0.717325,0.71743
1787765700,0.717425,0.717445,0.71727,0.717275
1787766000,0.71728,0.71734,0.717255,0.717315
1787766300,0.717305,0.717315,0.717185,0.717215
1787766600,0.717215,0.717305,0.717215,0.717265
1787766900,0.717265,0.71732,0.717195,0.71732
1787767200,0.717315,0.71736,0.717265,0.71733
1787767500,0.717325,0.717425,0.717265,0.717385
1787767800,0.71739,0.71746,0.717375,0.71739
1787768100,0.717385,0.717395,0.717325,0.71736
1787768400,0.71735,0.71736,0.71722,0.71724
1787768700,0.71724,0.717295,0.71719,0.71721
1787769000,0.71721,0.717245,0.717145,0.717185
1787769300,0.717185,0.7172,0.7171,0.717135
1787769600,0.717135,0.717225,0.717125,0.717185
1787769900,0.717185,0.717255,0.717175,0.71722
1787770200,0.717215,0.71725,0.717195,0.7172
1787770500,0.7172,0.717205,0.717095,0.717155
1787770800,0.71716,0.717245,0.717125,0.717245
1787771100,0.717245,0.71728,0.717215,0.71724
1787771400,0.717235,0.71729,0.717225,0.71726
1787771700,0.71726,0.717285,0.717185,0.717225
1787772000,0.717215,0.717285,0.71718,0.717265
1787772300,0.717265,0.717335,0.71726,0.717325
1787772600,0.717325,0.717365,0.717245,0.71726
1787772900,0.71726,0.717295,0.71722,0.717225
1787773200,0.717225,0.717245,0.717195,0.71721
1787773500,0.71721,0.71727,0.71719,0.717205
1787773800,0.717205,0.717215,0.717055,0.717065
1787774100,0.717075,0.717345,0.717075,0.71734
1787774400,0.71734,0.71735,0.717265,0.71729
1787774700,0.717285,0.71741,0.717285,0.71735
1787775000,0.717355,0.71738,0.717325,0.717325
1787775300,0.71733,0.717355,0.717305,0.717355
1787775600,0.71735,0.71739,0.71728,0.71738
1787775900,0.71738,0.71739,0.71731,0.71734
1787776200,0.717335,0.71743,0.717335,0.717385
1787776500,0.717385,0.717475,0.717385,0.71745
1787776800,0.717445,0.717465,0.717345,0.717405
1787777100,0.71741,0.71742,0.717335,0.717385
1787777400,0.71739,0.71744,0.717375,0.71743
1787777700,0.71743,0.717445,0.71707,0.71707
1787778000,0.71705,0.71705,0.716615,0.71687
1787778300,0.71687,0.71692,0.71679,0.716895
1787778600,0.716895,0.717045,0.71684,0.717045
1787778900,0.71705,0.71727,0.716995,0.71727
1787779200,0.71727,0.71727,0.717195,0.717215
1787779500,0.717215,0.71738,0.717,0.717185
1787779800,0.717155,0.717265,0.71709,0.71719
1787780100,0.71719,0.717255,0.71717,0.717215
1787780400,0.717215,0.7173,0.71715,0.717185
1787780700,0.71717,0.71751,0.71701,0.71744
1787781000,0.717445,0.71753,0.71739,0.717525
1787781300,0.717525,0.717625,0.717525,0.71758
1787781600,0.71756,0.7178,0.717545,0.71768
1787781900,0.71768,0.71769,0.717555,0.717555
1787782200,0.717565,0.71763,0.717525,0.71762
1787782500,0.71762,0.717735,0.71761,0.71773
1787782800,0.71773,0.717745,0.71763,0.717645
1787783100,0.717645,0.717705,0.717615,0.717705
1787783400,0.717705,0.717725,0.717655,0.7177
1787783700,0.7177,0.717825,0.717695,0.71782
1787784000,0.717815,0.7179,0.71781,0.71789
1787784300,0.71789,0.717995,0.71784,0.717865
1787784600,0.717865,0.717925,0.717855,0.717875
1787784900,0.71788,0.718055,0.71788,0.71799
1787785200,0.71799,0.71818,0.71795,0.71814
1787785500,0.718135,0.718265,0.71813,0.718215
1787785800,0.718225,0.71832,0.718225,0.718305
1787786100,0.718305,0.71832,0.71814,0.718305
1787786400,0.718305,0.71831,0.71814,0.71817
1787786700,0.71817,0.718175,0.718025,0.71804
1787787000,0.71804,0.71822,0.718035,0.718205
1787787300,0.71821,0.718255,0.718195,0.718225
1787787600,0.718225,0.718365,0.718185,0.71833
1787787900,0.71832,0.71847,0.71831,0.718415
1787788200,0.71841,0.718415,0.718145,0.71815
1787788500,0.71815,0.718195,0.7181,0.718135
1787788800,0.71814,0.718205,0.71795,0.717965
1787789100,0.71797,0.717995,0.717735,0.717805
1787789400,0.7178,0.71781,0.717515,0.71764
1787789700,0.71764,0.717855,0.71756,0.71783
1787790000,0.71783,0.718,0.71779,0.7179
1787790300,0.717905,0.71797,0.71783,0.717955
1787790600,0.71795,0.7181,0.71791,0.718095
1787790900,0.718095,0.718095,0.717795,0.717795
1787791200,0.717795,0.71785,0.71767,0.71768
1787791500,0.71768,0.71791,0.71766,0.717885
1787791800,0.717885,0.71795,0.717655,0.717805
1787792100,0.7178,0.718105,0.71776,0.718085
1787792400,0.71808,0.718255,0.71803,0.71816
1787792700,0.71817,0.718375,0.718105,0.718185
1787793000,0.71819,0.71821,0.718055,0.718125
1787793300,0.71813,0.718145,0.717925,0.71811
1787793600,0.718115,0.718515,0.718095,0.718455
1787793900,0.718455,0.71848,0.718185,0.71824
1787794200,0.718235,0.718565,0.718235,0.718445
1787794500,0.71845,0.71853,0.718185,0.718195
1787794800,0.718195,0.718215,0.71801,0.71802
1787795100,0.718025,0.71831,0.71798,0.718245
1787795400,0.71825,0.71833,0.718125,0.71833
1787795700,0.71833,0.718425,0.71828,0.718395
1787796000,0.7184,0.718415,0.718245,0.71829
1787796300,0.718285,0.718535,0.718285,0.71851
1787796600,0.71851,0.71853,0.718365,0.71841
1787796900,0.71841,0.718475,0.718385,0.71845
1787797200,0.71845,0.718505,0.71832,0.71834
1787797500,0.71834,0.71846,0.718315,0.718365
1787797800,0.71836,0.718475,0.718295,0.718405
1787798100,0.71841,0.718525,0.71833,0.71836
1787798400,0.718355,0.7184,0.718265,0.718365
1787798700,0.718365,0.718495,0.71831,0.718415
1787799000,0.718415,0.718415,0.71816,0.718195
1787799300,0.7182,0.71829,0.718185,0.718275
1787799600,0.71827,0.718295,0.71815,0.7182
1787799900,0.718205,0.718265,0.71809,0.718185
1787800200,0.71818,0.71831,0.71816,0.718295
1787800500,0.718295,0.71837,0.71825,0.71829
1787800800,0.71829,0.71842,0.71828,0.718415
1787801100,0.71841,0.71847,0.71823,0.71824
1787801400,0.71825,0.71829,0.71819,0.71826
1787801700,0.718265,0.71827,0.718165,0.7182
1787802000,0.7182,0.71826,0.718195,0.718205
1787802300,0.718205,0.718305,0.7182,0.718245
1787802600,0.718245,0.71828,0.718235,0.718245
1787802900,0.718245,0.71828,0.71821,0.71826
1787803200,0.718255,0.718445,0.718245,0.71835
1787803500,0.71835,0.718405,0.718265,0.718395
1787803800,0.718395,0.71854,0.71839,0.71851
1787804100,0.71851,0.71856,0.718495,0.718495
1787804400,0.7185,0.718505,0.71838,0.71841
1787804700,0.718415,0.718465,0.71836,0.71836
1787805000,0.718355,0.718355,0.71814,0.71815
1787805300,0.71815,0.718155,0.718085,0.71814
1787805600,0.718145,0.71826,0.718075,0.7182
1787805900,0.7182,0.718405,0.718185,0.718395
1787806200,0.718395,0.71852,0.71834,0.71845
1787806500,0.71844,0.718555,0.71842,0.71852
1787806800,0.71852,0.71855,0.71834,0.71837
1787807100,0.718365,0.718455,0.71835,0.71839
1787807400,0.71839,0.718455,0.7183,0.718315
1787807700,0.71831,0.718315,0.71806,0.718095
1787808000,0.718105,0.71836,0.7181,0.71834
1787808300,0.71833,0.71842,0.718285,0.71835
1787808600,0.718345,0.7184,0.718165,0.71828
1787808900,0.718275,0.718285,0.71822,0.71826
1787809200,0.718255,0.71831,0.71817,0.718305
1787809500,0.718305,0.71843,0.71829,0.718345
1787809800,0.718345,0.71836,0.71805,0.71822
1787810100,0.718225,0.71825,0.718105,0.718245
1787810400,0.71825,0.718265,0.718015,0.718095
1787810700,0.71811,0.71832,0.71808,0.71831
1787811000,0.71831,0.71849,0.718305,0.718415
1787811300,0.71842,0.718505,0.71831,0.718475
1787811600,0.71848,0.718555,0.71846,0.7185
1787811900,0.71851,0.718645,0.718485,0.71861
1787812200,0.71861,0.718635,0.718325,0.718395
1787812500,0.718395,0.71847,0.71834,0.718375
1787812800,0.71837,0.71842,0.7183,0.718355
1787813100,0.71836,0.7186,0.718125,0.71814
1787813400,0.718135,0.7183,0.71802,0.7183
1787813700,0.718305,0.71844,0.718275,0.7184
1787814000,0.71841,0.71862,0.718395,0.71854
1787814300,0.718545,0.718605,0.718365,0.7185
1787814600,0.71851,0.71862,0.718485,0.71855
1787814900,0.71855,0.71855,0.71826,0.71847
1787815200,0.71846,0.71846,0.718095,0.7181
1787815500,0.7181,0.718125,0.71791,0.717995
1787815800,0.71799,0.718115,0.717935,0.71804
1787816100,0.718045,0.718265,0.718045,0.718195
1787816400,0.718195,0.718305,0.71812,0.718305
1787816700,0.7183,0.71835,0.7182,0.71822
1787817000,0.718225,0.718235,0.71799,0.71813
1787817300,0.718135,0.71821,0.71807,0.718085
1787817600,0.71809,0.71839,0.718085,0.7183
1787817900,0.718295,0.71862,0.718275,0.7186
1787818200,0.71859,0.718645,0.718445,0.718455
1787818500,0.718455,0.718755,0.718455,0.718475
1787818800,0.71847,0.718495,0.718285,0.718485
1787819100,0.71849,0.718745,0.71848,0.718555
1787819400,0.71855,0.718585,0.71832,0.718335
1787819700,0.718335,0.71847,0.71822,0.7184
1787820000,0.7184,0.71857,0.71835,0.71848
1787820300,0.718475,0.718485,0.718375,0.71842
1787820600,0.71842,0.718535,0.71838,0.7185
1787820900,0.718495,0.71853,0.7183,0.718305
1787821200,0.71831,0.71837,0.7178,0.71785
1787821500,0.71785,0.718145,0.71784,0.71803
1787821800,0.718035,0.71815,0.717985,0.71799
1787822100,0.71799,0.718085,0.71781,0.71782
1787822400,0.71782,0.718025,0.717805,0.717945
1787822700,0.717945,0.71813,0.717885,0.718095
1787823000,0.718085,0.718085,0.71789,0.717915
1787823300,0.717915,0.717935,0.717585,0.71764
1787823600,0.717645,0.71773,0.717575,0.71758
1787823900,0.71759,0.717765,0.71754,0.71764
1787824200,0.71764,0.71779,0.71759,0.717765
1787824500,0.71778,0.717785,0.717565,0.717565
1787824800,0.717575,0.717665,0.717505,0.71763
1787825100,0.717635,0.717795,0.717585,0.71778
1787825400,0.717785,0.717945,0.717775,0.717915
1787825700,0.71791,0.718075,0.71783,0.71807
1787826000,0.718075,0.71809,0.717935,0.717955
1787826300,0.71796,0.717995,0.717875,0.717945
1787826600,0.71794,0.718,0.717925,0.717945
1787826900,0.717945,0.718,0.717745,0.717775
1787827200,0.71777,0.71793,0.7177,0.71792
1787827500,0.717925,0.71798,0.71786,0.717875
1787827800,0.71787,0.71804,0.717865,0.71801
1787828100,0.718015,0.71807,0.71794,0.717945
1787828400,0.71794,0.717945,0.717845,0.71785
1787828700,0.717855,0.71796,0.717855,0.717915
1787829000,0.71791,0.71798,0.71784,0.71795
1787829300,0.71795,0.71804,0.717895,0.718015
1787829600,0.718005,0.718095,0.717995,0.718095
1787829900,0.7181,0.71817,0.718035,0.71808
1787830200,0.718085,0.718355,0.718085,0.71814
1787830500,0.71815,0.718295,0.718095,0.718295
1787830800,0.718285,0.718405,0.71826,0.718265
1787831100,0.718265,0.718325,0.718055,0.718095
1787831400,0.7181,0.718395,0.718055,0.71839
1787831700,0.718385,0.71868,0.71834,0.718655
1787832000,0.718675,0.719,0.71864,0.7188
1787832300,0.71881,0.718995,0.71874,0.718985
1787832600,0.718985,0.719005,0.71884,0.71897
1787832900,0.71897,0.719,0.71888,0.718995
1787833200,0.719005,0.719255,0.719005,0.719035
1787833500,0.71904,0.719115,0.71889,0.71902
1787833800,0.719015,0.719155,0.718905,0.718915
1787834100,0.71891,0.71895,0.718645,0.718745
1787834400,0.71875,0.718835,0.718635,0.718705
1787834700,0.71871,0.718735,0.71855,0.71855
1787835000,0.71855,0.71871,0.71842,0.71864
1787835300,0.71864,0.71877,0.71862,0.718735
1787835600,0.71873,0.718935,0.7186,0.718845
1787835900,0.718855,0.719095,0.718805,0.719065
1787836200,0.719055,0.719275,0.719045,0.719145
1787836500,0.719155,0.719235,0.71909,0.7191
1787836800,0.7191,0.7195,0.719075,0.71948
1787837100,0.71948,0.71956,0.719365,0.719365
1787837400,0.71937,0.719445,0.719155,0.71921
1787837700,0.719205,0.7193,0.71912,0.719155
1787838000,0.719145,0.719205,0.719005,0.71905
1787838300,0.719055,0.719055,0.718675,0.718945
1787838600,0.71894,0.719255,0.718935,0.719185
1787838900,0.71918,0.71939,0.719145,0.719225
1787839200,0.71923,0.719355,0.719145,0.719355
1787839500,0.719345,0.719535,0.719245,0.719345
1787839800,0.71935,0.719365,0.718965,0.719065
1787840100,0.719075,0.71927,0.71906,0.7192
1787840400,0.7192,0.71935,0.719045,0.71906
1787840700,0.719065,0.719195,0.719,0.71919
1787841000,0.719185,0.71936,0.719165,0.71936
1787841300,0.719365,0.719475,0.7193,0.71946
1787841600,0.719465,0.719475,0.719185,0.719345
1787841900,0.719355,0.719575,0.71929,0.719305
1787842200,0.719315,0.71938,0.719105,0.71911
1787842500,0.719105,0.71918,0.718805,0.71911
1787842800,0.719115,0.7194,0.719075,0.71932
1787843100,0.719315,0.719425,0.719195,0.719245
1787843400,0.719245,0.719455,0.71923,0.71935
1787843700,0.719345,0.719475,0.719295,0.719295
1787844000,0.719295,0.71943,0.719265,0.719295
1787844300,0.719295,0.71942,0.71927,0.71938
1787844600,0.7194,0.71956,0.71934,0.71955
1787844900,0.71955,0.71962,0.719485,0.719535
1787845200,0.71954,0.719635,0.719505,0.719505
1787845500,0.719505,0.71952,0.719415,0.71949
1787845800,0.71949,0.71975,0.71948,0.71966
1787846100,0.719655,0.71978,0.719645,0.71971
1787846400,0.719715,0.719775,0.719655,0.71972
1787846700,0.71971,0.71972,0.719485,0.719515
1787847000,0.71952,0.71954,0.71944,0.71946
1787847300,0.71946,0.719475,0.719355,0.71939
1787847600,0.719385,0.719505,0.71937,0.719455
1787847900,0.71946,0.71959,0.719435,0.719525
1787848200,0.71953,0.719615,0.71952,0.7196
1787848500,0.719605,0.719655,0.719555,0.719655
1787848800,0.719655,0.719655,0.71955,0.719585
1787849100,0.719585,0.719775,0.719565,0.71957
1787849400,0.719575,0.719685,0.719545,0.71956
1787849700,0.719565,0.71974,0.71954,0.71972
1787850000,0.719715,0.719795,0.719675,0.71974
1787850300,0.71974,0.71975,0.719605,0.71973
1787850600,0.71973,0.719735,0.71964,0.719645
1787850900,0.719645,0.71969,0.719595,0.719665
1787851200,0.719665,0.719715,0.719645,0.719675
1787851500,0.719685,0.719715,0.719665,0.719695
1787851800,0.719695,0.719745,0.719645,0.719715
1787852100,0.719715,0.719715,0.719665,0.7197
1787852400,0.719695,0.71974,0.71955,0.719585
1787852700,0.71959,0.71964,0.719515,0.7196
1787853000,0.7196,0.719645,0.71955,0.719595
1787853300,0.7196,0.71971,0.719595,0.71965
1787853600,0.71965,0.719685,0.71945,0.71945
1787853900,0.719455,0.719555,0.719435,0.71954
1787854200,0.71954,0.71955,0.71947,0.719525
1787854500,0.71953,0.71955,0.71944,0.71944
1787854800,0.71944,0.719465,0.719345,0.719355
1787855100,0.719355,0.71938,0.719275,0.719285
1787855400,0.71928,0.71934,0.719255,0.719295
1787855700,0.719295,0.719395,0.71929,0.71939
1787856000,0.719385,0.71943,0.71936,0.719415
1787856300,0.719415,0.719505,0.719385,0.719465
1787856600,0.71946,0.719545,0.71945,0.719505
1787856900,0.719505,0.719575,0.719455,0.71955
1787857200,0.719565,0.7196,0.719505,0.719525
1787857500,0.719525,0.719685,0.71952,0.7196
1787857800,0.7196,0.7196,0.719545,0.719575
1787858100,0.71958,0.719625,0.719525,0.71962
1787858400,0.71962,0.71962,0.719505,0.71953
1787858700,0.71953,0.719545,0.719435,0.719455
1787859000,0.719465,0.719555,0.719425,0.7195
1787859300,0.719505,0.719535,0.71948,0.719495
1787859600,0.719495,0.719555,0.71949,0.71955
1787859900,0.71955,0.7196,0.719535,0.71954
1787860200,0.719525,0.71955,0.719435,0.71953
1787860500,0.719525,0.71967,0.71949,0.719585
1787860800,0.719595,0.71962,0.71955,0.71956
1787861100,0.719565,0.719645,0.71956,0.719615
1787861400,0.719615,0.719685,0.719595,0.719625
1787861700,0.719625,0.71964,0.719555,0.719595
1787862000,0.719595,0.719605,0.71957,0.719575
1787862300,0.719575,0.719575,0.7195,0.719505
1787862600,0.71951,0.719515,0.719485,0.719505
1787862900,0.719505,0.71953,0.719495,0.719515
1787863200,0.71951,0.719525,0.71948,0.71949
1787863500,0.719495,0.719555,0.719455,0.719555
1787863800,0.719555,0.719605,0.719525,0.71954
1787864100,0.719545,0.71955,0.719355,0.71936
1787864400,0.71935,0.71938,0.719015,0.719115
1787864700,0.71909,0.71926,0.71909,0.719205
1787865000,0.719205,0.719275,0.718985,0.71925
1787865300,0.71926,0.71942,0.71923,0.719395
1787865600,0.719395,0.719475,0.718995,0.71947
1787865900,0.71947,0.71957,0.71947,0.719505
1787866200,0.71949,0.719605,0.719485,0.71954
1787866500,0.71954,0.71955,0.71952,0.71955
1787866800,0.71955,0.719575,0.71942,0.71945
1787867100,0.719445,0.719455,0.71937,0.719445
1787867400,0.719445,0.719455,0.719405,0.71941
1787867700,0.71941,0.719515,0.719405,0.71951
1787868000,0.719505,0.719625,0.719465,0.71949
1787868300,0.71949,0.719505,0.71944,0.719465
1787868600,0.719465,0.719495,0.719425,0.71949
1787868900,0.719495,0.719525,0.719475,0.71949
1787869200,0.719485,0.719495,0.71946,0.71949
1787869500,0.719485,0.71949,0.719455,0.719485
1787869800,0.71948,0.71953,0.719475,0.719495
1787870100,0.719495,0.719545,0.71949,0.719535
1787870400,0.719535,0.71958,0.719525,0.71953
1787870700,0.71953,0.71953,0.71946,0.719465
1787871000,0.719465,0.71952,0.719425,0.719505
1787871300,0.71951,0.71955,0.7195,0.719535
1787871600,0.719535,0.719535,0.719445,0.719485
1787871900,0.719485,0.719485,0.719435,0.719435
1787872200,0.71944,0.71952,0.71943,0.719445
1787872500,0.71945,0.719455,0.71943,0.71944
1787872800,0.71944,0.71944,0.719335,0.7194
1787873100,0.7194,0.71942,0.71938,0.71938
1787873400,0.719385,0.7194,0.71938,0.71939
1787873700,0.71939,0.71948,0.71939,0.71947
1787874000,0.71947,0.719495,0.719435,0.719485
1787874300,0.719485,0.71951,0.719445,0.71948
1787874600,0.719485,0.719605,0.71948,0.71957
1787874900,0.719565,0.71957,0.719485,0.719565
1787875200,0.71957,0.719695,0.719495,0.719575
1787875500,0.71957,0.719725,0.71955,0.71966
1787875800,0.71966,0.719735,0.71961,0.719725
1787876100,0.71972,0.719775,0.71954,0.71959
1787876400,0.71958,0.719675,0.719495,0.719655
1787876700,0.71965,0.71979,0.719535,0.719775
1787877000,0.719785,0.71983,0.719735,0.719795
1787877300,0.719795,0.719895,0.71973,0.719795
1787877600,0.71979,0.719805,0.719735,0.71978
1787877900,0.719785,0.719895,0.71973,0.71981
1787878200,0.719815,0.719825,0.71953,0.719555
1787878500,0.71956,0.719695,0.71955,0.71965
1787878800,0.719645,0.71994,0.71951,0.71992
1787879100,0.71992,0.72004,0.719885,0.72
1787879400,0.72,0.72003,0.71985,0.7199
1787879700,0.719905,0.72,0.71983,0.71994
1787880000,0.71994,0.719985,0.71985,0.71985
1787880300,0.719845,0.719855,0.719615,0.719655
1787880600,0.719665,0.719805,0.719635,0.71979
1787880900,0.719795,0.72003,0.719795,0.71995
1787881200,0.719955,0.719965,0.71982,0.719855
1787881500,0.719855,0.719875,0.71972,0.719805
1787881800,0.719805,0.719895,0.719625,0.71965
1787882100,0.719645,0.719745,0.719585,0.7197
1787882400,0.719695,0.7198,0.71966,0.71974
1787882700,0.719745,0.719905,0.719745,0.719845
1787883000,0.719845,0.719905,0.719795,0.719845
1787883300,0.719845,0.719975,0.7198,0.719975
1787883600,0.719975,0.720245,0.71996,0.72024
1787883900,0.720245,0.72039,0.72005,0.72006
1787884200,0.720055,0.720245,0.720045,0.720245
1787884500,0.72024,0.720275,0.72014,0.72014
1787884800,0.72014,0.72017,0.719985,0.72
1787885100,0.719995,0.720175,0.71994,0.720175
1787885400,0.72017,0.720435,0.72014,0.720365
1787885700,0.72037,0.72046,0.720345,0.720395
1787886000,0.720395,0.720455,0.72036,0.72044
1787886300,0.720445,0.720445,0.72034,0.72038
1787886600,0.72038,0.72047,0.720335,0.72045
1787886900,0.72045,0.720465,0.72039,0.72043
1787887200,0.72043,0.72044,0.720395,0.720435
1787887500,0.72044,0.720495,0.720415,0.720465
1787887800,0.72047,0.720475,0.72034,0.720345
1787888100,0.72034,0.72035,0.720235,0.720245
1787888400,0.72024,0.720245,0.72006,0.720075
1787888700,0.720075,0.720095,0.71998,0.72007
1787889000,0.72007,0.720095,0.72003,0.720075
1787889300,0.72008,0.720165,0.720045,0.72013
1787889600,0.720125,0.720125,0.720005,0.720005
1787889900,0.72001,0.720125,0.719995,0.72012
1787890200,0.720125,0.72013,0.720035,0.720095
1787890500,0.720095,0.72025,0.720095,0.720225
1787890800,0.72023,0.720245,0.720105,0.720105
1787891100,0.720105,0.720135,0.72004,0.720075
1787891400,0.72007,0.72007,0.719995,0.72001
1787891700,0.72001,0.720025,0.719945,0.719955
1787892000,0.719955,0.71999,0.719905,0.71995
1787892300,0.719955,0.72006,0.719955,0.719955
1787892600,0.71995,0.71995,0.719845,0.719875
1787892900,0.719875,0.719875,0.719785,0.719845
1787893200,0.719845,0.719945,0.71977,0.719785
1787893500,0.71979,0.71983,0.719575,0.71964
1787893800,0.719645,0.719645,0.719435,0.719445
1787894100,0.719445,0.719535,0.71942,0.719525
1787894400,0.719525,0.71965,0.719505,0.71959
1787894700,0.71959,0.7196,0.71949,0.71958
1787895000,0.719565,0.71972,0.71952,0.719615
1787895300,0.71961,0.719635,0.71934,0.719345
1787895600,0.71935,0.719475,0.71932,0.71941
1787895900,0.719415,0.719585,0.71941,0.7195
1787896200,0.7195,0.719585,0.719485,0.719575
1787896500,0.71958,0.71968,0.7195,0.7195
1787896800,0.719495,0.719685,0.71947,0.719685
1787897100,0.719685,0.719745,0.71958,0.719735
1787897400,0.71973,0.719835,0.719695,0.719755
1787897700,0.71975,0.71985,0.719695,0.71982
1787898000,0.719815,0.72,0.719795,0.719875
1787898300,0.719875,0.720065,0.719875,0.72003
1787898600,0.720025,0.72005,0.71976,0.719905
1787898900,0.71989,0.71995,0.71956,0.71956
1787899200,0.719565,0.71986,0.71944,0.71984
1787899500,0.719835,0.72006,0.719835,0.72005
1787899800,0.720045,0.720085,0.71994,0.720025
1787900100,0.72003,0.72018,0.71992,0.71993
1787900400,0.719925,0.719955,0.719795,0.719845
1787900700,0.71985,0.719855,0.719505,0.71951
1787901000,0.719505,0.71976,0.71949,0.71963
1787901300,0.71962,0.71965,0.71926,0.71932
1787901600,0.71932,0.719505,0.71922,0.719395
1787901900,0.719395,0.71949,0.71932,0.719375
1787902200,0.71938,0.719745,0.71938,0.719695
1787902500,0.719695,0.719785,0.71954,0.719545
1787902800,0.719545,0.719645,0.719525,0.71957
1787903100,0.719575,0.71969,0.719535,0.71969
1787903400,0.719685,0.71974,0.719535,0.719585
1787903700,0.719585,0.71968,0.71956,0.71957
1787904000,0.71957,0.719685,0.719475,0.719495
1787904300,0.719495,0.719495,0.71935,0.719395
1787904600,0.719395,0.719435,0.719325,0.71936
1787904900,0.71936,0.7196,0.71936,0.719525
1787905200,0.719525,0.719575,0.719415,0.719435
1787905500,0.719435,0.719505,0.71939,0.71943
1787905800,0.719425,0.719475,0.71935,0.71946
1787906100,0.719455,0.719545,0.719385,0.719495
1787906400,0.719495,0.719495,0.719345,0.719365
1787906700,0.71937,0.71943,0.71926,0.7194
1787907000,0.719395,0.71949,0.71935,0.71942
1787907300,0.71942,0.71942,0.71933,0.719345
1787907600,0.71934,0.719425,0.71923,0.719305
1787907900,0.719315,0.71953,0.719295,0.71951
1787908200,0.719495,0.719555,0.71942,0.7195
1787908500,0.7195,0.719545,0.71944,0.71953
1787908800,0.719535,0.71964,0.71951,0.71959
1787909100,0.71959,0.71966,0.71954,0.71961
1787909400,0.719605,0.71964,0.719585,0.719595
1787909700,0.71959,0.7196,0.71948,0.71952
1787910000,0.71952,0.7197,0.71951,0.71969
1787910300,0.71968,0.71973,0.71962,0.719715
1787910600,0.719705,0.71974,0.719625,0.719685
1787910900,0.71969,0.71979,0.719635,0.719655
1787911200,0.71966,0.71975,0.71963,0.71974
1787911500,0.71974,0.71982,0.719705,0.71981
1787911800,0.719805,0.719915,0.71979,0.7198
1787912100,0.7198,0.71989,0.71973,0.71981
1787912400,0.7198,0.71993,0.719755,0.719915
1787912700,0.71992,0.719945,0.719845,0.71991
1787913000,0.719915,0.720015,0.719895,0.719975
1787913300,0.719975,0.71999,0.7199,0.71997
1787913600,0.719975,0.720035,0.71987,0.71996
1787913900,0.71996,0.71999,0.71982,0.719825
1787914200,0.719825,0.719915,0.71974,0.719915
1787914500,0.71992,0.720025,0.71991,0.72002
1787914800,0.72002,0.720045,0.719865,0.71989
1787915100,0.71989,0.71993,0.71981,0.71986
1787915400,0.71986,0.71986,0.71978,0.719825
1787915700,0.719825,0.719845,0.719755,0.719755
1787916000,0.71976,0.719795,0.719685,0.719745
1787916300,0.71975,0.719785,0.719555,0.719615
1787916600,0.71962,0.719665,0.71959,0.71964
1787916900,0.719645,0.719655,0.71956,0.71956
1787917200,0.71956,0.71968,0.71953,0.719635
1787917500,0.719635,0.719635,0.719415,0.719455
1787917800,0.719465,0.71954,0.7194,0.71953
1787918100,0.719525,0.719525,0.71932,0.71933
1787918400,0.719325,0.719455,0.71929,0.71943
1787918700,0.719425,0.719545,0.719425,0.71948
1787919000,0.719475,0.719545,0.71933,0.719515
1787919300,0.719515,0.71961,0.719495,0.71956
1787919600,0.71957,0.719795,0.719555,0.71975
1787919900,0.719755,0.719805,0.71954,0.719565
1787920200,0.71957,0.71957,0.71931,0.71936
1787920500,0.71937,0.719475,0.719275,0.719325
1787920800,0.71933,0.71959,0.719305,0.719585
1787921100,0.719585,0.71965,0.719505,0.719585
1787921400,0.719585,0.719795,0.719515,0.719795
1787921700,0.71979,0.720165,0.71979,0.720145
1787922000,0.72014,0.72032,0.720095,0.720265
1787922300,0.72027,0.720285,0.720085,0.720245
1787922600,0.720245,0.720265,0.720055,0.720065
1787922900,0.72007,0.720105,0.719945,0.72001
1787923200,0.720005,0.72007,0.719905,0.719905
1787923500,0.71991,0.719985,0.71966,0.719715
1787923800,0.71973,0.719895,0.719715,0.719785
1787924100,0.719795,0.719865,0.719615,0.719815
1787924400,0.71982,0.719865,0.719735,0.719765
1787924700,0.719765,0.719815,0.719615,0.71964
1787925000,0.719635,0.719755,0.71947,0.719735
1787925300,0.719725,0.720085,0.71916,0.71917
1787925600,0.719175,0.72082,0.71824,0.718285
1787925900,0.71828,0.71853,0.717495,0.71825
1787926200,0.718245,0.718335,0.71724,0.71745
1787926500,0.71744,0.718025,0.71731,0.71755
1787926800,0.71756,0.717715,0.716975,0.7172
1787927100,0.717195,0.717295,0.71648,0.71717
1787927400,0.717175,0.71792,0.71714,0.717915
1787927700,0.71791,0.718015,0.71748,0.717515
1787928000,0.717535,0.71789,0.717255,0.717685
1787928300,0.71768,0.717795,0.717275,0.717565
1787928600,0.717555,0.718205,0.717445,0.71814
1787928900,0.718135,0.718735,0.718135,0.718395
1787929200,0.7184,0.718585,0.717885,0.718105
1787929500,0.718095,0.718125,0.71764,0.717645
1787929800,0.717635,0.717695,0.717275,0.71735
1787930100,0.71735,0.717695,0.717315,0.71744
1787930400,0.71745,0.717645,0.717305,0.71746
1787930700,0.717455,0.71765,0.71717,0.717325
1787931000,0.71733,0.71744,0.71704,0.717095
1787931300,0.717105,0.717325,0.71683,0.716875
1787931600,0.71688,0.716895,0.71656,0.716825
1787931900,0.71683,0.717105,0.71661,0.716655
1787932200,0.71666,0.71695,0.71663,0.716755
1787932500,0.71675,0.716825,0.71637,0.71642
1787932800,0.716425,0.71655,0.716285,0.71641
1787933100,0.716405,0.71646,0.716185,0.71638
1787933400,0.716375,0.7164,0.7161,0.7161
1787933700,0.716105,0.7162,0.715605,0.715645
1787934000,0.715635,0.715785,0.71556,0.715635
1787934300,0.71564,0.71605,0.71561,0.7159
1787934600,0.715905,0.71622,0.7159,0.716
1787934900,0.71601,0.716165,0.716,0.71612
1787935200,0.71613,0.716205,0.71572,0.71582
1787935500,0.71583,0.71621,0.71583,0.7162
1787935800,0.71621,0.71632,0.71606,0.71615
1787936100,0.716155,0.716165,0.716015,0.716055
1787936400,0.71606,0.71606,0.7158,0.71583
1787936700,0.71583,0.716045,0.715705,0.71593
1787937000,0.715935,0.71617,0.71591,0.71613
1787937300,0.71613,0.716145,0.715915,0.716045
1787937600,0.71605,0.71614,0.71594,0.71601
1787937900,0.716015,0.716085,0.71591,0.71599
1787938200,0.71599,0.716015,0.715805,0.71588
1787938500,0.71588,0.716005,0.71565,0.71566
1787938800,0.715665,0.715755,0.715615,0.71575
1787939100,0.715755,0.71588,0.715695,0.71586
1787939400,0.71585,0.715905,0.71581,0.715835
1787939700,0.71583,0.71583,0.71572,0.715775
1787940000,0.71577,0.715795,0.71559,0.715595
1787940300,0.71559,0.715945,0.71557,0.715735
1787940600,0.715735,0.71589,0.715695,0.715725
1787940900,0.71573,0.715825,0.71561,0.715665
1787941200,0.715665,0.71578,0.715585,0.7156
1787941500,0.715605,0.71589,0.71559,0.71576
1787941800,0.715755,0.7158,0.71561,0.7158
1787942100,0.7158,0.71586,0.71568,0.7157
1787942400,0.715705,0.71581,0.71564,0.71581
1787942700,0.71581,0.71583,0.715655,0.71572
1787943000,0.715715,0.71582,0.7157,0.715735
1787943300,0.715745,0.71592,0.71569,0.71589
1787943600,0.7159,0.716045,0.71584,0.71594
1787943900,0.715935,0.71609,0.715925,0.71606
1787944200,0.71606,0.7161,0.7159,0.715955
1787944500,0.71596,0.715995,0.715865,0.715995
1787944800,0.715995,0.71614,0.715995,0.71614
1787945100,0.716135,0.716265,0.71613,0.716245
1787945400,0.71625,0.7163,0.71615,0.71629
1787945700,0.7163,0.71635,0.71621,0.71635
1787946000,0.716355,0.716405,0.71633,0.71635
1787946300,0.716355,0.71636,0.71619,0.71627
1787946600,0.716275,0.71634,0.716215,0.71626
1787946900,0.716265,0.716495,0.716265,0.71631
1787947200,0.71631,0.71632,0.71618,0.716245
1787947500,0.71624,0.71629,0.71617,0.716205
1787947800,0.71621,0.71625,0.716195,0.71621
1787948100,0.716215,0.71626,0.716185,0.71619
1787948400,0.716185,0.71619,0.71605,0.7161
1787948700,0.716095,0.71612,0.716065,0.716085
1787949000,0.71609,0.716105,0.715905,0.715935
1787949300,0.71593,0.715975,0.715815,0.71585
1787949600,0.71585,0.71596,0.715845,0.715955
1787949900,0.71596,0.716155,0.71596,0.71614
1787950200,0.71615,0.716225,0.71604,0.716065
1787950500,0.71608,0.716545,0.716075,0.716445
1788123600,0.716445,0.716445,0.715645,0.715665
1788123900,0.715695,0.715945,0.715695,0.7159
1788124200,0.7159,0.71594,0.71567,0.715675
1788124500,0.715675,0.715835,0.715585,0.715765
1788124800,0.715765,0.715925,0.715745,0.715755
1788125100,0.71577,0.71579,0.71573,0.715765
1788125400,0.71577,0.715895,0.715765,0.715855
1788125700,0.715855,0.71594,0.715855,0.71594
1788126000,0.71594,0.71598,0.715905,0.715955
1788126300,0.71591,0.716045,0.7159,0.71603
1788126600,0.71603,0.716085,0.71584,0.71594
1788126900,0.71594,0.7161,0.715885,0.71603
1788127200,0.71605,0.71607,0.715695,0.715905
1788127500,0.715905,0.71609,0.71589,0.71602
1788127800,0.716015,0.71602,0.715945,0.716
1788128100,0.715995,0.71608,0.715935,0.71608
1788128400,0.716075,0.716185,0.71607,0.71613
1788128700,0.71613,0.716145,0.716015,0.716045
1788129000,0.716055,0.716175,0.71603,0.71611
1788129300,0.716115,0.71617,0.715995,0.716105
1788129600,0.71611,0.71619,0.71607,0.71608
1788129900,0.71608,0.71615,0.716035,0.71605
1788130200,0.716045,0.71605,0.71599,0.716005
1788130500,0.71601,0.71608,0.71599,0.716065
1788130800,0.71606,0.71616,0.71605,0.71605
1788131100,0.716045,0.71621,0.71604,0.716055
1788131400,0.71605,0.716205,0.716015,0.716075
1788131700,0.716075,0.716145,0.716025,0.716105
1788132000,0.716115,0.71618,0.7161,0.716145
1788132300,0.716145,0.716155,0.71609,0.71609
1788132600,0.716085,0.716245,0.71604,0.716195
1788132900,0.716195,0.716245,0.71618,0.71618
1788133200,0.71618,0.716195,0.716075,0.71608
1788133500,0.716085,0.716115,0.715835,0.715865
1788133800,0.715865,0.716145,0.715865,0.716145
1788134100,0.716135,0.71614,0.71589,0.715915
1788134400,0.715925,0.7161,0.715825,0.71602
1788134700,0.716025,0.71609,0.715885,0.716075
1788135000,0.71608,0.716195,0.715985,0.71609
1788135300,0.7161,0.716195,0.71597,0.71597
1788135600,0.715975,0.716,0.715645,0.7157
1788135900,0.7157,0.71573,0.715415,0.715525
1788136200,0.715525,0.71601,0.715525,0.715915
1788136500,0.71592,0.716285,0.71591,0.716285
1788136800,0.71629,0.7163,0.71615,0.716195
1788137100,0.7162,0.716275,0.71614,0.716205
1788137400,0.716205,0.7164,0.716095,0.716305
1788137700,0.71631,0.71647,0.716305,0.716345
1788138000,0.716345,0.716395,0.71588,0.716295
1788138300,0.716295,0.716295,0.71586,0.715905
1788138600,0.71591,0.71614,0.71586,0.716135
1788138900,0.71613,0.716235,0.71598,0.71619
1788139200,0.716185,0.716315,0.716025,0.716135
1788139500,0.71613,0.716205,0.71601,0.716195
1788139800,0.716195,0.71644,0.71605,0.716185
1788140100,0.71618,0.71658,0.716155,0.71657
1788140400,0.716575,0.716745,0.71644,0.71667
1788140700,0.716675,0.71675,0.71651,0.7166
1788141000,0.71661,0.716835,0.71658,0.71669
1788141300,0.716685,0.71674,0.7166,0.716645
1788141600,0.71664,0.716765,0.716545,0.716705
1788141900,0.71671,0.716815,0.71662,0.71665
1788142200,0.71666,0.716705,0.71646,0.716515
1788142500,0.71652,0.71664,0.71625,0.71637
1788142800,0.716375,0.71659,0.716235,0.716585
1788143100,0.71659,0.716715,0.716515,0.71666
1788143400,0.716655,0.71672,0.7165,0.716545
1788143700,0.71655,0.716575,0.716295,0.716415
1788144000,0.716415,0.71642,0.7161,0.71619
1788144300,0.716185,0.716385,0.716175,0.7163
1788144600,0.716295,0.716525,0.716295,0.716495
1788144900,0.716495,0.71663,0.71644,0.716615
1788145200,0.71662,0.71677,0.71661,0.71668
1788145500,0.71669,0.71683,0.716645,0.71682
1788145800,0.716815,0.71701,0.71679,0.716995
1788146100,0.716995,0.71709,0.716875,0.716885
1788146400,0.716885,0.717015,0.716845,0.71694
1788146700,0.716945,0.71702,0.716845,0.71685
1788147000,0.716845,0.716895,0.71674,0.71678
1788147300,0.71678,0.71681,0.716555,0.716565
1788147600,0.71657,0.71677,0.716545,0.716695
1788147900,0.71669,0.7167,0.716595,0.71668
1788148200,0.71668,0.71675,0.71666,0.716665
1788148500,0.71668,0.716755,0.716665,0.71673
1788148800,0.716735,0.71675,0.716635,0.716695
1788149100,0.71669,0.7167,0.71654,0.716645
1788149400,0.716635,0.71675,0.716605,0.71675
1788149700,0.71674,0.71676,0.71659,0.71661
1788150000,0.71661,0.71664,0.71646,0.716475
1788150300,0.71647,0.71654,0.71641,0.71651
1788150600,0.716505,0.71656,0.71647,0.71653
1788150900,0.71653,0.716565,0.71653,0.716555
1788151200,0.716555,0.716555,0.716435,0.716465
1788151500,0.71647,0.7166,0.71647,0.71656
1788151800,0.71656,0.7166,0.716505,0.71659
1788152100,0.716595,0.71663,0.71651,0.71662
1788152400,0.716625,0.716635,0.716405,0.716415
1788152700,0.71642,0.716425,0.71632,0.716345
1788153000,0.716345,0.716445,0.71627,0.716435
1788153300,0.716435,0.716545,0.716415,0.716525
1788153600,0.716525,0.716585,0.716395,0.716535
1788153900,0.71653,0.71664,0.716505,0.716615
1788154200,0.71662,0.71664,0.71625,0.71631
1788154500,0.716315,0.716445,0.71627,0.716445
1788154800,0.71645,0.716575,0.716365,0.71652
1788155100,0.716525,0.716595,0.71644,0.71649
1788155400,0.716495,0.716595,0.716475,0.716515
1788155700,0.71652,0.716635,0.71646,0.71663
1788156000,0.716625,0.716675,0.71636,0.71636
1788156300,0.716365,0.71639,0.71624,0.716295
1788156600,0.7163,0.716505,0.71624,0.71649
1788156900,0.716485,0.71659,0.716425,0.716535
1788157200,0.716535,0.716725,0.716475,0.71654
1788157500,0.71655,0.716555,0.71638,0.716435
1788157800,0.716425,0.716445,0.71625,0.716255
1788158100,0.716255,0.716535,0.71622,0.7165
1788158400,0.7165,0.7165,0.71615,0.71623
1788158700,0.71623,0.716345,0.716215,0.716245
1788159000,0.716245,0.71625,0.716105,0.716205
1788159300,0.7162,0.716205,0.71596,0.71617
1788159600,0.716175,0.71619,0.71589,0.71609
1788159900,0.71609,0.71623,0.715945,0.716085
1788160200,0.7161,0.716255,0.71604,0.716135
1788160500,0.71613,0.716215,0.716025,0.71614
1788160800,0.716135,0.71649,0.71609,0.716435
1788161100,0.71644,0.71646,0.716155,0.71621
1788161400,0.716215,0.716225,0.71608,0.716135
1788161700,0.71613,0.71615,0.715865,0.715885
1788162000,0.71588,0.715975,0.71581,0.71594
1788162300,0.715935,0.71605,0.71593,0.716035
1788162600,0.716035,0.71608,0.71587,0.71594
1788162900,0.715935,0.716095,0.715885,0.71605
1788163200,0.716055,0.716485,0.716025,0.71643
1788163500,0.716425,0.716485,0.7161,0.71615
1788163800,0.71614,0.716155,0.71589,0.715965
1788164100,0.71596,0.715985,0.7158,0.715815
1788164400,0.71582,0.715875,0.715785,0.71581
1788164700,0.71581,0.715905,0.715785,0.715885
1788165000,0.71588,0.71596,0.7158,0.71581
1788165300,0.715805,0.715895,0.715775,0.71588
1788165600,0.71588,0.715925,0.715805,0.71582
1788165900,0.71583,0.715915,0.715805,0.71582
1788166200,0.71582,0.71586,0.715615,0.715755
1788166500,0.715755,0.715885,0.715745,0.71582
1788166800,0.71583,0.71589,0.715735,0.71587
1788167100,0.715875,0.71596,0.715855,0.715935
1788167400,0.715935,0.716005,0.71588,0.71598
1788167700,0.71598,0.71609,0.715955,0.71602
1788168000,0.716015,0.716085,0.71595,0.71595
1788168300,0.715955,0.716035,0.715895,0.71594
1788168600,0.715935,0.71605,0.71589,0.715975
1788168900,0.71597,0.71598,0.71588,0.71588
1788169200,0.715875,0.71609,0.715865,0.71607
1788169500,0.71607,0.716145,0.71601,0.716025
1788169800,0.71602,0.71613,0.71597,0.71608
1788170100,0.71608,0.716095,0.71601,0.71606
1788170400,0.716065,0.71622,0.716035,0.716205
1788170700,0.716195,0.71628,0.71616,0.7162
1788171000,0.7162,0.716225,0.71611,0.716155
1788171300,0.716155,0.716185,0.71597,0.71605
1788171600,0.71606,0.71617,0.71605,0.71607
1788171900,0.716065,0.71611,0.71601,0.71604
1788172200,0.716035,0.71604,0.71582,0.71584
1788172500,0.71584,0.715875,0.71581,0.715845
1788172800,0.71585,0.715875,0.715695,0.715755
1788173100,0.71576,0.71576,0.71566,0.7157
1788173400,0.715705,0.71593,0.715675,0.715695
1788173700,0.715705,0.715785,0.715605,0.715625
1788174000,0.71562,0.71573,0.715535,0.715555
1788174300,0.71556,0.71569,0.71547,0.715645
1788174600,0.715645,0.715745,0.71562,0.71567
1788174900,0.715675,0.715965,0.715675,0.71593
1788175200,0.715925,0.716135,0.71592,0.71608
1788175500,0.716085,0.71637,0.71608,0.71634
1788175800,0.716345,0.716375,0.716205,0.716205
1788176100,0.716215,0.716225,0.716105,0.716135
1788176400,0.71613,0.716365,0.71613,0.716215
1788176700,0.716215,0.716245,0.716035,0.71609
1788177000,0.716085,0.71612,0.715945,0.715995
1788177300,0.716,0.716115,0.715995,0.716045
1788177600,0.716035,0.716275,0.716035,0.716265
1788177900,0.716265,0.71632,0.71582,0.716195
1788178200,0.716205,0.71633,0.716105,0.71633
1788178500,0.71633,0.71647,0.716295,0.716415
1788178800,0.71642,0.716595,0.716205,0.716275
1788179100,0.71627,0.716315,0.71596,0.716125
1788179400,0.71613,0.71616,0.715865,0.71593
1788179700,0.71593,0.71596,0.71562,0.715815
1788180000,0.715825,0.715845,0.71562,0.715635
1788180300,0.715645,0.71573,0.715475,0.71554
1788180600,0.715545,0.71564,0.715535,0.71561
1788180900,0.715615,0.71592,0.71561,0.715905
1788181200,0.715915,0.716085,0.715805,0.716055
1788181500,0.716045,0.71617,0.71597,0.716145
1788181800,0.716145,0.716145,0.715995,0.716065
1788182100,0.716065,0.716185,0.716055,0.716115
1788182400,0.716125,0.716245,0.716005,0.71622
1788182700,0.71623,0.716505,0.716195,0.716435
1788183000,0.716435,0.71648,0.71623,0.716295
1788183300,0.716305,0.716445,0.71617,0.716295
1788183600,0.716295,0.716455,0.716105,0.716135
1788183900,0.716135,0.716235,0.715995,0.716125
1788184200,0.71613,0.716245,0.71601,0.71624
1788184500,0.716245,0.716245,0.716055,0.71621
1788184800,0.716215,0.71623,0.71597,0.716095
1788185100,0.716095,0.716295,0.71605,0.716255
1788185400,0.716255,0.716315,0.716115,0.716185
1788185700,0.716185,0.71653,0.716095,0.716455
1788186000,0.716455,0.7166,0.716395,0.71657
1788186300,0.716575,0.71667,0.716485,0.716505
1788186600,0.7165,0.71669,0.716355,0.716355
1788186900,0.716345,0.716655,0.71632,0.716555
1788187200,0.71656,0.716745,0.716485,0.716575
1788187500,0.71657,0.717035,0.71657,0.716695
1788187800,0.716695,0.71686,0.71622,0.71677
1788188100,0.716765,0.716935,0.716465,0.716485
1788188400,0.71649,0.71668,0.71612,0.71616
1788188700,0.71616,0.716645,0.716135,0.71664
1788189000,0.71664,0.71664,0.716295,0.716335
1788189300,0.71633,0.716335,0.716135,0.716235
1788189600,0.716235,0.716285,0.716055,0.716155
1788189900,0.716165,0.716405,0.716165,0.716345
1788190200,0.716335,0.716545,0.71633,0.716435
1788190500,0.71643,0.71659,0.716405,0.716575
1788190800,0.716575,0.71663,0.71651,0.71651
1788191100,0.716515,0.716735,0.71651,0.716635
1788191400,0.716635,0.71678,0.71663,0.716665
1788191700,0.71667,0.716745,0.716555,0.716555
1788192000,0.71656,0.716695,0.71651,0.716585
1788192300,0.716585,0.716655,0.716535,0.71658
1788192600,0.716575,0.716785,0.716535,0.716745
1788192900,0.716745,0.716835,0.71667,0.71673
1788193200,0.71673,0.71691,0.71673,0.71684
1788193500,0.71684,0.71684,0.71673,0.71678
1788193800,0.716785,0.716805,0.716675,0.716715
1788194100,0.71672,0.716735,0.71656,0.716565
1788194400,0.716575,0.71672,0.71657,0.7166
1788194700,0.71659,0.71667,0.716575,0.716575
1788195000,0.716575,0.71673,0.716575,0.716685
1788195300,0.71669,0.71677,0.7166,0.716765
1788195600,0.71676,0.716795,0.716655,0.71666
1788195900,0.71666,0.716675,0.716585,0.716595
1788196200,0.7166,0.716685,0.716565,0.716665
1788196500,0.716665,0.716715,0.716625,0.716675
1788196800,0.716675,0.716675,0.716585,0.716585
1788197100,0.716585,0.716585,0.716465,0.716465
1788197400,0.71647,0.716525,0.71642,0.71647
1788197700,0.71648,0.71656,0.71647,0.716555
1788198000,0.716555,0.71671,0.71655,0.71668
1788198300,0.716685,0.716805,0.71667,0.716805
1788198600,0.716795,0.716795,0.716635,0.716665
1788198900,0.716675,0.716685,0.716575,0.716585
1788199200,0.716595,0.71661,0.716425,0.71659
1788199500,0.71659,0.716625,0.716555,0.716565
1788199800,0.716565,0.71662,0.71654,0.71662
1788200100,0.71662,0.716625,0.71651,0.716555
1788200400,0.716565,0.7166,0.71651,0.71656
1788200700,0.716555,0.71657,0.716445,0.716455
1788201000,0.716455,0.716515,0.716395,0.71651
1788201300,0.71651,0.71657,0.71644,0.716465
1788201600,0.716475,0.716525,0.71638,0.716415
1788201900,0.716415,0.716485,0.716395,0.716485
1788202200,0.71648,0.716565,0.716475,0.716555
1788202500,0.716565,0.716575,0.716395,0.716405
1788202800,0.71641,0.71644,0.716315,0.71638
1788203100,0.71638,0.716445,0.716355,0.716445
1788203400,0.716455,0.716465,0.716355,0.716355
1788203700,0.716345,0.716415,0.716325,0.716385
1788204000,0.716385,0.716515,0.716375,0.716505
1788204300,0.716505,0.716565,0.716455,0.716485
1788204600,0.716475,0.716535,0.716465,0.716505
1788204900,0.716505,0.716535,0.716415,0.716445
1788205200,0.71644,0.71648,0.716395,0.71647
1788205500,0.716465,0.71656,0.716445,0.71654
1788205800,0.71655,0.716775,0.71655,0.716755
1788206100,0.71675,0.716755,0.716555,0.716605
1788206400,0.71661,0.716715,0.716555,0.716635
1788206700,0.716645,0.716665,0.716595,0.716625
1788207000,0.716635,0.716645,0.716505,0.716505
1788207300,0.716495,0.716515,0.716445,0.71647
1788207600,0.71647,0.7165,0.716455,0.716485
1788207900,0.716485,0.716515,0.716465,0.716475
1788208200,0.716475,0.716505,0.716435,0.716475
1788208500,0.716475,0.71657,0.716475,0.716565
1788208800,0.716565,0.716645,0.716545,0.716615
1788209100,0.716625,0.716715,0.716625,0.716645
1788209400,0.716615,0.71663,0.7166,0.71661
1788209700,0.716615,0.716725,0.716605,0.716635
1788210000,0.716635,0.716635,0.71661,0.71661
1788210300,0.716615,0.71666,0.716585,0.716585
1788210600,0.716585,0.71675,0.71658,0.7166
1788210900,0.71662,0.71664,0.716455,0.716545
1788211200,0.716545,0.71657,0.7165,0.716505
1788211500,0.716505,0.716595,0.716395,0.71656
1788211800,0.7166,0.716705,0.716585,0.71667
1788212100,0.71667,0.716685,0.71655,0.71655
1788212400,0.71655,0.716685,0.716545,0.71662
1788212700,0.716625,0.716625,0.716575,0.71658
1788213000,0.71658,0.716615,0.716575,0.716585
1788213300,0.716585,0.71673,0.71658,0.716645
1788213600,0.71663,0.716765,0.716555,0.716605
1788213900,0.71661,0.71665,0.71659,0.716645
1788214200,0.71664,0.716655,0.716535,0.71654
1788214500,0.716535,0.71655,0.716505,0.71652
1788214800,0.71652,0.71656,0.71652,0.71654
1788215100,0.716535,0.71654,0.7165,0.71651
1788215400,0.716515,0.71657,0.7165,0.71657
1788215700,0.71657,0.7166,0.71655,0.71657
1788216000,0.71657,0.716635,0.71651,0.716525
1788216300,0.716525,0.716525,0.71648,0.716505
1788216600,0.71651,0.71656,0.7165,0.716515
1788216900,0.716515,0.7166,0.716515,0.716575
1788217200,0.716585,0.71665,0.71653,0.716635
1788217500,0.71663,0.716695,0.716615,0.71668
1788217800,0.71668,0.71674,0.716675,0.71668
1788218100,0.716675,0.71671,0.71666,0.71671
1788218400,0.71671,0.71671,0.716625,0.716625
1788218700,0.71663,0.716775,0.71663,0.716755
1788219000,0.716755,0.7169,0.716755,0.71686
1788219300,0.71686,0.71688,0.716705,0.716755
1788219600,0.716755,0.71685,0.716685,0.716775
1788219900,0.716775,0.71683,0.71674,0.71676
1788220200,0.71676,0.717065,0.71675,0.717055
1788220500,0.71705,0.717095,0.71695,0.717085
1788220800,0.717095,0.71735,0.71702,0.717345
1788221100,0.71734,0.717695,0.717315,0.717685
1788221400,0.71769,0.717695,0.71747,0.717535
1788221700,0.71754,0.71794,0.71745,0.717935
1788222000,0.71794,0.71808,0.71791,0.71799
1788222300,0.717995,0.71802,0.71791,0.717955
1788222600,0.71796,0.71798,0.717625,0.717685
1788222900,0.717685,0.717685,0.71748,0.71751
1788223200,0.717505,0.71761,0.71741,0.71745
1788223500,0.717445,0.71747,0.717165,0.717255
1788223800,0.71725,0.71737,0.7171,0.717125
1788224100,0.717135,0.717205,0.717,0.717075
1788224400,0.71707,0.717105,0.716895,0.716915
1788224700,0.71692,0.71694,0.716705,0.71682
1788225000,0.716825,0.71691,0.71672,0.716815
1788225300,0.71682,0.71703,0.716745,0.716875
1788225600,0.71687,0.716885,0.716665,0.716765
1788225900,0.716765,0.71686,0.71665,0.716715
1788226200,0.716725,0.716925,0.716585,0.71692
1788226500,0.716915,0.71718,0.71691,0.71711
1788226800,0.717115,0.717525,0.71709,0.717515
1788227100,0.71751,0.717525,0.717215,0.71722
1788227400,0.71722,0.71726,0.71696,0.71697
1788227700,0.71697,0.7173,0.716935,0.71726
1788228000,0.717255,0.717275,0.71703,0.71709
1788228300,0.71709,0.71715,0.71692,0.716965
1788228600,0.71697,0.717285,0.716965,0.71728
1788228900,0.71728,0.71734,0.717135,0.71734
1788229200,0.71734,0.717395,0.717125,0.717175
1788229500,0.717175,0.717185,0.71711,0.71716
1788229800,0.71715,0.71717,0.717025,0.717035
1788230100,0.717035,0.71704,0.71688,0.71689
1788230400,0.71689,0.71708,0.71686,0.71706
1788230700,0.717055,0.71713,0.71698,0.717095
1788231000,0.71709,0.71724,0.71707,0.71719
1788231300,0.71719,0.71735,0.717165,0.71734
1788231600,0.717335,0.717335,0.716975,0.717025
1788231900,0.717025,0.717125,0.716925,0.71694
1788232200,0.71695,0.717025,0.716885,0.71692
1788232500,0.71693,0.71699,0.71685,0.71687
1788232800,0.716875,0.716875,0.71662,0.71665
1788233100,0.71665,0.716845,0.716645,0.716725
1788233400,0.71672,0.71698,0.71669,0.71696
1788233700,0.716955,0.71702,0.716885,0.716935
1788234000,0.716935,0.717045,0.71684,0.71686
1788234300,0.716855,0.717085,0.71685,0.71707
1788234600,0.71707,0.717095,0.716825,0.716825
1788234900,0.71682,0.71683,0.716675,0.716675
1788235200,0.71667,0.71671,0.716615,0.7167
1788235500,0.7167,0.716775,0.716635,0.71668
1788235800,0.71668,0.71682,0.716655,0.716815
1788236100,0.716815,0.716845,0.71672,0.716775
1788236400,0.716775,0.716875,0.716765,0.716815
1788236700,0.71681,0.716835,0.716665,0.716675
1788237000,0.71667,0.716775,0.71661,0.716755
1788237300,0.716755,0.716775,0.71666,0.716695
1788237600,0.71669,0.71687,0.71669,0.71685
1788237900,0.71685,0.71693,0.71681,0.716865
1788238200,0.71687,0.71691,0.716845,0.71687
1788238500,0.71687,0.71687,0.716645,0.716765
1788238800,0.71677,0.71709,0.71676,0.71707
1788239100,0.71707,0.717135,0.71692,0.716955
1788239400,0.716955,0.71708,0.71694,0.717015
1788239700,0.717015,0.71702,0.716865,0.71687
1788240000,0.716875,0.716935,0.71681,0.71686
1788240300,0.716865,0.71701,0.71686,0.71696
1788240600,0.716955,0.717095,0.71685,0.716915
1788240900,0.716915,0.717145,0.7169,0.717015
1788241200,0.71702,0.71711,0.71696,0.717
1788241500,0.717005,0.71711,0.716995,0.717065
1788241800,0.71706,0.71707,0.716855,0.717055
1788242100,0.71706,0.71717,0.716895,0.716895
1788242400,0.71689,0.71709,0.716805,0.717015
1788242700,0.717015,0.717125,0.717005,0.717045
1788243000,0.71705,0.71708,0.71687,0.716945
1788243300,0.716935,0.71702,0.7168,0.71683
1788243600,0.716835,0.71684,0.716675,0.716735
1788243900,0.716745,0.716815,0.716465,0.7165
1788244200,0.716505,0.71667,0.7165,0.716525
1788244500,0.71653,0.716555,0.71622,0.716425
1788244800,0.716435,0.716505,0.716355,0.71645
1788245100,0.716455,0.716465,0.71637,0.716425
1788245400,0.716425,0.71646,0.71621,0.71646
1788245700,0.716465,0.716585,0.716365,0.716465
1788246000,0.716455,0.716565,0.71621,0.716235
1788246300,0.71624,0.716405,0.716205,0.716315
1788246600,0.71632,0.716425,0.71618,0.71641
1788246900,0.716405,0.716425,0.716305,0.71636
1788247200,0.716365,0.716365,0.716105,0.716115
1788247500,0.71612,0.716225,0.716055,0.716055
1788247800,0.71605,0.716055,0.715765,0.715775
1788248100,0.715765,0.715855,0.71543,0.715435
1788248400,0.71544,0.71551,0.71537,0.715405
1788248700,0.7154,0.715575,0.715375,0.71557
1788249000,0.715575,0.715595,0.715415,0.71544
1788249300,0.715435,0.71553,0.715405,0.715465
1788249600,0.71547,0.71548,0.71521,0.715355
1788249900,0.71536,0.71579,0.715165,0.71528
1788250200,0.715285,0.71546,0.71516,0.715375
1788250500,0.71537,0.71543,0.7152,0.71542
1788250800,0.715425,0.715515,0.715215,0.71522
1788251100,0.715225,0.71532,0.71507,0.71509
1788251400,0.715085,0.71511,0.7146,0.71476
1788251700,0.714755,0.714895,0.71471,0.71487
1788252000,0.714875,0.715005,0.71457,0.714605
1788252300,0.71461,0.714775,0.714535,0.714715
1788252600,0.714715,0.71472,0.71454,0.71456
1788252900,0.71457,0.714585,0.71429,0.714395
1788253200,0.7144,0.714425,0.714155,0.71436
1788253500,0.714355,0.714505,0.714265,0.71445
1788253800,0.714445,0.71446,0.71426,0.71427
1788254100,0.714265,0.71437,0.71407,0.71411
1788254400,0.71411,0.714175,0.71392,0.714135
1788254700,0.71413,0.71423,0.714045,0.714055
1788255000,0.71406,0.71426,0.71389,0.71424
1788255300,0.71424,0.714365,0.714185,0.71435
1788255600,0.71435,0.714555,0.714305,0.71444
1788255900,0.714435,0.714745,0.71436,0.71461
1788256200,0.714615,0.714645,0.71442,0.7145
1788256500,0.714505,0.71458,0.714285,0.71432
1788256800,0.714325,0.71455,0.71425,0.714325
1788257100,0.714325,0.714485,0.714255,0.71429
1788257400,0.7143,0.714545,0.7143,0.714405
1788257700,0.714415,0.714555,0.714415,0.714465
1788258000,0.71446,0.71466,0.714355,0.7146
1788258300,0.714605,0.71464,0.7145,0.714615
1788258600,0.71461,0.71463,0.71449,0.714555
1788258900,0.714555,0.71473,0.71453,0.714545
1788259200,0.714535,0.71455,0.71435,0.71435
1788259500,0.714355,0.71455,0.714275,0.714445
1788259800,0.714445,0.71446,0.71419,0.71425
1788260100,0.714255,0.714415,0.714255,0.714385
1788260400,0.714375,0.714385,0.714205,0.714215
1788260700,0.714215,0.71446,0.714085,0.714435
1788261000,0.714435,0.714495,0.714355,0.714375
1788261300,0.71437,0.71448,0.71435,0.71447
1788261600,0.71447,0.714675,0.71431,0.714415
1788261900,0.714415,0.71459,0.714385,0.714555
1788262200,0.714555,0.714595,0.71446,0.714465
1788262500,0.71447,0.714665,0.7144,0.71466
1788262800,0.71466,0.714665,0.71445,0.714555
1788263100,0.714555,0.714745,0.71454,0.714625
1788263400,0.71462,0.714735,0.714565,0.7146
1788263700,0.714595,0.714595,0.714415,0.71449
1788264000,0.71448,0.7145,0.71428,0.714315
1788264300,0.71432,0.714325,0.71407,0.714105
1788264600,0.71411,0.714355,0.7141,0.7143
1788264900,0.714295,0.714445,0.714195,0.7144
1788265200,0.714405,0.714575,0.714335,0.71449
1788265500,0.71449,0.71478,0.71449,0.7146
1788265800,0.7146,0.714765,0.714535,0.71459
1788266100,0.71458,0.714795,0.71447,0.71464
1788266400,0.714635,0.71471,0.714595,0.71469
1788266700,0.71469,0.714975,0.71469,0.71476
1788267000,0.71476,0.715105,0.71474,0.715105
1788267300,0.715105,0.71539,0.71506,0.715365
1788267600,0.715355,0.715435,0.714865,0.714865
1788267900,0.71486,0.71509,0.71481,0.714885
1788268200,0.714895,0.71492,0.714595,0.714605
1788268500,0.7146,0.71496,0.714595,0.714945
1788268800,0.71494,0.71499,0.714695,0.714775
1788269100,0.71478,0.71488,0.714705,0.714835
1788269400,0.714845,0.715185,0.71478,0.71515
1788269700,0.71514,0.71527,0.71499,0.71517
1788270000,0.715175,0.715505,0.715045,0.715475
1788270300,0.715465,0.71548,0.7152,0.715255
1788270600,0.71526,0.715415,0.7152,0.71527
1788270900,0.715275,0.715585,0.71526,0.71526
1788271200,0.71528,0.71582,0.71526,0.71554
1788271500,0.71553,0.71601,0.71552,0.715945
1788271800,0.71594,0.71594,0.71563,0.71573
1788272100,0.715735,0.715805,0.715455,0.715705
1788272400,0.715705,0.71603,0.715695,0.715995
1788272700,0.716,0.71601,0.71555,0.715555
1788273000,0.71555,0.715835,0.71552,0.715755
1788273300,0.71575,0.715895,0.715655,0.715705
1788273600,0.715705,0.715745,0.7154,0.71557
1788273900,0.715565,0.715765,0.715415,0.715425
1788274200,0.71543,0.715435,0.71503,0.715245
1788274500,0.715255,0.71547,0.715035,0.715445
1788274800,0.71545,0.715615,0.715195,0.71529
1788275100,0.715285,0.715465,0.715255,0.715435
1788275400,0.715435,0.715605,0.715365,0.715465
1788275700,0.715475,0.71556,0.715355,0.71548
1788276000,0.715485,0.715655,0.715465,0.715495
1788276300,0.715505,0.715635,0.715365,0.715585
1788276600,0.715575,0.715645,0.715395,0.715535
1788276900,0.715525,0.71577,0.715475,0.715705
1788277200,0.715715,0.715925,0.715705,0.715915
1788277500,0.71592,0.716025,0.715905,0.716015
1788277800,0.716015,0.716065,0.715945,0.715975
1788278100,0.71597,0.71599,0.71569,0.715845
1788278400,0.715855,0.7159,0.71571,0.715795
1788278700,0.715795,0.715855,0.715715,0.71573
1788279000,0.715735,0.715795,0.715595,0.71563
1788279300,0.715635,0.71579,0.71546,0.71552
1788279600,0.715515,0.715555,0.715345,0.715405
1788279900,0.715405,0.715435,0.71519,0.715225
1788280200,0.71522,0.71522,0.714945,0.714995
1788280500,0.715,0.715215,0.714915,0.715195
1788280800,0.715195,0.71533,0.715005,0.715025
1788281100,0.715025,0.71515,0.71497,0.71509
1788281400,0.715085,0.715225,0.71504,0.715105
1788281700,0.715105,0.715165,0.71499,0.715015
1788282000,0.71502,0.715065,0.71489,0.715005
1788282300,0.714995,0.715085,0.714855,0.715055
1788282600,0.715065,0.715085,0.71493,0.71505
1788282900,0.71505,0.715065,0.714895,0.714945
1788283200,0.714945,0.715015,0.71492,0.71499
1788283500,0.71499,0.715075,0.714745,0.715075
1788283800,0.715065,0.715175,0.714885,0.714895
1788284100,0.714905,0.715025,0.714825,0.714835
1788284400,0.714835,0.714855,0.71469,0.7147
1788284700,0.7147,0.71474,0.71461,0.714705
1788285000,0.714705,0.71473,0.714635,0.71472
1788285300,0.714715,0.71474,0.71462,0.714685
1788285600,0.71469,0.714745,0.71462,0.714645
1788285900,0.714645,0.714665,0.714555,0.714565
1788286200,0.714555,0.714625,0.714555,0.71461
1788286500,0.714615,0.71469,0.71454,0.714685
1788286800,0.714685,0.714705,0.714645,0.714665
1788287100,0.71467,0.714675,0.71456,0.71459
1788287400,0.714585,0.714595,0.714495,0.714565
1788287700,0.714565,0.71457,0.714355,0.7144
1788288000,0.7144,0.714455,0.714305,0.714385
1788288300,0.714385,0.714505,0.714335,0.714495
1788288600,0.714495,0.714665,0.714455,0.714595
1788288900,0.71459,0.71476,0.714525,0.714725
1788289200,0.714735,0.714735,0.714525,0.714725
1788289500,0.714725,0.714765,0.714615,0.714635
1788289800,0.714635,0.714695,0.714565,0.714695
1788290100,0.714695,0.714745,0.714635,0.714645
1788290400,0.71464,0.71464,0.714545,0.71459
1788290700,0.71458,0.7146,0.71451,0.71454
1788291000,0.71454,0.714605,0.714495,0.714515
1788291300,0.714515,0.714545,0.714485,0.714495
1788291600,0.714495,0.714555,0.714475,0.714485
1788291900,0.714495,0.714525,0.714405,0.714465
1788292200,0.714455,0.714505,0.714405,0.714405
1788292500,0.71441,0.714485,0.7143,0.71433
1788292800,0.714335,0.71438,0.714225,0.714295
1788293100,0.714305,0.714355,0.714275,0.714325
1788293400,0.714325,0.714325,0.714265,0.714265
1788293700,0.714265,0.714345,0.714255,0.714295
1788294000,0.714295,0.714335,0.714285,0.714325
1788294300,0.714325,0.71434,0.714285,0.714295
1788294600,0.71431,0.714355,0.714295,0.714345
1788294900,0.714345,0.71438,0.71434,0.71438
1788295200,0.714375,0.714605,0.714375,0.71447
1788295500,0.714475,0.714535,0.714445,0.714475
1788295800,0.71447,0.714485,0.71444,0.71447
1788296100,0.714475,0.71451,0.714425,0.714455
1788296400,0.714455,0.71484,0.71445,0.714795
1788296700,0.714795,0.714795,0.7146,0.714635
1788297000,0.714635,0.71467,0.71449,0.71466
1788297300,0.71466,0.714715,0.71453,0.714585
1788297600,0.714585,0.714665,0.71449,0.7145
1788297900,0.7145,0.714815,0.7145,0.714795
1788298200,0.714795,0.714795,0.71454,0.714585
1788298500,0.714605,0.71463,0.714405,0.714485
1788298800,0.714485,0.714495,0.7143,0.71433
1788299100,0.71433,0.71441,0.714315,0.714375
1788299400,0.714375,0.71448,0.714355,0.714475
1788299700,0.714475,0.714505,0.714425,0.71445
1788300000,0.714465,0.71472,0.71445,0.714605
1788300300,0.714605,0.71466,0.714585,0.714655
1788300600,0.714655,0.7147,0.714635,0.71469
1788300900,0.71468,0.7147,0.714635,0.714695
1788301200,0.714695,0.71475,0.71468,0.71474
1788301500,0.714735,0.714735,0.71465,0.714675
1788301800,0.71467,0.714795,0.714645,0.714645
1788302100,0.714645,0.714715,0.714635,0.71466
1788302400,0.71466,0.71466,0.714585,0.71461
1788302700,0.71461,0.71469,0.714605,0.71468
1788303000,0.71468,0.71475,0.71467,0.714695
1788303300,0.714695,0.714745,0.714695,0.71474
1788303600,0.714735,0.714755,0.714715,0.714745
1788303900,0.714745,0.71475,0.714655,0.714685
1788304200,0.714685,0.71471,0.714645,0.714645
1788304500,0.714645,0.714655,0.714645,0.71465
1788304800,0.71465,0.71466,0.714585,0.714595
1788305100,0.714595,0.714595,0.7145,0.714535
1788305400,0.71453,0.71458,0.714525,0.71458
1788305700,0.71458,0.71467,0.714575,0.71465
1788306000,0.71465,0.714655,0.714615,0.714625
1788306300,0.71462,0.71464,0.71457,0.714585
1788306600,0.71459,0.714685,0.71459,0.71463
1788306900,0.714625,0.71473,0.714545,0.714545
1788307200,0.71456,0.714745,0.714535,0.714645
1788307500,0.71465,0.71472,0.714435,0.71449
1788307800,0.714485,0.714485,0.714255,0.71434
1788308100,0.71434,0.71447,0.71431,0.714315
1788308400,0.71431,0.71459,0.714215,0.71454
1788308700,0.714545,0.714585,0.71418,0.714225
1788309000,0.71423,0.71427,0.71416,0.71417
1788309300,0.71417,0.71427,0.71413,0.71421
1788309600,0.714215,0.714355,0.71413,0.714355
1788309900,0.714345,0.714345,0.714095,0.71411
1788310200,0.7141,0.714255,0.71408,0.71414
1788310500,0.714135,0.714195,0.71409,0.71411
1788310800,0.7141,0.714245,0.71407,0.71409
1788311100,0.71409,0.71414,0.713915,0.71399
1788311400,0.713995,0.714185,0.71398,0.71404
1788311700,0.714045,0.714525,0.71403,0.71439
1788312000,0.7144,0.71458,0.714255,0.71458
1788312300,0.714575,0.71468,0.7145,0.7146
1788312600,0.714595,0.71534,0.714575,0.7151
1788312900,0.71509,0.715095,0.71464,0.714935
1788313200,0.71494,0.71505,0.714855,0.71493
1788313500,0.714935,0.715035,0.714885,0.715
1788313800,0.71499,0.715005,0.714675,0.71474
1788314100,0.714745,0.714875,0.71465,0.71485
1788314400,0.714845,0.714895,0.714175,0.714285
1788314700,0.71429,0.714385,0.71411,0.71415
1788315000,0.714145,0.714315,0.714015,0.714245
1788315300,0.71425,0.714425,0.714185,0.714375
1788315600,0.71437,0.71472,0.71405,0.714155
1788315900,0.71415,0.714245,0.714085,0.714095
1788316200,0.7141,0.71415,0.713915,0.71414
1788316500,0.71414,0.7142,0.714,0.7141
1788316800,0.714105,0.71444,0.714095,0.71437
1788317100,0.71437,0.714385,0.71429,0.71437
1788317400,0.714375,0.71439,0.71418,0.71427
1788317700,0.714265,0.71435,0.7142,0.71423
1788318000,0.714235,0.714345,0.714195,0.714215
1788318300,0.71421,0.714395,0.714125,0.71439
1788318600,0.71439,0.714555,0.714355,0.714465
1788318900,0.71447,0.71448,0.714295,0.71436
1788319200,0.714365,0.71438,0.714185,0.71427
1788319500,0.71427,0.714325,0.714215,0.714235
1788319800,0.71424,0.714315,0.71405,0.71405
1788320100,0.71404,0.714175,0.71395,0.714165
1788320400,0.71417,0.71418,0.71385,0.71394
1788320700,0.71394,0.71403,0.71394,0.713965
1788321000,0.71396,0.71397,0.71385,0.7139
1788321300,0.713905,0.71409,0.71389,0.71407
1788321600,0.714075,0.714095,0.71365,0.71368
1788321900,0.713685,0.713725,0.713435,0.713515
1788322200,0.71352,0.71361,0.71346,0.713605
1788322500,0.7136,0.713715,0.71358,0.71361
1788322800,0.713615,0.713635,0.71348,0.713555
1788323100,0.713565,0.713615,0.71331,0.71341
1788323400,0.71342,0.71349,0.71331,0.71339
1788323700,0.713385,0.713435,0.713255,0.713265
1788324000,0.71326,0.713395,0.713245,0.71332
1788324300,0.713325,0.71353,0.713325,0.713385
1788324600,0.713385,0.71344,0.713315,0.7134
1788324900,0.713395,0.71346,0.713205,0.71327
1788325200,0.713275,0.713335,0.7131,0.71322
1788325500,0.71322,0.713435,0.713155,0.71342
1788325800,0.713425,0.71373,0.713415,0.71373
1788326100,0.713735,0.713995,0.71371,0.713945
1788326400,0.71395,0.71404,0.71379,0.71402
1788326700,0.714025,0.71416,0.713925,0.71415
1788327000,0.714145,0.714245,0.71406,0.71422
1788327300,0.71421,0.71427,0.71406,0.71411
1788327600,0.714105,0.71422,0.714065,0.71412
1788327900,0.71412,0.71426,0.7141,0.714255
1788328200,0.71426,0.71426,0.71412,0.71423
1788328500,0.714235,0.71437,0.714215,0.71424
1788328800,0.71425,0.714465,0.71414,0.71427
1788329100,0.714275,0.714575,0.714235,0.714575
1788329400,0.71458,0.714865,0.714575,0.714615
1788329700,0.714615,0.714675,0.714325,0.714425
1788330000,0.71443,0.71471,0.714335,0.71467
1788330300,0.71468,0.714815,0.71437,0.714375
1788330600,0.71437,0.714485,0.714305,0.71444
1788330900,0.714445,0.714495,0.71421,0.71437
1788331200,0.714375,0.7146,0.714345,0.714485
1788331500,0.71449,0.7145,0.71401,0.71402
1788331800,0.714015,0.71404,0.713885,0.71394
1788332100,0.71394,0.71413,0.71384,0.713895
1788332400,0.71389,0.714165,0.71383,0.713985
1788332700,0.71399,0.714135,0.71382,0.714085
1788333000,0.714075,0.714385,0.714075,0.714265
1788333300,0.714255,0.71441,0.714175,0.714375
1788333600,0.714375,0.71442,0.71417,0.714395
1788333900,0.71439,0.714405,0.714115,0.71419
1788334200,0.714185,0.714655,0.71413,0.714615
1788334500,0.71462,0.71493,0.714605,0.71476
1788334800,0.71476,0.7148,0.7146,0.71464
1788335100,0.714645,0.714665,0.714445,0.714605
1788335400,0.7146,0.7146,0.714435,0.714495
1788335700,0.7145,0.714515,0.714315,0.71441
1788336000,0.71441,0.714665,0.71439,0.71455
1788336300,0.714555,0.714555,0.71421,0.714295
1788336600,0.7143,0.714355,0.713935,0.713945
1788336900,0.71395,0.71395,0.713555,0.713595
1788337200,0.71359,0.7137,0.713495,0.71365
1788337500,0.713655,0.71369,0.713335,0.71339
1788337800,0.713385,0.71354,0.713265,0.713305
1788338100,0.713305,0.713385,0.71319,0.713265
1788338400,0.71326,0.71338,0.713255,0.71337
1788338700,0.713365,0.71342,0.71312,0.71319
1788339000,0.713195,0.71323,0.712675,0.712745
1788339300,0.712745,0.71293,0.712635,0.71274
1788339600,0.712745,0.71296,0.71268,0.71284
1788339900,0.712845,0.713115,0.712845,0.712965
1788340200,0.71296,0.71296,0.712655,0.71269
1788340500,0.712695,0.71277,0.71258,0.71261
1788340800,0.71261,0.71265,0.71234,0.71239
1788341100,0.712385,0.712405,0.71224,0.71228
1788341400,0.712285,0.71245,0.71225,0.712385
1788341700,0.71238,0.712485,0.71231,0.71245
1788342000,0.712455,0.7125,0.71242,0.712435
1788342300,0.71243,0.712555,0.712325,0.712475
1788342600,0.71247,0.712615,0.71239,0.712445
1788342900,0.71245,0.71255,0.712285,0.71237
1788343200,0.712375,0.71249,0.71219,0.71225
1788343500,0.71225,0.712435,0.71215,0.71242
1788343800,0.712415,0.71245,0.712305,0.71244
1788344100,0.71243,0.71247,0.71233,0.71241
1788344400,0.712415,0.71249,0.712295,0.712345
1788344700,0.71235,0.71263,0.712345,0.712485
1788345000,0.712485,0.712545,0.71234,0.71254
1788345300,0.712535,0.71261,0.712455,0.712545
1788345600,0.71254,0.71262,0.712485,0.7126
1788345900,0.712605,0.71282,0.71255,0.71277
1788346200,0.712765,0.712915,0.71268,0.712905
1788346500,0.712905,0.71328,0.71287,0.71327
1788346800,0.713265,0.713355,0.713155,0.713345
1788347100,0.71334,0.713645,0.713215,0.713545
1788347400,0.71354,0.71382,0.71331,0.71374
1788347700,0.71373,0.713755,0.713395,0.713565
1788348000,0.713565,0.713705,0.713535,0.713655
1788348300,0.713665,0.71384,0.713535,0.713715
1788348600,0.713715,0.713965,0.713685,0.713955
1788348900,0.713955,0.71415,0.7139,0.714095
1788349200,0.714085,0.71414,0.713975,0.714045
1788349500,0.714045,0.714285,0.71394,0.714205
1788349800,0.714205,0.71455,0.71414,0.714495
1788350100,0.71449,0.71451,0.714365,0.714495
1788350400,0.7145,0.71465,0.71439,0.71464
1788350700,0.714635,0.714945,0.714575,0.714745
1788351000,0.71475,0.714825,0.71454,0.714795
1788351300,0.714785,0.71483,0.71459,0.71459
1788351600,0.71458,0.71531,0.71455,0.715005
1788351900,0.714995,0.71517,0.71493,0.715085
1788352200,0.71508,0.715085,0.714645,0.714695
1788352500,0.714695,0.714705,0.714395,0.714485
1788352800,0.714475,0.714585,0.714385,0.714445
1788353100,0.71445,0.714855,0.71441,0.714755
1788353400,0.714755,0.71495,0.714715,0.714895
1788353700,0.714905,0.714935,0.714695,0.71481
1788354000,0.714805,0.715265,0.71479,0.715175
1788354300,0.715175,0.715365,0.71517,0.715305
1788354600,0.715305,0.71531,0.71502,0.715045
1788354900,0.715045,0.71539,0.714935,0.715345
1788355200,0.71535,0.715895,0.715345,0.715855
1788355500,0.715845,0.71675,0.715835,0.71603
1788355800,0.716025,0.716165,0.71584,0.71599
1788356100,0.715995,0.7163,0.71591,0.71609
1788356400,0.716085,0.71671,0.716015,0.7167
1788356700,0.7167,0.716865,0.716465,0.716555
1788357000,0.71655,0.717305,0.71649,0.717095
1788357300,0.717085,0.717255,0.716865,0.71725
1788357600,0.717245,0.717245,0.71678,0.71719
1788357900,0.7172,0.71725,0.716945,0.716955
1788358200,0.71694,0.717205,0.716665,0.716745
1788358500,0.71675,0.716835,0.7165,0.716535
1788358800,0.716545,0.716725,0.716405,0.716495
1788359100,0.71651,0.716655,0.716385,0.716405
1788359400,0.716415,0.716635,0.716315,0.716475
1788359700,0.71647,0.716655,0.716385,0.716595
1788360000,0.716595,0.716835,0.716445,0.716625
1788360300,0.716635,0.71681,0.716455,0.716805
1788360600,0.7168,0.71709,0.716665,0.716845
1788360900,0.71684,0.71712,0.716735,0.71699
1788361200,0.716995,0.71736,0.71686,0.717115
1788361500,0.717115,0.717395,0.717085,0.717215
1788361800,0.717225,0.717245,0.716975,0.717065
1788362100,0.717065,0.71729,0.71701,0.717245
1788362400,0.71725,0.717315,0.71698,0.717175
1788362700,0.717185,0.717405,0.71714,0.7174
1788363000,0.717405,0.71757,0.717045,0.717055
1788363300,0.71706,0.717155,0.71701,0.717105
1788363600,0.71711,0.717165,0.716745,0.716745
1788363900,0.716755,0.716895,0.716675,0.716805
1788364200,0.716795,0.716885,0.716755,0.716805
1788364500,0.716815,0.717015,0.716795,0.716885
1788364800,0.716895,0.717035,0.716825,0.716845
1788365100,0.716845,0.716915,0.716785,0.716865
1788365400,0.716865,0.717065,0.716855,0.717055
1788365700,0.717055,0.717055,0.71688,0.71693
1788366000,0.716935,0.716995,0.716765,0.716795
1788366300,0.716795,0.716895,0.71664,0.716645
1788366600,0.71664,0.71685,0.716625,0.71676
1788366900,0.716765,0.716905,0.71676,0.716855
1788367200,0.716845,0.716895,0.716775,0.716805
1788367500,0.716805,0.716955,0.716785,0.716815
1788367800,0.716805,0.717005,0.716795,0.716975
1788368100,0.716975,0.716985,0.716805,0.716805
1788368400,0.716805,0.71688,0.716755,0.716835
1788368700,0.71683,0.71683,0.71664,0.716645
1788369000,0.716645,0.71671,0.716595,0.716705
1788369300,0.716705,0.716735,0.716465,0.716495
1788369600,0.716505,0.716635,0.716505,0.716585
1788369900,0.71659,0.716755,0.71658,0.716755
1788370200,0.71675,0.71675,0.716595,0.716705
1788370500,0.716705,0.716765,0.716685,0.716695
1788370800,0.716695,0.716965,0.716685,0.716885
1788371100,0.716875,0.717135,0.716835,0.717
1788371400,0.717,0.717005,0.71686,0.71686
1788371700,0.71686,0.716985,0.716825,0.7169
1788372000,0.716905,0.717,0.7168,0.717
1788372300,0.71699,0.717015,0.716915,0.716935
1788372600,0.71694,0.716965,0.716825,0.716835
1788372900,0.716835,0.717195,0.716735,0.716945
1788373200,0.71694,0.71706,0.716685,0.716705
1788373500,0.716695,0.71678,0.716695,0.71678
1788373800,0.716785,0.716905,0.716775,0.716855
1788374100,0.716855,0.71695,0.71681,0.71694
1788374400,0.71694,0.716945,0.71676,0.716765
1788374700,0.71676,0.71684,0.716745,0.71679
1788375000,0.71679,0.716895,0.71679,0.716845
1788375300,0.716845,0.716845,0.716715,0.716795
1788375600,0.716805,0.716855,0.716755,0.716805
1788375900,0.716805,0.71684,0.716745,0.716775
1788376200,0.71678,0.7168,0.716745,0.716745
1788376500,0.716735,0.716895,0.71673,0.716885
1788376800,0.71689,0.716945,0.71682,0.716875
1788377100,0.716875,0.716905,0.716785,0.716815
1788377400,0.71681,0.716875,0.716785,0.716865
1788377700,0.71687,0.716875,0.716785,0.71684
1788378000,0.71684,0.716935,0.716805,0.716925
1788378300,0.71693,0.71695,0.716825,0.716845
1788378600,0.71684,0.716955,0.71684,0.716945
1788378900,0.71695,0.717075,0.7169,0.717045
1788379200,0.71705,0.717245,0.71701,0.717175
1788379500,0.71717,0.717205,0.717085,0.717135
1788379800,0.71713,0.71714,0.717055,0.717085
1788380100,0.71708,0.71711,0.716995,0.717015
1788380400,0.717015,0.717105,0.71697,0.717075
1788380700,0.71708,0.717085,0.716995,0.71701
1788381000,0.717,0.71708,0.716975,0.71708
1788381300,0.717075,0.71708,0.71703,0.717055
1788381600,0.71705,0.7171,0.71704,0.717075
1788381900,0.717085,0.717095,0.717045,0.71705
1788382200,0.717045,0.71706,0.71701,0.71705
1788382500,0.717045,0.717055,0.71688,0.71688
1788382800,0.71691,0.71691,0.716575,0.71658
1788383100,0.71658,0.716695,0.716495,0.716535
1788383400,0.71653,0.716615,0.716425,0.71648
1788383700,0.716555,0.71679,0.71645,0.71679
1788384000,0.71679,0.71682,0.716405,0.716815
1788384300,0.716815,0.71682,0.716765,0.7168
1788384600,0.7168,0.716875,0.716725,0.716805
1788384900,0.71681,0.71689,0.716735,0.71681
1788385200,0.716815,0.71682,0.7167,0.716805
1788385500,0.716815,0.71686,0.71671,0.71682
1788385800,0.71682,0.71686,0.716785,0.71684
1788386100,0.71684,0.71713,0.71679,0.71711
1788386400,0.717115,0.71713,0.71687,0.7169
1788386700,0.716895,0.71692,0.71686,0.71688
1788387000,0.71688,0.716995,0.716875,0.716935
1788387300,0.716935,0.71694,0.716825,0.71683
1788387600,0.716825,0.716875,0.716805,0.71687
1788387900,0.716875,0.716915,0.71685,0.716905
1788388200,0.716905,0.716955,0.71689,0.7169
1788388500,0.7169,0.7169,0.71679,0.716815
1788388800,0.716815,0.71684,0.716755,0.71676
1788389100,0.71676,0.716795,0.71673,0.716785
1788389400,0.716785,0.71682,0.716765,0.71677
1788389700,0.716765,0.71679,0.716705,0.71678
1788390000,0.716785,0.716825,0.716745,0.716755
1788390300,0.716755,0.71676,0.7166,0.716605
1788390600,0.716605,0.716635,0.716435,0.716455
1788390900,0.716455,0.716495,0.716385,0.716395
1788391200,0.716395,0.716515,0.716395,0.71651
1788391500,0.716515,0.71659,0.71651,0.71654
1788391800,0.716535,0.71657,0.71648,0.71656
1788392100,0.71656,0.716625,0.716505,0.716625
1788392400,0.716625,0.716635,0.716505,0.716545
1788392700,0.71654,0.71666,0.716535,0.7166
1788393000,0.716605,0.716615,0.71651,0.716555
1788393300,0.716555,0.71659,0.71634,0.716365
1788393600,0.71638,0.716385,0.716145,0.71627
1788393900,0.716275,0.716445,0.716245,0.71638
1788394200,0.71638,0.716555,0.71631,0.71649
1788394500,0.71649,0.71656,0.716425,0.71645
1788394800,0.716445,0.71663,0.71631,0.71662
1788395100,0.716615,0.71676,0.71659,0.716635
1788395400,0.71663,0.716635,0.71636,0.71644
1788395700,0.716445,0.71648,0.71638,0.71644
1788396000,0.71644,0.716525,0.71638,0.71643
1788396300,0.716435,0.71657,0.716265,0.71657
1788396600,0.716575,0.71672,0.716525,0.71655
1788396900,0.71656,0.71666,0.716505,0.71659
1788397200,0.716595,0.71664,0.716475,0.716595
1788397500,0.71659,0.716615,0.71651,0.71659
1788397800,0.71659,0.716675,0.71655,0.71656
1788398100,0.716555,0.716785,0.71654,0.716705
1788398400,0.716705,0.716795,0.71643,0.716455
1788398700,0.71645,0.716735,0.71644,0.716715
1788399000,0.71671,0.717005,0.716615,0.717005
1788399300,0.717,0.717025,0.71668,0.716795
1788399600,0.716795,0.71688,0.71656,0.716605
1788399900,0.71661,0.71678,0.716515,0.716725
1788400200,0.71672,0.71675,0.71654,0.716545
1788400500,0.71655,0.716585,0.71643,0.716565
1788400800,0.71656,0.716645,0.716415,0.716415
1788401100,0.71642,0.716505,0.716315,0.716315
1788401400,0.71632,0.71637,0.716195,0.716345
1788401700,0.716355,0.71641,0.716245,0.71633
1788402000,0.716335,0.716595,0.71629,0.716565
1788402300,0.71657,0.716615,0.716395,0.716565
1788402600,0.716555,0.7167,0.71639,0.716655
1788402900,0.716655,0.716885,0.71664,0.716865
1788403200,0.71685,0.71687,0.7165,0.71653
1788403500,0.71653,0.71663,0.71641,0.716595
1788403800,0.71659,0.716635,0.71642,0.71651
1788404100,0.716515,0.71652,0.71616,0.716185
1788404400,0.71619,0.716415,0.716135,0.71639
1788404700,0.716395,0.71654,0.71629,0.71654
1788405000,0.716545,0.716585,0.716445,0.71647
1788405300,0.716475,0.716525,0.716385,0.71644
1788405600,0.71644,0.716575,0.716315,0.71657
1788405900,0.71657,0.71677,0.71656,0.71669
1788406200,0.716685,0.716725,0.716505,0.716705
1788406500,0.716715,0.71703,0.716685,0.71701
1788406800,0.717015,0.71708,0.716835,0.716835
1788407100,0.716835,0.716905,0.71678,0.71689
1788407400,0.71689,0.717005,0.71689,0.71694
1788407700,0.71694,0.717025,0.716885,0.716985
1788408000,0.716975,0.717005,0.716915,0.716925
1788408300,0.71693,0.71711,0.71692,0.71706
1788408600,0.71706,0.71712,0.71701,0.71704
1788408900,0.717045,0.717105,0.71693,0.71706
1788409200,0.71706,0.717105,0.71703,0.717055
1788409500,0.71706,0.71709,0.71702,0.71705
1788409800,0.71706,0.71716,0.717025,0.717055
1788410100,0.717055,0.717275,0.71697,0.71725
1788410400,0.71725,0.71729,0.71716,0.71721
1788410700,0.717215,0.717235,0.71698,0.71701
1788411000,0.71701,0.71702,0.71686,0.716905
1788411300,0.7169,0.716915,0.71671,0.71681
1788411600,0.716815,0.71686,0.71649,0.7165
1788411900,0.716505,0.71655,0.71644,0.716465
1788412200,0.71646,0.71666,0.71646,0.716615
1788412500,0.71661,0.716655,0.716375,0.71642
1788412800,0.716415,0.71643,0.71605,0.71614
1788413100,0.716145,0.71631,0.71605,0.716125
1788413400,0.71612,0.716225,0.71598,0.71621
1788413700,0.71621,0.716225,0.715995,0.71605
1788414000,0.716045,0.7161,0.715875,0.71604
1788414300,0.71604,0.71607,0.715895,0.716045
1788414600,0.71604,0.71621,0.71602,0.71621
1788414900,0.716215,0.716365,0.716175,0.71634
1788415200,0.71633,0.716365,0.716115,0.71614
1788415500,0.716145,0.716345,0.71612,0.71617
1788415800,0.716165,0.71617,0.715875,0.716095
1788416100,0.7161,0.716305,0.71609,0.716135
1788416400,0.71613,0.71622,0.71606,0.716065
1788416700,0.716075,0.716355,0.71607,0.71625
1788417000,0.716255,0.71669,0.716245,0.71653
1788417300,0.71653,0.71678,0.716425,0.716455
1788417600,0.71646,0.71675,0.71641,0.71671
1788417900,0.7167,0.71692,0.716655,0.716855
1788418200,0.716845,0.716855,0.71671,0.71676
1788418500,0.71676,0.71682,0.71647,0.71647
1788418800,0.71646,0.717065,0.7164,0.71705
1788419100,0.71706,0.71723,0.71695,0.71714
1788419400,0.717135,0.7172,0.71675,0.71676
1788419700,0.716755,0.71726,0.71672,0.717215
1788420000,0.71721,0.7175,0.71707,0.717355
1788420300,0.71736,0.71737,0.717015,0.7171
1788420600,0.717105,0.717165,0.717005,0.717065
1788420900,0.71706,0.71723,0.71674,0.716915
1788421200,0.71692,0.71733,0.716835,0.717285
1788421500,0.71728,0.71737,0.717035,0.717065
1788421800,0.71706,0.717455,0.71693,0.717405
1788422100,0.7174,0.71761,0.71732,0.71752
1788422400,0.717515,0.71804,0.71736,0.71794
1788422700,0.71795,0.718515,0.717915,0.718195
1788423000,0.7182,0.71822,0.71771,0.717795
1788423300,0.71779,0.71792,0.717675,0.71791
1788423600,0.717905,0.71811,0.71787,0.71796
1788423900,0.717955,0.718125,0.71795,0.71811
1788424200,0.718115,0.718365,0.717945,0.71823
1788424500,0.718235,0.718415,0.718145,0.718405
1788424800,0.718405,0.718465,0.71823,0.71835
1788425100,0.718355,0.71851,0.71834,0.71841
1788425400,0.718405,0.718415,0.71817,0.718365
1788425700,0.71836,0.718385,0.71815,0.71815
1788426000,0.718145,0.718395,0.718145,0.71835
1788426300,0.71834,0.7185,0.7182,0.71844
1788426600,0.71844,0.718525,0.71838,0.71843
1788426900,0.718425,0.718615,0.718425,0.7185
1788427200,0.7185,0.71869,0.718475,0.71857
1788427500,0.718575,0.718705,0.71854,0.718705
1788427800,0.71871,0.71879,0.718355,0.718375
1788428100,0.71838,0.71846,0.7183,0.71832
1788428400,0.718315,0.71848,0.7183,0.71848
1788428700,0.71848,0.718555,0.71839,0.718515
1788429000,0.71851,0.718605,0.71838,0.718505
1788429300,0.718515,0.71855,0.718355,0.71846
1788429600,0.718465,0.71853,0.718295,0.71842
1788429900,0.71843,0.718525,0.71826,0.71826
1788430200,0.718265,0.71832,0.71805,0.718055
1788430500,0.718055,0.71825,0.71802,0.71808
1788430800,0.718075,0.718145,0.717945,0.71805
1788431100,0.718055,0.718205,0.71804,0.718115
1788431400,0.71812,0.718135,0.71786,0.71786
1788431700,0.71786,0.71807,0.717855,0.71801
1788432000,0.718015,0.71831,0.71801,0.718305
1788432300,0.718305,0.718425,0.718295,0.718425
1788432600,0.71843,0.7188,0.71839,0.71879
1788432900,0.718785,0.719045,0.718785,0.719015
1788433200,0.719025,0.719095,0.718745,0.718865
1788433500,0.71888,0.719095,0.718805,0.71904
1788433800,0.719035,0.71933,0.718985,0.719185
1788434100,0.71918,0.71969,0.719155,0.71957
1788434400,0.719575,0.719615,0.719295,0.719365
1788434700,0.719355,0.719435,0.71922,0.719405
1788435000,0.71941,0.71944,0.71884,0.719345
1788435300,0.71934,0.719435,0.71915,0.719185
1788435600,0.719185,0.719255,0.719095,0.719095
1788435900,0.719105,0.71933,0.71908,0.719315
1788436200,0.719325,0.719375,0.719065,0.719165
1788436500,0.719165,0.71925,0.719115,0.719215
1788436800,0.71922,0.719335,0.719105,0.719235
1788437100,0.719235,0.71936,0.71921,0.719335
1788437400,0.71934,0.71939,0.719105,0.719165
1788437700,0.71917,0.71923,0.719065,0.71913
1788438000,0.719135,0.71918,0.718955,0.719085
1788438300,0.71908,0.71908,0.718885,0.718985
1788438600,0.71899,0.72038,0.71899,0.71976
1788438900,0.71975,0.720215,0.719435,0.72017
1788439200,0.720175,0.72024,0.7198,0.71986
1788439500,0.719855,0.72034,0.71974,0.720115
1788439800,0.720115,0.720595,0.71981,0.72051
1788440100,0.720505,0.72068,0.72036,0.72048
1788440400,0.720475,0.720505,0.720245,0.720335
1788440700,0.72034,0.72038,0.719865,0.720305
1788441000,0.720315,0.720545,0.72017,0.720485
1788441300,0.720495,0.720495,0.71956,0.719585
1788441600,0.71958,0.719735,0.719535,0.719655
1788441900,0.71966,0.719845,0.71961,0.71979
1788442200,0.719795,0.719865,0.71926,0.71934
1788442500,0.719335,0.71953,0.719265,0.719315
1788442800,0.71931,0.719575,0.719045,0.719565
1788443100,0.719575,0.719645,0.718885,0.71892
1788443400,0.718925,0.719255,0.718875,0.71922
1788443700,0.71922,0.719555,0.719155,0.719405
1788444000,0.71941,0.71941,0.718895,0.719055
1788444300,0.719045,0.719355,0.7188,0.718865
1788444600,0.718855,0.71912,0.718715,0.71896
1788444900,0.718955,0.71911,0.718795,0.718875
1788445200,0.71888,0.719015,0.71868,0.718905
1788445500,0.718915,0.71905,0.718775,0.71901
1788445800,0.719005,0.71914,0.718815,0.718815
1788446100,0.71882,0.719125,0.718815,0.718855
1788446400,0.718865,0.71893,0.718705,0.718705
1788446700,0.718705,0.718955,0.718635,0.718745
1788447000,0.718745,0.71909,0.71869,0.719015
1788447300,0.71902,0.71935,0.718695,0.71923
1788447600,0.719235,0.7197,0.719205,0.719545
1788447900,0.71955,0.719745,0.719445,0.71948
1788448200,0.719485,0.71954,0.719335,0.71951
1788448500,0.71951,0.719685,0.719405,0.719645
1788448800,0.719645,0.719735,0.719425,0.719565
1788449100,0.71956,0.719785,0.719545,0.719785
1788449400,0.7198,0.719945,0.71961,0.719655
1788449700,0.719655,0.719665,0.719515,0.719565
1788450000,0.719565,0.719645,0.719495,0.71955
1788450300,0.719555,0.719635,0.71937,0.719395
1788450600,0.71939,0.719545,0.71933,0.719505
1788450900,0.71951,0.719855,0.719485,0.719835
1788451200,0.719825,0.719995,0.719735,0.719855
1788451500,0.719855,0.71997,0.719805,0.719965
1788451800,0.719965,0.72018,0.719955,0.720165
1788452100,0.72017,0.72037,0.720155,0.720335
1788452400,0.720345,0.720425,0.720285,0.720415
1788452700,0.720425,0.720455,0.720275,0.720365
1788453000,0.720365,0.72049,0.72033,0.720365
1788453300,0.720355,0.720465,0.720285,0.720405
1788453600,0.720395,0.720505,0.720345,0.72048
1788453900,0.720475,0.720595,0.720475,0.72057
1788454200,0.720565,0.720675,0.720525,0.720545
1788454500,0.72054,0.720685,0.72051,0.72052
1788454800,0.720515,0.720655,0.720345,0.720345
1788455100,0.720355,0.720525,0.720335,0.720335
1788455400,0.72034,0.720415,0.72033,0.720395
1788455700,0.720395,0.720545,0.720395,0.720505
1788456000,0.720505,0.720565,0.720485,0.720565
1788456300,0.720555,0.720615,0.720445,0.720615
1788456600,0.72062,0.72073,0.720615,0.720665
1788456900,0.720655,0.720745,0.720615,0.72066
1788457200,0.720665,0.72072,0.720615,0.72062
1788457500,0.720615,0.720665,0.720575,0.720635
1788457800,0.720645,0.72069,0.720575,0.720615
1788458100,0.720615,0.720625,0.72043,0.72045
1788458400,0.720455,0.720655,0.720455,0.720655
1788458700,0.72065,0.72072,0.720505,0.720685
1788459000,0.720695,0.720745,0.720655,0.720695
1788459300,0.720685,0.720795,0.720655,0.720705
1788459600,0.720705,0.72073,0.72061,0.720705
1788459900,0.7207,0.7208,0.720655,0.720705
1788460200,0.72071,0.720725,0.72051,0.7206
1788460500,0.7206,0.720645,0.720565,0.7206
1788460800,0.7206,0.720625,0.72056,0.72056
1788461100,0.720555,0.720655,0.720555,0.720595
1788461400,0.720605,0.720655,0.72052,0.720545
1788461700,0.720535,0.72061,0.720535,0.720605
1788462000,0.72061,0.72064,0.720465,0.72049
1788462300,0.720495,0.72055,0.720445,0.720455
1788462600,0.720455,0.720505,0.720245,0.720285
1788462900,0.720265,0.720375,0.720185,0.72031
1788463200,0.720315,0.72032,0.72012,0.720125
1788463500,0.72012,0.720155,0.720095,0.720125
1788463800,0.720115,0.720165,0.720035,0.720045
1788464100,0.720045,0.720175,0.720045,0.72015
1788464400,0.720155,0.72028,0.720145,0.72025
1788464700,0.72025,0.72033,0.72025,0.720305
1788465000,0.72031,0.720345,0.720255,0.720255
1788465300,0.720255,0.720385,0.72025,0.72029
1788465600,0.720285,0.720325,0.720205,0.720295
1788465900,0.720295,0.720335,0.720275,0.720275
1788466200,0.72028,0.7203,0.720195,0.720195
1788466500,0.720195,0.720205,0.720095,0.720135
1788466800,0.720135,0.72023,0.720125,0.720185
1788467100,0.720185,0.72023,0.720175,0.7202
1788467400,0.720195,0.72024,0.720135,0.720175
1788467700,0.720175,0.720195,0.720135,0.720165
1788468000,0.720165,0.720175,0.72011,0.720135
1788468300,0.720135,0.72017,0.72008,0.720145
1788468600,0.72014,0.72015,0.720095,0.72015
1788468900,0.72015,0.720155,0.72002,0.72007
1788469200,0.72007,0.72019,0.719915,0.720055
1788469500,0.720055,0.72045,0.72001,0.720425
1788469800,0.720425,0.720515,0.72024,0.72051
1788470100,0.72045,0.72049,0.720295,0.720415
1788470400,0.720415,0.72044,0.720025,0.72019
1788470700,0.72022,0.72022,0.719985,0.719995
1788471000,0.719985,0.72008,0.71981,0.71987
1788471300,0.71987,0.720115,0.719855,0.72005
1788471600,0.72004,0.72027,0.71999,0.72009
1788471900,0.72011,0.72017,0.71982,0.719975
1788472200,0.719985,0.720045,0.719725,0.71976
1788472500,0.719755,0.719955,0.719755,0.719915
1788472800,0.71992,0.720065,0.71992,0.71998
1788473100,0.719975,0.720005,0.71988,0.71996
1788473400,0.71996,0.72011,0.71995,0.720095
1788473700,0.720095,0.720135,0.720055,0.72006
1788474000,0.720055,0.720055,0.720005,0.720025
1788474300,0.72002,0.72002,0.719985,0.72
1788474600,0.72,0.72005,0.719995,0.720005
1788474900,0.720005,0.720005,0.719955,0.719995
1788475200,0.719995,0.72001,0.719975,0.72
1788475500,0.72,0.720025,0.71998,0.719995
1788475800,0.719995,0.72001,0.71991,0.719985
1788476100,0.719985,0.72002,0.71995,0.719965
1788476400,0.71996,0.72005,0.71996,0.72004
1788476700,0.72004,0.720055,0.719975,0.72004
1788477000,0.720045,0.72005,0.71997,0.719995
1788477300,0.719995,0.720025,0.719995,0.72002
1788477600,0.72002,0.72019,0.720015,0.720145
1788477900,0.72015,0.720165,0.7201,0.72014
1788478200,0.720135,0.72025,0.72008,0.7201
1788478500,0.7201,0.720145,0.720035,0.720065
1788478800,0.720065,0.72015,0.720035,0.72004
1788479100,0.72004,0.720155,0.72002,0.7201
1788479400,0.7201,0.72015,0.720055,0.72015
1788479700,0.720145,0.72019,0.72001,0.720015
1788480000,0.72002,0.72013,0.71996,0.720105
1788480300,0.720115,0.720245,0.719975,0.719975
1788480600,0.71997,0.72017,0.71996,0.720135
1788480900,0.720135,0.720255,0.720045,0.720205
1788481200,0.720205,0.7204,0.72006,0.720365
1788481500,0.72036,0.720365,0.720245,0.720255
1788481800,0.72026,0.72034,0.72009,0.72011
1788482100,0.720105,0.720235,0.72009,0.720235
1788482400,0.720235,0.72043,0.720155,0.72036
1788482700,0.720355,0.720485,0.72031,0.720335
1788483000,0.72034,0.720645,0.720335,0.720605
1788483300,0.7206,0.720685,0.720495,0.72055
1788483600,0.72054,0.720615,0.72039,0.720405
1788483900,0.72041,0.72063,0.720285,0.72052
1788484200,0.720515,0.720605,0.720455,0.720455
1788484500,0.72045,0.720875,0.72043,0.720815
1788484800,0.72081,0.721395,0.72077,0.721065
1788485100,0.72106,0.721255,0.720965,0.721055
1788485400,0.72105,0.721275,0.721015,0.721255
1788485700,0.721255,0.721425,0.7212,0.721275
1788486000,0.72128,0.721425,0.72126,0.7214
1788486300,0.72141,0.72141,0.721105,0.721135
1788486600,0.72113,0.721175,0.721045,0.721085
1788486900,0.721075,0.72135,0.721065,0.721345
1788487200,0.72134,0.721465,0.721205,0.72138
1788487500,0.721375,0.72138,0.72095,0.720955
1788487800,0.72096,0.721015,0.720855,0.721005
1788488100,0.721005,0.721005,0.720745,0.72082
1788488400,0.720815,0.720835,0.720665,0.72071
1788488700,0.720705,0.72076,0.72063,0.72074
1788489000,0.720735,0.72084,0.72068,0.72068
1788489300,0.720675,0.720835,0.72067,0.720835
1788489600,0.72084,0.72097,0.72083,0.72087
1788489900,0.72086,0.72098,0.72085,0.72089
1788490200,0.72089,0.720985,0.720845,0.72096
1788490500,0.72096,0.720965,0.72076,0.720825
1788490800,0.72083,0.720965,0.720785,0.720785
1788491100,0.72079,0.72079,0.720665,0.72074
1788491400,0.720735,0.72083,0.72064,0.720785
1788491700,0.72079,0.720865,0.720775,0.72086
1788492000,0.72086,0.720975,0.720795,0.720795
1788492300,0.720795,0.72082,0.72073,0.72077
1788492600,0.720775,0.72078,0.72064,0.720705
1788492900,0.720705,0.72074,0.72057,0.720615
1788493200,0.72062,0.720695,0.720525,0.72056
1788493500,0.720555,0.720605,0.720425,0.720545
1788493800,0.720545,0.720855,0.720545,0.7208
1788494100,0.720795,0.720855,0.720755,0.720805
1788494400,0.7208,0.72113,0.720795,0.721105
1788494700,0.721105,0.721115,0.720955,0.720965
1788495000,0.72097,0.721105,0.720945,0.72109
1788495300,0.721085,0.72114,0.72102,0.721055
1788495600,0.721055,0.72113,0.72096,0.720995
1788495900,0.720995,0.72119,0.72097,0.721185
1788496200,0.721175,0.72134,0.720985,0.720985
1788496500,0.72098,0.721055,0.72094,0.72105
1788496800,0.721055,0.72108,0.72096,0.721015
1788497100,0.721015,0.72102,0.720865,0.72093
1788497400,0.72093,0.72106,0.720925,0.72105
1788497700,0.721045,0.72106,0.720955,0.721
1788498000,0.721005,0.72102,0.720875,0.720905
1788498300,0.720905,0.72099,0.720825,0.72086
1788498600,0.72086,0.72102,0.720835,0.721005
1788498900,0.721005,0.72109,0.720975,0.721005
1788499200,0.721005,0.721075,0.720875,0.720905
1788499500,0.7209,0.720925,0.720745,0.72075
1788499800,0.720745,0.72091,0.720745,0.72087
1788500100,0.720875,0.72109,0.72079,0.72105
1788500400,0.721055,0.72106,0.72093,0.720945
1788500700,0.720945,0.72102,0.72089,0.720925
1788501000,0.72092,0.72092,0.720755,0.72082
1788501300,0.72083,0.721,0.72082,0.72096
1788501600,0.720955,0.721015,0.7208,0.720955
1788501900,0.72096,0.721105,0.720905,0.721
1788502200,0.72099,0.7212,0.72085,0.721115
1788502500,0.72112,0.721125,0.720705,0.720805
1788502800,0.7208,0.72092,0.720635,0.720645
1788503100,0.720645,0.72079,0.7205,0.720715
1788503400,0.72072,0.720865,0.720505,0.72081
1788503700,0.720815,0.72083,0.72049,0.720545
1788504000,0.720545,0.720675,0.720495,0.720585
1788504300,0.720585,0.720695,0.720475,0.720565
1788504600,0.72056,0.720565,0.72043,0.72052
1788504900,0.72051,0.720535,0.72039,0.720425
1788505200,0.72043,0.72052,0.720285,0.720395
1788505500,0.720395,0.720455,0.720185,0.720265
1788505800,0.72026,0.720475,0.72026,0.72037
1788506100,0.72036,0.720365,0.72021,0.720315
1788506400,0.72031,0.720415,0.720185,0.720355
1788506700,0.72036,0.720445,0.720245,0.72039
1788507000,0.720385,0.72046,0.720335,0.72039
1788507300,0.72039,0.72041,0.720265,0.720345
1788507600,0.72035,0.720525,0.720285,0.720485
1788507900,0.72049,0.720565,0.72041,0.720525
1788508200,0.72053,0.72053,0.720115,0.720115
1788508500,0.72012,0.72012,0.71994,0.720065
1788508800,0.72006,0.72023,0.72,0.72021
1788509100,0.72022,0.72022,0.719825,0.719945
1788509400,0.719945,0.720075,0.71994,0.719995
1788509700,0.72,0.72015,0.71995,0.720095
1788510000,0.7201,0.72014,0.72,0.72001
1788510300,0.720015,0.72021,0.719985,0.72021
1788510600,0.720215,0.72022,0.72005,0.72008
1788510900,0.720095,0.72017,0.72004,0.72017
1788511200,0.72017,0.72026,0.7201,0.72023
1788511500,0.720235,0.72026,0.720155,0.720215
1788511800,0.72021,0.720275,0.720045,0.72011
1788512100,0.72011,0.72026,0.72006,0.72006
1788512400,0.72006,0.72009,0.71994,0.720045
1788512700,0.720035,0.720065,0.719955,0.72005
1788513000,0.720035,0.72005,0.71989,0.719945
1788513300,0.719945,0.72005,0.71987,0.720025
1788513600,0.720025,0.72005,0.71987,0.719875
1788513900,0.71988,0.71993,0.719835,0.719895
1788514200,0.719905,0.71995,0.7196,0.719725
1788514500,0.719735,0.719935,0.7197,0.719925
1788514800,0.719925,0.720025,0.719865,0.719895
1788515100,0.7199,0.7201,0.7199,0.72007
1788515400,0.720065,0.72007,0.71988,0.71997
1788515700,0.71997,0.72011,0.71989,0.719985
1788516000,0.719975,0.720135,0.719975,0.720065
1788516300,0.720065,0.72008,0.720005,0.720065
1788516600,0.720055,0.72007,0.719955,0.720015
1788516900,0.72001,0.720175,0.72001,0.72011
1788517200,0.72011,0.720115,0.71999,0.720025
1788517500,0.72003,0.72022,0.71986,0.72
1788517800,0.72001,0.72011,0.71999,0.720015
1788518100,0.720015,0.720115,0.719985,0.72011
1788518400,0.72012,0.72019,0.72004,0.72013
1788518700,0.720135,0.72035,0.72013,0.72028
1788519000,0.720275,0.72033,0.72014,0.720195
1788519300,0.720185,0.72019,0.72,0.720015
1788519600,0.72002,0.72012,0.72,0.72009
1788519900,0.720085,0.72009,0.71994,0.71997
1788520200,0.719975,0.72017,0.71996,0.720155
1788520500,0.720155,0.720185,0.720055,0.720145
1788520800,0.720155,0.72028,0.720155,0.720195
1788521100,0.7202,0.72021,0.720115,0.720125
1788521400,0.720125,0.72021,0.72006,0.720185
1788521700,0.72019,0.720385,0.72019,0.720315
1788522000,0.720315,0.720395,0.72028,0.720365
1788522300,0.720375,0.720455,0.720295,0.72032
1788522600,0.720325,0.72053,0.72032,0.72047
1788522900,0.720475,0.720495,0.720345,0.720355
1788523200,0.720365,0.72047,0.720315,0.720345
1788523500,0.720335,0.720415,0.720255,0.720345
1788523800,0.720355,0.720435,0.720215,0.720355
1788524100,0.720365,0.720525,0.720365,0.72051
1788524400,0.720515,0.720865,0.720515,0.720795
1788524700,0.720805,0.721105,0.720735,0.721105
1788525000,0.721085,0.721085,0.71729,0.71873
1788525300,0.71874,0.719355,0.71856,0.718975
1788525600,0.71897,0.71909,0.71868,0.718935
1788525900,0.71893,0.719365,0.71837,0.719255
1788526200,0.71926,0.719705,0.71914,0.71937
1788526500,0.719385,0.719415,0.71897,0.71934
1788526800,0.719335,0.71935,0.71875,0.71876
1788527100,0.718765,0.718915,0.718645,0.718825
1788527400,0.718815,0.719225,0.71869,0.719175
1788527700,0.719165,0.71959,0.719165,0.71956
1788528000,0.719555,0.720285,0.71955,0.720275
1788528300,0.72028,0.72062,0.72018,0.720545
1788528600,0.72054,0.720855,0.720265,0.720285
1788528900,0.72028,0.720395,0.719945,0.719985
1788529200,0.71999,0.720565,0.71998,0.720335
1788529500,0.720335,0.72086,0.720335,0.720595
1788529800,0.720605,0.720685,0.720045,0.72008
1788530100,0.720085,0.72017,0.719805,0.719885
1788530400,0.719885,0.719945,0.71962,0.71973
1788530700,0.719725,0.72011,0.71968,0.720035
1788531000,0.72003,0.720205,0.719805,0.72019
1788531300,0.720195,0.720235,0.719995,0.72012
1788531600,0.720125,0.720285,0.720015,0.720095
1788531900,0.7201,0.72032,0.7201,0.720185
1788532200,0.72019,0.720505,0.720145,0.720395
1788532500,0.720395,0.72057,0.720295,0.720515
1788532800,0.720505,0.72073,0.720435,0.720685
1788533100,0.720675,0.720735,0.720395,0.720505
1788533400,0.720505,0.720535,0.720245,0.720255
1788533700,0.720265,0.720395,0.720125,0.720305
1788534000,0.720315,0.720495,0.720115,0.72042
1788534300,0.720415,0.720645,0.720305,0.720555
1788534600,0.720545,0.72094,0.720535,0.720915
1788534900,0.72091,0.720975,0.72077,0.72092
1788535200,0.720915,0.720935,0.720735,0.720855
1788535500,0.720845,0.720885,0.720765,0.720795
1788535800,0.720785,0.72098,0.720755,0.720865
1788536100,0.720855,0.72093,0.720795,0.720805
1788536400,0.72081,0.721055,0.720785,0.721005
1788536700,0.721005,0.721025,0.720895,0.721015
1788537000,0.721015,0.72113,0.720845,0.720865
1788537300,0.72087,0.72105,0.72079,0.720795
1788537600,0.7208,0.721065,0.720795,0.721045
1788537900,0.72106,0.721085,0.720845,0.72092
1788538200,0.720925,0.721095,0.72082,0.72106
1788538500,0.721055,0.721175,0.721045,0.721115
1788538800,0.72112,0.72126,0.721035,0.721045
1788539100,0.721045,0.721065,0.72088,0.720955
1788539400,0.72095,0.72109,0.720905,0.721075
1788539700,0.72107,0.72112,0.72096,0.72098
1788540000,0.72098,0.72104,0.72094,0.72098
1788540300,0.720985,0.721115,0.720955,0.72111
1788540600,0.72111,0.72115,0.721085,0.721085
1788540900,0.72108,0.721095,0.72094,0.721045
1788541200,0.72104,0.72104,0.72068,0.72068
1788541500,0.72067,0.720785,0.72066,0.720725
1788541800,0.72073,0.72083,0.720725,0.72074
1788542100,0.720745,0.7209,0.72073,0.72083
1788542400,0.720835,0.72089,0.720635,0.72074
1788542700,0.72074,0.720755,0.72059,0.72061
1788543000,0.720615,0.720695,0.720615,0.72067
1788543300,0.72068,0.72072,0.72059,0.72065
1788543600,0.72065,0.72065,0.72046,0.720465
1788543900,0.720475,0.720515,0.72041,0.720425
1788544200,0.72042,0.72049,0.72037,0.72042
1788544500,0.72042,0.72042,0.720315,0.72034
1788544800,0.720335,0.72042,0.72023,0.7203
1788545100,0.720305,0.72037,0.72024,0.7203
1788545400,0.7203,0.72035,0.72025,0.720265
1788545700,0.720265,0.720325,0.72026,0.720265
1788546000,0.720265,0.72033,0.72022,0.72031
1788546300,0.72031,0.7204,0.720265,0.72031
1788546600,0.72031,0.72035,0.72028,0.72034
1788546900,0.72034,0.72037,0.72021,0.720245
1788547200,0.72025,0.720385,0.72022,0.72023
1788547500,0.72023,0.72024,0.720165,0.720225
1788547800,0.720225,0.72024,0.720185,0.72023
1788548100,0.72023,0.720395,0.72023,0.720375
1788548400,0.72038,0.720475,0.720345,0.72044
1788548700,0.72044,0.720495,0.720435,0.720475
1788549000,0.720475,0.720485,0.720425,0.720455
1788549300,0.720455,0.72057,0.720455,0.72052
1788549600,0.720525,0.72057,0.72046,0.72057
1788549900,0.720565,0.72068,0.72056,0.720675
1788550200,0.72067,0.72069,0.720615,0.72067
1788550500,0.72067,0.720715,0.72062,0.72071
1788550800,0.72071,0.72082,0.720705,0.72082
1788551100,0.72081,0.72082,0.72073,0.72075
1788551400,0.720755,0.72081,0.720755,0.72076
1788551700,0.720765,0.7208,0.720655,0.72072
1788552000,0.720715,0.72073,0.72061,0.72065
1788552300,0.72064,0.720665,0.72061,0.72063
1788552600,0.720635,0.720635,0.72056,0.72061
1788552900,0.720605,0.72062,0.72057,0.7206
1788553200,0.720605,0.720625,0.720545,0.720555
1788553500,0.720555,0.720555,0.72045,0.72049
1788553800,0.720485,0.72052,0.720465,0.720465
1788554100,0.720465,0.720505,0.72045,0.720505
1788554400,0.72051,0.720515,0.72046,0.7205
1788554700,0.72051,0.720535,0.720445,0.720475
1788555000,0.720485,0.72054,0.72045,0.72053
1788555300,0.720515,0.72056,0.72027,0.72033
1788728400,0.72033,0.72033,0.719845,0.720075
1788728700,0.72009,0.72009,0.71987,0.71997
1788729000,0.71997,0.71997,0.71993,0.71993
1788729300,0.71993,0.71993,0.71987,0.719875
1788729600,0.719875,0.72004,0.719745,0.71978
1788729900,0.719705,0.72008,0.71959,0.72006
1788730200,0.72007,0.720125,0.720005,0.72004
1788730500,0.72004,0.720065,0.72002,0.72004
1788730800,0.72004,0.720085,0.72,0.72006
1788731100,0.720045,0.720195,0.720045,0.72016
1788731400,0.720165,0.720265,0.720135,0.720235
1788731700,0.720235,0.72038,0.720235,0.72028
1788732000,0.72029,0.720535,0.720225,0.720455
1788732300,0.72045,0.720555,0.72044,0.720535
1788732600,0.72053,0.72056,0.72047,0.720555
1788732900,0.720555,0.7206,0.72055,0.72056
1788733200,0.72056,0.720565,0.72055,0.720565
1788733500,0.72056,0.720575,0.720545,0.72055
1788733800,0.720555,0.720555,0.72049,0.7205
1788734100,0.7205,0.72051,0.72046,0.720485
1788734400,0.720485,0.72053,0.72048,0.72049
1788734700,0.720495,0.720595,0.720495,0.72059
1788735000,0.72059,0.720615,0.72051,0.720525
1788735300,0.720515,0.72057,0.720515,0.720515
1788735600,0.720515,0.720645,0.72051,0.7206
1788735900,0.7206,0.72071,0.7206,0.72069
1788736200,0.72069,0.720815,0.720645,0.7208
1788736500,0.7208,0.7208,0.72075,0.720755
1788736800,0.720755,0.72076,0.720655,0.720655
1788737100,0.72066,0.72071,0.720655,0.720705
1788737400,0.7207,0.720785,0.72065,0.720765
1788737700,0.72077,0.72081,0.72074,0.720805
1788738000,0.7208,0.72081,0.72075,0.720805
1788738300,0.720805,0.720845,0.72071,0.720735
1788738600,0.720735,0.720755,0.720645,0.720755
1788738900,0.72075,0.720755,0.72055,0.72064
1788739200,0.720645,0.720755,0.72053,0.720575
1788739500,0.72058,0.72072,0.72056,0.720605
1788739800,0.720595,0.720805,0.72056,0.72071
1788740100,0.720715,0.720845,0.720635,0.720635
1788740400,0.72064,0.72077,0.720545,0.72069
1788740700,0.7207,0.72088,0.720685,0.720695
1788741000,0.72069,0.72073,0.72055,0.72067
1788741300,0.72067,0.721005,0.72065,0.720985
1788741600,0.72098,0.72113,0.720955,0.72101
1788741900,0.72101,0.721075,0.720855,0.72094
1788742200,0.72094,0.720985,0.720705,0.7208
1788742500,0.720795,0.720815,0.72061,0.72076
1788742800,0.720765,0.720865,0.72052,0.72054
1788743100,0.72054,0.720805,0.72053,0.72054
1788743400,0.720545,0.720755,0.720445,0.720715
1788743700,0.720715,0.720785,0.7204,0.72053
1788744000,0.72053,0.72061,0.72041,0.720505
1788744300,0.720495,0.720685,0.720475,0.72067
1788744600,0.720665,0.72079,0.720565,0.72068
1788744900,0.720675,0.720685,0.72051,0.720575
1788745200,0.72058,0.7206,0.72018,0.720405
1788745500,0.7204,0.72046,0.72031,0.720365
1788745800,0.72037,0.720555,0.720355,0.72043
1788746100,0.72042,0.72042,0.72024,0.72029
1788746400,0.720295,0.72032,0.72015,0.720185
1788746700,0.72019,0.72019,0.71997,0.720025
1788747000,0.72002,0.720025,0.719925,0.719935
1788747300,0.719935,0.719955,0.71986,0.719905
1788747600,0.719905,0.72005,0.71982,0.72005
1788747900,0.720045,0.720155,0.720005,0.720155
1788748200,0.72016,0.720205,0.71998,0.720095
1788748500,0.720095,0.72016,0.72006,0.720125
1788748800,0.720125,0.720135,0.71994,0.719965
1788749100,0.71997,0.72004,0.719955,0.719995
1788749400,0.719995,0.72003,0.71996,0.720005
1788749700,0.72001,0.72001,0.719785,0.71994
1788750000,0.719945,0.720245,0.719945,0.720235
1788750300,0.72024,0.72024,0.719945,0.719945
1788750600,0.719945,0.719965,0.71986,0.71992
1788750900,0.719925,0.72002,0.719895,0.71999
1788751200,0.71999,0.72013,0.719965,0.7201
1788751500,0.72011,0.72027,0.72009,0.72026
1788751800,0.720255,0.720275,0.7201,0.720115
1788752100,0.720105,0.720265,0.720105,0.720265
1788752400,0.720265,0.7203,0.720205,0.720215
1788752700,0.720215,0.720335,0.720215,0.72031
1788753000,0.72031,0.720335,0.720275,0.72032
1788753300,0.72032,0.72046,0.72032,0.72045
1788753600,0.72046,0.720465,0.72028,0.7203
1788753900,0.7203,0.720395,0.72026,0.72034
1788754200,0.72034,0.7204,0.72033,0.72038
1788754500,0.72038,0.72038,0.72023,0.720265
1788754800,0.72027,0.7203,0.720195,0.72028
1788755100,0.720275,0.720305,0.720245,0.72028
1788755400,0.72028,0.720335,0.72026,0.72031
1788755700,0.720315,0.720345,0.720165,0.72017
1788756000,0.72017,0.720235,0.72009,0.72019
1788756300,0.72019,0.72032,0.72018,0.72029
1788756600,0.72029,0.72045,0.72024,0.72042
1788756900,0.72042,0.720575,0.72042,0.72053
1788757200,0.720525,0.72062,0.72046,0.72062
1788757500,0.720615,0.720615,0.72041,0.72043
1788757800,0.72043,0.72054,0.72042,0.72046
1788758100,0.72046,0.72053,0.720445,0.72053
1788758400,0.72053,0.72054,0.72045,0.720535
1788758700,0.72053,0.72077,0.72048,0.72071
1788759000,0.720715,0.720775,0.720625,0.72075
1788759300,0.720745,0.72087,0.72074,0.72081
1788759600,0.720805,0.72082,0.720735,0.720745
1788759900,0.720745,0.720855,0.72073,0.72084
1788760200,0.72084,0.7209,0.720755,0.720795
1788760500,0.7208,0.72105,0.720795,0.720945
1788760800,0.72095,0.720955,0.720705,0.72081
1788761100,0.720815,0.72088,0.720755,0.720815
1788761400,0.72082,0.721005,0.720795,0.72096
1788761700,0.720955,0.72115,0.72082,0.72112
1788762000,0.72112,0.72121,0.72103,0.721185
1788762300,0.72118,0.7213,0.721115,0.7213
1788762600,0.721295,0.721795,0.721235,0.721705
1788762900,0.721695,0.721725,0.721445,0.721695
1788763200,0.72169,0.72172,0.72156,0.721665
1788763500,0.721655,0.721725,0.72161,0.721665
1788763800,0.721665,0.72167,0.721555,0.72157
1788764100,0.721565,0.72157,0.72138,0.72146
1788764400,0.721465,0.72158,0.72138,0.72155
1788764700,0.721555,0.721565,0.72143,0.72145
1788765000,0.72145,0.721545,0.72123,0.721545
1788765300,0.721535,0.721535,0.72143,0.721465
1788765600,0.72147,0.72158,0.721465,0.721525
1788765900,0.721525,0.721895,0.721525,0.72186
1788766200,0.721855,0.72201,0.7218,0.721885
1788766500,0.72187,0.7219,0.721715,0.721795
1788766800,0.721795,0.72186,0.72156,0.721715
1788767100,0.72171,0.721905,0.721705,0.72189
1788767400,0.721895,0.722075,0.72184,0.72206
1788767700,0.722055,0.72245,0.722045,0.72225
1788768000,0.722255,0.722335,0.72209,0.722185
1788768300,0.722175,0.722465,0.722055,0.722255
1788768600,0.722255,0.722475,0.72222,0.722405
1788768900,0.7224,0.7224,0.722205,0.72234
1788769200,0.722345,0.72248,0.72208,0.72209
1788769500,0.722095,0.7223,0.72204,0.7221
1788769800,0.72211,0.72234,0.72208,0.722205
1788770100,0.7222,0.72227,0.721915,0.721925
1788770400,0.72192,0.722,0.721795,0.721875
1788770700,0.721875,0.721905,0.72173,0.721735
1788771000,0.72174,0.72202,0.72166,0.722
1788771300,0.72199,0.722,0.72181,0.721855
1788771600,0.72185,0.72195,0.72179,0.72193
1788771900,0.72194,0.722,0.72183,0.721985
1788772200,0.72199,0.722,0.72185,0.72195
1788772500,0.72195,0.722005,0.721835,0.72185
1788772800,0.721855,0.721905,0.721805,0.721895
1788773100,0.721895,0.72206,0.721885,0.722
1788773400,0.722005,0.72209,0.721915,0.722045
1788773700,0.722045,0.72211,0.721945,0.722105
1788774000,0.7221,0.722115,0.72186,0.7219
1788774300,0.721895,0.721945,0.72185,0.721885
1788774600,0.721885,0.721885,0.72173,0.721765
1788774900,0.72177,0.72184,0.72172,0.72173
1788775200,0.721735,0.72184,0.721695,0.72183
1788775500,0.72184,0.72185,0.72169,0.7218
1788775800,0.721805,0.72185,0.72173,0.721745
1788776100,0.72174,0.721875,0.721705,0.72186
1788776400,0.72186,0.72189,0.72175,0.72184
1788776700,0.721835,0.721905,0.7218,0.72186
1788777000,0.721865,0.72191,0.721795,0.721805
1788777300,0.72181,0.721855,0.72173,0.721855
1788777600,0.72186,0.722015,0.721845,0.722005
1788777900,0.722005,0.722075,0.721995,0.72205
1788778200,0.722045,0.72206,0.721965,0.72199
1788778500,0.721985,0.722005,0.72183,0.721865
1788778800,0.721855,0.721895,0.721605,0.721695
1788779100,0.721695,0.721825,0.721695,0.721725
1788779400,0.721725,0.721795,0.7216,0.721695
1788779700,0.721685,0.721775,0.721595,0.721715
1788780000,0.72173,0.721835,0.721725,0.72179
1788780300,0.721795,0.721795,0.721605,0.721685
1788780600,0.721675,0.721705,0.721485,0.721485
1788780900,0.721495,0.72164,0.721445,0.721615
1788781200,0.721605,0.721615,0.72144,0.72151
1788781500,0.72151,0.721665,0.721485,0.72165
1788781800,0.72165,0.721665,0.721495,0.721505
1788782100,0.721515,0.721555,0.721365,0.721395
1788782400,0.721405,0.721515,0.721375,0.721415
1788782700,0.721425,0.721595,0.721405,0.721415
1788783000,0.721415,0.721465,0.72135,0.721355
1788783300,0.72135,0.72149,0.72131,0.72146
1788783600,0.721455,0.721645,0.72141,0.72161
1788783900,0.72161,0.721795,0.721595,0.721795
1788784200,0.72179,0.72179,0.721595,0.721595
1788784500,0.7216,0.7217,0.72159,0.721605
1788784800,0.721605,0.721645,0.721495,0.721615
1788785100,0.72162,0.721665,0.721445,0.721515
1788785400,0.721515,0.72162,0.72145,0.721605
1788785700,0.721605,0.721605,0.721505,0.721565
1788786000,0.721575,0.721645,0.721555,0.721575
1788786300,0.721565,0.721575,0.72148,0.721565
1788786600,0.721585,0.721665,0.721515,0.721655
1788786900,0.721655,0.721675,0.721565,0.721665
1788787200,0.721665,0.721885,0.721665,0.721885
1788787500,0.721875,0.721895,0.72181,0.72182
1788787800,0.721815,0.721815,0.72165,0.72167
1788788100,0.721675,0.72173,0.721605,0.721715
1788788400,0.721715,0.721795,0.721705,0.721765
1788788700,0.721785,0.721885,0.721735,0.721845
1788789000,0.721845,0.722065,0.721835,0.721935
1788789300,0.721935,0.722125,0.721895,0.722125
1788789600,0.722115,0.722245,0.722025,0.722115
1788789900,0.722115,0.722115,0.722045,0.722115
1788790200,0.722115,0.722115,0.722005,0.722065
1788790500,0.722055,0.722195,0.722025,0.722095
1788790800,0.722095,0.722115,0.721955,0.722035
1788791100,0.722045,0.722165,0.722005,0.722015
1788791400,0.722025,0.722035,0.72185,0.72185
1788791700,0.721855,0.722015,0.721845,0.721955
1788792000,0.721965,0.721995,0.721885,0.721945
1788792300,0.721945,0.721945,0.721845,0.721855
1788792600,0.721855,0.721885,0.721795,0.721845
1788792900,0.72185,0.722015,0.72185,0.72195
1788793200,0.721945,0.722155,0.721945,0.722135
1788793500,0.722125,0.722135,0.721855,0.722005
1788793800,0.721995,0.722005,0.721835,0.721875
1788794100,0.721865,0.721875,0.721795,0.721835
1788794400,0.721835,0.721865,0.721795,0.721805
1788794700,0.721805,0.72196,0.721805,0.72191
1788795000,0.72191,0.721965,0.72181,0.72184
1788795300,0.721845,0.72192,0.721805,0.721895
1788795600,0.721885,0.721955,0.721855,0.721955
1788795900,0.721955,0.721955,0.721855,0.721905
1788796200,0.721905,0.721905,0.721755,0.721755
1788796500,0.721755,0.721785,0.721705,0.721765
1788796800,0.721775,0.721805,0.721715,0.72173
1788797100,0.72173,0.721815,0.72173,0.721805
1788797400,0.721805,0.721855,0.721785,0.721795
1788797700,0.721795,0.72186,0.721775,0.72186
1788798000,0.72186,0.72187,0.7218,0.7218
1788798300,0.7218,0.72186,0.721795,0.721855
1788798600,0.721855,0.721965,0.721855,0.721965
1788798900,0.721965,0.722005,0.721955,0.721965
1788799200,0.721965,0.722015,0.721965,0.722015
1788799500,0.722015,0.722015,0.721955,0.721955
1788799800,0.721955,0.722015,0.721955,0.722005
1788800100,0.72201,0.722045,0.722,0.72201
1788800400,0.722015,0.722015,0.72195,0.721965
1788800700,0.721965,0.721995,0.721905,0.721905
1788801000,0.721905,0.721945,0.721895,0.721945
1788801300,0.721935,0.721955,0.72189,0.72189
1788801600,0.72189,0.721915,0.721865,0.721865
1788801900,0.721865,0.72191,0.721855,0.721855
1788802200,0.721855,0.721865,0.721855,0.72186
1788802500,0.72186,0.721875,0.72185,0.72186
1788802800,0.72186,0.72187,0.721815,0.72187
1788803100,0.72187,0.72187,0.72183,0.72184
1788803400,0.721835,0.721855,0.721835,0.721855
1788803700,0.72185,0.721865,0.721835,0.721855
1788804000,0.721855,0.7219,0.721855,0.721855
1788804300,0.721855,0.721865,0.72185,0.721865
1788804600,0.721865,0.721865,0.72184,0.72185
1788804900,0.72185,0.721855,0.721815,0.721815
1788805200,0.721815,0.721815,0.7218,0.7218
1788805500,0.7218,0.7218,0.721735,0.721755
1788805800,0.721755,0.72177,0.721745,0.72176
1788806100,0.72176,0.721805,0.721755,0.721805
1788806400,0.721805,0.72181,0.7218,0.721805
1788806700,0.721805,0.721805,0.721755,0.721765
1788807000,0.721765,0.721765,0.72174,0.72174
1788807300,0.721745,0.721815,0.721745,0.721815
1788807600,0.72182,0.72182,0.721725,0.721755
1788807900,0.721755,0.721755,0.721745,0.721745
1788808200,0.72175,0.72176,0.721745,0.72175
1788808500,0.72176,0.72176,0.72174,0.72174
1788808800,0.72174,0.721755,0.721695,0.721755
1788809100,0.721755,0.721755,0.721745,0.721745
1788809400,0.721745,0.721745,0.721695,0.72171
1788809700,0.72171,0.72174,0.721705,0.721735
1788810000,0.721735,0.72174,0.72171,0.72172
1788810300,0.72172,0.72173,0.72171,0.721715
1788810600,0.721715,0.721745,0.721715,0.72174
1788810900,0.721745,0.721765,0.72174,0.72176
1788811200,0.721755,0.721775,0.721735,0.721765
1788811500,0.721765,0.721765,0.721745,0.72175
1788811800,0.721755,0.721775,0.721755,0.721775
1788812100,0.721775,0.7218,0.721765,0.721795
1788812400,0.721795,0.7218,0.72179,0.721795
1788812700,0.72179,0.721795,0.721785,0.721785
1788813000,0.721785,0.721875,0.72178,0.721875
1788813300,0.721875,0.721875,0.72184,0.72187
1788813600,0.72187,0.72187,0.721855,0.72186
1788813900,0.721865,0.721895,0.721865,0.721875
1788814200,0.721865,0.721915,0.72186,0.721895
1788814500,0.721905,0.72192,0.721805,0.72181
1788814800,0.72181,0.72181,0.72181,0.72181
1788815100,0.72181,0.72181,0.72158,0.72163
1788815400,0.72163,0.721695,0.72162,0.721675
1788815700,0.721675,0.72174,0.721665,0.72173
1788816000,0.72171,0.72173,0.721655,0.72171
1788816300,0.72171,0.72171,0.72168,0.721685
1788816600,0.72169,0.72173,0.72167,0.7217
1788816900,0.7217,0.721975,0.7217,0.72196
1788817200,0.72196,0.72206,0.72195,0.72197
1788817500,0.72196,0.72201,0.72186,0.72188
1788817800,0.72188,0.721885,0.7218,0.721845
1788818100,0.721845,0.721845,0.721635,0.72184
1788818400,0.721835,0.72199,0.721835,0.72197
1788818700,0.72197,0.72199,0.721935,0.72196
1788819000,0.72196,0.72196,0.72189,0.721935
1788819300,0.721935,0.721975,0.721925,0.72196
1788819600,0.72195,0.721955,0.7219,0.721915
1788819900,0.72191,0.72196,0.72189,0.721945
1788820200,0.721935,0.721945,0.72185,0.721865
1788820500,0.721865,0.721865,0.7218,0.721815
1788820800,0.72182,0.72191,0.72181,0.721895
1788821100,0.7219,0.72191,0.72185,0.721905
1788821400,0.721905,0.72191,0.721885,0.7219
1788821700,0.7219,0.72191,0.721835,0.72188
1788822000,0.721875,0.721945,0.721855,0.721915
1788822300,0.72191,0.721925,0.72184,0.7219
1788822600,0.7219,0.722065,0.721895,0.72206
1788822900,0.722055,0.72213,0.72192,0.72199
1788823200,0.721985,0.72215,0.721975,0.7221
1788823500,0.72209,0.72218,0.721985,0.722095
1788823800,0.722095,0.722105,0.72201,0.7221
1788824100,0.7221,0.722265,0.72209,0.722245
1788824400,0.72225,0.72231,0.722235,0.7223
1788824700,0.7223,0.72235,0.72229,0.722325
1788825000,0.72233,0.722335,0.722145,0.7222
1788825300,0.722205,0.72221,0.72202,0.72215
1788825600,0.722165,0.722295,0.72204,0.722055
1788825900,0.72206,0.722105,0.72191,0.72193
1788826200,0.721925,0.721945,0.721785,0.72179
1788826500,0.721795,0.72194,0.721675,0.721875
1788826800,0.72187,0.722,0.72169,0.721735
1788827100,0.72174,0.721875,0.72172,0.72176
1788827400,0.721775,0.72183,0.72164,0.72174
1788827700,0.72173,0.72184,0.72168,0.7217
1788828000,0.721705,0.721825,0.721635,0.72167
1788828300,0.72166,0.72172,0.721585,0.721715
1788828600,0.721715,0.721845,0.72165,0.7218
1788828900,0.721795,0.7218,0.721655,0.721735
1788829200,0.72174,0.721835,0.721515,0.721555
1788829500,0.72155,0.721745,0.721475,0.72172
1788829800,0.721725,0.721755,0.7216,0.721755
1788830100,0.72175,0.721835,0.721685,0.72169
1788830400,0.721685,0.72188,0.721625,0.72181
1788830700,0.72181,0.72189,0.721625,0.721655
1788831000,0.72165,0.72166,0.721445,0.721545
1788831300,0.721545,0.721595,0.7214,0.721405
1788831600,0.7214,0.72163,0.7214,0.72145
1788831900,0.721445,0.72166,0.721445,0.721635
1788832200,0.72164,0.721655,0.721455,0.72155
1788832500,0.721555,0.721615,0.72149,0.721605
1788832800,0.72161,0.72166,0.72143,0.721455
1788833100,0.72146,0.721605,0.721425,0.721535
1788833400,0.72154,0.72162,0.721295,0.72134
1788833700,0.721345,0.7214,0.721255,0.72126
1788834000,0.72126,0.72145,0.72113,0.72121
1788834300,0.721205,0.721255,0.72084,0.72089
1788834600,0.7209,0.72094,0.7207,0.72075
1788834900,0.720755,0.720855,0.720575,0.720805
1788835200,0.720815,0.720915,0.720795,0.72085
1788835500,0.72085,0.720945,0.720815,0.72085
1788835800,0.720855,0.720995,0.72083,0.72097
1788836100,0.720965,0.721035,0.72091,0.72096
1788836400,0.720965,0.720965,0.720755,0.72081
1788836700,0.720805,0.720925,0.720795,0.720925
1788837000,0.720915,0.720975,0.720785,0.720955
1788837300,0.72095,0.721005,0.720815,0.720995
1788837600,0.720995,0.72107,0.720935,0.72096
1788837900,0.72097,0.720975,0.72088,0.720905
1788838200,0.72091,0.72098,0.72082,0.720945
1788838500,0.72094,0.72097,0.720855,0.720895
1788838800,0.720895,0.721115,0.72086,0.721105
1788839100,0.72111,0.721635,0.721075,0.72162
1788839400,0.721625,0.721635,0.7212,0.72135
1788839700,0.72136,0.721615,0.72133,0.72154
1788840000,0.721545,0.721645,0.721435,0.72162
1788840300,0.72163,0.72183,0.72137,0.721435
1788840600,0.72144,0.72152,0.72128,0.721295
1788840900,0.7213,0.721445,0.721295,0.72142
1788841200,0.721425,0.72165,0.72133,0.72163
1788841500,0.72163,0.72163,0.72131,0.721315
1788841800,0.72132,0.721475,0.72131,0.72136
1788842100,0.72136,0.72136,0.72122,0.721315
1788842400,0.721315,0.72142,0.721245,0.72142
1788842700,0.72142,0.721475,0.72138,0.72143
1788843000,0.721435,0.721505,0.721395,0.721405
1788843300,0.721405,0.721675,0.7214,0.72167
1788843600,0.721675,0.721745,0.721595,0.721595
1788843900,0.721595,0.721615,0.72143,0.72149
1788844200,0.721495,0.721505,0.72142,0.72144
1788844500,0.72143,0.721645,0.72143,0.72157
1788844800,0.72157,0.721645,0.72138,0.721395
1788845100,0.721395,0.72146,0.72133,0.72139
1788845400,0.721395,0.721475,0.7213,0.721465
1788845700,0.721465,0.72159,0.721415,0.72156
1788846000,0.721565,0.721715,0.721455,0.721715
1788846300,0.72171,0.72183,0.72158,0.72171
1788846600,0.721705,0.72177,0.721575,0.7216
1788846900,0.721605,0.721835,0.72159,0.72178
1788847200,0.721785,0.722065,0.72171,0.72206
1788847500,0.722055,0.722175,0.721915,0.721925
1788847800,0.721925,0.721935,0.721605,0.72174
1788848100,0.721735,0.721755,0.72132,0.721325
1788848400,0.72133,0.721385,0.721215,0.72134
1788848700,0.721335,0.72134,0.7212,0.72121
1788849000,0.721215,0.721295,0.72102,0.72105
1788849300,0.721045,0.72124,0.720865,0.721175
1788849600,0.721175,0.721495,0.721175,0.721395
1788849900,0.7214,0.72144,0.721205,0.721235
1788850200,0.721225,0.72127,0.72109,0.721175
1788850500,0.72118,0.721195,0.721,0.721125
1788850800,0.72113,0.721425,0.721115,0.721375
1788851100,0.72138,0.721485,0.721285,0.721285
1788851400,0.72128,0.72163,0.72125,0.72157
1788851700,0.72156,0.721625,0.721365,0.721495
1788852000,0.72149,0.72155,0.72128,0.72139
1788852300,0.721395,0.72151,0.72127,0.72146
1788852600,0.721455,0.721585,0.72132,0.721325
1788852900,0.72132,0.721465,0.721125,0.72116
1788853200,0.721165,0.72125,0.72107,0.721245
1788853500,0.72124,0.721265,0.721125,0.721155
1788853800,0.72115,0.721235,0.72085,0.720875
1788854100,0.72088,0.72126,0.720875,0.72125
1788854400,0.721245,0.72128,0.720995,0.72107
1788854700,0.721065,0.72124,0.720845,0.72086
1788855000,0.72087,0.72097,0.720765,0.720875
1788855300,0.72088,0.72103,0.720735,0.7209
1788855600,0.720895,0.72097,0.72072,0.720935
1788855900,0.72094,0.72115,0.72094,0.72102
1788856200,0.72102,0.72113,0.720905,0.72106
1788856500,0.721055,0.721075,0.72081,0.72099
1788856800,0.720995,0.72101,0.72087,0.72089
1788857100,0.720885,0.72112,0.72077,0.72101
1788857400,0.721015,0.721095,0.72083,0.720995
1788857700,0.721005,0.72102,0.72087,0.720965
1788858000,0.72097,0.721085,0.72087,0.720965
1788858300,0.72097,0.72141,0.72093,0.72094
1788858600,0.720945,0.72109,0.72088,0.72107
1788858900,0.72107,0.721075,0.72092,0.720975
1788859200,0.72097,0.72101,0.72076,0.720785
1788859500,0.72079,0.720795,0.720485,0.72053
1788859800,0.720535,0.720715,0.72047,0.72059
1788860100,0.720585,0.720835,0.72057,0.72079
1788860400,0.720785,0.721115,0.720775,0.720965
1788860700,0.72097,0.72108,0.7209,0.721055
1788861000,0.72106,0.72119,0.721,0.721095
1788861300,0.721105,0.72137,0.7211,0.72134
1788861600,0.721335,0.721345,0.72099,0.721
1788861900,0.720995,0.72121,0.72098,0.721205
1788862200,0.7212,0.72127,0.72106,0.7212
1788862500,0.7212,0.721285,0.721155,0.72118
1788862800,0.721185,0.72172,0.72117,0.72126
1788863100,0.721265,0.721335,0.72116,0.7213
1788863400,0.72131,0.72131,0.720925,0.72099
1788863700,0.720995,0.72101,0.72087,0.720945
1788864000,0.72095,0.7211,0.72091,0.72102
1788864300,0.72102,0.72123,0.72101,0.721225
1788864600,0.72122,0.721305,0.72118,0.721215
1788864900,0.72121,0.721385,0.721195,0.721235
1788865200,0.72124,0.721335,0.72124,0.72131
1788865500,0.721315,0.721605,0.721205,0.721355
1788865800,0.721345,0.721355,0.721045,0.72122
1788866100,0.721225,0.72143,0.721215,0.721415
1788866400,0.72142,0.721445,0.721255,0.721345
1788866700,0.721355,0.72145,0.721295,0.721415
1788867000,0.72142,0.721525,0.721355,0.721465
1788867300,0.72147,0.721665,0.721375,0.721505
1788867600,0.7215,0.721525,0.721265,0.721295
1788867900,0.721305,0.721355,0.721145,0.721265
1788868200,0.721255,0.72134,0.721055,0.721245
1788868500,0.72124,0.721425,0.721225,0.721405
1788868800,0.721395,0.72142,0.721275,0.721355
1788869100,0.72136,0.72148,0.721305,0.72147
1788869400,0.721475,0.721475,0.721245,0.721295
1788869700,0.721295,0.721405,0.72114,0.721405
1788870000,0.721395,0.721545,0.72128,0.72151
1788870300,0.721505,0.72175,0.721475,0.721745
1788870600,0.72175,0.72204,0.72162,0.722005
1788870900,0.72201,0.722085,0.721935,0.722075
1788871200,0.722085,0.722135,0.72189,0.721955
1788871500,0.721945,0.72221,0.721855,0.722205
1788871800,0.722215,0.722355,0.722145,0.722335
1788872100,0.722345,0.72242,0.722275,0.722375
1788872400,0.72238,0.72257,0.722295,0.7224
1788872700,0.722385,0.722565,0.722315,0.722555
1788873000,0.72256,0.72267,0.722475,0.722505
1788873300,0.722515,0.722575,0.722305,0.722575
1788873600,0.722565,0.722875,0.722565,0.722735
1788873900,0.722725,0.722815,0.722615,0.722645
1788874200,0.722635,0.722735,0.722435,0.722445
1788874500,0.72244,0.72268,0.722305,0.72259
1788874800,0.722585,0.722585,0.72226,0.722275
1788875100,0.72227,0.722425,0.72213,0.722375
1788875400,0.722375,0.722475,0.72229,0.722455
1788875700,0.722465,0.7225,0.722355,0.722485
1788876000,0.722475,0.722665,0.722475,0.722665
1788876300,0.722665,0.72276,0.722445,0.722445
1788876600,0.722435,0.722435,0.72214,0.722265
1788876900,0.72227,0.722395,0.722225,0.722345
1788877200,0.722355,0.722605,0.722265,0.722595
1788877500,0.722605,0.722685,0.722525,0.722605
1788877800,0.722615,0.722825,0.722585,0.722785
1788878100,0.722775,0.723065,0.722735,0.722885
1788878400,0.722885,0.723005,0.72279,0.722955
1788878700,0.72295,0.72309,0.722925,0.723045
1788879000,0.72303,0.723035,0.722355,0.722515
1788879300,0.722505,0.722505,0.72213,0.722345
1788879600,0.72235,0.72249,0.722165,0.722345
1788879900,0.72234,0.722415,0.72231,0.722395
1788880200,0.7224,0.72249,0.72227,0.722285
1788880500,0.722285,0.722395,0.722205,0.722255
1788880800,0.722265,0.722285,0.722035,0.722165
1788881100,0.72216,0.722375,0.72213,0.72219
1788881400,0.722195,0.72233,0.722085,0.722095
1788881700,0.722095,0.7221,0.721875,0.721925
1788882000,0.721925,0.722035,0.721855,0.721885
1788882300,0.721895,0.7219,0.721765,0.721845
1788882600,0.721845,0.721985,0.721825,0.721835
1788882900,0.721835,0.721875,0.721745,0.72175
1788883200,0.721745,0.721775,0.72159,0.72174
1788883500,0.721745,0.72177,0.72142,0.72143
1788883800,0.721425,0.721525,0.721305,0.721435
1788884100,0.721435,0.72147,0.72134,0.721395
1788884400,0.721395,0.721565,0.721395,0.721555
1788884700,0.721555,0.721685,0.721485,0.721655
1788885000,0.721645,0.721725,0.721605,0.721685
1788885300,0.721685,0.721735,0.721585,0.721685
1788885600,0.721695,0.721695,0.721515,0.72159
1788885900,0.72159,0.7217,0.721565,0.72169
1788886200,0.72169,0.721905,0.721685,0.721755
1788886500,0.721755,0.721825,0.72157,0.721815
1788886800,0.721815,0.722075,0.721815,0.722055
1788887100,0.722065,0.722155,0.72202,0.722095
1788887400,0.722105,0.722145,0.722025,0.722045
1788887700,0.722035,0.722145,0.722015,0.722125
1788888000,0.72212,0.72212,0.722035,0.722085
1788888300,0.722095,0.722105,0.721985,0.722105
1788888600,0.72211,0.722125,0.721955,0.721965
1788888900,0.721965,0.72209,0.721935,0.722035
1788889200,0.722035,0.722035,0.721975,0.721995
1788889500,0.721995,0.722105,0.721995,0.722105
1788889800,0.722105,0.72222,0.722095,0.722145
1788890100,0.722155,0.722245,0.722115,0.722225
1788890400,0.722215,0.722285,0.72221,0.722245
1788890700,0.722235,0.72232,0.722215,0.722275
1788891000,0.722275,0.722345,0.722265,0.722295
1788891300,0.722295,0.722345,0.722215,0.722275
1788891600,0.722285,0.72242,0.722275,0.722405
1788891900,0.722405,0.722445,0.722335,0.722405
1788892200,0.722415,0.722505,0.722375,0.722485
1788892500,0.722485,0.722555,0.722455,0.722505
1788892800,0.722515,0.722605,0.722505,0.722605
1788893100,0.722605,0.722635,0.721855,0.72186
1788893400,0.721865,0.72236,0.721865,0.722355
1788893700,0.72236,0.722425,0.722125,0.72224
1788894000,0.722235,0.722335,0.72215,0.722255
1788894300,0.722255,0.722275,0.722045,0.722045
1788894600,0.722045,0.722125,0.721975,0.722075
1788894900,0.722075,0.722145,0.721945,0.721965
1788895200,0.721965,0.722025,0.721865,0.721865
1788895500,0.721855,0.721895,0.721785,0.721835
1788895800,0.721835,0.721855,0.721685,0.721755
1788896100,0.721765,0.721885,0.721735,0.721875
1788896400,0.721885,0.721925,0.721835,0.721915
1788896700,0.721915,0.721915,0.721765,0.721785
1788897000,0.721795,0.721795,0.721625,0.721655
1788897300,0.72165,0.7217,0.72156,0.72169
1788897600,0.72169,0.72184,0.721675,0.72172
1788897900,0.72171,0.721735,0.721665,0.721705
1788898200,0.721705,0.721715,0.72164,0.72169
1788898500,0.721695,0.721745,0.72167,0.72169
1788898800,0.72169,0.72174,0.721685,0.7217
1788899100,0.7217,0.7217,0.72149,0.72156
1788899400,0.721555,0.72165,0.72147,0.72163
1788899700,0.72163,0.721695,0.72163,0.721695
1788900000,0.721695,0.72173,0.721655,0.72172
1788900300,0.721715,0.72172,0.721625,0.721635
1788900600,0.721645,0.721675,0.721625,0.721635
1788900900,0.72164,0.72173,0.721615,0.72172
1788901200,0.72172,0.722025,0.72172,0.72181
1788901500,0.72186,0.72221,0.721795,0.721985
1788901800,0.721985,0.72215,0.72197,0.72211
1788902100,0.72212,0.72212,0.721955,0.721965
1788902400,0.721965,0.72209,0.72188,0.72197
1788902700,0.72197,0.722005,0.72196,0.72196
1788903000,0.721965,0.722005,0.721875,0.721905
1788903300,0.721905,0.721915,0.721825,0.7219
1788903600,0.7219,0.722015,0.721525,0.72158
1788903900,0.721565,0.72198,0.721515,0.7219
1788904200,0.7219,0.722025,0.72179,0.72191
1788904500,0.721925,0.722005,0.721885,0.72194
1788904800,0.72194,0.721965,0.721725,0.721935
1788905100,0.721935,0.72194,0.72186,0.721885
1788905400,0.721885,0.721885,0.721785,0.72182
1788905700,0.721815,0.721885,0.721815,0.721855
1788906000,0.721855,0.72187,0.7218,0.72181
1788906300,0.72181,0.721885,0.72181,0.721885
1788906600,0.72189,0.72189,0.72184,0.721845
1788906900,0.72185,0.72186,0.721815,0.721825
1788907200,0.721825,0.721835,0.72177,0.721785
1788907500,0.721785,0.721845,0.72177,0.72184
1788907800,0.72184,0.721885,0.72183,0.721835
1788908100,0.721835,0.721885,0.72183,0.721885
1788908400,0.72188,0.72193,0.721835,0.72186
1788908700,0.721855,0.721915,0.721845,0.72189
1788909000,0.721885,0.72189,0.72182,0.721835
1788909300,0.721835,0.72185,0.72182,0.721825
1788909600,0.721825,0.721965,0.72182,0.721935
1788909900,0.721935,0.72208,0.72192,0.722075
1788910200,0.722075,0.72214,0.72204,0.722055
1788910500,0.722055,0.72208,0.72202,0.722065
1788910800,0.72206,0.72217,0.722045,0.722105
1788911100,0.722105,0.72219,0.72202,0.72208
1788911400,0.72208,0.72208,0.72193,0.722
1788911700,0.721995,0.72213,0.721995,0.7221
1788912000,0.722095,0.722615,0.722095,0.722615
1788912300,0.722605,0.72261,0.722345,0.722355
1788912600,0.722345,0.722455,0.722275,0.72241
1788912900,0.722405,0.722555,0.722365,0.72244
1788913200,0.72244,0.72257,0.722355,0.722395
1788913500,0.7224,0.72255,0.72236,0.72245
1788913800,0.722455,0.7225,0.722315,0.72236
1788914100,0.72236,0.72254,0.722235,0.72252
1788914400,0.722525,0.72256,0.72242,0.72253
1788914700,0.722525,0.72265,0.72249,0.72262
1788915000,0.722615,0.722675,0.72255,0.722565
1788915300,0.72256,0.72262,0.722455,0.722615
1788915600,0.72262,0.72262,0.722215,0.72232
1788915900,0.722315,0.72256,0.722275,0.722485
1788916200,0.722485,0.72252,0.722375,0.722485
1788916500,0.72248,0.722595,0.722305,0.722365
1788916800,0.72237,0.7224,0.72216,0.722295
1788917100,0.7223,0.722345,0.722255,0.722275
1788917400,0.72228,0.722315,0.72216,0.7222
1788917700,0.722205,0.72223,0.722065,0.722105
1788918000,0.722115,0.722125,0.72195,0.72196
1788918300,0.72196,0.722105,0.721955,0.722
1788918600,0.722,0.722435,0.722,0.722405
1788918900,0.7224,0.722525,0.72232,0.72233
1788919200,0.72233,0.72234,0.72216,0.722205
1788919500,0.7222,0.72226,0.722115,0.72222
1788919800,0.722225,0.72231,0.722045,0.722095
1788920100,0.72209,0.72233,0.72208,0.72233
1788920400,0.722325,0.72237,0.722255,0.72232
1788920700,0.722315,0.722315,0.72211,0.722155
1788921000,0.722155,0.722205,0.72208,0.72213
1788921300,0.72212,0.722205,0.72207,0.72214
1788921600,0.722145,0.722295,0.72208,0.722275
1788921900,0.72227,0.722385,0.72225,0.72228
1788922200,0.72228,0.72235,0.72214,0.72224
1788922500,0.72224,0.72242,0.72222,0.72241
1788922800,0.722415,0.722455,0.722375,0.722405
1788923100,0.722405,0.722575,0.722405,0.722545
1788923400,0.72254,0.72256,0.72233,0.722335
1788923700,0.722335,0.72237,0.722225,0.72228
1788924000,0.72228,0.722305,0.72223,0.722275
1788924300,0.72228,0.722325,0.722185,0.7222
1788924600,0.722205,0.72223,0.722095,0.722225
1788924900,0.72222,0.72236,0.7222,0.722335
1788925200,0.722335,0.722435,0.72231,0.722385
1788925500,0.722385,0.72254,0.722355,0.722535
1788925800,0.72254,0.72259,0.722385,0.72241
1788926100,0.722405,0.722425,0.72231,0.722325
1788926400,0.722325,0.72245,0.7223,0.72244
1788926700,0.72244,0.72244,0.72231,0.72233
1788927000,0.722345,0.72241,0.72223,0.722375
1788927300,0.722375,0.722465,0.722315,0.72246
1788927600,0.722465,0.72262,0.72243,0.72261
1788927900,0.72261,0.722645,0.72251,0.722515
1788928200,0.722515,0.72257,0.72237,0.72242
1788928500,0.72242,0.72263,0.722415,0.72257
1788928800,0.72257,0.722625,0.72252,0.72262
1788929100,0.72262,0.72264,0.722585,0.722585
1788929400,0.72259,0.72273,0.72256,0.722685
1788929700,0.72268,0.723,0.72268,0.723
1788930000,0.723005,0.72306,0.72292,0.72306
1788930300,0.723065,0.72312,0.72298,0.72307
1788930600,0.723075,0.72318,0.72307,0.72309
1788930900,0.72309,0.72309,0.72291,0.72309
1788931200,0.723095,0.723155,0.723005,0.723155
1788931500,0.72316,0.723345,0.723095,0.72324
1788931800,0.723245,0.72326,0.72301,0.72311
1788932100,0.723105,0.723115,0.72289,0.722955
1788932400,0.722955,0.72299,0.72286,0.72287
1788932700,0.722865,0.72291,0.722745,0.722895
1788933000,0.72289,0.723095,0.7228,0.72309
1788933300,0.7231,0.72317,0.722985,0.723005
1788933600,0.72301,0.72341,0.722975,0.72335
1788933900,0.723345,0.723395,0.7233,0.72339
1788934200,0.72339,0.723685,0.723335,0.723615
1788934500,0.72361,0.723665,0.723555,0.723575
1788934800,0.723565,0.723575,0.723425,0.723455
1788935100,0.72346,0.723475,0.723165,0.72319
1788935400,0.723195,0.72334,0.723105,0.723305
1788935700,0.72331,0.72338,0.72321,0.723225
1788936000,0.72322,0.723225,0.72296,0.72303
1788936300,0.723025,0.723145,0.72293,0.72314
1788936600,0.723145,0.723205,0.723035,0.72314
1788936900,0.723145,0.723265,0.723115,0.723195
1788937200,0.7232,0.72337,0.7232,0.72322
1788937500,0.723215,0.723505,0.72321,0.72348
1788937800,0.723485,0.72363,0.72348,0.72358
1788938100,0.723585,0.7238,0.7235,0.723645
1788938400,0.72365,0.723735,0.72347,0.7235
1788938700,0.723505,0.723635,0.72345,0.723545
1788939000,0.72354,0.72369,0.72337,0.723385
1788939300,0.72338,0.72356,0.72337,0.72355
1788939600,0.723555,0.723565,0.72347,0.72352
1788939900,0.723525,0.72358,0.723365,0.7234
1788940200,0.7234,0.723415,0.72311,0.723165
1788940500,0.72317,0.72329,0.72314,0.723215
1788940800,0.72321,0.723215,0.72281,0.722825
1788941100,0.722835,0.72284,0.72257,0.722575
1788941400,0.72258,0.72284,0.72252,0.722645
1788941700,0.72265,0.722735,0.722465,0.72273
1788942000,0.72273,0.72274,0.7225,0.722515
1788942300,0.72252,0.722585,0.72246,0.72248
1788942600,0.72249,0.72261,0.72235,0.722595
1788942900,0.722595,0.7226,0.722395,0.722445
1788943200,0.72244,0.72258,0.72234,0.722345
1788943500,0.72235,0.72244,0.722305,0.722335
1788943800,0.722335,0.72248,0.72231,0.722445
1788944100,0.72245,0.72248,0.7223,0.722385
1788944400,0.72238,0.72242,0.722185,0.722235
1788944700,0.722235,0.722245,0.722155,0.72216
1788945000,0.722155,0.722175,0.721865,0.722035
1788945300,0.72203,0.722145,0.72202,0.72211
1788945600,0.72211,0.722135,0.721915,0.721945
1788945900,0.72194,0.72217,0.72194,0.722155
1788946200,0.722155,0.72216,0.72199,0.722
1788946500,0.722,0.72208,0.721905,0.722065
1788946800,0.722065,0.722115,0.721945,0.72199
1788947100,0.721985,0.722015,0.721805,0.72181
1788947400,0.721815,0.721915,0.721605,0.721615
1788947700,0.72161,0.72168,0.721535,0.721575
1788948000,0.721575,0.72163,0.72139,0.721565
1788948300,0.72157,0.72166,0.72151,0.72152
1788948600,0.72152,0.721655,0.7212,0.721235
1788948900,0.72123,0.721375,0.72118,0.721375
1788949200,0.72138,0.721455,0.721265,0.72127
1788949500,0.72128,0.72139,0.72126,0.72133
1788949800,0.721325,0.72151,0.721275,0.72151
1788950100,0.721505,0.721625,0.721405,0.721545
1788950400,0.72154,0.72156,0.721295,0.72134
1788950700,0.721335,0.721475,0.721295,0.721455
1788951000,0.721455,0.72151,0.721405,0.72144
1788951300,0.721435,0.72149,0.721365,0.721435
1788951600,0.721445,0.721595,0.721425,0.721575
1788951900,0.721575,0.721705,0.721555,0.721685
1788952200,0.721685,0.721705,0.72161,0.721635
1788952500,0.721625,0.721885,0.72157,0.721875
1788952800,0.721865,0.722005,0.721765,0.721955
1788953100,0.72196,0.72219,0.721955,0.722135
1788953400,0.722125,0.72214,0.72185,0.722055
1788953700,0.72206,0.72213,0.72195,0.722045
1788954000,0.722055,0.722185,0.72202,0.722085
1788954300,0.72209,0.722355,0.721895,0.722325
1788954600,0.72233,0.722435,0.722095,0.722095
1788954900,0.72209,0.722265,0.72204,0.72218
1788955200,0.722175,0.7223,0.722115,0.722205
1788955500,0.72221,0.722485,0.722175,0.722485
1788955800,0.722495,0.72262,0.72236,0.722385
1788956100,0.722385,0.722385,0.722205,0.722365
1788956400,0.72237,0.722435,0.722205,0.722335
1788956700,0.722325,0.722395,0.722245,0.722305
1788957000,0.722305,0.722395,0.722165,0.722365
1788957300,0.722355,0.722595,0.722355,0.722415
1788957600,0.72242,0.72243,0.722265,0.722275
1788957900,0.72229,0.722395,0.722205,0.722235
1788958200,0.722225,0.722385,0.722095,0.722205
1788958500,0.722215,0.72234,0.722185,0.72234
1788958800,0.722345,0.722625,0.72231,0.722495
1788959100,0.722505,0.722545,0.722405,0.722495
1788959400,0.722495,0.722675,0.722425,0.722545
1788959700,0.722535,0.72268,0.722315,0.722665
1788960000,0.722665,0.722825,0.722585,0.722815
1788960300,0.72282,0.723075,0.722785,0.723005
1788960600,0.722995,0.723385,0.722975,0.72334
1788960900,0.723345,0.72338,0.723115,0.723175
1788961200,0.72318,0.72322,0.722825,0.722995
1788961500,0.722995,0.723115,0.72285,0.722905
1788961800,0.722915,0.723005,0.722635,0.722695
1788962100,0.722695,0.72284,0.722685,0.722705
1788962400,0.7227,0.723005,0.7227,0.722945
1788962700,0.722955,0.723085,0.722875,0.722995
1788963000,0.722995,0.723035,0.722735,0.722995
1788963300,0.723005,0.723005,0.722615,0.722705
1788963600,0.72271,0.722765,0.722455,0.722465
1788963900,0.722475,0.722845,0.722475,0.722835
1788964200,0.722845,0.722845,0.722655,0.722775
1788964500,0.722765,0.72294,0.722735,0.72293
1788964800,0.722925,0.72294,0.722625,0.722715
1788965100,0.722715,0.722785,0.722635,0.722685
1788965400,0.72269,0.723105,0.722685,0.723005
1788965700,0.72302,0.723115,0.72292,0.723095
1788966000,0.723105,0.723245,0.72192,0.72193
1788966300,0.721935,0.722005,0.72151,0.721745
1788966600,0.72175,0.72176,0.721305,0.721375
1788966900,0.721365,0.721575,0.721225,0.721335
1788967200,0.721325,0.721435,0.720995,0.721055
1788967500,0.721065,0.721525,0.721055,0.721525
1788967800,0.721535,0.721665,0.721435,0.721665
1788968100,0.72166,0.722105,0.721635,0.72207
1788968400,0.72208,0.722105,0.721825,0.721845
1788968700,0.721845,0.721915,0.72172,0.721845
1788969000,0.721855,0.72213,0.721835,0.72187
1788969300,0.72187,0.721905,0.72169,0.721755
1788969600,0.721765,0.722155,0.72175,0.72213
1788969900,0.722125,0.722135,0.72169,0.721745
1788970200,0.72174,0.72175,0.721645,0.72171
1788970500,0.72171,0.72172,0.721445,0.721535
1788970800,0.721535,0.721665,0.721445,0.721665
1788971100,0.72167,0.721765,0.72156,0.721645
1788971400,0.72164,0.721795,0.72159,0.721795
1788971700,0.7218,0.72184,0.721645,0.72183
1788972000,0.721825,0.72207,0.72181,0.722055
1788972300,0.72205,0.722165,0.72204,0.722115
1788972600,0.722115,0.72221,0.72206,0.72207
1788972900,0.722065,0.72207,0.72199,0.72203
1788973200,0.722025,0.722195,0.72197,0.722115
1788973500,0.722115,0.722315,0.722105,0.722215
1788973800,0.722205,0.722285,0.722175,0.722195
1788974100,0.722195,0.72232,0.722185,0.722265
1788974400,0.722265,0.72244,0.722155,0.72218
1788974700,0.722175,0.722185,0.72205,0.722065
1788975000,0.722065,0.722175,0.722015,0.722115
1788975300,0.722115,0.722115,0.721955,0.722015
1788975600,0.72202,0.722195,0.722015,0.722145
1788975900,0.722155,0.722225,0.722135,0.722195
1788976200,0.722205,0.722205,0.722145,0.722155
1788976500,0.722155,0.722255,0.722155,0.722215
1788976800,0.722215,0.72234,0.722215,0.722265
1788977100,0.722265,0.722315,0.7222,0.722255
1788977400,0.722245,0.722265,0.722195,0.722235
1788977700,0.722245,0.722245,0.72211,0.722115
1788978000,0.722115,0.722165,0.722045,0.722115
1788978300,0.722115,0.722145,0.72202,0.722055
1788978600,0.722055,0.722085,0.721905,0.722015
1788978900,0.722015,0.72203,0.721905,0.721915
1788979200,0.721915,0.72197,0.72177,0.72177
1788979500,0.72178,0.7218,0.721725,0.721755
1788979800,0.721755,0.72181,0.72171,0.721745
1788980100,0.721745,0.721775,0.72167,0.72173
1788980400,0.721735,0.721775,0.72157,0.72158
1788980700,0.721575,0.72168,0.72152,0.72166
1788981000,0.72166,0.721675,0.72159,0.72162
1788981300,0.721615,0.721695,0.721605,0.72169
1788981600,0.7217,0.72178,0.721685,0.721695
1788981900,0.721695,0.721695,0.72156,0.721565
1788982200,0.721565,0.72165,0.721545,0.72161
1788982500,0.721615,0.72162,0.721545,0.721595
1788982800,0.721595,0.721695,0.721575,0.72167
1788983100,0.721675,0.72182,0.721675,0.72175
1788983400,0.72175,0.721755,0.721615,0.72172
1788983700,0.721725,0.72175,0.72165,0.721685
1788984000,0.72168,0.721695,0.72153,0.721535
1788984300,0.72153,0.721595,0.72151,0.72157
1788984600,0.72157,0.72158,0.72154,0.721545
1788984900,0.72155,0.721565,0.721485,0.721515
1788985200,0.72151,0.72154,0.721485,0.72154
1788985500,0.721545,0.72159,0.721545,0.72158
1788985800,0.721585,0.72168,0.721585,0.72165
1788986100,0.721655,0.72174,0.721655,0.721705
1788986400,0.7217,0.72173,0.72169,0.721725
1788986700,0.72172,0.72174,0.72171,0.721725
1788987000,0.72172,0.721825,0.72172,0.721785
1788987300,0.72178,0.721845,0.721775,0.721805
1788987600,0.721805,0.721975,0.721805,0.721865
1788987900,0.721875,0.72192,0.721795,0.721845
1788988200,0.721845,0.721975,0.721775,0.721955
1788988500,0.721955,0.72198,0.72186,0.721915
1788988800,0.721915,0.72198,0.721755,0.72186
1788989100,0.72186,0.721875,0.7218,0.721825
1788989400,0.72185,0.721885,0.721785,0.721795
1788989700,0.7218,0.721805,0.72162,0.721675
1788990000,0.721675,0.721685,0.721595,0.72166
1788990300,0.721655,0.721715,0.72163,0.721655
1788990600,0.721655,0.721675,0.721595,0.721595
1788990900,0.721635,0.721645,0.72146,0.72153
1788991200,0.7216,0.721845,0.7216,0.72167
1788991500,0.72167,0.72186,0.721665,0.72182
1788991800,0.72182,0.72192,0.7218,0.721805
1788992100,0.721805,0.72189,0.721805,0.721885
1788992400,0.72189,0.72201,0.72189,0.721925
1788992700,0.721925,0.722,0.721895,0.721895
1788993000,0.721895,0.721935,0.721875,0.721885
1788993300,0.72189,0.72189,0.721795,0.721825
1788993600,0.721825,0.72192,0.72182,0.721885
1788993900,0.721885,0.721885,0.721825,0.721845
1788994200,0.72184,0.721845,0.721745,0.72177
1788994500,0.72177,0.72187,0.721735,0.721835
1788994800,0.72183,0.72185,0.721775,0.72179
1788995100,0.72179,0.721825,0.72178,0.7218
1788995400,0.7218,0.721945,0.72179,0.721945
1788995700,0.721945,0.72201,0.72193,0.721945
1788996000,0.721945,0.72205,0.721935,0.721995
1788996300,0.721985,0.72206,0.7219,0.72205
1788996600,0.72206,0.72206,0.721945,0.721955
1788996900,0.721955,0.72204,0.72195,0.721995
1788997200,0.721995,0.722245,0.721995,0.722245
1788997500,0.722245,0.722305,0.722175,0.722295
1788997800,0.7223,0.7223,0.722095,0.7221
1788998100,0.722095,0.72217,0.72205,0.72217
1788998400,0.722165,0.722185,0.721935,0.7221
1788998700,0.722105,0.72221,0.72202,0.72217
1788999000,0.722165,0.72221,0.72205,0.7221
1788999300,0.7221,0.722105,0.721985,0.722
1788999600,0.722005,0.7221,0.721845,0.72187
1788999900,0.721875,0.721885,0.721665,0.72167
1789000200,0.721675,0.721715,0.721585,0.72164
1789000500,0.72164,0.7218,0.72161,0.72173
1789000800,0.721735,0.72179,0.721705,0.721755
1789001100,0.721735,0.72174,0.72165,0.721735
1789001400,0.721735,0.72185,0.72166,0.72167
1789001700,0.721675,0.721705,0.721415,0.72142
1789002000,0.721425,0.72149,0.721285,0.72141
1789002300,0.72141,0.72168,0.72137,0.72167
1789002600,0.721675,0.721695,0.72145,0.721575
1789002900,0.72157,0.72174,0.72152,0.721605
1789003200,0.7216,0.72163,0.72129,0.721295
1789003500,0.721295,0.72139,0.721045,0.721045
1789003800,0.72105,0.72106,0.72082,0.72089
1789004100,0.72089,0.72113,0.72089,0.72113
1789004400,0.721135,0.72134,0.721135,0.72129
1789004700,0.721295,0.72148,0.72124,0.721385
1789005000,0.72138,0.72158,0.72135,0.72151
1789005300,0.721515,0.721855,0.72149,0.721835
1789005600,0.72183,0.722,0.721765,0.721925
1789005900,0.721925,0.72195,0.721815,0.72183
1789006200,0.721835,0.721905,0.72161,0.721855
1789006500,0.721855,0.721865,0.721725,0.72185
1789006800,0.721855,0.72191,0.721765,0.72183
1789007100,0.72183,0.72184,0.721705,0.721745
1789007400,0.72175,0.72176,0.72161,0.7217
1789007700,0.721695,0.721955,0.72165,0.721945
1789008000,0.721945,0.72205,0.721905,0.721915
1789008300,0.72192,0.721955,0.721885,0.721905
1789008600,0.721905,0.72206,0.72183,0.722055
1789008900,0.722045,0.722215,0.72196,0.7222
1789009200,0.722195,0.72226,0.72217,0.72223
1789009500,0.72222,0.72222,0.72203,0.72211
1789009800,0.722115,0.722235,0.721985,0.72201
1789010100,0.722015,0.72205,0.721915,0.72204
1789010400,0.72205,0.722075,0.72196,0.722
1789010700,0.721995,0.721995,0.7218,0.721805
1789011000,0.7218,0.72185,0.72171,0.72177
1789011300,0.721765,0.721815,0.721705,0.721755
1789011600,0.72176,0.7219,0.721735,0.7219
1789011900,0.7219,0.721935,0.721835,0.721905
1789012200,0.72191,0.72193,0.721835,0.72187
1789012500,0.721875,0.721935,0.72185,0.72193
1789012800,0.72193,0.72199,0.721865,0.721965
1789013100,0.72197,0.72209,0.72197,0.722065
1789013400,0.722065,0.72218,0.72206,0.722155
1789013700,0.72215,0.722245,0.722145,0.722205
1789014000,0.722205,0.72221,0.72207,0.722075
1789014300,0.72208,0.72214,0.72204,0.722055
1789014600,0.722055,0.7222,0.72204,0.72206
1789014900,0.722065,0.72212,0.72205,0.72209
1789015200,0.72209,0.72212,0.722035,0.722035
1789015500,0.72203,0.72203,0.72191,0.721945
1789015800,0.721945,0.721965,0.72185,0.72186
1789016100,0.72186,0.72191,0.721855,0.721895
1789016400,0.7219,0.72199,0.721795,0.7218
1789016700,0.721805,0.721815,0.721695,0.721695
1789017000,0.7217,0.721845,0.72169,0.721845
1789017300,0.721845,0.72188,0.721785,0.72181
1789017600,0.721805,0.72202,0.7218,0.722
1789017900,0.721995,0.72205,0.721905,0.72201
1789018200,0.722015,0.72202,0.72188,0.72189
1789018500,0.72189,0.72196,0.72172,0.72173
1789018800,0.721725,0.72179,0.721675,0.72177
1789019100,0.721765,0.721895,0.72169,0.72178
1789019400,0.72179,0.72193,0.72175,0.72191
1789019700,0.721915,0.722085,0.7219,0.722055
1789020000,0.72205,0.722055,0.721685,0.721695
1789020300,0.721695,0.72172,0.72151,0.72171
1789020600,0.721715,0.721745,0.72147,0.72148
1789020900,0.72148,0.721535,0.721325,0.72146
1789021200,0.72146,0.72148,0.721295,0.72135
1789021500,0.721355,0.721485,0.72135,0.721465
1789021800,0.721465,0.72155,0.72133,0.721515
1789022100,0.72151,0.721625,0.72148,0.72159
1789022400,0.721595,0.72163,0.72143,0.721485
1789022700,0.72149,0.72164,0.72149,0.721585
1789023000,0.721585,0.72164,0.72142,0.72159
1789023300,0.721595,0.721655,0.72154,0.721555
1789023600,0.72156,0.72161,0.72129,0.721295
1789023900,0.7213,0.721385,0.72124,0.72136
1789024200,0.721355,0.72155,0.721335,0.72149
1789024500,0.721485,0.72152,0.72139,0.7214
1789024800,0.7214,0.72157,0.72139,0.721495
1789025100,0.7215,0.721515,0.721365,0.72149
1789025400,0.721505,0.72161,0.721385,0.7214
1789025700,0.7214,0.721545,0.721355,0.72141
1789026000,0.72141,0.721605,0.72135,0.7216
1789026300,0.7216,0.72161,0.721475,0.72149
1789026600,0.721495,0.72161,0.721495,0.721595
1789026900,0.7216,0.721605,0.721395,0.721505
1789027200,0.721505,0.72151,0.7212,0.72121
1789027500,0.72121,0.72126,0.72115,0.721255
1789027800,0.72126,0.72131,0.721095,0.72111
1789028100,0.721115,0.72129,0.72109,0.721265
1789028400,0.72127,0.72137,0.72123,0.72134
1789028700,0.72134,0.721405,0.721275,0.72138
1789029000,0.721385,0.721405,0.721185,0.721225
1789029300,0.721225,0.7213,0.72118,0.72126
1789029600,0.72126,0.72128,0.72105,0.721085
1789029900,0.721095,0.72126,0.721095,0.721115
1789030200,0.721115,0.721235,0.721065,0.721205
1789030500,0.721205,0.721245,0.72111,0.72121
1789030800,0.721215,0.72134,0.721135,0.721335
1789031100,0.721335,0.721435,0.721225,0.72124
1789031400,0.72124,0.72127,0.72113,0.721195
1789031700,0.721195,0.721355,0.721145,0.72118
1789032000,0.72118,0.72125,0.72115,0.7212
1789032300,0.7212,0.721265,0.721075,0.72121
1789032600,0.721215,0.721215,0.721025,0.72105
1789032900,0.721055,0.72106,0.72084,0.72087
1789033200,0.720865,0.720865,0.720745,0.720825
1789033500,0.72083,0.72091,0.72077,0.720805
1789033800,0.7208,0.721045,0.72073,0.72096
1789034100,0.720965,0.7212,0.720965,0.721125
1789034400,0.72113,0.72113,0.72085,0.72099
1789034700,0.720985,0.721015,0.72071,0.720775
1789035000,0.72077,0.72077,0.720655,0.72068
1789035300,0.720685,0.72079,0.72066,0.720705
1789035600,0.72071,0.7208,0.72062,0.720645
1789035900,0.720655,0.7207,0.72054,0.720545
1789036200,0.72055,0.720565,0.720355,0.72041
1789036500,0.720405,0.72041,0.72015,0.72028
1789036800,0.720275,0.72036,0.72013,0.72013
1789037100,0.72012,0.720225,0.720105,0.720165
1789037400,0.72017,0.7202,0.71994,0.71995
1789037700,0.719945,0.720445,0.719945,0.72
1789038000,0.720005,0.720005,0.71968,0.719725
1789038300,0.71973,0.719775,0.719505,0.71954
1789038600,0.71954,0.71961,0.719345,0.719605
1789038900,0.719605,0.71975,0.719545,0.719745
1789039200,0.719745,0.719795,0.719535,0.719605
1789039500,0.719605,0.719855,0.719545,0.719555
1789039800,0.719555,0.719685,0.71953,0.719615
1789040100,0.719605,0.719745,0.719555,0.719745
1789040400,0.719745,0.71984,0.71969,0.719805
1789040700,0.71981,0.719845,0.71962,0.719695
1789041000,0.719695,0.7197,0.719255,0.719305
1789041300,0.719295,0.719305,0.718945,0.7191
1789041600,0.719105,0.719305,0.7186,0.7186
1789041900,0.7186,0.718695,0.718415,0.718495
1789042200,0.7185,0.71865,0.718495,0.71861
1789042500,0.718625,0.71866,0.71796,0.718075
1789042800,0.71808,0.718085,0.717635,0.71782
1789043100,0.717815,0.717955,0.717655,0.717815
1789043400,0.71783,0.71833,0.71624,0.71624
1789043700,0.716245,0.716505,0.71575,0.715945
1789044000,0.71595,0.71656,0.715935,0.71641
1789044300,0.7164,0.717125,0.71639,0.71712
1789044600,0.71711,0.717365,0.71667,0.716695
1789044900,0.7167,0.71671,0.7163,0.716495
1789045200,0.7165,0.7169,0.71626,0.71678
1789045500,0.716785,0.71689,0.7163,0.716315
1789045800,0.71631,0.716385,0.71582,0.715825
1789046100,0.71582,0.716195,0.71571,0.71614
1789046400,0.71615,0.71639,0.715965,0.715985
1789046700,0.715975,0.716145,0.7158,0.716145
1789047000,0.71615,0.716315,0.71574,0.71609
1789047300,0.716085,0.716215,0.715705,0.715995
1789047600,0.71599,0.7164,0.715955,0.716205
1789047900,0.7162,0.716785,0.71608,0.716735
1789048200,0.71674,0.716775,0.71635,0.716355
1789048500,0.716365,0.716605,0.716245,0.71648
1789048800,0.716485,0.716805,0.716335,0.716735
1789049100,0.71673,0.716895,0.71643,0.716545
1789049400,0.716535,0.716615,0.716355,0.716465
1789049700,0.716475,0.716515,0.716145,0.716415
1789050000,0.71642,0.71722,0.716405,0.71703
1789050300,0.717025,0.717245,0.71644,0.71647
1789050600,0.716475,0.71679,0.716315,0.716725
1789050900,0.71672,0.717055,0.716715,0.71679
1789051200,0.716785,0.716915,0.716495,0.716615
1789051500,0.716605,0.716815,0.716525,0.716625
1789051800,0.71662,0.7168,0.716465,0.716685
1789052100,0.716695,0.7169,0.716645,0.716895
1789052400,0.716895,0.716895,0.716525,0.716595
1789052700,0.716605,0.717065,0.716605,0.71695
1789053000,0.716945,0.717245,0.716915,0.717105
1789053300,0.717095,0.717165,0.716915,0.717015
1789053600,0.71702,0.71726,0.71701,0.71716
1789053900,0.717165,0.717195,0.71703,0.717045
1789054200,0.717055,0.717185,0.71684,0.717155
1789054500,0.717165,0.717265,0.717095,0.717175
1789054800,0.717185,0.717215,0.717025,0.717095
1789055100,0.717095,0.71713,0.716735,0.716905
1789055400,0.71691,0.717105,0.716825,0.716965
1789055700,0.716975,0.717055,0.71688,0.716985
1789056000,0.716995,0.717055,0.716645,0.716645
1789056300,0.716655,0.716745,0.71644,0.716445
1789056600,0.71645,0.7167,0.71635,0.71658
1789056900,0.716575,0.716655,0.71647,0.716635
1789057200,0.716635,0.71677,0.716625,0.71675
1789057500,0.716755,0.7168,0.716595,0.71668
1789057800,0.71667,0.716775,0.716455,0.716455
1789058100,0.71645,0.71664,0.71642,0.71658
1789058400,0.71658,0.716665,0.716465,0.716635
1789058700,0.71664,0.7168,0.71662,0.716685
1789059000,0.71669,0.71678,0.71664,0.71667
1789059300,0.716675,0.716715,0.716595,0.716645
1789059600,0.71664,0.71686,0.716435,0.716675
1789059900,0.71668,0.716735,0.716525,0.716675
1789060200,0.71667,0.716825,0.71664,0.71675
1789060500,0.71675,0.716765,0.71665,0.71671
1789060800,0.716705,0.71683,0.71668,0.716715
1789061100,0.716725,0.71677,0.71664,0.716745
1789061400,0.71674,0.716805,0.716675,0.716735
1789061700,0.716745,0.716765,0.716455,0.716465
1789062000,0.71646,0.716595,0.71644,0.71655
1789062300,0.71655,0.716635,0.716505,0.71663
1789062600,0.716625,0.71666,0.716445,0.71651
1789062900,0.7165,0.71651,0.71635,0.71647
1789063200,0.716465,0.716555,0.716265,0.71635
1789063500,0.716365,0.716365,0.716095,0.716115
1789063800,0.716105,0.716105,0.71586,0.71586
1789064100,0.715855,0.71593,0.71579,0.7159
1789064400,0.715905,0.716255,0.7159,0.716245
1789064700,0.716245,0.71627,0.715985,0.716105
1789065000,0.716115,0.716115,0.715745,0.715905
1789065300,0.715905,0.716005,0.715805,0.715945
1789065600,0.715945,0.716105,0.715935,0.716095
1789065900,0.716085,0.716085,0.715875,0.715945
1789066200,0.715945,0.716305,0.715905,0.716125
1789066500,0.71613,0.71623,0.715905,0.716015
1789066800,0.71601,0.716045,0.715695,0.715745
1789067100,0.71573,0.715935,0.715655,0.715885
1789067400,0.71588,0.71588,0.715535,0.71561
1789067700,0.71562,0.7157,0.71556,0.715615
1789068000,0.71561,0.71572,0.71559,0.715665
1789068300,0.71566,0.715825,0.715645,0.715765
1789068600,0.71577,0.715805,0.715625,0.715715
1789068900,0.715715,0.71576,0.715595,0.71566
1789069200,0.71566,0.715805,0.71566,0.715705
1789069500,0.7157,0.7158,0.71569,0.7158
1789069800,0.715795,0.71585,0.7157,0.71582
1789070100,0.715815,0.715925,0.71575,0.71591
1789070400,0.715915,0.715915,0.7157,0.715755
1789070700,0.71576,0.715845,0.71574,0.715765
1789071000,0.71577,0.715855,0.71577,0.715855
1789071300,0.715855,0.715885,0.715705,0.715715
1789071600,0.715725,0.715725,0.715555,0.715625
1789071900,0.715625,0.715655,0.715585,0.715655
1789072200,0.715655,0.715755,0.715655,0.715745
1789072500,0.715725,0.715765,0.715695,0.715765
1789072800,0.71575,0.715775,0.715645,0.71565
1789073100,0.71565,0.71569,0.71562,0.715625
1789073400,0.71563,0.715685,0.71562,0.715645
1789073700,0.71565,0.71579,0.715605,0.71576
1789074000,0.71576,0.71595,0.71576,0.71593
1789074300,0.71593,0.71593,0.715785,0.71581
1789074600,0.71581,0.715955,0.71576,0.715955
1789074900,0.715955,0.71597,0.71591,0.715915
1789075200,0.715915,0.715965,0.715905,0.71596
1789075500,0.71596,0.71596,0.715855,0.715875
1789075800,0.715875,0.71594,0.715815,0.715815
1789076100,0.715815,0.71586,0.71576,0.71579
1789076400,0.715755,0.71586,0.715755,0.71577
1789076700,0.71577,0.71593,0.71575,0.715765
1789077000,0.715765,0.715765,0.715605,0.71568
1789077300,0.71571,0.715715,0.71559,0.71562
1789077600,0.715615,0.71599,0.715615,0.71573
1789077900,0.715725,0.715795,0.71567,0.715685
1789078200,0.715685,0.71572,0.71563,0.715685
1789078500,0.715685,0.715745,0.71564,0.715735
1789078800,0.715735,0.715825,0.715735,0.715745
1789079100,0.715745,0.715775,0.71568,0.715725
1789079400,0.715725,0.71574,0.71564,0.715725
1789079700,0.71573,0.715855,0.71569,0.715815
1789080000,0.71581,0.715885,0.71577,0.71581
1789080300,0.715805,0.715855,0.715755,0.71581
1789080600,0.71581,0.71598,0.7158,0.71592
1789080900,0.715915,0.716075,0.71591,0.716005
1789081200,0.716,0.716075,0.715875,0.715885
1789081500,0.71589,0.71592,0.715795,0.7159
1789081800,0.7159,0.715985,0.71585,0.715975
1789082100,0.71597,0.716085,0.715965,0.716085
1789082400,0.71608,0.716195,0.716,0.716015
1789082700,0.716015,0.71616,0.71595,0.71601
1789083000,0.716015,0.716065,0.71594,0.71602
1789083300,0.716015,0.71607,0.715915,0.716055
1789083600,0.716055,0.71609,0.71586,0.71589
1789083900,0.715885,0.715925,0.715675,0.71572
1789084200,0.715725,0.715765,0.71562,0.71571
1789084500,0.715705,0.71574,0.715565,0.715685
1789084800,0.71568,0.716045,0.715675,0.715995
1789085100,0.716,0.7161,0.71593,0.715945
1789085400,0.71594,0.71613,0.7159,0.71601
1789085700,0.71602,0.716125,0.71586,0.716075
1789086000,0.71607,0.71614,0.71598,0.71602
1789086300,0.71602,0.71613,0.71591,0.71613
1789086600,0.71613,0.716165,0.715955,0.71601
1789086900,0.71601,0.7162,0.716005,0.716165
1789087200,0.71617,0.71631,0.71604,0.716245
1789087500,0.71624,0.716495,0.716235,0.71647
1789087800,0.716475,0.716585,0.71638,0.716405
1789088100,0.71641,0.716555,0.716345,0.716545
1789088400,0.71654,0.7166,0.71636,0.71654
1789088700,0.716535,0.716535,0.7164,0.71649
1789089000,0.716485,0.71656,0.71639,0.716445
1789089300,0.71645,0.71665,0.716385,0.716595
1789089600,0.7166,0.716615,0.716275,0.716345
1789089900,0.716345,0.71652,0.716345,0.716385
1789090200,0.71639,0.71639,0.71604,0.71605
1789090500,0.71606,0.716205,0.71604,0.716145
1789090800,0.71614,0.716145,0.715935,0.716085
1789091100,0.71608,0.716085,0.71575,0.715845
1789091400,0.71585,0.715925,0.715785,0.715915
1789091700,0.71591,0.71606,0.71586,0.716055
1789092000,0.71605,0.71607,0.71574,0.7158
1789092300,0.715805,0.715885,0.71561,0.715795
1789092600,0.71579,0.716005,0.71575,0.715935
1789092900,0.715945,0.715945,0.715675,0.71584
1789093200,0.715845,0.715885,0.715615,0.715625
1789093500,0.71562,0.71562,0.71551,0.715575
1789093800,0.71557,0.715585,0.715315,0.71542
1789094100,0.71542,0.7156,0.71536,0.715585
1789094400,0.715585,0.71564,0.71549,0.71552
1789094700,0.715525,0.715705,0.71552,0.715625
1789095000,0.71562,0.715655,0.71547,0.71548
1789095300,0.715485,0.71556,0.71546,0.71552
1789095600,0.715515,0.71559,0.71542,0.71542
1789095900,0.715415,0.71544,0.71523,0.7154
1789096200,0.71541,0.715525,0.71539,0.715505
1789096500,0.715505,0.715555,0.71535,0.71537
1789096800,0.715365,0.71544,0.715235,0.71524
1789097100,0.715245,0.71534,0.71521,0.715245
1789097400,0.71525,0.715295,0.71505,0.71509
1789097700,0.715095,0.71518,0.71503,0.715085
1789098000,0.71508,0.71534,0.71507,0.715245
1789098300,0.71525,0.71526,0.71508,0.715235
1789098600,0.71523,0.71534,0.715205,0.715315
1789098900,0.71532,0.71548,0.715305,0.71541
1789099200,0.715415,0.71578,0.7154,0.715745
1789099500,0.71574,0.715865,0.71566,0.715765
1789099800,0.71577,0.7158,0.715595,0.71566
1789100100,0.715665,0.71591,0.715655,0.71589
1789100400,0.715885,0.716,0.71583,0.71594
1789100700,0.71594,0.716025,0.71592,0.71599
1789101000,0.71598,0.71614,0.71597,0.71597
1789101300,0.715965,0.71614,0.7159,0.716135
1789101600,0.716135,0.71629,0.71613,0.716245
1789101900,0.71625,0.716285,0.715975,0.716015
1789102200,0.71601,0.716115,0.715995,0.716105
1789102500,0.71611,0.71618,0.716045,0.71609
1789102800,0.71609,0.71615,0.71599,0.71607
1789103100,0.71607,0.71624,0.716065,0.71623
1789103400,0.716235,0.71651,0.716215,0.716495
1789103700,0.7165,0.716605,0.716465,0.71655
1789104000,0.71655,0.71659,0.71644,0.71645
1789104300,0.716445,0.71649,0.71636,0.71648
1789104600,0.716485,0.716625,0.71647,0.71659
1789104900,0.716585,0.716835,0.716585,0.71676
1789105200,0.71676,0.71681,0.71666,0.716785
1789105500,0.71679,0.716925,0.716655,0.7168
1789105800,0.716795,0.71704,0.71679,0.716995
1789106100,0.717,0.71721,0.717,0.71702
1789106400,0.717015,0.717185,0.71698,0.717065
1789106700,0.717065,0.717155,0.71701,0.71714
1789107000,0.71714,0.71731,0.71708,0.71726
1789107300,0.717265,0.71754,0.717265,0.71746
1789107600,0.71746,0.717505,0.71737,0.717435
1789107900,0.717435,0.717525,0.717395,0.717425
1789108200,0.71742,0.717535,0.717085,0.71709
1789108500,0.717095,0.717305,0.71705,0.717195
1789108800,0.717195,0.717235,0.717075,0.71722
1789109100,0.717215,0.717415,0.717205,0.717235
1789109400,0.71724,0.71726,0.717145,0.717255
1789109700,0.71726,0.717345,0.71722,0.71733
1789110000,0.717335,0.717605,0.717295,0.717505
1789110300,0.7175,0.717535,0.71721,0.71729
1789110600,0.717285,0.7174,0.71719,0.717235
1789110900,0.71724,0.717295,0.71707,0.71718
1789111200,0.717175,0.71733,0.71714,0.71729
1789111500,0.71728,0.71746,0.717225,0.71728
1789111800,0.71728,0.7173,0.717015,0.71705
1789112100,0.71705,0.717145,0.71699,0.71713
1789112400,0.717135,0.717145,0.71687,0.71689
1789112700,0.716885,0.71701,0.716815,0.71696
1789113000,0.71696,0.71705,0.7169,0.71702
1789113300,0.71702,0.717145,0.717005,0.717145
1789113600,0.71715,0.717235,0.716945,0.71698
1789113900,0.716985,0.717125,0.716825,0.716865
1789114200,0.71687,0.71693,0.71663,0.71679
1789114500,0.716785,0.71684,0.71663,0.71666
1789114800,0.716665,0.717275,0.71648,0.717065
1789115100,0.71705,0.71707,0.716625,0.716675
1789115400,0.71668,0.71695,0.716635,0.7168
1789115700,0.7168,0.71689,0.71675,0.7168
1789116000,0.7168,0.71699,0.7168,0.71687
1789116300,0.71686,0.716965,0.71677,0.71681
1789116600,0.71681,0.716895,0.71677,0.71687
1789116900,0.716875,0.71689,0.71673,0.716755
1789117200,0.71676,0.717115,0.71676,0.716865
1789117500,0.71686,0.716945,0.71673,0.71673
1789117800,0.716725,0.71679,0.71655,0.716715
1789118100,0.716715,0.716795,0.716635,0.7167
1789118400,0.7167,0.716885,0.716695,0.716835
1789118700,0.716835,0.716935,0.716755,0.716765
1789119000,0.71677,0.716785,0.716615,0.716645
1789119300,0.71665,0.716855,0.71663,0.71684
1789119600,0.71684,0.716945,0.716765,0.71684
1789119900,0.716845,0.71693,0.71668,0.716925
1789120200,0.71692,0.717005,0.716875,0.71693
1789120500,0.71693,0.71703,0.71688,0.71695
1789120800,0.716945,0.71728,0.716765,0.71724
1789121100,0.71724,0.717255,0.716915,0.71692
1789121400,0.71692,0.71703,0.71688,0.71703
1789121700,0.71703,0.717095,0.71686,0.716935
1789122000,0.716935,0.716955,0.71682,0.716865
1789122300,0.71687,0.71695,0.71682,0.716935
1789122600,0.71694,0.717005,0.716885,0.71697
1789122900,0.71697,0.71703,0.716875,0.71701
1789123200,0.71701,0.71709,0.71689,0.717055
1789123500,0.717055,0.717065,0.716935,0.71696
1789123800,0.716965,0.71698,0.716855,0.716945
1789124100,0.716945,0.716995,0.716855,0.716905
1789124400,0.716915,0.717035,0.716905,0.717005
1789124700,0.717005,0.717095,0.716935,0.717085
1789125000,0.717085,0.717185,0.71703,0.71717
1789125300,0.717165,0.71748,0.717075,0.717435
1789125600,0.717435,0.717525,0.717305,0.717315
1789125900,0.71732,0.717485,0.717285,0.717365
1789126200,0.717375,0.717445,0.717245,0.717255
1789126500,0.71725,0.71738,0.717155,0.71737
1789126800,0.71737,0.71746,0.7173,0.717455
1789127100,0.71746,0.71756,0.717335,0.717405
1789127400,0.717405,0.71749,0.717305,0.717405
1789127700,0.717405,0.717445,0.717305,0.717335
1789128000,0.71734,0.717435,0.717275,0.717335
1789128300,0.717345,0.71738,0.71719,0.717265
1789128600,0.71728,0.71744,0.717225,0.71727
1789128900,0.717265,0.717395,0.717205,0.717355
1789129200,0.717345,0.717385,0.71704,0.717045
1789129500,0.71705,0.71756,0.716935,0.717475
1789129800,0.71748,0.71771,0.714995,0.71635
1789130100,0.71634,0.71721,0.71634,0.71707
1789130400,0.71708,0.71757,0.716965,0.717465
1789130700,0.71747,0.71798,0.717355,0.717865
1789131000,0.717855,0.71849,0.71776,0.718065
1789131300,0.71807,0.71858,0.71798,0.71856
1789131600,0.718555,0.718765,0.71836,0.718365
1789131900,0.71836,0.718445,0.71771,0.71771
1789132200,0.717715,0.71791,0.71751,0.717765
1789132500,0.717755,0.717805,0.717345,0.717555
1789132800,0.71756,0.718085,0.71756,0.717925
1789133100,0.717935,0.71845,0.717875,0.718085
1789133400,0.718095,0.71837,0.717925,0.71816
1789133700,0.718155,0.71838,0.717595,0.717795
1789134000,0.717785,0.718295,0.717485,0.71762
1789134300,0.71763,0.718045,0.717585,0.717765
1789134600,0.717755,0.717915,0.71752,0.717805
1789134900,0.717815,0.718285,0.717775,0.718215
1789135200,0.71822,0.71831,0.71753,0.71787
1789135500,0.717865,0.718215,0.71778,0.718035
1789135800,0.718025,0.718225,0.717955,0.718115
1789136100,0.718105,0.718265,0.717845,0.718205
1789136400,0.718215,0.718255,0.71799,0.718095
1789136700,0.7181,0.718105,0.717805,0.717815
1789137000,0.717815,0.717815,0.717495,0.717515
1789137300,0.717515,0.71768,0.717215,0.717285
1789137600,0.71729,0.717495,0.717105,0.717315
1789137900,0.717305,0.717585,0.717085,0.7174
1789138200,0.717395,0.717605,0.71721,0.717325
1789138500,0.717315,0.717425,0.71722,0.717305
1789138800,0.71731,0.717435,0.717195,0.717275
1789139100,0.71727,0.71743,0.71702,0.717085
1789139400,0.717075,0.717145,0.71674,0.71683
1789139700,0.716825,0.71729,0.71678,0.71719
1789140000,0.717195,0.71737,0.717195,0.71721
1789140300,0.717225,0.71747,0.71722,0.717385
1789140600,0.717375,0.717465,0.71725,0.717385
1789140900,0.717395,0.717485,0.717265,0.717325
1789141200,0.71733,0.717485,0.717195,0.717415
1789141500,0.717415,0.717465,0.717245,0.71741
1789141800,0.717415,0.717495,0.717355,0.71742
1789142100,0.717415,0.717425,0.7172,0.71733
1789142400,0.717325,0.71773,0.71731,0.717705
1789142700,0.717715,0.71773,0.717605,0.717725
1789143000,0.717725,0.71778,0.7175,0.7175
1789143300,0.717505,0.7177,0.71747,0.71761
1789143600,0.717615,0.71769,0.71748,0.71752
1789143900,0.717525,0.717735,0.71746,0.717475
1789144200,0.71748,0.71783,0.71742,0.717775
1789144500,0.717765,0.71777,0.717475,0.717475
1789144800,0.717475,0.717665,0.71744,0.717595
1789145100,0.717595,0.717715,0.71756,0.71756
1789145400,0.71756,0.71758,0.71742,0.717525
1789145700,0.71752,0.717615,0.7175,0.717555
1789146000,0.71756,0.71757,0.71735,0.71738
1789146300,0.717375,0.7176,0.71731,0.717325
1789146600,0.717325,0.717405,0.717255,0.7173
1789146900,0.7173,0.71748,0.71727,0.71743
1789147200,0.71743,0.71765,0.71742,0.71763
1789147500,0.717635,0.71769,0.71757,0.71759
1789147800,0.717585,0.71771,0.71757,0.717585
1789148100,0.717575,0.71758,0.71742,0.717485
1789148400,0.71748,0.71754,0.71735,0.71743
1789148700,0.71742,0.71747,0.71732,0.71744
1789149000,0.717445,0.717535,0.71741,0.71753
1789149300,0.717525,0.71754,0.71746,0.71748
1789149600,0.71748,0.717585,0.717425,0.717575
1789149900,0.71757,0.717575,0.717475,0.7175
1789150200,0.7175,0.71754,0.717405,0.717425
1789150500,0.71743,0.717525,0.7174,0.717495
1789150800,0.7175,0.71752,0.71721,0.71732
1789151100,0.71732,0.717335,0.7172,0.71729
1789151400,0.717295,0.71734,0.717085,0.71719
1789151700,0.71719,0.71719,0.71702,0.71703
1789152000,0.71703,0.71717,0.71701,0.7171
1789152300,0.717095,0.717125,0.717045,0.71707
1789152600,0.71707,0.7172,0.71707,0.71717
1789152900,0.717165,0.71731,0.71711,0.7173
1789153200,0.71731,0.71731,0.71716,0.71724
1789153500,0.717245,0.7173,0.717135,0.71728
1789153800,0.71728,0.71743,0.717245,0.71742
1789154100,0.717415,0.71749,0.71737,0.71737
1789154400,0.71737,0.71745,0.71734,0.71745
1789154700,0.717445,0.71747,0.71736,0.71736
1789155000,0.717365,0.7174,0.717285,0.71736
1789155300,0.71736,0.71738,0.71726,0.717265
1789155600,0.717265,0.7173,0.717215,0.717285
1789155900,0.71728,0.7173,0.717175,0.717195
1789156200,0.7172,0.71731,0.717175,0.71731
1789156500,0.717305,0.71736,0.71726,0.717265
1789156800,0.717265,0.71731,0.71721,0.71728
1789157100,0.717285,0.717285,0.71718,0.717195
1789157400,0.7172,0.7172,0.717055,0.717105
1789157700,0.717105,0.717105,0.717045,0.71709
1789158000,0.71709,0.717095,0.71703,0.717035
1789158300,0.717035,0.71715,0.717,0.717095
1789158600,0.717095,0.717095,0.71685,0.71685
1789158900,0.716855,0.716905,0.71679,0.71689
1789159200,0.716895,0.71702,0.716865,0.71701
1789159500,0.717005,0.717065,0.716935,0.717005
1789159800,0.71701,0.717125,0.717,0.717075
1789160100,0.717065,0.71718,0.71702,0.717115
1789333200,0.717115,0.717115,0.7162,0.71635
1789333500,0.71636,0.71636,0.71617,0.71617
1789333800,0.71617,0.716465,0.71615,0.716385
1789334100,0.716375,0.71652,0.716375,0.716425
1789334400,0.716425,0.71644,0.7164,0.716415
1789334700,0.716415,0.716675,0.716385,0.716505
1789335000,0.716505,0.716605,0.716355,0.716535
1789335300,0.71657,0.7166,0.716445,0.71657
1789335600,0.71657,0.71657,0.71651,0.716515
1789335900,0.71651,0.71652,0.716495,0.71651
1789336200,0.71651,0.71664,0.716475,0.71661
1789336500,0.71661,0.71661,0.71636,0.71647
1789336800,0.71648,0.71676,0.716475,0.716665
1789337100,0.71664,0.716665,0.71632,0.71633
1789337400,0.71633,0.71633,0.716105,0.71612
1789337700,0.716115,0.71614,0.715945,0.71608
1789338000,0.716085,0.716115,0.715865,0.715865
1789338300,0.715875,0.71604,0.715875,0.716005
1789338600,0.71601,0.716235,0.71594,0.716115
1789338900,0.71611,0.716175,0.71598,0.71599
1789339200,0.716,0.716,0.71585,0.715885
1789339500,0.715885,0.715955,0.71583,0.71595
1789339800,0.715955,0.715985,0.715745,0.715925
1789340100,0.715935,0.716005,0.71588,0.71595
1789340400,0.715945,0.716165,0.715945,0.716125
1789340700,0.71612,0.716245,0.716115,0.71623
1789341000,0.716225,0.716275,0.715975,0.715985
1789341300,0.715985,0.71604,0.71588,0.7159
1789341600,0.7159,0.71591,0.7158,0.71588
1789341900,0.715885,0.715915,0.715785,0.71588
1789342200,0.715885,0.71589,0.715645,0.715645
1789342500,0.71565,0.71565,0.7155,0.715525
1789342800,0.71552,0.715525,0.715325,0.71535
1789343100,0.715335,0.715335,0.71503,0.715105
1789343400,0.71511,0.71535,0.71511,0.715175
1789343700,0.71518,0.71526,0.71512,0.71515
1789344000,0.71516,0.7152,0.714925,0.71495
1789344300,0.714945,0.71526,0.71494,0.715155
1789344600,0.71515,0.7152,0.714945,0.714985
1789344900,0.71498,0.71514,0.71493,0.71496
1789345200,0.714955,0.71496,0.71476,0.714895
1789345500,0.71489,0.71492,0.714405,0.714495
1789345800,0.714495,0.71471,0.71444,0.714555
1789346100,0.71456,0.71459,0.714325,0.714325
1789346400,0.71433,0.71449,0.714265,0.71449
1789346700,0.71449,0.71465,0.71448,0.71453
1789347000,0.71453,0.714765,0.714505,0.714685
1789347300,0.71469,0.714845,0.71469,0.71478
1789347600,0.714785,0.71479,0.714505,0.71452
1789347900,0.714515,0.71463,0.71436,0.714575
1789348200,0.71458,0.714665,0.71432,0.71432
1789348500,0.714315,0.714465,0.714225,0.71435
1789348800,0.714345,0.71464,0.71431,0.71456
1789349100,0.714555,0.714575,0.714315,0.71444
1789349400,0.714445,0.71449,0.714115,0.714145
1789349700,0.71414,0.71432,0.714075,0.71426
1789350000,0.71426,0.714465,0.71413,0.71441
1789350300,0.71441,0.71462,0.71441,0.7145
1789350600,0.714505,0.714775,0.71439,0.714755
1789350900,0.714755,0.715035,0.714725,0.71495
1789351200,0.71495,0.71505,0.714855,0.71503
1789351500,0.71502,0.71507,0.714845,0.71498
1789351800,0.71498,0.715035,0.714855,0.715025
1789352100,0.715025,0.71528,0.715005,0.71524
1789352400,0.71524,0.715515,0.715215,0.715505
1789352700,0.71551,0.715565,0.715415,0.71547
1789353000,0.71548,0.715595,0.715405,0.71543
1789353300,0.715425,0.715465,0.715305,0.71541
1789353600,0.715415,0.715675,0.715415,0.71559
1789353900,0.715585,0.71565,0.715475,0.71557
1789354200,0.715565,0.715595,0.71544,0.71548
1789354500,0.715475,0.715485,0.71521,0.715225
1789354800,0.71522,0.71524,0.715085,0.71512
1789355100,0.71512,0.71527,0.715105,0.715265
1789355400,0.71527,0.715285,0.71515,0.715215
1789355700,0.715215,0.715225,0.714945,0.71505
1789356000,0.715045,0.71506,0.714935,0.71503
1789356300,0.71503,0.71515,0.714955,0.71499
1789356600,0.714985,0.714985,0.71472,0.714765
1789356900,0.71476,0.71489,0.714755,0.71481
1789357200,0.71481,0.71483,0.71467,0.7148
1789357500,0.7148,0.7149,0.71476,0.71486
1789357800,0.71485,0.71487,0.714745,0.71481
1789358100,0.71481,0.71482,0.7147,0.71479
1789358400,0.71479,0.714935,0.714705,0.71491
1789358700,0.714915,0.714965,0.71484,0.714965
1789359000,0.714965,0.714995,0.714895,0.714905
1789359300,0.71491,0.714975,0.7149,0.71496
1789359600,0.714965,0.71501,0.714945,0.71499
1789359900,0.71499,0.71512,0.71499,0.71507
1789360200,0.71507,0.715135,0.714995,0.71502
1789360500,0.71502,0.715145,0.715015,0.715115
1789360800,0.71511,0.71512,0.71492,0.714975
1789361100,0.714975,0.715125,0.71496,0.71512
1789361400,0.71512,0.71514,0.715025,0.715085
1789361700,0.71508,0.715155,0.71505,0.71507
1789362000,0.71508,0.71509,0.714885,0.71495
1789362300,0.71495,0.715055,0.71488,0.714895
1789362600,0.71488,0.714915,0.71475,0.71491
1789362900,0.714915,0.71492,0.7147,0.714715
1789363200,0.71472,0.714805,0.714665,0.71467
1789363500,0.714665,0.71477,0.71461,0.714685
1789363800,0.71468,0.71473,0.714615,0.714645
1789364100,0.71465,0.71471,0.714515,0.71462
1789364400,0.714615,0.714725,0.71452,0.714715
1789364700,0.71472,0.714735,0.714545,0.714545
1789365000,0.71455,0.71482,0.71453,0.714815
1789365300,0.714815,0.71484,0.714755,0.714815
1789365600,0.71481,0.71487,0.714525,0.714525
1789365900,0.71452,0.71455,0.71428,0.71435
1789366200,0.714345,0.71441,0.714285,0.714335
1789366500,0.71434,0.71436,0.713985,0.714015
1789366800,0.714015,0.714275,0.713955,0.714245
1789367100,0.71425,0.714335,0.714085,0.714085
1789367400,0.71409,0.71419,0.714055,0.714125
1789367700,0.714135,0.71428,0.71412,0.714245
1789368000,0.714245,0.714275,0.71413,0.71419
1789368300,0.71419,0.71425,0.71386,0.71386
1789368600,0.713865,0.713925,0.71361,0.71361
1789368900,0.713605,0.713755,0.71355,0.71375
1789369200,0.713745,0.71399,0.71362,0.713985
1789369500,0.71398,0.714015,0.713815,0.7139
1789369800,0.713895,0.714235,0.713885,0.714225
1789370100,0.714225,0.71428,0.714065,0.714065
1789370400,0.714065,0.714095,0.713965,0.714025
1789370700,0.71402,0.714145,0.713905,0.71391
1789371000,0.7139,0.713935,0.713765,0.713915
1789371300,0.713905,0.713985,0.71385,0.71387
1789371600,0.713875,0.713955,0.7138,0.71394
1789371900,0.713935,0.714005,0.713865,0.713915
1789372200,0.713925,0.71393,0.71365,0.713765
1789372500,0.71376,0.713815,0.713615,0.713705
1789372800,0.71371,0.713745,0.71352,0.71353
1789373100,0.713525,0.713545,0.71337,0.71348
1789373400,0.713475,0.713485,0.71323,0.71325
1789373700,0.713245,0.713255,0.71307,0.71317
1789374000,0.71316,0.71333,0.713105,0.713255
1789374300,0.71325,0.71325,0.71301,0.713025
1789374600,0.71302,0.71307,0.712815,0.71289
1789374900,0.712885,0.713115,0.712885,0.713025
1789375200,0.71303,0.71309,0.712875,0.712915
1789375500,0.71291,0.71295,0.712725,0.71276
1789375800,0.712755,0.712855,0.712665,0.712705
1789376100,0.712705,0.71298,0.712705,0.712945
1789376400,0.712945,0.713125,0.712935,0.71299
1789376700,0.71299,0.713165,0.71294,0.71307
1789377000,0.71306,0.71309,0.71261,0.712625
1789377300,0.712615,0.712635,0.712465,0.712615
1789377600,0.71262,0.712645,0.71247,0.712625
1789377900,0.71263,0.712705,0.71253,0.71268
1789378200,0.712685,0.712785,0.71258,0.712685
1789378500,0.71268,0.71292,0.712655,0.71279
1789378800,0.71279,0.71307,0.71272,0.71282
1789379100,0.712825,0.712915,0.712635,0.71271
1789379400,0.71271,0.71272,0.71258,0.71269
1789379700,0.712695,0.712785,0.712625,0.7127
1789380000,0.712695,0.712695,0.712475,0.71258
1789380300,0.712585,0.712775,0.71258,0.71269
1789380600,0.712695,0.71289,0.712635,0.71286
1789380900,0.71286,0.713075,0.712805,0.713035
1789381200,0.713035,0.71313,0.71287,0.713115
1789381500,0.71312,0.713175,0.71306,0.71312
1789381800,0.713125,0.71317,0.71299,0.71299
1789382100,0.71299,0.713105,0.71296,0.71299
1789382400,0.71299,0.71299,0.71273,0.712785
1789382700,0.712775,0.712835,0.71275,0.712805
1789383000,0.71281,0.71281,0.71271,0.712795
1789383300,0.712805,0.712885,0.712745,0.712875
1789383600,0.71287,0.713075,0.712815,0.713055
1789383900,0.71306,0.713095,0.712885,0.712915
1789384200,0.712915,0.713015,0.712895,0.712995
1789384500,0.712985,0.713095,0.712935,0.713085
1789384800,0.713095,0.713185,0.713005,0.713035
1789385100,0.713035,0.713195,0.713035,0.713115
1789385400,0.713115,0.713185,0.713035,0.713105
1789385700,0.713115,0.713165,0.713045,0.713145
1789386000,0.713155,0.713195,0.713105,0.713125
1789386300,0.713125,0.713155,0.712935,0.713025
1789386600,0.713015,0.71303,0.712875,0.712945
1789386900,0.712955,0.713035,0.712865,0.712945
1789387200,0.712935,0.712945,0.712765,0.712895
1789387500,0.712895,0.712985,0.7128,0.712925
1789387800,0.71292,0.71309,0.712825,0.712875
1789388100,0.712865,0.713145,0.712735,0.712745
1789388400,0.712755,0.712805,0.71258,0.71266
1789388700,0.712655,0.71273,0.712575,0.712575
1789389000,0.712565,0.712645,0.712365,0.712435
1789389300,0.712445,0.712515,0.711715,0.711735
1789389600,0.71173,0.712085,0.71157,0.711835
1789389900,0.71183,0.711855,0.71158,0.711635
1789390200,0.71162,0.711685,0.71137,0.711435
1789390500,0.711425,0.711485,0.7113,0.711385
1789390800,0.71138,0.71139,0.710935,0.711005
1789391100,0.710985,0.711155,0.71081,0.711005
1789391400,0.711005,0.71134,0.710995,0.711315
1789391700,0.711305,0.71147,0.711105,0.711405
1789392000,0.711415,0.711665,0.711395,0.71162
1789392300,0.711625,0.71164,0.711265,0.711365
1789392600,0.711375,0.7114,0.711105,0.711115
1789392900,0.711125,0.711225,0.710965,0.710975
1789393200,0.710975,0.71137,0.71097,0.71137
1789393500,0.711375,0.71158,0.71135,0.71144
1789393800,0.71145,0.71157,0.711165,0.711185
1789394100,0.711195,0.711325,0.711065,0.711275
1789394400,0.711265,0.711335,0.711065,0.711275
1789394700,0.71128,0.711545,0.71126,0.711535
1789395000,0.71154,0.711825,0.711525,0.71181
1789395300,0.711805,0.711945,0.711575,0.711705
1789395600,0.711695,0.71173,0.711265,0.711285
1789395900,0.711275,0.711695,0.7112,0.711685
1789396200,0.711695,0.711995,0.711585,0.711975
1789396500,0.71197,0.711985,0.71176,0.711945
1789396800,0.71194,0.71214,0.711775,0.712125
1789397100,0.71212,0.712285,0.712095,0.712165
1789397400,0.712165,0.712185,0.71185,0.711985
1789397700,0.71199,0.712705,0.711915,0.712705
1789398000,0.71271,0.712765,0.712535,0.71261
1789398300,0.712605,0.713765,0.712605,0.713065
1789398600,0.713065,0.713285,0.712945,0.713145
1789398900,0.713135,0.713245,0.712955,0.713245
1789399200,0.713255,0.713435,0.713115,0.713435
1789399500,0.71343,0.713535,0.713325,0.713345
1789399800,0.713335,0.713695,0.713175,0.713665
1789400100,0.713655,0.71398,0.7135,0.713955
1789400400,0.71395,0.714175,0.71375,0.714125
1789400700,0.714135,0.714145,0.71383,0.713895
1789401000,0.7139,0.71413,0.713765,0.714095
1789401300,0.714095,0.714125,0.713915,0.713965
1789401600,0.713955,0.714035,0.713815,0.71388
1789401900,0.713875,0.714065,0.713855,0.71404
1789402200,0.714045,0.7142,0.714015,0.714015
1789402500,0.714025,0.71428,0.71402,0.714235
1789402800,0.71423,0.714445,0.714115,0.714425
1789403100,0.714415,0.71444,0.714175,0.714265
1789403400,0.714255,0.71441,0.71419,0.714195
1789403700,0.7142,0.714465,0.714125,0.71442
1789404000,0.71443,0.71457,0.71441,0.714505
1789404300,0.714505,0.714865,0.71441,0.71477
1789404600,0.714765,0.7149,0.71467,0.714765
1789404900,0.714755,0.714845,0.714665,0.714665
1789405200,0.71467,0.71473,0.7145,0.71457
1789405500,0.714575,0.714645,0.714495,0.714535
1789405800,0.71454,0.71464,0.71447,0.71447
1789406100,0.714475,0.714545,0.71442,0.714445
1789406400,0.714445,0.71447,0.714315,0.71434
1789406700,0.714335,0.714485,0.714285,0.714475
1789407000,0.714465,0.71451,0.714275,0.714285
1789407300,0.714285,0.714325,0.714225,0.714315
1789407600,0.714315,0.714315,0.714195,0.714215
1789407900,0.71422,0.71432,0.714165,0.714305
1789408200,0.714315,0.71445,0.714265,0.714395
1789408500,0.714385,0.71448,0.714285,0.714315
1789408800,0.71432,0.714555,0.714265,0.714265
1789409100,0.71427,0.71437,0.71423,0.714345
1789409400,0.714335,0.714465,0.714315,0.714465
1789409700,0.71446,0.71452,0.714455,0.714505
1789410000,0.714505,0.714525,0.71441,0.71451
1789410300,0.71451,0.714555,0.71441,0.71448
1789410600,0.714475,0.714635,0.714475,0.714605
1789410900,0.714605,0.714665,0.714545,0.714555
1789411200,0.714545,0.714555,0.71443,0.714455
1789411500,0.714455,0.714515,0.71438,0.7145
1789411800,0.7145,0.71452,0.71441,0.71447
1789412100,0.714465,0.71453,0.714395,0.71452
1789412400,0.71451,0.714545,0.714385,0.71447
1789412700,0.71447,0.714475,0.714315,0.714455
1789413000,0.714465,0.714505,0.714405,0.714405
1789413300,0.714405,0.71441,0.714205,0.714255
1789413600,0.714255,0.714265,0.714085,0.714145
1789413900,0.714145,0.714175,0.714075,0.714085
1789414200,0.714075,0.714145,0.714035,0.714055
1789414500,0.714055,0.714105,0.714005,0.714045
1789414800,0.71404,0.714055,0.713955,0.71401
1789415100,0.71401,0.714015,0.713935,0.71395
1789415400,0.71394,0.71395,0.713815,0.71386
1789415700,0.713855,0.71405,0.713855,0.71397
1789416000,0.713965,0.713975,0.713745,0.71377
1789416300,0.71377,0.71385,0.71376,0.713765
1789416600,0.713765,0.71387,0.713765,0.71387
1789416900,0.71387,0.71389,0.71382,0.713875
1789417200,0.713885,0.713925,0.71388,0.713915
1789417500,0.71392,0.713955,0.71386,0.713895
1789417800,0.713905,0.71393,0.71388,0.71391
1789418100,0.71391,0.713915,0.71383,0.71391
1789418400,0.713905,0.713965,0.71387,0.713955
1789418700,0.71395,0.71398,0.71393,0.713955
1789419000,0.71396,0.714035,0.71396,0.71396
1789419300,0.71397,0.714025,0.71396,0.714005
1789419600,0.71401,0.71401,0.713565,0.713565
1789419900,0.71357,0.713775,0.71355,0.71367
1789420200,0.71367,0.71383,0.71367,0.713775
1789420500,0.713775,0.7138,0.713775,0.7138
1789420800,0.7138,0.71383,0.713765,0.713785
1789421100,0.713785,0.7138,0.71376,0.71377
1789421400,0.713765,0.713785,0.71357,0.713605
1789421700,0.713605,0.71377,0.713575,0.713755
1789422000,0.71376,0.71399,0.713705,0.71399
1789422300,0.71398,0.71402,0.713785,0.713925
1789422600,0.713925,0.714,0.713865,0.71395
1789422900,0.71395,0.713985,0.713915,0.713985
1789423200,0.713975,0.71411,0.713905,0.714045
1789423500,0.714055,0.71407,0.714035,0.71407
1789423800,0.714065,0.71407,0.714035,0.714055
1789424100,0.714055,0.714145,0.71405,0.71412
1789424400,0.71412,0.71412,0.71405,0.714055
1789424700,0.714055,0.71407,0.714045,0.71406
1789425000,0.71406,0.714145,0.714055,0.71406
1789425300,0.714055,0.71411,0.714055,0.714105
1789425600,0.714105,0.714105,0.71405,0.714065
1789425900,0.714065,0.71407,0.71404,0.71405
1789426200,0.714055,0.71408,0.714025,0.714035
1789426500,0.714035,0.714085,0.71403,0.714055
1789426800,0.714045,0.714045,0.71394,0.713945
1789427100,0.71394,0.71395,0.713855,0.713895
1789427400,0.713895,0.713955,0.713885,0.71392
1789427700,0.71392,0.71393,0.71386,0.71387
1789428000,0.71387,0.713925,0.71381,0.7139
1789428300,0.7139,0.713915,0.713835,0.713845
1789428600,0.713845,0.713845,0.71372,0.713755
1789428900,0.713755,0.71385,0.71374,0.71385
1789429200,0.713855,0.713865,0.71379,0.713805
1789429500,0.713805,0.71381,0.7137,0.71376
1789429800,0.71376,0.71381,0.71363,0.71363
1789430100,0.71363,0.713795,0.71362,0.713755
1789430400,0.71375,0.713765,0.713585,0.713615
1789430700,0.71362,0.713675,0.71351,0.713605
1789431000,0.713605,0.71361,0.713505,0.71351
1789431300,0.713505,0.713565,0.71346,0.7135
1789431600,0.7135,0.7135,0.713305,0.713415
1789431900,0.71341,0.713425,0.713155,0.713185
1789432200,0.71319,0.71327,0.713125,0.713125
1789432500,0.713125,0.713295,0.71312,0.713275
1789432800,0.713275,0.71337,0.71325,0.71337
1789433100,0.713375,0.71351,0.713355,0.71339
1789433400,0.71339,0.71344,0.71328,0.713315
1789433700,0.71331,0.71337,0.71322,0.71333
1789434000,0.713325,0.713605,0.713285,0.713595
1789434300,0.7136,0.713615,0.713395,0.713395
1789434600,0.713395,0.713435,0.713345,0.71337
1789434900,0.713365,0.71343,0.71327,0.71327
1789435200,0.713275,0.71332,0.713055,0.713075
1789435500,0.71308,0.7131,0.712805,0.71286
1789435800,0.712855,0.713035,0.71276,0.71292
1789436100,0.712925,0.71296,0.712855,0.71292
1789436400,0.71292,0.712955,0.712785,0.71282
1789436700,0.71282,0.713075,0.71279,0.71306
1789437000,0.71306,0.71328,0.71299,0.71312
1789437300,0.713125,0.713325,0.71308,0.71327
1789437600,0.713275,0.71341,0.7131,0.713145
1789437900,0.713145,0.713245,0.71297,0.713055
1789438200,0.713055,0.71308,0.71285,0.712865
1789438500,0.712865,0.713075,0.71285,0.71305
1789438800,0.713055,0.71306,0.712865,0.712905
1789439100,0.7129,0.713015,0.712895,0.71296
1789439400,0.712965,0.713215,0.71292,0.71307
1789439700,0.71306,0.713085,0.71297,0.71306
1789440000,0.71306,0.713075,0.71298,0.71301
1789440300,0.713005,0.713315,0.712985,0.713305
1789440600,0.713315,0.71332,0.713195,0.71322
1789440900,0.713215,0.71327,0.7131,0.713255
1789441200,0.71326,0.713375,0.71324,0.71327
1789441500,0.713265,0.713275,0.71314,0.71325
1789441800,0.713255,0.71326,0.71294,0.712955
1789442100,0.712955,0.71306,0.712895,0.713015
1789442400,0.713015,0.71302,0.71264,0.712695
1789442700,0.7127,0.712715,0.71259,0.71268
1789443000,0.712685,0.71281,0.712605,0.712605
1789443300,0.71261,0.71262,0.712545,0.712565
1789443600,0.712565,0.71261,0.712475,0.71252
1789443900,0.71253,0.712575,0.71244,0.712465
1789444200,0.71246,0.712555,0.712435,0.712445
1789444500,0.712445,0.712485,0.7123,0.71231
1789444800,0.712315,0.71232,0.71207,0.71207
1789445100,0.71207,0.71214,0.71198,0.71201
1789445400,0.712015,0.712125,0.71192,0.71207
1789445700,0.71207,0.712165,0.711865,0.71187
1789446000,0.71187,0.712,0.71177,0.71177
1789446300,0.711775,0.711975,0.71174,0.71191
1789446600,0.711915,0.711925,0.7118,0.711855
1789446900,0.71185,0.711955,0.711765,0.711945
1789447200,0.711945,0.71222,0.711945,0.71217
1789447500,0.712165,0.71232,0.71214,0.71217
1789447800,0.712175,0.712205,0.71208,0.71218
1789448100,0.712185,0.71227,0.712075,0.712095
1789448400,0.712095,0.71223,0.71205,0.712105
1789448700,0.712105,0.712205,0.711975,0.712005
1789449000,0.712005,0.712065,0.71195,0.71199
1789449300,0.71199,0.71202,0.711845,0.71185
1789449600,0.711845,0.71187,0.711745,0.711815
1789449900,0.711815,0.71203,0.711815,0.712
1789450200,0.712,0.71204,0.711885,0.71194
1789450500,0.711945,0.712025,0.71186,0.711915
1789450800,0.71192,0.71232,0.71192,0.712255
1789451100,0.71225,0.712335,0.712175,0.71225
1789451400,0.712265,0.71242,0.71224,0.712245
1789451700,0.71225,0.7123,0.7121,0.712115
1789452000,0.71212,0.71218,0.711935,0.71206
1789452300,0.712065,0.712215,0.71205,0.712115
1789452600,0.712115,0.71244,0.712115,0.71241
1789452900,0.7124,0.712415,0.71227,0.71236
1789453200,0.71236,0.71236,0.712215,0.71228
1789453500,0.71228,0.71232,0.712155,0.71222
1789453800,0.712225,0.712245,0.712075,0.712145
1789454100,0.71214,0.712195,0.71205,0.712095
1789454400,0.71208,0.71214,0.71188,0.71192
1789454700,0.71192,0.711985,0.71186,0.711925
1789455000,0.711925,0.712035,0.711835,0.71185
1789455300,0.711845,0.711935,0.711755,0.711915
1789455600,0.71192,0.711945,0.71171,0.711895
1789455900,0.711905,0.712135,0.711805,0.7121
1789456200,0.71211,0.71224,0.711925,0.711955
1789456500,0.711945,0.71209,0.71193,0.71202
1789456800,0.712025,0.71221,0.71197,0.712185
1789457100,0.71219,0.712405,0.71214,0.71238
1789457400,0.712385,0.7125,0.712335,0.71234
1789457700,0.712335,0.71238,0.712245,0.712275
1789458000,0.71228,0.712515,0.712145,0.712435
1789458300,0.712435,0.712675,0.71243,0.71256
1789458600,0.71257,0.71263,0.712335,0.712455
1789458900,0.712445,0.71266,0.712375,0.71265
1789459200,0.712645,0.712645,0.711935,0.71194
1789459500,0.71194,0.712085,0.711895,0.71194
1789459800,0.71193,0.71242,0.71182,0.71235
1789460100,0.71234,0.71256,0.71231,0.71251
1789460400,0.71251,0.71274,0.712445,0.712665
1789460700,0.71267,0.712855,0.712625,0.712715
1789461000,0.712725,0.71276,0.71255,0.712675
1789461300,0.71266,0.712845,0.71266,0.712725
1789461600,0.71273,0.712755,0.71245,0.71246
1789461900,0.71247,0.712605,0.712445,0.71258
1789462200,0.71258,0.71272,0.712565,0.71257
1789462500,0.712575,0.71281,0.712565,0.712645
1789462800,0.71264,0.712675,0.712555,0.712675
1789463100,0.71267,0.712785,0.712635,0.71268
1789463400,0.71268,0.712875,0.71263,0.71279
1789463700,0.712785,0.712805,0.7124,0.71243
1789464000,0.712435,0.712535,0.71226,0.71229
1789464300,0.71228,0.71256,0.71228,0.712455
1789464600,0.71246,0.7125,0.71237,0.712425
1789464900,0.712425,0.71248,0.712325,0.71243
1789465200,0.71243,0.71262,0.71241,0.71248
1789465500,0.71249,0.712905,0.71248,0.71289
1789465800,0.712885,0.713005,0.71277,0.713
1789466100,0.71301,0.713065,0.71284,0.712845
1789466400,0.71284,0.71291,0.71269,0.71269
1789466700,0.712695,0.712885,0.712695,0.712865
1789467000,0.712875,0.71308,0.712725,0.71275
1789467300,0.712745,0.712745,0.712515,0.712535
1789467600,0.71254,0.71279,0.7125,0.712715
1789467900,0.71272,0.71275,0.712645,0.71272
1789468200,0.712725,0.71277,0.712685,0.71275
1789468500,0.712755,0.712845,0.71268,0.71268
1789468800,0.712675,0.71285,0.712675,0.712785
1789469100,0.712785,0.712915,0.712735,0.712765
1789469400,0.71277,0.712935,0.712755,0.71279
1789469700,0.71279,0.71293,0.7127,0.712725
1789470000,0.71273,0.71286,0.71268,0.7128
1789470300,0.7128,0.71298,0.7128,0.712975
1789470600,0.712975,0.713005,0.71283,0.7129
1789470900,0.7129,0.71316,0.7129,0.71307
1789471200,0.71307,0.71326,0.71304,0.71312
1789471500,0.71312,0.71316,0.71306,0.71316
1789471800,0.713165,0.713165,0.712965,0.71311
1789472100,0.71311,0.713175,0.71294,0.712985
1789472400,0.712985,0.713015,0.712895,0.712955
1789472700,0.712955,0.71303,0.71289,0.7129
1789473000,0.71289,0.71295,0.71284,0.712905
1789473300,0.7129,0.712905,0.71276,0.712845
1789473600,0.71284,0.71286,0.71269,0.71285
1789473900,0.71285,0.71285,0.71252,0.71255
1789474200,0.712545,0.712725,0.712505,0.712645
1789474500,0.712645,0.712655,0.71242,0.71245
1789474800,0.712455,0.7126,0.712395,0.712535
1789475100,0.712535,0.71263,0.7125,0.71261
1789475400,0.712605,0.712755,0.712505,0.71275
1789475700,0.712755,0.71286,0.71274,0.712785
1789476000,0.71278,0.71284,0.71267,0.71281
1789476300,0.712805,0.713155,0.712725,0.713095
1789476600,0.71309,0.71314,0.7129,0.71304
1789476900,0.713045,0.71309,0.712755,0.712785
1789477200,0.71278,0.71301,0.71275,0.712925
1789477500,0.712935,0.712995,0.712795,0.712845
1789477800,0.71284,0.71296,0.712725,0.71284
1789478100,0.71284,0.71297,0.71283,0.712915
1789478400,0.712915,0.71301,0.712735,0.71279
1789478700,0.712795,0.71284,0.71272,0.712735
1789479000,0.71274,0.712805,0.7124,0.712535
1789479300,0.71254,0.71279,0.71247,0.71262
1789479600,0.712615,0.71286,0.712595,0.71285
1789479900,0.712845,0.71322,0.712825,0.713205
1789480200,0.71321,0.71347,0.713175,0.713405
1789480500,0.71341,0.713485,0.71332,0.713345
1789480800,0.71334,0.71339,0.713085,0.71309
1789481100,0.713085,0.71325,0.71301,0.71313
1789481400,0.713125,0.713125,0.71279,0.712795
1789481700,0.7128,0.71285,0.71243,0.712695
1789482000,0.712705,0.712835,0.71262,0.712815
1789482300,0.71282,0.712865,0.712565,0.71264
1789482600,0.71265,0.712935,0.71259,0.712725
1789482900,0.712735,0.71285,0.7125,0.71258
1789483200,0.71257,0.71284,0.71253,0.71279
1789483500,0.71279,0.71295,0.71273,0.712745
1789483800,0.71274,0.713155,0.71265,0.713085
1789484100,0.713085,0.713205,0.7129,0.712905
1789484400,0.71291,0.71306,0.712645,0.71304
1789484700,0.713035,0.713105,0.71292,0.712985
1789485000,0.712985,0.71312,0.71278,0.712875
1789485300,0.71287,0.71309,0.71279,0.713045
1789485600,0.713035,0.71316,0.712995,0.71314
1789485900,0.713145,0.71317,0.71299,0.713035
1789486200,0.713045,0.713085,0.71273,0.712845
1789486500,0.712855,0.71287,0.712715,0.71274
1789486800,0.712735,0.71289,0.712695,0.71279
1789487100,0.71279,0.71287,0.712665,0.712685
1789487400,0.71268,0.712905,0.712675,0.712775
1789487700,0.712775,0.712995,0.71273,0.71274
1789488000,0.712735,0.71283,0.71263,0.7127
1789488300,0.712695,0.7127,0.712515,0.712585
1789488600,0.71258,0.71267,0.712575,0.71264
1789488900,0.712635,0.71275,0.71262,0.71268
1789489200,0.712675,0.71289,0.712625,0.71289
1789489500,0.712895,0.712905,0.712785,0.71287
1789489800,0.712865,0.713045,0.712845,0.712975
1789490100,0.71297,0.713085,0.712945,0.713005
1789490400,0.712995,0.71302,0.712935,0.71302
1789490700,0.71302,0.713105,0.712995,0.71304
1789491000,0.71304,0.71322,0.713025,0.713205
1789491300,0.71321,0.713265,0.71318,0.71325
1789491600,0.71324,0.713325,0.71311,0.71311
1789491900,0.713105,0.713165,0.71307,0.713075
1789492200,0.71308,0.71326,0.71308,0.713185
1789492500,0.71319,0.713245,0.713055,0.71307
1789492800,0.713065,0.71309,0.71293,0.71294
1789493100,0.71294,0.712975,0.71288,0.712935
1789493400,0.71294,0.713145,0.71293,0.713125
1789493700,0.713125,0.71319,0.71308,0.71317
1789494000,0.713165,0.713175,0.71301,0.71303
1789494300,0.713035,0.713045,0.712825,0.71284
1789494600,0.712835,0.712915,0.71282,0.712905
1789494900,0.71291,0.712945,0.712885,0.712935
1789495200,0.71293,0.712995,0.712865,0.712925
1789495500,0.71292,0.713045,0.712915,0.71304
1789495800,0.713045,0.71328,0.71303,0.713235
1789496100,0.71324,0.71326,0.713155,0.71322
1789496400,0.713225,0.713285,0.713205,0.713275
1789496700,0.71327,0.7134,0.71327,0.71338
1789497000,0.713375,0.713375,0.71308,0.71312
1789497300,0.713125,0.713145,0.71305,0.713065
1789497600,0.71306,0.71329,0.713025,0.71313
1789497900,0.713125,0.713225,0.713075,0.71318
1789498200,0.713185,0.713265,0.713175,0.71319
1789498500,0.71319,0.713195,0.713065,0.713165
1789498800,0.713165,0.713225,0.71308,0.713155
1789499100,0.713155,0.713185,0.713105,0.71317
1789499400,0.71317,0.71318,0.713055,0.713065
1789499700,0.71306,0.713115,0.713005,0.713015
1789500000,0.713015,0.71307,0.712985,0.71304
1789500300,0.713035,0.71305,0.71298,0.71304
1789500600,0.71303,0.71314,0.71302,0.71312
1789500900,0.71312,0.713155,0.71307,0.713095
1789501200,0.713095,0.713145,0.71307,0.71312
1789501500,0.71312,0.7132,0.713085,0.713185
1789501800,0.713185,0.7132,0.713075,0.713125
1789502100,0.713115,0.713155,0.71308,0.71309
1789502400,0.71309,0.71315,0.71306,0.71313
1789502700,0.71313,0.71314,0.71303,0.71304
1789503000,0.713045,0.713065,0.712955,0.71297
1789503300,0.71297,0.713035,0.71297,0.71303
1789503600,0.71303,0.713035,0.71298,0.71299
1789503900,0.712995,0.71303,0.71297,0.71303
1789504200,0.71303,0.71309,0.713005,0.713015
1789504500,0.71301,0.71303,0.712975,0.712985
1789504800,0.712985,0.71301,0.71297,0.71298
1789505100,0.712985,0.71304,0.71297,0.713025
1789505400,0.71303,0.713115,0.71301,0.71311
1789505700,0.713115,0.71318,0.71311,0.71318
1789506000,0.71318,0.71318,0.71318,0.71318
1789506300,0.71318,0.71318,0.71287,0.713025
1789506600,0.713025,0.713025,0.712905,0.71298
1789506900,0.71298,0.713075,0.71298,0.713025
1789507200,0.713025,0.713025,0.71281,0.71284
1789507500,0.71284,0.71284,0.71273,0.71281
1789507800,0.71281,0.712935,0.71281,0.71293
1789508100,0.71293,0.71294,0.71282,0.71293
1789508400,0.71293,0.71296,0.712865,0.712885
1789508700,0.71287,0.712945,0.712785,0.712935
1789509000,0.712965,0.713195,0.712915,0.713005
1789509300,0.713005,0.713095,0.71299,0.713055
1789509600,0.71306,0.71328,0.713005,0.71325
1789509900,0.713255,0.713255,0.713145,0.713165
1789510200,0.713165,0.713175,0.713125,0.713125
1789510500,0.713125,0.713165,0.713125,0.71314
1789510800,0.71314,0.713175,0.71313,0.713175
1789511100,0.713175,0.71318,0.713155,0.71317
1789511400,0.713165,0.713165,0.71304,0.713045
1789511700,0.713045,0.71309,0.71304,0.71306
1789512000,0.713055,0.713075,0.71304,0.71306
1789512300,0.71306,0.71306,0.713,0.71306
1789512600,0.71306,0.71306,0.713,0.71301
1789512900,0.71301,0.71303,0.712925,0.712925
1789513200,0.71293,0.712935,0.712705,0.71272
1789513500,0.71272,0.71278,0.71272,0.71276
1789513800,0.71277,0.71281,0.71276,0.712765
1789514100,0.71276,0.71285,0.71276,0.71285
1789514400,0.71285,0.712855,0.712805,0.712805
1789514700,0.712805,0.71287,0.712665,0.7127
1789515000,0.7127,0.71272,0.712575,0.71258
1789515300,0.71258,0.71259,0.71243,0.71248
1789515600,0.712485,0.712525,0.712445,0.71248
1789515900,0.71248,0.712565,0.712455,0.712565
1789516200,0.71256,0.712655,0.712555,0.71264
1789516500,0.712635,0.71264,0.712465,0.71254
1789516800,0.712535,0.71257,0.712245,0.712275
1789517100,0.71227,0.71233,0.712155,0.71216
1789517400,0.712165,0.712385,0.71207,0.712365
1789517700,0.71237,0.71262,0.71235,0.71262
1789518000,0.712615,0.71265,0.712565,0.712635
1789518300,0.71263,0.71276,0.712575,0.712755
1789518600,0.712755,0.712785,0.712515,0.712555
1789518900,0.712555,0.7126,0.71244,0.71245
1789519200,0.712455,0.712555,0.712455,0.712525
1789519500,0.71252,0.71262,0.71249,0.71254
1789519800,0.71254,0.7126,0.71243,0.71249
1789520100,0.712495,0.71275,0.71244,0.71271
1789520400,0.71271,0.712885,0.7127,0.712715
1789520700,0.712705,0.712815,0.71269,0.71276
1789521000,0.71276,0.71294,0.712655,0.71292
1789521300,0.71292,0.71295,0.71278,0.71283
1789521600,0.71283,0.71297,0.712805,0.712935
1789521900,0.712935,0.712985,0.71272,0.712725
1789522200,0.71273,0.71275,0.71256,0.712585
1789522500,0.71259,0.712615,0.712455,0.71247
1789522800,0.712465,0.712665,0.71245,0.7125
1789523100,0.712495,0.7126,0.712355,0.71237
1789523400,0.71237,0.712405,0.71216,0.71223
1789523700,0.712225,0.7123,0.712015,0.712055
1789524000,0.71205,0.71219,0.71205,0.712095
1789524300,0.712095,0.71236,0.71203,0.71228
1789524600,0.712285,0.71234,0.71216,0.71218
1789524900,0.712185,0.712425,0.71218,0.71233
1789525200,0.712325,0.71248,0.71227,0.712475
1789525500,0.712475,0.712655,0.712475,0.712525
1789525800,0.71253,0.71281,0.7125,0.712785
1789526100,0.7128,0.712875,0.712665,0.712685
1789526400,0.712695,0.712705,0.712545,0.712555
1789526700,0.712555,0.712735,0.71255,0.712715
1789527000,0.712715,0.712715,0.7125,0.71257
1789527300,0.712575,0.712755,0.712565,0.71274
1789527600,0.712735,0.712855,0.71272,0.71276
1789527900,0.712755,0.71276,0.71264,0.71265
1789528200,0.71266,0.71276,0.7126,0.71263
1789528500,0.712635,0.7127,0.712615,0.71267
1789528800,0.71267,0.712675,0.712535,0.71257
1789529100,0.712575,0.7126,0.712445,0.71245
1789529400,0.71244,0.71246,0.712325,0.71235
1789529700,0.712345,0.71256,0.71233,0.7125
1789530000,0.71251,0.71254,0.712435,0.71251
1789530300,0.712505,0.712615,0.712465,0.71254
1789530600,0.712545,0.71263,0.71249,0.712565
1789530900,0.71257,0.71257,0.712405,0.71242
1789531200,0.712425,0.712515,0.712415,0.71247
1789531500,0.71247,0.71269,0.712455,0.71267
1789531800,0.71267,0.712785,0.71266,0.71273
1789532100,0.71273,0.712795,0.71262,0.712625
1789532400,0.712625,0.712805,0.712625,0.71272
1789532700,0.71272,0.71286,0.71272,0.712765
1789533000,0.712765,0.712925,0.712755,0.712855
1789533300,0.71286,0.71297,0.712855,0.712965
1789533600,0.712965,0.712965,0.712735,0.7128
1789533900,0.712795,0.71287,0.71275,0.71281
1789534200,0.71281,0.71286,0.712775,0.71281
1789534500,0.71281,0.71295,0.712795,0.71295
1789534800,0.712945,0.713045,0.712925,0.713025
1789535100,0.713025,0.713075,0.71288,0.71305
1789535400,0.71305,0.71311,0.712955,0.71297
1789535700,0.71297,0.71304,0.71296,0.71303
1789536000,0.71303,0.71305,0.712945,0.712975
1789536300,0.712975,0.71313,0.71296,0.713065
1789536600,0.71307,0.713195,0.71305,0.71319
1789536900,0.71319,0.71322,0.71312,0.713155
1789537200,0.713155,0.713215,0.71306,0.713215
1789537500,0.71322,0.713255,0.71316,0.713205
1789537800,0.713205,0.71338,0.713175,0.71336
1789538100,0.713365,0.71348,0.71321,0.713215
1789538400,0.7132,0.71335,0.71299,0.713025
1789538700,0.71303,0.713075,0.71297,0.713
1789539000,0.713,0.71315,0.712935,0.712955
1789539300,0.71295,0.71309,0.712915,0.71309
1789539600,0.713085,0.71311,0.71278,0.71279
1789539900,0.712785,0.71279,0.71267,0.71271
1789540200,0.71271,0.712825,0.71268,0.71277
1789540500,0.712765,0.71283,0.71264,0.71266
1789540800,0.71267,0.71277,0.71253,0.71277
1789541100,0.71276,0.71291,0.71273,0.71288
1789541400,0.71288,0.713045,0.71284,0.71292
1789541700,0.712925,0.7132,0.71291,0.71318
1789542000,0.713165,0.71323,0.71301,0.713185
1789542300,0.71319,0.71326,0.71301,0.713245
1789542600,0.71325,0.71336,0.713125,0.71335
1789542900,0.71335,0.71337,0.71314,0.71315
1789543200,0.71315,0.71333,0.71314,0.713175
1789543500,0.713175,0.713385,0.71317,0.713365
1789543800,0.71337,0.71359,0.71336,0.71352
1789544100,0.71353,0.71367,0.71344,0.71345
1789544400,0.71344,0.713495,0.7134,0.71341
1789544700,0.71341,0.71343,0.71334,0.71337
1789545000,0.713375,0.713375,0.71304,0.71306
1789545300,0.71306,0.71318,0.712965,0.712975
1789545600,0.71297,0.71302,0.71287,0.71288
1789545900,0.712885,0.712915,0.712685,0.712765
1789546200,0.71276,0.71286,0.712735,0.712795
1789546500,0.71279,0.712995,0.712715,0.71285
1789546800,0.71285,0.713005,0.71276,0.71282
1789547100,0.712825,0.71284,0.712665,0.71276
1789547400,0.71276,0.71276,0.7125,0.712545
1789547700,0.71255,0.71267,0.71255,0.712625
1789548000,0.71263,0.71279,0.71262,0.71275
1789548300,0.712745,0.71292,0.71272,0.71278
1789548600,0.712775,0.713005,0.71274,0.712965
1789548900,0.71296,0.713075,0.712895,0.71303
1789549200,0.71303,0.71309,0.712925,0.71295
1789549500,0.71295,0.7131,0.71295,0.71301
1789549800,0.713,0.713115,0.71296,0.71302
1789550100,0.71302,0.71302,0.712795,0.71283
1789550400,0.71283,0.713,0.71283,0.712925
1789550700,0.71292,0.71314,0.712915,0.713035
1789551000,0.713035,0.71307,0.71298,0.71303
1789551300,0.713035,0.71313,0.71296,0.713
1789551600,0.713,0.713145,0.712975,0.71308
1789551900,0.713075,0.71312,0.71286,0.712895
1789552200,0.712895,0.71301,0.7128,0.71296
1789552500,0.712955,0.713065,0.71292,0.71295
1789552800,0.712955,0.713115,0.71287,0.71287
1789553100,0.71287,0.71305,0.71285,0.713
1789553400,0.713005,0.71308,0.712935,0.713025
1789553700,0.71303,0.71323,0.71303,0.71322
1789554000,0.713215,0.71328,0.71309,0.7131
1789554300,0.7131,0.71331,0.71308,0.71325
1789554600,0.713255,0.713255,0.71308,0.713115
1789554900,0.713115,0.71318,0.71307,0.713155
1789555200,0.713165,0.71321,0.71313,0.7132
1789555500,0.7132,0.7132,0.712945,0.71297
1789555800,0.712975,0.713045,0.71294,0.713025
1789556100,0.713025,0.713205,0.712965,0.713205
1789556400,0.7132,0.713285,0.7131,0.71313
1789556700,0.713125,0.71324,0.713045,0.71313
1789557000,0.71312,0.713275,0.713085,0.71325
1789557300,0.713255,0.713365,0.713225,0.713335
1789557600,0.713335,0.71335,0.713215,0.7133
1789557900,0.713305,0.713475,0.713255,0.713405
1789558200,0.713405,0.713525,0.7133,0.71346
1789558500,0.71346,0.713525,0.713445,0.7135
1789558800,0.713495,0.713515,0.71334,0.713415
1789559100,0.713415,0.71345,0.71321,0.713245
1789559400,0.71325,0.71332,0.71323,0.71327
1789559700,0.71327,0.71327,0.71311,0.71316
1789560000,0.71315,0.713195,0.713065,0.7131
1789560300,0.71311,0.71325,0.71309,0.713245
1789560600,0.71324,0.71324,0.71303,0.71313
1789560900,0.71314,0.713165,0.712975,0.713025
1789561200,0.713015,0.71302,0.712855,0.71292
1789561500,0.712935,0.713135,0.71292,0.71308
1789561800,0.713085,0.7133,0.71293,0.71314
1789562100,0.713145,0.713175,0.71297,0.71297
1789562400,0.71297,0.713075,0.712925,0.713005
1789562700,0.712995,0.71326,0.712915,0.713225
1789563000,0.71322,0.71328,0.71304,0.713085
1789563300,0.71308,0.713225,0.713005,0.71314
1789563600,0.71313,0.71316,0.712805,0.71285
1789563900,0.712855,0.712955,0.712755,0.71292
1789564200,0.712925,0.713155,0.712925,0.71311
1789564500,0.713115,0.71319,0.712875,0.7129
1789564800,0.712895,0.712965,0.71285,0.7129
1789565100,0.712905,0.71302,0.712895,0.712905
1789565400,0.71291,0.71302,0.71283,0.71294
1789565700,0.71295,0.712965,0.712795,0.71281
1789566000,0.71281,0.7129,0.712715,0.712755
1789566300,0.712745,0.712815,0.712605,0.71265
1789566600,0.712655,0.71267,0.71255,0.71259
1789566900,0.712595,0.712775,0.71254,0.71271
1789567200,0.71272,0.71276,0.7124,0.712515
1789567500,0.712505,0.71268,0.71233,0.71263
1789567800,0.712635,0.71297,0.71262,0.71295
1789568100,0.71295,0.71298,0.712725,0.712825
1789568400,0.712825,0.712905,0.712795,0.712815
1789568700,0.712825,0.713035,0.712825,0.712985
1789569000,0.71298,0.71322,0.71298,0.713215
1789569300,0.713215,0.713475,0.713205,0.713445
1789569600,0.71345,0.713695,0.713445,0.71367
1789569900,0.713665,0.71367,0.71341,0.71345
1789570200,0.713455,0.713505,0.71305,0.71305
1789570500,0.713055,0.71316,0.71295,0.7131
1789570800,0.7131,0.713275,0.71309,0.71313
1789571100,0.713125,0.713405,0.713125,0.713365
1789571400,0.71337,0.71342,0.71316,0.71334
1789571700,0.713335,0.71344,0.713225,0.71343
1789572000,0.713435,0.713455,0.713255,0.713305
1789572300,0.713295,0.713295,0.713,0.713005
1789572600,0.71301,0.713165,0.71299,0.713065
1789572900,0.713065,0.713285,0.71305,0.713205
1789573200,0.71321,0.71322,0.71309,0.71314
1789573500,0.71314,0.71361,0.71309,0.7132
1789573800,0.71321,0.713265,0.713055,0.71321
1789574100,0.713215,0.71322,0.71311,0.71316
1789574400,0.713165,0.71319,0.71297,0.71301
1789574700,0.71301,0.71328,0.712965,0.713225
1789575000,0.71323,0.71331,0.71317,0.71331
1789575300,0.713315,0.713475,0.71331,0.71342
1789575600,0.713415,0.71342,0.713355,0.71341
1789575900,0.713415,0.71343,0.713205,0.71322
1789576200,0.713225,0.713265,0.71317,0.713225
1789576500,0.713225,0.713305,0.713175,0.713275
1789576800,0.713275,0.713275,0.713185,0.713205
1789577100,0.713205,0.713265,0.713185,0.713205
1789577400,0.71321,0.71321,0.713115,0.713115
1789577700,0.71312,0.71322,0.71305,0.71305
1789578000,0.713045,0.713055,0.7129,0.71293
1789578300,0.71293,0.712965,0.71286,0.71286
1789578600,0.71287,0.71292,0.71281,0.71291
1789578900,0.712905,0.712985,0.71288,0.712905
1789579200,0.712905,0.712935,0.712855,0.71287
1789579500,0.712875,0.713005,0.71287,0.71297
1789579800,0.712975,0.713045,0.71295,0.712965
1789580100,0.712965,0.713035,0.712935,0.712945
1789580400,0.71295,0.713025,0.712945,0.713025
1789580700,0.71303,0.71305,0.71297,0.712975
1789581000,0.712975,0.71301,0.71287,0.712925
1789581300,0.71292,0.71356,0.712905,0.71356
1789581600,0.71355,0.71407,0.711625,0.71172
1789581900,0.711725,0.712625,0.71156,0.712195
1789582200,0.71219,0.71227,0.71129,0.711385
1789582500,0.71138,0.711415,0.711025,0.71119
1789582800,0.711195,0.71161,0.71103,0.71116
1789583100,0.711165,0.7112,0.710835,0.71109
1789583400,0.711095,0.71119,0.70981,0.70995
1789583700,0.709935,0.71056,0.709355,0.71039
1789584000,0.71038,0.71111,0.70992,0.71056
1789584300,0.710555,0.7109,0.71013,0.710205
1789584600,0.71021,0.710275,0.709255,0.70938
1789584900,0.709375,0.709545,0.708895,0.70893
1789585200,0.708935,0.70994,0.70888,0.709555
1789585500,0.70955,0.70964,0.70858,0.70859
1789585800,0.708595,0.708645,0.70819,0.70844
1789586100,0.708445,0.70857,0.70775,0.708
1789586400,0.707995,0.70814,0.707715,0.70799
1789586700,0.707995,0.70814,0.707505,0.70791
1789587000,0.707915,0.70851,0.70782,0.7085
1789587300,0.708505,0.708805,0.70831,0.708765
1789587600,0.70876,0.70902,0.7086,0.70862
1789587900,0.708615,0.709,0.7086,0.708835
1789588200,0.70884,0.70899,0.70875,0.70896
1789588500,0.708955,0.709115,0.70886,0.70905
1789588800,0.709055,0.709185,0.70896,0.709075
1789589100,0.70908,0.709175,0.708915,0.70903
1789589400,0.709035,0.70906,0.708815,0.70886
1789589700,0.70886,0.70893,0.70866,0.708735
1789590000,0.70874,0.708785,0.708505,0.708505
1789590300,0.70851,0.70864,0.70831,0.70864
1789590600,0.70864,0.70889,0.70861,0.70884
1789590900,0.70884,0.709005,0.708785,0.70895
1789591200,0.708945,0.708945,0.7088,0.70886
1789591500,0.70886,0.70894,0.70886,0.708895
1789591800,0.70889,0.70891,0.70876,0.70882
1789592100,0.70882,0.708835,0.70862,0.70875
1789592400,0.70875,0.70875,0.70875,0.70875
1789592700,0.70898,0.70898,0.708705,0.708735
1789593000,0.708735,0.70881,0.708705,0.708745
1789593300,0.708745,0.708865,0.708745,0.708865
1789593600,0.708865,0.708905,0.708815,0.708865
1789593900,0.708865,0.708905,0.70883,0.708875
1789594200,0.708875,0.708905,0.708785,0.708805
1789594500,0.708805,0.70886,0.70879,0.708795
1789594800,0.708795,0.70891,0.708445,0.708505
1789595100,0.708505,0.708795,0.70839,0.708785
1789595400,0.70879,0.708955,0.70877,0.70891
1789595700,0.708915,0.709015,0.708725,0.708735
1789596000,0.70876,0.70888,0.7084,0.708405
1789596300,0.70841,0.708695,0.70841,0.70864
1789596600,0.70864,0.70869,0.708545,0.708555
1789596900,0.708555,0.708625,0.70852,0.70859
1789597200,0.70859,0.708685,0.70859,0.70864
1789597500,0.70864,0.708825,0.708635,0.70873
1789597800,0.70873,0.708745,0.708665,0.7087
1789598100,0.70871,0.708755,0.70867,0.708685
1789598400,0.708685,0.7087,0.708625,0.708645
1789598700,0.70864,0.70879,0.70859,0.7086
1789599000,0.7086,0.7087,0.70858,0.708625
1789599300,0.708615,0.70876,0.708615,0.7087
1789599600,0.708695,0.708935,0.7086,0.7089
1789599900,0.708905,0.70899,0.70881,0.708965
1789600200,0.708965,0.709075,0.70895,0.70896
1789600500,0.70896,0.709155,0.70896,0.70899
1789600800,0.708995,0.70917,0.708985,0.709105
1789601100,0.709105,0.709165,0.70905,0.709095
1789601400,0.7091,0.70921,0.7091,0.70911
1789601700,0.70911,0.70911,0.70902,0.709085
1789602000,0.709085,0.70924,0.70896,0.709055
1789602300,0.709065,0.70909,0.70884,0.708905
1789602600,0.70891,0.709015,0.708845,0.708845
1789602900,0.708845,0.708905,0.708755,0.7088
1789603200,0.708795,0.709115,0.708695,0.70901
1789603500,0.709005,0.709305,0.708985,0.70908
1789603800,0.709085,0.709115,0.70884,0.708845
1789604100,0.70884,0.70885,0.70864,0.70875
1789604400,0.708755,0.70899,0.708715,0.70892
1789604700,0.708925,0.709135,0.70891,0.708975
1789605000,0.70897,0.70935,0.708925,0.70927
1789605300,0.70927,0.70928,0.70916,0.70917
1789605600,0.709175,0.70951,0.709145,0.70941
1789605900,0.709415,0.709415,0.70913,0.70915
1789606200,0.70915,0.70919,0.70881,0.708915
1789606500,0.70892,0.70894,0.708815,0.70882
1789606800,0.708825,0.708915,0.70872,0.70885
1789607100,0.70885,0.709315,0.70881,0.709245
1789607400,0.709245,0.70949,0.709065,0.70948
1789607700,0.70948,0.70962,0.709425,0.709565
1789608000,0.70957,0.70973,0.709505,0.70971
1789608300,0.709705,0.70971,0.709395,0.70947
1789608600,0.709475,0.70976,0.70946,0.70949
1789608900,0.709485,0.709515,0.70915,0.709155
1789609200,0.70915,0.709155,0.708915,0.709015
1789609500,0.70901,0.7091,0.708965,0.70908
1789609800,0.70908,0.709515,0.70908,0.709515
1789610100,0.70951,0.70953,0.709255,0.7094
1789610400,0.709395,0.709685,0.709395,0.709675
1789610700,0.70967,0.7098,0.709515,0.709565
1789611000,0.709565,0.70967,0.709415,0.70962
1789611300,0.70962,0.709685,0.709555,0.70968
1789611600,0.709685,0.70969,0.709475,0.70948
1789611900,0.70948,0.70959,0.709475,0.70952
1789612200,0.709525,0.70969,0.709495,0.709665
1789612500,0.70967,0.709955,0.709605,0.70994
1789612800,0.709935,0.710105,0.70986,0.71007
1789613100,0.71007,0.7101,0.70977,0.70991
1789613400,0.70991,0.71002,0.709765,0.709815
1789613700,0.70981,0.70991,0.70975,0.709905
1789614000,0.70991,0.709925,0.70976,0.70987
1789614300,0.709875,0.71029,0.709865,0.710175
1789614600,0.71018,0.710285,0.710155,0.710275
1789614900,0.710275,0.710345,0.71013,0.71027
1789615200,0.71027,0.710275,0.71018,0.71026
1789615500,0.710265,0.710385,0.71012,0.710135
1789615800,0.71013,0.7102,0.710105,0.710115
1789616100,0.71011,0.710315,0.710065,0.710315
1789616400,0.71031,0.71035,0.7102,0.7102
1789616700,0.710205,0.710305,0.710165,0.7103
1789617000,0.710305,0.710415,0.71025,0.710385
1789617300,0.71039,0.7106,0.710385,0.710465
1789617600,0.71047,0.710575,0.710435,0.710515
1789617900,0.710515,0.710585,0.71048,0.71058
1789618200,0.710575,0.71058,0.71043,0.71051
1789618500,0.710505,0.7106,0.710375,0.71057
1789618800,0.71058,0.710835,0.71058,0.710755
1789619100,0.71076,0.71076,0.71067,0.71072
1789619400,0.71072,0.71082,0.710615,0.71078
1789619700,0.710785,0.710945,0.71078,0.7108
1789620000,0.7108,0.710805,0.71067,0.71077
1789620300,0.71077,0.71087,0.71076,0.71083
1789620600,0.71083,0.7109,0.71077,0.71082
1789620900,0.71082,0.71092,0.71081,0.710885
1789621200,0.710875,0.71126,0.71087,0.71125
1789621500,0.71125,0.71125,0.711115,0.71117
1789621800,0.71117,0.71128,0.71102,0.7112
1789622100,0.711185,0.71124,0.71106,0.711235
1789622400,0.71124,0.711245,0.711095,0.71114
1789622700,0.71114,0.711315,0.71111,0.71129
1789623000,0.711295,0.71132,0.71114,0.711165
1789623300,0.71116,0.711165,0.711005,0.711035
1789623600,0.711045,0.711055,0.710915,0.71099
1789623900,0.710995,0.71115,0.710925,0.711145
1789624200,0.71115,0.71115,0.710885,0.71093
1789624500,0.710935,0.710955,0.71074,0.71082
1789624800,0.71081,0.71083,0.71066,0.71067
1789625100,0.710675,0.711055,0.71067,0.71102
1789625400,0.711025,0.71131,0.710945,0.711305
1789625700,0.71131,0.71144,0.711155,0.71138
1789626000,0.711385,0.7115,0.71131,0.71139
1789626300,0.711395,0.71178,0.71138,0.71172
1789626600,0.711715,0.712115,0.71168,0.711825
1789626900,0.711825,0.71187,0.71158,0.711605
1789627200,0.711605,0.71169,0.71152,0.71165
1789627500,0.711655,0.71179,0.71155,0.71179
1789627800,0.711785,0.711965,0.711785,0.711905
1789628100,0.7119,0.71191,0.71166,0.711665
1789628400,0.71166,0.711745,0.711375,0.71138
1789628700,0.711375,0.71154,0.71137,0.71141
1789629000,0.711415,0.711575,0.71128,0.711315
1789629300,0.71132,0.71152,0.711305,0.7114
1789629600,0.7114,0.7117,0.71131,0.711615
1789629900,0.71162,0.71176,0.71161,0.71174
1789630200,0.711745,0.711785,0.711615,0.71164
1789630500,0.711635,0.711765,0.71155,0.71176
1789630800,0.711765,0.71177,0.71158,0.71162
1789631100,0.71162,0.71173,0.7115,0.711695
1789631400,0.71169,0.711745,0.71158,0.711695
1789631700,0.7117,0.71173,0.711505,0.711715
1789632000,0.71171,0.71172,0.71141,0.71148
1789632300,0.711475,0.71149,0.711315,0.711345
1789632600,0.71134,0.711375,0.71098,0.711105
1789632900,0.7111,0.711235,0.71103,0.711055
1789633200,0.71105,0.711145,0.71095,0.71101
1789633500,0.711015,0.711145,0.71093,0.71107
1789633800,0.71107,0.71126,0.71101,0.71126
1789634100,0.711255,0.71136,0.711195,0.711315
1789634400,0.71132,0.71134,0.71109,0.711135
1789634700,0.71113,0.711305,0.71106,0.71121
1789635000,0.711205,0.71127,0.711145,0.71115
1789635300,0.711155,0.711345,0.711135,0.711315
1789635600,0.71132,0.71149,0.71131,0.71134
1789635900,0.711345,0.71154,0.711335,0.71154
1789636200,0.71154,0.71172,0.71151,0.71155
1789636500,0.711555,0.711555,0.711355,0.711365
1789636800,0.71136,0.71143,0.71123,0.711415
1789637100,0.711415,0.71147,0.71121,0.711265
1789637400,0.71126,0.71142,0.711195,0.711405
1789637700,0.7114,0.71152,0.71135,0.711495
1789638000,0.71149,0.711535,0.71142,0.71142
1789638300,0.71143,0.71144,0.71125,0.711335
1789638600,0.71134,0.71135,0.711085,0.71114
1789638900,0.711145,0.711195,0.711005,0.711015
1789639200,0.71101,0.71108,0.710955,0.71096
1789639500,0.71095,0.71114,0.710945,0.711055
1789639800,0.711065,0.71125,0.711045,0.711045
1789640100,0.71104,0.711105,0.71098,0.71099
1789640400,0.71099,0.711035,0.71087,0.711005
1789640700,0.711005,0.71106,0.71091,0.71096
1789641000,0.71097,0.71099,0.710715,0.71079
1789641300,0.71079,0.71089,0.71074,0.710765
1789641600,0.71077,0.71082,0.710665,0.71075
1789641900,0.71075,0.71078,0.710675,0.71069
1789642200,0.7107,0.71088,0.71067,0.710755
1789642500,0.71076,0.710995,0.71074,0.71097
1789642800,0.710985,0.71108,0.710855,0.71096
1789643100,0.710965,0.71117,0.71079,0.71107
1789643400,0.71107,0.711125,0.710965,0.711105
1789643700,0.711105,0.71115,0.71072,0.71072
1789644000,0.71071,0.710995,0.71071,0.71087
1789644300,0.71086,0.711015,0.710785,0.711
1789644600,0.71101,0.71101,0.71067,0.71077
1789644900,0.71077,0.71086,0.71076,0.710815
1789645200,0.710815,0.71093,0.7107,0.710895
1789645500,0.710885,0.71089,0.710675,0.710705
1789645800,0.710705,0.710755,0.710565,0.710655
1789646100,0.71065,0.71109,0.71061,0.711045
1789646400,0.71104,0.71122,0.71089,0.711055
1789646700,0.711055,0.711415,0.711045,0.711355
1789647000,0.71136,0.711925,0.711335,0.71187
1789647300,0.71187,0.71208,0.711775,0.712065
1789647600,0.71207,0.71222,0.71196,0.71206
1789647900,0.71205,0.712645,0.71201,0.71263
1789648200,0.712635,0.712635,0.71202,0.712165
1789648500,0.71217,0.71217,0.711725,0.711895
1789648800,0.7119,0.711935,0.711685,0.711745
1789649100,0.71174,0.71181,0.71166,0.711745
1789649400,0.71175,0.711965,0.71172,0.71194
1789649700,0.71194,0.7121,0.711805,0.71205
1789650000,0.712055,0.71219,0.71182,0.711845
1789650300,0.71184,0.71193,0.711615,0.711615
1789650600,0.71162,0.711715,0.711535,0.71171
1789650900,0.711715,0.711965,0.711695,0.711845
1789651200,0.71185,0.711895,0.71141,0.711555
1789651500,0.71156,0.711725,0.711425,0.711485
1789651800,0.71149,0.71158,0.711265,0.71138
1789652100,0.711385,0.711535,0.71137,0.711425
1789652400,0.71143,0.711435,0.71112,0.711195
1789652700,0.711185,0.711725,0.711145,0.711525
1789653000,0.71152,0.71163,0.71145,0.711465
1789653300,0.711475,0.71156,0.71136,0.71156
1789653600,0.711555,0.711725,0.711355,0.7117
1789653900,0.711705,0.712075,0.71165,0.712055
1789654200,0.71205,0.712115,0.71187,0.711965
1789654500,0.711965,0.71204,0.71168,0.711715
1789654800,0.711715,0.712015,0.711705,0.71196
1789655100,0.711965,0.71202,0.71186,0.71186
1789655400,0.711865,0.71203,0.71182,0.711985
1789655700,0.71199,0.712005,0.71155,0.71155
1789656000,0.711555,0.711975,0.711555,0.711955
1789656300,0.711955,0.712005,0.711635,0.7117
1789656600,0.711705,0.71177,0.711265,0.711285
1789656900,0.711295,0.711345,0.711165,0.711215
1789657200,0.71121,0.711425,0.711135,0.7112
1789657500,0.711205,0.7114,0.711165,0.711195
1789657800,0.71119,0.711355,0.711135,0.711345
1789658100,0.711345,0.711495,0.711305,0.711465
1789658400,0.71147,0.71147,0.711215,0.71122
1789658700,0.711225,0.71131,0.71112,0.711255
1789659000,0.71126,0.711305,0.71111,0.711195
1789659300,0.711195,0.71132,0.71115,0.71118
1789659600,0.711175,0.711345,0.711155,0.711235
1789659900,0.711245,0.711255,0.711005,0.71107
1789660200,0.711075,0.711215,0.711035,0.711205
1789660500,0.7112,0.711315,0.711085,0.711295
1789660800,0.711295,0.711415,0.71117,0.711195
1789661100,0.7112,0.711245,0.711095,0.711175
1789661400,0.711175,0.711205,0.71103,0.711205
1789661700,0.71121,0.71123,0.711145,0.711205
1789662000,0.711205,0.71127,0.711195,0.71121
1789662300,0.711215,0.711325,0.71119,0.711315
1789662600,0.711315,0.71133,0.711105,0.711215
1789662900,0.711215,0.711345,0.711215,0.711345
1789663200,0.711345,0.71147,0.71131,0.71147
1789663500,0.71147,0.711475,0.711395,0.711395
1789663800,0.711395,0.711395,0.71128,0.711355
1789664100,0.71136,0.711385,0.71113,0.711265
1789664400,0.71127,0.711405,0.71109,0.7114
1789664700,0.711405,0.71148,0.71133,0.71134
1789665000,0.71134,0.71134,0.711175,0.71128
1789665300,0.71127,0.71132,0.71123,0.711305
1789665600,0.711305,0.711335,0.711245,0.711275
1789665900,0.711275,0.71134,0.711235,0.71129
1789666200,0.711295,0.71137,0.71129,0.71131
1789666500,0.71131,0.71135,0.711265,0.71127
1789666800,0.71127,0.711325,0.71123,0.711285
1789667100,0.71128,0.711325,0.71124,0.71125
1789667400,0.71124,0.7113,0.71121,0.71121
1789667700,0.711215,0.7113,0.71119,0.7113
1789668000,0.711305,0.711305,0.71119,0.71129
1789668300,0.711295,0.711325,0.7111,0.711105
1789668600,0.711105,0.711255,0.71108,0.71122
1789668900,0.71122,0.71123,0.71108,0.71113
1789669200,0.71112,0.711165,0.711005,0.711005
1789669500,0.711005,0.711095,0.710985,0.71106
1789669800,0.711055,0.711065,0.71093,0.71096
1789670100,0.71096,0.71101,0.710945,0.71096
1789670400,0.71096,0.71108,0.710945,0.71107
1789670700,0.71107,0.71118,0.711045,0.711155
1789671000,0.711155,0.711155,0.711015,0.711065
1789671300,0.711065,0.711065,0.710895,0.710975
1789671600,0.71097,0.711125,0.71095,0.711045
1789671900,0.711045,0.711155,0.71104,0.71112
1789672200,0.71112,0.711155,0.71107,0.71111
1789672500,0.711115,0.711115,0.71101,0.711065
1789672800,0.71107,0.71111,0.71103,0.71108
1789673100,0.71108,0.71115,0.71106,0.711095
1789673400,0.7111,0.71116,0.71106,0.711065
1789673700,0.71107,0.711115,0.71106,0.71109
1789674000,0.71109,0.71112,0.71106,0.71108
1789674300,0.711075,0.711105,0.711055,0.71109
1789674600,0.711095,0.711165,0.71108,0.711155
1789674900,0.71114,0.711145,0.71102,0.711035
1789675200,0.71103,0.71109,0.71102,0.71102
1789675500,0.71102,0.711105,0.711005,0.71105
1789675800,0.711055,0.711055,0.710955,0.711
1789676100,0.711,0.71102,0.71099,0.71101
1789676400,0.71101,0.71106,0.711005,0.711015
1789676700,0.711015,0.711125,0.711015,0.71111
1789677000,0.71112,0.71116,0.71111,0.711135
1789677300,0.71113,0.71116,0.71111,0.71111
1789677600,0.711105,0.71112,0.71102,0.711045
1789677900,0.711035,0.711105,0.711,0.711105
1789678200,0.71111,0.71112,0.71097,0.71099
1789678500,0.710985,0.71103,0.710965,0.711025
1789678800,0.711025,0.71124,0.711025,0.71115
1789679100,0.711215,0.71125,0.711075,0.71114
1789679400,0.71114,0.711255,0.711115,0.71123
1789679700,0.711155,0.71131,0.71112,0.71126
1789680000,0.71126,0.711285,0.71114,0.71117
1789680300,0.71117,0.71117,0.71104,0.71108
1789680600,0.71107,0.711085,0.711025,0.711045
1789680900,0.711045,0.71106,0.710995,0.711005
1789681200,0.711005,0.71102,0.711,0.71102
1789681500,0.71102,0.711055,0.711005,0.711005
1789681800,0.711005,0.711025,0.71092,0.710945
1789682100,0.710945,0.710965,0.71089,0.71093
1789682400,0.71092,0.71114,0.710885,0.710935
1789682700,0.710935,0.710955,0.710925,0.710945
1789683000,0.710945,0.710975,0.710915,0.71095
1789683300,0.710955,0.71096,0.710915,0.71092
1789683600,0.710915,0.710925,0.71089,0.710905
1789683900,0.710905,0.710955,0.7109,0.710945
1789684200,0.71094,0.711025,0.71093,0.71102
1789684500,0.71102,0.71106,0.711,0.711045
1789684800,0.711045,0.711055,0.71101,0.71101
1789685100,0.711005,0.71101,0.71099,0.711005
1789685400,0.711005,0.711015,0.710885,0.71089
1789685700,0.71089,0.710935,0.71087,0.71091
1789686000,0.710915,0.711005,0.710905,0.71096
1789686300,0.71096,0.71104,0.710955,0.71104
1789686600,0.71104,0.71106,0.711005,0.71101
1789686900,0.71101,0.71101,0.71091,0.71091
1789687200,0.71091,0.711,0.710905,0.71099
1789687500,0.71099,0.71099,0.710935,0.710945
1789687800,0.710945,0.71098,0.71088,0.71095
1789688100,0.71095,0.711335,0.71084,0.71131
1789688400,0.71131,0.71143,0.711305,0.711365
1789688700,0.71137,0.711565,0.711365,0.711495
1789689000,0.71149,0.711645,0.711415,0.71162
1789689300,0.711625,0.711685,0.71147,0.7115
1789689600,0.711495,0.71178,0.71138,0.7116
1789689900,0.71159,0.71168,0.711505,0.71168
1789690200,0.711675,0.711675,0.711285,0.71139
1789690500,0.71139,0.71144,0.711285,0.71142
1789690800,0.711415,0.71155,0.71135,0.71152
1789691100,0.711515,0.71153,0.711315,0.71133
1789691400,0.711325,0.71152,0.71128,0.71143
1789691700,0.711425,0.7115,0.711395,0.71145
1789692000,0.71145,0.711535,0.711415,0.71148
1789692300,0.711485,0.711485,0.711245,0.711325
1789692600,0.711325,0.71145,0.71126,0.7114
1789692900,0.711395,0.711805,0.71134,0.71179
1789693200,0.71178,0.71189,0.711615,0.71163
1789693500,0.711635,0.71175,0.7115,0.711505
1789693800,0.71151,0.711535,0.71133,0.71133
1789694100,0.711335,0.71155,0.71114,0.711165
1789694400,0.71117,0.711515,0.711165,0.71149
1789694700,0.711495,0.71153,0.711385,0.71149
1789695000,0.711485,0.711485,0.711145,0.71133
1789695300,0.711325,0.711545,0.7113,0.71133
1789695600,0.71133,0.711575,0.711305,0.71143
1789695900,0.71143,0.71164,0.711335,0.711585
1789696200,0.711585,0.7117,0.71153,0.71166
1789696500,0.711655,0.71186,0.71158,0.711835
1789696800,0.71184,0.711875,0.71171,0.711805
1789697100,0.711805,0.711895,0.71178,0.711795
1789697400,0.71179,0.711835,0.71174,0.7118
1789697700,0.7118,0.7119,0.71178,0.71183
1789698000,0.711825,0.71199,0.71181,0.71188
1789698300,0.71188,0.71189,0.71177,0.71182
1789698600,0.711825,0.71187,0.71172,0.711735
1789698900,0.71174,0.7118,0.71167,0.71177
1789699200,0.71177,0.71184,0.71168,0.71168
1789699500,0.71168,0.71195,0.71168,0.711885
1789699800,0.71188,0.71193,0.711755,0.7118
1789700100,0.711805,0.71199,0.71174,0.71199
1789700400,0.711995,0.71237,0.71192,0.71232
1789700700,0.712315,0.712535,0.7123,0.712395
1789701000,0.712395,0.71277,0.71237,0.712675
1789701300,0.71266,0.712835,0.71261,0.7127
1789701600,0.712695,0.71285,0.71257,0.712615
1789701900,0.71262,0.71281,0.71258,0.71276
1789702200,0.71275,0.713125,0.71271,0.713095
1789702500,0.713095,0.713205,0.71296,0.71317
1789702800,0.713165,0.71324,0.71304,0.713215
1789703100,0.71322,0.71339,0.71322,0.713305
1789703400,0.7133,0.71351,0.71329,0.71339
1789703700,0.71338,0.71343,0.71323,0.71343
1789704000,0.713425,0.713605,0.71342,0.71348
1789704300,0.713485,0.713635,0.71348,0.71352
1789704600,0.713525,0.71355,0.71341,0.713415
1789704900,0.713415,0.713435,0.71318,0.71323
1789705200,0.713235,0.71329,0.713145,0.71322
1789705500,0.71322,0.71328,0.71312,0.713165
1789705800,0.71317,0.713245,0.71303,0.713045
1789706100,0.71304,0.71305,0.71288,0.712945
1789706400,0.712945,0.713105,0.712925,0.71303
1789706700,0.713035,0.713045,0.71292,0.71292
1789707000,0.71292,0.71303,0.71291,0.71296
1789707300,0.71296,0.71297,0.71287,0.712895
1789707600,0.7129,0.712925,0.712765,0.71282
1789707900,0.71282,0.71294,0.71279,0.712875
1789708200,0.712875,0.71289,0.71278,0.71278
1789708500,0.712785,0.712825,0.71273,0.71277
1789708800,0.71277,0.71277,0.71242,0.712525
1789709100,0.71252,0.71261,0.712455,0.71246
1789709400,0.712465,0.71247,0.71232,0.71232
1789709700,0.71232,0.71244,0.712175,0.71241
1789710000,0.712415,0.712445,0.71226,0.712405
1789710300,0.7124,0.71244,0.712215,0.712225
1789710600,0.712225,0.71233,0.712155,0.71233
1789710900,0.712335,0.71242,0.712315,0.71233
1789711200,0.712335,0.71261,0.71233,0.71244
1789711500,0.71244,0.712645,0.712325,0.71264
1789711800,0.71264,0.7127,0.71247,0.71249
1789712100,0.712495,0.7125,0.71229,0.71234
1789712400,0.712345,0.712445,0.71226,0.7124
1789712700,0.712405,0.712525,0.712325,0.712355
1789713000,0.71235,0.71245,0.712225,0.712425
1789713300,0.712425,0.71264,0.7124,0.712605
1789713600,0.7126,0.71284,0.71246,0.712695
1789713900,0.71269,0.712865,0.71264,0.712865
1789714200,0.71287,0.71289,0.7126,0.71261
1789714500,0.712615,0.712835,0.71247,0.71282
1789714800,0.712825,0.712855,0.712605,0.7127
1789715100,0.71271,0.71271,0.712465,0.71251
1789715400,0.71251,0.712635,0.712375,0.71244
1789715700,0.712445,0.7126,0.71231,0.71251
1789716000,0.712515,0.712565,0.71235,0.71237
1789716300,0.712375,0.712515,0.71232,0.71247
1789716600,0.71247,0.71254,0.712275,0.712385
1789716900,0.71239,0.71244,0.71222,0.71235
1789717200,0.712355,0.712355,0.71221,0.712345
1789717500,0.71235,0.712525,0.712255,0.712465
1789717800,0.71247,0.71259,0.712435,0.71254
1789718100,0.712545,0.71262,0.71239,0.71239
1789718400,0.7124,0.71266,0.71239,0.71263
1789718700,0.71264,0.71277,0.71264,0.71272
1789719000,0.712725,0.712915,0.71268,0.71269
1789719300,0.71268,0.712895,0.712665,0.712875
1789719600,0.71288,0.712905,0.712695,0.71273
1789719900,0.712735,0.712795,0.712645,0.712685
1789720200,0.712685,0.7129,0.7126,0.7126
1789720500,0.71261,0.71261,0.71242,0.712425
1789720800,0.712425,0.71244,0.71227,0.71244
1789721100,0.712435,0.712575,0.71243,0.71252
1789721400,0.712525,0.71276,0.71247,0.71275
1789721700,0.712745,0.71282,0.71262,0.71264
1789722000,0.712635,0.71265,0.712455,0.712615
1789722300,0.712615,0.712655,0.712515,0.71252
1789722600,0.712515,0.712625,0.71241,0.712415
1789722900,0.71241,0.71245,0.71239,0.712445
1789723200,0.712445,0.7125,0.71241,0.712485
1789723500,0.712485,0.712495,0.712405,0.71247
1789723800,0.712475,0.71262,0.712395,0.71259
1789724100,0.712585,0.71264,0.71252,0.712525
1789724400,0.712525,0.71271,0.7125,0.712595
1789724700,0.71259,0.71263,0.71254,0.712595
1789725000,0.71259,0.71269,0.712535,0.712685
1789725300,0.71269,0.712695,0.712505,0.712505
1789725600,0.712495,0.71254,0.712475,0.71249
1789725900,0.712495,0.71263,0.71239,0.712505
1789726200,0.7125,0.712535,0.71249,0.712525
1789726500,0.712525,0.71264,0.71252,0.712615
1789726800,0.71261,0.71262,0.712505,0.712555
1789727100,0.71256,0.712655,0.712545,0.712645
1789727400,0.71264,0.71265,0.71252,0.712525
1789727700,0.71252,0.712535,0.71242,0.712475
1789728000,0.712475,0.712475,0.71227,0.712275
1789728300,0.71227,0.712345,0.7122,0.712335
1789728600,0.71234,0.71258,0.71234,0.712535
1789728900,0.712545,0.712665,0.71246,0.71266
1789729200,0.712665,0.712925,0.712625,0.712885
1789729500,0.71289,0.71292,0.712435,0.71272
1789729800,0.712715,0.71292,0.7127,0.712705
1789730100,0.712715,0.712745,0.712485,0.71251
1789730400,0.712505,0.712595,0.712465,0.712515
1789730700,0.71252,0.712695,0.71249,0.712625
1789731000,0.712625,0.71267,0.712415,0.71243
1789731300,0.712435,0.712465,0.7122,0.7122
1789731600,0.712205,0.712295,0.71216,0.71221
1789731900,0.712205,0.71237,0.712175,0.71231
1789732200,0.7123,0.7123,0.712155,0.712175
1789732500,0.71218,0.7123,0.71206,0.71227
1789732800,0.712275,0.71238,0.712055,0.712285
1789733100,0.71229,0.712345,0.711985,0.712015
1789733400,0.712005,0.712005,0.711575,0.711615
1789733700,0.71162,0.711775,0.71148,0.711585
1789734000,0.71158,0.711685,0.711355,0.71136
1789734300,0.711365,0.711495,0.7113,0.711405
1789734600,0.7114,0.71162,0.711385,0.71161
1789734900,0.711615,0.71172,0.7116,0.71163
1789735200,0.71163,0.71164,0.71149,0.71154
1789735500,0.71154,0.7116,0.71142,0.71143
1789735800,0.711435,0.71155,0.71134,0.711445
1789736100,0.711455,0.711635,0.711445,0.71161
1789736400,0.711605,0.711635,0.71138,0.711635
1789736700,0.711635,0.71175,0.71151,0.711695
1789737000,0.711695,0.711695,0.71147,0.711535
1789737300,0.71153,0.711575,0.71145,0.71151
1789737600,0.711515,0.711545,0.71137,0.711375
1789737900,0.71137,0.71162,0.711305,0.71162
1789738200,0.711615,0.711625,0.711355,0.711365
1789738500,0.71136,0.71137,0.710995,0.711155
1789738800,0.711165,0.711425,0.71106,0.711375
1789739100,0.71138,0.71146,0.711205,0.71125
1789739400,0.711245,0.71132,0.7111,0.71115
1789739700,0.711145,0.711195,0.710965,0.711005
1789740000,0.710995,0.711165,0.710965,0.71116
1789740300,0.71116,0.71134,0.711,0.711315
1789740600,0.711305,0.711495,0.71119,0.71127
1789740900,0.71127,0.711345,0.711045,0.71109
1789741200,0.71109,0.711285,0.71103,0.711215
1789741500,0.71122,0.711225,0.711065,0.711125
1789741800,0.71113,0.711165,0.710985,0.711055
1789742100,0.711055,0.711265,0.711035,0.711155
1789742400,0.711165,0.7112,0.711025,0.71103
1789742700,0.711025,0.711215,0.71098,0.711025
1789743000,0.711035,0.711485,0.711035,0.71126
1789743300,0.71125,0.71134,0.71083,0.71083
1789743600,0.710825,0.71089,0.710665,0.710695
1789743900,0.7107,0.71081,0.710645,0.710655
1789744200,0.71066,0.710805,0.710375,0.71075
1789744500,0.710755,0.710945,0.710665,0.710935
1789744800,0.710915,0.71095,0.710735,0.710855
1789745100,0.71085,0.71096,0.71079,0.710855
1789745400,0.710845,0.71096,0.710815,0.710915
1789745700,0.71092,0.7111,0.710795,0.710805
1789746000,0.71081,0.71091,0.71069,0.71085
1789746300,0.710855,0.71093,0.710765,0.71088
1789746600,0.710875,0.71089,0.71079,0.71082
1789746900,0.71083,0.71105,0.71081,0.711045
1789747200,0.71105,0.711095,0.710945,0.710985
1789747500,0.71099,0.711195,0.710975,0.711125
1789747800,0.711125,0.71122,0.711095,0.71122
1789748100,0.711215,0.71145,0.71115,0.71143
1789748400,0.71143,0.71149,0.71133,0.711365
1789748700,0.71137,0.711615,0.71135,0.711615
1789749000,0.71161,0.71201,0.71153,0.711875
1789749300,0.711875,0.71195,0.7118,0.71192
1789749600,0.71192,0.71202,0.711865,0.71199
1789749900,0.71199,0.71216,0.711905,0.71213
1789750200,0.712125,0.71227,0.712095,0.71227
1789750500,0.712275,0.712345,0.71218,0.71218
1789750800,0.712185,0.71242,0.712185,0.712345
1789751100,0.712345,0.7125,0.712345,0.71242
1789751400,0.712425,0.71262,0.71242,0.71258
1789751700,0.71258,0.712585,0.712445,0.71249
1789752000,0.712495,0.712565,0.71246,0.7125
1789752300,0.712495,0.7125,0.71239,0.71242
1789752600,0.71242,0.71243,0.71225,0.71237
1789752900,0.712375,0.712525,0.71237,0.71242
1789753200,0.71242,0.71244,0.712365,0.71243
1789753500,0.71242,0.71247,0.712365,0.7124
1789753800,0.7124,0.71249,0.7124,0.71245
1789754100,0.71245,0.71249,0.71237,0.71243
1789754400,0.71243,0.712555,0.712395,0.712515
1789754700,0.71252,0.71264,0.712505,0.71252
1789755000,0.712525,0.712585,0.712455,0.712555
1789755300,0.71255,0.712605,0.71247,0.71251
1789755600,0.71251,0.71262,0.712505,0.71257
1789755900,0.712575,0.71259,0.71251,0.71258
1789756200,0.712585,0.712615,0.71249,0.71261
1789756500,0.71261,0.712625,0.712565,0.712565
1789756800,0.71257,0.712575,0.71245,0.712505
1789757100,0.71251,0.71272,0.7125,0.71272
1789757400,0.712715,0.71275,0.712645,0.71265
1789757700,0.712645,0.712675,0.712585,0.7126
1789758000,0.712605,0.712625,0.71254,0.7126
1789758300,0.7126,0.71267,0.71259,0.71261
1789758600,0.712615,0.71271,0.712595,0.71268
1789758900,0.712685,0.71272,0.712595,0.7126
1789759200,0.7126,0.712755,0.712595,0.71267
1789759500,0.712675,0.71269,0.712545,0.7126
1789759800,0.712595,0.712615,0.712545,0.71255
1789760100,0.712555,0.71256,0.7125,0.71255
1789760400,0.712545,0.712565,0.71251,0.71255
1789760700,0.712545,0.712605,0.712495,0.712535
1789761000,0.712525,0.712645,0.712515,0.71254
1789761300,0.71255,0.71267,0.712505,0.712625
1789761600,0.71263,0.712695,0.712605,0.71265
1789761900,0.712645,0.71272,0.71261,0.71268
1789762200,0.712685,0.71281,0.712655,0.712705
1789762500,0.7127,0.712765,0.712655,0.71266
1789762800,0.712665,0.71268,0.71265,0.71266
1789763100,0.71266,0.71268,0.7126,0.71262
1789763400,0.71262,0.71265,0.712545,0.7126
1789763700,0.7126,0.71264,0.71256,0.71263
1789764000,0.71263,0.712665,0.712595,0.71262
1789764300,0.712625,0.712655,0.712555,0.712555
1789764600,0.71255,0.71256,0.712465,0.71248
1789764900,0.71248,0.71269,0.712365,0.712365
1789938000,0.712365,0.712365,0.71126,0.71126
1789938300,0.71125,0.71158,0.71125,0.71149
1789938600,0.71153,0.71154,0.71143,0.71143
1789938900,0.71143,0.71143,0.71143,0.71143
1789939200,0.71143,0.711455,0.71143,0.711455
1789939500,0.711455,0.71203,0.711455,0.71203
1789939800,0.71203,0.712275,0.71178,0.712255
1789940100,0.71225,0.712325,0.71218,0.71232
1789940400,0.71232,0.712345,0.712195,0.712195
1789940700,0.712195,0.71235,0.712195,0.71233
1789941000,0.71233,0.71233,0.712255,0.71232
1789941300,0.712265,0.71233,0.712185,0.71233
1789941600,0.712335,0.71237,0.71218,0.71228
1789941900,0.712275,0.712355,0.712275,0.712335
1789942200,0.712335,0.71245,0.71233,0.71245
1789942500,0.712445,0.712535,0.712405,0.712445
1789942800,0.712445,0.71245,0.71243,0.71244
1789943100,0.71244,0.71248,0.71243,0.71247
1789943400,0.712465,0.7125,0.7124,0.7124
1789943700,0.7124,0.71243,0.71237,0.71239
1789944000,0.712395,0.71241,0.712375,0.712395
1789944300,0.712395,0.7124,0.71236,0.712375
1789944600,0.712375,0.71241,0.712335,0.712355
1789944900,0.712355,0.712405,0.71233,0.712335
1789945200,0.71234,0.71234,0.712205,0.712205
1789945500,0.71221,0.71224,0.71218,0.712195
1789945800,0.71219,0.712255,0.71219,0.71225
1789946100,0.71225,0.712255,0.71219,0.71224
1789946400,0.71224,0.71225,0.71219,0.712205
1789946700,0.7122,0.71231,0.712185,0.71225
1789947000,0.71225,0.71225,0.71214,0.71215
1789947300,0.71215,0.71219,0.71214,0.71217
1789947600,0.71217,0.712195,0.71214,0.712175
1789947900,0.712175,0.712325,0.712175,0.712295
1789948200,0.712295,0.712295,0.71215,0.71218
1789948500,0.71218,0.71223,0.712105,0.712155
1789948800,0.71216,0.712225,0.712065,0.71221
1789949100,0.712215,0.712365,0.71221,0.71235
1789949400,0.71235,0.71247,0.71231,0.71246
1789949700,0.71246,0.712515,0.71242,0.712445
1789950000,0.712445,0.71269,0.71237,0.71269
1789950300,0.71269,0.712765,0.71262,0.712755
1789950600,0.712755,0.7129,0.712695,0.712835
1789950900,0.71284,0.71291,0.712795,0.712865
1789951200,0.71286,0.71296,0.7128,0.712935
1789951500,0.71294,0.71296,0.71275,0.712765
1789951800,0.712765,0.712915,0.712725,0.712855
1789952100,0.712855,0.71289,0.712615,0.712615
1789952400,0.71261,0.71274,0.71255,0.71255
1789952700,0.71255,0.712705,0.71249,0.712695
1789953000,0.71269,0.712695,0.712475,0.71251
1789953300,0.712515,0.71266,0.712485,0.712495
1789953600,0.71249,0.712555,0.712405,0.712535
1789953900,0.71253,0.712545,0.7124,0.71245
1789954200,0.712445,0.712545,0.71239,0.712535
1789954500,0.71254,0.71254,0.712435,0.712505
1789954800,0.712505,0.712635,0.71249,0.712595
1789955100,0.71259,0.7126,0.71234,0.71235
1789955400,0.71235,0.712515,0.71235,0.71248
1789955700,0.712475,0.712505,0.712365,0.71241
1789956000,0.712415,0.71247,0.712395,0.71245
1789956300,0.71245,0.71246,0.712185,0.71233
1789956600,0.71233,0.712365,0.712255,0.712285
1789956900,0.712285,0.712335,0.71224,0.71226
1789957200,0.71227,0.712345,0.71227,0.71232
1789957500,0.71232,0.712425,0.712315,0.712355
1789957800,0.712355,0.712405,0.71232,0.712345
1789958100,0.71234,0.71235,0.71224,0.712295
1789958400,0.7123,0.712345,0.71226,0.71231
1789958700,0.71231,0.71237,0.71219,0.712205
1789959000,0.712205,0.71221,0.712085,0.7121
1789959300,0.712095,0.712215,0.712095,0.712195
1789959600,0.7122,0.71222,0.712145,0.71221
1789959900,0.712205,0.712205,0.71211,0.71212
1789960200,0.712125,0.712345,0.712125,0.712335
1789960500,0.712335,0.712605,0.712315,0.71253
1789960800,0.71253,0.712545,0.71245,0.712515
1789961100,0.71251,0.712565,0.712475,0.712485
1789961400,0.712485,0.71262,0.712435,0.71261
1789961700,0.71261,0.71266,0.712535,0.712545
1789962000,0.71254,0.71254,0.712465,0.712515
1789962300,0.71252,0.71265,0.71252,0.71261
1789962600,0.712595,0.712695,0.71256,0.71258
1789962900,0.71258,0.71265,0.71254,0.71265
1789963200,0.71265,0.712765,0.712645,0.71274
1789963500,0.71274,0.712845,0.71271,0.712815
1789963800,0.712825,0.712995,0.712785,0.71299
1789964100,0.71299,0.71308,0.71299,0.713
1789964400,0.71301,0.71304,0.712915,0.71301
1789964700,0.71301,0.71302,0.71279,0.71282
1789965000,0.712815,0.712815,0.71265,0.71271
1789965300,0.71271,0.712805,0.712705,0.7128
1789965600,0.7128,0.712845,0.7127,0.7127
1789965900,0.7127,0.71276,0.71268,0.712695
1789966200,0.712695,0.71275,0.712645,0.71275
1789966500,0.71275,0.712845,0.71269,0.71274
1789966800,0.712745,0.712765,0.712685,0.712695
1789967100,0.712695,0.712715,0.712605,0.71264
1789967400,0.712635,0.712685,0.71256,0.712575
1789967700,0.71257,0.712585,0.71248,0.71249
1789968000,0.712485,0.71249,0.712385,0.7124
1789968300,0.712395,0.7124,0.712345,0.712355
1789968600,0.71235,0.71244,0.712315,0.712335
1789968900,0.712335,0.712335,0.71216,0.712255
1789969200,0.71225,0.712315,0.712185,0.71222
1789969500,0.712225,0.712285,0.71217,0.71227
1789969800,0.712265,0.712305,0.7122,0.712245
1789970100,0.712255,0.712315,0.7122,0.71227
1789970400,0.71228,0.71241,0.71217,0.7122
1789970700,0.7122,0.71226,0.712115,0.712215
1789971000,0.71222,0.712265,0.712155,0.71223
1789971300,0.712235,0.71234,0.712195,0.71233
1789971600,0.712335,0.712415,0.712275,0.712415
1789971900,0.71241,0.712585,0.712385,0.71252
1789972200,0.712515,0.71254,0.712405,0.712505
1789972500,0.7125,0.712545,0.712405,0.71251
1789972800,0.712505,0.71266,0.71249,0.71261
1789973100,0.71261,0.712745,0.712595,0.71271
1789973400,0.71272,0.71296,0.712715,0.71291
1789973700,0.7129,0.712975,0.71281,0.71284
1789974000,0.712845,0.71287,0.71255,0.712635
1789974300,0.712625,0.71272,0.712555,0.712585
1789974600,0.71258,0.71258,0.712285,0.7125
1789974900,0.712495,0.712585,0.712445,0.71255
1789975200,0.712545,0.712665,0.712485,0.71263
1789975500,0.712635,0.712795,0.71263,0.71275
1789975800,0.712745,0.712775,0.71265,0.712715
1789976100,0.71272,0.71272,0.71255,0.712625
1789976400,0.712625,0.712645,0.712495,0.71258
1789976700,0.71258,0.712755,0.71258,0.712685
1789977000,0.712695,0.71286,0.712685,0.71282
1789977300,0.712825,0.712895,0.71264,0.71264
1789977600,0.712645,0.71299,0.712645,0.712965
1789977900,0.712965,0.712975,0.712805,0.71297
1789978200,0.712965,0.71324,0.712965,0.713165
1789978500,0.71316,0.71324,0.71309,0.71313
1789978800,0.713135,0.713265,0.713125,0.713245
1789979100,0.71325,0.71327,0.71317,0.71324
1789979400,0.713235,0.71334,0.71315,0.71328
1789979700,0.713275,0.71331,0.71304,0.713125
1789980000,0.713125,0.713195,0.71305,0.713195
1789980300,0.713195,0.71326,0.71315,0.713195
1789980600,0.713195,0.713195,0.712905,0.71291
1789980900,0.71291,0.713075,0.712895,0.712995
1789981200,0.713,0.713045,0.71289,0.712945
1789981500,0.712945,0.713175,0.71293,0.71311
1789981800,0.713105,0.71317,0.713045,0.71315
1789982100,0.71315,0.713175,0.7129,0.71291
1789982400,0.71292,0.71298,0.712855,0.712935
1789982700,0.712935,0.712935,0.712845,0.712855
1789983000,0.712865,0.712885,0.712725,0.712745
1789983300,0.712745,0.71289,0.71274,0.712845
1789983600,0.71285,0.712855,0.712745,0.712795
1789983900,0.7128,0.712845,0.71265,0.71265
1789984200,0.712655,0.712805,0.712655,0.712785
1789984500,0.712795,0.712805,0.71271,0.712785
1789984800,0.71278,0.712905,0.712725,0.712845
1789985100,0.712845,0.712855,0.71277,0.712825
1789985400,0.71282,0.712905,0.712815,0.712875
1789985700,0.712885,0.71299,0.712875,0.71295
1789986000,0.712945,0.712945,0.712815,0.712875
1789986300,0.71287,0.71299,0.71286,0.7129
1789986600,0.712905,0.71293,0.712835,0.712925
1789986900,0.71293,0.71305,0.712915,0.71302
1789987200,0.713015,0.713085,0.71294,0.713065
1789987500,0.713065,0.71309,0.71291,0.71292
1789987800,0.71292,0.71295,0.71288,0.71294
1789988100,0.712945,0.713075,0.71291,0.71298
1789988400,0.712975,0.713045,0.712955,0.713045
1789988700,0.713045,0.713105,0.71295,0.71309
1789989000,0.71309,0.713135,0.71297,0.71306
1789989300,0.713065,0.713235,0.71305,0.71322
1789989600,0.713225,0.713375,0.713205,0.71333
1789989900,0.713325,0.713555,0.713325,0.713515
1789990200,0.71352,0.713565,0.71344,0.71356
1789990500,0.71356,0.713675,0.713535,0.71356
1789990800,0.71356,0.713845,0.71352,0.71378
1789991100,0.713775,0.7139,0.71367,0.713895
1789991400,0.713895,0.71394,0.71377,0.71386
1789991700,0.713855,0.713865,0.71369,0.713745
1789992000,0.71375,0.713885,0.71361,0.71388
1789992300,0.71388,0.714035,0.71371,0.713735
1789992600,0.713735,0.713815,0.713635,0.713695
1789992900,0.713695,0.71395,0.71369,0.71393
1789993200,0.713935,0.713935,0.713785,0.7138
1789993500,0.7138,0.713815,0.713615,0.713715
1789993800,0.713715,0.713755,0.71359,0.713625
1789994100,0.71363,0.713675,0.713565,0.713605
1789994400,0.713605,0.71382,0.71357,0.713785
1789994700,0.71378,0.71379,0.713435,0.713445
1789995000,0.713445,0.713525,0.713405,0.713425
1789995300,0.71343,0.7136,0.71338,0.713555
1789995600,0.71355,0.71359,0.713455,0.713485
1789995900,0.713485,0.713505,0.713365,0.713445
1789996200,0.713445,0.713475,0.71339,0.713445
1789996500,0.713445,0.713535,0.713405,0.71341
1789996800,0.713405,0.71345,0.71332,0.713405
1789997100,0.71341,0.713565,0.713325,0.713415
1789997400,0.713425,0.713425,0.7131,0.713165
1789997700,0.71317,0.7132,0.71304,0.71312
1789998000,0.713115,0.713265,0.71302,0.713105
1789998300,0.713105,0.71317,0.71299,0.71302
1789998600,0.713025,0.713165,0.712945,0.71296
1789998900,0.712965,0.71297,0.712795,0.712855
1789999200,0.712855,0.71289,0.712405,0.712435
1789999500,0.712425,0.712455,0.712225,0.71243
1789999800,0.712425,0.712475,0.712245,0.71245
1790000100,0.712445,0.71257,0.712315,0.712355
1790000400,0.712355,0.71249,0.71227,0.71229
1790000700,0.712295,0.71263,0.71228,0.712585
1790001000,0.712595,0.712725,0.712485,0.71255
1790001300,0.71255,0.71274,0.712545,0.712675
1790001600,0.71267,0.712845,0.71253,0.712565
1790001900,0.71257,0.71276,0.71241,0.71243
1790002200,0.712425,0.71258,0.71234,0.712555
1790002500,0.71256,0.712605,0.712485,0.71256
1790002800,0.712565,0.712665,0.712535,0.7126
1790003100,0.712595,0.712695,0.71248,0.71256
1790003400,0.71256,0.71256,0.712295,0.712315
1790003700,0.712325,0.712425,0.712285,0.712345
1790004000,0.712345,0.712375,0.712235,0.712325
1790004300,0.712325,0.71242,0.712215,0.712215
1790004600,0.712225,0.712265,0.712105,0.71224
1790004900,0.712245,0.712295,0.712165,0.71217
1790005200,0.712165,0.7122,0.712085,0.71217
1790005500,0.71218,0.712295,0.71218,0.71224
1790005800,0.71224,0.712455,0.712115,0.71217
1790006100,0.712175,0.71228,0.712105,0.71221
1790006400,0.712215,0.712365,0.71217,0.71235
1790006700,0.71235,0.71257,0.712315,0.712525
1790007000,0.71253,0.712585,0.71241,0.71251
1790007300,0.712515,0.712705,0.712515,0.7127
1790007600,0.712695,0.712735,0.712565,0.712565
1790007900,0.712565,0.7126,0.712475,0.71251
1790008200,0.71251,0.71262,0.71249,0.71261
1790008500,0.71261,0.71262,0.71245,0.71245
1790008800,0.712455,0.712455,0.712355,0.71236
1790009100,0.71236,0.71246,0.71235,0.71244
1790009400,0.712445,0.71245,0.71226,0.71231
1790009700,0.712315,0.7124,0.71231,0.71236
1790010000,0.712365,0.71244,0.71232,0.712365
1790010300,0.71236,0.712445,0.712355,0.71242
1790010600,0.712425,0.71245,0.71235,0.71235
1790010900,0.71235,0.71238,0.712305,0.71232
1790011200,0.712315,0.712415,0.712305,0.712315
1790011500,0.71232,0.71242,0.71232,0.71241
1790011800,0.71241,0.712425,0.71225,0.71225
1790012100,0.71225,0.712325,0.712195,0.71221
1790012400,0.71221,0.712325,0.712195,0.712295
1790012700,0.71228,0.712345,0.71226,0.712305
1790013000,0.712305,0.712375,0.712265,0.71231
1790013300,0.712305,0.71231,0.712255,0.71226
1790013600,0.712265,0.71234,0.71225,0.712275
1790013900,0.712275,0.71233,0.71226,0.71231
1790014200,0.71231,0.712345,0.712275,0.71231
1790014500,0.71231,0.71237,0.712295,0.71233
1790014800,0.71233,0.712375,0.71229,0.71232
1790015100,0.71232,0.71233,0.71222,0.712265
1790015400,0.712265,0.712265,0.71211,0.71212
1790015700,0.71212,0.712125,0.711945,0.71197
1790016000,0.71197,0.71204,0.71194,0.712035
1790016300,0.712035,0.71208,0.711975,0.71207
1790016600,0.712075,0.712185,0.712055,0.71216
1790016900,0.712165,0.71223,0.712145,0.71222
1790017200,0.712225,0.712235,0.712165,0.712225
1790017500,0.71222,0.712295,0.71221,0.712285
1790017800,0.712285,0.712355,0.712275,0.712335
1790018100,0.71233,0.71237,0.712305,0.712305
1790018400,0.712305,0.71234,0.712255,0.712255
1790018700,0.712255,0.712325,0.712215,0.712245
1790019000,0.71224,0.712285,0.7122,0.7122
1790019300,0.7122,0.71231,0.71216,0.712305
1790019600,0.712305,0.71231,0.712195,0.712195
1790019900,0.7122,0.7122,0.71214,0.712155
1790020200,0.71215,0.71215,0.712045,0.712075
1790020500,0.71207,0.712115,0.711895,0.711915
1790020800,0.71191,0.711945,0.711755,0.711765
1790021100,0.71176,0.71183,0.711745,0.7118
1790021400,0.7118,0.71183,0.711795,0.7118
1790021700,0.7118,0.71182,0.711775,0.71181
1790022000,0.71181,0.711835,0.71179,0.711815
1790022300,0.71181,0.71191,0.7118,0.71191
1790022600,0.71191,0.711975,0.7119,0.71196
1790022900,0.71196,0.712005,0.711925,0.71195
1790023200,0.711955,0.71197,0.711945,0.71195
1790023500,0.711945,0.711985,0.711935,0.71196
1790023800,0.711955,0.711975,0.71191,0.71192
1790024100,0.711915,0.71197,0.71182,0.71182
1790024400,0.71182,0.71182,0.71182,0.71182
1790024700,0.711855,0.71207,0.71182,0.71207
1790025000,0.712075,0.71214,0.712055,0.71214
1790025300,0.71214,0.71214,0.71202,0.71202
1790025600,0.71202,0.712115,0.71197,0.71206
1790025900,0.71206,0.71208,0.71206,0.71208
1790026200,0.712075,0.712075,0.71196,0.711985
1790026500,0.711985,0.712045,0.711925,0.712005
1790026800,0.712015,0.712075,0.712005,0.712055
1790027100,0.712055,0.71212,0.712055,0.71211
1790027400,0.712115,0.71213,0.712095,0.71211
1790027700,0.71211,0.71214,0.71208,0.71211
1790028000,0.712095,0.712115,0.711905,0.711915
1790028300,0.71191,0.712035,0.7119,0.71203
1790028600,0.712015,0.712105,0.712,0.712045
1790028900,0.71204,0.712095,0.712035,0.712085
1790029200,0.712085,0.712115,0.712075,0.71209
1790029500,0.71209,0.71214,0.71209,0.712135
1790029800,0.712125,0.712135,0.71199,0.711995
1790030100,0.712,0.712015,0.711955,0.71201
1790030400,0.71201,0.71201,0.71194,0.71195
1790030700,0.71195,0.712005,0.711945,0.711995
1790031000,0.711995,0.71206,0.711995,0.712045
1790031300,0.712045,0.71206,0.71199,0.712025
1790031600,0.71203,0.71209,0.712015,0.712085
1790031900,0.712085,0.7121,0.712045,0.712055
1790032200,0.71205,0.71205,0.71191,0.711925
1790032500,0.71192,0.71197,0.711915,0.711955
1790032800,0.711955,0.71197,0.71189,0.711895
1790033100,0.711895,0.71196,0.711895,0.71196
1790033400,0.711955,0.71196,0.71185,0.71191
1790033700,0.71191,0.711955,0.71187,0.711905
1790034000,0.711905,0.71199,0.7119,0.71199
1790034300,0.71199,0.711995,0.711935,0.71195
1790034600,0.711945,0.711965,0.711855,0.71193
1790034900,0.71193,0.71193,0.71181,0.71181
1790035200,0.711805,0.712115,0.711795,0.712095
1790035500,0.712095,0.7122,0.712055,0.71218
1790035800,0.712175,0.7122,0.712095,0.712105
1790036100,0.7121,0.7122,0.712,0.712195
1790036400,0.71221,0.712365,0.71221,0.712305
1790036700,0.712305,0.712315,0.71213,0.712195
1790037000,0.71219,0.712355,0.712065,0.712355
1790037300,0.712355,0.712435,0.712295,0.71241
1790037600,0.712415,0.712495,0.71239,0.7124
1790037900,0.71241,0.71245,0.71231,0.71231
1790038200,0.712305,0.71232,0.71215,0.712295
1790038500,0.712285,0.71232,0.712055,0.712095
1790038800,0.71209,0.712105,0.711885,0.7119
1790039100,0.7119,0.71192,0.71176,0.71176
1790039400,0.711755,0.711755,0.711385,0.711385
1790039700,0.71138,0.71143,0.711085,0.71123
1790040000,0.71122,0.71124,0.7109,0.71106
1790040300,0.711065,0.71157,0.710935,0.711465
1790040600,0.711455,0.711475,0.71078,0.7108
1790040900,0.710785,0.71088,0.71069,0.71073
1790041200,0.710735,0.710865,0.71019,0.71019
1790041500,0.71019,0.7102,0.70984,0.71005
1790041800,0.71005,0.710345,0.70999,0.710345
1790042100,0.71035,0.710525,0.710285,0.710445
1790042400,0.710445,0.710745,0.710445,0.71074
1790042700,0.71074,0.71097,0.71073,0.710925
1790043000,0.710925,0.711115,0.71088,0.71109
1790043300,0.711095,0.71124,0.711,0.71122
1790043600,0.711225,0.711595,0.711215,0.711565
1790043900,0.711565,0.71198,0.711565,0.71192
1790044200,0.71191,0.71191,0.71147,0.71156
1790044500,0.711555,0.71164,0.71147,0.71155
1790044800,0.711545,0.71178,0.71154,0.71178
1790045100,0.71178,0.711795,0.71168,0.711685
1790045400,0.71168,0.71196,0.71168,0.71189
1790045700,0.711885,0.71189,0.71162,0.711785
1790046000,0.71179,0.711995,0.711695,0.71174
1790046300,0.711735,0.71177,0.71151,0.711515
1790046600,0.711525,0.711895,0.711525,0.71189
1790046900,0.711895,0.71195,0.71177,0.71179
1790047200,0.711795,0.71224,0.711795,0.712135
1790047500,0.712135,0.71258,0.712095,0.71251
1790047800,0.71251,0.712605,0.712415,0.712515
1790048100,0.71251,0.71259,0.712285,0.71235
1790048400,0.71236,0.71245,0.712275,0.7123
1790048700,0.7123,0.71236,0.712155,0.712335
1790049000,0.71233,0.71243,0.71219,0.712225
1790049300,0.71223,0.712355,0.712215,0.71224
1790049600,0.712235,0.712295,0.71218,0.71224
1790049900,0.712245,0.71232,0.712185,0.71223
1790050200,0.712235,0.712495,0.71219,0.71219
1790050500,0.71219,0.712365,0.712135,0.71229
1790050800,0.712285,0.712315,0.712125,0.71216
1790051100,0.712155,0.71216,0.712015,0.71207
1790051400,0.71207,0.71215,0.711975,0.712055
1790051700,0.71205,0.712175,0.71204,0.71213
1790052000,0.712135,0.712155,0.71207,0.71212
1790052300,0.712115,0.71214,0.712045,0.7121
1790052600,0.712105,0.71215,0.712035,0.712085
1790052900,0.712085,0.71215,0.71204,0.7121
1790053200,0.7121,0.712195,0.71206,0.7121
1790053500,0.712105,0.712285,0.712075,0.71226
1790053800,0.712265,0.712275,0.712115,0.71215
1790054100,0.71215,0.712165,0.71205,0.712055
1790054400,0.71205,0.712295,0.712045,0.712075
1790054700,0.71208,0.71239,0.71208,0.712345
1790055000,0.71234,0.71234,0.71205,0.712265
1790055300,0.71226,0.71226,0.712105,0.712155
1790055600,0.71216,0.712275,0.712115,0.712175
1790055900,0.71217,0.71238,0.71217,0.712325
1790056200,0.71233,0.71242,0.712195,0.712205
1790056500,0.71221,0.71235,0.712185,0.712235
1790056800,0.71224,0.712255,0.711865,0.711865
1790057100,0.71187,0.71188,0.711545,0.711775
1790057400,0.71178,0.711855,0.71164,0.711745
1790057700,0.711745,0.71177,0.711635,0.711665
1790058000,0.71166,0.712015,0.71155,0.711985
1790058300,0.71198,0.71202,0.71171,0.711745
1790058600,0.711735,0.71184,0.711665,0.71177
1790058900,0.71177,0.711865,0.71173,0.71176
1790059200,0.711755,0.71176,0.711525,0.71156
1790059500,0.71155,0.711785,0.7115,0.71174
1790059800,0.711725,0.71182,0.71161,0.71168
1790060100,0.711675,0.71186,0.71163,0.711855
1790060400,0.71185,0.71185,0.71135,0.7114
1790060700,0.711405,0.711465,0.711125,0.71123
1790061000,0.71122,0.71138,0.71119,0.71127
1790061300,0.711275,0.711515,0.71127,0.71141
1790061600,0.711405,0.71158,0.711365,0.711535
1790061900,0.71154,0.71155,0.711245,0.71127
1790062200,0.711265,0.711265,0.710705,0.710965
1790062500,0.71097,0.71111,0.71091,0.71109
1790062800,0.711085,0.711155,0.710885,0.71096
1790063100,0.71097,0.711,0.71066,0.71066
1790063400,0.710665,0.710705,0.71034,0.71042
1790063700,0.71043,0.710645,0.710195,0.7102
1790064000,0.710205,0.71048,0.7101,0.710235
1790064300,0.710235,0.710475,0.710215,0.710385
1790064600,0.71039,0.710435,0.71015,0.71015
1790064900,0.710155,0.71018,0.70988,0.71001
1790065200,0.710005,0.71001,0.70966,0.70972
1790065500,0.70972,0.709945,0.709345,0.70954
1790065800,0.709535,0.709645,0.709245,0.70953
1790066100,0.709535,0.710195,0.709525,0.710155
1790066400,0.71015,0.71102,0.71009,0.710855
1790066700,0.71086,0.71114,0.710605,0.711125
1790067000,0.71113,0.71175,0.711025,0.71142
1790067300,0.711415,0.71144,0.71101,0.71112
1790067600,0.711125,0.711235,0.710535,0.710545
1790067900,0.71054,0.71107,0.710485,0.710915
1790068200,0.71091,0.711175,0.710765,0.71077
1790068500,0.710765,0.711105,0.71076,0.7109
1790068800,0.710895,0.711085,0.710825,0.71097
1790069100,0.710985,0.711095,0.710885,0.710945
1790069400,0.71094,0.71109,0.710765,0.71093
1790069700,0.710925,0.710965,0.71081,0.710915
1790070000,0.710915,0.711115,0.71084,0.711105
1790070300,0.71111,0.711345,0.71108,0.711295
1790070600,0.7113,0.711815,0.71123,0.711765
1790070900,0.71175,0.71193,0.71144,0.71187
1790071200,0.711875,0.712005,0.711675,0.711835
1790071500,0.71184,0.71203,0.71157,0.71157
1790071800,0.711575,0.71177,0.711425,0.71149
1790072100,0.711485,0.71152,0.71129,0.71143
1790072400,0.711435,0.71162,0.71138,0.71139
1790072700,0.711395,0.711545,0.71134,0.71151
1790073000,0.711515,0.71155,0.711375,0.71141
1790073300,0.71142,0.711565,0.71137,0.7115
1790073600,0.7115,0.71165,0.71144,0.711645
1790073900,0.71165,0.71172,0.71152,0.711635
1790074200,0.71163,0.71179,0.71161,0.71176
1790074500,0.711765,0.71179,0.71153,0.71153
1790074800,0.711535,0.711615,0.71132,0.711455
1790075100,0.711455,0.71146,0.711105,0.71115
1790075400,0.711165,0.711385,0.711025,0.71116
1790075700,0.71116,0.71133,0.711135,0.711185
1790076000,0.71118,0.71138,0.71115,0.71127
1790076300,0.71128,0.71137,0.71111,0.71122
1790076600,0.71122,0.71129,0.711005,0.71108
1790076900,0.71107,0.71123,0.711045,0.71121
1790077200,0.711215,0.711255,0.711085,0.711175
1790077500,0.711185,0.711395,0.71116,0.711245
1790077800,0.71125,0.7113,0.711115,0.711165
1790078100,0.71117,0.711335,0.711115,0.711135
1790078400,0.711145,0.71145,0.7111,0.71132
1790078700,0.711325,0.711375,0.71101,0.71104
1790079000,0.711045,0.711065,0.71086,0.71091
1790079300,0.710905,0.711085,0.71089,0.711045
1790079600,0.71105,0.71114,0.71101,0.711065
1790079900,0.71107,0.711265,0.711045,0.71126
1790080200,0.711265,0.71142,0.711155,0.711175
1790080500,0.711175,0.71126,0.710905,0.71093
1790080800,0.710935,0.71108,0.710825,0.71084
1790081100,0.710845,0.71097,0.7108,0.71084
1790081400,0.71083,0.710845,0.710655,0.710805
1790081700,0.7108,0.710895,0.71071,0.71076
1790082000,0.710765,0.710945,0.710725,0.710775
1790082300,0.71078,0.711125,0.710775,0.71094
1790082600,0.710935,0.711035,0.710835,0.71102
1790082900,0.711025,0.711035,0.710865,0.71087
1790083200,0.710865,0.711005,0.710845,0.71092
1790083500,0.710915,0.710945,0.71073,0.710775
1790083800,0.71077,0.71108,0.710765,0.711015
1790084100,0.71102,0.71116,0.710975,0.711115
1790084400,0.71111,0.71175,0.71099,0.711595
1790084700,0.7116,0.711785,0.711395,0.71164
1790085000,0.711635,0.711725,0.711485,0.711485
1790085300,0.711485,0.711735,0.711405,0.711565
1790085600,0.711555,0.71174,0.711365,0.711525
1790085900,0.71152,0.711675,0.711485,0.711575
1790086200,0.71157,0.71174,0.711385,0.71144
1790086500,0.71144,0.71144,0.711015,0.71133
1790086800,0.711325,0.71137,0.71112,0.711215
1790087100,0.71122,0.711235,0.71103,0.71111
1790087400,0.711105,0.711245,0.710865,0.71088
1790087700,0.71088,0.71139,0.71072,0.710915
1790088000,0.71091,0.710915,0.710215,0.710305
1790088300,0.710315,0.71046,0.710165,0.7103
1790088600,0.710295,0.710485,0.710265,0.710465
1790088900,0.71045,0.710545,0.710315,0.71054
1790089200,0.710545,0.710585,0.710355,0.710385
1790089500,0.71039,0.71052,0.710265,0.710355
1790089800,0.71036,0.710495,0.71024,0.71031
1790090100,0.710315,0.71062,0.710315,0.710555
1790090400,0.71056,0.710825,0.710495,0.710725
1790090700,0.710725,0.710745,0.710425,0.710425
1790091000,0.71043,0.710475,0.7103,0.7103
1790091300,0.710305,0.710315,0.710075,0.71013
1790091600,0.710135,0.71016,0.709985,0.709985
1790091900,0.70999,0.71,0.709705,0.70981
1790092200,0.7098,0.70999,0.70978,0.70989
1790092500,0.70989,0.709965,0.709775,0.70996
1790092800,0.709955,0.70997,0.709755,0.70986
1790093100,0.709865,0.709945,0.709825,0.709825
1790093400,0.709835,0.709965,0.709805,0.709855
1790093700,0.70985,0.709965,0.70977,0.709965
1790094000,0.709965,0.709975,0.709805,0.70992
1790094300,0.709925,0.71002,0.709915,0.70999
1790094600,0.70999,0.710155,0.709965,0.710155
1790094900,0.71016,0.71027,0.710115,0.710255
1790095200,0.710255,0.710345,0.710205,0.710335
1790095500,0.71033,0.71059,0.710195,0.710545
1790095800,0.71054,0.710705,0.710515,0.710545
1790096100,0.71054,0.71062,0.7105,0.7106
1790096400,0.710595,0.710595,0.710365,0.710365
1790096700,0.71036,0.71049,0.71034,0.71037
1790097000,0.71036,0.71058,0.710305,0.710505
1790097300,0.710505,0.710505,0.71036,0.710365
1790097600,0.710365,0.710385,0.71027,0.710295
1790097900,0.710295,0.710545,0.71024,0.71054
1790098200,0.710535,0.71054,0.7104,0.71047
1790098500,0.71047,0.71057,0.71041,0.71041
1790098800,0.71042,0.710455,0.71035,0.710455
1790099100,0.71045,0.710615,0.710405,0.710615
1790099400,0.710615,0.711205,0.71061,0.711015
1790099700,0.71102,0.711165,0.710955,0.711005
1790100000,0.71101,0.711135,0.710895,0.71097
1790100300,0.710975,0.711245,0.710955,0.7112
1790100600,0.71121,0.711425,0.71115,0.71135
1790100900,0.711355,0.71143,0.71126,0.711305
1790101200,0.71131,0.711345,0.711235,0.711315
1790101500,0.71131,0.711375,0.71126,0.711295
1790101800,0.7113,0.711365,0.7111,0.711125
1790102100,0.71112,0.7112,0.71102,0.7111
1790102400,0.711105,0.711115,0.710955,0.711105
1790102700,0.711105,0.711205,0.71109,0.711195
1790103000,0.711195,0.71123,0.71114,0.711195
1790103300,0.7112,0.71122,0.711085,0.711165
1790103600,0.71117,0.71123,0.711105,0.711185
1790103900,0.71118,0.711285,0.71117,0.711215
1790104200,0.711215,0.711285,0.711205,0.71127
1790104500,0.711275,0.71135,0.711255,0.711325
1790104800,0.711325,0.71133,0.711215,0.711305
1790105100,0.7113,0.711485,0.711285,0.711475
1790105400,0.71147,0.711905,0.711465,0.71189
1790105700,0.711885,0.712105,0.71186,0.71206
1790106000,0.71206,0.712075,0.71189,0.712025
1790106300,0.71202,0.7121,0.71193,0.712005
1790106600,0.712,0.712,0.71175,0.71175
1790106900,0.711745,0.71177,0.711605,0.711615
1790107200,0.71161,0.71171,0.71161,0.71165
1790107500,0.71165,0.71179,0.71164,0.71175
1790107800,0.71175,0.711765,0.71163,0.711635
1790108100,0.711635,0.711665,0.7116,0.71163
1790108400,0.71163,0.711645,0.711525,0.71163
1790108700,0.711625,0.71164,0.711545,0.711595
1790109000,0.7116,0.7116,0.71156,0.71159
1790109300,0.71159,0.711595,0.711525,0.711525
1790109600,0.71153,0.71155,0.7115,0.7115
1790109900,0.711505,0.71151,0.711445,0.71148
1790110200,0.711485,0.711525,0.71147,0.71149
1790110500,0.711485,0.711525,0.7114,0.71152
1790110800,0.71152,0.71152,0.71152,0.71152
1790111100,0.71165,0.71168,0.711515,0.7116
1790111400,0.711665,0.71168,0.711595,0.71168
1790111700,0.71168,0.71168,0.71168,0.71168
1790112000,0.71168,0.711745,0.71132,0.71134
1790112300,0.71134,0.71134,0.711315,0.711335
1790112600,0.711335,0.711585,0.711275,0.71157
1790112900,0.71157,0.7118,0.71157,0.71174
1790113200,0.71174,0.71177,0.711635,0.7117
1790113500,0.71172,0.71175,0.71165,0.71175
1790113800,0.71175,0.711815,0.711685,0.71171
1790114100,0.71171,0.71179,0.71171,0.711735
1790114400,0.71175,0.711785,0.71152,0.711705
1790114700,0.711705,0.711705,0.71153,0.711585
1790115000,0.711585,0.711625,0.71154,0.71159
1790115300,0.711585,0.71164,0.711575,0.71163
1790115600,0.71162,0.711635,0.711595,0.711625
1790115900,0.711625,0.711635,0.711605,0.711625
1790116200,0.71162,0.71162,0.71147,0.711485
1790116500,0.711495,0.711505,0.711465,0.71147
1790116800,0.71147,0.711485,0.71146,0.711465
1790117100,0.711465,0.71147,0.71137,0.71138
1790117400,0.711375,0.71144,0.711365,0.71141
1790117700,0.71141,0.711425,0.711345,0.711375
1790118000,0.71138,0.711425,0.711335,0.711355
1790118300,0.71136,0.71137,0.71133,0.711335
1790118600,0.711335,0.71136,0.71132,0.711335
1790118900,0.711335,0.71134,0.71127,0.71132
1790119200,0.71132,0.71135,0.711295,0.711345
1790119500,0.711345,0.711345,0.711265,0.71131
1790119800,0.71131,0.71136,0.7113,0.71135
1790120100,0.71135,0.71135,0.711215,0.711215
1790120400,0.711215,0.711245,0.7112,0.7112
1790120700,0.7112,0.71127,0.7112,0.71121
1790121000,0.71121,0.711275,0.7112,0.71121
1790121300,0.711205,0.71127,0.711135,0.71124
1790121600,0.711235,0.711255,0.71098,0.71098
1790121900,0.710975,0.71104,0.71089,0.71103
1790122200,0.711025,0.71118,0.710995,0.711175
1790122500,0.711175,0.71128,0.711175,0.71121
1790122800,0.71121,0.71135,0.71114,0.71135
1790123100,0.711355,0.711585,0.711355,0.711555
1790123400,0.71155,0.71162,0.711455,0.711475
1790123700,0.711475,0.711495,0.711355,0.711375
1790124000,0.71138,0.71159,0.711375,0.711565
1790124300,0.71157,0.711675,0.71151,0.711525
1790124600,0.71152,0.711665,0.711505,0.711505
1790124900,0.71151,0.71162,0.71149,0.71157
1790125200,0.711575,0.711605,0.71145,0.711585
1790125500,0.71158,0.71164,0.71148,0.71148
1790125800,0.71148,0.71149,0.711245,0.71129
1790126100,0.711285,0.711285,0.711,0.711105
1790126400,0.71111,0.71114,0.710945,0.711085
1790126700,0.711085,0.711085,0.710815,0.710865
1790127000,0.710855,0.71127,0.71084,0.711245
1790127300,0.711235,0.71134,0.711175,0.71132
1790127600,0.71132,0.71133,0.711155,0.71121
1790127900,0.711205,0.711295,0.71115,0.71124
1790128200,0.711235,0.71128,0.71098,0.71101
1790128500,0.711015,0.711015,0.710765,0.71084
1790128800,0.71084,0.71084,0.710465,0.71052
1790129100,0.710525,0.710625,0.710215,0.710225
1790129400,0.71023,0.710325,0.71017,0.71029
1790129700,0.710295,0.71043,0.71012,0.71031
1790130000,0.710315,0.710475,0.71029,0.710415
1790130300,0.710405,0.71054,0.71038,0.7105
1790130600,0.710495,0.71057,0.710415,0.710565
1790130900,0.71056,0.710625,0.71037,0.710515
1790131200,0.71051,0.71065,0.710505,0.710625
1790131500,0.710625,0.710625,0.710415,0.71042
1790131800,0.710425,0.710485,0.710305,0.710315
1790132100,0.71032,0.71042,0.71024,0.71033
1790132400,0.710325,0.71043,0.71028,0.7104
1790132700,0.710395,0.71043,0.71023,0.71023
1790133000,0.710235,0.710315,0.71022,0.71023
1790133300,0.71023,0.71025,0.71011,0.710215
1790133600,0.710215,0.71032,0.710165,0.710295
1790133900,0.7103,0.710405,0.710265,0.71036
1790134200,0.710365,0.710415,0.71027,0.71032
1790134500,0.71032,0.71034,0.71014,0.71015
1790134800,0.71015,0.7103,0.71015,0.710265
1790135100,0.71027,0.7103,0.710135,0.710145
1790135400,0.710145,0.710145,0.70983,0.70996
1790135700,0.70996,0.71002,0.709915,0.710005
1790136000,0.710005,0.710255,0.710005,0.71021
1790136300,0.710215,0.710345,0.7102,0.710265
1790136600,0.710255,0.710315,0.71017,0.71025
1790136900,0.710245,0.71056,0.710245,0.71054
1790137200,0.71053,0.71059,0.710515,0.71056
1790137500,0.710555,0.710575,0.710465,0.7105
1790137800,0.7105,0.710645,0.710485,0.710575
1790138100,0.710575,0.710655,0.71052,0.71054
1790138400,0.71054,0.71055,0.710285,0.7104
1790138700,0.710405,0.710405,0.71023,0.71037
1790139000,0.710375,0.710415,0.71022,0.71027
1790139300,0.710265,0.710315,0.71021,0.71029
1790139600,0.710285,0.710385,0.71017,0.710375
1790139900,0.71038,0.71047,0.71032,0.710365
1790140200,0.710365,0.71039,0.71031,0.710365
1790140500,0.710365,0.71046,0.710315,0.71046
1790140800,0.710455,0.710545,0.710425,0.710525
1790141100,0.710525,0.710575,0.710355,0.710365
1790141400,0.71037,0.710425,0.710255,0.71027
1790141700,0.71027,0.710375,0.71007,0.71007
1790142000,0.710075,0.71019,0.709975,0.710005
1790142300,0.710005,0.71004,0.709755,0.709775
1790142600,0.709765,0.70997,0.70972,0.70995
1790142900,0.709955,0.710165,0.709955,0.71006
1790143200,0.710065,0.71035,0.70996,0.71023
1790143500,0.710225,0.710285,0.70997,0.70997
1790143800,0.70998,0.70998,0.70973,0.70978
1790144100,0.709775,0.70995,0.709625,0.709925
1790144400,0.709925,0.71003,0.70979,0.710015
1790144700,0.71002,0.71005,0.70975,0.70975
1790145000,0.70976,0.70988,0.70965,0.70981
1790145300,0.709815,0.710065,0.709755,0.710005
1790145600,0.71001,0.710065,0.7099,0.709965
1790145900,0.709965,0.710015,0.70977,0.709925
1790146200,0.709915,0.709915,0.70961,0.70961
1790146500,0.709605,0.70968,0.70944,0.70945
1790146800,0.709445,0.709475,0.70919,0.709255
1790147100,0.709255,0.709265,0.708595,0.7087
1790147400,0.708695,0.708925,0.708645,0.70887
1790147700,0.708875,0.70901,0.70877,0.70885
1790148000,0.70885,0.70896,0.708585,0.708625
1790148300,0.70862,0.70869,0.708395,0.708605
1790148600,0.7086,0.708695,0.708455,0.708455
1790148900,0.708465,0.708495,0.708195,0.70842
1790149200,0.708425,0.70864,0.7084,0.70862
1790149500,0.708625,0.70865,0.708395,0.708495
1790149800,0.70849,0.70879,0.70849,0.70856
1790150100,0.708555,0.70858,0.708295,0.70835
1790150400,0.708345,0.708495,0.70828,0.7083
1790150700,0.708295,0.708335,0.70813,0.708195
1790151000,0.7082,0.70821,0.70807,0.708165
1790151300,0.70816,0.708185,0.707985,0.708095
1790151600,0.7081,0.708445,0.708095,0.708445
1790151900,0.70844,0.708595,0.70842,0.708535
1790152200,0.708535,0.70856,0.70842,0.708535
1790152500,0.708535,0.708675,0.7085,0.708635
1790152800,0.70863,0.70875,0.708615,0.70866
1790153100,0.70866,0.70893,0.70866,0.70892
1790153400,0.708915,0.70902,0.70886,0.708915
1790153700,0.70892,0.708945,0.708765,0.708785
1790154000,0.708785,0.70894,0.70856,0.70856
1790154300,0.70856,0.70869,0.70851,0.708655
1790154600,0.70866,0.70876,0.70863,0.70868
1790154900,0.708675,0.708685,0.708445,0.70849
1790155200,0.70849,0.708785,0.70849,0.708785
1790155500,0.708785,0.708785,0.70861,0.708665
1790155800,0.70866,0.708755,0.70839,0.70842
1790156100,0.708415,0.70851,0.70836,0.70836
1790156400,0.70836,0.70836,0.70823,0.708235
1790156700,0.70823,0.70823,0.70806,0.708155
1790157000,0.70815,0.708215,0.7081,0.708135
1790157300,0.70814,0.70821,0.708005,0.708025
1790157600,0.70803,0.708335,0.707915,0.70829
1790157900,0.70829,0.708315,0.7082,0.708215
1790158200,0.708215,0.708225,0.708005,0.70806
1790158500,0.708055,0.70815,0.70796,0.70812
1790158800,0.708125,0.70816,0.70787,0.70792
1790159100,0.707925,0.70806,0.70792,0.70803
1790159400,0.708025,0.708055,0.707855,0.70787
1790159700,0.707865,0.707915,0.707735,0.70778
1790160000,0.707775,0.707775,0.70756,0.70769
1790160300,0.707685,0.707745,0.70755,0.707645
1790160600,0.70765,0.70777,0.707605,0.707755
1790160900,0.70775,0.707805,0.707595,0.70769
1790161200,0.707685,0.70783,0.707625,0.707685
1790161500,0.707685,0.707725,0.707595,0.707665
1790161800,0.70766,0.70777,0.707565,0.70762
1790162100,0.707615,0.707705,0.70724,0.707265
1790162400,0.707265,0.707305,0.70691,0.70695
1790162700,0.706955,0.70702,0.706835,0.70693
1790163000,0.706935,0.70697,0.706735,0.70676
1790163300,0.706765,0.706785,0.70651,0.70663
1790163600,0.706625,0.706705,0.706405,0.70645
1790163900,0.70645,0.706815,0.706435,0.706755
1790164200,0.70675,0.70684,0.7066,0.706755
1790164500,0.706755,0.707015,0.706745,0.706955
1790164800,0.706945,0.707035,0.70687,0.70688
1790165100,0.706875,0.70702,0.7067,0.70675
1790165400,0.706755,0.706795,0.7065,0.70666
1790165700,0.706665,0.706755,0.70646,0.70666
1790166000,0.706665,0.706685,0.70651,0.70662
1790166300,0.70661,0.706665,0.7065,0.706555
1790166600,0.70655,0.70655,0.706295,0.70636
1790166900,0.706365,0.7064,0.70622,0.70626
1790167200,0.706255,0.70633,0.706105,0.70613
1790167500,0.706135,0.70622,0.70601,0.706105
1790167800,0.706115,0.706415,0.706045,0.706395
1790168100,0.7064,0.70664,0.706335,0.70658
1790168400,0.706565,0.70661,0.706255,0.706405
1790168700,0.7064,0.70646,0.705965,0.705965
1790169000,0.705965,0.705985,0.70544,0.705555
1790169300,0.70555,0.705865,0.70555,0.70571
1790169600,0.705705,0.70595,0.705555,0.70574
1790169900,0.705735,0.706825,0.705725,0.70682
1790170200,0.706825,0.706915,0.705915,0.706105
1790170500,0.70611,0.706305,0.705945,0.70596
1790170800,0.705955,0.706065,0.705405,0.70544
1790171100,0.705435,0.70551,0.704675,0.70474
1790171400,0.704745,0.705005,0.70402,0.70403
1790171700,0.704035,0.704435,0.70388,0.70416
1790172000,0.70417,0.7047,0.70417,0.704445
1790172300,0.70446,0.70471,0.70437,0.70454
1790172600,0.704535,0.704605,0.704275,0.704395
1790172900,0.70439,0.70454,0.70383,0.70384
1790173200,0.70384,0.70404,0.70367,0.703825
1790173500,0.70382,0.703875,0.70337,0.70352
1790173800,0.703515,0.704,0.7035,0.703935
1790174100,0.703945,0.704175,0.70379,0.703795
1790174400,0.703795,0.70429,0.703795,0.704195
1790174700,0.70422,0.704435,0.704,0.70407
1790175000,0.704075,0.705005,0.703925,0.704915
1790175300,0.70492,0.70495,0.704475,0.70474
1790175600,0.704735,0.70476,0.704185,0.70422
1790175900,0.704215,0.704655,0.704115,0.704615
1790176200,0.70462,0.704695,0.704285,0.704425
1790176500,0.70443,0.704535,0.704125,0.70436
1790176800,0.704365,0.704385,0.704165,0.70423
1790177100,0.704235,0.70435,0.703965,0.703985
1790177400,0.703975,0.703985,0.70364,0.703835
1790177700,0.703835,0.70406,0.703725,0.703785
1790178000,0.70379,0.70382,0.70361,0.70381
1790178300,0.703805,0.703885,0.703355,0.703365
1790178600,0.70336,0.70349,0.703245,0.703475
1790178900,0.70348,0.703615,0.70347,0.70356
1790179200,0.703565,0.703565,0.703285,0.703375
1790179500,0.70338,0.70367,0.70332,0.70353
1790179800,0.703525,0.70369,0.703455,0.70367
1790180100,0.70367,0.703765,0.703625,0.70376
1790180400,0.703755,0.7038,0.703655,0.70372
1790180700,0.703715,0.703775,0.70363,0.703755
1790181000,0.70375,0.703785,0.70367,0.70371
1790181300,0.703715,0.70394,0.70369,0.703825
1790181600,0.703815,0.70384,0.703515,0.703515
1790181900,0.70352,0.703555,0.703225,0.703245
1790182200,0.70325,0.703265,0.70281,0.702815
1790182500,0.70281,0.703035,0.70281,0.70288
1790182800,0.70289,0.703065,0.70259,0.70282
1790183100,0.70283,0.703185,0.70268,0.703155
1790183400,0.70316,0.703265,0.70306,0.703205
1790183700,0.70321,0.70327,0.703075,0.703195
1790184000,0.7032,0.70336,0.70316,0.703195
1790184300,0.703185,0.703235,0.70303,0.70316
1790184600,0.703155,0.703195,0.702925,0.703005
1790184900,0.703,0.703005,0.70268,0.7027
1790185200,0.702705,0.703945,0.70268,0.703805
1790185500,0.7038,0.704165,0.70376,0.7041
1790185800,0.704105,0.70415,0.703985,0.70404
1790186100,0.70405,0.704225,0.703855,0.70421
1790186400,0.70421,0.704335,0.70391,0.70391
1790186700,0.70392,0.70426,0.70392,0.704185
1790187000,0.70419,0.70427,0.70413,0.70418
1790187300,0.704175,0.704265,0.704085,0.704145
1790187600,0.70415,0.704215,0.70395,0.70395
1790187900,0.70395,0.70396,0.703785,0.7039
1790188200,0.7039,0.704005,0.70379,0.703945
1790188500,0.70395,0.704,0.703705,0.703745
1790188800,0.70375,0.70388,0.703715,0.70374
1790189100,0.70373,0.70387,0.703635,0.70384
1790189400,0.70384,0.7039,0.70381,0.7039
1790189700,0.7039,0.703955,0.70384,0.70395
1790190000,0.70395,0.704015,0.703805,0.703885
1790190300,0.70388,0.70425,0.70387,0.704145
1790190600,0.704145,0.70425,0.704035,0.70405
1790190900,0.70405,0.70405,0.70374,0.70376
1790191200,0.703755,0.7038,0.703695,0.70379
1790191500,0.70379,0.70383,0.703695,0.7038
1790191800,0.703805,0.703895,0.70377,0.70387
1790192100,0.70387,0.703915,0.703845,0.703905
1790192400,0.70391,0.70403,0.70389,0.703965
1790192700,0.703965,0.70411,0.703955,0.70406
1790193000,0.704065,0.70409,0.703905,0.703905
1790193300,0.7039,0.704065,0.703895,0.70403
1790193600,0.704025,0.704155,0.70396,0.704155
1790193900,0.70415,0.704285,0.70415,0.70421
1790194200,0.70421,0.704215,0.7041,0.70417
1790194500,0.70416,0.704215,0.7041,0.7041
1790194800,0.70411,0.70411,0.703895,0.70395
1790195100,0.703955,0.70406,0.703955,0.704015
1790195400,0.70402,0.70409,0.70393,0.70395
1790195700,0.70395,0.703995,0.703935,0.703995
1790196000,0.704,0.704015,0.70396,0.704
1790196300,0.704,0.70406,0.70391,0.70393
1790196600,0.703935,0.703995,0.703905,0.703985
1790196900,0.70398,0.704015,0.70392,0.70399
1790197200,0.70399,0.7044,0.70399,0.704315
1790197500,0.70435,0.70435,0.70403,0.704175
1790197800,0.704175,0.704245,0.703985,0.704085
1790198100,0.704085,0.704195,0.703685,0.703835
1790198400,0.703835,0.704035,0.703765,0.70402
1790198700,0.70402,0.70421,0.704,0.70419
1790199000,0.704215,0.70424,0.70399,0.704225
1790199300,0.704225,0.70429,0.704155,0.70422
1790199600,0.70422,0.70424,0.70414,0.70421
1790199900,0.70421,0.70421,0.704105,0.704125
1790200200,0.704125,0.704125,0.70358,0.703715
1790200500,0.703715,0.70382,0.703625,0.703745
1790200800,0.703755,0.704035,0.70375,0.703935
1790201100,0.703935,0.704035,0.70392,0.70403
1790201400,0.70403,0.704045,0.70392,0.703995
1790201700,0.704,0.704085,0.704,0.704085
1790202000,0.70408,0.704085,0.703975,0.703985
1790202300,0.703985,0.704,0.70397,0.703995
1790202600,0.70399,0.703995,0.703865,0.703915
1790202900,0.703915,0.704095,0.70391,0.70409
1790203200,0.70409,0.70413,0.704035,0.704085
1790203500,0.704095,0.70411,0.70403,0.70407
1790203800,0.70407,0.704075,0.703935,0.703965
1790204100,0.703965,0.70406,0.70396,0.70399
1790204400,0.703995,0.704035,0.70395,0.704
1790204700,0.704,0.704065,0.703945,0.704045
1790205000,0.704035,0.704135,0.704035,0.704075
1790205300,0.70407,0.70411,0.703915,0.70395
1790205600,0.70395,0.70397,0.70384,0.703845
1790205900,0.703845,0.70385,0.703765,0.7038
1790206200,0.7038,0.7038,0.70369,0.703695
1790206500,0.70369,0.70378,0.703685,0.703745
1790206800,0.703745,0.70381,0.70365,0.70365
1790207100,0.70365,0.703775,0.70362,0.703685
1790207400,0.703685,0.70369,0.703525,0.70354
1790207700,0.703545,0.703545,0.70332,0.70333
1790208000,0.70333,0.70364,0.7033,0.703625
1790208300,0.70362,0.70366,0.70343,0.70364
1790208600,0.703645,0.70365,0.70329,0.70339
1790208900,0.703395,0.703495,0.703305,0.703495
1790209200,0.70349,0.70354,0.703225,0.70345
1790209500,0.703455,0.703475,0.70328,0.70344
1790209800,0.703445,0.70345,0.70329,0.70333
1790210100,0.70333,0.703425,0.703205,0.70322
1790210400,0.703225,0.70337,0.70321,0.70334
1790210700,0.703335,0.703335,0.703035,0.703045
1790211000,0.70304,0.70309,0.702945,0.70304
1790211300,0.70305,0.703395,0.70305,0.703375
1790211600,0.70337,0.703515,0.703175,0.703285
1790211900,0.703285,0.703585,0.70317,0.70357
1790212200,0.703575,0.70382,0.70352,0.70367
1790212500,0.703665,0.703765,0.70338,0.703495
1790212800,0.70349,0.703495,0.70326,0.70339
1790213100,0.703395,0.70366,0.70335,0.70356
1790213400,0.703545,0.704035,0.702525,0.703055
1790213700,0.70305,0.70308,0.702615,0.702725
1790214000,0.702725,0.70291,0.702525,0.70273
1790214300,0.702735,0.702795,0.702395,0.70276
1790214600,0.702775,0.703115,0.70253,0.702825
1790214900,0.70283,0.70284,0.70236,0.70238
1790215200,0.702375,0.702435,0.702065,0.70223
1790215500,0.702225,0.70223,0.701855,0.701925
1790215800,0.701925,0.702025,0.70176,0.70192
1790216100,0.701925,0.702315,0.70192,0.70223
1790216400,0.70223,0.70241,0.702165,0.70241
1790216700,0.70241,0.702655,0.7024,0.70262
1790217000,0.702625,0.70311,0.702575,0.703095
1790217300,0.703095,0.70321,0.70299,0.70309
1790217600,0.703095,0.703495,0.70308,0.703385
1790217900,0.70338,0.70344,0.70327,0.703425
1790218200,0.70343,0.70349,0.703315,0.703415
1790218500,0.703415,0.70357,0.703415,0.70351
1790218800,0.703515,0.70374,0.70349,0.703555
1790219100,0.703555,0.703555,0.70333,0.70334
1790219400,0.70334,0.703425,0.70324,0.70339
1790219700,0.703385,0.70344,0.70316,0.70318
1790220000,0.70318,0.703295,0.70318,0.703245
1790220300,0.703245,0.703355,0.703055,0.703075
1790220600,0.70308,0.70311,0.70296,0.703005
1790220900,0.70301,0.70312,0.703,0.703085
1790221200,0.70308,0.70309,0.702805,0.702825
1790221500,0.702825,0.70289,0.70278,0.70285
1790221800,0.70286,0.70291,0.70278,0.702895
1790222100,0.702895,0.70304,0.70287,0.70303
1790222400,0.703035,0.70304,0.70275,0.702835
1790222700,0.70284,0.70291,0.702705,0.70289
1790223000,0.702885,0.70304,0.70286,0.702975
1790223300,0.702975,0.703005,0.70286,0.70297
1790223600,0.70297,0.70299,0.702825,0.702975
1790223900,0.702975,0.70315,0.70288,0.703125
1790224200,0.70312,0.7033,0.703035,0.70319
1790224500,0.703185,0.70335,0.70318,0.70333
1790224800,0.703325,0.7034,0.703265,0.70335
1790225100,0.703345,0.7035,0.70328,0.70344
1790225400,0.70343,0.703685,0.70336,0.70363
1790225700,0.70363,0.70374,0.70352,0.70352
1790226000,0.70352,0.70374,0.70352,0.703705
1790226300,0.7037,0.70383,0.70361,0.70362
1790226600,0.70363,0.703635,0.70349,0.703545
1790226900,0.70354,0.70369,0.70348,0.70368
1790227200,0.70368,0.70368,0.70355,0.703645
1790227500,0.70364,0.70369,0.703505,0.703665
1790227800,0.70367,0.70379,0.70359,0.70361
1790228100,0.70361,0.70366,0.7035,0.703605
1790228400,0.70361,0.70369,0.70345,0.703455
1790228700,0.70345,0.7035,0.70335,0.703415
1790229000,0.703415,0.70359,0.703415,0.70349
1790229300,0.703485,0.70349,0.70302,0.703035
1790229600,0.70304,0.703525,0.703035,0.7034
1790229900,0.703405,0.703725,0.7034,0.70372
1790230200,0.70373,0.70393,0.70371,0.70388
1790230500,0.703875,0.70396,0.7036,0.703825
1790230800,0.70382,0.70385,0.70363,0.70372
1790231100,0.703715,0.703955,0.703695,0.70395
1790231400,0.703945,0.703945,0.70362,0.703795
1790231700,0.70379,0.70381,0.70355,0.70371
1790232000,0.703705,0.70375,0.703465,0.703585
1790232300,0.70359,0.70373,0.70348,0.70358
1790232600,0.703585,0.703715,0.70346,0.70348
1790232900,0.703485,0.703565,0.703385,0.703435
1790233200,0.70344,0.70356,0.7033,0.70352
1790233500,0.703505,0.703935,0.703375,0.70392
1790233800,0.703925,0.703935,0.70358,0.70367
1790234100,0.703675,0.703885,0.70359,0.703825
1790234400,0.70383,0.70384,0.703525,0.703555
1790234700,0.70355,0.70371,0.703425,0.7037
1790235000,0.70371,0.70384,0.70362,0.70379
1790235300,0.703785,0.704005,0.703775,0.70382
1790235600,0.703815,0.704095,0.70368,0.704025
1790235900,0.70402,0.704285,0.70402,0.704085
1790236200,0.70408,0.70432,0.704,0.704255
1790236500,0.70426,0.704295,0.70378,0.70387
1790236800,0.703875,0.704505,0.70379,0.7045
1790237100,0.704505,0.70452,0.704225,0.704275
1790237400,0.704285,0.704295,0.7038,0.703935
1790237700,0.70394,0.70399,0.703525,0.703565
1790238000,0.70356,0.703625,0.7034,0.70351
1790238300,0.703515,0.70358,0.703295,0.7033
1790238600,0.703295,0.7036,0.703185,0.70326
1790238900,0.703265,0.703465,0.70311,0.703325
1790239200,0.70332,0.70336,0.70316,0.70321
1790239500,0.703215,0.70333,0.703015,0.70307
1790239800,0.703065,0.70324,0.70288,0.70291
1790240100,0.702905,0.703125,0.70283,0.70303
1790240400,0.703035,0.703165,0.702795,0.702845
1790240700,0.702845,0.70303,0.702795,0.702845
1790241000,0.70285,0.70294,0.702595,0.70267
1790241300,0.702665,0.702865,0.7026,0.70285
1790241600,0.702855,0.702995,0.70271,0.702775
1790241900,0.70278,0.702935,0.70274,0.70282
1790242200,0.702815,0.70304,0.702815,0.70302
1790242500,0.70302,0.703085,0.702785,0.702915
1790242800,0.70291,0.702965,0.70266,0.702725
1790243100,0.70272,0.70309,0.70272,0.70304
1790243400,0.703045,0.703215,0.70301,0.70312
1790243700,0.70312,0.703275,0.70303,0.703135
1790244000,0.70314,0.70323,0.70284,0.702845
1790244300,0.70285,0.70308,0.702845,0.70303
1790244600,0.703025,0.70325,0.70299,0.70308
1790244900,0.703085,0.70318,0.7029,0.702955
1790245200,0.70296,0.703045,0.70256,0.70261
1790245500,0.702615,0.70286,0.702525,0.70255
1790245800,0.70253,0.70277,0.70252,0.702765
1790246100,0.70276,0.70318,0.70274,0.702995
1790246400,0.702985,0.70305,0.702715,0.70272
1790246700,0.702715,0.70294,0.70256,0.702905
1790247000,0.7029,0.70296,0.702495,0.702495
1790247300,0.7025,0.702925,0.70247,0.702915
1790247600,0.70291,0.703005,0.702715,0.702735
1790247900,0.70273,0.702865,0.702655,0.702795
1790248200,0.702785,0.70299,0.702765,0.702975
1790248500,0.702975,0.703295,0.702865,0.702995
1790248800,0.702995,0.703175,0.702895,0.70297
1790249100,0.702965,0.70297,0.702775,0.70278
1790249400,0.702775,0.70289,0.7027,0.70276
1790249700,0.702765,0.702765,0.702525,0.702595
1790250000,0.7026,0.702685,0.702415,0.70256
1790250300,0.702555,0.702595,0.702345,0.702395
1790250600,0.702395,0.702575,0.70238,0.702565
1790250900,0.70256,0.70277,0.702465,0.702735
1790251200,0.702725,0.70289,0.702535,0.70262
1790251500,0.70262,0.702745,0.702545,0.702665
1790251800,0.70267,0.7028,0.702615,0.702715
1790252100,0.70272,0.702765,0.702615,0.70264
1790252400,0.702645,0.703065,0.702645,0.70303
1790252700,0.703025,0.7031,0.70279,0.702815
1790253000,0.70282,0.70291,0.70243,0.70252
1790253300,0.702515,0.70266,0.70245,0.702615
1790253600,0.70262,0.70301,0.702605,0.702855
1790253900,0.702845,0.70287,0.702555,0.702665
1790254200,0.70267,0.702765,0.70247,0.702765
1790254500,0.70276,0.7031,0.702725,0.703015
1790254800,0.70302,0.703415,0.70302,0.703085
1790255100,0.703075,0.70311,0.702785,0.702865
1790255400,0.70287,0.703105,0.702865,0.702995
1790255700,0.702995,0.70314,0.702895,0.703025
1790256000,0.70302,0.703045,0.70283,0.702865
1790256300,0.70286,0.70287,0.70258,0.70262
1790256600,0.702625,0.70287,0.702585,0.70268
1790256900,0.702675,0.703055,0.702625,0.7028
1790257200,0.702805,0.702815,0.70253,0.702735
1790257500,0.70273,0.70289,0.7027,0.70272
1790257800,0.702715,0.702895,0.702605,0.70268
1790258100,0.702685,0.702965,0.702675,0.70296
1790258400,0.70297,0.70297,0.702525,0.702865
1790258700,0.70287,0.70293,0.702605,0.70262
1790259000,0.702625,0.702685,0.7024,0.702415
1790259300,0.702415,0.70247,0.702065,0.70213
1790259600,0.702135,0.7023,0.701975,0.702225
1790259900,0.70222,0.70224,0.701965,0.70209
1790260200,0.702085,0.702095,0.701875,0.702015
1790260500,0.702015,0.70228,0.701905,0.702005
1790260800,0.70201,0.70211,0.70191,0.702035
1790261100,0.70203,0.702165,0.70193,0.702115
1790261400,0.702115,0.702305,0.702115,0.702275
1790261700,0.70227,0.7023,0.70204,0.702115
1790262000,0.70211,0.702205,0.70173,0.701755
1790262300,0.70175,0.701765,0.70129,0.70136
1790262600,0.701365,0.701385,0.70095,0.700965
1790262900,0.70096,0.7014,0.70096,0.701035
1790263200,0.701035,0.701355,0.701005,0.70135
1790263500,0.701355,0.70139,0.701085,0.70123
1790263800,0.701235,0.701235,0.700785,0.70084
1790264100,0.700845,0.701065,0.700735,0.700935
1790264400,0.70093,0.70102,0.70077,0.700995
1790264700,0.70099,0.701095,0.700765,0.700905
1790265000,0.70091,0.70121,0.70089,0.701145
1790265300,0.70115,0.70132,0.701115,0.701315
1790265600,0.70132,0.701375,0.701105,0.7013
1790265900,0.701295,0.7013,0.70108,0.701195
1790266200,0.70119,0.70144,0.7011,0.70144
1790266500,0.701425,0.703175,0.701375,0.70278
1790266800,0.702785,0.70307,0.7026,0.702925
1790267100,0.70293,0.70314,0.70269,0.703
1790267400,0.703005,0.70305,0.70269,0.70281
1790267700,0.702805,0.70306,0.702705,0.702935
1790268000,0.70293,0.70333,0.702875,0.702965
1790268300,0.702975,0.703025,0.70278,0.70291
1790268600,0.702905,0.703045,0.702605,0.702605
1790268900,0.70261,0.702725,0.70253,0.70253
1790269200,0.70252,0.7029,0.702375,0.702605
1790269500,0.70261,0.702745,0.702545,0.7026
1790269800,0.702605,0.702605,0.702275,0.702565
1790270100,0.70257,0.70259,0.70212,0.70212
1790270400,0.702115,0.702235,0.70206,0.702065
1790270700,0.702055,0.702055,0.70175,0.70183
1790271000,0.701825,0.702005,0.70168,0.70171
1790271300,0.7017,0.701735,0.70158,0.70167
1790271600,0.70168,0.701745,0.70143,0.70149
1790271900,0.70149,0.701585,0.70137,0.70137
1790272200,0.701365,0.701475,0.70124,0.70125
1790272500,0.701245,0.701395,0.70112,0.70131
1790272800,0.701315,0.70133,0.70058,0.700645
1790273100,0.70064,0.701235,0.70062,0.701125
1790273400,0.701135,0.70146,0.701135,0.701375
1790273700,0.70137,0.70151,0.70126,0.701315
1790274000,0.70132,0.701435,0.70126,0.701385
1790274300,0.70138,0.70171,0.701365,0.701645
1790274600,0.70165,0.701685,0.70137,0.701375
1790274900,0.701375,0.70192,0.70124,0.70163
1790275200,0.701625,0.701625,0.70125,0.70133
1790275500,0.70133,0.701405,0.70123,0.70132
1790275800,0.70132,0.70158,0.701265,0.70142
1790276100,0.70142,0.7016,0.701405,0.701415
1790276400,0.701425,0.701535,0.701215,0.70127
1790276700,0.701275,0.701445,0.701255,0.701335
1790277000,0.701335,0.70134,0.701075,0.701075
1790277300,0.70108,0.701275,0.70108,0.70123
1790277600,0.701235,0.7014,0.701145,0.70139
1790277900,0.70139,0.70145,0.70124,0.70127
1790278200,0.701275,0.701355,0.70122,0.701345
1790278500,0.70134,0.701375,0.70117,0.701335
1790278800,0.70133,0.701425,0.70121,0.701365
1790279100,0.70136,0.701585,0.701265,0.70158
1790279400,0.70159,0.701665,0.70153,0.701585
1790279700,0.701575,0.701625,0.701365,0.701415
1790280000,0.70141,0.70141,0.70127,0.701295
1790280300,0.7013,0.70136,0.70126,0.70126
1790280600,0.70126,0.70133,0.701135,0.701135
1790280900,0.701125,0.70118,0.70096,0.701045
1790281200,0.701045,0.701045,0.70077,0.700875
1790281500,0.70087,0.700935,0.70078,0.70079
1790281800,0.70078,0.70093,0.700745,0.7009
1790282100,0.70091,0.701,0.70087,0.700975
1790282400,0.70098,0.70101,0.700905,0.700925
1790282700,0.70092,0.70106,0.70091,0.70102
1790283000,0.701025,0.70107,0.700985,0.70107
1790283300,0.70107,0.70125,0.70107,0.701225
1790283600,0.701225,0.701225,0.701225,0.701225
1790283900,0.701225,0.701515,0.701225,0.70146
1790284200,0.701455,0.701715,0.701375,0.70154
1790284500,0.70154,0.7016,0.70146,0.70146
1790284800,0.70146,0.701525,0.701405,0.701465
1790285100,0.70147,0.701495,0.7012,0.70132
1790285400,0.70132,0.70135,0.70124,0.70129
1790285700,0.70129,0.701325,0.701265,0.70127
1790286000,0.70127,0.70128,0.701155,0.70124
1790286300,0.70124,0.70127,0.70118,0.701245
1790286600,0.701245,0.70125,0.70123,0.701245
1790286900,0.701245,0.70126,0.70113,0.70118
1790287200,0.70118,0.701375,0.70115,0.701335
1790287500,0.70134,0.701375,0.7013,0.701325
1790287800,0.701315,0.701335,0.701225,0.701255
1790288100,0.70126,0.701295,0.701245,0.70126
1790288400,0.701255,0.701285,0.701245,0.701265
1790288700,0.701265,0.701285,0.70121,0.701225
1790289000,0.70122,0.70123,0.701075,0.701085
1790289300,0.701095,0.701115,0.701005,0.70103
1790289600,0.701035,0.701035,0.70093,0.701
1790289900,0.700995,0.701035,0.70097,0.701025
1790290200,0.701015,0.70106,0.70099,0.701025
1790290500,0.701025,0.701075,0.700975,0.70101
1790290800,0.70101,0.701075,0.70101,0.70102
1790291100,0.70101,0.70105,0.70096,0.70096
1790291400,0.70096,0.700985,0.700905,0.70091
1790291700,0.700905,0.70092,0.700815,0.70086
1790292000,0.700845,0.70092,0.70082,0.700905
1790292300,0.70091,0.70091,0.70085,0.70088
1790292600,0.70088,0.7009,0.70076,0.70085
1790292900,0.70085,0.700955,0.70084,0.700915
1790293200,0.700915,0.70106,0.70091,0.700925
1790293500,0.70092,0.70092,0.7007,0.700715
1790293800,0.70071,0.70077,0.70066,0.70071
1790294100,0.70071,0.700715,0.70042,0.70044
1790294400,0.700435,0.70065,0.70041,0.70064
1790294700,0.70064,0.70092,0.7006,0.70085
1790295000,0.700855,0.70093,0.70069,0.7007
1790295300,0.7007,0.700865,0.70069,0.700775
1790295600,0.70077,0.70095,0.70075,0.70081
1790295900,0.700815,0.700905,0.70076,0.70081
1790296200,0.70081,0.70081,0.700645,0.70065
1790296500,0.700655,0.70073,0.70056,0.70071
1790296800,0.70071,0.700795,0.7007,0.70076
1790297100,0.70076,0.70083,0.70073,0.700805
1790297400,0.70081,0.70095,0.70079,0.700935
1790297700,0.70093,0.70115,0.700865,0.70101
1790298000,0.70102,0.70132,0.70099,0.701315
1790298300,0.70131,0.70155,0.70126,0.70149
1790298600,0.70149,0.701615,0.70142,0.70152
1790298900,0.70152,0.70164,0.701385,0.701405
1790299200,0.70141,0.7016,0.7014,0.70152
1790299500,0.701515,0.701555,0.7013,0.701345
1790299800,0.701335,0.701365,0.70117,0.70129
1790300100,0.701285,0.701525,0.70121,0.701485
1790300400,0.701485,0.701485,0.701285,0.701285
1790300700,0.701285,0.701335,0.70112,0.701325
1790301000,0.70132,0.70136,0.70119,0.701215
1790301300,0.701215,0.701265,0.701065,0.70126
1790301600,0.70127,0.70135,0.70121,0.70122
1790301900,0.701215,0.701435,0.70121,0.7014
1790302200,0.7014,0.701435,0.70126,0.70138
1790302500,0.70138,0.70139,0.70126,0.70129
1790302800,0.70129,0.70145,0.701255,0.70133
1790303100,0.701325,0.70141,0.70126,0.70132
1790303400,0.701315,0.70137,0.70126,0.701265
1790303700,0.701265,0.701265,0.70111,0.70114
1790304000,0.70114,0.701255,0.70106,0.70123
1790304300,0.70125,0.70125,0.70096,0.70096
1790304600,0.70096,0.70098,0.70083,0.700875
1790304900,0.70087,0.70097,0.70087,0.700945
1790305200,0.70095,0.701015,0.70084,0.701
1790305500,0.701005,0.701135,0.701005,0.701125
1790305800,0.70112,0.70113,0.70101,0.70101
1790306100,0.70101,0.70118,0.70101,0.701145
1790306400,0.701145,0.70127,0.701125,0.70127
1790306700,0.70127,0.701325,0.701185,0.70122
1790307000,0.701225,0.70147,0.701185,0.70146
1790307300,0.70146,0.701465,0.70132,0.701375
1790307600,0.701375,0.701415,0.701295,0.701375
1790307900,0.70137,0.701405,0.701315,0.70133
1790308200,0.701325,0.70146,0.701315,0.701385
1790308500,0.70138,0.70154,0.701375,0.70142
1790308800,0.701405,0.701415,0.70125,0.70136
1790309100,0.70136,0.70149,0.70136,0.70148
1790309400,0.70148,0.701485,0.7013,0.70133
1790309700,0.701325,0.70139,0.70128,0.701325
1790310000,0.70133,0.701355,0.701245,0.70128
1790310300,0.701285,0.70136,0.701255,0.70132
1790310600,0.701325,0.70145,0.7013,0.701425
1790310900,0.701425,0.70156,0.701425,0.70152
1790311200,0.701525,0.70162,0.70146,0.701475
1790311500,0.70147,0.70154,0.701465,0.701515
1790311800,0.701515,0.70152,0.70146,0.701485
1790312100,0.701495,0.701495,0.70134,0.70141
1790312400,0.701415,0.70151,0.70139,0.70147
1790312700,0.70148,0.7016,0.70147,0.70158
1790313000,0.701575,0.701585,0.701415,0.70151
1790313300,0.701515,0.70163,0.701505,0.70154
1790313600,0.701545,0.70158,0.7014,0.701485
1790313900,0.70148,0.7016,0.70147,0.70155
1790314200,0.701545,0.701835,0.70149,0.70177
1790314500,0.701775,0.70184,0.701685,0.701785
1790314800,0.701785,0.70188,0.70171,0.70181
1790315100,0.701805,0.70185,0.701675,0.701705
1790315400,0.701705,0.701905,0.701655,0.701845
1790315700,0.70184,0.70191,0.70163,0.70188
1790316000,0.701875,0.701975,0.701805,0.70196
1790316300,0.70196,0.701965,0.7017,0.70171
1790316600,0.701715,0.702215,0.701715,0.70216
1790316900,0.70215,0.702355,0.70214,0.70232
1790317200,0.70232,0.70247,0.7022,0.70242
1790317500,0.702425,0.70248,0.70219,0.70222
1790317800,0.702215,0.70245,0.70216,0.702445
1790318100,0.70245,0.7025,0.702235,0.702365
1790318400,0.70237,0.702585,0.70235,0.702555
1790318700,0.70256,0.70258,0.70242,0.702555
1790319000,0.70255,0.702575,0.70231,0.702565
1790319300,0.70256,0.70276,0.70242,0.70247
1790319600,0.70246,0.70268,0.702225,0.70227
1790319900,0.702265,0.70249,0.70226,0.70241
1790320200,0.70241,0.70242,0.70226,0.70233
1790320500,0.70234,0.70242,0.702115,0.702165
1790320800,0.70217,0.70222,0.70192,0.702
1790321100,0.702005,0.702155,0.70189,0.70196
1790321400,0.70196,0.702125,0.70185,0.70192
1790321700,0.701925,0.70218,0.70192,0.70197
1790322000,0.701975,0.7021,0.70191,0.7021
1790322300,0.702095,0.70228,0.702035,0.70215
1790322600,0.702145,0.70229,0.702125,0.702215
1790322900,0.702215,0.702495,0.702215,0.70242
1790323200,0.702415,0.702455,0.702245,0.7023
1790323500,0.7023,0.70262,0.7023,0.702565
1790323800,0.70256,0.70287,0.70253,0.70284
1790324100,0.70284,0.70298,0.7027,0.70276
1790324400,0.702765,0.702805,0.70258,0.702665
1790324700,0.70267,0.70276,0.702475,0.70274
1790325000,0.702735,0.70282,0.70264,0.702645
1790325300,0.70265,0.70267,0.702475,0.70253
1790325600,0.70252,0.70276,0.70252,0.70272
1790325900,0.70272,0.70287,0.70272,0.70281
1790326200,0.702815,0.70296,0.70281,0.702935
1790326500,0.70293,0.703045,0.70287,0.70292
1790326800,0.70292,0.70305,0.702865,0.702885
1790327100,0.70289,0.70311,0.702795,0.703085
1790327400,0.70309,0.703105,0.70296,0.703
1790327700,0.70301,0.703035,0.702815,0.70288
1790328000,0.70288,0.7029,0.7027,0.7028
1790328300,0.702805,0.70281,0.70263,0.70264
1790328600,0.70264,0.703,0.70263,0.702925
1790328900,0.702925,0.702955,0.702775,0.702905
1790329200,0.70291,0.70302,0.702825,0.702835
1790329500,0.70284,0.702855,0.70267,0.7027
1790329800,0.702695,0.70276,0.702585,0.702755
1790330100,0.70275,0.70293,0.70267,0.7028
1790330400,0.7028,0.702925,0.702795,0.70285
1790330700,0.70285,0.703075,0.70281,0.70307
1790331000,0.70307,0.703105,0.70301,0.70307
1790331300,0.70307,0.70319,0.702965,0.703015
1790331600,0.70302,0.70313,0.70293,0.702965
1790331900,0.70297,0.70308,0.70297,0.702985
1790332200,0.70298,0.703085,0.702955,0.703015
1790332500,0.70301,0.703045,0.70287,0.70291
1790332800,0.70291,0.702975,0.702815,0.70297
1790333100,0.702965,0.70301,0.70285,0.7029
1790333400,0.702895,0.70296,0.7028,0.702905
1790333700,0.70291,0.702915,0.7028,0.702845
1790334000,0.70284,0.703195,0.70284,0.703185
1790334300,0.70318,0.703595,0.703165,0.70352
1790334600,0.70352,0.703555,0.70341,0.703505
1790334900,0.70351,0.703635,0.703445,0.703475
1790335200,0.70348,0.703635,0.703375,0.703445
1790335500,0.70344,0.70349,0.703325,0.70333
1790335800,0.703325,0.70334,0.703205,0.70325
1790336100,0.703255,0.70356,0.702975,0.70301
1790336400,0.703015,0.703175,0.703015,0.703175
1790336700,0.703175,0.703265,0.703065,0.703115
1790337000,0.70312,0.70322,0.703095,0.703155
1790337300,0.70315,0.70319,0.703045,0.703065
1790337600,0.70307,0.70321,0.70299,0.703065
1790337900,0.703075,0.703115,0.70295,0.703015
1790338200,0.703015,0.703065,0.702795,0.702845
1790338500,0.70285,0.703065,0.70281,0.702955
1790338800,0.70295,0.703235,0.702925,0.703015
1790339100,0.70301,0.703235,0.70298,0.703105
1790339400,0.7031,0.703165,0.7029,0.703045
1790339700,0.703045,0.70308,0.702955,0.703055
1790340000,0.703055,0.703075,0.70253,0.70261
1790340300,0.702615,0.702965,0.702485,0.702715
1790340600,0.70272,0.702925,0.702505,0.702815
1790340900,0.70281,0.702835,0.70248,0.70254
1790341200,0.702545,0.70255,0.70221,0.702415
1790341500,0.70242,0.702965,0.702415,0.702905
1790341800,0.70291,0.70294,0.702665,0.702715
1790342100,0.702715,0.702725,0.702335,0.702575
1790342400,0.70257,0.702585,0.70231,0.702335
1790342700,0.70234,0.702405,0.70219,0.70236
1790343000,0.702365,0.702635,0.70222,0.70242
1790343300,0.702415,0.702815,0.70239,0.702725
1790343600,0.70273,0.70287,0.70256,0.70271
1790343900,0.702705,0.702765,0.702515,0.702705
1790344200,0.7027,0.70284,0.702605,0.702645
1790344500,0.70264,0.702755,0.702575,0.70267
1790344800,0.70268,0.702725,0.702055,0.70206
1790345100,0.702055,0.702075,0.70175,0.70207
1790345400,0.702065,0.702205,0.70183,0.70193
1790345700,0.701925,0.701925,0.701555,0.701715
1790346000,0.70172,0.7019,0.701625,0.701765
1790346300,0.70177,0.70184,0.701625,0.701625
1790346600,0.70162,0.701805,0.701545,0.701745
1790346900,0.701755,0.702055,0.70172,0.701965
1790347200,0.701955,0.702065,0.70171,0.702055
1790347500,0.702065,0.70221,0.701925,0.702135
1790347800,0.70214,0.702495,0.702095,0.702425
1790348100,0.70242,0.70257,0.702355,0.70247
1790348400,0.702465,0.70269,0.7024,0.70259
1790348700,0.702595,0.70263,0.702275,0.702295
1790349000,0.7023,0.70238,0.702215,0.702355
1790349300,0.70236,0.702405,0.70214,0.702215
1790349600,0.702215,0.70255,0.70217,0.702325
1790349900,0.70232,0.702535,0.702245,0.702465
1790350200,0.70247,0.702795,0.70243,0.70261
1790350500,0.702615,0.70263,0.702265,0.702265
1790350800,0.702275,0.70233,0.702145,0.70217
1790351100,0.702165,0.702245,0.702005,0.702165
1790351400,0.70217,0.70245,0.70201,0.702375
1790351700,0.702365,0.70318,0.702365,0.70318
1790352000,0.703175,0.704125,0.703165,0.703945
1790352300,0.70393,0.70429,0.703805,0.704055
1790352600,0.70406,0.70413,0.70368,0.703915
1790352900,0.70391,0.70391,0.70336,0.70346
1790353200,0.703465,0.70347,0.703135,0.70327
1790353500,0.703275,0.703455,0.703135,0.70343
1790353800,0.70344,0.70354,0.70288,0.7031
1790354100,0.703105,0.703345,0.703,0.70331
1790354400,0.70331,0.703345,0.70307,0.70315
1790354700,0.703155,0.703155,0.70282,0.702995
1790355000,0.70299,0.70306,0.70292,0.70297
1790355300,0.70297,0.703075,0.702855,0.70301
1790355600,0.703015,0.703175,0.70292,0.70301
1790355900,0.703015,0.703055,0.70281,0.70293
1790356200,0.702925,0.70296,0.70283,0.70287
1790356500,0.702865,0.70287,0.70274,0.7028
1790356800,0.702795,0.702845,0.702765,0.702805
1790357100,0.70281,0.702865,0.70271,0.70275
1790357400,0.702755,0.70284,0.702625,0.702675
1790357700,0.70268,0.70278,0.70251,0.702675
1790358000,0.70267,0.702885,0.70264,0.70278
1790358300,0.70278,0.70278,0.70255,0.70262
1790358600,0.702615,0.702665,0.702515,0.7026
1790358900,0.702595,0.70267,0.702585,0.702665
1790359200,0.702675,0.702765,0.70265,0.702665
1790359500,0.702665,0.70279,0.70265,0.70278
1790359800,0.70278,0.702785,0.70265,0.70274
1790360100,0.70274,0.702805,0.70273,0.702805
1790360400,0.7028,0.702865,0.702715,0.702855
1790360700,0.70286,0.702935,0.70262,0.702845
1790361000,0.70285,0.70301,0.702845,0.702995
1790361300,0.70299,0.70312,0.70287,0.70288
1790361600,0.70287,0.703,0.70281,0.702995
1790361900,0.703,0.703105,0.70296,0.70308
1790362200,0.703085,0.70312,0.70296,0.70297
1790362500,0.702975,0.70305,0.70285,0.70292
1790362800,0.702925,0.70309,0.70277,0.70282
1790363100,0.70282,0.702985,0.70276,0.70297
1790363400,0.702975,0.702985,0.702865,0.70297
1790363700,0.702975,0.70298,0.70288,0.70291
1790364000,0.702915,0.70294,0.702805,0.70289
1790364300,0.702885,0.702915,0.70281,0.702825
1790364600,0.70282,0.70287,0.70275,0.70281
1790364900,0.702805,0.70304,0.702805,0.702965
1790365200,0.70296,0.702975,0.70287,0.702915
1790365500,0.702925,0.703,0.70288,0.7029
1790365800,0.702905,0.70297,0.70283,0.702845
1790366100,0.702845,0.702845,0.70262,0.70266
1790366400,0.702655,0.702835,0.70261,0.70277
1790366700,0.702765,0.702765,0.70256,0.70256
1790367000,0.702565,0.70263,0.702545,0.702595
1790367300,0.70259,0.702645,0.70258,0.702615
1790367600,0.70262,0.702635,0.70257,0.702625
1790367900,0.70262,0.70262,0.70252,0.702525
1790368200,0.70253,0.70273,0.702525,0.70271
1790368500,0.70271,0.702755,0.70267,0.70274
1790368800,0.702735,0.702735,0.70266,0.70266
1790369100,0.702665,0.70268,0.70255,0.70257
1790369400,0.70256,0.702585,0.7025,0.702575
1790369700,0.70256,0.702655,0.70232,0.702385
