time,open,high,low,close
1772498263,60000.0,60005.19,59985.13,59988.47
1772499163,59988.47,60048.46,59943.55,60044.63
1772500063,60044.63,60079.24,60038.12,60071.22
1772500963,60071.22,60087.46,60036.31,60080.49
1772501863,60080.49,60136.33,60058.34,60133.02
1772502763,60133.02,60140.41,60012.51,60051.85
1772503663,60051.85,60058.37,60035.89,60055.18
1772504563,60055.18,60064.55,59924.18,59938.89
1772505463,59938.89,60015.99,59927.6,60008.77
1772506363,60008.77,60052.09,59975.37,60028.62
1772507263,60028.62,60119.52,59950.03,60074.08
1772508163,60074.08,60101.56,59999.25,60025.53
1772509063,60025.53,60115.25,60000.11,60078.67
1772509963,60078.67,60081.26,59989.68,59998.5
1772510863,59998.5,60032.21,59979.35,60007.65
1772511763,60007.65,60055.14,59993.3,60035.64
1772512663,60035.64,60057.16,59971.38,59985.48
1772513563,59985.48,60032.93,59915.41,60025.43
1772514463,60025.43,60058.4,59936.83,59959.89
1772515363,59959.89,60088.8,59934.81,60073.63
1772516263,60073.63,60190.56,60030.95,60187.74
1772517163,60187.74,60216.33,60101.87,60145.18
1772518063,60145.18,60155.46,60135.71,60147.86
1772518963,60147.86,60223.17,60078.22,60205.75
1772519863,60205.75,60273.63,60188.89,60255.35
1772520763,60255.35,60283.91,60171.81,60188.82
1772521663,60188.82,60211.3,60161.49,60183.2
1772522563,60183.2,60238.44,60127.23,60159.71
1772523463,60159.71,60172.18,60078.48,60114.29
1772524363,60114.29,60122.13,60107.77,60112.81
1772525263,60112.81,60226.39,60104.6,60199.59
1772526163,60199.59,60226.69,60107.28,60118.71
1772527063,60118.71,60217.77,60060.12,60216.87
1772527963,60216.87,60264.66,60184.71,60188.16
1772528863,60188.16,60222.01,60142.33,60146.86
1772529763,60146.86,60285.21,60126.19,60260.72
1772530663,60260.72,60282.05,60053.98,60070.65
1772531563,60070.65,60089.47,60026.59,60026.66
1772532463,60026.66,60196.3,60013.82,60164.65
1772533363,60164.65,60286.98,60153.72,60273.59
1772534263,60273.59,60318.65,60266.99,60281.41
1772535163,60281.41,60307.97,60184.55,60184.64
1772536063,60184.64,60375.74,60143.67,60367.32
1772536963,60367.32,60370.98,60253.36,60263.06
1772537863,60263.06,60453.14,60233.34,60402.72
1772538763,60402.72,60496.03,60381.34,60450.02
1772539663,60450.02,60469.84,60412.58,60454.19
1772540563,60454.19,60475.57,60393.58,60469.82
1772541463,60469.82,60479.44,60373.87,60420.94
1772542363,60420.94,60428.78,60364.59,60389.3
1772543263,60389.3,60506.48,60355.79,60505.15
1772544163,60505.15,60557.29,60490.4,60541.78
1772545063,60541.78,60575.78,60483.12,60485.76
1772545963,60485.76,60579.97,60467.48,60541.74
1772546863,60541.74,60629.25,60534.43,60564.66
1772547763,60564.66,60568.02,60496.5,60540.99
1772548663,60540.99,60566.07,60505.12,60550.48
1772549563,60550.48,60602.28,60500.47,60509.46
1772550463,60509.46,60546.08,60483.32,60527.83
1772551363,60527.83,60606.29,60512.29,60576.44
1772552263,60576.44,60620.93,60547.16,60560.75
1772553163,60560.75,60583.11,60541.45,60557.13
1772554063,60557.13,60613.51,60545.12,60596.18
1772554963,60596.18,60698.77,60584.76,60677.39
1772555863,60677.39,60745.59,60621.52,60677.61
1772556763,60677.61,60742.42,60674.6,60733.23
1772557663,60733.23,60885.61,60666.0,60885.36
1772558563,60885.36,60895.87,60835.26,60849.99
1772559463,60849.99,60851.86,60786.25,60794.73
1772560363,60794.73,60874.08,60734.66,60810.93
1772561263,60810.93,60863.22,60767.36,60797.57
1772562163,60797.57,60915.92,60771.48,60820.97
1772563063,60820.97,60837.37,60687.17,60701.35
1772563963,60701.35,60795.53,60693.64,60756.82
1772564863,60756.82,60769.87,60591.43,60628.64
1772565763,60628.64,60724.6,60627.58,60665.89
1772566663,60665.89,60841.54,60649.04,60777.74
1772567563,60777.74,60839.69,60752.45,60802.49
1772568463,60802.49,60821.34,60785.08,60806.24
1772569363,60806.24,60840.8,60744.65,60767.98
1772570263,60767.98,60787.29,60606.06,60675.43
1772571163,60675.43,60688.92,60603.1,60648.76
1772572063,60648.76,60684.51,60636.79,60654.47
1772572963,60654.47,60674.7,60549.1,60594.92
1772573863,60594.92,60689.07,60495.01,60674.45
1772574763,60674.45,60693.06,60662.64,60671.87
1772575663,60671.87,60741.35,60608.92,60654.11
1772576563,60654.11,60666.11,60529.31,60542.16
1772577463,60542.16,60645.26,60474.49,60604.81
1772578363,60604.81,60606.94,60449.21,60452.3
1772579263,60452.3,60503.01,60415.57,60479.92
1772580163,60479.92,60489.79,60306.97,60318.08
1772581063,60318.08,60421.24,60312.35,60397.51
1772581963,60397.51,60509.55,60377.69,60505.46
1772582863,60505.46,60523.0,60398.84,60463.81
1772583763,60463.81,60483.81,60452.94,60476.32
1772584663,60476.32,60487.47,60367.7,60419.21
1772585563,60419.21,60437.5,60401.46,60422.27
1772586463,60422.27,60460.21,60412.93,60416.69
1772587363,60416.69,60476.92,60388.38,60421.58
1772588263,60421.58,60525.69,60401.49,60504.31
1772589163,60504.31,60513.66,60400.59,60413.15
1772590063,60413.15,60473.14,60334.82,60351.84
1772590963,60351.84,60368.43,60187.4,60199.62
1772591863,60199.62,60213.71,60187.91,60199.73
1772592763,60199.73,60234.48,60013.42,60036.6
1772593663,60036.6,60197.79,59982.51,60140.7
1772594563,60140.7,60163.78,59918.77,59976.25
1772595463,59976.25,60112.94,59942.02,60105.34
1772596363,60105.34,60285.45,60048.61,60266.14
1772597263,60266.14,60311.55,60262.8,60289.61
1772598163,60289.61,60330.82,60209.7,60252.4
1772599063,60252.4,60332.22,60227.59,60277.79
1772599963,60277.79,60300.7,60257.1,60294.64
1772600863,60294.64,60349.38,60266.33,60346.47
1772601763,60346.47,60511.18,60341.46,60487.43
1772602663,60487.43,60510.96,60399.57,60436.5
1772603563,60436.5,60450.28,60419.25,60424.78
1772604463,60424.78,60477.57,60401.87,60474.09
1772605363,60474.09,60498.98,60439.27,60459.44
1772606263,60459.44,60485.23,60421.91,60450.11
1772607163,60450.11,60479.64,60364.88,60390.85
1772608063,60390.85,60437.95,60318.74,60387.12
1772608963,60387.12,60435.5,60375.68,60389.06
1772609863,60389.06,60433.71,60375.52,60383.03
1772610763,60383.03,60419.77,60359.98,60405.99
1772611663,60405.99,60459.59,60340.5,60345.29
1772612563,60345.29,60356.47,60250.26,60278.89
1772613463,60278.89,60293.35,60202.28,60224.12
1772614363,60224.12,60326.04,60207.6,60284.05
1772615263,60284.05,60398.45,60272.15,60374.67
1772616163,60374.67,60495.02,60374.6,60470.35
1772617063,60470.35,60487.2,60356.13,60375.04
1772617963,60375.04,60394.48,60293.73,60301.13
1772618863,60301.13,60311.95,60126.23,60131.45
1772619763,60131.45,60162.55,60066.34,60084.68
1772620663,60084.68,60104.78,60015.33,60036.18
1772621563,60036.18,60046.16,59895.96,59914.9
1772622463,59914.9,59926.82,59913.79,59920.49
1772623363,59920.49,60018.12,59911.04,60011.27
1772624263,60011.27,60032.93,59898.56,59914.4
1772625163,59914.4,60052.89,59913.61,60030.47
1772626063,60030.47,60033.1,60025.46,60025.77
1772626963,60025.77,60050.52,59869.01,59888.61
1772627863,59888.61,60046.54,59879.04,59979.05
1772628763,59979.05,59979.34,59917.89,59976.16
1772629663,59976.16,59990.73,59793.53,59837.66
1772630563,59837.66,59898.28,59589.68,59631.13
1772631463,59631.13,59742.71,59624.31,59716.66
1772632363,59716.66,59734.98,59590.52,59623.58
1772633263,59623.58,59758.78,59600.63,59728.99
1772634163,59728.99,59739.55,59686.25,59738.81
1772635063,59738.81,59784.67,59722.0,59748.44
1772635963,59748.44,59770.19,59691.1,59702.62
1772636863,59702.62,59728.7,59677.21,59693.07
1772637763,59693.07,59698.49,59636.32,59682.17
1772638663,59682.17,59692.69,59642.91,59674.28
1772639563,59674.28,59746.8,59663.97,59729.17
1772640463,59729.17,59760.46,59537.08,59577.04
1772641363,59577.04,59608.8,59474.82,59514.85
1772642263,59514.85,59517.08,59478.54,59508.5
1772643163,59508.5,59660.89,59449.35,59615.93
1772644063,59615.93,59640.18,59460.92,59500.01
1772644963,59500.01,59503.9,59448.16,59468.92
1772645863,59468.92,59471.78,59427.76,59451.06
1772646763,59451.06,59569.31,59440.87,59554.45
1772647663,59554.45,59557.64,59508.47,59513.52
1772648563,59513.52,59543.93,59476.63,59500.52
1772649463,59500.52,59620.94,59478.55,59613.64
1772650363,59613.64,59708.53,59604.54,59680.69
1772651263,59680.69,59723.59,59678.62,59697.67
1772652163,59697.67,59698.39,59563.1,59619.76
1772653063,59619.76,59632.16,59582.21,59619.28
1772653963,59619.28,59659.23,59619.27,59631.39
1772654863,59631.39,59673.73,59520.42,59549.51
1772655763,59549.51,59568.52,59433.99,59440.22
1772656663,59440.22,59488.04,59408.9,59485.84
1772657563,59485.84,59590.02,59477.61,59570.66
1772658463,59570.66,59619.3,59507.77,59528.03
1772659363,59528.03,59623.33,59513.24,59623.13
1772660263,59623.13,59780.76,59617.81,59710.41
1772661163,59710.41,59739.0,59668.66,59721.87
1772662063,59721.87,59807.36,59719.27,59799.53
1772662963,59799.53,59814.89,59729.24,59768.49
1772663863,59768.49,59909.72,59744.54,59878.88
1772664763,59878.88,59941.31,59731.93,59791.34
1772665663,59791.34,59833.51,59765.34,59806.38
1772666563,59806.38,59867.25,59805.35,59839.86
1772667463,59839.86,59972.16,59779.69,59926.96
1772668363,59926.96,60089.4,59884.55,60052.29
1772669263,60052.29,60083.23,60021.71,60029.62
1772670163,60029.62,60036.48,59769.04,59823.12
1772671063,59823.12,59831.32,59689.11,59733.8
1772671963,59733.8,59791.61,59675.57,59784.86
1772672863,59784.86,59812.57,59768.35,59801.4
1772673763,59801.4,59841.58,59751.85,59760.9
1772674663,59760.9,59765.89,59735.65,59746.91
1772675563,59746.91,59759.56,59653.96,59706.09
1772676463,59706.09,59758.21,59610.18,59617.47
1772677363,59617.47,59690.28,59551.48,59556.13
1772678263,59556.13,59690.29,59505.72,59665.77
1772679163,59665.77,59691.19,59625.51,59675.43
1772680063,59675.43,59678.5,59515.99,59533.7
1772680963,59533.7,59574.12,59509.74,59564.95
1772681863,59564.95,59581.6,59455.01,59486.0
1772682763,59486.0,59486.69,59442.86,59469.74
1772683663,59469.74,59492.55,59451.04,59451.17
1772684563,59451.17,59497.09,59437.01,59491.74
1772685463,59491.74,59503.1,59351.28,59359.58
1772686363,59359.58,59458.81,59354.8,59410.87
1772687263,59410.87,59512.75,59408.03,59507.39
1772688163,59507.39,59550.84,59487.15,59543.42
1772689063,59543.42,59553.79,59519.95,59549.22
1772689963,59549.22,59586.81,59529.46,59535.58
1772690863,59535.58,59550.33,59498.48,59522.1
1772691763,59522.1,59549.41,59425.61,59453.72
1772692663,59453.72,59459.9,59365.19,59369.1
1772693563,59369.1,59424.78,59356.72,59392.9
1772694463,59392.9,59455.64,59355.13,59428.34
1772695363,59428.34,59495.04,59422.71,59478.94
1772696263,59478.94,59488.76,59401.04,59416.09
1772697163,59416.09,59419.8,59373.76,59414.56
1772698063,59414.56,59449.8,59382.06,59429.05
1772698963,59429.05,59484.74,59395.71,59416.67
1772699863,59416.67,59486.43,59386.86,59484.83
1772700763,59484.83,59489.37,59336.49,59409.2
1772701663,59409.2,59443.57,59399.85,59423.64
1772702563,59423.64,59429.1,59373.57,59384.09
1772703463,59384.09,59472.17,59363.4,59471.62
1772704363,59471.62,59477.08,59388.03,59434.72
1772705263,59434.72,59466.29,59382.99,59409.1
1772706163,59409.1,59418.99,59200.55,59241.39
1772707063,59241.39,59300.67,59109.17,59142.71
1772707963,59142.71,59227.52,59090.22,59188.18
1772708863,59188.18,59212.68,59175.22,59202.44
1772709763,59202.44,59261.94,59163.51,59261.69
1772710663,59261.69,59276.7,59234.29,59251.78
1772711563,59251.78,59284.86,59124.33,59136.79
1772712463,59136.79,59137.27,59073.13,59104.05
1772713363,59104.05,59135.14,59083.59,59125.14
1772714263,59125.14,59338.53,59104.95,59296.9
1772715163,59296.9,59409.46,59171.16,59207.12
1772716063,59207.12,59228.11,59128.57,59177.37
1772716963,59177.37,59253.81,59169.35,59210.99
1772717863,59210.99,59264.3,59174.39,59254.75
1772718763,59254.75,59267.85,59196.06,59196.74
1772719663,59196.74,59218.8,59126.65,59155.15
1772720563,59155.15,59177.33,58976.17,59016.64
1772721463,59016.64,59086.86,58956.04,58970.79
1772722363,58970.79,58995.82,58870.33,58877.63
1772723263,58877.63,58948.87,58753.69,58783.42
1772724163,58783.42,58881.7,58780.15,58837.9
1772725063,58837.9,58846.09,58747.36,58758.23
1772725963,58758.23,58829.99,58716.22,58828.29
1772726863,58828.29,58851.87,58762.79,58831.67
1772727763,58831.67,58874.65,58758.26,58775.87
1772728663,58775.87,58987.16,58758.67,58931.4
1772729563,58931.4,58952.07,58862.17,58894.01
1772730463,58894.01,58898.29,58794.3,58860.51
1772731363,58860.51,58875.07,58848.32,58851.92
1772732263,58851.92,58928.94,58844.46,58898.29
1772733163,58898.29,58906.64,58748.67,58804.98
1772734063,58804.98,58867.1,58776.99,58864.32
1772734963,58864.32,58895.84,58822.56,58839.41
1772735863,58839.41,58996.65,58830.71,58955.44
1772736763,58955.44,59155.1,58919.79,59094.86
1772737663,59094.86,59097.56,58941.58,58946.75
1772738563,58946.75,59107.33,58889.22,59012.7
1772739463,59012.7,59013.8,58940.62,58967.41
1772740363,58967.41,59003.0,58937.71,58949.75
1772741263,58949.75,58957.07,58864.56,58882.0
1772742163,58882.0,59016.33,58872.46,58996.64
1772743063,58996.64,59009.31,58995.08,59000.46
1772743963,59000.46,59011.61,58848.03,58875.48
1772744863,58875.48,58923.13,58764.1,58798.93
1772745763,58798.93,58833.41,58779.51,58787.68
1772746663,58787.68,58820.19,58628.67,58651.41
1772747563,58651.41,58684.12,58584.77,58590.15
1772748463,58590.15,58620.51,58566.21,58576.0
1772749363,58576.0,58653.7,58522.64,58537.72
1772750263,58537.72,58576.85,58438.3,58472.81
1772751163,58472.81,58508.44,58298.89,58346.44
1772752063,58346.44,58364.36,58285.66,58295.55
1772752963,58295.55,58301.19,58157.28,58163.11
1772753863,58163.11,58283.48,58072.04,58265.82
1772754763,58265.82,58266.47,58102.15,58134.15
1772755663,58134.15,58251.18,58111.52,58226.53
1772756563,58226.53,58248.88,58103.45,58164.34
1772757463,58164.34,58316.35,58156.51,58301.1
1772758363,58301.1,58398.31,58271.84,58375.78
1772759263,58375.78,58397.19,58240.03,58245.9
1772760163,58245.9,58303.05,58215.64,58274.33
1772761063,58274.33,58350.67,58253.57,58284.51
1772761963,58284.51,58354.73,58261.48,58354.15
1772762863,58354.15,58501.67,58317.43,58498.47
1772763763,58498.47,58516.17,58401.33,58428.46
1772764663,58428.46,58461.4,58348.04,58368.3
1772765563,58368.3,58368.34,58245.92,58303.88
1772766463,58303.88,58356.69,58281.93,58328.61
1772767363,58328.61,58370.11,58311.48,58334.81
1772768263,58334.81,58402.82,58291.27,58401.66
1772769163,58401.66,58407.6,58347.17,58385.47
1772770063,58385.47,58431.06,58294.54,58333.58
1772770963,58333.58,58431.67,58332.25,58366.72
1772771863,58366.72,58419.06,58312.54,58334.41
1772772763,58334.41,58361.73,58256.33,58287.95
1772773663,58287.95,58331.03,58200.98,58231.91
1772774563,58231.91,58276.83,58056.6,58103.39
1772775463,58103.39,58123.9,58024.9,58061.69
1772776363,58061.69,58101.4,58048.73,58099.95
1772777263,58099.95,58147.74,58055.64,58062.84
1772778163,58062.84,58178.45,58043.22,58100.87
1772779063,58100.87,58113.65,57915.99,57927.19
1772779963,57927.19,57942.74,57842.56,57873.24
1772780863,57873.24,57965.92,57865.39,57919.31
1772781763,57919.31,57968.97,57915.49,57952.89
1772782663,57952.89,58120.5,57939.36,58108.07
1772783563,58108.07,58161.14,57876.24,57887.31
1772784463,57887.31,57926.94,57756.16,57793.23
1772785363,57793.23,57844.94,57780.66,57801.89
1772786263,57801.89,57837.02,57720.88,57752.18
1772787163,57752.18,57769.2,57567.79,57581.57
1772788063,57581.57,57755.41,57519.82,57745.65
1772788963,57745.65,57747.59,57668.1,57678.77
1772789863,57678.77,57816.02,57668.87,57757.23
1772790763,57757.23,57881.14,57701.4,57834.82
1772791663,57834.82,57867.75,57752.25,57803.6
1772792563,57803.6,57921.16,57778.77,57899.45
1772793463,57899.45,57942.86,57806.77,57836.26
1772794363,57836.26,57837.1,57791.13,57808.49
1772795263,57808.49,57815.47,57746.4,57777.06
1772796163,57777.06,57789.92,57774.74,57782.54
1772797063,57782.54,57806.14,57666.87,57723.05
1772797963,57723.05,57760.08,57648.27,57674.95
1772798863,57674.95,57697.78,57443.61,57462.69
1772799763,57462.69,57530.89,57448.46,57525.23
1772800663,57525.23,57603.1,57502.83,57576.13
1772801563,57576.13,57581.24,57474.73,57478.3
1772802463,57478.3,57513.82,57451.11,57492.0
1772803363,57492.0,57611.76,57470.66,57565.37
1772804263,57565.37,57600.38,57547.07,57580.21
1772805163,57580.21,57618.89,57476.51,57528.06
1772806063,57528.06,57687.28,57518.33,57686.22
1772806963,57686.22,57719.6,57667.64,57719.53
1772807863,57719.53,57725.34,57657.06,57709.83
1772808763,57709.83,57725.02,57683.37,57723.01
1772809663,57723.01,57743.79,57721.1,57735.04
1772810563,57735.04,57735.97,57603.3,57637.4
1772811463,57637.4,57689.66,57609.9,57654.22
1772812363,57654.22,57722.57,57651.21,57714.15
1772813263,57714.15,57806.41,57681.25,57747.46
1772814163,57747.46,57757.82,57733.18,57735.56
1772815063,57735.56,57739.56,57641.58,57655.19
1772815963,57655.19,57665.08,57563.4,57569.7
1772816863,57569.7,57685.39,57547.66,57665.42
1772817763,57665.42,57716.51,57637.35,57691.16
1772818663,57691.16,57777.53,57541.08,57573.46
1772819563,57573.46,57584.27,57548.24,57556.68
1772820463,57556.68,57612.73,57480.01,57509.95
1772821363,57509.95,57513.76,57378.17,57398.7
1772822263,57398.7,57405.18,57326.24,57343.72
1772823163,57343.72,57429.88,57336.97,57418.29
1772824063,57418.29,57438.0,57300.11,57312.27
1772824963,57312.27,57354.87,57307.06,57344.97
1772825863,57344.97,57373.92,57304.59,57362.36
1772826763,57362.36,57451.58,57326.96,57437.11
1772827663,57437.11,57457.02,57341.81,57349.16
1772828563,57349.16,57411.9,57313.85,57385.0
1772829463,57385.0,57445.67,57370.74,57385.29
1772830363,57385.29,57407.84,57162.0,57178.48
1772831263,57178.48,57188.23,57117.82,57129.64
1772832163,57129.64,57174.72,57045.7,57082.15
1772833063,57082.15,57119.76,56942.16,56990.8
1772833963,56990.8,57036.55,56858.44,56925.63
1772834863,56925.63,57009.22,56921.31,56971.61
1772835763,56971.61,57022.53,56932.88,56957.2
1772836663,56957.2,56976.01,56944.12,56951.67
1772837563,56951.67,56953.45,56883.1,56885.91
1772838463,56885.91,56984.92,56872.43,56956.63
1772839363,56956.63,56987.48,56951.07,56982.47
1772840263,56982.47,57003.34,56957.12,56981.11
1772841163,56981.11,57049.22,56946.15,57016.37
1772842063,57016.37,57072.05,57007.88,57033.75
1772842963,57033.75,57070.0,56998.99,57047.13
1772843863,57047.13,57068.37,56999.64,57017.82
1772844763,57017.82,57040.21,56930.8,56939.33
1772845663,56939.33,56955.29,56917.19,56940.55
1772846563,56940.55,56983.43,56909.35,56968.39
1772847463,56968.39,56976.32,56924.15,56956.25
1772848363,56956.25,57047.81,56955.02,57022.43
1772849263,57022.43,57048.73,57021.5,57032.91
1772850163,57032.91,57153.89,57030.49,57104.21
1772851063,57104.21,57165.64,57094.07,57139.43
1772851963,57139.43,57166.61,57002.1,57049.17
1772852863,57049.17,57218.39,57043.54,57192.27
1772853763,57192.27,57248.9,57163.89,57196.36
1772854663,57196.36,57214.31,57095.69,57103.55
1772855563,57103.55,57108.16,57018.95,57023.03
1772856463,57023.03,57071.12,56916.16,56957.92
1772857363,56957.92,56969.2,56849.56,56855.78
1772858263,56855.78,56907.77,56824.78,56889.2
1772859163,56889.2,56909.71,56821.81,56837.56
1772860063,56837.56,56860.4,56781.52,56799.16
1772860963,56799.16,56909.43,56775.63,56882.41
1772861863,56882.41,56959.5,56874.55,56944.0
1772862763,56944.0,56952.75,56777.37,56797.59
1772863663,56797.59,56845.53,56757.02,56829.71
1772864563,56829.71,56840.19,56733.08,56748.6
1772865463,56748.6,56796.63,56747.19,56761.96
1772866363,56761.96,56826.62,56605.39,56626.89
1772867263,56626.89,56643.68,56479.94,56522.46
1772868163,56522.46,56534.43,56397.45,56409.75
1772869063,56409.75,56501.84,56401.92,56488.36
1772869963,56488.36,56582.47,56476.02,56548.97
1772870863,56548.97,56579.53,56463.41,56516.47
1772871763,56516.47,56622.43,56488.67,56569.31
1772872663,56569.31,56669.92,56535.9,56637.22
1772873563,56637.22,56687.3,56615.47,56633.26
1772874463,56633.26,56722.6,56617.26,56702.65
1772875363,56702.65,56717.46,56563.84,56594.55
1772876263,56594.55,56619.94,56543.41,56611.23
1772877163,56611.23,56741.28,56571.69,56714.97
1772878063,56714.97,56715.5,56665.3,56665.75
1772878963,56665.75,56785.47,56652.2,56751.6
1772879863,56751.6,56817.86,56745.28,56793.52
1772880763,56793.52,56895.14,56759.11,56873.79
1772881663,56873.79,56943.97,56861.55,56901.97
1772882563,56901.97,56926.98,56879.88,56916.31
1772883463,56916.31,56959.58,56846.38,56897.1
1772884363,56897.1,56916.94,56772.49,56806.84
1772885263,56806.84,56875.25,56761.34,56853.64
1772886163,56853.64,56885.03,56803.34,56828.67
1772887063,56828.67,56902.18,56790.7,56892.37
1772887963,56892.37,57008.78,56851.17,56991.5
1772888863,56991.5,57097.13,56977.02,57053.9
1772889763,57053.9,57073.03,56939.03,56964.03
1772890663,56964.03,56985.76,56906.13,56914.97
1772891563,56914.97,56998.04,56903.79,56965.27
1772892463,56965.27,56987.8,56914.06,56971.66
1772893363,56971.66,57085.03,56941.09,57043.58
1772894263,57043.58,57181.71,57017.16,57128.17
1772895163,57128.17,57146.83,57112.35,57145.2
1772896063,57145.2,57157.69,57085.98,57111.18
1772896963,57111.18,57117.72,56974.53,56991.36
1772897863,56991.36,57003.13,56905.43,56915.29
1772898763,56915.29,56938.37,56854.13,56862.57
1772899663,56862.57,56895.32,56836.54,56861.76
1772900563,56861.76,56873.92,56815.67,56847.16
1772901463,56847.16,56910.93,56765.33,56886.21
1772902363,56886.21,56909.92,56805.11,56810.93
1772903263,56810.93,56835.76,56684.7,56738.74
1772904163,56738.74,56743.93,56692.2,56707.73
1772905063,56707.73,56750.68,56680.9,56707.73
1772905963,56707.73,56754.11,56600.53,56635.39
1772906863,56635.39,56694.08,56633.42,56674.3
1772907763,56674.3,56688.33,56601.17,56610.66
1772908663,56610.66,56638.45,56426.12,56431.87
1772909563,56431.87,56522.23,56426.21,56518.15
1772910463,56518.15,56619.01,56509.51,56607.37
1772911363,56607.37,56869.59,56602.3,56864.52
1772912263,56864.52,57027.4,56833.29,57003.25
1772913163,57003.25,57019.26,56869.91,56888.68
1772914063,56888.68,56988.61,56858.5,56948.0
1772914963,56948.0,57046.7,56947.02,57043.78
1772915863,57043.78,57108.84,57024.52,57097.83
1772916763,57097.83,57103.07,56974.57,57010.94
1772917663,57010.94,57077.35,57007.98,57061.44
1772918563,57061.44,57131.88,57035.71,57085.19
1772919463,57085.19,57089.06,57014.35,57047.81
1772920363,57047.81,57083.72,56983.56,56987.29
1772921263,56987.29,57006.22,56949.88,56989.54
1772922163,56989.54,57038.92,56958.45,57037.07
1772923063,57037.07,57047.97,57008.64,57019.73
1772923963,57019.73,57054.94,57009.16,57014.98
1772924863,57014.98,57119.18,56988.86,57116.39
1772925763,57116.39,57229.26,57052.78,57173.66
1772926663,57173.66,57179.09,57166.72,57173.33
1772927563,57173.33,57177.84,57059.94,57101.91
1772928463,57101.91,57167.93,57097.43,57119.47
1772929363,57119.47,57193.1,57103.8,57140.4
1772930263,57140.4,57249.92,57095.28,57203.45
1772931163,57203.45,57267.72,57163.09,57230.64
1772932063,57230.64,57378.37,57206.52,57358.33
1772932963,57358.33,57395.11,57352.89,57375.85
1772933863,57375.85,57573.81,57286.06,57555.63
1772934763,57555.63,57577.73,57526.29,57532.42
1772935663,57532.42,57553.03,57499.87,57533.49
1772936563,57533.49,57660.49,57513.37,57642.57
1772937463,57642.57,57717.19,57604.55,57696.94
1772938363,57696.94,57720.34,57594.28,57612.51
1772939263,57612.51,57710.69,57544.36,57704.92
1772940163,57704.92,57761.27,57698.4,57707.75
1772941063,57707.75,57719.79,57658.48,57703.09
1772941963,57703.09,57728.43,57606.39,57613.83
1772942863,57613.83,57738.18,57599.67,57716.91
1772943763,57716.91,57859.86,57696.36,57818.82
1772944663,57818.82,57825.91,57785.65,57804.8
1772945563,57804.8,57828.84,57750.16,57750.44
1772946463,57750.44,57952.51,57712.36,57943.38
1772947363,57943.38,58030.37,57902.56,57995.15
1772948263,57995.15,58062.11,57884.72,57910.32
1772949163,57910.32,57997.39,57902.49,57995.83
1772950063,57995.83,58143.88,57976.16,58122.53
1772950963,58122.53,58218.35,58105.76,58181.05
1772951863,58181.05,58247.05,58061.64,58096.96
1772952763,58096.96,58227.68,58080.46,58194.75
1772953663,58194.75,58220.71,58101.83,58101.87
1772954563,58101.87,58144.3,58066.74,58141.13
1772955463,58141.13,58166.24,58061.49,58063.21
1772956363,58063.21,58220.04,58029.91,58125.16
1772957263,58125.16,58190.35,58070.32,58085.65
1772958163,58085.65,58107.72,58059.37,58087.91
1772959063,58087.91,58177.08,58049.23,58157.73
1772959963,58157.73,58236.05,58136.0,58221.18
1772960863,58221.18,58230.18,58143.34,58204.34
1772961763,58204.34,58232.48,58122.15,58160.2
1772962663,58160.2,58281.37,58150.5,58262.52
1772963563,58262.52,58277.05,58156.82,58170.7
1772964463,58170.7,58302.23,58133.1,58261.61
1772965363,58261.61,58315.11,58221.9,58278.33
1772966263,58278.33,58291.49,58151.88,58174.0
1772967163,58174.0,58257.27,58173.87,58209.48
1772968063,58209.48,58217.74,58069.05,58074.27
1772968963,58074.27,58116.65,58038.8,58046.23
1772969863,58046.23,58060.23,57896.93,57931.36
1772970763,57931.36,58075.45,57889.26,58067.35
1772971663,58067.35,58224.78,58007.23,58153.7
1772972563,58153.7,58240.47,58148.43,58225.95
1772973463,58225.95,58268.17,58205.16,58253.41
1772974363,58253.41,58406.78,58194.66,58366.29
1772975263,58366.29,58524.09,58366.13,58488.51
1772976163,58488.51,58616.83,58483.63,58602.1
1772977063,58602.1,58637.12,58551.68,58569.91
1772977963,58569.91,58586.11,58562.89,58569.12
1772978863,58569.12,58609.37,58454.26,58499.81
1772979763,58499.81,58551.42,58383.61,58405.42
1772980663,58405.42,58431.06,58380.62,58429.44
1772981563,58429.44,58459.24,58306.36,58348.0
1772982463,58348.0,58369.43,58206.99,58249.13
1772983363,58249.13,58269.05,58176.29,58250.51
1772984263,58250.51,58256.31,58096.74,58106.76
1772985163,58106.76,58116.21,58040.4,58045.07
1772986063,58045.07,58057.86,57947.88,57959.55
1772986963,57959.55,58082.61,57915.44,58064.31
1772987863,58064.31,58123.59,58032.87,58048.57
1772988763,58048.57,58075.04,58014.04,58042.04
1772989663,58042.04,58072.55,58001.83,58004.31
1772990563,58004.31,58084.72,57990.11,58064.33
1772991463,58064.33,58091.93,57981.12,57981.77
1772992363,57981.77,58156.31,57959.24,58141.95
1772993263,58141.95,58154.14,58077.86,58080.76
1772994163,58080.76,58115.87,57983.87,57987.12
1772995063,57987.12,57993.19,57947.38,57980.89
1772995963,57980.89,58001.32,57944.53,57948.87
1772996863,57948.87,57956.58,57871.31,57933.35
1772997763,57933.35,57957.8,57905.45,57938.65
1772998663,57938.65,57951.94,57731.37,57787.69
1772999563,57787.69,57864.48,57737.23,57857.3
1773000463,57857.3,57879.95,57785.58,57803.42
1773001363,57803.42,57814.5,57777.08,57780.92
1773002263,57780.92,57782.29,57628.2,57644.94
1773003163,57644.94,57887.64,57631.27,57881.25
1773004063,57881.25,57965.0,57873.65,57960.32
1773004963,57960.32,58006.98,57871.56,57890.39
1773005863,57890.39,57954.39,57881.26,57920.42
1773006763,57920.42,57938.02,57899.93,57920.41
1773007663,57920.41,57925.86,57804.84,57833.2
1773008563,57833.2,57852.65,57737.09,57773.57
1773009463,57773.57,57979.46,57771.88,57901.3
1773010363,57901.3,57930.38,57785.76,57833.99
1773011263,57833.99,57843.5,57693.93,57710.92
1773012163,57710.92,57881.32,57677.87,57850.92
1773013063,57850.92,57960.99,57836.95,57955.98
1773013963,57955.98,57958.63,57826.44,57832.89
1773014863,57832.89,57845.35,57615.87,57626.52
1773015763,57626.52,57668.89,57468.57,57491.05
1773016663,57491.05,57500.24,57419.97,57448.72
1773017563,57448.72,57457.91,57353.83,57368.09
1773018463,57368.09,57374.98,57345.83,57359.54
1773019363,57359.54,57385.39,57344.11,57347.2
1773020263,57347.2,57455.74,57303.39,57418.32
1773021163,57418.32,57545.57,57389.15,57492.08
1773022063,57492.08,57502.8,57476.31,57489.53
1773022963,57489.53,57551.21,57450.16,57531.13
1773023863,57531.13,57535.28,57431.89,57462.6
1773024763,57462.6,57634.25,57439.13,57618.87
1773025663,57618.87,57683.95,57590.22,57636.48
1773026563,57636.48,57651.58,57527.59,57540.1
1773027463,57540.1,57580.66,57527.42,57542.33
1773028363,57542.33,57761.88,57518.65,57754.58
1773029263,57754.58,57832.93,57743.22,57787.73
1773030163,57787.73,57904.22,57766.11,57855.35
1773031063,57855.35,57870.48,57836.32,57849.36
1773031963,57849.36,57904.34,57772.45,57779.34
1773032863,57779.34,57933.32,57773.13,57918.07
1773033763,57918.07,57988.02,57891.1,57981.84
1773034663,57981.84,57990.02,57904.26,57924.25
1773035563,57924.25,57999.01,57907.5,57931.29
1773036463,57931.29,57946.67,57887.06,57916.87
1773037363,57916.87,57918.98,57801.58,57846.19
1773038263,57846.19,57854.47,57705.0,57734.31
1773039163,57734.31,57763.88,57720.79,57761.07
1773040063,57761.07,57765.16,57695.48,57762.13
1773040963,57762.13,57820.62,57666.14,57704.87
1773041863,57704.87,57794.33,57680.72,57770.68
1773042763,57770.68,57985.26,57731.7,57966.57
1773043663,57966.57,58002.67,57933.39,57995.57
1773044563,57995.57,58007.42,57881.62,57951.1
1773045463,57951.1,58003.19,57937.32,57993.53
1773046363,57993.53,58083.48,57910.28,57960.0
1773047263,57960.0,57981.15,57814.6,57885.35
1773048163,57885.35,57940.23,57778.45,57805.96
1773049063,57805.96,57911.69,57739.06,57909.43
1773049963,57909.43,58071.42,57821.36,58051.99
1773050863,58051.99,58061.4,57907.82,57962.05
1773051763,57962.05,57981.29,57899.35,57903.27
1773052663,57903.27,57951.09,57880.9,57939.47
1773053563,57939.47,57974.34,57894.35,57955.22
1773054463,57955.22,58019.06,57954.37,57981.47
1773055363,57981.47,58021.05,57881.56,57931.83
1773056263,57931.83,58008.57,57893.67,57976.61
1773057163,57976.61,58044.88,57961.46,58038.3
1773058063,58038.3,58058.57,58009.86,58011.35
1773058963,58011.35,58071.6,57936.91,58069.84
1773059863,58069.84,58115.37,57985.18,58028.75
1773060763,58028.75,58040.9,58018.69,58037.12
1773061663,58037.12,58104.93,58007.74,58087.56
1773062563,58087.56,58177.48,58058.91,58140.49
1773063463,58140.49,58154.4,58103.86,58125.55
1773064363,58125.55,58141.41,58077.99,58091.9
1773065263,58091.9,58135.59,58091.32,58122.72
1773066163,58122.72,58155.42,57994.48,58013.58
1773067063,58013.58,58020.37,57905.07,57915.9
1773067963,57915.9,57916.7,57817.43,57867.72
1773068863,57867.72,57899.69,57823.52,57890.82
1773069763,57890.82,57965.9,57872.6,57931.8
1773070663,57931.8,58039.38,57892.7,58025.08
1773071563,58025.08,58040.82,57999.85,58021.48
1773072463,58021.48,58023.38,57971.06,57982.04
1773073363,57982.04,58113.9,57962.65,58083.74
1773074263,58083.74,58146.2,58050.71,58115.44
1773075163,58115.44,58146.69,58096.23,58108.09
1773076063,58108.09,58198.02,58064.24,58152.98
1773076963,58152.98,58243.61,58113.57,58242.57
1773077863,58242.57,58320.88,58154.02,58313.14
1773078763,58313.14,58423.54,58308.61,58413.14
1773079663,58413.14,58434.8,58369.98,58431.72
1773080563,58431.72,58514.17,58349.08,58505.93
1773081463,58505.93,58530.79,58425.66,58455.08
1773082363,58455.08,58499.71,58403.81,58451.56
1773083263,58451.56,58483.57,58345.84,58365.5
1773084163,58365.5,58381.3,58258.01,58280.81
1773085063,58280.81,58357.5,58233.2,58323.95
1773085963,58323.95,58324.38,58298.23,58300.69
1773086863,58300.69,58370.95,58283.3,58367.35
1773087763,58367.35,58422.09,58267.27,58278.4
1773088663,58278.4,58307.2,58267.07,58279.55
1773089563,58279.55,58467.74,58265.05,58465.45
1773090463,58465.45,58525.01,58459.18,58495.9
1773091363,58495.9,58516.18,58328.77,58330.77
1773092263,58330.77,58352.26,58292.56,58347.61
1773093163,58347.61,58394.61,58260.89,58275.72
1773094063,58275.72,58288.36,58215.71,58227.94
1773094963,58227.94,58417.61,58215.61,58384.3
1773095863,58384.3,58437.81,58345.32,58348.37
1773096763,58348.37,58384.98,58252.85,58278.73
1773097663,58278.73,58301.69,58222.2,58249.6
1773098563,58249.6,58346.27,58224.66,58341.69
1773099463,58341.69,58549.74,58293.6,58522.43
1773100363,58522.43,58544.68,58379.05,58401.58
1773101263,58401.58,58403.79,58145.64,58187.42
1773102163,58187.42,58193.28,58118.97,58144.59
1773103063,58144.59,58153.15,58069.38,58105.25
1773103963,58105.25,58256.74,58095.59,58199.18
1773104863,58199.18,58243.85,58137.0,58159.86
1773105763,58159.86,58232.53,57963.08,57993.12
1773106663,57993.12,57998.79,57952.04,57952.95
1773107563,57952.95,58047.81,57898.93,58006.83
1773108463,58006.83,58037.86,58003.73,58027.03
1773109363,58027.03,58032.23,57931.09,57975.68
1773110263,57975.68,58012.45,57826.58,57845.82
1773111163,57845.82,57977.39,57807.94,57971.22
1773112063,57971.22,57979.03,57773.65,57811.13
1773112963,57811.13,58055.42,57804.34,57985.17
1773113863,57985.17,58027.55,57950.92,58024.01
1773114763,58024.01,58025.91,57982.95,58023.76
1773115663,58023.76,58137.79,57974.66,58073.86
1773116563,58073.86,58100.98,58004.16,58029.41
1773117463,58029.41,58047.48,57954.86,57989.92
1773118363,57989.92,58058.83,57933.23,57982.38
1773119263,57982.38,57993.31,57807.3,57832.09
1773120163,57832.09,57865.17,57772.76,57792.62
1773121063,57792.62,57817.26,57787.88,57800.69
1773121963,57800.69,58014.6,57785.81,57987.18
1773122863,57987.18,58050.32,57945.82,58028.37
1773123763,58028.37,58175.9,58028.18,58132.16
1773124663,58132.16,58153.39,58073.6,58107.6
1773125563,58107.6,58129.52,57892.75,57919.83
1773126463,57919.83,58036.34,57896.57,57989.82
1773127363,57989.82,58168.18,57984.91,58101.45
1773128263,58101.45,58112.69,57983.46,57990.8
1773129163,57990.8,58039.65,57931.44,57998.37
1773130063,57998.37,58042.79,57882.35,57931.51
1773130963,57931.51,58017.45,57884.82,58011.98
1773131863,58011.98,58108.84,57982.89,58106.79
1773132763,58106.79,58206.88,58070.81,58186.14
1773133663,58186.14,58189.79,58056.14,58094.1
1773134563,58094.1,58135.04,58091.36,58098.31
1773135463,58098.31,58179.95,58009.56,58064.2
1773136363,58064.2,58104.91,58015.93,58079.95
1773137263,58079.95,58119.72,58065.94,58112.06
1773138163,58112.06,58150.99,58077.79,58137.9
1773139063,58137.9,58184.74,58114.78,58163.04
1773139963,58163.04,58241.84,58141.49,58209.69
1773140863,58209.69,58268.14,58186.25,58266.82
1773141763,58266.82,58300.54,58075.94,58124.72
1773142663,58124.72,58140.12,58097.1,58126.85
1773143563,58126.85,58200.54,58125.42,58196.66
1773144463,58196.66,58272.4,58148.57,58241.31
1773145363,58241.31,58352.11,58217.48,58297.84
1773146263,58297.84,58399.55,58277.9,58378.81
1773147163,58378.81,58435.77,58332.59,58393.38
1773148063,58393.38,58394.8,58307.91,58368.97
1773148963,58368.97,58482.25,58346.13,58451.09
1773149863,58451.09,58645.22,58420.91,58631.07
1773150763,58631.07,58861.5,58605.0,58818.69
1773151663,58818.69,58848.11,58784.16,58799.97
1773152563,58799.97,58825.52,58743.16,58822.12
1773153463,58822.12,58863.11,58666.66,58691.4
1773154363,58691.4,58865.53,58622.35,58808.37
1773155263,58808.37,58843.27,58783.29,58793.13
1773156163,58793.13,58846.02,58766.79,58788.86
1773157063,58788.86,58832.12,58686.09,58715.05
1773157963,58715.05,58716.13,58685.26,58692.54
1773158863,58692.54,58785.49,58627.86,58655.95
1773159763,58655.95,58690.12,58644.42,58660.37
1773160663,58660.37,58700.25,58574.33,58610.09
1773161563,58610.09,58681.15,58564.83,58667.05
1773162463,58667.05,58715.9,58656.91,58707.34
1773163363,58707.34,58709.04,58571.07,58597.2
1773164263,58597.2,58605.5,58587.05,58603.6
1773165163,58603.6,58676.14,58587.73,58674.16
1773166063,58674.16,58737.88,58645.24,58707.64
1773166963,58707.64,58735.3,58675.41,58680.01
1773167863,58680.01,58792.43,58666.67,58770.08
1773168763,58770.08,58848.24,58741.38,58840.52
1773169663,58840.52,59021.57,58771.83,58988.82
1773170563,58988.82,59005.27,58856.7,58864.69
1773171463,58864.69,58875.86,58821.62,58832.67
1773172363,58832.67,58950.7,58820.26,58921.16
1773173263,58921.16,58937.58,58819.95,58840.18
1773174163,58840.18,58869.39,58798.17,58868.49
1773175063,58868.49,58879.49,58804.61,58824.62
1773175963,58824.62,58892.66,58816.1,58867.08
1773176863,58867.08,58904.21,58748.93,58761.91
1773177763,58761.91,58849.07,58707.43,58825.3
1773178663,58825.3,58870.63,58794.04,58868.01
1773179563,58868.01,59051.19,58843.19,59043.27
1773180463,59043.27,59266.11,59031.37,59248.68
1773181363,59248.68,59407.03,59246.46,59367.8
1773182263,59367.8,59400.6,59355.64,59371.49
1773183163,59371.49,59400.66,59273.09,59298.44
1773184063,59298.44,59319.07,59198.59,59214.36
1773184963,59214.36,59246.3,59112.7,59122.41
1773185863,59122.41,59153.55,59088.35,59100.19
1773186763,59100.19,59241.43,59051.66,59218.98
1773187663,59218.98,59238.05,59124.86,59139.81
1773188563,59139.81,59165.62,59055.61,59095.55
1773189463,59095.55,59114.58,59061.34,59103.17
1773190363,59103.17,59132.12,59077.02,59097.83
1773191263,59097.83,59227.6,59046.76,59205.52
1773192163,59205.52,59246.02,59117.96,59167.21
1773193063,59167.21,59177.04,59011.98,59056.19
1773193963,59056.19,59141.29,59032.7,59125.89
1773194863,59125.89,59133.09,59066.47,59111.37
1773195763,59111.37,59151.86,59069.42,59098.99
1773196663,59098.99,59188.72,59075.83,59181.91
1773197563,59181.91,59222.22,59179.48,59186.01
1773198463,59186.01,59205.04,59066.27,59094.44
1773199363,59094.44,59126.66,59054.85,59121.07
1773200263,59121.07,59121.15,59033.55,59047.48
1773201163,59047.48,59119.46,59008.87,59053.26
1773202063,59053.26,59242.56,59036.94,59195.04
1773202963,59195.04,59268.43,59189.39,59248.8
1773203863,59248.8,59252.46,59115.46,59158.35
1773204763,59158.35,59215.81,59135.34,59205.17
1773205663,59205.17,59233.56,59179.87,59219.77
1773206563,59219.77,59227.72,59109.78,59125.9
1773207463,59125.9,59187.69,59117.8,59185.42
1773208363,59185.42,59297.84,59157.63,59227.46
1773209263,59227.46,59267.11,59210.28,59236.73
1773210163,59236.73,59348.24,59233.71,59341.59
1773211063,59341.59,59354.66,59276.7,59301.61
1773211963,59301.61,59307.32,59238.6,59258.15
1773212863,59258.15,59314.83,59245.31,59260.27
1773213763,59260.27,59287.86,59246.37,59274.47
1773214663,59274.47,59303.94,59229.18,59233.81
1773215563,59233.81,59434.92,59226.39,59392.74
1773216463,59392.74,59416.34,59278.85,59302.55
1773217363,59302.55,59326.03,59229.77,59264.09
1773218263,59264.09,59356.11,59251.92,59312.89
1773219163,59312.89,59432.33,59304.72,59418.47
1773220063,59418.47,59486.16,59399.63,59468.88
1773220963,59468.88,59612.33,59466.76,59581.17
1773221863,59581.17,59654.65,59564.43,59632.16
1773222763,59632.16,59751.71,59591.66,59736.68
1773223663,59736.68,59838.49,59720.22,59838.47
1773224563,59838.47,59854.3,59808.28,59841.33
1773225463,59841.33,59921.9,59825.1,59912.54
1773226363,59912.54,59945.95,59841.64,59915.15
1773227263,59915.15,59916.35,59809.29,59821.7
1773228163,59821.7,59840.3,59716.3,59745.66
1773229063,59745.66,59766.77,59743.92,59763.04
1773229963,59763.04,59768.84,59659.9,59696.71
1773230863,59696.71,59769.08,59694.31,59740.19
1773231763,59740.19,59754.19,59599.49,59604.01
1773232663,59604.01,59742.21,59591.26,59708.13
1773233563,59708.13,59711.98,59631.76,59639.61
1773234463,59639.61,59676.61,59606.21,59620.13
1773235363,59620.13,59644.26,59573.89,59617.74
1773236263,59617.74,59727.13,59501.18,59527.58
1773237163,59527.58,59563.72,59498.12,59550.59
1773238063,59550.59,59690.76,59546.1,59688.8
1773238963,59688.8,59858.0,59674.17,59834.27
1773239863,59834.27,59875.45,59798.35,59806.63
1773240763,59806.63,59849.97,59786.95,59844.47
1773241663,59844.47,59923.88,59837.23,59913.72
1773242563,59913.72,60032.26,59871.83,60011.36
1773243463,60011.36,60034.3,59941.12,59995.92
1773244363,59995.92,60001.69,59802.62,59814.74
1773245263,59814.74,59963.53,59732.86,59951.33
1773246163,59951.33,59961.81,59817.51,59829.09
1773247063,59829.09,59886.46,59815.56,59869.5
1773247963,59869.5,59872.75,59678.74,59723.68
1773248863,59723.68,59726.28,59615.26,59618.9
1773249763,59618.9,59741.66,59606.27,59701.07
1773250663,59701.07,59735.94,59676.96,59726.87
1773251563,59726.87,59753.39,59709.33,59720.54
1773252463,59720.54,59796.54,59668.8,59788.33
1773253363,59788.33,59795.74,59740.0,59790.47
1773254263,59790.47,59801.91,59669.47,59676.3
1773255163,59676.3,59719.34,59671.78,59698.8
1773256063,59698.8,59707.66,59642.36,59648.9
1773256963,59648.9,59818.72,59615.34,59798.08
1773257863,59798.08,59812.04,59688.47,59713.72
1773258763,59713.72,59827.6,59709.6,59814.49
1773259663,59814.49,59865.77,59772.4,59833.24
1773260563,59833.24,59945.44,59832.85,59944.41
1773261463,59944.41,60001.59,59938.4,59996.34
1773262363,59996.34,60006.71,59942.63,59956.91
1773263263,59956.91,60025.15,59944.06,60015.3
1773264163,60015.3,60060.29,59918.35,59965.16
1773265063,59965.16,60031.84,59949.26,60005.84
1773265963,60005.84,60126.77,59962.26,60122.42
1773266863,60122.42,60123.76,60105.51,60121.35
1773267763,60121.35,60134.3,60076.57,60127.55
1773268663,60127.55,60253.42,60090.98,60250.72
1773269563,60250.72,60264.83,60025.82,60033.31
1773270463,60033.31,60116.98,60031.63,60104.28
1773271363,60104.28,60128.28,60010.3,60067.36
1773272263,60067.36,60196.37,60067.04,60157.14
1773273163,60157.14,60173.78,60113.64,60114.38
1773274063,60114.38,60115.13,60085.15,60104.14
1773274963,60104.14,60111.41,59992.86,60034.42
1773275863,60034.42,60107.44,60011.34,60082.28
1773276763,60082.28,60094.09,59928.94,59936.09
1773277663,59936.09,59977.76,59878.56,59937.73
1773278563,59937.73,60081.15,59922.6,60074.65
1773279463,60074.65,60087.06,60030.65,60068.99
1773280363,60068.99,60109.66,60000.72,60033.34
1773281263,60033.34,60087.53,59962.78,59976.62
1773282163,59976.62,60012.2,59915.76,59919.75
1773283063,59919.75,59944.85,59858.48,59918.84
1773283963,59918.84,60009.94,59908.99,59976.29
1773284863,59976.29,60070.75,59945.74,60047.78
1773285763,60047.78,60135.24,59980.87,59993.21
1773286663,59993.21,60038.59,59968.26,60032.15
1773287563,60032.15,60062.31,59918.56,59952.59
1773288463,59952.59,60042.8,59951.89,59968.47
1773289363,59968.47,59989.79,59944.28,59953.91
1773290263,59953.91,59983.91,59945.2,59981.29
1773291163,59981.29,60005.74,59863.51,59889.08
1773292063,59889.08,59912.73,59749.46,59781.79
1773292963,59781.79,59848.94,59765.67,59830.91
1773293863,59830.91,59864.29,59779.92,59795.72
1773294763,59795.72,59963.92,59788.95,59934.83
1773295663,59934.83,59977.35,59829.32,59833.97
1773296563,59833.97,59849.36,59761.08,59807.12
1773297463,59807.12,59831.38,59779.67,59822.86
1773298363,59822.86,59906.25,59810.99,59866.9
1773299263,59866.9,59912.87,59818.1,59818.99
1773300163,59818.99,59831.19,59733.68,59778.71
1773301063,59778.71,59944.25,59726.82,59880.67
1773301963,59880.67,59883.98,59842.69,59860.52
1773302863,59860.52,59995.35,59853.16,59957.92
1773303763,59957.92,60124.61,59950.67,60123.63
1773304663,60123.63,60168.39,60080.03,60146.01
1773305563,60146.01,60205.99,60140.45,60195.34
1773306463,60195.34,60203.22,60083.91,60122.72
1773307363,60122.72,60138.49,60105.71,60122.97
1773308263,60122.97,60229.99,60119.3,60206.38
1773309163,60206.38,60215.37,60149.11,60149.61
1773310063,60149.61,60205.69,60120.59,60188.64
1773310963,60188.64,60243.28,60132.47,60202.52
1773311863,60202.52,60295.68,60160.26,60265.97
1773312763,60265.97,60289.09,60185.49,60198.32
1773313663,60198.32,60222.37,60086.29,60087.89
1773314563,60087.89,60144.53,60062.5,60119.82
1773315463,60119.82,60171.77,60091.47,60160.87
1773316363,60160.87,60171.74,59944.83,59948.05
1773317263,59948.05,59953.37,59869.46,59884.45
1773318163,59884.45,59888.04,59824.25,59825.49
1773319063,59825.49,59893.73,59811.58,59856.93
1773319963,59856.93,60001.41,59847.9,59962.28
1773320863,59962.28,59964.43,59803.04,59824.71
1773321763,59824.71,59988.03,59802.26,59986.55
1773322663,59986.55,60069.9,59983.6,60068.67
1773323563,60068.67,60174.81,60016.7,60142.03
1773324463,60142.03,60146.65,60109.94,60146.15
1773325363,60146.15,60148.16,60002.33,60016.24
1773326263,60016.24,60020.36,59947.73,59958.27
1773327163,59958.27,60006.98,59957.36,59959.67
1773328063,59959.67,60147.43,59930.65,60110.1
1773328963,60110.1,60118.91,60024.23,60051.82
1773329863,60051.82,60087.1,60038.57,60085.09
1773330763,60085.09,60114.33,60074.39,60109.29
1773331663,60109.29,60122.55,60009.96,60031.46
1773332563,60031.46,60033.26,59992.31,60018.34
1773333463,60018.34,60101.59,60015.93,60057.35
1773334363,60057.35,60058.98,59975.94,59987.65
1773335263,59987.65,60078.31,59972.62,60028.4
1773336163,60028.4,60045.62,59975.95,60004.8
1773337063,60004.8,60025.41,59902.33,59922.29
1773337963,59922.29,59930.72,59888.28,59910.26
1773338863,59910.26,59956.46,59888.31,59944.44
1773339763,59944.44,59947.26,59798.52,59806.65
1773340663,59806.65,59866.24,59787.61,59843.3
1773341563,59843.3,59898.28,59814.95,59876.07
1773342463,59876.07,59896.97,59841.11,59848.64
1773343363,59848.64,59875.79,59828.86,59847.46
1773344263,59847.46,59870.21,59794.11,59846.73
1773345163,59846.73,59883.81,59843.15,59880.84
1773346063,59880.84,60065.71,59842.77,59990.99
1773346963,59990.99,60129.5,59960.55,60100.09
1773347863,60100.09,60131.37,60032.09,60035.14
1773348763,60035.14,60192.2,60033.64,60181.35
1773349663,60181.35,60270.88,60136.42,60252.2
1773350563,60252.2,60390.73,60228.55,60377.85
1773351463,60377.85,60472.45,60358.54,60463.61
1773352363,60463.61,60567.63,60436.54,60554.54
1773353263,60554.54,60682.14,60544.81,60673.76
1773354163,60673.76,60732.32,60651.33,60722.97
1773355063,60722.97,60744.1,60706.47,60738.77
1773355963,60738.77,60747.41,60668.18,60697.86
1773356863,60697.86,60701.19,60667.88,60670.91
1773357763,60670.91,60733.09,60611.68,60713.62
1773358663,60713.62,60720.46,60584.98,60602.18
1773359563,60602.18,60654.42,60463.88,60467.37
1773360463,60467.37,60496.49,60337.91,60403.85
1773361363,60403.85,60450.57,60403.4,60420.83
1773362263,60420.83,60474.53,60408.49,60450.75
1773363163,60450.75,60619.52,60440.49,60617.66
1773364063,60617.66,60717.71,60605.11,60715.75
1773364963,60715.75,60729.35,60398.53,60400.77
1773365863,60400.77,60420.46,60338.88,60365.98
1773366763,60365.98,60460.45,60168.02,60202.64
1773367663,60202.64,60289.24,60194.4,60232.23
1773368563,60232.23,60263.04,60111.55,60160.63
1773369463,60160.63,60244.58,60144.58,60208.63
1773370363,60208.63,60214.79,60088.85,60092.54
1773371263,60092.54,60161.9,59997.6,60033.16
1773372163,60033.16,60066.93,59910.51,59993.1
1773373063,59993.1,60085.29,59980.47,60061.65
1773373963,60061.65,60166.63,60049.92,60148.22
1773374863,60148.22,60203.25,60081.14,60167.27
1773375763,60167.27,60172.8,60152.14,60168.04
1773376663,60168.04,60233.82,60116.25,60131.06
1773377563,60131.06,60170.56,60066.9,60072.38
1773378463,60072.38,60217.9,60038.44,60192.17
1773379363,60192.17,60220.3,60054.52,60061.64
1773380263,60061.64,60147.38,60041.17,60136.64
1773381163,60136.64,60188.34,60123.36,60176.85
1773382063,60176.85,60328.12,60134.74,60311.28
1773382963,60311.28,60347.49,60212.76,60282.95
1773383863,60282.95,60347.63,60214.17,60219.09
1773384763,60219.09,60234.88,60153.87,60163.75
1773385663,60163.75,60206.68,60087.29,60121.05
1773386563,60121.05,60283.14,60097.92,60213.78
1773387463,60213.78,60274.48,60006.52,60014.03
1773388363,60014.03,60068.12,59969.03,60009.58
1773389263,60009.58,60069.23,59944.99,60064.93
1773390163,60064.93,60096.4,59951.33,59989.69
1773391063,59989.69,60091.85,59958.89,60006.83
1773391963,60006.83,60191.65,59981.89,60151.65
1773392863,60151.65,60199.66,60022.27,60044.51
1773393763,60044.51,60065.21,60033.27,60065.18
1773394663,60065.18,60079.51,60033.95,60063.58
1773395563,60063.58,60072.85,59984.94,60064.21
1773396463,60064.21,60157.19,60036.94,60133.99
1773397363,60133.99,60230.96,60113.59,60203.41
1773398263,60203.41,60312.47,60196.53,60279.65
1773399163,60279.65,60331.54,60209.73,60235.65
1773400063,60235.65,60260.89,60204.89,60216.13
1773400963,60216.13,60230.14,60181.22,60206.74
1773401863,60206.74,60244.25,60184.73,60195.36
1773402763,60195.36,60229.73,60151.19,60174.24
1773403663,60174.24,60175.05,60137.43,60154.28
1773404563,60154.28,60167.78,60126.08,60137.29
1773405463,60137.29,60193.03,60120.21,60180.94
1773406363,60180.94,60304.39,60133.14,60295.91
1773407263,60295.91,60320.19,60288.93,60289.68
1773408163,60289.68,60366.81,60264.66,60315.13
1773409063,60315.13,60381.56,60292.62,60358.23
1773409963,60358.23,60408.92,60323.65,60387.59
1773410863,60387.59,60399.78,60375.7,60393.27
1773411763,60393.27,60501.98,60364.81,60451.67
1773412663,60451.67,60479.86,60378.78,60422.8
1773413563,60422.8,60462.46,60402.43,60430.86
1773414463,60430.86,60554.42,60408.64,60497.12
1773415363,60497.12,60563.5,60463.68,60560.7
1773416263,60560.7,60593.57,60514.3,60570.11
1773417163,60570.11,60626.88,60559.08,60620.58
1773418063,60620.58,60651.73,60525.69,60565.06
1773418963,60565.06,60619.34,60526.51,60545.52
1773419863,60545.52,60608.64,60486.76,60580.23
1773420763,60580.23,60641.44,60534.92,60544.68
1773421663,60544.68,60546.49,60473.69,60512.59
1773422563,60512.59,60577.03,60439.11,60439.96
1773423463,60439.96,60520.36,60428.91,60477.48
1773424363,60477.48,60478.31,60431.24,60449.7
1773425263,60449.7,60670.65,60444.1,60662.78
1773426163,60662.78,60742.07,60582.57,60624.0
1773427063,60624.0,60664.7,60331.81,60371.45
1773427963,60371.45,60374.72,60196.86,60262.74
1773428863,60262.74,60294.05,60239.71,60288.31
1773429763,60288.31,60351.47,60266.89,60340.37
1773430663,60340.37,60356.22,60173.75,60183.29
1773431563,60183.29,60214.27,60070.05,60074.47
1773432463,60074.47,60083.17,59992.51,60035.55
1773433363,60035.55,60098.97,59939.51,59964.78
1773434263,59964.78,59970.1,59922.34,59930.7
1773435163,59930.7,60044.41,59905.05,60027.25
1773436063,60027.25,60050.44,59952.39,59958.81
1773436963,59958.81,59961.47,59928.32,59944.83
1773437863,59944.83,59973.94,59788.24,59849.35
1773438763,59849.35,59900.7,59830.09,59889.87
1773439663,59889.87,59957.41,59880.22,59885.06
1773440563,59885.06,59895.54,59852.07,59875.31
1773441463,59875.31,59909.58,59853.15,59857.68
1773442363,59857.68,59868.63,59811.53,59823.36
1773443263,59823.36,59914.02,59812.46,59908.79
1773444163,59908.79,59946.22,59830.88,59852.46
1773445063,59852.46,59892.54,59830.36,59873.42
1773445963,59873.42,59877.01,59695.7,59755.88
1773446863,59755.88,59829.99,59741.86,59797.42
1773447763,59797.42,59871.68,59796.73,59855.5
1773448663,59855.5,60002.9,59836.19,59953.29
1773449563,59953.29,59991.2,59903.73,59962.76
1773450463,59962.76,59996.17,59921.98,59963.04
1773451363,59963.04,59971.43,59846.26,59901.5
1773452263,59901.5,59902.87,59782.59,59787.91
1773453163,59787.91,59829.94,59758.98,59801.91
1773454063,59801.91,59927.47,59778.12,59872.99
1773454963,59872.99,59905.89,59780.0,59834.46
1773455863,59834.46,59880.3,59827.17,59833.66
1773456763,59833.66,59931.18,59800.27,59910.83
1773457663,59910.83,60077.77,59883.7,60064.83
1773458563,60064.83,60068.51,59938.04,59968.61
1773459463,59968.61,60113.35,59968.17,60106.79
1773460363,60106.79,60143.58,60073.3,60096.16
1773461263,60096.16,60098.48,60086.95,60087.76
1773462163,60087.76,60259.18,60014.1,60232.42
1773463063,60232.42,60257.03,60160.17,60179.99
1773463963,60179.99,60232.32,60146.36,60231.89
1773464863,60231.89,60282.09,60154.87,60166.0
1773465763,60166.0,60232.47,60162.8,60188.38
1773466663,60188.38,60255.43,60163.66,60231.23
1773467563,60231.23,60235.53,60129.92,60143.61
1773468463,60143.61,60398.37,60105.76,60363.42
1773469363,60363.42,60366.73,60193.32,60240.47
1773470263,60240.47,60308.87,60210.43,60293.05
1773471163,60293.05,60447.09,60261.05,60403.23
1773472063,60403.23,60476.66,60379.07,60438.23
1773472963,60438.23,60446.09,60292.86,60335.94
1773473863,60335.94,60398.3,60310.01,60397.93
1773474763,60397.93,60482.69,60387.57,60436.77
1773475663,60436.77,60445.28,60386.95,60390.08
1773476563,60390.08,60441.43,60322.6,60333.95
1773477463,60333.95,60458.19,60276.04,60433.37
1773478363,60433.37,60466.45,60374.59,60426.27
1773479263,60426.27,60453.81,60410.16,60441.47
1773480163,60441.47,60504.28,60393.95,60486.04
1773481063,60486.04,60576.65,60479.39,60535.32
1773481963,60535.32,60595.47,60496.23,60565.04
1773482863,60565.04,60614.52,60504.17,60515.57
1773483763,60515.57,60585.79,60459.23,60569.79
1773484663,60569.79,60580.87,60349.63,60412.02
1773485563,60412.02,60468.78,60288.39,60315.63
1773486463,60315.63,60315.82,60136.2,60154.79
1773487363,60154.79,60255.89,60135.17,60200.37
1773488263,60200.37,60250.39,60167.6,60235.15
1773489163,60235.15,60318.87,60216.78,60291.24
1773490063,60291.24,60334.74,60233.57,60239.84
1773490963,60239.84,60252.56,60135.13,60148.85
1773491863,60148.85,60151.04,60136.21,60143.69
1773492763,60143.69,60302.58,60099.2,60277.61
1773493663,60277.61,60280.94,60106.79,60142.04
1773494563,60142.04,60220.45,60119.36,60200.07
1773495463,60200.07,60283.25,60180.62,60276.87
1773496363,60276.87,60292.93,60273.26,60289.4
1773497263,60289.4,60340.43,60206.59,60223.03
1773498163,60223.03,60350.85,60206.81,60334.98
1773499063,60334.98,60360.83,60289.09,60309.44
1773499963,60309.44,60381.83,60299.85,60366.44
1773500863,60366.44,60419.14,60354.16,60396.57
1773501763,60396.57,60543.8,60381.06,60521.41
1773502663,60521.41,60785.58,60485.87,60721.78
1773503563,60721.78,60877.86,60706.79,60865.57
1773504463,60865.57,61056.65,60847.82,61035.14
1773505363,61035.14,61070.28,61019.39,61068.0
1773506263,61068.0,61107.85,61043.37,61057.34
1773507163,61057.34,61128.94,61050.62,61124.1
1773508063,61124.1,61184.15,61114.85,61168.0
1773508963,61168.0,61212.16,61161.06,61162.53
1773509863,61162.53,61167.46,61141.92,61153.44
1773510763,61153.44,61181.01,61050.43,61076.24
1773511663,61076.24,61079.01,61016.43,61030.71
1773512563,61030.71,61044.66,60882.57,60924.48
1773513463,60924.48,60944.77,60878.48,60891.31
1773514363,60891.31,60898.17,60852.19,60864.54
1773515263,60864.54,60879.27,60846.01,60856.74
1773516163,60856.74,60887.99,60837.74,60881.64
1773517063,60881.64,60918.02,60859.71,60873.7
1773517963,60873.7,60995.11,60865.53,60992.72
1773518863,60992.72,60993.19,60913.61,60938.15
1773519763,60938.15,60982.91,60908.14,60908.91
1773520663,60908.91,61067.03,60900.6,61035.56
1773521563,61035.56,61065.88,60976.59,60995.85
1773522463,60995.85,61009.53,60988.94,60989.74
1773523363,60989.74,61072.78,60987.95,61047.71
1773524263,61047.71,61050.77,61008.06,61011.94
1773525163,61011.94,61045.75,60959.73,61032.14
1773526063,61032.14,61077.52,60940.03,60981.84
1773526963,60981.84,61113.83,60965.17,61057.61
1773527863,61057.61,61073.3,61012.14,61032.28
1773528763,61032.28,61143.68,60989.6,61099.26
1773529663,61099.26,61252.25,61086.83,61221.86
1773530563,61221.86,61318.96,61216.25,61295.73
1773531463,61295.73,61334.22,61164.85,61178.24
1773532363,61178.24,61182.51,61054.08,61068.14
1773533263,61068.14,61077.98,61042.38,61058.91
1773534163,61058.91,61093.56,61022.05,61042.24
1773535063,61042.24,61123.88,61029.96,61081.1
1773535963,61081.1,61156.69,61075.47,61152.11
1773536863,61152.11,61204.61,61075.31,61090.97
1773537763,61090.97,61103.85,61076.89,61083.94
1773538663,61083.94,61088.8,61061.21,61063.11
1773539563,61063.11,61145.13,61019.78,61132.41
1773540463,61132.41,61183.03,61056.39,61143.94
1773541363,61143.94,61157.1,61032.32,61056.2
1773542263,61056.2,61062.94,60896.77,60933.26
1773543163,60933.26,60999.86,60905.63,60999.62
1773544063,60999.62,61026.08,60944.03,60964.38
1773544963,60964.38,60974.4,60876.93,60877.7
1773545863,60877.7,60891.44,60814.56,60848.68
1773546763,60848.68,60856.75,60712.87,60721.53
1773547663,60721.53,60722.7,60652.74,60662.22
1773548563,60662.22,60669.57,60614.97,60657.42
1773549463,60657.42,60669.96,60557.19,60609.35
1773550363,60609.35,60701.91,60590.41,60645.9
1773551263,60645.9,60650.83,60564.23,60607.89
1773552163,60607.89,60634.53,60589.3,60609.81
1773553063,60609.81,60610.01,60574.07,60608.43
1773553963,60608.43,60686.05,60591.04,60667.31
1773554863,60667.31,60668.38,60578.1,60612.92
1773555763,60612.92,60619.47,60432.67,60440.25
1773556663,60440.25,60487.72,60401.48,60455.17
1773557563,60455.17,60498.44,60406.74,60414.11
1773558463,60414.11,60428.54,60404.5,60405.75
1773559363,60405.75,60436.41,60301.78,60349.2
1773560263,60349.2,60419.55,60302.95,60414.02
1773561163,60414.02,60431.25,60391.78,60396.88
1773562063,60396.88,60514.42,60394.34,60477.61
1773562963,60477.61,60492.44,60427.76,60440.17
1773563863,60440.17,60525.25,60389.74,60512.53
1773564763,60512.53,60552.69,60498.51,60549.73
1773565663,60549.73,60584.83,60371.76,60392.65
1773566563,60392.65,60397.2,60269.18,60301.7
1773567463,60301.7,60364.66,60169.47,60192.85
1773568363,60192.85,60272.54,60191.05,60263.24
1773569263,60263.24,60426.3,60227.7,60403.64
1773570163,60403.64,60430.32,60394.73,60413.84
1773571063,60413.84,60436.86,60279.2,60299.75
1773571963,60299.75,60407.05,60263.07,60356.93
1773572863,60356.93,60357.7,60211.92,60278.12
1773573763,60278.12,60279.98,60231.34,60255.25
1773574663,60255.25,60480.14,60239.9,60462.08
1773575563,60462.08,60514.31,60437.82,60474.58
1773576463,60474.58,60499.86,60456.04,60473.91
1773577363,60473.91,60490.58,60254.15,60322.39
1773578263,60322.39,60337.26,60268.68,60286.35
1773579163,60286.35,60311.61,60202.7,60239.72
1773580063,60239.72,60359.95,60205.41,60354.86
1773580963,60354.86,60363.93,60305.48,60330.34
1773581863,60330.34,60404.68,60291.63,60386.14
1773582763,60386.14,60414.45,60359.08,60398.94
1773583663,60398.94,60456.5,60383.86,60396.88
1773584563,60396.88,60561.11,60362.81,60548.04
1773585463,60548.04,60594.97,60538.42,60592.31
1773586363,60592.31,60592.33,60527.68,60545.45
1773587263,60545.45,60567.64,60507.12,60531.59
1773588163,60531.59,60545.65,60379.67,60427.88
1773589063,60427.88,60582.69,60379.59,60571.6
1773589963,60571.6,60672.22,60511.71,60668.26
1773590863,60668.26,60706.72,60659.27,60663.36
1773591763,60663.36,60810.52,60639.81,60803.06
1773592663,60803.06,60861.95,60652.33,60709.51
1773593563,60709.51,60865.33,60705.58,60839.65
1773594463,60839.65,60841.21,60827.06,60827.42
1773595363,60827.42,60950.49,60767.94,60938.78
1773596263,60938.78,61081.53,60926.6,61023.64
1773597163,61023.64,61024.85,60875.04,60912.75
1773598063,60912.75,60944.15,60778.12,60802.53
1773598963,60802.53,60822.55,60746.86,60787.67
1773599863,60787.67,60823.84,60758.59,60806.74
1773600763,60806.74,60841.2,60783.36,60799.97
1773601663,60799.97,60901.45,60799.13,60872.47
1773602563,60872.47,60948.47,60855.63,60944.11
1773603463,60944.11,61006.05,60878.0,60984.27
1773604363,60984.27,61075.63,60954.93,61042.6
1773605263,61042.6,61044.92,60905.48,60938.47
1773606163,60938.47,61056.2,60919.21,61047.45
1773607063,61047.45,61069.9,61016.36,61059.59
1773607963,61059.59,61072.41,61053.87,61056.91
1773608863,61056.91,61087.33,61042.94,61066.88
1773609763,61066.88,61142.65,61017.72,61132.77
1773610663,61132.77,61152.05,60830.01,60867.77
1773611563,60867.77,60912.3,60663.6,60666.07
1773612463,60666.07,60687.83,60471.11,60502.69
1773613363,60502.69,60546.63,60418.06,60429.66
1773614263,60429.66,60489.9,60325.04,60352.91
1773615163,60352.91,60376.6,60320.03,60326.15
1773616063,60326.15,60481.81,60287.93,60452.33
1773616963,60452.33,60562.76,60449.32,60554.3
1773617863,60554.3,60607.99,60481.57,60596.29
1773618763,60596.29,60633.52,60514.14,60579.31
1773619663,60579.31,60580.17,60528.92,60569.88
1773620563,60569.88,60626.4,60510.51,60617.54
1773621463,60617.54,60623.98,60538.81,60584.23
1773622363,60584.23,60635.49,60547.23,60554.95
1773623263,60554.95,60611.56,60439.86,60440.2
1773624163,60440.2,60466.25,60387.16,60393.98
1773625063,60393.98,60422.0,60383.47,60416.76
1773625963,60416.76,60435.98,60308.66,60318.45
1773626863,60318.45,60348.13,60292.29,60314.14
1773627763,60314.14,60358.76,60247.18,60251.93
1773628663,60251.93,60261.26,60103.0,60140.09
1773629563,60140.09,60180.12,60025.25,60049.13
1773630463,60049.13,60244.23,60007.68,60213.91
1773631363,60213.91,60304.97,60201.81,60300.92
1773632263,60300.92,60341.19,60266.05,60309.15
1773633163,60309.15,60417.73,60303.12,60381.17
1773634063,60381.17,60455.92,60370.1,60433.34
1773634963,60433.34,60449.55,60333.14,60337.28
1773635863,60337.28,60396.95,60245.54,60259.08
1773636763,60259.08,60310.3,60082.45,60134.88
1773637663,60134.88,60147.48,60036.62,60038.77
1773638563,60038.77,60074.97,60017.52,60044.39
1773639463,60044.39,60117.21,60043.7,60108.84
1773640363,60108.84,60126.05,59910.11,59935.84
1773641263,59935.84,59964.38,59866.25,59877.5
1773642163,59877.5,59935.4,59860.51,59925.39
1773643063,59925.39,60034.23,59890.29,59985.36
1773643963,59985.36,60073.25,59820.53,59860.3
1773644863,59860.3,59869.43,59759.39,59762.22
1773645763,59762.22,59830.48,59734.31,59791.13
1773646663,59791.13,59793.29,59689.32,59719.65
1773647563,59719.65,59837.62,59695.13,59803.88
1773648463,59803.88,59875.92,59764.34,59860.52
1773649363,59860.52,59907.93,59823.18,59894.31
1773650263,59894.31,59905.74,59811.66,59824.5
1773651163,59824.5,59924.41,59823.82,59901.86
1773652063,59901.86,59973.67,59848.98,59925.22
1773652963,59925.22,60017.47,59888.79,59985.07
1773653863,59985.07,60072.48,59968.89,60049.27
1773654763,60049.27,60119.92,60043.32,60102.24
1773655663,60102.24,60138.01,59971.42,59981.82
1773656563,59981.82,60004.58,59942.11,59947.74
1773657463,59947.74,59979.69,59942.56,59971.85
1773658363,59971.85,59986.48,59971.51,59978.93
1773659263,59978.93,59993.98,59852.84,59907.95
1773660163,59907.95,59943.56,59802.67,59814.63
1773661063,59814.63,59905.33,59810.12,59905.06
1773661963,59905.06,59913.67,59778.79,59829.66
1773662863,59829.66,59854.41,59787.71,59822.69
1773663763,59822.69,59871.96,59801.28,59843.72
1773664663,59843.72,59893.4,59748.33,59762.73
1773665563,59762.73,59780.92,59628.11,59659.24
1773666463,59659.24,59665.49,59570.05,59611.81
1773667363,59611.81,59659.76,59564.77,59574.62
1773668263,59574.62,59577.55,59492.85,59499.61
1773669163,59499.61,59616.95,59488.52,59590.36
1773670063,59590.36,59648.28,59566.59,59642.85
1773670963,59642.85,59675.29,59595.1,59601.36
1773671863,59601.36,59840.72,59580.35,59816.49
1773672763,59816.49,59983.94,59808.93,59928.0
1773673663,59928.0,59979.99,59910.17,59959.79
1773674563,59959.79,59976.07,59922.67,59946.19
1773675463,59946.19,59993.0,59830.46,59859.46
1773676363,59859.46,59889.65,59831.43,59851.33
1773677263,59851.33,59899.5,59720.1,59754.4
1773678163,59754.4,59790.06,59732.83,59761.96
1773679063,59761.96,59806.72,59723.83,59792.89
1773679963,59792.89,59851.01,59774.15,59846.39
1773680863,59846.39,59882.71,59747.99,59763.97
1773681763,59763.97,59821.11,59719.58,59803.15
1773682663,59803.15,59807.12,59708.09,59712.44
1773683563,59712.44,59761.64,59706.9,59758.44
1773684463,59758.44,59869.55,59736.04,59859.07
1773685363,59859.07,59992.6,59849.54,59954.68
1773686263,59954.68,60020.73,59922.51,60012.74
1773687163,60012.74,60226.54,59990.16,60195.19
1773688063,60195.19,60327.47,60182.3,60321.89
1773688963,60321.89,60350.01,60249.55,60266.36
1773689863,60266.36,60429.72,60239.31,60426.98
1773690763,60426.98,60602.31,60395.38,60559.29
1773691663,60559.29,60598.18,60546.65,60581.0
1773692563,60581.0,60585.44,60501.01,60528.13
1773693463,60528.13,60539.69,60422.01,60425.75
1773694363,60425.75,60519.72,60413.03,60504.06
1773695263,60504.06,60591.74,60489.11,60564.29
1773696163,60564.29,60614.33,60544.9,60586.28
1773697063,60586.28,60591.87,60561.83,60569.32
1773697963,60569.32,60594.78,60453.64,60476.81
1773698863,60476.81,60580.94,60446.88,60551.14
1773699763,60551.14,60557.89,60357.51,60400.41
1773700663,60400.41,60404.4,60288.7,60324.2
1773701563,60324.2,60357.63,60270.63,60350.69
1773702463,60350.69,60398.46,60308.87,60369.97
1773703363,60369.97,60373.33,60253.92,60300.13
1773704263,60300.13,60344.46,60278.53,60335.19
1773705163,60335.19,60359.02,60316.24,60343.52
1773706063,60343.52,60423.65,60325.9,60402.15
1773706963,60402.15,60528.42,60363.94,60518.76
1773707863,60518.76,60528.29,60492.92,60525.86
1773708763,60525.86,60537.31,60399.05,60425.1
1773709663,60425.1,60526.52,60423.75,60490.53
1773710563,60490.53,60673.08,60477.3,60647.7
1773711463,60647.7,60692.44,60627.4,60628.37
1773712363,60628.37,60635.62,60512.14,60545.8
1773713263,60545.8,60573.59,60475.41,60476.02
1773714163,60476.02,60570.68,60437.12,60544.47
1773715063,60544.47,60603.19,60503.57,60530.44
1773715963,60530.44,60574.36,60403.33,60418.65
1773716863,60418.65,60465.62,60396.53,60447.9
1773717763,60447.9,60534.48,60433.41,60490.44
1773718663,60490.44,60507.55,60474.72,60477.74
1773719563,60477.74,60491.87,60466.81,60475.92
1773720463,60475.92,60566.75,60456.37,60552.34
1773721363,60552.34,60581.83,60548.33,60574.54
1773722263,60574.54,60632.06,60374.56,60402.02
1773723163,60402.02,60411.69,60299.0,60338.3
1773724063,60338.3,60496.57,60317.79,60477.97
1773724963,60477.97,60491.09,60369.73,60411.6
1773725863,60411.6,60456.65,60371.92,60433.42
1773726763,60433.42,60477.78,60431.26,60456.11
1773727663,60456.11,60473.72,60456.06,60466.61
1773728563,60466.61,60524.41,60381.6,60468.53
1773729463,60468.53,60509.88,60437.02,60482.37
1773730363,60482.37,60596.14,60476.91,60547.42
1773731263,60547.42,60584.46,60535.28,60579.01
1773732163,60579.01,60749.92,60564.89,60726.03
1773733063,60726.03,60794.21,60710.55,60788.7
1773733963,60788.7,60824.17,60739.32,60756.09
1773734863,60756.09,60786.69,60741.26,60750.38
1773735763,60750.38,60789.58,60680.46,60769.62
1773736663,60769.62,60906.14,60730.49,60835.08
1773737563,60835.08,60876.24,60711.26,60732.2
1773738463,60732.2,60841.0,60725.88,60832.82
1773739363,60832.82,60865.09,60691.21,60699.22
1773740263,60699.22,60708.97,60581.38,60596.08
1773741163,60596.08,60641.62,60578.57,60602.88
1773742063,60602.88,60724.7,60599.6,60723.06
1773742963,60723.06,60826.95,60713.07,60792.19
1773743863,60792.19,60946.52,60792.05,60943.06
1773744763,60943.06,61004.08,60893.68,60978.41
1773745663,60978.41,61174.8,60950.69,61142.87
1773746563,61142.87,61172.54,61128.23,61153.84
1773747463,61153.84,61283.32,61124.07,61268.49
1773748363,61268.49,61283.7,61171.56,61218.05
1773749263,61218.05,61270.65,61211.4,61256.01
1773750163,61256.01,61326.84,61244.16,61314.0
1773751063,61314.0,61496.86,61294.1,61454.96
1773751963,61454.96,61493.46,61316.05,61349.49
1773752863,61349.49,61351.76,61285.26,61326.77
1773753763,61326.77,61426.24,61322.58,61339.14
1773754663,61339.14,61504.22,61252.75,61467.77
1773755563,61467.77,61502.11,61455.52,61481.09
1773756463,61481.09,61538.12,61430.41,61499.39
1773757363,61499.39,61584.31,61494.31,61547.23
1773758263,61547.23,61547.7,61459.97,61467.21
1773759163,61467.21,61513.14,61414.7,61421.53
1773760063,61421.53,61432.92,61282.47,61303.06
1773760963,61303.06,61330.39,61290.08,61307.14
1773761863,61307.14,61322.28,61238.98,61260.04
1773762763,61260.04,61300.71,61234.95,61242.35
1773763663,61242.35,61268.66,61168.33,61179.76
1773764563,61179.76,61341.15,61137.43,61300.22
1773765463,61300.22,61318.79,61264.21,61290.9
1773766363,61290.9,61369.64,61277.26,61367.79
1773767263,61367.79,61389.62,61333.71,61360.46
1773768163,61360.46,61439.01,61300.27,61392.82
1773769063,61392.82,61522.11,61377.12,61478.27
1773769963,61478.27,61620.93,61476.64,61562.58
1773770863,61562.58,61567.68,61429.98,61435.56
1773771763,61435.56,61471.49,61354.85,61369.64
1773772663,61369.64,61397.02,61220.1,61271.24
1773773563,61271.24,61367.11,61265.03,61325.27
1773774463,61325.27,61333.66,61231.91,61256.61
1773775363,61256.61,61356.31,61246.99,61335.24
1773776263,61335.24,61377.49,61283.41,61375.59
1773777163,61375.59,61387.98,61186.18,61223.47
1773778063,61223.47,61238.44,61188.81,61194.13
1773778963,61194.13,61210.22,61089.82,61120.55
1773779863,61120.55,61183.31,61088.26,61106.34
1773780763,61106.34,61162.38,61093.99,61151.02
1773781663,61151.02,61270.27,61128.9,61222.94
1773782563,61222.94,61371.85,61197.56,61319.33
1773783463,61319.33,61369.93,61315.76,61362.2
1773784363,61362.2,61437.47,61339.32,61431.39
1773785263,61431.39,61450.21,61336.02,61392.27
1773786163,61392.27,61472.41,61362.04,61446.38
1773787063,61446.38,61533.82,61443.76,61527.15
1773787963,61527.15,61549.13,61483.39,61542.98
1773788863,61542.98,61675.67,61527.09,61658.64
1773789763,61658.64,61690.63,61652.07,61681.94
1773790663,61681.94,61781.03,61652.18,61754.91
1773791563,61754.91,61769.36,61742.46,61768.18
1773792463,61768.18,61785.55,61729.39,61764.55
1773793363,61764.55,61772.79,61605.84,61626.9
1773794263,61626.9,61668.04,61564.1,61602.98
1773795163,61602.98,61758.75,61595.07,61715.18
1773796063,61715.18,61781.0,61634.61,61760.53
1773796963,61760.53,61816.12,61754.5,61792.97
1773797863,61792.97,61819.89,61588.08,61594.13
1773798763,61594.13,61628.78,61522.49,61546.87
1773799663,61546.87,61576.0,61436.73,61479.12
1773800563,61479.12,61489.27,61436.56,61462.34
1773801463,61462.34,61475.71,61295.48,61322.22
1773802363,61322.22,61351.06,61296.75,61349.49
1773803263,61349.49,61496.58,61333.59,61496.54
1773804163,61496.54,61500.35,61435.83,61436.57
1773805063,61436.57,61641.87,61432.55,61607.68
1773805963,61607.68,61631.87,61597.11,61609.24
1773806863,61609.24,61613.96,61587.57,61610.37
1773807763,61610.37,61697.05,61599.21,61669.14
1773808663,61669.14,61778.86,61646.63,61736.93
1773809563,61736.93,61789.32,61705.61,61786.76
1773810463,61786.76,61846.58,61740.78,61795.67
1773811363,61795.67,61805.48,61695.3,61717.81
1773812263,61717.81,61772.33,61661.14,61711.35
1773813163,61711.35,61803.15,61688.74,61792.93
1773814063,61792.93,61824.47,61714.75,61720.56
1773814963,61720.56,61833.45,61715.07,61831.19
1773815863,61831.19,61936.8,61825.73,61925.41
1773816763,61925.41,61965.32,61878.21,61959.6
1773817663,61959.6,61981.21,61930.8,61951.25
1773818563,61951.25,62041.14,61929.53,62026.98
1773819463,62026.98,62213.66,61975.24,62113.11
1773820363,62113.11,62173.06,62062.51,62145.15
1773821263,62145.15,62174.12,62143.29,62171.07
1773822163,62171.07,62190.33,62137.03,62140.68
1773823063,62140.68,62267.33,62133.46,62220.92
1773823963,62220.92,62223.5,62162.39,62184.95
1773824863,62184.95,62228.62,62184.34,62196.45
1773825763,62196.45,62246.41,62163.08,62175.63
1773826663,62175.63,62186.9,61905.96,61950.68
1773827563,61950.68,61981.32,61926.17,61971.24
1773828463,61971.24,61977.63,61921.46,61955.07
1773829363,61955.07,61955.96,61875.1,61917.89
1773830263,61917.89,62030.33,61904.12,61970.84
1773831163,61970.84,62003.06,61900.8,61928.47
1773832063,61928.47,61944.67,61904.15,61906.62
1773832963,61906.62,61947.44,61902.72,61946.47
1773833863,61946.47,62095.25,61906.55,62081.57
1773834763,62081.57,62107.22,62072.18,62098.24
1773835663,62098.24,62128.42,62047.29,62117.43
1773836563,62117.43,62159.45,61991.2,61992.0
1773837463,61992.0,62114.88,61976.01,62099.05
1773838363,62099.05,62114.41,61948.45,61963.97
1773839263,61963.97,62110.14,61961.68,62104.06
1773840163,62104.06,62122.27,61952.04,61959.42
1773841063,61959.42,61985.64,61888.82,61931.35
1773841963,61931.35,62091.61,61928.39,62059.57
1773842863,62059.57,62104.11,62018.16,62025.29
1773843763,62025.29,62101.12,61985.46,62073.07
1773844663,62073.07,62128.96,62016.38,62049.15
1773845563,62049.15,62064.96,61989.77,61997.08
1773846463,61997.08,62019.57,61978.61,61979.37
1773847363,61979.37,62000.57,61957.04,61981.62
1773848263,61981.62,61993.11,61949.35,61987.75
1773849163,61987.75,61991.13,61831.57,61879.39
1773850063,61879.39,61910.69,61797.35,61825.14
1773850963,61825.14,61926.45,61824.56,61888.46
1773851863,61888.46,61905.73,61825.74,61834.93
1773852763,61834.93,61845.95,61803.34,61804.96
1773853663,61804.96,61840.08,61790.84,61826.48
1773854563,61826.48,61840.1,61786.85,61788.11
1773855463,61788.11,61812.74,61630.77,61650.81
1773856363,61650.81,61657.76,61546.99,61568.99
1773857263,61568.99,61599.47,61433.62,61496.09
1773858163,61496.09,61584.55,61462.37,61575.6
1773859063,61575.6,61608.56,61572.26,61600.74
1773859963,61600.74,61666.88,61548.63,61573.87
1773860863,61573.87,61588.38,61493.12,61507.55
1773861763,61507.55,61508.41,61354.97,61363.57
1773862663,61363.57,61436.04,61291.85,61425.11
1773863563,61425.11,61464.63,61328.09,61355.72
1773864463,61355.72,61359.56,61282.51,61304.89
1773865363,61304.89,61318.18,61281.63,61294.98
1773866263,61294.98,61326.05,61260.82,61294.56
1773867163,61294.56,61385.67,61268.68,61364.81
1773868063,61364.81,61418.33,61271.25,61280.7
1773868963,61280.7,61346.6,61264.91,61324.42
1773869863,61324.42,61571.63,61298.23,61481.26
1773870763,61481.26,61544.25,61396.31,61507.39
1773871663,61507.39,61533.19,61469.69,61472.52
1773872563,61472.52,61478.73,61347.35,61387.96
1773873463,61387.96,61396.0,61330.01,61336.76
1773874363,61336.76,61338.73,61078.43,61155.02
1773875263,61155.02,61164.8,61066.19,61078.89
1773876163,61078.89,61108.75,60832.6,60853.11
1773877063,60853.11,60921.92,60846.5,60920.87
1773877963,60920.87,60978.6,60915.92,60974.73
1773878863,60974.73,61069.47,60968.54,61028.18
1773879763,61028.18,61192.65,61004.46,61128.45
1773880663,61128.45,61147.83,61118.36,61140.95
1773881563,61140.95,61201.94,61111.57,61175.35
1773882463,61175.35,61245.38,61149.95,61190.92
1773883363,61190.92,61277.53,61166.83,61235.05
1773884263,61235.05,61287.56,61185.48,61211.59
1773885163,61211.59,61358.49,61175.08,61343.93
1773886063,61343.93,61456.03,61328.79,61433.91
1773886963,61433.91,61567.84,61428.32,61557.07
1773887863,61557.07,61703.75,61525.15,61686.02
1773888763,61686.02,61858.69,61655.8,61806.45
1773889663,61806.45,61861.36,61783.08,61845.66
1773890563,61845.66,61897.53,61752.94,61756.67
1773891463,61756.67,61773.89,61670.08,61706.22
1773892363,61706.22,61752.64,61677.6,61731.73
1773893263,61731.73,61745.92,61728.26,61736.43
1773894163,61736.43,61774.44,61643.52,61657.04
1773895063,61657.04,61657.67,61592.93,61600.37
1773895963,61600.37,61686.39,61591.17,61677.99
1773896863,61677.99,61682.13,61644.87,61655.07
1773897763,61655.07,61726.76,61654.48,61675.04
1773898663,61675.04,61716.24,61642.71,61704.44
1773899563,61704.44,61715.86,61654.55,61670.75
1773900463,61670.75,61703.34,61573.13,61573.4
1773901363,61573.4,61608.68,61547.26,61604.24
1773902263,61604.24,61641.0,61589.38,61635.04
1773903163,61635.04,61650.32,61539.51,61561.02
1773904063,61561.02,61564.71,61516.27,61546.3
1773904963,61546.3,61837.48,61485.46,61769.53
1773905863,61769.53,61775.52,61674.34,61727.55
1773906763,61727.55,61777.67,61699.96,61768.65
1773907663,61768.65,61834.91,61761.0,61776.25
1773908563,61776.25,61858.73,61754.63,61793.64
1773909463,61793.64,61935.03,61747.65,61894.23
1773910363,61894.23,61929.95,61873.11,61904.84
1773911263,61904.84,61961.99,61885.16,61959.06
1773912163,61959.06,61982.02,61942.9,61946.28
1773913063,61946.28,61951.45,61788.26,61817.58
1773913963,61817.58,61953.14,61813.0,61913.73
1773914863,61913.73,61921.39,61889.63,61901.4
1773915763,61901.4,61968.91,61861.03,61958.76
1773916663,61958.76,62083.33,61929.04,62069.01
1773917563,62069.01,62080.99,62010.88,62073.16
1773918463,62073.16,62123.81,61927.7,61987.58
1773919363,61987.58,62019.66,61970.03,62006.81
1773920263,62006.81,62062.83,61825.15,61846.32
1773921163,61846.32,61911.86,61818.88,61887.12
1773922063,61887.12,61956.36,61820.97,61923.79
1773922963,61923.79,61993.88,61920.75,61971.47
1773923863,61971.47,61976.44,61886.88,61900.62
1773924763,61900.62,61945.61,61877.69,61929.65
1773925663,61929.65,61945.25,61853.13,61888.18
1773926563,61888.18,61904.13,61836.4,61875.33
1773927463,61875.33,62040.56,61872.42,61997.0
1773928363,61997.0,62019.89,61970.8,61979.03
1773929263,61979.03,62130.01,61971.93,62077.84
1773930163,62077.84,62134.18,61997.79,62049.24
1773931063,62049.24,62076.54,61960.81,61963.96
1773931963,61963.96,62068.38,61898.72,62022.68
1773932863,62022.68,62097.4,62002.98,62082.99
1773933763,62082.99,62107.12,62040.06,62068.71
1773934663,62068.71,62174.9,62051.73,62118.06
1773935563,62118.06,62250.59,62115.65,62234.6
1773936463,62234.6,62454.96,62191.9,62452.74
1773937363,62452.74,62622.59,62439.7,62599.84
1773938263,62599.84,62625.61,62398.14,62417.44
1773939163,62417.44,62499.96,62384.26,62464.79
1773940063,62464.79,62542.25,62438.31,62480.75
1773940963,62480.75,62588.56,62456.25,62523.1
1773941863,62523.1,62712.63,62515.33,62669.55
1773942763,62669.55,62822.04,62657.63,62807.02
1773943663,62807.02,62856.78,62802.92,62815.62
1773944563,62815.62,62921.17,62793.97,62918.56
1773945463,62918.56,62944.7,62876.68,62889.62
1773946363,62889.62,62930.49,62804.78,62805.38
1773947263,62805.38,62833.59,62766.19,62787.07
1773948163,62787.07,62799.84,62697.6,62712.55
1773949063,62712.55,62856.09,62688.86,62845.82
1773949963,62845.82,62894.02,62820.15,62851.8
1773950863,62851.8,62989.88,62788.99,62986.15
1773951763,62986.15,63120.09,62980.72,63060.06
1773952663,63060.06,63061.74,62967.5,62989.29
1773953563,62989.29,63012.41,62984.35,63005.16
1773954463,63005.16,63034.39,62982.08,62997.96
1773955363,62997.96,63101.39,62957.73,63099.49
1773956263,63099.49,63109.16,62929.78,62938.15
1773957163,62938.15,62991.77,62826.9,62843.73
1773958063,62843.73,63125.42,62813.83,63099.26
1773958963,63099.26,63102.82,63051.69,63089.84
1773959863,63089.84,63094.13,62953.81,62977.51
1773960763,62977.51,63018.24,62962.23,62997.74
1773961663,62997.74,63068.92,62961.21,63039.44
1773962563,63039.44,63125.14,63027.28,63091.06
1773963463,63091.06,63229.41,63045.21,63185.4
1773964363,63185.4,63263.16,63151.39,63223.69
1773965263,63223.69,63355.49,63203.23,63337.86
1773966163,63337.86,63417.91,63332.14,63399.97
1773967063,63399.97,63425.43,63283.6,63293.43
1773967963,63293.43,63377.57,63247.41,63377.54
1773968863,63377.54,63526.17,63374.5,63496.69
1773969763,63496.69,63521.39,63434.87,63456.41
1773970663,63456.41,63484.13,63353.3,63392.92
1773971563,63392.92,63560.32,63387.54,63487.14
1773972463,63487.14,63507.42,63422.93,63430.51
1773973363,63430.51,63470.87,63237.57,63255.19
1773974263,63255.19,63398.83,63234.73,63349.89
1773975163,63349.89,63486.32,63337.39,63463.73
1773976063,63463.73,63506.28,63453.21,63473.88
1773976963,63473.88,63487.57,63430.47,63445.34
1773977863,63445.34,63461.29,63344.44,63401.46
1773978763,63401.46,63444.99,63400.59,63441.89
1773979663,63441.89,63500.41,63412.97,63485.55
1773980563,63485.55,63495.86,63430.86,63437.39
1773981463,63437.39,63450.61,63349.03,63388.92
1773982363,63388.92,63441.33,63336.49,63356.31
1773983263,63356.31,63404.65,63351.63,63399.51
1773984163,63399.51,63426.52,63346.19,63381.54
1773985063,63381.54,63438.42,63373.2,63416.92
1773985963,63416.92,63433.22,63395.39,63404.76
1773986863,63404.76,63441.15,63338.57,63353.06
1773987763,63353.06,63357.41,63234.45,63252.68
1773988663,63252.68,63263.61,63139.52,63151.57
1773989563,63151.57,63160.34,63109.41,63136.81
1773990463,63136.81,63144.55,63081.07,63115.12
1773991363,63115.12,63164.01,63099.57,63159.72
1773992263,63159.72,63182.31,63101.81,63137.87
1773993163,63137.87,63151.66,63082.45,63121.37
1773994063,63121.37,63252.21,63060.33,63221.44
1773994963,63221.44,63267.03,63045.63,63050.32
1773995863,63050.32,63300.16,63040.81,63264.7
1773996763,63264.7,63386.19,63231.22,63371.33
1773997663,63371.33,63446.94,63344.87,63446.06
1773998563,63446.06,63563.02,63440.83,63520.94
1773999463,63520.94,63521.83,63434.2,63470.61
1774000363,63470.61,63472.28,63390.67,63390.89
1774001263,63390.89,63508.05,63347.92,63501.74
1774002163,63501.74,63640.7,63395.69,63606.57
1774003063,63606.57,63620.47,63505.03,63544.73
1774003963,63544.73,63564.78,63501.07,63502.5
1774004863,63502.5,63554.47,63461.92,63474.59
1774005763,63474.59,63564.98,63471.61,63563.49
1774006663,63563.49,63588.71,63528.16,63534.81
1774007563,63534.81,63553.14,63422.16,63425.56
1774008463,63425.56,63449.39,63359.08,63390.35
1774009363,63390.35,63402.99,63191.62,63232.94
1774010263,63232.94,63237.83,63092.32,63121.31
1774011163,63121.31,63148.08,63013.84,63059.03
1774012063,63059.03,63084.47,62933.13,62946.03
1774012963,62946.03,62950.12,62862.17,62887.97
1774013863,62887.97,62892.55,62813.47,62834.68
1774014763,62834.68,62856.05,62684.74,62702.87
1774015663,62702.87,62771.22,62618.49,62766.6
1774016563,62766.6,62851.64,62725.44,62811.25
1774017463,62811.25,62824.11,62689.96,62739.54
1774018363,62739.54,62739.99,62602.57,62649.46
1774019263,62649.46,62656.45,62611.32,62641.46
1774020163,62641.46,62692.33,62608.66,62689.78
1774021063,62689.78,62749.33,62685.05,62742.96
1774021963,62742.96,62791.23,62692.17,62779.9
1774022863,62779.9,62870.85,62745.88,62854.02
1774023763,62854.02,62887.84,62854.02,62868.36
1774024663,62868.36,63006.08,62817.07,62983.59
1774025563,62983.59,63021.37,62915.49,62963.14
1774026463,62963.14,63109.36,62956.02,63045.76
1774027363,63045.76,63051.05,62974.66,63007.51
1774028263,63007.51,63043.03,62915.91,62985.51
1774029163,62985.51,63005.83,62948.32,62990.3
1774030063,62990.3,63084.44,62955.44,63066.93
1774030963,63066.93,63108.72,63045.1,63094.66
1774031863,63094.66,63106.82,63012.96,63033.52
1774032763,63033.52,63042.04,62966.8,62989.39
1774033663,62989.39,63018.74,62940.45,62953.06
1774034563,62953.06,62984.49,62947.86,62983.71
1774035463,62983.71,63008.87,62907.37,62914.88
1774036363,62914.88,62993.34,62899.82,62986.43
1774037263,62986.43,63009.91,62967.58,62967.96
1774038163,62967.96,63019.36,62950.14,62998.7
1774039063,62998.7,63004.19,62914.84,62959.09
1774039963,62959.09,62988.88,62952.93,62981.03
1774040863,62981.03,62989.43,62902.96,62936.06
1774041763,62936.06,62960.03,62835.3,62875.16
1774042663,62875.16,62892.49,62804.11,62823.6
1774043563,62823.6,62841.27,62675.83,62708.39
1774044463,62708.39,62849.17,62692.81,62840.88
1774045363,62840.88,62875.9,62778.69,62849.98
1774046263,62849.98,62856.53,62744.61,62763.5
1774047163,62763.5,62784.77,62643.41,62648.11
1774048063,62648.11,62732.97,62598.93,62674.16
1774048963,62674.16,62710.4,62526.49,62555.68
1774049863,62555.68,62601.24,62459.63,62484.0
1774050763,62484.0,62517.46,62418.36,62424.8
1774051663,62424.8,62451.61,62347.37,62371.85
1774052563,62371.85,62504.41,62362.29,62492.0
1774053463,62492.0,62643.12,62484.29,62609.77
1774054363,62609.77,62641.19,62498.84,62541.77
1774055263,62541.77,62547.97,62426.76,62462.51
1774056163,62462.51,62597.52,62438.47,62520.16
1774057063,62520.16,62538.42,62450.07,62465.75
1774057963,62465.75,62472.61,62335.96,62367.29
1774058863,62367.29,62427.2,62363.45,62390.6
1774059763,62390.6,62569.29,62358.0,62508.09
1774060663,62508.09,62523.66,62397.57,62425.56
1774061563,62425.56,62478.0,62357.84,62376.75
1774062463,62376.75,62533.2,62363.71,62466.17
1774063363,62466.17,62502.62,62418.75,62482.43
1774064263,62482.43,62506.58,62407.78,62414.77
1774065163,62414.77,62440.4,62328.12,62385.32
1774066063,62385.32,62503.06,62368.42,62478.7
1774066963,62478.7,62500.61,62448.93,62478.75
1774067863,62478.75,62503.87,62382.6,62397.8
1774068763,62397.8,62527.68,62362.17,62511.83
1774069663,62511.83,62583.39,62481.8,62570.13
1774070563,62570.13,62597.52,62537.33,62540.34
1774071463,62540.34,62551.03,62509.92,62548.99
1774072363,62548.99,62566.41,62524.06,62542.05
1774073263,62542.05,62569.77,62429.12,62473.31
1774074163,62473.31,62526.35,62447.76,62514.18
1774075063,62514.18,62663.34,62509.85,62617.32
1774075963,62617.32,62761.98,62601.13,62741.31
1774076863,62741.31,62761.06,62640.75,62683.2
1774077763,62683.2,62702.34,62647.18,62650.22
1774078663,62650.22,62695.45,62504.82,62514.13
1774079563,62514.13,62558.8,62474.31,62475.02
1774080463,62475.02,62504.19,62427.3,62495.54
1774081363,62495.54,62540.17,62492.86,62508.14
1774082263,62508.14,62542.5,62488.65,62541.73
1774083163,62541.73,62592.64,62462.64,62477.07
1774084063,62477.07,62496.35,62395.03,62410.31
1774084963,62410.31,62527.72,62399.77,62496.65
1774085863,62496.65,62511.82,62433.93,62465.13
1774086763,62465.13,62477.73,62382.86,62400.95
1774087663,62400.95,62401.29,62291.18,62318.67
1774088563,62318.67,62357.18,62291.48,62296.79
1774089463,62296.79,62310.9,62240.18,62285.82
1774090363,62285.82,62330.51,62247.94,62300.0
1774091263,62300.0,62537.14,62293.95,62528.28
1774092163,62528.28,62583.84,62410.53,62440.28
1774093063,62440.28,62535.04,62436.3,62517.14
1774093963,62517.14,62554.64,62294.07,62314.11
1774094863,62314.11,62359.51,62288.08,62334.72
1774095763,62334.72,62364.63,62301.51,62358.61
1774096663,62358.61,62361.3,62265.67,62268.85
1774097563,62268.85,62320.89,62172.49,62185.65
1774098463,62185.65,62193.45,62136.25,62180.42
1774099363,62180.42,62185.99,62080.17,62118.41
1774100263,62118.41,62215.1,62113.65,62202.32
1774101163,62202.32,62279.55,62199.02,62225.07
1774102063,62225.07,62242.44,62147.43,62178.36
1774102963,62178.36,62239.81,62158.91,62225.41
1774103863,62225.41,62287.16,62222.23,62269.13
1774104763,62269.13,62283.33,62246.6,62258.59
1774105663,62258.59,62267.95,62168.74,62220.2
1774106563,62220.2,62271.28,62173.71,62267.99
1774107463,62267.99,62273.08,62107.46,62125.25
1774108363,62125.25,62139.73,62060.86,62069.36
1774109263,62069.36,62118.72,61974.05,62111.72
1774110163,62111.72,62121.01,62089.78,62118.19
1774111063,62118.19,62133.88,62000.27,62012.17
1774111963,62012.17,62162.7,61976.6,62138.51
1774112863,62138.51,62154.76,62123.53,62139.88
1774113763,62139.88,62225.75,62092.76,62210.0
1774114663,62210.0,62248.49,62175.84,62211.5
1774115563,62211.5,62313.85,62208.83,62297.26
1774116463,62297.26,62309.11,62267.88,62305.73
1774117363,62305.73,62339.02,62198.14,62267.18
1774118263,62267.18,62275.1,62220.56,62257.7
1774119163,62257.7,62288.4,62192.7,62201.38
1774120063,62201.38,62368.24,62189.34,62339.03
1774120963,62339.03,62428.97,62313.71,62393.32
1774121863,62393.32,62425.97,62286.23,62286.51
1774122763,62286.51,62303.28,62145.81,62156.26
1774123663,62156.26,62195.44,62076.22,62092.32
1774124563,62092.32,62209.88,62042.22,62183.47
1774125463,62183.47,62220.67,62157.58,62219.65
1774126363,62219.65,62277.14,62195.61,62272.46
1774127263,62272.46,62284.75,62213.11,62278.59
1774128163,62278.59,62413.33,62231.13,62381.77
1774129063,62381.77,62503.44,62377.82,62490.35
1774129963,62490.35,62500.16,62438.88,62451.3
1774130863,62451.3,62504.85,62284.32,62356.07
1774131763,62356.07,62392.81,62243.61,62271.74
1774132663,62271.74,62305.38,62230.44,62269.86
1774133563,62269.86,62291.2,62214.03,62225.29
1774134463,62225.29,62254.02,62066.92,62070.22
1774135363,62070.22,62076.4,61990.05,62000.06
1774136263,62000.06,62042.42,61994.82,62013.38
1774137163,62013.38,62060.44,62006.9,62037.82
1774138063,62037.82,62050.55,61914.05,61951.16
1774138963,61951.16,61966.34,61872.07,61903.52
1774139863,61903.52,62028.53,61895.02,61988.19
1774140763,61988.19,62141.37,61963.36,62100.8
1774141663,62100.8,62132.66,62080.27,62125.61
1774142563,62125.61,62185.85,62077.96,62099.27
1774143463,62099.27,62201.71,62058.81,62167.18
1774144363,62167.18,62171.98,62072.48,62118.79
1774145263,62118.79,62227.28,62047.97,62205.16
1774146163,62205.16,62237.21,62184.97,62186.85
1774147063,62186.85,62307.93,62178.61,62264.52
1774147963,62264.52,62338.99,62165.71,62167.26
1774148863,62167.26,62236.59,62103.28,62205.27
1774149763,62205.27,62233.98,62093.39,62128.57
1774150663,62128.57,62153.38,62024.12,62036.76
1774151563,62036.76,62111.35,62011.35,62027.84
1774152463,62027.84,62121.62,62023.35,62105.5
1774153363,62105.5,62109.28,61982.93,61990.54
1774154263,61990.54,62003.54,61930.35,61951.65
1774155163,61951.65,61970.95,61770.32,61791.03
1774156063,61791.03,61910.14,61789.52,61888.55
1774156963,61888.55,61905.3,61799.99,61844.81
1774157863,61844.81,61863.99,61732.92,61767.45
1774158763,61767.45,61819.07,61732.79,61805.91
1774159663,61805.91,61878.33,61797.67,61850.04
1774160563,61850.04,61899.62,61831.25,61849.47
1774161463,61849.47,61892.15,61833.84,61888.15
1774162363,61888.15,61931.78,61765.34,61777.02
1774163263,61777.02,61821.1,61717.07,61808.99
1774164163,61808.99,61825.13,61718.16,61721.97
1774165063,61721.97,61749.84,61662.67,61670.66
1774165963,61670.66,61675.44,61643.46,61658.59
1774166863,61658.59,61679.1,61639.8,61670.62
1774167763,61670.62,61821.29,61665.63,61803.63
1774168663,61803.63,61833.6,61651.89,61679.5
1774169563,61679.5,61744.06,61659.33,61737.62
1774170463,61737.62,61795.7,61705.52,61765.91
1774171363,61765.91,61777.46,61531.68,61555.59
1774172263,61555.59,61665.12,61518.47,61659.18
1774173163,61659.18,61788.48,61610.04,61774.83
1774174063,61774.83,61789.81,61702.51,61714.53
1774174963,61714.53,61784.78,61690.99,61744.9
1774175863,61744.9,61755.51,61656.0,61663.72
1774176763,61663.72,61710.79,61619.16,61653.34
1774177663,61653.34,61687.11,61513.32,61547.82
1774178563,61547.82,61575.73,61547.06,61556.88
1774179463,61556.88,61678.47,61533.28,61655.32
1774180363,61655.32,61673.54,61552.88,61601.18
1774181263,61601.18,61620.25,61558.62,61581.92
1774182163,61581.92,61642.15,61469.83,61506.98
1774183063,61506.98,61512.3,61474.92,61489.96
1774183963,61489.96,61615.28,61477.01,61575.17
1774184863,61575.17,61617.37,61553.19,61590.21
1774185763,61590.21,61619.17,61565.39,61591.89
1774186663,61591.89,61670.52,61589.28,61654.43
1774187563,61654.43,61664.3,61504.51,61555.02
1774188463,61555.02,61575.34,61501.76,61520.3
1774189363,61520.3,61685.48,61447.83,61654.25
1774190263,61654.25,61657.24,61600.78,61605.06
1774191163,61605.06,61620.14,61564.83,61584.24
1774192063,61584.24,61595.04,61500.89,61518.06
1774192963,61518.06,61565.52,61377.99,61391.24
1774193863,61391.24,61444.04,61383.59,61435.55
1774194763,61435.55,61483.06,61303.22,61345.67
1774195663,61345.67,61385.23,61317.33,61326.5
1774196563,61326.5,61385.62,61302.63,61373.81
1774197463,61373.81,61412.89,61333.75,61386.68
1774198363,61386.68,61482.23,61365.44,61462.32
1774199263,61462.32,61512.15,61399.52,61478.86
1774200163,61478.86,61537.51,61424.52,61495.32
1774201063,61495.32,61503.61,61387.95,61419.28
1774201963,61419.28,61570.93,61358.99,61515.74
1774202863,61515.74,61543.04,61512.01,61528.09
1774203763,61528.09,61566.43,61457.53,61501.86
1774204663,61501.86,61506.59,61419.78,61454.48
1774205563,61454.48,61635.45,61422.38,61593.32
1774206463,61593.32,61624.78,61483.81,61522.14
1774207363,61522.14,61715.69,61512.06,61707.87
1774208263,61707.87,61792.82,61667.74,61765.61
1774209163,61765.61,61778.23,61741.96,61762.69
1774210063,61762.69,61811.28,61745.78,61746.34
1774210963,61746.34,61873.11,61716.04,61817.56
1774211863,61817.56,61826.85,61776.76,61779.47
1774212763,61779.47,61787.98,61774.8,61775.86
1774213663,61775.86,61785.27,61605.21,61641.31
1774214563,61641.31,61715.16,61634.34,61661.95
1774215463,61661.95,61729.66,61659.67,61699.98
1774216363,61699.98,61850.62,61696.19,61802.1
1774217263,61802.1,61847.65,61789.8,61842.69
1774218163,61842.69,61982.37,61824.18,61953.49
1774219063,61953.49,61997.51,61880.15,61911.37
1774219963,61911.37,61944.03,61802.99,61808.03
1774220863,61808.03,61890.82,61764.14,61830.31
1774221763,61830.31,61932.48,61805.94,61909.47
1774222663,61909.47,61953.73,61745.98,61803.3
1774223563,61803.3,61879.9,61796.59,61876.05
1774224463,61876.05,61886.73,61783.98,61819.37
1774225363,61819.37,61833.93,61735.36,61786.13
1774226263,61786.13,61960.39,61785.23,61930.25
1774227163,61930.25,61972.58,61888.35,61903.5
1774228063,61903.5,61942.49,61875.81,61933.08
1774228963,61933.08,62028.55,61919.15,62016.18
1774229863,62016.18,62020.22,61983.27,61988.4
1774230763,61988.4,62010.4,61933.4,61936.01
1774231663,61936.01,62027.43,61899.34,62005.03
1774232563,62005.03,62024.94,61960.47,61965.71
1774233463,61965.71,61987.14,61949.68,61963.92
1774234363,61963.92,62024.59,61942.03,62014.33
1774235263,62014.33,62092.9,61977.77,62082.19
1774236163,62082.19,62124.5,62049.31,62090.65
1774237063,62090.65,62123.97,62036.71,62047.68
1774237963,62047.68,62177.52,61978.87,62155.2
1774238863,62155.2,62290.44,62097.23,62223.9
1774239763,62223.9,62303.37,62220.69,62291.53
1774240663,62291.53,62359.22,62277.63,62344.41
1774241563,62344.41,62351.94,62288.3,62334.05
1774242463,62334.05,62335.46,62129.16,62170.95
1774243363,62170.95,62192.19,62079.99,62156.38
1774244263,62156.38,62160.49,62096.69,62115.24
1774245163,62115.24,62201.7,62095.59,62186.39
1774246063,62186.39,62359.45,62178.32,62336.03
1774246963,62336.03,62548.01,62311.65,62529.02
1774247863,62529.02,62565.11,62446.97,62465.54
1774248763,62465.54,62579.64,62411.1,62560.76
1774249663,62560.76,62569.37,62460.86,62496.63
1774250563,62496.63,62611.73,62476.1,62600.73
1774251463,62600.73,62608.61,62388.02,62389.18
1774252363,62389.18,62409.16,62338.07,62364.46
1774253263,62364.46,62514.54,62358.62,62455.6
1774254163,62455.6,62512.16,62382.31,62391.92
1774255063,62391.92,62433.53,62337.67,62350.27
1774255963,62350.27,62424.03,62343.58,62398.73
1774256863,62398.73,62458.88,62383.29,62442.26
1774257763,62442.26,62562.1,62436.59,62536.53
1774258663,62536.53,62560.62,62476.24,62493.55
1774259563,62493.55,62515.04,62417.75,62481.74
1774260463,62481.74,62501.66,62383.76,62404.05
1774261363,62404.05,62475.33,62401.53,62474.14
1774262263,62474.14,62555.68,62435.47,62458.4
1774263163,62458.4,62592.01,62454.35,62567.52
1774264063,62567.52,62807.57,62552.38,62778.53
1774264963,62778.53,62838.48,62732.31,62758.36
1774265863,62758.36,62774.68,62636.66,62644.07
1774266763,62644.07,62668.37,62444.31,62473.47
1774267663,62473.47,62501.87,62426.91,62444.53
1774268563,62444.53,62452.97,62365.84,62371.38
1774269463,62371.38,62402.18,62292.33,62304.57
1774270363,62304.57,62490.23,62298.26,62489.11
1774271263,62489.11,62496.9,62398.68,62404.75
1774272163,62404.75,62424.43,62373.15,62374.61
1774273063,62374.61,62411.86,62268.08,62329.58
1774273963,62329.58,62340.49,62255.66,62268.67
1774274863,62268.67,62338.22,62251.55,62315.32
1774275763,62315.32,62411.4,62248.87,62362.25
1774276663,62362.25,62395.49,62357.74,62386.36
1774277563,62386.36,62440.44,62297.97,62300.49
1774278463,62300.49,62353.2,62234.73,62265.68
1774279363,62265.68,62278.77,62240.16,62250.13
1774280263,62250.13,62256.76,62212.23,62221.15
1774281163,62221.15,62368.07,62155.98,62308.74
1774282063,62308.74,62525.26,62308.25,62494.53
1774282963,62494.53,62550.57,62424.29,62460.13
1774283863,62460.13,62479.68,62360.12,62372.56
1774284763,62372.56,62385.11,62227.91,62242.5
1774285663,62242.5,62268.28,62113.48,62167.64
1774286563,62167.64,62219.83,62145.62,62206.89
1774287463,62206.89,62219.07,62121.67,62123.74
1774288363,62123.74,62130.65,62048.99,62124.68
1774289263,62124.68,62199.66,62088.66,62170.37
1774290163,62170.37,62200.66,62013.92,62031.29
1774291063,62031.29,62052.07,61990.78,62008.47
1774291963,62008.47,62063.55,62008.07,62052.4
1774292863,62052.4,62091.96,61994.11,62049.46
1774293763,62049.46,62073.12,61960.38,61984.95
1774294663,61984.95,61999.17,61931.96,61971.09
1774295563,61971.09,61981.17,61948.09,61962.86
1774296463,61962.86,62037.85,61951.18,62028.39
1774297363,62028.39,62040.79,61978.03,61998.5
1774298263,61998.5,62030.55,61828.83,61844.17
1774299163,61844.17,61965.4,61831.14,61896.21
1774300063,61896.21,61900.67,61754.85,61760.29
1774300963,61760.29,61793.47,61722.72,61792.85
1774301863,61792.85,61937.43,61782.76,61897.07
1774302763,61897.07,61915.15,61792.84,61834.93
1774303663,61834.93,61944.16,61832.78,61921.78
1774304563,61921.78,61950.58,61906.93,61910.23
1774305463,61910.23,61912.83,61825.78,61837.59
1774306363,61837.59,61849.56,61800.31,61817.82
1774307263,61817.82,61941.44,61774.99,61882.19
1774308163,61882.19,61918.69,61777.55,61783.49
1774309063,61783.49,61799.4,61630.79,61655.93
1774309963,61655.93,61763.46,61630.32,61714.27
1774310863,61714.27,61811.18,61703.53,61795.31
1774311763,61795.31,61891.38,61737.82,61865.62
1774312663,61865.62,61894.96,61728.73,61754.53
1774313563,61754.53,61914.1,61744.64,61859.92
1774314463,61859.92,61945.44,61846.46,61887.18
1774315363,61887.18,61943.08,61875.95,61931.9
1774316263,61931.9,62061.62,61929.34,62039.83
1774317163,62039.83,62047.63,61958.5,62008.38
1774318063,62008.38,62049.02,61998.76,62045.24
1774318963,62045.24,62059.3,61947.21,61952.7
1774319863,61952.7,61963.8,61927.25,61952.14
1774320763,61952.14,61965.76,61769.58,61835.63
1774321663,61835.63,61945.26,61824.5,61883.23
1774322563,61883.23,62000.36,61851.91,61951.53
1774323463,61951.53,62159.82,61941.29,62133.69
1774324363,62133.69,62220.8,62133.5,62172.35
1774325263,62172.35,62216.63,62140.34,62177.69
1774326163,62177.69,62259.9,62175.85,62238.99
1774327063,62238.99,62285.15,62208.64,62262.37
1774327963,62262.37,62275.86,62202.59,62204.85
1774328863,62204.85,62260.72,62197.33,62226.09
1774329763,62226.09,62253.42,62135.14,62152.33
1774330663,62152.33,62206.06,62134.39,62201.09
1774331563,62201.09,62267.71,62180.07,62262.91
1774332463,62262.91,62494.79,62252.57,62438.35
1774333363,62438.35,62498.88,62400.02,62465.47
1774334263,62465.47,62502.22,62410.93,62436.81
1774335163,62436.81,62473.13,62420.53,62454.82
1774336063,62454.82,62470.12,62366.81,62398.95
1774336963,62398.95,62422.39,62377.76,62386.02
1774337863,62386.02,62433.14,62333.9,62417.84
1774338763,62417.84,62527.53,62410.95,62482.82
1774339663,62482.82,62707.23,62468.7,62608.34
1774340563,62608.34,62651.01,62591.65,62610.32
1774341463,62610.32,62657.12,62577.79,62648.62
1774342363,62648.62,62765.97,62607.86,62711.12
1774343263,62711.12,62741.62,62684.17,62740.1
1774344163,62740.1,62815.97,62677.28,62728.82
1774345063,62728.82,62878.18,62725.05,62838.27
1774345963,62838.27,62847.28,62735.83,62774.42
1774346863,62774.42,62826.83,62735.33,62754.1
1774347763,62754.1,62794.42,62684.38,62690.55
1774348663,62690.55,62710.06,62605.3,62614.56
1774349563,62614.56,62766.8,62600.25,62749.06
1774350463,62749.06,62749.78,62627.4,62636.52
1774351363,62636.52,62674.61,62632.84,62663.95
1774352263,62663.95,62736.15,62537.04,62570.53
1774353163,62570.53,62675.65,62536.26,62651.64
1774354063,62651.64,62684.7,62651.13,62677.89
1774354963,62677.89,62683.24,62521.81,62541.23
1774355863,62541.23,62570.88,62490.49,62492.51
1774356763,62492.51,62589.71,62463.38,62565.72
1774357663,62565.72,62587.33,62505.38,62585.1
1774358563,62585.1,62679.72,62567.69,62660.31
1774359463,62660.31,62683.65,62559.57,62597.02
1774360363,62597.02,62634.23,62577.41,62617.94
1774361263,62617.94,62651.5,62560.99,62592.58
1774362163,62592.58,62701.88,62591.44,62687.48
1774363063,62687.48,62726.75,62618.7,62634.15
1774363963,62634.15,62692.36,62529.49,62538.37
1774364863,62538.37,62539.62,62378.98,62458.71
1774365763,62458.71,62486.57,62439.95,62465.81
1774366663,62465.81,62539.12,62456.84,62535.45
1774367563,62535.45,62554.16,62511.7,62539.73
1774368463,62539.73,62546.72,62517.53,62538.8
1774369363,62538.8,62561.39,62476.83,62492.68
1774370263,62492.68,62514.47,62434.22,62446.19
1774371163,62446.19,62470.21,62362.76,62394.99
1774372063,62394.99,62425.79,62385.78,62419.89
1774372963,62419.89,62514.67,62416.6,62488.22
1774373863,62488.22,62502.78,62274.63,62333.4
1774374763,62333.4,62338.22,62215.95,62261.99
1774375663,62261.99,62307.93,62041.99,62063.45
1774376563,62063.45,62167.71,62039.45,62118.75
1774377463,62118.75,62242.23,62100.51,62215.77
1774378363,62215.77,62299.43,62188.57,62296.88
1774379263,62296.88,62315.71,62207.44,62239.8
1774380163,62239.8,62306.8,62196.59,62276.5
1774381063,62276.5,62361.15,62274.33,62329.81
1774381963,62329.81,62384.51,62329.09,62354.1
1774382863,62354.1,62422.88,62305.64,62374.0
1774383763,62374.0,62480.76,62358.75,62458.25
1774384663,62458.25,62611.51,62437.91,62589.39
1774385563,62589.39,62610.21,62547.61,62597.89
1774386463,62597.89,62649.21,62517.54,62551.66
1774387363,62551.66,62601.84,62522.7,62592.44
1774388263,62592.44,62615.75,62528.67,62530.27
1774389163,62530.27,62576.72,62474.5,62479.96
1774390063,62479.96,62578.09,62462.25,62548.2
1774390963,62548.2,62749.02,62514.57,62747.37
1774391863,62747.37,62852.7,62708.72,62838.46
1774392763,62838.46,62873.92,62732.57,62748.25
1774393663,62748.25,62774.32,62669.1,62680.26
1774394563,62680.26,62741.03,62643.27,62714.33
1774395463,62714.33,62744.82,62664.13,62687.75
1774396363,62687.75,62843.21,62679.78,62824.61
1774397263,62824.61,62853.83,62683.52,62697.55
1774398163,62697.55,62722.18,62630.46,62648.64
1774399063,62648.64,62700.95,62647.08,62688.13
1774399963,62688.13,62875.45,62679.55,62837.99
1774400863,62837.99,62854.89,62714.52,62731.72
1774401763,62731.72,62757.76,62714.18,62742.58
1774402663,62742.58,62822.82,62716.26,62781.3
1774403563,62781.3,62954.91,62773.49,62921.2
1774404463,62921.2,63085.9,62886.03,63078.48
1774405363,63078.48,63176.38,63030.71,63133.1
1774406263,63133.1,63148.83,63062.51,63069.68
1774407163,63069.68,63114.79,63023.76,63040.6
1774408063,63040.6,63076.63,63033.81,63065.34
1774408963,63065.34,63121.18,62872.49,62880.24
1774409863,62880.24,63077.94,62879.54,63056.33
1774410763,63056.33,63223.71,63041.05,63222.56
1774411663,63222.56,63272.62,63196.83,63247.49
1774412563,63247.49,63247.72,63185.29,63207.3
1774413463,63207.3,63215.1,63131.79,63167.78
1774414363,63167.78,63377.91,63159.25,63356.57
1774415263,63356.57,63375.14,63226.38,63277.98
1774416163,63277.98,63428.9,63249.19,63416.12
1774417063,63416.12,63486.46,63280.5,63331.75
1774417963,63331.75,63362.76,63166.42,63202.5
1774418863,63202.5,63215.24,63162.45,63209.66
1774419763,63209.66,63233.69,63149.96,63187.06
1774420663,63187.06,63317.93,63181.7,63301.24
1774421563,63301.24,63325.65,63235.38,63243.77
1774422463,63243.77,63324.51,63237.94,63317.16
1774423363,63317.16,63356.88,63235.47,63279.42
1774424263,63279.42,63321.85,63080.46,63145.3
1774425163,63145.3,63283.43,63132.26,63282.97
1774426063,63282.97,63328.56,63267.44,63308.83
1774426963,63308.83,63508.42,63287.46,63471.82
1774427863,63471.82,63606.18,63465.27,63571.01
1774428763,63571.01,63619.99,63529.46,63582.68
1774429663,63582.68,63679.1,63533.52,63666.73
1774430563,63666.73,63759.03,63606.63,63746.54
1774431463,63746.54,63860.87,63735.2,63810.28
1774432363,63810.28,63834.6,63687.49,63720.16
1774433263,63720.16,63816.19,63713.39,63770.95
1774434163,63770.95,63817.1,63757.14,63776.41
1774435063,63776.41,63815.14,63659.69,63679.61
1774435963,63679.61,63758.71,63660.82,63740.69
1774436863,63740.69,63790.15,63661.79,63781.46
1774437763,63781.46,63806.16,63715.22,63759.75
1774438663,63759.75,63866.84,63752.78,63829.4
1774439563,63829.4,63877.86,63755.1,63761.73
1774440463,63761.73,63807.38,63728.6,63753.55
1774441363,63753.55,63763.38,63597.04,63626.48
1774442263,63626.48,63750.19,63567.89,63694.37
1774443163,63694.37,63706.02,63565.81,63637.85
1774444063,63637.85,63760.21,63592.1,63740.1
1774444963,63740.1,63759.78,63612.37,63615.6
1774445863,63615.6,63632.99,63575.12,63600.93
1774446763,63600.93,63651.09,63588.0,63650.26
1774447663,63650.26,63703.96,63483.91,63519.28
1774448563,63519.28,63666.83,63492.56,63604.93
1774449463,63604.93,63617.8,63455.36,63490.24
1774450363,63490.24,63597.76,63434.66,63575.97
1774451263,63575.97,63613.41,63560.14,63589.19
1774452163,63589.19,63615.9,63557.31,63590.74
1774453063,63590.74,63656.7,63576.94,63655.96
1774453963,63655.96,63670.1,63572.08,63581.24
1774454863,63581.24,63603.88,63517.32,63565.67
1774455763,63565.67,63596.78,63414.81,63448.09
1774456663,63448.09,63449.21,63419.2,63436.96
1774457563,63436.96,63505.48,63394.14,63489.46
1774458463,63489.46,63535.32,63458.77,63460.78
1774459363,63460.78,63469.4,63393.57,63399.46
1774460263,63399.46,63418.5,63285.23,63370.34
1774461163,63370.34,63443.14,63193.56,63222.74
1774462063,63222.74,63251.58,63092.37,63114.39
1774462963,63114.39,63150.25,63096.99,63131.65
1774463863,63131.65,63149.39,63033.23,63070.88
1774464763,63070.88,63091.26,63039.17,63050.45
1774465663,63050.45,63052.08,62854.36,62865.85
1774466563,62865.85,62880.99,62802.67,62836.31
1774467463,62836.31,62873.01,62821.22,62861.38
1774468363,62861.38,62912.25,62820.3,62872.85
1774469263,62872.85,62941.34,62857.73,62870.35
1774470163,62870.35,63069.15,62837.25,63030.61
1774471063,63030.61,63056.51,63004.22,63024.63
1774471963,63024.63,63075.56,62979.39,62981.13
1774472863,62981.13,63120.01,62951.64,63072.21
1774473763,63072.21,63088.28,62947.03,62952.62
1774474663,62952.62,62963.39,62949.6,62955.34
1774475563,62955.34,63170.58,62917.22,63080.26
1774476463,63080.26,63104.8,63051.01,63100.97
1774477363,63100.97,63234.37,63097.73,63199.56
1774478263,63199.56,63340.21,63190.08,63290.56
1774479163,63290.56,63328.23,63276.61,63315.43
1774480063,63315.43,63393.43,63306.41,63362.27
1774480963,63362.27,63563.04,63341.91,63528.94
1774481863,63528.94,63631.65,63500.84,63625.15
1774482763,63625.15,63670.59,63565.61,63589.43
1774483663,63589.43,63645.62,63470.55,63515.32
1774484563,63515.32,63547.65,63488.09,63534.97
1774485463,63534.97,63574.61,63360.16,63369.17
1774486363,63369.17,63418.54,63302.11,63329.68
1774487263,63329.68,63357.49,63243.59,63282.3
1774488163,63282.3,63361.61,63249.56,63252.46
1774489063,63252.46,63313.68,63121.19,63143.26
1774489963,63143.26,63266.3,63068.25,63258.89
1774490863,63258.89,63267.59,63167.79,63208.88
1774491763,63208.88,63247.99,63199.79,63243.49
1774492663,63243.49,63453.2,63221.24,63421.43
1774493563,63421.43,63510.12,63351.55,63476.16
1774494463,63476.16,63508.82,63465.43,63499.12
1774495363,63499.12,63503.64,63436.78,63460.93
1774496263,63460.93,63506.51,63435.61,63462.81
1774497163,63462.81,63576.22,63440.39,63526.69
1774498063,63526.69,63569.08,63451.73,63481.86
1774498963,63481.86,63586.55,63450.56,63568.82
1774499863,63568.82,63572.89,63364.47,63402.65
1774500763,63402.65,63462.48,63379.21,63417.83
1774501663,63417.83,63497.49,63388.89,63459.1
1774502563,63459.1,63519.57,63452.21,63493.01
1774503463,63493.01,63497.87,63430.7,63437.5
1774504363,63437.5,63479.76,63393.49,63394.73
1774505263,63394.73,63398.57,63268.81,63329.22
1774506163,63329.22,63412.97,63326.84,63396.12
1774507063,63396.12,63562.74,63376.27,63516.13
1774507963,63516.13,63518.78,63425.44,63434.44
1774508863,63434.44,63460.21,63409.83,63455.99
1774509763,63455.99,63545.23,63431.31,63508.66
1774510663,63508.66,63518.23,63452.7,63453.08
1774511563,63453.08,63500.86,63452.76,63486.11
1774512463,63486.11,63502.14,63447.17,63459.56
1774513363,63459.56,63585.52,63428.88,63532.35
1774514263,63532.35,63570.48,63458.05,63500.96
1774515163,63500.96,63550.98,63484.44,63534.21
1774516063,63534.21,63705.31,63526.83,63692.69
1774516963,63692.69,63740.71,63651.87,63739.94
1774517863,63739.94,63776.46,63736.77,63766.19
1774518763,63766.19,63779.88,63752.01,63764.33
1774519663,63764.33,63770.93,63589.93,63642.86
1774520563,63642.86,63670.65,63469.55,63490.24
1774521463,63490.24,63545.15,63302.58,63331.36
1774522363,63331.36,63434.3,63303.38,63423.28
1774523263,63423.28,63437.95,63395.28,63409.84
1774524163,63409.84,63492.49,63401.91,63413.24
1774525063,63413.24,63463.84,63387.39,63447.92
1774525963,63447.92,63486.62,63338.24,63354.76
1774526863,63354.76,63386.63,63344.23,63367.71
1774527763,63367.71,63458.67,63366.69,63452.45
1774528663,63452.45,63490.51,63429.76,63475.6
1774529563,63475.6,63534.11,63267.91,63278.51
1774530463,63278.51,63288.77,63180.86,63232.38
1774531363,63232.38,63235.96,63167.14,63168.33
1774532263,63168.33,63202.97,63024.22,63082.03
1774533163,63082.03,63085.3,63021.8,63062.05
1774534063,63062.05,63070.37,62965.04,62999.55
1774534963,62999.55,63041.49,62977.22,63006.8
1774535863,63006.8,63056.6,62895.59,62942.94
1774536763,62942.94,62983.47,62937.38,62952.56
1774537663,62952.56,62962.51,62916.53,62940.91
1774538563,62940.91,62975.47,62883.24,62889.09
1774539463,62889.09,62967.91,62887.1,62957.55
1774540363,62957.55,62962.19,62922.99,62942.03
1774541263,62942.03,62960.15,62897.27,62909.7
1774542163,62909.7,63103.36,62875.2,63081.72
1774543063,63081.72,63182.63,63064.74,63145.95
1774543963,63145.95,63213.16,63072.12,63194.88
1774544863,63194.88,63293.42,63189.71,63254.53
1774545763,63254.53,63272.34,63057.49,63112.57
1774546663,63112.57,63129.5,63065.36,63065.57
1774547563,63065.57,63079.35,62932.41,62946.92
1774548463,62946.92,62955.46,62835.28,62917.88
1774549363,62917.88,63053.1,62898.47,63046.29
1774550263,63046.29,63062.61,63025.63,63060.93
1774551163,63060.93,63091.51,62962.52,63009.78
1774552063,63009.78,63030.55,62980.45,63025.85
1774552963,63025.85,63070.16,63015.6,63058.91
1774553863,63058.91,63091.78,63043.8,63068.92
1774554763,63068.92,63191.0,63051.14,63132.12
1774555663,63132.12,63149.2,63113.84,63127.1
1774556563,63127.1,63149.86,62996.45,63037.54
1774557463,63037.54,63128.76,62982.02,63114.44
1774558363,63114.44,63166.18,63105.33,63155.3
1774559263,63155.3,63188.83,62995.15,63048.01
1774560163,63048.01,63061.68,62995.94,62999.63
1774561063,62999.63,63043.86,62873.91,62888.77
1774561963,62888.77,62897.24,62832.71,62863.96
1774562863,62863.96,62865.77,62698.98,62734.12
1774563763,62734.12,62809.86,62720.04,62801.58
1774564663,62801.58,62877.79,62757.25,62851.53
1774565563,62851.53,62922.3,62796.95,62920.69
1774566463,62920.69,62950.57,62844.28,62869.19
1774567363,62869.19,62909.46,62840.83,62908.6
1774568263,62908.6,62923.41,62884.55,62885.24
1774569163,62885.24,62892.62,62748.07,62801.54
1774570063,62801.54,62817.47,62674.58,62731.3
1774570963,62731.3,62779.27,62703.98,62771.4
1774571863,62771.4,62818.63,62717.16,62815.5
1774572763,62815.5,62836.39,62811.12,62824.55
1774573663,62824.55,62902.61,62729.3,62734.78
1774574563,62734.78,62761.79,62690.78,62759.25
1774575463,62759.25,62809.5,62610.81,62650.44
1774576363,62650.44,62700.67,62607.52,62690.61
1774577263,62690.61,62693.73,62587.12,62624.14
1774578163,62624.14,62718.09,62615.69,62693.97
1774579063,62693.97,62759.62,62661.66,62685.93
1774579963,62685.93,62755.63,62674.21,62689.15
1774580863,62689.15,62720.19,62651.96,62662.43
1774581763,62662.43,62769.19,62620.1,62758.79
1774582663,62758.79,62818.13,62698.55,62704.57
1774583563,62704.57,62712.83,62600.68,62624.71
1774584463,62624.71,62701.2,62617.04,62694.97
1774585363,62694.97,62760.41,62498.98,62565.25
1774586263,62565.25,62578.19,62523.27,62557.78
1774587163,62557.78,62558.56,62509.04,62526.74
1774588063,62526.74,62676.66,62508.1,62667.33
1774588963,62667.33,62674.63,62586.93,62634.68
1774589863,62634.68,62674.44,62607.73,62673.25
1774590763,62673.25,62721.28,62653.16,62701.68
1774591663,62701.68,62825.44,62683.81,62812.58
1774592563,62812.58,62862.8,62779.73,62860.08
1774593463,62860.08,63009.8,62821.44,63004.0
1774594363,63004.0,63037.21,62970.87,62996.86
1774595263,62996.86,63005.24,62877.09,62891.57
1774596163,62891.57,62954.75,62845.17,62944.45
1774597063,62944.45,62986.41,62862.68,62885.14
1774597963,62885.14,62903.77,62842.71,62877.7
1774598863,62877.7,62936.66,62839.08,62911.17
1774599763,62911.17,62989.9,62900.24,62984.03
1774600663,62984.03,63162.91,62951.78,63138.97
1774601563,63138.97,63176.89,63112.13,63151.9
1774602463,63151.9,63171.01,63051.09,63069.62
1774603363,63069.62,63139.53,63069.39,63108.05
1774604263,63108.05,63133.56,62855.43,62936.0
1774605163,62936.0,62957.63,62921.02,62950.14
1774606063,62950.14,63071.97,62917.94,63038.09
1774606963,63038.09,63138.64,63026.7,63128.82
1774607863,63128.82,63182.94,63127.24,63149.89
1774608763,63149.89,63200.25,62903.75,62957.82
1774609663,62957.82,62976.14,62863.63,62891.97
1774610563,62891.97,62980.46,62887.63,62963.7
1774611463,62963.7,63030.26,62782.56,62793.93
1774612363,62793.93,62885.35,62777.87,62881.1
1774613263,62881.1,62886.16,62810.2,62859.73
1774614163,62859.73,62871.64,62702.1,62756.29
1774615063,62756.29,62757.37,62680.29,62715.52
1774615963,62715.52,62881.18,62696.15,62847.17
1774616863,62847.17,62873.04,62683.17,62689.84
1774617763,62689.84,62697.5,62560.54,62600.75
1774618663,62600.75,62643.33,62568.93,62607.87
1774619563,62607.87,62686.25,62588.93,62629.12
1774620463,62629.12,62677.03,62548.04,62563.8
1774621363,62563.8,62567.05,62463.32,62493.24
1774622263,62493.24,62512.49,62260.66,62298.39
1774623163,62298.39,62334.98,62167.47,62215.2
1774624063,62215.2,62252.88,62174.07,62187.52
1774624963,62187.52,62201.82,62061.56,62067.33
1774625863,62067.33,62074.48,61989.73,62018.63
1774626763,62018.63,62055.48,61934.71,61947.43
1774627663,61947.43,62012.88,61935.32,61981.22
1774628563,61981.22,61998.61,61949.4,61956.77
1774629463,61956.77,62102.69,61955.38,62096.42
1774630363,62096.42,62246.22,62075.32,62221.47
1774631263,62221.47,62298.14,62214.05,62259.74
1774632163,62259.74,62278.0,62254.78,62273.79
1774633063,62273.79,62285.76,62180.69,62197.35
1774633963,62197.35,62198.02,62128.6,62143.39
1774634863,62143.39,62193.42,62129.15,62182.78
1774635763,62182.78,62252.83,62169.07,62231.12
1774636663,62231.12,62241.17,62170.42,62190.44
1774637563,62190.44,62200.71,62141.92,62143.69
1774638463,62143.69,62160.49,62066.89,62089.56
1774639363,62089.56,62166.36,62049.91,62126.45
1774640263,62126.45,62179.37,62125.91,62165.46
1774641163,62165.46,62215.54,62057.01,62059.22
1774642063,62059.22,62069.03,61998.4,62029.54
1774642963,62029.54,62091.6,62010.51,62062.8
1774643863,62062.8,62074.82,61996.07,62014.01
1774644763,62014.01,62057.81,61962.23,61972.46
1774645663,61972.46,62012.96,61966.85,61974.81
1774646563,61974.81,61985.28,61901.34,61908.28
1774647463,61908.28,61923.53,61844.39,61872.8
1774648363,61872.8,61924.95,61852.49,61857.32
1774649263,61857.32,61864.68,61747.71,61775.64
1774650163,61775.64,61809.18,61729.13,61729.34
1774651063,61729.34,61782.73,61728.37,61760.96
1774651963,61760.96,61792.42,61746.54,61760.5
1774652863,61760.5,61793.61,61615.14,61635.51
1774653763,61635.51,61713.26,61606.13,61686.42
1774654663,61686.42,61687.01,61659.44,61662.06
1774655563,61662.06,61671.47,61530.77,61559.35
1774656463,61559.35,61602.25,61536.57,61590.77
1774657363,61590.77,61628.25,61551.18,61568.26
1774658263,61568.26,61642.75,61556.89,61635.8
1774659163,61635.8,61639.38,61519.07,61569.09
1774660063,61569.09,61575.69,61484.34,61511.62
1774660963,61511.62,61550.91,61493.69,61503.83
1774661863,61503.83,61630.55,61502.66,61625.97
1774662763,61625.97,61689.85,61612.4,61621.89
1774663663,61621.89,61649.29,61546.34,61583.34
1774664563,61583.34,61586.25,61469.89,61507.07
1774665463,61507.07,61576.19,61500.42,61533.96
1774666363,61533.96,61565.43,61495.01,61543.35
1774667263,61543.35,61568.07,61486.7,61508.31
1774668163,61508.31,61520.07,61355.27,61369.85
1774669063,61369.85,61429.85,61336.46,61383.78
1774669963,61383.78,61418.46,61371.09,61388.5
1774670863,61388.5,61397.25,61375.35,61391.35
1774671763,61391.35,61576.5,61381.2,61568.34
1774672663,61568.34,61585.01,61512.49,61516.89
1774673563,61516.89,61545.36,61458.53,61459.64
1774674463,61459.64,61523.45,61420.85,61426.34
1774675363,61426.34,61444.83,61321.04,61373.53
1774676263,61373.53,61410.34,61213.42,61245.19
1774677163,61245.19,61286.94,61191.82,61205.91
1774678063,61205.91,61224.14,61084.81,61094.93
1774678963,61094.93,61102.55,61075.28,61083.22
1774679863,61083.22,61122.12,61071.9,61076.94
1774680763,61076.94,61177.3,61057.76,61173.36
1774681663,61173.36,61257.15,61051.75,61064.73
1774682563,61064.73,61065.43,60933.84,60972.28
1774683463,60972.28,60992.47,60746.08,60791.53
1774684363,60791.53,60858.7,60620.51,60643.21
1774685263,60643.21,60683.45,60398.54,60405.35
1774686163,60405.35,60552.56,60399.43,60524.77
1774687063,60524.77,60596.32,60520.92,60534.18
1774687963,60534.18,60626.62,60518.41,60597.91
1774688863,60597.91,60651.16,60563.89,60650.52
1774689763,60650.52,60750.19,60642.73,60701.75
1774690663,60701.75,60789.29,60681.44,60784.96
1774691563,60784.96,60825.57,60762.73,60812.32
1774692463,60812.32,60821.95,60732.89,60786.97
1774693363,60786.97,60840.39,60763.85,60805.21
1774694263,60805.21,60824.87,60757.28,60774.52
1774695163,60774.52,60816.95,60766.08,60811.53
1774696063,60811.53,60857.68,60691.58,60740.22
1774696963,60740.22,60777.49,60657.37,60692.18
1774697863,60692.18,60720.14,60608.82,60617.94
1774698763,60617.94,60657.87,60612.53,60632.43
1774699663,60632.43,60658.32,60585.62,60649.33
1774700563,60649.33,60801.93,60640.26,60778.2
1774701463,60778.2,60786.08,60740.6,60757.48
1774702363,60757.48,60765.67,60637.26,60665.5
1774703263,60665.5,60803.97,60661.2,60775.59
1774704163,60775.59,60885.58,60771.9,60883.22
1774705063,60883.22,60918.82,60746.62,60777.0
1774705963,60777.0,60814.72,60641.11,60700.87
1774706863,60700.87,60751.25,60691.61,60718.95
1774707763,60718.95,60797.31,60694.69,60765.07
1774708663,60765.07,60915.56,60751.49,60893.76
1774709563,60893.76,61006.68,60876.22,60991.67
1774710463,60991.67,61014.62,60857.64,60878.69
1774711363,60878.69,60902.14,60868.56,60899.06
1774712263,60899.06,60928.78,60818.04,60866.71
1774713163,60866.71,60890.12,60775.3,60833.16
1774714063,60833.16,60857.1,60823.26,60840.37
1774714963,60840.37,60911.35,60837.57,60908.76
1774715863,60908.76,60932.11,60772.21,60805.61
1774716763,60805.61,60869.41,60754.56,60839.15
1774717663,60839.15,60848.45,60772.46,60792.59
1774718563,60792.59,60965.14,60765.84,60959.11
1774719463,60959.11,60999.31,60857.95,60898.29
1774720363,60898.29,60917.53,60851.61,60886.02
1774721263,60886.02,61003.3,60870.45,60993.75
1774722163,60993.75,61067.8,60978.76,61017.03
1774723063,61017.03,61076.9,60995.72,61071.37
1774723963,61071.37,61077.88,61029.74,61072.69
1774724863,61072.69,61130.42,61046.95,61081.67
1774725763,61081.67,61082.94,61040.3,61060.6
1774726663,61060.6,61241.23,61052.96,61157.95
1774727563,61157.95,61196.3,61155.17,61181.72
1774728463,61181.72,61200.81,61124.58,61168.45
1774729363,61168.45,61175.54,61096.58,61098.59
1774730263,61098.59,61132.09,61062.66,61114.52
1774731163,61114.52,61134.93,60998.24,61030.47
1774732063,61030.47,61043.35,60994.14,61037.71
1774732963,61037.71,61082.45,60885.05,60890.99
1774733863,60890.99,60927.39,60735.08,60789.02
1774734763,60789.02,60917.04,60768.1,60909.5
1774735663,60909.5,60993.54,60832.62,60952.46
1774736563,60952.46,61014.44,60872.12,60873.02
1774737463,60873.02,60901.89,60831.07,60894.26
1774738363,60894.26,61042.87,60875.46,61037.42
1774739263,61037.42,61057.55,60914.77,60981.56
1774740163,60981.56,60981.88,60843.7,60852.92
1774741063,60852.92,60865.86,60762.63,60814.29
1774741963,60814.29,60818.94,60774.3,60783.07
1774742863,60783.07,60887.44,60736.12,60829.0
1774743763,60829.0,60844.49,60646.55,60660.06
1774744663,60660.06,60755.31,60654.38,60738.75
1774745563,60738.75,60788.72,60710.96,60713.67
1774746463,60713.67,60741.96,60621.69,60655.21
1774747363,60655.21,60668.66,60629.08,60656.0
1774748263,60656.0,60700.71,60588.95,60612.66
1774749163,60612.66,60669.67,60573.23,60614.73
1774750063,60614.73,60618.85,60592.0,60595.85
1774750963,60595.85,60668.41,60573.03,60648.76
1774751863,60648.76,60707.77,60527.68,60590.98
1774752763,60590.98,60617.66,60482.79,60509.77
1774753663,60509.77,60541.44,60483.53,60532.04
1774754563,60532.04,60586.49,60515.14,60557.48
1774755463,60557.48,60579.29,60466.31,60496.44
1774756363,60496.44,60521.84,60471.76,60513.05
1774757263,60513.05,60525.76,60471.45,60475.85
1774758163,60475.85,60598.32,60466.21,60590.44
1774759063,60590.44,60673.22,60557.81,60643.16
1774759963,60643.16,60655.39,60526.84,60532.92
1774760863,60532.92,60556.69,60526.82,60553.06
1774761763,60553.06,60615.61,60530.68,60603.44
1774762663,60603.44,60693.73,60596.26,60652.03
1774763563,60652.03,60883.34,60650.68,60775.67
1774764463,60775.67,60826.86,60772.32,60777.64
1774765363,60777.64,60794.7,60719.07,60772.16
1774766263,60772.16,60818.83,60739.37,60788.97
1774767163,60788.97,60866.79,60760.89,60847.78
1774768063,60847.78,60851.81,60694.96,60712.82
1774768963,60712.82,60784.97,60663.46,60777.76
1774769863,60777.76,60783.54,60671.33,60682.65
1774770763,60682.65,60688.38,60518.51,60551.39
1774771663,60551.39,60594.54,60531.8,60569.44
1774772563,60569.44,60702.9,60549.95,60696.29
1774773463,60696.29,60708.15,60571.22,60599.01
1774774363,60599.01,60723.16,60547.12,60673.41
1774775263,60673.41,60822.36,60659.6,60819.03
1774776163,60819.03,60858.91,60733.91,60756.12
1774777063,60756.12,60785.84,60616.1,60642.01
1774777963,60642.01,60694.08,60617.72,60625.38
1774778863,60625.38,60674.32,60599.7,60666.17
1774779763,60666.17,60694.12,60615.47,60645.17
1774780663,60645.17,60682.94,60499.87,60519.98
1774781563,60519.98,60548.66,60489.73,60513.27
1774782463,60513.27,60541.08,60483.47,60527.76
1774783363,60527.76,60538.24,60482.52,60490.67
1774784263,60490.67,60594.35,60445.74,60571.14
1774785163,60571.14,60614.85,60569.77,60595.61
1774786063,60595.61,60814.33,60591.0,60781.76
1774786963,60781.76,60844.87,60772.13,60838.72
1774787863,60838.72,60942.03,60810.68,60929.21
1774788763,60929.21,61083.88,60919.9,61069.02
1774789663,61069.02,61169.01,61057.8,61145.16
1774790563,61145.16,61207.02,61128.43,61149.28
1774791463,61149.28,61201.29,61106.31,61186.46
1774792363,61186.46,61278.76,61180.02,61238.45
1774793263,61238.45,61352.12,61192.87,61337.23
1774794163,61337.23,61337.81,61331.72,61335.34
1774795063,61335.34,61362.02,61291.43,61353.5
1774795963,61353.5,61504.44,61342.84,61439.43
1774796863,61439.43,61526.82,61395.88,61503.9
1774797763,61503.9,61518.5,61383.53,61443.69
1774798663,61443.69,61456.31,61318.13,61324.14
1774799563,61324.14,61365.6,61223.22,61258.86
1774800463,61258.86,61306.56,61219.41,61286.31
1774801363,61286.31,61349.97,61192.57,61209.84
1774802263,61209.84,61287.52,61153.03,61251.97
1774803163,61251.97,61375.63,61191.44,61371.71
1774804063,61371.71,61413.43,61337.58,61354.96
1774804963,61354.96,61542.41,61309.47,61527.01
1774805863,61527.01,61580.33,61488.99,61546.07
1774806763,61546.07,61558.04,61540.87,61541.22
1774807663,61541.22,61680.35,61526.12,61648.93
1774808563,61648.93,61727.34,61613.3,61726.72
1774809463,61726.72,61729.48,61679.34,61696.41
1774810363,61696.41,61732.86,61537.54,61571.27
1774811263,61571.27,61644.61,61556.5,61620.87
1774812163,61620.87,61646.7,61607.59,61623.53
1774813063,61623.53,61658.08,61588.36,61622.77
1774813963,61622.77,61668.26,61549.41,61664.7
1774814863,61664.7,61801.92,61654.72,61759.02
1774815763,61759.02,61772.74,61716.4,61717.97
1774816663,61717.97,61753.66,61681.54,61690.87
1774817563,61690.87,61715.08,61645.91,61711.23
1774818463,61711.23,61777.37,61709.58,61754.16
1774819363,61754.16,61784.38,61735.5,61774.88
1774820263,61774.88,61828.81,61708.69,61724.88
1774821163,61724.88,61738.28,61556.27,61618.81
1774822063,61618.81,61635.15,61562.97,61565.71
1774822963,61565.71,61575.4,61515.01,61568.22
1774823863,61568.22,61650.68,61567.27,61638.11
1774824763,61638.11,61752.69,61595.42,61673.04
1774825663,61673.04,61689.78,61635.52,61645.84
1774826563,61645.84,61685.42,61560.43,61596.53
1774827463,61596.53,61635.93,61581.05,61620.02
1774828363,61620.02,61712.76,61603.3,61691.94
1774829263,61691.94,61699.33,61633.99,61643.97
1774830163,61643.97,61754.41,61638.27,61740.29
1774831063,61740.29,61784.69,61726.25,61757.25
1774831963,61757.25,61841.27,61730.0,61829.22
1774832863,61829.22,61832.06,61783.36,61800.64
1774833763,61800.64,61808.26,61686.07,61694.29
1774834663,61694.29,61732.51,61624.6,61707.59
1774835563,61707.59,61737.42,61552.37,61574.57
1774836463,61574.57,61733.73,61538.65,61730.25
1774837363,61730.25,61976.92,61680.53,61908.35
1774838263,61908.35,61950.97,61823.04,61868.5
1774839163,61868.5,61889.51,61810.17,61847.24
1774840063,61847.24,61916.92,61826.74,61899.44
1774840963,61899.44,61920.38,61790.37,61825.72
1774841863,61825.72,61840.72,61744.28,61758.13
1774842763,61758.13,61834.49,61666.38,61713.16
1774843663,61713.16,61766.51,61692.61,61725.24
1774844563,61725.24,61729.07,61633.37,61683.7
1774845463,61683.7,61690.91,61645.43,61663.17
1774846363,61663.17,61722.52,61646.63,61710.77
1774847263,61710.77,61903.04,61651.64,61886.99
1774848163,61886.99,61888.8,61748.6,61775.33
1774849063,61775.33,61817.75,61752.73,61755.12
1774849963,61755.12,61798.05,61652.2,61658.29
1774850863,61658.29,61664.67,61638.7,61654.09
1774851763,61654.09,61655.91,61557.93,61595.23
1774852663,61595.23,61718.33,61594.76,61693.77
1774853563,61693.77,61823.57,61653.46,61815.75
1774854463,61815.75,61833.66,61760.84,61763.93
1774855363,61763.93,61774.86,61755.59,61767.05
1774856263,61767.05,61846.99,61754.27,61807.18
1774857163,61807.18,61882.88,61785.27,61849.18
1774858063,61849.18,62000.41,61848.14,61939.74
1774858963,61939.74,61975.95,61914.14,61971.9
1774859863,61971.9,61994.03,61951.16,61961.28
1774860763,61961.28,62022.67,61929.37,62015.47
1774861663,62015.47,62033.45,61971.11,61973.51
1774862563,61973.51,62003.29,61936.27,61941.46
1774863463,61941.46,62012.26,61892.6,61984.11
1774864363,61984.11,61987.71,61924.37,61979.78
1774865263,61979.78,61989.88,61936.51,61984.1
1774866163,61984.1,62094.28,61916.52,62090.52
1774867063,62090.52,62100.24,62049.06,62052.44
1774867963,62052.44,62084.57,61983.93,61991.4
1774868863,61991.4,62020.33,61899.49,61914.12
1774869763,61914.12,61950.13,61910.78,61933.06
1774870663,61933.06,61942.3,61884.83,61937.82
1774871563,61937.82,62006.13,61933.59,61937.26
1774872463,61937.26,62164.03,61912.95,62134.84
1774873363,62134.84,62226.48,62103.88,62201.21
1774874263,62201.21,62205.78,62156.23,62182.29
1774875163,62182.29,62200.35,62137.1,62145.0
1774876063,62145.0,62153.97,62047.4,62088.43
1774876963,62088.43,62123.11,62019.83,62021.93
1774877863,62021.93,62064.84,61935.39,61975.36
1774878763,61975.36,61977.37,61804.6,61826.86
1774879663,61826.86,61981.78,61796.21,61969.96
1774880563,61969.96,61983.96,61841.0,61881.86
1774881463,61881.86,61914.85,61865.94,61875.59
1774882363,61875.59,61934.76,61775.74,61819.96
1774883263,61819.96,61830.78,61814.29,61826.82
1774884163,61826.82,61853.0,61697.7,61712.77
1774885063,61712.77,61746.02,61546.05,61565.33
1774885963,61565.33,61615.29,61533.03,61559.31
1774886863,61559.31,61584.76,61515.01,61558.09
1774887763,61558.09,61577.16,61517.15,61534.44
1774888663,61534.44,61566.78,61393.63,61395.44
1774889563,61395.44,61429.5,61322.04,61361.26
1774890463,61361.26,61375.07,61335.9,61336.45
1774891363,61336.45,61357.08,61136.55,61151.95
1774892263,61151.95,61303.25,61140.53,61298.75
1774893163,61298.75,61311.17,61264.21,61299.06
1774894063,61299.06,61339.3,61211.75,61225.65
1774894963,61225.65,61299.4,61206.55,61293.73
1774895863,61293.73,61440.98,61241.3,61374.48
1774896763,61374.48,61423.39,61364.87,61419.27
1774897663,61419.27,61520.81,61415.47,61474.65
1774898563,61474.65,61682.27,61451.81,61646.88
1774899463,61646.88,61689.44,61519.98,61532.55
1774900363,61532.55,61607.51,61515.77,61590.14
1774901263,61590.14,61623.48,61487.62,61532.03
1774902163,61532.03,61557.17,61525.73,61548.59
1774903063,61548.59,61552.31,61471.34,61548.7
1774903963,61548.7,61578.62,61410.45,61431.3
1774904863,61431.3,61541.79,61380.69,61539.93
1774905763,61539.93,61570.85,61514.74,61528.79
1774906663,61528.79,61555.94,61441.33,61484.72
1774907563,61484.72,61661.99,61484.53,61606.72
1774908463,61606.72,61733.08,61599.28,61717.01
1774909363,61717.01,61752.61,61695.89,61736.01
1774910263,61736.01,61826.98,61720.62,61807.46
1774911163,61807.46,61819.97,61674.98,61685.6
1774912063,61685.6,61721.74,61547.69,61556.25
1774912963,61556.25,61689.58,61529.86,61678.15
1774913863,61678.15,61707.93,61561.19,61591.79
1774914763,61591.79,61637.98,61510.59,61604.61
1774915663,61604.61,61760.31,61576.41,61745.84
1774916563,61745.84,61805.95,61730.39,61753.72
1774917463,61753.72,61782.65,61690.34,61714.1
1774918363,61714.1,61723.49,61655.79,61663.82
1774919263,61663.82,61694.22,61417.15,61497.26
1774920163,61497.26,61537.85,61347.19,61398.12
1774921063,61398.12,61423.02,61385.89,61391.54
1774921963,61391.54,61472.15,61386.62,61433.39
1774922863,61433.39,61520.2,61396.2,61492.35
1774923763,61492.35,61609.36,61449.8,61595.14
1774924663,61595.14,61613.58,61423.59,61439.65
1774925563,61439.65,61548.41,61410.26,61515.36
1774926463,61515.36,61539.16,61514.46,61518.51
1774927363,61518.51,61545.63,61383.99,61401.06
1774928263,61401.06,61418.38,61332.56,61390.97
1774929163,61390.97,61393.14,61295.38,61316.44
1774930063,61316.44,61350.52,61299.78,61312.08
1774930963,61312.08,61336.48,61259.51,61287.46
1774931863,61287.46,61300.37,61260.35,61282.1
1774932763,61282.1,61328.63,61109.37,61130.63
1774933663,61130.63,61156.13,61003.76,61037.91
1774934563,61037.91,61129.28,61008.6,61126.7
1774935463,61126.7,61156.72,61028.5,61062.24
1774936363,61062.24,61064.7,60933.29,60947.96
1774937263,60947.96,60984.2,60943.78,60977.41
1774938163,60977.41,60977.92,60774.62,60789.51
1774939063,60789.51,60832.93,60646.13,60683.85
1774939963,60683.85,60694.57,60653.87,60653.98
1774940863,60653.98,60666.88,60476.68,60502.8
1774941763,60502.8,60532.73,60460.0,60493.93
1774942663,60493.93,60556.67,60476.86,60521.88
1774943563,60521.88,60551.39,60465.28,60488.08
1774944463,60488.08,60492.19,60391.2,60444.72
1774945363,60444.72,60477.81,60391.15,60391.19
1774946263,60391.19,60401.21,60327.74,60355.09
1774947163,60355.09,60366.9,60192.34,60231.13
1774948063,60231.13,60316.33,60070.32,60143.01
1774948963,60143.01,60342.38,60110.06,60333.15
1774949863,60333.15,60408.39,60324.86,60377.52
1774950763,60377.52,60404.34,60299.75,60302.94
1774951663,60302.94,60347.01,60296.99,60328.8
1774952563,60328.8,60331.82,60174.39,60183.77
1774953463,60183.77,60231.2,60153.95,60217.1
1774954363,60217.1,60267.17,60212.79,60223.36
1774955263,60223.36,60440.99,60197.37,60365.94
1774956163,60365.94,60405.93,60262.26,60344.41
1774957063,60344.41,60378.11,60320.31,60348.27
1774957963,60348.27,60354.8,60318.25,60336.91
1774958863,60336.91,60410.03,60302.81,60386.46
1774959763,60386.46,60531.88,60360.21,60484.4
1774960663,60484.4,60596.42,60467.1,60558.22
1774961563,60558.22,60600.89,60523.01,60570.84
1774962463,60570.84,60587.06,60549.5,60559.41
1774963363,60559.41,60690.03,60555.37,60689.66
1774964263,60689.66,60728.49,60634.87,60673.89
1774965163,60673.89,60718.0,60399.86,60458.69
1774966063,60458.69,60484.16,60308.88,60320.93
1774966963,60320.93,60339.56,60301.75,60304.8
1774967863,60304.8,60544.12,60281.17,60516.9
1774968763,60516.9,60558.27,60422.07,60430.03
1774969663,60430.03,60434.51,60410.71,60412.71
1774970563,60412.71,60533.54,60343.71,60505.21
1774971463,60505.21,60529.05,60441.59,60460.7
1774972363,60460.7,60488.98,60283.96,60327.63
1774973263,60327.63,60436.9,60320.74,60404.26
1774974163,60404.26,60529.43,60393.03,60519.23
1774975063,60519.23,60617.0,60501.74,60599.74
1774975963,60599.74,60638.47,60510.74,60516.39
1774976863,60516.39,60526.96,60457.39,60458.95
1774977763,60458.95,60473.43,60285.39,60316.73
1774978663,60316.73,60341.96,60251.9,60264.27
1774979563,60264.27,60324.78,60222.88,60248.39
1774980463,60248.39,60281.14,60246.08,60262.73
1774981363,60262.73,60297.64,60235.15,60247.98
1774982263,60247.98,60315.39,60208.49,60283.27
1774983163,60283.27,60295.24,60219.07,60270.71
1774984063,60270.71,60401.12,60208.14,60365.85
1774984963,60365.85,60382.96,60292.53,60329.3
1774985863,60329.3,60407.19,60324.5,60372.67
1774986763,60372.67,60386.73,60318.96,60333.72
1774987663,60333.72,60420.9,60328.95,60388.18
1774988563,60388.18,60423.53,60366.53,60371.01
1774989463,60371.01,60399.45,60241.34,60305.36
1774990363,60305.36,60420.36,60305.34,60394.99
1774991263,60394.99,60498.4,60385.98,60486.36
1774992163,60486.36,60523.39,60358.12,60371.47
1774993063,60371.47,60405.81,60310.73,60338.57
1774993963,60338.57,60358.57,60327.14,60332.03
1774994863,60332.03,60484.75,60330.46,60452.39
1774995763,60452.39,60521.29,60398.41,60503.86
1774996663,60503.86,60619.38,60497.86,60608.61
1774997563,60608.61,60711.3,60578.36,60682.35
1774998463,60682.35,60747.52,60634.55,60737.16
1774999363,60737.16,60864.33,60729.81,60854.2
1775000263,60854.2,60885.77,60839.3,60851.99
1775001163,60851.99,60896.01,60737.93,60758.83
1775002063,60758.83,60883.72,60748.62,60882.37
1775002963,60882.37,60985.18,60835.93,60954.59
1775003863,60954.59,60973.77,60835.18,60888.63
1775004763,60888.63,61100.41,60885.85,61094.13
1775005663,61094.13,61101.43,61058.3,61068.56
1775006563,61068.56,61106.38,61065.25,61095.81
1775007463,61095.81,61117.77,61035.45,61047.46
1775008363,61047.46,61117.35,61031.71,61102.77
1775009263,61102.77,61182.28,61074.07,61180.47
1775010163,61180.47,61234.51,61123.34,61165.26
1775011063,61165.26,61266.62,61145.89,61223.36
1775011963,61223.36,61399.3,61220.96,61362.56
1775012863,61362.56,61419.76,61274.6,61313.49
1775013763,61313.49,61328.11,61267.57,61278.68
1775014663,61278.68,61363.54,61250.9,61353.71
1775015563,61353.71,61498.65,61346.33,61462.44
1775016463,61462.44,61495.15,61317.92,61333.43
1775017363,61333.43,61375.44,61331.28,61339.48
1775018263,61339.48,61375.68,61304.07,61362.75
1775019163,61362.75,61498.37,61347.02,61452.77
1775020063,61452.77,61584.11,61452.54,61576.6
1775020963,61576.6,61691.31,61558.22,61686.19
1775021863,61686.19,61833.48,61662.09,61828.85
1775022763,61828.85,61893.13,61796.59,61827.95
1775023663,61827.95,61973.1,61807.8,61935.78
1775024563,61935.78,62113.41,61925.85,62084.42
1775025463,62084.42,62096.46,62028.45,62071.06
1775026363,62071.06,62150.01,62064.95,62133.05
1775027263,62133.05,62273.98,62100.1,62256.51
1775028163,62256.51,62310.58,62170.89,62225.4
1775029063,62225.4,62241.84,62136.57,62140.7
1775029963,62140.7,62245.8,62039.98,62049.92
1775030863,62049.92,62174.35,62015.51,62144.33
1775031763,62144.33,62248.38,62117.96,62206.3
1775032663,62206.3,62251.84,62178.43,62178.48
1775033563,62178.48,62183.57,62045.14,62118.61
1775034463,62118.61,62247.3,62078.13,62191.94
1775035363,62191.94,62252.51,62124.22,62172.67
1775036263,62172.67,62227.84,62075.96,62097.15
1775037163,62097.15,62148.25,62062.65,62088.74
1775038063,62088.74,62095.1,61866.09,61891.99
1775038963,61891.99,61938.73,61881.48,61928.44
1775039863,61928.44,61992.15,61878.82,61980.46
1775040763,61980.46,61999.13,61930.19,61947.26
1775041663,61947.26,61967.26,61929.37,61932.3
1775042563,61932.3,61937.49,61803.77,61828.82
1775043463,61828.82,61951.21,61825.13,61933.65
1775044363,61933.65,61974.14,61904.97,61914.54
1775045263,61914.54,61916.62,61819.7,61839.73
1775046163,61839.73,61841.58,61789.91,61792.33
1775047063,61792.33,61844.19,61783.87,61831.94
1775047963,61831.94,61873.83,61831.31,61861.23
1775048863,61861.23,61862.78,61790.49,61815.19
1775049763,61815.19,61904.63,61778.82,61880.11
1775050663,61880.11,61921.88,61870.45,61892.12
1775051563,61892.12,61995.36,61842.21,61972.7
1775052463,61972.7,62059.73,61963.21,62039.38
1775053363,62039.38,62058.8,61973.7,61999.14
1775054263,61999.14,62046.07,61890.45,61896.64
1775055163,61896.64,61974.91,61889.11,61945.81
1775056063,61945.81,62010.28,61928.57,61939.24
1775056963,61939.24,62028.3,61933.48,61984.29
1775057863,61984.29,62015.51,61924.84,61976.0
1775058763,61976.0,61981.92,61905.63,61931.56
1775059663,61931.56,62008.23,61863.53,61946.49
1775060563,61946.49,61962.92,61919.54,61944.37
1775061463,61944.37,61982.98,61927.08,61973.86
1775062363,61973.86,62031.26,61973.86,61980.03
1775063263,61980.03,62035.25,61935.09,61990.23
1775064163,61990.23,62176.1,61958.31,62173.57
1775065063,62173.57,62207.12,62149.37,62150.92
1775065963,62150.92,62171.56,62061.33,62090.7
1775066863,62090.7,62142.34,62027.34,62091.15
1775067763,62091.15,62092.08,61841.89,61897.49
1775068663,61897.49,61981.91,61880.34,61937.39
1775069563,61937.39,61956.35,61821.49,61821.77
1775070463,61821.77,61930.53,61807.39,61928.65
1775071363,61928.65,61934.31,61879.26,61885.46
1775072263,61885.46,62073.34,61848.3,62069.18
1775073163,62069.18,62126.81,62063.93,62118.65
1775074063,62118.65,62132.77,62046.93,62061.49
1775074963,62061.49,62079.16,61989.0,62018.36
1775075863,62018.36,62021.03,61895.68,61903.63
1775076763,61903.63,61968.66,61876.24,61963.34
1775077663,61963.34,61976.31,61893.92,61902.2
1775078563,61902.2,61955.95,61886.25,61909.01
1775079463,61909.01,61963.35,61897.41,61930.41
1775080363,61930.41,61959.48,61843.36,61910.35
1775081263,61910.35,61929.68,61861.66,61865.74
1775082163,61865.74,61929.9,61846.66,61873.33
1775083063,61873.33,61916.37,61775.51,61809.07
1775083963,61809.07,61943.82,61803.86,61915.37
1775084863,61915.37,61932.06,61836.39,61883.15
1775085763,61883.15,62028.15,61847.02,61994.42
1775086663,61994.42,62099.13,61957.18,62071.77
1775087563,62071.77,62088.9,61967.03,62010.64
1775088463,62010.64,62044.15,61984.32,62038.81
1775089363,62038.81,62052.8,61928.04,62017.66
1775090263,62017.66,62101.37,61998.82,62055.61
1775091163,62055.61,62091.55,62048.47,62069.8
1775092063,62069.8,62223.12,62001.84,62182.1
1775092963,62182.1,62207.95,62041.86,62061.93
1775093863,62061.93,62126.51,61997.6,62026.07
1775094763,62026.07,62092.75,62011.22,62060.48
1775095663,62060.48,62173.19,62055.3,62167.63
1775096563,62167.63,62204.84,62117.01,62127.93
1775097463,62127.93,62206.19,62126.17,62161.82
1775098363,62161.82,62186.01,62025.83,62081.43
1775099263,62081.43,62132.0,62081.29,62128.79
1775100163,62128.79,62134.36,62020.17,62050.02
1775101063,62050.02,62068.98,62031.88,62043.14
1775101963,62043.14,62110.75,61984.89,62090.49
1775102863,62090.49,62144.78,62080.89,62112.77
1775103763,62112.77,62119.74,61998.58,62018.57
1775104663,62018.57,62055.29,61987.91,61992.27
1775105563,61992.27,62014.4,61983.82,62013.78
1775106463,62013.78,62162.77,61992.4,62112.86
1775107363,62112.86,62123.73,62043.19,62084.82
1775108263,62084.82,62141.62,62083.27,62085.75
1775109163,62085.75,62109.26,62051.37,62084.84
1775110063,62084.84,62094.01,62051.68,62062.14
1775110963,62062.14,62067.51,61934.81,61965.08
1775111863,61965.08,61982.21,61859.23,61910.88
1775112763,61910.88,61972.16,61892.01,61962.71
1775113663,61962.71,62015.47,61926.05,62011.41
1775114563,62011.41,62063.01,61986.86,61993.78
1775115463,61993.78,62014.99,61993.0,62001.02
1775116363,62001.02,62035.45,61872.69,61922.56
1775117263,61922.56,61950.92,61846.65,61855.29
1775118163,61855.29,61859.96,61764.38,61803.71
1775119063,61803.71,61898.08,61791.54,61851.18
1775119963,61851.18,61903.62,61822.73,61899.35
1775120863,61899.35,61936.02,61891.35,61928.34
1775121763,61928.34,61987.44,61913.57,61974.85
1775122663,61974.85,61977.74,61842.0,61845.72
1775123563,61845.72,61855.48,61816.49,61832.52
1775124463,61832.52,61857.84,61735.85,61746.37
1775125363,61746.37,61761.4,61680.69,61759.44
1775126263,61759.44,61798.13,61711.8,61795.58
1775127163,61795.58,61810.12,61735.88,61774.0
1775128063,61774.0,61778.26,61738.65,61762.22
1775128963,61762.22,61767.74,61634.72,61641.79
1775129863,61641.79,61654.68,61615.47,61642.14
1775130763,61642.14,61807.79,61635.52,61729.93
1775131663,61729.93,61770.27,61727.56,61766.53
1775132563,61766.53,61771.86,61674.64,61694.09
1775133463,61694.09,61698.83,61575.13,61591.95
1775134363,61591.95,61616.86,61576.81,61608.32
1775135263,61608.32,61739.44,61597.61,61723.61
1775136163,61723.61,61729.95,61681.71,61694.17
1775137063,61694.17,61728.54,61657.87,61666.45
1775137963,61666.45,61672.08,61625.11,61628.57
1775138863,61628.57,61636.06,61576.02,61588.05
1775139763,61588.05,61609.48,61520.25,61540.63
1775140663,61540.63,61688.89,61526.72,61651.78
1775141563,61651.78,61694.13,61642.92,61683.43
1775142463,61683.43,61763.51,61672.18,61755.78
1775143363,61755.78,61815.51,61697.86,61729.1
1775144263,61729.1,61840.37,61712.98,61815.44
1775145163,61815.44,61940.61,61788.93,61903.94
1775146063,61903.94,62009.61,61886.32,61973.56
1775146963,61973.56,62121.6,61962.11,62113.46
1775147863,62113.46,62237.49,62063.52,62215.31
1775148763,62215.31,62218.18,62143.95,62155.56
1775149663,62155.56,62342.55,62129.5,62341.6
1775150563,62341.6,62448.3,62314.6,62435.54
1775151463,62435.54,62487.33,62399.3,62410.4
1775152363,62410.4,62481.52,62374.7,62414.44
1775153263,62414.44,62427.29,62389.24,62408.24
1775154163,62408.24,62427.98,62389.17,62406.57
1775155063,62406.57,62427.82,62251.69,62297.38
1775155963,62297.38,62397.56,62250.63,62370.52
1775156863,62370.52,62389.08,62305.73,62336.41
1775157763,62336.41,62418.45,62328.62,62382.29
1775158663,62382.29,62443.12,62354.86,62416.48
1775159563,62416.48,62457.2,62354.01,62375.69
1775160463,62375.69,62422.44,62374.14,62374.35
1775161363,62374.35,62385.96,62374.13,62380.38
1775162263,62380.38,62407.43,62183.37,62192.61
1775163163,62192.61,62226.69,62131.93,62179.25
1775164063,62179.25,62319.49,62174.61,62278.29
1775164963,62278.29,62369.63,62214.44,62321.18
1775165863,62321.18,62383.73,62316.4,62372.11
1775166763,62372.11,62421.83,62289.71,62348.16
1775167663,62348.16,62376.15,62249.35,62325.94
1775168563,62325.94,62392.35,62292.28,62360.06
1775169463,62360.06,62370.09,62312.07,62343.74
1775170363,62343.74,62371.83,62200.4,62205.8
1775171263,62205.8,62239.69,62155.91,62233.97
1775172163,62233.97,62245.19,62156.82,62172.21
1775173063,62172.21,62221.98,62158.79,62166.83
1775173963,62166.83,62189.95,62088.46,62102.82
1775174863,62102.82,62172.35,62098.82,62127.0
1775175763,62127.0,62177.96,62121.79,62172.33
1775176663,62172.33,62208.5,62115.74,62173.01
1775177563,62173.01,62209.46,62117.56,62183.33
1775178463,62183.33,62202.16,62010.53,62041.47
1775179363,62041.47,62049.43,61965.06,61995.53
1775180263,61995.53,62181.68,61913.44,62114.45
1775181163,62114.45,62129.07,62070.04,62084.69
1775182063,62084.69,62099.03,62023.37,62043.47
1775182963,62043.47,62218.23,62022.5,62164.58
1775183863,62164.58,62231.92,62147.95,62201.1
1775184763,62201.1,62315.24,62185.18,62306.84
1775185663,62306.84,62385.65,62301.95,62344.79
1775186563,62344.79,62416.84,62325.63,62380.82
1775187463,62380.82,62397.59,62373.29,62391.71
1775188363,62391.71,62526.68,62375.57,62489.59
1775189263,62489.59,62518.18,62449.03,62492.41
1775190163,62492.41,62515.67,62451.2,62455.99
1775191063,62455.99,62563.73,62407.17,62558.08
1775191963,62558.08,62583.09,62495.58,62502.96
1775192863,62502.96,62514.11,62487.78,62512.75
1775193763,62512.75,62579.67,62500.95,62563.83
1775194663,62563.83,62613.57,62517.73,62565.32
1775195563,62565.32,62590.43,62527.31,62544.94
1775196463,62544.94,62558.76,62536.91,62542.96
1775197363,62542.96,62568.09,62484.93,62500.26
1775198263,62500.26,62530.54,62362.05,62366.34
1775199163,62366.34,62471.5,62352.0,62410.75
1775200063,62410.75,62543.28,62370.04,62516.86
1775200963,62516.86,62545.93,62378.09,62420.42
1775201863,62420.42,62595.14,62372.21,62529.65
1775202763,62529.65,62569.84,62460.07,62516.43
1775203663,62516.43,62560.62,62425.14,62440.18
1775204563,62440.18,62523.96,62415.13,62504.28
1775205463,62504.28,62643.81,62488.66,62610.99
1775206363,62610.99,62655.63,62603.42,62646.52
1775207263,62646.52,62745.74,62592.3,62711.25
1775208163,62711.25,62751.39,62663.88,62713.5
1775209063,62713.5,62736.57,62509.35,62511.86
1775209963,62511.86,62533.48,62463.85,62478.36
1775210863,62478.36,62528.99,62473.0,62521.82
1775211763,62521.82,62612.45,62511.8,62596.49
1775212663,62596.49,62627.93,62573.74,62604.98
1775213563,62604.98,62646.34,62574.55,62615.27
1775214463,62615.27,62653.33,62607.52,62641.41
1775215363,62641.41,62660.62,62608.37,62631.9
1775216263,62631.9,62795.48,62612.13,62743.09
1775217163,62743.09,62840.0,62681.9,62798.5
1775218063,62798.5,62830.89,62690.15,62713.56
1775218963,62713.56,62745.81,62679.2,62711.23
1775219863,62711.23,62740.86,62626.47,62627.73
1775220763,62627.73,62629.37,62564.46,62567.88
1775221663,62567.88,62627.7,62551.36,62607.87
1775222563,62607.87,62702.24,62594.71,62675.57
1775223463,62675.57,62678.69,62599.07,62641.12
1775224363,62641.12,62692.68,62621.42,62665.53
1775225263,62665.53,62801.89,62606.6,62776.9
1775226163,62776.9,62779.18,62667.33,62687.22
1775227063,62687.22,62710.29,62619.42,62654.04
1775227963,62654.04,62664.11,62619.37,62651.97
1775228863,62651.97,62660.22,62629.14,62648.01
1775229763,62648.01,62739.57,62627.67,62722.8
1775230663,62722.8,62837.11,62671.37,62829.16
1775231563,62829.16,62978.0,62804.84,62957.49
1775232463,62957.49,62959.15,62881.14,62931.18
1775233363,62931.18,62940.82,62763.72,62785.48
1775234263,62785.48,62794.92,62735.76,62763.48
1775235163,62763.48,62812.01,62718.3,62797.85
1775236063,62797.85,62891.7,62786.6,62865.23
1775236963,62865.23,62871.63,62799.4,62810.96
1775237863,62810.96,62886.52,62810.6,62870.62
1775238763,62870.62,62888.88,62797.28,62822.66
1775239663,62822.66,62829.69,62677.2,62701.86
1775240563,62701.86,62834.67,62665.38,62806.48
1775241463,62806.48,62809.2,62789.47,62797.81
1775242363,62797.81,62837.14,62671.34,62692.26
1775243263,62692.26,62710.0,62568.94,62639.63
1775244163,62639.63,62641.83,62574.48,62623.44
1775245063,62623.44,62639.1,62588.52,62604.9
1775245963,62604.9,62626.2,62593.8,62616.51
1775246863,62616.51,62702.51,62613.95,62696.76
1775247763,62696.76,62750.76,62678.54,62695.87
1775248663,62695.87,62780.66,62682.54,62757.38
1775249563,62757.38,62773.72,62668.68,62750.48
1775250463,62750.48,62768.6,62647.61,62662.31
1775251363,62662.31,62772.42,62601.9,62729.64
1775252263,62729.64,62839.85,62674.85,62832.9
1775253163,62832.9,62909.72,62826.41,62846.13
1775254063,62846.13,62846.92,62671.63,62685.22
1775254963,62685.22,62714.89,62566.88,62575.29
1775255863,62575.29,62605.33,62464.85,62515.37
1775256763,62515.37,62529.49,62483.42,62495.62
1775257663,62495.62,62503.76,62419.61,62450.67
1775258563,62450.67,62493.29,62355.23,62394.47
1775259463,62394.47,62424.28,62353.49,62362.15
1775260363,62362.15,62523.82,62335.34,62471.08
1775261263,62471.08,62617.47,62436.55,62615.88
1775262163,62615.88,62709.21,62595.28,62686.21
1775263063,62686.21,62687.34,62540.37,62552.7
1775263963,62552.7,62589.87,62522.9,62536.52
1775264863,62536.52,62606.38,62517.81,62601.33
1775265763,62601.33,62656.7,62593.06,62628.5
1775266663,62628.5,62690.54,62572.74,62658.72
1775267563,62658.72,62832.91,62642.79,62806.36
1775268463,62806.36,62902.09,62806.15,62859.79
1775269363,62859.79,62874.86,62834.78,62849.92
1775270263,62849.92,62910.28,62810.21,62815.42
1775271163,62815.42,62976.24,62785.61,62967.55
1775272063,62967.55,63040.98,62962.99,62976.66
1775272963,62976.66,63000.48,62952.8,62983.9
1775273863,62983.9,63094.95,62961.97,63044.2
1775274763,63044.2,63135.39,62977.81,63001.74
1775275663,63001.74,63093.52,62986.53,63012.79
1775276563,63012.79,63146.01,62965.3,63120.46
1775277463,63120.46,63127.86,63029.25,63083.36
1775278363,63083.36,63113.32,62859.38,62917.03
1775279263,62917.03,62920.52,62788.03,62831.73
1775280163,62831.73,62958.32,62830.6,62915.94
1775281063,62915.94,63005.25,62899.71,62948.85
1775281963,62948.85,63017.96,62880.43,62904.29
1775282863,62904.29,62927.15,62865.27,62914.43
1775283763,62914.43,62963.53,62910.49,62957.59
1775284663,62957.59,63022.73,62884.24,62910.16
1775285563,62910.16,62948.23,62894.31,62947.46
1775286463,62947.46,62959.62,62825.21,62839.17
1775287363,62839.17,62905.43,62824.1,62885.25
1775288263,62885.25,62890.22,62816.83,62826.72
1775289163,62826.72,62832.34,62645.06,62688.72
1775290063,62688.72,62758.0,62629.71,62659.5
1775290963,62659.5,62671.81,62570.89,62577.59
1775291863,62577.59,62587.85,62454.31,62473.43
1775292763,62473.43,62524.49,62465.29,62514.05
1775293663,62514.05,62515.07,62422.59,62438.33
1775294563,62438.33,62444.64,62370.28,62370.63
1775295463,62370.63,62585.61,62330.05,62551.76
1775296363,62551.76,62626.47,62533.39,62608.04
1775297263,62608.04,62759.74,62606.21,62730.02
1775298163,62730.02,62757.17,62695.02,62740.35
1775299063,62740.35,62745.06,62630.03,62724.5
1775299963,62724.5,62765.68,62681.9,62686.08
1775300863,62686.08,62691.15,62637.52,62641.09
1775301763,62641.09,62643.67,62451.63,62458.51
1775302663,62458.51,62558.48,62423.82,62553.3
1775303563,62553.3,62700.41,62539.44,62684.65
1775304463,62684.65,62703.33,62648.35,62658.27
1775305363,62658.27,62662.06,62436.26,62470.43
1775306263,62470.43,62549.37,62446.69,62541.32
1775307163,62541.32,62542.38,62484.99,62520.09
1775308063,62520.09,62522.49,62433.01,62439.49
1775308963,62439.49,62509.82,62381.64,62485.67
1775309863,62485.67,62515.07,62425.9,62470.16
1775310763,62470.16,62490.29,62352.31,62401.71
1775311663,62401.71,62500.31,62378.36,62490.37
1775312563,62490.37,62491.39,62378.8,62433.98
1775313463,62433.98,62462.6,62320.57,62355.63
1775314363,62355.63,62429.94,62325.41,62400.11
1775315263,62400.11,62451.75,62365.02,62444.62
1775316163,62444.62,62486.15,62431.64,62464.78
1775317063,62464.78,62556.41,62437.49,62518.14
1775317963,62518.14,62536.7,62498.41,62501.94
1775318863,62501.94,62549.58,62432.23,62439.53
1775319763,62439.53,62479.72,62415.4,62463.75
1775320663,62463.75,62486.35,62461.9,62471.29
1775321563,62471.29,62498.01,62441.75,62482.05
1775322463,62482.05,62591.69,62454.63,62530.06
1775323363,62530.06,62559.52,62478.32,62500.24
1775324263,62500.24,62566.37,62451.8,62551.78
1775325163,62551.78,62559.31,62438.64,62447.76
1775326063,62447.76,62532.77,62446.74,62513.16
1775326963,62513.16,62521.64,62425.27,62443.25
1775327863,62443.25,62507.16,62411.93,62473.83
1775328763,62473.83,62486.9,62455.79,62468.71
1775329663,62468.71,62494.81,62410.41,62432.2
1775330563,62432.2,62468.8,62355.56,62401.93
1775331463,62401.93,62582.66,62389.59,62577.66
1775332363,62577.66,62779.96,62541.08,62727.68
1775333263,62727.68,62751.53,62720.69,62747.35
1775334163,62747.35,62792.02,62692.99,62723.39
1775335063,62723.39,62747.1,62711.97,62712.67
1775335963,62712.67,62737.06,62622.75,62631.78
1775336863,62631.78,62651.24,62560.0,62570.91
1775337763,62570.91,62616.47,62423.94,62487.76
1775338663,62487.76,62563.78,62482.36,62543.72
1775339563,62543.72,62547.86,62529.27,62530.55
1775340463,62530.55,62602.59,62518.29,62586.33
1775341363,62586.33,62595.73,62490.11,62507.25
1775342263,62507.25,62586.57,62432.98,62569.98
1775343163,62569.98,62625.26,62407.21,62431.5
1775344063,62431.5,62484.0,62367.15,62422.97
1775344963,62422.97,62571.27,62410.79,62547.38
1775345863,62547.38,62583.09,62433.94,62436.22
1775346763,62436.22,62506.34,62410.84,62484.73
1775347663,62484.73,62638.93,62483.53,62596.38
1775348563,62596.38,62626.65,62422.48,62429.08
1775349463,62429.08,62434.11,62351.66,62390.47
1775350363,62390.47,62433.9,62302.68,62372.34
1775351263,62372.34,62416.07,62312.2,62315.75
1775352163,62315.75,62381.22,62303.8,62377.64
1775353063,62377.64,62399.54,62199.68,62226.02
1775353963,62226.02,62229.33,62104.49,62116.12
1775354863,62116.12,62145.75,62095.26,62143.89
1775355763,62143.89,62156.56,62126.3,62148.49
1775356663,62148.49,62204.36,62117.53,62191.83
1775357563,62191.83,62223.78,62099.67,62139.06
1775358463,62139.06,62169.6,62085.56,62105.72
1775359363,62105.72,62201.89,62094.89,62183.8
1775360263,62183.8,62245.4,62017.15,62041.44
1775361163,62041.44,62045.07,61951.55,61970.56
1775362063,61970.56,61988.26,61940.94,61962.22
1775362963,61962.22,62123.56,61948.62,62113.47
1775363863,62113.47,62242.5,62109.7,62207.69
1775364763,62207.69,62379.7,62201.02,62376.92
1775365663,62376.92,62404.94,62324.03,62330.74
1775366563,62330.74,62540.4,62314.67,62512.86
1775367463,62512.86,62596.85,62502.96,62568.11
1775368363,62568.11,62570.03,62553.31,62566.79
1775369263,62566.79,62605.93,62467.44,62489.57
1775370163,62489.57,62553.76,62466.45,62520.78
1775371063,62520.78,62527.24,62387.59,62429.06
1775371963,62429.06,62524.05,62368.76,62478.09
1775372863,62478.09,62492.85,62455.08,62483.12
1775373763,62483.12,62509.79,62477.55,62497.11
1775374663,62497.11,62554.8,62490.74,62513.51
1775375563,62513.51,62552.77,62406.53,62435.55
1775376463,62435.55,62497.8,62421.08,62481.52
1775377363,62481.52,62630.77,62461.3,62616.53
1775378263,62616.53,62644.3,62480.03,62509.48
1775379163,62509.48,62572.75,62476.97,62562.3
1775380063,62562.3,62623.73,62501.08,62502.95
1775380963,62502.95,62589.88,62494.78,62572.37
1775381863,62572.37,62617.91,62538.44,62608.15
1775382763,62608.15,62624.85,62591.95,62615.4
1775383663,62615.4,62627.36,62587.34,62612.62
1775384563,62612.62,62678.47,62427.04,62471.19
1775385463,62471.19,62488.52,62390.71,62390.94
1775386363,62390.94,62445.73,62355.69,62429.44
1775387263,62429.44,62584.55,62411.51,62581.12
1775388163,62581.12,62589.18,62562.86,62573.47
1775389063,62573.47,62619.59,62482.81,62529.53
1775389963,62529.53,62590.86,62528.05,62567.77
1775390863,62567.77,62570.19,62464.02,62491.9
1775391763,62491.9,62513.9,62430.65,62498.25
1775392663,62498.25,62580.92,62465.26,62522.46
1775393563,62522.46,62557.12,62430.66,62460.37
1775394463,62460.37,62466.45,62399.57,62458.13
1775395363,62458.13,62467.07,62423.08,62437.04
1775396263,62437.04,62437.35,62372.6,62377.16
1775397163,62377.16,62408.61,62123.87,62162.17
1775398063,62162.17,62301.03,62112.08,62230.97
1775398963,62230.97,62263.37,62040.57,62072.11
1775399863,62072.11,62161.94,62036.65,62142.55
1775400763,62142.55,62146.89,62072.18,62117.2
1775401663,62117.2,62197.28,62033.98,62177.95
1775402563,62177.95,62308.07,62169.85,62304.91
1775403463,62304.91,62308.37,62207.79,62232.12
1775404363,62232.12,62307.77,62154.83,62176.79
1775405263,62176.79,62218.02,62142.17,62194.14
1775406163,62194.14,62207.39,62145.31,62176.21
1775407063,62176.21,62361.98,62144.63,62298.61
1775407963,62298.61,62306.8,62192.32,62215.67
1775408863,62215.67,62225.09,62192.0,62220.03
1775409763,62220.03,62244.91,62214.56,62236.64
1775410663,62236.64,62266.53,62206.9,62207.48
1775411563,62207.48,62207.73,62177.2,62205.06
1775412463,62205.06,62263.15,62146.15,62172.2
1775413363,62172.2,62179.35,62043.67,62054.19
1775414263,62054.19,62152.86,62006.76,62019.83
1775415163,62019.83,62138.51,62009.59,62120.08
1775416063,62120.08,62124.78,62030.12,62046.27
1775416963,62046.27,62115.5,61904.2,61940.82
1775417863,61940.82,62005.12,61932.51,61991.62
1775418763,61991.62,62098.6,61973.94,62056.98
1775419663,62056.98,62092.38,62002.61,62010.75
1775420563,62010.75,62035.84,61933.28,61961.99
1775421463,61961.99,61974.04,61912.76,61951.32
1775422363,61951.32,61979.25,61897.27,61905.54
1775423263,61905.54,61989.12,61884.67,61966.52
1775424163,61966.52,62059.75,61901.86,62032.61
1775425063,62032.61,62065.4,61983.51,62011.67
1775425963,62011.67,62054.36,62007.87,62048.35
1775426863,62048.35,62075.63,61816.63,61860.91
1775427763,61860.91,61944.03,61844.05,61924.95
1775428663,61924.95,61965.29,61898.78,61929.38
1775429563,61929.38,62024.11,61919.37,62001.21
1775430463,62001.21,62033.83,61998.52,62003.88
1775431363,62003.88,62030.5,61946.66,62008.89
1775432263,62008.89,62011.37,61929.81,61982.98
1775433163,61982.98,62049.61,61961.13,62033.71
1775434063,62033.71,62102.25,62006.98,62087.97
1775434963,62087.97,62142.02,62069.58,62096.31
1775435863,62096.31,62140.06,62017.11,62036.32
1775436763,62036.32,62084.44,61997.54,62054.04
1775437663,62054.04,62054.67,61970.74,61997.15
1775438563,61997.15,62005.29,61832.88,61857.45
1775439463,61857.45,61866.77,61811.88,61866.53
1775440363,61866.53,61878.25,61866.37,61878.05
1775441263,61878.05,61887.3,61829.12,61845.76
1775442163,61845.76,61932.64,61836.44,61876.68
1775443063,61876.68,61880.19,61829.25,61851.28
1775443963,61851.28,61962.97,61845.24,61907.71
1775444863,61907.71,61994.2,61887.96,61962.55
1775445763,61962.55,61988.91,61821.49,61853.63
1775446663,61853.63,61871.22,61727.92,61749.99
1775447563,61749.99,61895.65,61734.65,61885.57
1775448463,61885.57,61923.25,61855.75,61880.3
1775449363,61880.3,61927.75,61814.4,61890.18
1775450263,61890.18,61892.15,61735.57,61771.55
1775451163,61771.55,61874.04,61752.09,61849.71
1775452063,61849.71,61852.96,61795.47,61832.74
1775452963,61832.74,61885.62,61830.97,61860.21
1775453863,61860.21,61910.37,61750.12,61756.58
1775454763,61756.58,61820.8,61698.0,61740.43
1775455663,61740.43,61750.06,61600.55,61614.83
1775456563,61614.83,61874.97,61568.81,61837.99
1775457463,61837.99,61838.55,61755.79,61763.9
1775458363,61763.9,61804.36,61670.43,61687.27
1775459263,61687.27,61725.62,61585.82,61611.12
1775460163,61611.12,61724.01,61587.53,61718.47
1775461063,61718.47,61749.25,61665.97,61723.85
1775461963,61723.85,61851.82,61700.79,61833.97
1775462863,61833.97,61841.74,61657.45,61718.46
1775463763,61718.46,61724.29,61598.05,61634.22
1775464663,61634.22,61702.16,61607.56,61682.87
1775465563,61682.87,61705.44,61641.78,61662.31
1775466463,61662.31,61828.85,61655.01,61812.51
1775467363,61812.51,61897.82,61769.19,61842.85
1775468263,61842.85,61850.33,61655.02,61709.19
1775469163,61709.19,61711.59,61670.25,61692.17
1775470063,61692.17,61743.07,61652.86,61732.15
1775470963,61732.15,61741.74,61642.87,61648.14
1775471863,61648.14,61657.7,61611.38,61618.04
1775472763,61618.04,61621.48,61551.67,61592.5
1775473663,61592.5,61747.65,61572.41,61690.36
1775474563,61690.36,61866.77,61627.79,61802.1
1775475463,61802.1,61811.06,61753.83,61754.33
1775476363,61754.33,61844.66,61734.74,61840.14
1775477263,61840.14,61963.94,61833.08,61917.11
1775478163,61917.11,61953.87,61847.5,61868.34
1775479063,61868.34,61885.99,61818.58,61841.94
1775479963,61841.94,61861.46,61660.87,61684.59
1775480863,61684.59,61687.94,61635.79,61654.99
1775481763,61654.99,61810.35,61632.17,61773.89
1775482663,61773.89,61775.25,61592.01,61622.73
1775483563,61622.73,61647.65,61550.58,61583.94
1775484463,61583.94,61589.83,61514.39,61543.3
1775485363,61543.3,61586.09,61535.22,61577.9
1775486263,61577.9,61725.81,61573.42,61701.11
1775487163,61701.11,61744.32,61660.72,61739.36
1775488063,61739.36,61758.03,61648.48,61711.63
1775488963,61711.63,61712.03,61598.95,61645.71
1775489863,61645.71,61818.38,61634.12,61793.22
1775490763,61793.22,61845.52,61760.14,61786.94
1775491663,61786.94,61887.3,61778.68,61872.62
1775492563,61872.62,61893.5,61858.86,61888.79
1775493463,61888.79,61900.94,61712.49,61713.09
1775494363,61713.09,61745.02,61693.25,61732.77
1775495263,61732.77,61776.77,61639.63,61663.83
1775496163,61663.83,61748.01,61596.04,61741.12
1775497063,61741.12,61793.78,61655.02,61656.07
1775497963,61656.07,61748.63,61635.21,61687.07
1775498863,61687.07,61735.97,61565.07,61647.49
1775499763,61647.49,61735.66,61634.95,61697.14
1775500663,61697.14,61705.12,61603.33,61672.19
1775501563,61672.19,61673.32,61602.02,61610.7
1775502463,61610.7,61711.48,61592.02,61703.56
1775503363,61703.56,61722.8,61579.51,61634.67
1775504263,61634.67,61652.17,61586.05,61651.06
1775505163,61651.06,61712.0,61616.7,61698.06
1775506063,61698.06,61810.35,61695.17,61775.42
1775506963,61775.42,61823.81,61657.81,61674.26
1775507863,61674.26,61704.2,61631.12,61645.76
1775508763,61645.76,61724.27,61621.44,61665.09
1775509663,61665.09,61744.37,61653.94,61741.22
1775510563,61741.22,61841.97,61733.47,61821.6
1775511463,61821.6,61832.98,61771.85,61772.85
1775512363,61772.85,61783.26,61567.9,61605.35
1775513263,61605.35,61619.49,61595.01,61619.19
1775514163,61619.19,61633.03,61468.18,61475.41
1775515063,61475.41,61493.64,61449.75,61485.51
1775515963,61485.51,61581.01,61460.58,61580.1
1775516863,61580.1,61601.28,61499.73,61508.35
1775517763,61508.35,61530.63,61470.77,61530.59
1775518663,61530.59,61532.15,61358.75,61400.23
1775519563,61400.23,61548.07,61353.65,61539.27
1775520463,61539.27,61688.0,61527.7,61669.21
1775521363,61669.21,61804.88,61665.23,61781.54
1775522263,61781.54,61815.15,61690.27,61751.03
1775523163,61751.03,61819.77,61710.82,61808.22
1775524063,61808.22,61828.11,61744.84,61798.18
1775524963,61798.18,61969.96,61749.17,61963.94
1775525863,61963.94,62010.86,61957.21,61982.78
1775526763,61982.78,62028.78,61935.88,61942.3
1775527663,61942.3,61968.98,61863.99,61890.55
1775528563,61890.55,61976.08,61885.45,61952.41
1775529463,61952.41,61989.8,61819.55,61840.48
1775530363,61840.48,61900.32,61818.16,61873.25
1775531263,61873.25,61947.0,61853.67,61924.55
1775532163,61924.55,61952.27,61895.35,61939.51
1775533063,61939.51,62012.38,61912.71,62004.12
1775533963,62004.12,62044.67,61978.35,61985.03
1775534863,61985.03,62169.0,61939.33,62126.78
1775535763,62126.78,62169.24,62019.36,62046.66
1775536663,62046.66,62094.11,61936.31,61965.32
1775537563,61965.32,62005.69,61916.81,61999.33
1775538463,61999.33,62040.42,61962.74,62035.35
1775539363,62035.35,62143.97,61981.99,62118.03
1775540263,62118.03,62213.33,62083.12,62200.61
1775541163,62200.61,62218.35,62152.81,62154.93
1775542063,62154.93,62188.62,62043.5,62057.7
1775542963,62057.7,62111.25,62033.18,62038.31
1775543863,62038.31,62074.39,62038.29,62070.55
1775544763,62070.55,62186.34,62044.92,62170.63
1775545663,62170.63,62189.51,62085.66,62113.95
1775546563,62113.95,62129.12,61958.19,61996.34
1775547463,61996.34,62097.37,61986.19,62069.99
1775548363,62069.99,62141.03,62039.84,62126.57
1775549263,62126.57,62138.96,62009.68,62043.21
1775550163,62043.21,62054.96,62006.3,62023.74
1775551063,62023.74,62225.71,62016.93,62200.19
1775551963,62200.19,62312.79,62190.15,62308.51
1775552863,62308.51,62412.96,62298.62,62366.72
1775553763,62366.72,62555.37,62336.38,62525.86
1775554663,62525.86,62626.01,62511.78,62592.83
1775555563,62592.83,62649.16,62581.91,62604.92
1775556463,62604.92,62702.72,62558.87,62672.37
1775557363,62672.37,62749.58,62654.65,62705.51
1775558263,62705.51,62728.61,62676.24,62702.0
1775559163,62702.0,62730.87,62521.76,62559.79
1775560063,62559.79,62576.23,62471.19,62499.91
1775560963,62499.91,62562.46,62498.38,62540.45
1775561863,62540.45,62566.14,62491.39,62505.11
1775562763,62505.11,62543.61,62382.97,62430.65
1775563663,62430.65,62495.8,62424.21,62474.92
1775564563,62474.92,62511.45,62380.94,62404.73
1775565463,62404.73,62419.53,62180.02,62192.8
1775566363,62192.8,62259.34,62140.86,62160.01
1775567263,62160.01,62179.08,62117.81,62175.49
1775568163,62175.49,62227.64,62079.98,62083.52
1775569063,62083.52,62085.56,61966.44,61978.07
1775569963,61978.07,62028.03,61971.32,62024.28
1775570863,62024.28,62053.34,62000.51,62012.63
1775571763,62012.63,62074.75,61979.39,62012.19
1775572663,62012.19,62062.29,61978.43,62027.24
1775573563,62027.24,62069.68,61957.77,61981.78
1775574463,61981.78,62068.23,61949.61,62038.17
1775575363,62038.17,62098.87,62033.22,62066.9
1775576263,62066.9,62123.53,62042.61,62048.61
1775577163,62048.61,62108.5,61997.4,62106.27
1775578063,62106.27,62131.51,62049.01,62049.18
1775578963,62049.18,62051.92,61960.9,62009.56
1775579863,62009.56,62084.35,61988.27,62064.91
1775580763,62064.91,62178.57,62042.6,62141.04
1775581663,62141.04,62161.15,62038.11,62072.1
1775582563,62072.1,62129.98,62058.35,62122.78
1775583463,62122.78,62134.94,61954.89,61988.15
1775584363,61988.15,62061.38,61970.38,62046.32
1775585263,62046.32,62071.66,62003.03,62030.37
1775586163,62030.37,62110.44,62026.24,62071.36
1775587063,62071.36,62109.58,61929.17,61978.77
1775587963,61978.77,61993.92,61881.03,61882.51
1775588863,61882.51,61920.53,61829.21,61873.97
1775589763,61873.97,61879.5,61812.29,61817.92
1775590663,61817.92,61837.1,61690.71,61706.67
1775591563,61706.67,61751.7,61654.1,61703.97
1775592463,61703.97,61781.55,61672.68,61765.67
1775593363,61765.67,61828.04,61751.0,61824.46
1775594263,61824.46,61999.76,61789.6,61961.22
1775595163,61961.22,61970.34,61900.66,61900.99
1775596063,61900.99,61929.01,61866.51,61895.7
1775596963,61895.7,61975.71,61878.02,61921.59
1775597863,61921.59,61954.72,61886.66,61899.33
1775598763,61899.33,61944.14,61832.84,61937.45
1775599663,61937.45,61973.17,61905.55,61968.3
1775600563,61968.3,61998.01,61871.14,61902.82
1775601463,61902.82,61924.98,61800.5,61840.39
1775602363,61840.39,61853.13,61829.99,61834.59
1775603263,61834.59,61860.79,61754.29,61813.17
1775604163,61813.17,61863.88,61718.43,61746.24
1775605063,61746.24,61758.02,61675.11,61682.97
1775605963,61682.97,61762.75,61639.88,61728.54
1775606863,61728.54,61818.4,61696.44,61705.32
1775607763,61705.32,61836.13,61686.45,61799.19
1775608663,61799.19,61866.68,61781.54,61852.31
1775609563,61852.31,61953.59,61828.93,61895.69
1775610463,61895.69,61960.79,61802.8,61852.88
1775611363,61852.88,61892.43,61823.17,61843.47
1775612263,61843.47,61893.74,61816.84,61877.93
1775613163,61877.93,61941.71,61753.05,61764.12
1775614063,61764.12,61869.96,61763.06,61860.64
1775614963,61860.64,61864.03,61845.86,61851.82
1775615863,61851.82,61975.66,61807.92,61907.19
1775616763,61907.19,61963.27,61843.64,61851.04
1775617663,61851.04,61864.93,61824.61,61840.3
1775618563,61840.3,61870.3,61680.75,61691.67
1775619463,61691.67,61751.45,61629.95,61678.56
1775620363,61678.56,61699.42,61654.19,61672.92
1775621263,61672.92,61823.2,61669.14,61797.81
1775622163,61797.81,61821.9,61726.24,61727.31
1775623063,61727.31,61753.64,61653.96,61661.91
1775623963,61661.91,61688.93,61475.74,61538.4
1775624863,61538.4,61566.7,61361.55,61368.74
1775625763,61368.74,61392.72,61264.44,61301.49
1775626663,61301.49,61322.6,61298.97,61316.98
1775627563,61316.98,61335.99,61287.32,61309.41
1775628463,61309.41,61437.22,61307.76,61421.53
1775629363,61421.53,61486.22,61376.61,61467.16
1775630263,61467.16,61486.71,61403.98,61456.33
1775631163,61456.33,61487.46,61279.22,61318.24
1775632063,61318.24,61348.31,61299.05,61348.09
1775632963,61348.09,61361.71,61300.58,61328.67
1775633863,61328.67,61357.92,61285.3,61322.25
1775634763,61322.25,61365.92,61260.56,61264.9
1775635663,61264.9,61316.58,61262.07,61293.65
1775636563,61293.65,61413.03,61288.63,61359.72
1775637463,61359.72,61377.39,61287.69,61301.11
1775638363,61301.11,61352.51,61260.96,61305.41
1775639263,61305.41,61332.14,61279.29,61307.47
1775640163,61307.47,61315.25,61281.2,61293.89
1775641063,61293.89,61299.66,61190.43,61225.49
1775641963,61225.49,61320.87,61175.84,61306.38
1775642863,61306.38,61311.91,61131.7,61162.55
1775643763,61162.55,61170.51,61137.78,61168.15
1775644663,61168.15,61171.11,60998.14,61000.31
1775645563,61000.31,61003.5,60949.43,60972.58
1775646463,60972.58,60999.82,60911.45,60939.72
1775647363,60939.72,60988.71,60927.31,60968.5
1775648263,60968.5,60995.58,60947.78,60958.54
1775649163,60958.54,60991.53,60875.1,60896.09
1775650063,60896.09,60940.96,60844.62,60923.31
1775650963,60923.31,60943.63,60768.04,60785.57
1775651863,60785.57,60789.25,60763.5,60772.88
1775652763,60772.88,60812.41,60605.83,60631.0
1775653663,60631.0,60774.1,60589.63,60747.28
1775654563,60747.28,60775.53,60705.88,60709.2
1775655463,60709.2,60740.71,60651.23,60724.09
1775656363,60724.09,60731.07,60635.34,60688.82
1775657263,60688.82,60763.93,60678.36,60749.6
1775658163,60749.6,60884.21,60746.6,60876.64
1775659063,60876.64,61074.05,60852.48,61065.11
1775659963,61065.11,61130.96,61063.45,61113.51
1775660863,61113.51,61134.07,61091.95,61095.13
1775661763,61095.13,61097.29,61020.16,61035.42
1775662663,61035.42,61103.0,61001.96,61060.21
1775663563,61060.21,61158.26,61047.67,61156.68
1775664463,61156.68,61292.65,61154.26,61271.15
1775665363,61271.15,61327.41,61183.29,61188.51
1775666263,61188.51,61199.05,61147.49,61152.21
1775667163,61152.21,61166.25,60972.42,61010.86
1775668063,61010.86,61035.4,60977.4,60983.91
1775668963,60983.91,60986.95,60962.6,60982.56
1775669863,60982.56,61026.22,60947.6,60972.1
1775670763,60972.1,61049.27,60928.87,60983.96
1775671663,60983.96,60996.85,60867.72,60898.69
1775672563,60898.69,60898.88,60838.97,60844.56
1775673463,60844.56,60845.12,60738.25,60764.55
1775674363,60764.55,60853.31,60751.11,60836.7
1775675263,60836.7,60920.92,60833.47,60916.24
1775676163,60916.24,61032.33,60899.6,60992.63
1775677063,60992.63,61040.11,60907.2,60920.48
1775677963,60920.48,60949.64,60862.6,60915.06
1775678863,60915.06,60916.52,60828.3,60854.51
1775679763,60854.51,60987.84,60846.54,60940.43
1775680663,60940.43,60949.31,60884.78,60887.27
1775681563,60887.27,60897.53,60801.43,60826.67
1775682463,60826.67,60889.3,60798.57,60867.86
1775683363,60867.86,60913.77,60833.65,60835.26
1775684263,60835.26,60893.12,60810.32,60839.76
1775685163,60839.76,60855.03,60798.59,60820.18
1775686063,60820.18,60855.04,60736.19,60795.6
1775686963,60795.6,60807.92,60593.83,60600.75
1775687863,60600.75,60628.4,60575.63,60576.4
1775688763,60576.4,60576.61,60510.78,60528.87
1775689663,60528.87,60559.51,60300.68,60331.25
1775690563,60331.25,60377.52,60283.74,60351.68
1775691463,60351.68,60355.69,60190.11,60219.09
1775692363,60219.09,60228.38,60164.83,60195.54
1775693263,60195.54,60260.7,60129.76,60145.98
1775694163,60145.98,60167.66,60039.71,60058.85
1775695063,60058.85,60072.27,60012.84,60032.92
1775695963,60032.92,60068.75,59993.86,60025.04
1775696863,60025.04,60027.81,59896.16,59964.64
1775697763,59964.64,60050.95,59943.46,60008.02
1775698663,60008.02,60046.84,59952.26,60033.9
1775699563,60033.9,60064.97,60009.02,60010.94
1775700463,60010.94,60037.46,59985.28,60028.41
1775701363,60028.41,60046.03,59975.76,60018.44
1775702263,60018.44,60024.75,59917.43,59948.71
1775703163,59948.71,59997.86,59925.52,59982.41
1775704063,59982.41,59990.21,59881.59,59929.05
1775704963,59929.05,59937.61,59741.29,59796.25
1775705863,59796.25,59897.21,59781.84,59867.9
1775706763,59867.9,59991.96,59854.76,59973.07
1775707663,59973.07,59984.29,59844.29,59859.54
1775708563,59859.54,59884.01,59835.4,59881.06
1775709463,59881.06,59894.95,59866.45,59878.04
1775710363,59878.04,59880.75,59749.47,59776.19
1775711263,59776.19,59830.74,59766.92,59790.94
1775712163,59790.94,59964.79,59758.7,59934.0
1775713063,59934.0,59937.02,59867.37,59886.14
1775713963,59886.14,59931.57,59621.55,59650.93
1775714863,59650.93,59694.33,59632.22,59680.0
1775715763,59680.0,59687.8,59623.91,59629.88
1775716663,59629.88,59632.25,59530.39,59544.0
1775717563,59544.0,59558.99,59482.71,59482.75
1775718463,59482.75,59493.52,59384.77,59410.38
1775719363,59410.38,59483.95,59376.64,59470.16
1775720263,59470.16,59482.07,59266.47,59307.42
1775721163,59307.42,59360.93,59121.39,59140.47
1775722063,59140.47,59196.21,59071.31,59103.65
1775722963,59103.65,59114.7,59024.94,59069.2
1775723863,59069.2,59080.62,58985.33,58989.26
1775724763,58989.26,59026.37,58964.15,59004.03
1775725663,59004.03,59046.49,58933.15,58941.83
1775726563,58941.83,59112.7,58940.89,59041.66
1775727463,59041.66,59054.35,59004.44,59004.51
1775728363,59004.51,59038.77,58979.74,58992.79
1775729263,58992.79,59062.63,58968.9,59061.72
1775730163,59061.72,59106.1,58994.05,59104.5
1775731063,59104.5,59109.38,59082.79,59088.14
1775731963,59088.14,59222.85,59075.54,59178.34
1775732863,59178.34,59220.36,59121.26,59176.2
1775733763,59176.2,59221.07,59097.26,59149.34
1775734663,59149.34,59263.21,59115.42,59262.48
1775735563,59262.48,59303.33,59227.11,59267.99
1775736463,59267.99,59283.71,59205.44,59275.88
1775737363,59275.88,59334.42,59235.69,59306.44
1775738263,59306.44,59347.27,59255.68,59335.71
1775739163,59335.71,59450.71,59320.97,59410.6
1775740063,59410.6,59449.27,59327.98,59444.09
1775740963,59444.09,59458.31,59342.58,59381.45
1775741863,59381.45,59539.05,59366.31,59533.07
1775742763,59533.07,59549.56,59413.08,59476.16
1775743663,59476.16,59513.57,59240.91,59311.82
1775744563,59311.82,59358.76,59259.64,59292.34
1775745463,59292.34,59301.96,59262.07,59278.15
1775746363,59278.15,59279.81,59181.6,59194.05
1775747263,59194.05,59202.44,59122.56,59133.84
1775748163,59133.84,59247.03,59089.83,59223.89
1775749063,59223.89,59229.31,59219.74,59227.26
1775749963,59227.26,59321.91,59194.62,59300.78
1775750863,59300.78,59337.36,59252.03,59266.55
1775751763,59266.55,59316.58,59240.41,59275.71
1775752663,59275.71,59354.69,59225.7,59317.8
1775753563,59317.8,59322.86,59268.27,59288.66
1775754463,59288.66,59297.42,59261.81,59265.44
1775755363,59265.44,59287.87,59169.3,59206.0
1775756263,59206.0,59259.77,59205.42,59248.43
1775757163,59248.43,59292.76,59190.33,59205.77
1775758063,59205.77,59239.85,59197.17,59225.0
1775758963,59225.0,59301.02,59167.41,59277.48
1775759863,59277.48,59329.54,59269.87,59307.05
1775760763,59307.05,59346.41,59245.2,59247.71
1775761663,59247.71,59282.67,59140.73,59180.99
1775762563,59180.99,59220.15,59173.84,59216.12
1775763463,59216.12,59281.72,59196.07,59256.2
1775764363,59256.2,59264.4,59216.75,59243.21
1775765263,59243.21,59346.14,59230.91,59296.49
1775766163,59296.49,59472.61,59295.16,59416.17
1775767063,59416.17,59438.34,59412.77,59425.75
1775767963,59425.75,59433.18,59363.06,59364.59
1775768863,59364.59,59481.53,59358.19,59452.39
1775769763,59452.39,59517.59,59437.37,59492.84
1775770663,59492.84,59520.58,59370.52,59416.1
1775771563,59416.1,59483.93,59372.12,59442.35
1775772463,59442.35,59527.49,59420.35,59525.94
1775773363,59525.94,59679.14,59486.88,59625.53
1775774263,59625.53,59657.1,59592.01,59594.46
1775775163,59594.46,59621.95,59563.61,59609.91
1775776063,59609.91,59624.64,59488.12,59533.98
1775776963,59533.98,59624.09,59504.99,59623.62
1775777863,59623.62,59662.11,59535.68,59560.4
1775778763,59560.4,59799.11,59524.95,59762.56
1775779663,59762.56,59860.65,59717.06,59839.84
1775780563,59839.84,59934.66,59831.18,59905.56
1775781463,59905.56,60006.29,59850.27,59999.88
1775782363,59999.88,60069.95,59906.08,59921.64
1775783263,59921.64,60066.07,59921.45,59989.85
1775784163,59989.85,60027.82,59881.71,59947.66
1775785063,59947.66,60020.07,59942.3,60015.28
1775785963,60015.28,60032.72,59867.5,59872.13
1775786863,59872.13,59917.41,59853.29,59917.32
1775787763,59917.32,59936.6,59861.22,59871.88
1775788663,59871.88,59894.42,59870.37,59881.93
1775789563,59881.93,60019.84,59857.97,60003.42
1775790463,60003.42,60007.33,59885.66,59930.61
1775791363,59930.61,59973.81,59867.74,59952.84
1775792263,59952.84,60002.17,59865.01,59878.83
1775793163,59878.83,59891.8,59739.26,59748.17
1775794063,59748.17,59767.69,59738.84,59751.68
1775794963,59751.68,59772.3,59538.58,59582.56
1775795863,59582.56,59596.25,59480.06,59511.33
1775796763,59511.33,59554.02,59471.53,59551.63
1775797663,59551.63,59611.45,59548.41,59571.01
1775798563,59571.01,59600.89,59447.52,59494.7
1775799463,59494.7,59526.76,59354.98,59392.12
1775800363,59392.12,59404.64,59318.44,59333.21
1775801263,59333.21,59384.97,59309.88,59353.84
1775802163,59353.84,59474.36,59342.78,59452.41
1775803063,59452.41,59488.75,59266.06,59339.94
1775803963,59339.94,59399.56,59331.48,59383.75
1775804863,59383.75,59435.57,59309.04,59321.2
1775805763,59321.2,59333.89,59308.43,59328.46
1775806663,59328.46,59463.34,59302.24,59422.17
1775807563,59422.17,59453.89,59408.82,59427.55
1775808463,59427.55,59437.28,59309.51,59338.95
1775809363,59338.95,59342.36,59293.49,59318.75
1775810263,59318.75,59361.23,59269.62,59312.59
1775811163,59312.59,59340.16,59216.36,59225.26
1775812063,59225.26,59229.75,59126.09,59153.99
1775812963,59153.99,59172.64,59055.12,59137.35
1775813863,59137.35,59143.19,59052.42,59060.22
1775814763,59060.22,59096.65,58959.81,59019.57
1775815663,59019.57,59030.25,58956.16,58974.77
1775816563,58974.77,58983.86,58853.03,58855.67
1775817463,58855.67,58870.64,58818.98,58847.61
1775818363,58847.61,58887.65,58818.3,58852.6
1775819263,58852.6,58879.81,58835.67,58851.53
1775820163,58851.53,59011.46,58846.54,58993.31
1775821063,58993.31,58997.73,58964.68,58983.95
1775821963,58983.95,59108.66,58967.99,59085.41
1775822863,59085.41,59224.23,59085.3,59213.02
1775823763,59213.02,59286.59,59185.97,59246.54
1775824663,59246.54,59270.17,59177.13,59189.52
1775825563,59189.52,59409.12,59168.71,59400.73
1775826463,59400.73,59520.79,59396.76,59470.15
1775827363,59470.15,59481.72,59370.22,59373.31
1775828263,59373.31,59385.43,59299.58,59341.88
1775829163,59341.88,59363.59,59305.48,59325.35
1775830063,59325.35,59359.01,59280.55,59357.51
1775830963,59357.51,59363.15,59295.94,59298.92
1775831863,59298.92,59364.69,59263.32,59357.59
1775832763,59357.59,59374.19,59194.46,59221.79
1775833663,59221.79,59273.7,59220.03,59260.63
1775834563,59260.63,59387.11,59255.44,59328.46
1775835463,59328.46,59387.78,59304.57,59334.09
1775836363,59334.09,59400.58,59302.01,59398.41
1775837263,59398.41,59450.48,59388.17,59395.68
1775838163,59395.68,59565.43,59355.48,59513.35
1775839063,59513.35,59534.89,59480.65,59485.52
1775839963,59485.52,59507.66,59477.41,59494.08
1775840863,59494.08,59534.41,59456.56,59482.52
1775841763,59482.52,59483.54,59466.32,59471.95
1775842663,59471.95,59481.67,59447.69,59458.84
1775843563,59458.84,59600.1,59423.47,59581.52
1775844463,59581.52,59601.59,59481.18,59534.21
1775845363,59534.21,59679.92,59532.05,59652.62
1775846263,59652.62,59679.37,59555.24,59603.26
1775847163,59603.26,59645.83,59558.27,59634.47
1775848063,59634.47,59654.88,59548.4,59605.87
1775848963,59605.87,59678.89,59597.33,59637.37
1775849863,59637.37,59647.75,59546.25,59569.14
1775850763,59569.14,59809.53,59550.89,59792.56
1775851663,59792.56,59833.78,59703.44,59744.73
1775852563,59744.73,59779.37,59720.54,59765.42
1775853463,59765.42,59806.83,59444.82,59524.73
1775854363,59524.73,59588.98,59512.63,59556.3
1775855263,59556.3,59640.9,59528.55,59573.59
1775856163,59573.59,59662.04,59562.61,59654.1
1775857063,59654.1,59794.9,59637.1,59703.36
1775857963,59703.36,59731.47,59638.02,59681.78
1775858863,59681.78,59712.01,59631.88,59673.88
1775859763,59673.88,59781.76,59653.93,59746.44
1775860663,59746.44,59772.27,59665.21,59714.34
1775861563,59714.34,59866.03,59701.77,59816.79
1775862463,59816.79,59850.63,59729.59,59775.86
1775863363,59775.86,59908.61,59774.77,59875.13
1775864263,59875.13,59944.47,59858.47,59915.37
1775865163,59915.37,59924.21,59856.42,59892.35
1775866063,59892.35,59921.29,59816.63,59847.33
1775866963,59847.33,60033.85,59818.12,60001.4
1775867863,60001.4,60087.52,59974.13,60082.55
1775868763,60082.55,60109.43,59966.63,59998.55
1775869663,59998.55,60107.06,59990.45,60106.78
1775870563,60106.78,60117.11,59894.74,59915.01
1775871463,59915.01,59929.32,59808.78,59833.05
1775872363,59833.05,59877.42,59770.9,59874.67
1775873263,59874.67,59906.0,59778.98,59817.22
1775874163,59817.22,59832.43,59674.81,59699.26
1775875063,59699.26,59747.49,59636.81,59734.29
1775875963,59734.29,59745.31,59642.45,59664.87
1775876863,59664.87,59720.39,59643.04,59707.81
1775877763,59707.81,59794.62,59652.97,59722.29
1775878663,59722.29,59861.59,59707.73,59784.49
1775879563,59784.49,59805.86,59768.08,59784.44
1775880463,59784.44,59834.25,59709.72,59825.75
1775881363,59825.75,59881.65,59825.42,59873.97
1775882263,59873.97,59927.98,59742.99,59802.69
1775883163,59802.69,59830.87,59784.89,59798.23
1775884063,59798.23,59845.73,59752.59,59790.23
1775884963,59790.23,59908.01,59760.64,59885.67
1775885863,59885.67,59981.35,59881.92,59976.25
1775886763,59976.25,60021.03,59877.16,59910.39
1775887663,59910.39,59947.64,59902.91,59919.33
1775888563,59919.33,59938.05,59800.03,59825.66
1775889463,59825.66,59869.48,59821.27,59857.63
1775890363,59857.63,60006.92,59843.03,60006.59
1775891263,60006.59,60073.87,59971.13,60046.84
1775892163,60046.84,60202.02,60027.07,60196.2
1775893063,60196.2,60314.82,60138.77,60290.17
1775893963,60290.17,60389.53,60288.98,60367.08
1775894863,60367.08,60392.13,60313.25,60362.88
1775895763,60362.88,60422.96,60325.94,60410.84
1775896663,60410.84,60439.23,60283.77,60298.57
1775897563,60298.57,60356.7,60270.16,60351.47
1775898463,60351.47,60370.38,60291.73,60308.29
1775899363,60308.29,60331.0,60266.93,60292.33
1775900263,60292.33,60301.58,60228.35,60230.17
1775901163,60230.17,60245.27,60087.11,60106.97
1775902063,60106.97,60135.36,60001.56,60021.93
1775902963,60021.93,60044.57,59984.36,60031.59
1775903863,60031.59,60079.45,60021.17,60024.03
1775904763,60024.03,60058.59,59734.34,59757.57
1775905663,59757.57,59816.99,59724.84,59792.81
1775906563,59792.81,59934.19,59766.09,59922.77
1775907463,59922.77,60009.79,59904.95,59983.92
1775908363,59983.92,60098.13,59926.84,60069.23
1775909263,60069.23,60268.82,60055.07,60262.32
1775910163,60262.32,60323.77,60238.41,60319.88
1775911063,60319.88,60396.73,60303.32,60344.6
1775911963,60344.6,60408.7,60267.08,60283.83
1775912863,60283.83,60443.09,60254.15,60411.2
1775913763,60411.2,60432.55,60292.63,60295.89
1775914663,60295.89,60372.99,60284.9,60330.62
1775915563,60330.62,60357.72,60320.8,60352.36
1775916463,60352.36,60364.55,60255.54,60258.88
1775917363,60258.88,60268.89,60094.84,60096.73
1775918263,60096.73,60105.94,60039.68,60041.56
1775919163,60041.56,60188.76,60001.12,60172.67
1775920063,60172.67,60222.31,60164.39,60176.44
1775920963,60176.44,60212.11,60152.37,60182.69
1775921863,60182.69,60236.88,60177.41,60226.3
1775922763,60226.3,60256.23,60180.08,60200.94
1775923663,60200.94,60262.32,60166.95,60254.28
1775924563,60254.28,60290.57,60191.87,60200.15
1775925463,60200.15,60239.68,60186.93,60213.9
1775926363,60213.9,60223.22,60166.1,60174.46
1775927263,60174.46,60242.4,60166.89,60206.92
1775928163,60206.92,60333.07,60190.21,60297.16
1775929063,60297.16,60333.34,60257.82,60322.17
1775929963,60322.17,60340.63,60180.38,60231.46
1775930863,60231.46,60253.27,60114.72,60165.0
1775931763,60165.0,60193.51,60144.22,60165.42
1775932663,60165.42,60239.77,60091.92,60207.81
1775933563,60207.81,60226.31,60132.9,60190.28
1775934463,60190.28,60214.75,60166.38,60190.67
1775935363,60190.67,60267.4,60134.5,60164.86
1775936263,60164.86,60263.64,60130.65,60252.03
1775937163,60252.03,60466.02,60248.74,60448.43
1775938063,60448.43,60539.17,60425.42,60526.4
1775938963,60526.4,60738.06,60511.46,60697.99
1775939863,60697.99,60702.57,60639.51,60648.67
1775940763,60648.67,60656.78,60480.69,60515.16
1775941663,60515.16,60548.53,60453.05,60473.27
1775942563,60473.27,60544.13,60448.48,60513.99
1775943463,60513.99,60554.75,60508.57,60540.31
1775944363,60540.31,60565.0,60367.66,60400.61
1775945263,60400.61,60573.8,60357.24,60511.06
1775946163,60511.06,60523.64,60446.66,60497.3
1775947063,60497.3,60566.51,60416.54,60474.72
1775947963,60474.72,60507.86,60458.87,60502.31
1775948863,60502.31,60526.56,60463.78,60464.76
1775949763,60464.76,60491.52,60363.79,60377.36
1775950663,60377.36,60402.66,60194.69,60259.74
1775951563,60259.74,60411.98,60216.57,60379.09
1775952463,60379.09,60521.99,60332.61,60513.97
1775953363,60513.97,60541.47,60467.93,60529.22
1775954263,60529.22,60557.09,60484.58,60507.73
1775955163,60507.73,60652.69,60473.55,60635.09
1775956063,60635.09,60672.3,60575.99,60652.47
1775956963,60652.47,60670.0,60635.63,60649.56
1775957863,60649.56,60680.06,60601.72,60607.79
1775958763,60607.79,60616.85,60517.47,60519.13
1775959663,60519.13,60557.69,60424.21,60453.34
1775960563,60453.34,60461.06,60363.02,60403.27
1775961463,60403.27,60413.08,60361.69,60377.1
1775962363,60377.1,60423.51,60277.89,60327.65
1775963263,60327.65,60370.93,60327.62,60360.58
1775964163,60360.58,60365.47,60259.09,60289.71
1775965063,60289.71,60330.11,60283.65,60316.14
1775965963,60316.14,60386.24,60304.33,60367.09
1775966863,60367.09,60389.54,60242.82,60245.31
1775967763,60245.31,60345.16,60239.21,60343.53
1775968663,60343.53,60358.84,60332.96,60347.69
1775969563,60347.69,60370.69,60170.65,60224.76
1775970463,60224.76,60314.99,60210.44,60296.69
1775971363,60296.69,60329.37,60256.24,60262.84
1775972263,60262.84,60301.98,60196.3,60202.86
1775973163,60202.86,60202.95,60137.47,60143.96
1775974063,60143.96,60225.24,60116.43,60204.23
1775974963,60204.23,60295.35,60193.3,60260.23
1775975863,60260.23,60360.81,60228.23,60342.12
1775976763,60342.12,60385.65,60335.0,60350.84
1775977663,60350.84,60443.66,60311.65,60393.06
1775978563,60393.06,60430.76,60356.55,60398.31
1775979463,60398.31,60430.69,60192.82,60199.88
1775980363,60199.88,60217.33,60047.77,60103.14
1775981263,60103.14,60292.81,60030.39,60257.27
1775982163,60257.27,60257.89,60045.5,60096.71
1775983063,60096.71,60106.86,59979.29,60038.26
1775983963,60038.26,60090.97,59994.87,60087.95
1775984863,60087.95,60210.78,60068.3,60191.58
1775985763,60191.58,60294.0,60139.58,60274.38
1775986663,60274.38,60276.96,60256.17,60259.19
1775987563,60259.19,60261.95,60249.94,60255.1
1775988463,60255.1,60299.48,60253.92,60268.19
1775989363,60268.19,60337.1,60244.45,60324.92
1775990263,60324.92,60336.56,60205.79,60210.68
1775991163,60210.68,60248.46,60058.0,60106.93
1775992063,60106.93,60150.65,60103.99,60137.86
1775992963,60137.86,60140.74,60077.78,60084.06
1775993863,60084.06,60118.66,59953.38,59960.26
1775994763,59960.26,59985.9,59854.74,59862.25
1775995663,59862.25,59882.15,59832.64,59839.17
1775996563,59839.17,59926.07,59828.24,59904.87
1775997463,59904.87,59964.61,59894.84,59956.43
1775998363,59956.43,60016.72,59937.27,59990.73
1775999263,59990.73,60054.99,59944.25,60029.87
1776000163,60029.87,60077.27,60000.57,60075.42
1776001063,60075.42,60085.35,59991.05,59999.13
1776001963,59999.13,60079.62,59986.96,60074.4
1776002863,60074.4,60213.75,60071.96,60154.62
1776003763,60154.62,60155.25,60099.2,60114.38
1776004663,60114.38,60117.18,60005.57,60005.62
1776005563,60005.62,60037.17,59854.65,59935.78
1776006463,59935.78,59986.0,59935.29,59959.04
1776007363,59959.04,60001.49,59958.07,59998.0
1776008263,59998.0,60053.29,59980.45,60024.65
1776009163,60024.65,60078.46,59947.12,59966.21
1776010063,59966.21,59989.61,59786.18,59824.08
1776010963,59824.08,60167.68,59802.27,60130.51
1776011863,60130.51,60152.15,60038.1,60061.03
1776012763,60061.03,60076.96,60020.53,60041.71
1776013663,60041.71,60097.65,60027.29,60080.09
1776014563,60080.09,60105.89,60025.2,60063.56
1776015463,60063.56,60076.39,60044.11,60065.76
1776016363,60065.76,60081.11,59889.36,59913.87
1776017263,59913.87,59922.82,59840.6,59873.58
1776018163,59873.58,60087.66,59862.9,60039.45
1776019063,60039.45,60075.83,60028.98,60058.19
1776019963,60058.19,60076.6,60001.67,60031.66
1776020863,60031.66,60071.12,59973.19,59992.99
1776021763,59992.99,60015.65,59911.68,59959.0
1776022663,59959.0,60013.8,59817.33,59876.76
1776023563,59876.76,59919.3,59871.98,59911.38
1776024463,59911.38,59939.67,59816.6,59833.98
1776025363,59833.98,59897.69,59820.58,59826.58
1776026263,59826.58,60075.01,59800.64,60026.11
1776027163,60026.11,60143.87,60019.95,60085.12
1776028063,60085.12,60088.8,60009.25,60043.27
1776028963,60043.27,60055.99,59943.17,59974.46
1776029863,59974.46,60017.81,59958.58,60008.81
1776030763,60008.81,60044.8,59914.14,59945.32
1776031663,59945.32,59952.25,59801.79,59813.65
1776032563,59813.65,59816.68,59755.72,59771.25
1776033463,59771.25,59832.34,59759.61,59824.73
1776034363,59824.73,59893.9,59789.14,59842.36
1776035263,59842.36,59900.77,59824.78,59887.58
1776036163,59887.58,60033.65,59816.24,59995.22
1776037063,59995.22,60026.89,59892.61,59947.66
1776037963,59947.66,59948.65,59854.42,59870.33
1776038863,59870.33,59891.1,59704.94,59766.47
1776039763,59766.47,59830.21,59663.19,59677.11
1776040663,59677.11,59683.33,59652.16,59658.28
1776041563,59658.28,59711.25,59652.1,59706.32
1776042463,59706.32,59736.65,59689.12,59719.52
1776043363,59719.52,59840.52,59716.73,59813.12
1776044263,59813.12,59853.11,59682.21,59711.33
1776045163,59711.33,59720.49,59629.61,59670.41
1776046063,59670.41,59674.68,59622.61,59632.0
1776046963,59632.0,59790.7,59619.48,59766.54
1776047863,59766.54,59828.89,59754.39,59814.49
1776048763,59814.49,59856.68,59714.49,59727.87
1776049663,59727.87,59751.77,59681.03,59691.79
1776050563,59691.79,59720.32,59656.14,59688.33
1776051463,59688.33,59732.3,59683.58,59728.88
1776052363,59728.88,59845.49,59704.49,59816.43
1776053263,59816.43,59874.92,59759.1,59770.36
1776054163,59770.36,59862.99,59769.14,59850.57
1776055063,59850.57,59940.54,59793.43,59914.16
1776055963,59914.16,60048.22,59913.98,60028.47
1776056863,60028.47,60076.77,59979.95,60058.83
1776057763,60058.83,60097.18,60026.54,60072.47
1776058663,60072.47,60212.78,60019.29,60164.27
1776059563,60164.27,60178.39,60125.27,60141.77
1776060463,60141.77,60246.85,60132.06,60234.82
1776061363,60234.82,60282.41,60198.11,60260.9
1776062263,60260.9,60299.95,60147.31,60147.43
1776063163,60147.43,60185.9,60086.87,60101.49
1776064063,60101.49,60160.98,60030.73,60142.15
1776064963,60142.15,60160.73,60030.73,60092.51
1776065863,60092.51,60270.41,60076.6,60259.29
1776066763,60259.29,60268.67,60258.99,60267.93
1776067663,60267.93,60306.15,60241.44,60267.08
1776068563,60267.08,60492.39,60217.56,60434.86
1776069463,60434.86,60522.68,60400.34,60511.46
1776070363,60511.46,60633.28,60457.28,60628.3
1776071263,60628.3,60691.89,60618.52,60685.1
1776072163,60685.1,60700.34,60560.34,60572.79
1776073063,60572.79,60598.15,60549.3,60588.25
1776073963,60588.25,60600.28,60563.95,60573.57
1776074863,60573.57,60645.52,60542.3,60561.08
1776075763,60561.08,60655.54,60516.29,60631.73
1776076663,60631.73,60672.61,60626.49,60671.6
1776077563,60671.6,60729.51,60647.13,60706.11
1776078463,60706.11,60727.49,60635.15,60670.14
1776079363,60670.14,60774.29,60666.9,60763.3
1776080263,60763.3,60946.21,60750.31,60937.54
1776081163,60937.54,61020.4,60935.31,60991.07
1776082063,60991.07,61030.69,60952.16,61021.41
1776082963,61021.41,61076.34,60989.13,61043.56
1776083863,61043.56,61129.35,61041.34,61080.74
1776084763,61080.74,61158.37,61080.13,61117.58
1776085663,61117.58,61134.17,61025.65,61055.89
1776086563,61055.89,61095.86,60903.38,60969.33
1776087463,60969.33,60989.54,60852.7,60868.81
1776088363,60868.81,60872.72,60796.41,60820.2
1776089263,60820.2,60855.91,60769.24,60819.2
1776090163,60819.2,60905.24,60817.87,60892.81
1776091063,60892.81,61041.66,60891.22,61009.42
1776091963,61009.42,61140.16,60985.37,61102.83
1776092863,61102.83,61245.31,61092.92,61213.54
1776093763,61213.54,61228.74,61089.55,61114.39
1776094663,61114.39,61122.52,60903.36,60933.49
1776095563,60933.49,61051.43,60904.83,61006.49
1776096463,61006.49,61118.08,60968.78,61106.91
1776097363,61106.91,61227.12,61072.49,61198.39
1776098263,61198.39,61285.14,61159.48,61267.29
1776099163,61267.29,61379.43,61224.01,61349.09
1776100063,61349.09,61443.0,61278.61,61411.65
1776100963,61411.65,61427.95,61345.66,61384.58
1776101863,61384.58,61449.07,61346.27,61405.13
1776102763,61405.13,61493.37,61394.18,61421.73
1776103663,61421.73,61607.51,61406.2,61568.23
1776104563,61568.23,61581.65,61427.15,61445.75
1776105463,61445.75,61501.4,61423.38,61476.35
1776106363,61476.35,61485.21,61463.23,61466.35
1776107263,61466.35,61490.25,61224.88,61229.29
1776108163,61229.29,61383.93,61179.46,61370.93
1776109063,61370.93,61378.67,61280.9,61303.51
1776109963,61303.51,61369.69,61250.44,61346.54
1776110863,61346.54,61412.51,61309.9,61391.32
1776111763,61391.32,61402.44,61285.16,61303.63
1776112663,61303.63,61333.38,61296.12,61321.18
1776113563,61321.18,61334.73,61176.21,61208.68
1776114463,61208.68,61266.48,61204.35,61239.35
1776115363,61239.35,61396.33,61195.52,61364.23
1776116263,61364.23,61501.25,61338.61,61470.62
1776117163,61470.62,61500.91,61427.22,61452.76
1776118063,61452.76,61582.35,61405.91,61557.11
1776118963,61557.11,61586.47,61500.02,61507.21
1776119863,61507.21,61526.02,61455.26,61489.38
1776120763,61489.38,61569.42,61468.04,61547.56
1776121663,61547.56,61594.98,61507.39,61536.91
1776122563,61536.91,61549.26,61513.77,61520.44
1776123463,61520.44,61676.75,61501.41,61661.74
1776124363,61661.74,61672.98,61613.08,61618.38
1776125263,61618.38,61704.98,61581.81,61704.87
1776126163,61704.87,61742.3,61684.02,61730.41
1776127063,61730.41,61732.38,61556.7,61579.08
1776127963,61579.08,61585.64,61529.93,61572.78
1776128863,61572.78,61580.1,61572.54,61575.47
1776129763,61575.47,61635.43,61538.37,61591.84
1776130663,61591.84,61611.27,61476.69,61504.83
1776131563,61504.83,61527.66,61438.3,61470.61
1776132463,61470.61,61515.68,61304.49,61353.79
1776133363,61353.79,61376.6,61254.58,61336.45
1776134263,61336.45,61379.22,61292.31,61357.06
1776135163,61357.06,61506.37,61346.89,61482.06
1776136063,61482.06,61541.15,61317.01,61356.49
1776136963,61356.49,61497.64,61354.54,61475.14
1776137863,61475.14,61478.89,61382.18,61434.34
1776138763,61434.34,61468.4,61416.07,61417.66
1776139663,61417.66,61467.83,61323.29,61361.28
1776140563,61361.28,61370.02,61241.33,61283.61
1776141463,61283.61,61312.6,61026.6,61064.88
1776142363,61064.88,61126.86,61051.21,61087.5
1776143263,61087.5,61088.08,60984.27,61001.87
1776144163,61001.87,61037.57,60973.52,60987.64
1776145063,60987.64,61066.61,60976.21,61056.8
1776145963,61056.8,61061.37,61013.3,61023.34
1776146863,61023.34,61061.56,60957.38,61003.15
1776147763,61003.15,61011.05,60927.28,60961.23
1776148663,60961.23,61030.04,60886.14,60906.95
1776149563,60906.95,60942.57,60891.07,60902.13
1776150463,60902.13,60926.05,60813.97,60869.46
1776151363,60869.46,60885.25,60794.45,60799.99
1776152263,60799.99,60811.17,60681.36,60682.74
1776153163,60682.74,60727.86,60652.65,60691.31
1776154063,60691.31,60703.08,60624.92,60665.89
1776154963,60665.89,60713.61,60641.2,60650.24
1776155863,60650.24,60672.79,60602.97,60643.62
1776156763,60643.62,60651.76,60546.13,60563.27
1776157663,60563.27,60591.56,60498.55,60508.02
1776158563,60508.02,60568.57,60495.01,60531.6
1776159463,60531.6,60616.13,60492.87,60606.78
1776160363,60606.78,60692.29,60585.75,60674.55
1776161263,60674.55,60752.23,60658.19,60736.3
1776162163,60736.3,60755.47,60577.72,60577.76
1776163063,60577.76,60590.24,60488.75,60531.06
1776163963,60531.06,60557.82,60478.51,60520.85
1776164863,60520.85,60521.76,60437.97,60504.79
1776165763,60504.79,60531.8,60353.96,60364.49
1776166663,60364.49,60532.7,60361.64,60465.38
1776167563,60465.38,60470.7,60459.27,60463.97
1776168463,60463.97,60570.88,60416.46,60549.21
1776169363,60549.21,60564.96,60356.09,60394.79
1776170263,60394.79,60437.28,60360.51,60418.13
1776171163,60418.13,60586.8,60396.94,60552.17
1776172063,60552.17,60580.51,60384.76,60401.48
1776172963,60401.48,60408.97,60227.69,60242.99
1776173863,60242.99,60258.09,60206.83,60251.33
1776174763,60251.33,60344.15,60232.74,60275.3
1776175663,60275.3,60323.89,60268.14,60299.62
1776176563,60299.62,60386.61,60266.76,60371.25
1776177463,60371.25,60467.93,60289.03,60447.28
1776178363,60447.28,60509.24,60246.41,60280.47
1776179263,60280.47,60387.71,60255.43,60371.31
1776180163,60371.31,60455.78,60345.84,60427.38
1776181063,60427.38,60451.71,60383.49,60387.15
1776181963,60387.15,60545.94,60358.88,60534.41
1776182863,60534.41,60586.38,60374.03,60422.2
1776183763,60422.2,60461.87,60327.47,60352.76
1776184663,60352.76,60383.73,60308.83,60372.13
1776185563,60372.13,60387.88,60324.27,60357.45
1776186463,60357.45,60374.25,60239.95,60269.64
1776187363,60269.64,60339.7,60244.52,60331.7
1776188263,60331.7,60338.11,60251.67,60281.37
1776189163,60281.37,60292.79,60247.5,60252.43
1776190063,60252.43,60291.66,60214.29,60289.56
1776190963,60289.56,60321.75,60160.5,60248.36
1776191863,60248.36,60317.27,60236.77,60266.21
1776192763,60266.21,60336.4,60154.45,60173.25
1776193663,60173.25,60210.62,60105.45,60135.85
1776194563,60135.85,60166.99,60039.08,60077.16
1776195463,60077.16,60079.16,60046.53,60052.86
1776196363,60052.86,60111.29,60050.66,60101.69
1776197263,60101.69,60230.24,60099.06,60175.94
1776198163,60175.94,60188.51,60052.72,60078.71
1776199063,60078.71,60141.32,59963.76,60023.52
1776199963,60023.52,60174.2,59993.87,60137.26
1776200863,60137.26,60194.63,60125.74,60185.67
1776201763,60185.67,60363.34,60179.04,60295.89
1776202663,60295.89,60373.39,60293.29,60329.26
1776203563,60329.26,60332.58,60270.8,60325.69
1776204463,60325.69,60514.01,60269.72,60438.52
1776205363,60438.52,60478.15,60385.11,60426.38
1776206263,60426.38,60473.46,60425.31,60468.86
1776207163,60468.86,60610.9,60447.61,60587.71
1776208063,60587.71,60613.4,60429.16,60443.42
1776208963,60443.42,60478.86,60370.99,60404.83
1776209863,60404.83,60450.3,60360.71,60387.48
1776210763,60387.48,60440.49,60323.95,60429.16
1776211663,60429.16,60498.57,60395.12,60466.86
1776212563,60466.86,60503.52,60372.52,60400.79
1776213463,60400.79,60414.69,60281.55,60288.77
1776214363,60288.77,60449.57,60245.91,60401.12
1776215263,60401.12,60402.49,60316.73,60350.33
1776216163,60350.33,60521.74,60305.02,60519.89
1776217063,60519.89,60605.74,60495.97,60592.98
1776217963,60592.98,60605.98,60572.06,60578.19
1776218863,60578.19,60725.13,60523.36,60687.07
1776219763,60687.07,60720.23,60544.71,60556.59
1776220663,60556.59,60811.03,60542.43,60740.29
1776221563,60740.29,60755.35,60684.03,60747.75
1776222463,60747.75,60848.66,60740.01,60802.04
1776223363,60802.04,60826.16,60724.87,60746.22
1776224263,60746.22,60845.12,60678.66,60813.52
1776225163,60813.52,60863.09,60794.21,60861.05
1776226063,60861.05,60903.7,60794.68,60878.27
1776226963,60878.27,60918.19,60734.86,60796.61
1776227863,60796.61,60875.24,60783.45,60862.1
1776228763,60862.1,60985.03,60851.19,60971.62
1776229663,60971.62,60982.13,60956.13,60964.09
1776230563,60964.09,61029.83,60937.07,61012.22
1776231463,61012.22,61041.4,61011.24,61033.17
1776232363,61033.17,61146.88,61027.33,61131.24
1776233263,61131.24,61160.18,61118.96,61157.89
1776234163,61157.89,61198.58,61073.62,61082.52
1776235063,61082.52,61233.25,61071.07,61172.17
1776235963,61172.17,61221.95,61158.89,61204.56
1776236863,61204.56,61230.76,61109.01,61129.02
1776237763,61129.02,61144.64,60988.33,61002.94
1776238663,61002.94,61030.82,60892.81,60931.61
1776239563,60931.61,61043.25,60894.09,60983.46
1776240463,60983.46,61002.75,60918.99,60943.44
1776241363,60943.44,60943.99,60839.72,60885.19
1776242263,60885.19,60903.13,60796.29,60829.25
1776243163,60829.25,60844.37,60814.21,60822.59
1776244063,60822.59,60829.03,60722.66,60748.97
1776244963,60748.97,60874.63,60679.18,60838.71
1776245863,60838.71,61004.42,60834.54,61004.08
1776246763,61004.08,61021.92,60988.36,61016.21
1776247663,61016.21,61027.98,60873.39,60894.19
1776248563,60894.19,60941.13,60846.28,60879.39
1776249463,60879.39,60936.5,60736.93,60764.38
1776250363,60764.38,60807.31,60732.06,60803.94
1776251263,60803.94,60822.33,60731.91,60745.82
1776252163,60745.82,60820.9,60725.73,60817.5
1776253063,60817.5,60847.35,60796.69,60828.24
1776253963,60828.24,61003.67,60793.15,60981.19
1776254863,60981.19,61085.07,60978.49,61062.91
1776255763,61062.91,61075.75,60964.93,60981.28
1776256663,60981.28,61016.65,60966.67,61005.49
1776257563,61005.49,61031.26,60905.32,60950.24
1776258463,60950.24,60957.03,60924.01,60931.79
1776259363,60931.79,61047.33,60907.18,61030.98
1776260263,61030.98,61033.06,60937.6,60980.84
1776261163,60980.84,61057.56,60951.62,61024.01
1776262063,61024.01,61073.14,60988.57,61004.67
1776262963,61004.67,61047.39,60956.35,60986.62
1776263863,60986.62,61042.38,60927.41,61013.14
1776264763,61013.14,61092.06,60962.37,61044.72
1776265663,61044.72,61108.53,60932.31,60969.54
1776266563,60969.54,61001.58,60853.27,60884.94
1776267463,60884.94,60905.1,60825.29,60892.74
1776268363,60892.74,60956.92,60873.63,60901.41
1776269263,60901.41,60961.0,60829.67,60834.66
1776270163,60834.66,60891.63,60778.7,60878.39
1776271063,60878.39,60928.24,60715.45,60764.2
1776271963,60764.2,60810.41,60681.73,60689.02
1776272863,60689.02,60702.47,60620.2,60679.87
1776273763,60679.87,60697.82,60589.3,60614.67
1776274663,60614.67,60623.07,60485.2,60505.92
1776275563,60505.92,60675.23,60489.61,60590.97
1776276463,60590.97,60651.3,60483.42,60527.22
1776277363,60527.22,60546.9,60483.64,60509.57
1776278263,60509.57,60527.29,60488.09,60511.11
1776279163,60511.11,60567.14,60505.82,60564.26
1776280063,60564.26,60615.5,60472.19,60508.28
1776280963,60508.28,60534.68,60405.86,60463.68
1776281863,60463.68,60667.45,60406.63,60653.98
1776282763,60653.98,60716.38,60581.32,60586.11
1776283663,60586.11,60631.99,60576.82,60625.21
1776284563,60625.21,60757.01,60549.05,60701.3
1776285463,60701.3,60774.72,60675.68,60731.58
1776286363,60731.58,60749.14,60643.77,60714.76
1776287263,60714.76,60829.32,60713.12,60809.0
1776288163,60809.0,60833.17,60775.6,60795.33
1776289063,60795.33,60922.53,60786.66,60871.38
1776289963,60871.38,60998.21,60862.83,60932.0
1776290863,60932.0,60936.25,60737.48,60758.47
1776291763,60758.47,60788.85,60727.77,60777.44
1776292663,60777.44,60780.97,60756.46,60756.46
1776293563,60756.46,60768.31,60618.16,60621.35
1776294463,60621.35,60626.38,60539.62,60581.2
1776295363,60581.2,60581.77,60560.07,60565.95
1776296263,60565.95,60610.26,60433.13,60439.05
1776297163,60439.05,60475.71,60398.17,60453.87
1776298063,60453.87,60500.32,60348.12,60379.95
1776298963,60379.95,60402.87,60253.42,60268.53
1776299863,60268.53,60404.69,60235.64,60387.91
1776300763,60387.91,60394.84,60291.96,60357.95
1776301663,60357.95,60393.51,60344.75,60387.34
1776302563,60387.34,60402.04,60325.94,60326.75
1776303463,60326.75,60431.18,60317.52,60380.74
1776304363,60380.74,60412.49,60368.35,60400.34
1776305263,60400.34,60493.92,60397.61,60444.5
1776306163,60444.5,60498.72,60431.49,60436.08
1776307063,60436.08,60542.37,60412.7,60512.08
1776307963,60512.08,60628.42,60487.97,60605.39
1776308863,60605.39,60741.37,60593.35,60703.74
1776309763,60703.74,60734.6,60684.55,60728.92
1776310663,60728.92,60741.26,60666.24,60728.1
1776311563,60728.1,60888.41,60726.82,60835.29
1776312463,60835.29,60847.57,60812.14,60838.01
1776313363,60838.01,60905.19,60831.76,60871.66
1776314263,60871.66,61033.29,60856.48,60948.96
1776315163,60948.96,60959.63,60873.62,60917.38
1776316063,60917.38,60944.2,60916.04,60936.2
1776316963,60936.2,60953.4,60918.41,60944.46
1776317863,60944.46,61035.75,60898.59,61006.28
1776318763,61006.28,61009.76,60973.72,60985.11
1776319663,60985.11,61036.64,60967.27,61012.26
1776320563,61012.26,61038.78,60979.66,61009.86
1776321463,61009.86,61031.1,60926.49,60933.47
1776322363,60933.47,61037.82,60889.81,61015.76
1776323263,61015.76,61024.1,60878.82,60901.21
1776324163,60901.21,60901.51,60878.13,60889.1
1776325063,60889.1,60967.54,60884.63,60956.94
1776325963,60956.94,60962.0,60835.16,60846.32
1776326863,60846.32,60905.23,60796.92,60857.82
1776327763,60857.82,60901.74,60836.78,60867.77
1776328663,60867.77,60947.57,60848.81,60933.31
1776329563,60933.31,60954.74,60814.55,60823.96
1776330463,60823.96,60898.53,60822.28,60870.76
1776331363,60870.76,60921.7,60779.23,60779.33
1776332263,60779.33,60882.84,60648.37,60663.0
1776333163,60663.0,60789.01,60655.58,60762.02
1776334063,60762.02,60769.31,60623.65,60675.14
1776334963,60675.14,60708.12,60597.68,60603.49
1776335863,60603.49,60693.69,60572.13,60674.2
1776336763,60674.2,60783.86,60670.96,60778.02
1776337663,60778.02,60842.83,60735.68,60822.72
1776338563,60822.72,60826.77,60812.47,60815.44
1776339463,60815.44,60888.41,60796.68,60845.72
1776340363,60845.72,60946.01,60833.47,60940.6
1776341263,60940.6,60951.39,60901.96,60905.24
1776342163,60905.24,60939.42,60889.25,60919.53
1776343063,60919.53,61027.08,60914.7,61016.56
1776343963,61016.56,61113.28,60985.04,61108.03
1776344863,61108.03,61158.43,61097.69,61152.68
1776345763,61152.68,61163.51,61144.58,61147.26
1776346663,61147.26,61177.84,61101.43,61106.8
1776347563,61106.8,61214.33,61087.94,61163.6
1776348463,61163.6,61166.03,61146.14,61152.42
1776349363,61152.42,61227.43,61119.13,61196.35
1776350263,61196.35,61202.95,61142.78,61159.56
1776351163,61159.56,61215.45,61105.81,61206.86
1776352063,61206.86,61279.07,61196.21,61257.35
1776352963,61257.35,61286.8,61241.84,61252.01
1776353863,61252.01,61295.72,61245.69,61269.92
1776354763,61269.92,61456.77,61208.28,61431.22
1776355663,61431.22,61578.84,61394.18,61569.78
1776356563,61569.78,61579.4,61517.01,61534.23
1776357463,61534.23,61602.35,61480.53,61583.41
1776358363,61583.41,61588.72,61385.83,61425.69
1776359263,61425.69,61493.1,61391.98,61437.75
1776360163,61437.75,61479.83,61433.39,61444.21
1776361063,61444.21,61582.38,61435.4,61554.14
1776361963,61554.14,61594.83,61528.73,61531.05
1776362863,61531.05,61735.02,61527.76,61687.15
1776363763,61687.15,61783.23,61634.83,61774.12
1776364663,61774.12,61790.56,61760.8,61766.83
1776365563,61766.83,61767.74,61701.56,61744.03
1776366463,61744.03,61793.56,61657.63,61674.39
1776367363,61674.39,61683.06,61648.31,61679.31
1776368263,61679.31,61791.62,61624.83,61787.85
1776369163,61787.85,61833.78,61694.24,61754.11
1776370063,61754.11,61762.86,61715.89,61720.98
1776370963,61720.98,61739.2,61540.67,61591.22
1776371863,61591.22,61643.18,61513.49,61562.56
1776372763,61562.56,61654.6,61560.96,61631.33
1776373663,61631.33,61647.85,61601.85,61642.51
1776374563,61642.51,61672.04,61516.05,61531.97
1776375463,61531.97,61579.22,61505.12,61570.12
1776376363,61570.12,61612.15,61469.58,61497.7
1776377263,61497.7,61562.58,61490.08,61547.56
1776378163,61547.56,61688.25,61542.39,61671.12
1776379063,61671.12,61863.6,61628.17,61809.39
1776379963,61809.39,61949.62,61800.06,61922.4
1776380863,61922.4,61966.33,61831.31,61871.47
1776381763,61871.47,61889.72,61812.64,61836.58
1776382663,61836.58,61887.14,61742.24,61766.14
1776383563,61766.14,61815.82,61750.55,61780.18
1776384463,61780.18,61807.14,61776.92,61800.33
1776385363,61800.33,61810.69,61754.29,61758.68
1776386263,61758.68,61844.83,61738.26,61815.1
1776387163,61815.1,61817.45,61713.27,61793.59
1776388063,61793.59,61819.91,61749.99,61750.17
1776388963,61750.17,61785.3,61646.77,61657.01
1776389863,61657.01,61680.44,61575.13,61606.51
1776390763,61606.51,61742.48,61576.42,61729.61
1776391663,61729.61,61905.31,61728.11,61861.55
1776392563,61861.55,61944.11,61831.31,61920.58
1776393463,61920.58,62084.89,61919.23,62066.2
1776394363,62066.2,62093.7,62044.78,62089.47
1776395263,62089.47,62232.02,62062.98,62182.37
1776396163,62182.37,62184.04,62137.45,62182.11
1776397063,62182.11,62323.54,62137.51,62317.37
1776397963,62317.37,62335.55,62281.53,62323.18
1776398863,62323.18,62436.58,62313.04,62426.59
1776399763,62426.59,62575.47,62424.49,62528.84
1776400663,62528.84,62542.94,62447.6,62462.04
1776401563,62462.04,62470.66,62397.36,62433.53
1776402463,62433.53,62572.5,62426.03,62547.33
1776403363,62547.33,62665.0,62546.12,62647.33
1776404263,62647.33,62719.26,62633.82,62680.11
1776405163,62680.11,62742.5,62665.03,62741.52
1776406063,62741.52,62748.59,62702.56,62737.25
1776406963,62737.25,62767.77,62664.74,62667.01
1776407863,62667.01,62684.33,62650.37,62676.3
1776408763,62676.3,62690.41,62537.91,62552.15
1776409663,62552.15,62573.4,62409.8,62432.17
1776410563,62432.17,62474.08,62292.08,62328.26
1776411463,62328.26,62335.95,62283.84,62311.08
1776412363,62311.08,62328.19,62222.2,62237.4
1776413263,62237.4,62239.2,62164.69,62168.66
1776414163,62168.66,62235.85,62138.15,62218.08
1776415063,62218.08,62265.1,62165.29,62194.12
1776415963,62194.12,62216.59,62126.57,62214.95
1776416863,62214.95,62219.97,62095.55,62107.97
1776417763,62107.97,62119.12,61989.44,61994.03
1776418663,61994.03,61995.93,61984.61,61995.49
1776419563,61995.49,62024.44,61993.8,62000.48
1776420463,62000.48,62087.3,61990.3,62087.3
1776421363,62087.3,62110.85,61868.68,61885.17
1776422263,61885.17,61948.47,61754.07,61755.55
1776423163,61755.55,61763.73,61635.46,61678.38
1776424063,61678.38,61686.03,61660.01,61672.1
1776424963,61672.1,61769.48,61653.49,61702.41
1776425863,61702.41,61885.86,61671.35,61878.88
1776426763,61878.88,62007.85,61863.2,61956.98
1776427663,61956.98,62139.98,61950.29,62092.45
1776428563,62092.45,62132.46,62059.8,62127.24
1776429463,62127.24,62250.7,62126.31,62220.44
1776430363,62220.44,62247.36,62216.25,62237.35
1776431263,62237.35,62256.87,62194.06,62217.42
1776432163,62217.42,62295.24,62210.04,62264.17
1776433063,62264.17,62268.15,62151.9,62215.69
1776433963,62215.69,62271.96,62152.45,62229.91
1776434863,62229.91,62352.76,62225.99,62319.67
1776435763,62319.67,62324.52,62222.37,62266.85
1776436663,62266.85,62321.56,62246.61,62317.12
1776437563,62317.12,62326.13,62181.36,62181.59
1776438463,62181.59,62204.48,61992.52,62036.09
1776439363,62036.09,62048.49,61945.05,61990.98
1776440263,61990.98,62015.6,61963.5,61987.89
1776441163,61987.89,62044.43,61953.92,62028.26
1776442063,62028.26,62074.46,61902.14,61907.72
1776442963,61907.72,61926.13,61770.34,61809.03
1776443863,61809.03,61830.83,61661.44,61721.11
1776444763,61721.11,61887.96,61704.25,61886.12
1776445663,61886.12,61941.78,61793.88,61807.7
1776446563,61807.7,61820.09,61731.5,61734.57
1776447463,61734.57,61750.89,61695.23,61733.69
1776448363,61733.69,61769.27,61669.84,61681.21
1776449263,61681.21,61738.27,61572.8,61610.0
1776450163,61610.0,61775.76,61608.18,61759.06
1776451063,61759.06,61794.68,61695.49,61697.41
1776451963,61697.41,61771.23,61504.5,61541.36
1776452863,61541.36,61634.57,61496.92,61580.55
1776453763,61580.55,61737.89,61518.18,61670.86
1776454663,61670.86,61680.78,61557.21,61577.67
1776455563,61577.67,61645.76,61527.33,61549.66
1776456463,61549.66,61595.11,61533.65,61541.82
1776457363,61541.82,61567.89,61400.9,61451.68
1776458263,61451.68,61502.08,61265.19,61320.1
1776459163,61320.1,61325.49,61271.3,61298.68
1776460063,61298.68,61326.04,61153.19,61186.86
1776460963,61186.86,61312.3,61170.53,61257.8
1776461863,61257.8,61310.54,61204.51,61298.69
1776462763,61298.69,61313.54,61298.28,61299.22
1776463663,61299.22,61327.45,61277.98,61318.3
1776464563,61318.3,61364.86,61268.78,61299.94
1776465463,61299.94,61303.47,61262.55,61265.13
1776466363,61265.13,61280.08,61246.14,61249.1
1776467263,61249.1,61351.21,61228.43,61303.49
1776468163,61303.49,61359.93,61293.98,61330.0
1776469063,61330.0,61353.78,61271.02,61279.19
1776469963,61279.19,61294.8,61201.89,61215.19
1776470863,61215.19,61232.57,61077.93,61118.99
1776471763,61118.99,61167.6,61109.92,61133.92
1776472663,61133.92,61207.94,61088.21,61202.76
1776473563,61202.76,61245.82,61180.15,61226.84
1776474463,61226.84,61230.14,61175.88,61191.59
1776475363,61191.59,61239.02,61024.06,61088.45
1776476263,61088.45,61088.88,61035.98,61069.65
1776477163,61069.65,61120.17,61050.67,61091.9
1776478063,61091.9,61095.29,61052.2,61059.86
1776478963,61059.86,61089.04,60919.15,60934.65
1776479863,60934.65,60956.94,60926.4,60934.29
1776480763,60934.29,60953.37,60883.81,60932.17
1776481663,60932.17,60982.92,60928.52,60966.33
1776482563,60966.33,61013.82,60923.16,60972.46
1776483463,60972.46,61077.46,60939.16,61008.52
1776484363,61008.52,61085.98,60997.89,61040.84
1776485263,61040.84,61084.96,60896.49,60901.89
1776486163,60901.89,60941.76,60857.29,60881.09
1776487063,60881.09,60884.71,60704.02,60708.83
1776487963,60708.83,60761.5,60682.77,60754.76
1776488863,60754.76,60801.63,60744.32,60790.57
1776489763,60790.57,60793.76,60744.81,60745.09
1776490663,60745.09,60822.14,60702.32,60768.45
1776491563,60768.45,60786.78,60686.18,60691.37
1776492463,60691.37,60729.75,60614.13,60626.34
1776493363,60626.34,60670.15,60562.88,60578.76
1776494263,60578.76,60617.54,60547.17,60610.22
1776495163,60610.22,60747.48,60597.53,60711.03
1776496063,60711.03,60721.91,60638.35,60640.28
1776496963,60640.28,60685.86,60617.54,60624.81
1776497863,60624.81,60635.48,60575.77,60599.7
1776498763,60599.7,60639.77,60588.63,60610.36
1776499663,60610.36,60676.99,60583.59,60667.66
1776500563,60667.66,60722.44,60604.69,60643.8
1776501463,60643.8,60813.71,60630.88,60779.8
1776502363,60779.8,60852.65,60760.81,60812.58
1776503263,60812.58,60846.11,60542.29,60558.68
1776504163,60558.68,60651.74,60537.08,60603.34
1776505063,60603.34,60664.38,60583.05,60635.91
1776505963,60635.91,60645.55,60601.79,60614.61
1776506863,60614.61,60618.9,60561.87,60611.01
1776507763,60611.01,60696.62,60582.1,60662.88
1776508663,60662.88,60664.93,60641.81,60653.72
1776509563,60653.72,60706.03,60595.61,60624.06
1776510463,60624.06,60658.82,60590.24,60640.42
1776511363,60640.42,60678.99,60623.09,60654.84
1776512263,60654.84,60682.69,60582.43,60588.03
1776513163,60588.03,60613.05,60519.97,60545.62
1776514063,60545.62,60573.55,60457.23,60564.93
1776514963,60564.93,60585.6,60535.93,60545.06
1776515863,60545.06,60605.74,60531.21,60548.34
1776516763,60548.34,60592.82,60537.85,60591.99
1776517663,60591.99,60617.18,60443.43,60444.79
1776518563,60444.79,60477.55,60365.09,60426.19
1776519463,60426.19,60452.15,60308.25,60341.67
1776520363,60341.67,60370.54,60213.29,60243.02
1776521263,60243.02,60346.04,60212.43,60285.19
1776522163,60285.19,60307.51,60144.71,60178.57
1776523063,60178.57,60228.81,60139.44,60146.3
1776523963,60146.3,60166.07,60141.18,60154.52
1776524863,60154.52,60199.98,60136.35,60189.39
1776525763,60189.39,60215.66,60108.92,60129.76
1776526663,60129.76,60254.87,60117.51,60192.14
1776527563,60192.14,60297.63,60169.35,60285.64
1776528463,60285.64,60387.84,60239.81,60376.42
1776529363,60376.42,60500.13,60333.59,60482.69
1776530263,60482.69,60598.31,60461.9,60579.38
1776531163,60579.38,60592.25,60488.28,60490.79
1776532063,60490.79,60492.57,60375.56,60417.7
1776532963,60417.7,60417.93,60381.94,60405.65
1776533863,60405.65,60430.2,60370.95,60396.85
1776534763,60396.85,60451.15,60354.48,60390.97
1776535663,60390.97,60402.16,60303.75,60323.19
1776536563,60323.19,60494.17,60319.77,60463.46
1776537463,60463.46,60494.85,60428.4,60456.13
1776538363,60456.13,60468.83,60330.6,60341.02
1776539263,60341.02,60374.26,60330.08,60349.37
1776540163,60349.37,60374.83,60272.42,60279.43
1776541063,60279.43,60348.65,60257.14,60310.83
1776541963,60310.83,60455.2,60280.78,60424.71
1776542863,60424.71,60514.48,60415.48,60463.52
1776543763,60463.52,60484.64,60390.87,60418.99
1776544663,60418.99,60456.03,60413.94,60421.52
1776545563,60421.52,60540.73,60417.59,60524.32
1776546463,60524.32,60538.46,60422.59,60476.32
1776547363,60476.32,60478.74,60445.47,60445.72
1776548263,60445.72,60580.46,60416.02,60515.57
1776549163,60515.57,60555.22,60474.68,60476.96
1776550063,60476.96,60515.24,60456.37,60459.42
1776550963,60459.42,60560.25,60422.18,60483.99
1776551863,60483.99,60503.22,60397.35,60408.82
1776552763,60408.82,60447.06,60383.03,60435.14
1776553663,60435.14,60453.15,60421.28,60443.62
1776554563,60443.62,60466.25,60383.68,60390.79
1776555463,60390.79,60496.2,60382.93,60429.33
1776556363,60429.33,60459.42,60354.9,60379.38
1776557263,60379.38,60453.53,60362.22,60451.85
1776558163,60451.85,60471.49,60397.18,60406.45
1776559063,60406.45,60432.85,60325.88,60329.87
1776559963,60329.87,60440.07,60315.39,60430.78
1776560863,60430.78,60439.45,60354.68,60364.9
1776561763,60364.9,60516.32,60346.89,60507.13
1776562663,60507.13,60556.89,60317.63,60359.03
1776563563,60359.03,60453.83,60355.86,60430.26
1776564463,60430.26,60431.42,60382.55,60394.51
1776565363,60394.51,60411.99,60343.29,60347.83
1776566263,60347.83,60392.69,60330.53,60373.91
1776567163,60373.91,60425.02,60337.06,60410.83
1776568063,60410.83,60428.22,60343.6,60346.75
1776568963,60346.75,60423.79,60323.41,60382.57
1776569863,60382.57,60399.95,60228.87,60259.88
1776570763,60259.88,60360.58,60234.27,60333.25
1776571663,60333.25,60394.67,60257.86,60310.76
1776572563,60310.76,60344.43,60306.79,60318.28
1776573463,60318.28,60318.53,60186.08,60207.65
1776574363,60207.65,60240.3,60081.25,60114.74
1776575263,60114.74,60142.29,59976.91,60014.9
1776576163,60014.9,60119.8,59989.78,60112.86
1776577063,60112.86,60125.6,60057.3,60062.8
1776577963,60062.8,60146.16,60042.86,60118.88
1776578863,60118.88,60314.56,60117.15,60303.9
1776579763,60303.9,60478.96,60287.99,60427.54
1776580663,60427.54,60445.28,60345.59,60371.15
1776581563,60371.15,60444.99,60306.3,60434.37
1776582463,60434.37,60498.57,60430.52,60486.3
1776583363,60486.3,60596.29,60485.68,60562.06
1776584263,60562.06,60690.15,60537.2,60638.88
1776585163,60638.88,60660.28,60499.48,60553.41
1776586063,60553.41,60632.67,60552.53,60628.94
1776586963,60628.94,60640.34,60587.62,60594.28
1776587863,60594.28,60603.33,60524.53,60585.64
1776588763,60585.64,60698.16,60578.38,60674.25
1776589663,60674.25,60733.8,60655.55,60714.98
1776590563,60714.98,60728.71,60652.22,60685.9
1776591463,60685.9,60703.03,60644.49,60689.92
1776592363,60689.92,60743.35,60617.23,60727.46
1776593263,60727.46,60780.61,60659.09,60773.9
1776594163,60773.9,60791.3,60703.76,60717.26
1776595063,60717.26,60754.47,60714.65,60735.98
1776595963,60735.98,60780.42,60673.99,60706.92
1776596863,60706.92,60738.68,60657.58,60724.76
1776597763,60724.76,60759.21,60707.73,60756.32
1776598663,60756.32,60820.32,60697.41,60811.01
1776599563,60811.01,60823.34,60775.2,60819.65
1776600463,60819.65,60918.27,60804.52,60913.66
1776601363,60913.66,60945.39,60908.43,60928.72
1776602263,60928.72,61080.05,60908.92,61035.97
1776603163,61035.97,61040.09,60923.63,60945.79
1776604063,60945.79,60976.18,60945.31,60963.28
1776604963,60963.28,61077.97,60952.11,61077.65
1776605863,61077.65,61078.36,61023.6,61075.7
1776606763,61075.7,61123.89,61048.69,61110.66
1776607663,61110.66,61118.52,60956.23,61032.03
1776608563,61032.03,61058.31,60990.17,60999.95
1776609463,60999.95,61029.34,60899.37,60899.57
1776610363,60899.57,60929.94,60761.54,60766.05
1776611263,60766.05,60766.75,60665.01,60671.91
1776612163,60671.91,60695.17,60603.8,60620.65
1776613063,60620.65,60659.62,60563.16,60587.99
1776613963,60587.99,60646.9,60569.4,60628.62
1776614863,60628.62,60638.3,60589.29,60633.18
1776615763,60633.18,60714.31,60585.23,60678.15
1776616663,60678.15,60759.95,60663.07,60711.66
1776617563,60711.66,60711.85,60651.57,60657.01
1776618463,60657.01,60701.29,60623.51,60669.36
1776619363,60669.36,60737.4,60655.9,60676.81
1776620263,60676.81,60683.91,60526.93,60596.05
1776621163,60596.05,60711.85,60555.13,60657.68
1776622063,60657.68,60667.19,60621.29,60650.24
1776622963,60650.24,60685.68,60623.97,60667.44
1776623863,60667.44,60683.7,60572.32,60606.37
1776624763,60606.37,60661.69,60574.83,60599.19
1776625663,60599.19,60602.79,60501.66,60525.23
1776626563,60525.23,60741.69,60444.6,60694.65
1776627463,60694.65,60808.85,60693.82,60771.33
1776628363,60771.33,60796.19,60735.63,60789.08
1776629263,60789.08,60874.06,60779.08,60869.46
1776630163,60869.46,60887.18,60767.68,60784.7
1776631063,60784.7,60887.7,60761.67,60876.32
1776631963,60876.32,60987.23,60872.33,60936.43
1776632863,60936.43,61083.68,60931.25,61071.93
1776633763,61071.93,61143.75,60937.13,60969.44
1776634663,60969.44,61052.53,60952.24,61040.58
1776635563,61040.58,61044.64,60944.38,60967.68
1776636463,60967.68,61130.9,60943.07,61078.99
1776637363,61078.99,61129.42,61073.58,61122.5
1776638263,61122.5,61192.76,61044.51,61057.81
1776639163,61057.81,61204.14,61030.05,61155.4
1776640063,61155.4,61244.51,61153.24,61213.73
1776640963,61213.73,61402.83,61213.69,61391.73
1776641863,61391.73,61449.7,61380.7,61431.43
1776642763,61431.43,61517.55,61414.7,61434.65
1776643663,61434.65,61533.66,61405.48,61517.74
1776644563,61517.74,61594.01,61493.19,61560.49
1776645463,61560.49,61722.71,61538.2,61715.18
1776646363,61715.18,61773.89,61675.55,61698.18
1776647263,61698.18,61751.1,61679.49,61726.39
1776648163,61726.39,61754.55,61592.65,61642.19
1776649063,61642.19,61666.49,61521.76,61539.77
1776649963,61539.77,61541.39,61354.39,61409.47
1776650863,61409.47,61419.12,61327.54,61351.13
1776651763,61351.13,61442.2,61310.46,61326.2
1776652663,61326.2,61440.48,61318.81,61427.76
1776653563,61427.76,61444.9,61335.12,61369.24
1776654463,61369.24,61418.18,61336.98,61400.7
1776655363,61400.7,61408.51,61365.18,61376.4
1776656263,61376.4,61383.87,61301.61,61303.08
1776657163,61303.08,61309.1,61208.99,61219.76
1776658063,61219.76,61296.97,61209.75,61267.67
1776658963,61267.67,61292.29,61196.86,61254.79
1776659863,61254.79,61276.48,61100.41,61119.67
1776660763,61119.67,61263.63,61106.17,61194.27
1776661663,61194.27,61252.35,61168.96,61237.47
1776662563,61237.47,61276.08,61163.01,61173.37
1776663463,61173.37,61206.09,61035.08,61044.44
1776664363,61044.44,61160.44,61029.23,61151.43
1776665263,61151.43,61177.25,61104.41,61115.18
1776666163,61115.18,61132.78,61111.43,61131.65
1776667063,61131.65,61140.42,60974.97,61041.44
1776667963,61041.44,61173.06,61000.95,61157.58
1776668863,61157.58,61162.85,61150.52,61162.75
1776669763,61162.75,61229.74,61159.82,61201.21
1776670663,61201.21,61252.86,61117.91,61142.29
1776671563,61142.29,61285.11,61126.36,61223.73
1776672463,61223.73,61231.14,61135.32,61212.85
1776673363,61212.85,61254.77,61057.63,61094.29
1776674263,61094.29,61128.74,61020.62,61111.62
1776675163,61111.62,61303.75,61086.45,61272.35
1776676063,61272.35,61296.67,61187.12,61199.19
1776676963,61199.19,61236.78,61125.94,61142.19
1776677863,61142.19,61185.19,61130.82,61134.99
1776678763,61134.99,61170.96,61072.35,61100.79
1776679663,61100.79,61265.78,61077.26,61254.05
1776680563,61254.05,61264.51,61121.67,61147.95
1776681463,61147.95,61149.34,61072.99,61081.34
1776682363,61081.34,61089.04,60982.89,61003.46
1776683263,61003.46,61074.46,60993.15,61071.97
1776684163,61071.97,61134.94,61057.95,61124.59
1776685063,61124.59,61237.2,61114.01,61218.08
1776685963,61218.08,61260.01,61212.7,61243.82
1776686863,61243.82,61389.61,61228.76,61366.7
1776687763,61366.7,61372.98,61237.93,61269.38
1776688663,61269.38,61381.97,61233.81,61351.93
1776689563,61351.93,61412.11,61279.16,61316.13
1776690463,61316.13,61371.67,61299.02,61338.78
1776691363,61338.78,61352.62,61328.43,61348.63
1776692263,61348.63,61513.78,61348.37,61502.28
1776693163,61502.28,61597.64,61501.62,61553.68
1776694063,61553.68,61581.99,61446.0,61453.14
1776694963,61453.14,61527.74,61383.85,61491.38
1776695863,61491.38,61503.61,61396.49,61429.94
1776696763,61429.94,61431.07,61374.07,61377.56
1776697663,61377.56,61491.63,61347.64,61418.72
1776698563,61418.72,61482.31,61417.48,61465.36
1776699463,61465.36,61524.41,61405.57,61509.63
1776700363,61509.63,61549.65,61361.32,61387.68
1776701263,61387.68,61413.09,61236.19,61268.23
1776702163,61268.23,61277.22,61147.91,61175.46
1776703063,61175.46,61267.91,61159.54,61267.32
1776703963,61267.32,61273.85,61156.91,61183.08
1776704863,61183.08,61224.23,61075.25,61112.14
1776705763,61112.14,61185.49,61048.06,61109.06
1776706663,61109.06,61135.87,60957.97,61025.31
1776707563,61025.31,61113.37,60993.9,61103.1
1776708463,61103.1,61140.16,61034.8,61083.68
1776709363,61083.68,61109.61,61043.82,61051.26
1776710263,61051.26,61074.43,60948.57,60957.42
1776711163,60957.42,61007.2,60821.99,60869.78
1776712063,60869.78,60984.92,60866.66,60963.8
1776712963,60963.8,61060.49,60946.09,61032.92
1776713863,61032.92,61074.35,60975.78,60996.8
1776714763,60996.8,61029.66,60983.81,61010.71
1776715663,61010.71,61047.44,60929.68,61001.23
1776716563,61001.23,61079.56,60991.77,61050.91
1776717463,61050.91,61083.15,60860.44,60868.2
1776718363,60868.2,60883.06,60772.98,60807.66
1776719263,60807.66,60825.35,60674.83,60725.86
1776720163,60725.86,60742.21,60664.32,60684.09
1776721063,60684.09,60689.81,60642.39,60663.13
1776721963,60663.13,60676.19,60638.29,60659.25
1776722863,60659.25,60717.55,60620.86,60702.95
1776723763,60702.95,60720.79,60662.88,60696.04
1776724663,60696.04,60776.83,60658.06,60733.43
1776725563,60733.43,60794.62,60731.41,60788.83
1776726463,60788.83,60916.37,60786.57,60880.02
1776727363,60880.02,61011.63,60852.6,60996.97
1776728263,60996.97,61053.15,60989.96,61041.85
1776729163,61041.85,61096.42,61031.12,61072.93
1776730063,61072.93,61082.88,60897.86,60975.57
1776730963,60975.57,61111.92,60933.56,61070.84
1776731863,61070.84,61130.5,61061.28,61130.03
1776732763,61130.03,61203.06,60963.42,60990.04
1776733663,60990.04,61077.86,60953.08,61056.37
1776734563,61056.37,61156.8,61023.38,61150.61
1776735463,61150.61,61267.05,61148.39,61236.13
1776736363,61236.13,61275.76,61208.96,61268.96
1776737263,61268.96,61281.55,61184.1,61229.47
1776738163,61229.47,61264.85,61163.69,61185.86
1776739063,61185.86,61329.57,61168.03,61319.8
1776739963,61319.8,61339.74,61286.92,61317.44
1776740863,61317.44,61335.75,61247.54,61297.95
1776741763,61297.95,61314.22,61268.44,61290.43
1776742663,61290.43,61322.76,61158.57,61187.18
1776743563,61187.18,61253.11,61167.99,61245.26
1776744463,61245.26,61326.87,61237.95,61287.12
1776745363,61287.12,61373.43,61117.21,61155.79
1776746263,61155.79,61216.24,61125.87,61172.82
1776747163,61172.82,61176.7,61094.76,61124.2
1776748063,61124.2,61139.8,61059.06,61090.87
1776748963,61090.87,61141.88,61090.21,61113.77
1776749863,61113.77,61305.11,61095.29,61299.69
1776750763,61299.69,61341.13,61165.41,61233.01
1776751663,61233.01,61264.52,61210.77,61254.86
1776752563,61254.86,61268.7,61159.58,61165.2
1776753463,61165.2,61253.03,61116.95,61226.64
1776754363,61226.64,61249.31,61188.14,61223.52
1776755263,61223.52,61383.84,61212.9,61372.29
1776756163,61372.29,61446.38,61349.81,61435.43
1776757063,61435.43,61460.22,61411.42,61452.39
1776757963,61452.39,61663.68,61434.81,61648.56
1776758863,61648.56,61660.43,61598.47,61615.03
1776759763,61615.03,61717.61,61598.39,61684.66
1776760663,61684.66,61757.56,61682.68,61745.85
1776761563,61745.85,61788.72,61742.71,61762.17
1776762463,61762.17,61820.98,61686.75,61723.79
1776763363,61723.79,61740.75,61655.5,61678.37
1776764263,61678.37,61743.39,61646.8,61730.16
1776765163,61730.16,61883.53,61711.27,61875.02
1776766063,61875.02,61913.78,61865.47,61893.09
1776766963,61893.09,62080.11,61881.47,62044.5
1776767863,62044.5,62179.54,62006.98,62137.14
1776768763,62137.14,62146.35,62081.91,62105.37
1776769663,62105.37,62113.51,62002.07,62041.74
1776770563,62041.74,62106.78,61943.01,61960.04
1776771463,61960.04,61981.16,61856.12,61857.3
1776772363,61857.3,61949.73,61826.66,61883.27
1776773263,61883.27,61890.78,61817.53,61850.94
1776774163,61850.94,61888.02,61822.23,61863.92
1776775063,61863.92,61903.87,61804.9,61854.34
1776775963,61854.34,61870.19,61792.02,61800.99
1776776863,61800.99,61832.26,61710.84,61739.19
1776777763,61739.19,61760.13,61653.04,61655.27
1776778663,61655.27,61672.92,61584.84,61642.6
1776779563,61642.6,61733.14,61594.73,61600.25
1776780463,61600.25,61698.74,61592.46,61697.53
1776781363,61697.53,61841.53,61678.46,61838.36
1776782263,61838.36,61841.45,61800.82,61811.61
1776783163,61811.61,61939.68,61777.23,61926.68
1776784063,61926.68,61952.03,61825.7,61881.21
1776784963,61881.21,61886.53,61764.19,61786.26
1776785863,61786.26,61823.95,61748.22,61811.79
1776786763,61811.79,61950.15,61810.58,61867.37
1776787663,61867.37,61878.3,61823.88,61824.17
1776788563,61824.17,61883.27,61784.84,61866.06
1776789463,61866.06,61983.65,61860.28,61953.04
1776790363,61953.04,62019.57,61952.46,61969.98
1776791263,61969.98,62015.21,61941.59,61955.71
1776792163,61955.71,62035.28,61945.81,61997.33
1776793063,61997.33,62036.23,61921.39,61923.79
1776793963,61923.79,61939.75,61899.42,61912.12
1776794863,61912.12,62029.16,61898.71,61991.23
1776795763,61991.23,62005.26,61806.51,61834.01
1776796663,61834.01,61872.19,61750.09,61768.96
1776797563,61768.96,61801.14,61753.64,61787.64
1776798463,61787.64,61835.95,61662.3,61690.08
1776799363,61690.08,61763.15,61593.73,61598.36
1776800263,61598.36,61607.12,61525.93,61542.03
1776801163,61542.03,61572.3,61486.31,61561.17
1776802063,61561.17,61597.73,61555.99,61560.14
1776802963,61560.14,61602.9,61536.31,61597.22
1776803863,61597.22,61703.88,61547.06,61657.82
1776804763,61657.82,61710.81,61644.65,61680.53
1776805663,61680.53,61700.73,61643.64,61661.82
1776806563,61661.82,61855.19,61596.51,61814.05
1776807463,61814.05,61848.11,61787.92,61802.78
1776808363,61802.78,61827.37,61760.41,61819.01
1776809263,61819.01,61877.4,61602.61,61643.35
1776810163,61643.35,61657.9,61588.04,61606.72
1776811063,61606.72,61623.41,61515.93,61564.49
1776811963,61564.49,61682.85,61561.82,61657.13
1776812863,61657.13,61663.28,61619.63,61633.4
1776813763,61633.4,61651.79,61609.69,61623.27
1776814663,61623.27,61705.88,61569.63,61630.48
1776815563,61630.48,61691.35,61533.94,61564.67
1776816463,61564.67,61683.7,61562.23,61663.81
1776817363,61663.81,61689.63,61656.01,61662.88
1776818263,61662.88,61698.29,61623.77,61625.25
1776819163,61625.25,61630.25,61609.98,61623.46
1776820063,61623.46,61671.29,61575.92,61576.32
1776820963,61576.32,61757.07,61554.55,61720.88
1776821863,61720.88,61787.71,61596.8,61622.66
1776822763,61622.66,61653.26,61563.95,61592.71
1776823663,61592.71,61664.32,61575.05,61647.41
1776824563,61647.41,61649.48,61551.9,61588.83
1776825463,61588.83,61590.2,61461.57,61503.98
1776826363,61503.98,61554.84,61418.65,61457.19
1776827263,61457.19,61535.8,61448.55,61476.0
1776828163,61476.0,61566.86,61475.71,61555.21
1776829063,61555.21,61629.53,61448.3,61463.42
1776829963,61463.42,61480.58,61442.41,61479.0
1776830863,61479.0,61542.73,61452.2,61529.53
1776831763,61529.53,61572.52,61486.83,61489.18
1776832663,61489.18,61659.9,61432.55,61619.4
1776833563,61619.4,61730.08,61610.81,61719.94
1776834463,61719.94,61760.46,61718.13,61719.72
1776835363,61719.72,61721.6,61496.91,61530.96
1776836263,61530.96,61548.84,61520.54,61522.77
1776837163,61522.77,61553.89,61378.14,61393.69
1776838063,61393.69,61538.71,61383.22,61536.11
1776838963,61536.11,61557.76,61511.74,61512.24
1776839863,61512.24,61512.43,61488.11,61511.27
1776840763,61511.27,61512.07,61296.67,61334.91
1776841663,61334.91,61444.35,61296.13,61402.15
1776842563,61402.15,61411.89,61372.52,61389.55
1776843463,61389.55,61434.89,61371.44,61415.2
1776844363,61415.2,61438.59,61397.59,61429.3
1776845263,61429.3,61439.54,61381.78,61421.36
1776846163,61421.36,61503.35,61411.87,61456.04
1776847063,61456.04,61484.33,61441.53,61443.63
1776847963,61443.63,61459.83,61280.89,61308.38
1776848863,61308.38,61360.93,61234.95,61250.76
1776849763,61250.76,61320.15,61243.7,61316.35
1776850663,61316.35,61437.59,61305.27,61386.15
1776851563,61386.15,61408.73,61376.37,61402.31
1776852463,61402.31,61418.61,61323.13,61328.75
1776853363,61328.75,61339.48,61236.69,61282.91
1776854263,61282.91,61380.87,61250.29,61356.26
1776855163,61356.26,61394.95,61284.38,61293.82
1776856063,61293.82,61322.7,61232.32,61251.46
1776856963,61251.46,61262.61,61139.21,61156.9
1776857863,61156.9,61162.7,61093.36,61110.23
1776858763,61110.23,61126.67,60998.45,61035.97
1776859663,61035.97,61188.02,61025.81,61164.01
1776860563,61164.01,61178.58,61069.07,61118.6
1776861463,61118.6,61121.47,61037.8,61084.49
1776862363,61084.49,61091.47,61007.48,61014.61
1776863263,61014.61,61051.54,60982.58,61006.55
1776864163,61006.55,61040.82,60899.7,60926.41
1776865063,60926.41,60980.14,60874.11,60891.96
1776865963,60891.96,60946.56,60854.16,60908.38
1776866863,60908.38,60919.59,60884.73,60909.92
1776867763,60909.92,60943.27,60815.25,60832.03
1776868663,60832.03,60934.86,60812.61,60916.51
1776869563,60916.51,61004.68,60899.48,60951.01
1776870463,60951.01,61049.9,60942.38,61040.39
1776871363,61040.39,61051.96,60958.01,61003.03
1776872263,61003.03,61050.36,60973.65,61041.33
1776873163,61041.33,61079.19,61032.18,61071.02
1776874063,61071.02,61109.96,61031.64,61076.68
1776874963,61076.68,61080.75,60841.92,60848.56
1776875863,60848.56,60867.85,60845.17,60867.34
1776876763,60867.34,60870.06,60845.17,60852.1
1776877663,60852.1,60897.45,60778.66,60792.85
1776878563,60792.85,60809.78,60683.93,60693.6
1776879463,60693.6,60732.38,60685.77,60728.42
1776880363,60728.42,60764.93,60592.94,60631.07
1776881263,60631.07,60671.95,60612.81,60630.02
1776882163,60630.02,60647.26,60354.27,60395.63
1776883063,60395.63,60456.02,60389.44,60421.88
1776883963,60421.88,60506.65,60390.15,60486.31
1776884863,60486.31,60593.09,60462.4,60557.39
1776885763,60557.39,60608.17,60533.87,60541.01
1776886663,60541.01,60673.66,60530.87,60628.27
1776887563,60628.27,60764.75,60620.55,60736.48
1776888463,60736.48,60827.24,60696.47,60819.19
1776889363,60819.19,60860.3,60818.78,60836.96
1776890263,60836.96,60866.59,60821.51,60838.99
1776891163,60838.99,60939.27,60835.31,60902.58
1776892063,60902.58,60924.24,60815.86,60817.38
1776892963,60817.38,60865.31,60795.96,60862.69
1776893863,60862.69,60902.44,60774.32,60811.47
1776894763,60811.47,60928.51,60783.07,60922.13
1776895663,60922.13,61056.76,60915.13,61044.41
1776896563,61044.41,61052.46,60995.97,61025.73
1776897463,61025.73,61119.08,60986.87,61088.93
1776898363,61088.93,61130.67,60989.45,60993.92
1776899263,60993.92,61047.45,60852.99,60870.06
1776900163,60870.06,60891.82,60837.4,60846.74
1776901063,60846.74,60890.31,60802.49,60885.85
1776901963,60885.85,61008.55,60858.95,60981.4
1776902863,60981.4,60981.95,60957.2,60973.55
1776903763,60973.55,60985.22,60914.95,60929.62
1776904663,60929.62,61029.94,60896.85,61018.72
1776905563,61018.72,61055.45,60942.86,60978.2
1776906463,60978.2,60980.13,60947.58,60949.52
1776907363,60949.52,61038.1,60930.98,60995.64
1776908263,60995.64,61012.71,60927.97,60946.6
1776909163,60946.6,61061.67,60904.1,61038.13
1776910063,61038.13,61047.79,60997.38,60998.81
1776910963,60998.81,61088.12,60970.67,61082.2
1776911863,61082.2,61118.53,61061.18,61067.0
1776912763,61067.0,61136.29,61054.77,61134.09
1776913663,61134.09,61277.96,61112.07,61238.17
1776914563,61238.17,61479.16,61220.25,61457.54
1776915463,61457.54,61508.3,61451.65,61457.78
1776916363,61457.78,61475.55,61427.91,61440.26
1776917263,61440.26,61464.69,61397.26,61407.46
1776918163,61407.46,61471.36,61329.79,61346.53
1776919063,61346.53,61381.64,61324.38,61379.81
1776919963,61379.81,61441.82,61355.38,61437.19
1776920863,61437.19,61462.42,61239.53,61306.6
1776921763,61306.6,61313.31,61252.6,61300.74
1776922663,61300.74,61328.88,61212.9,61231.71
1776923563,61231.71,61258.47,61228.41,61231.4
1776924463,61231.4,61325.41,61226.15,61319.63
1776925363,61319.63,61322.77,61287.12,61294.8
1776926263,61294.8,61304.33,61270.8,61284.16
1776927163,61284.16,61301.93,61226.71,61237.0
1776928063,61237.0,61272.05,61226.03,61244.07
1776928963,61244.07,61262.81,61146.43,61189.68
1776929863,61189.68,61202.73,61136.18,61144.96
1776930763,61144.96,61207.43,61122.23,61173.79
1776931663,61173.79,61181.65,61038.9,61047.65
1776932563,61047.65,61063.31,60937.71,60950.09
1776933463,60950.09,60973.53,60849.28,60856.01
1776934363,60856.01,60930.89,60841.12,60908.98
1776935263,60908.98,60995.48,60879.54,60934.13
1776936163,60934.13,60998.72,60814.47,60832.7
1776937063,60832.7,60855.7,60758.92,60760.33
1776937963,60760.33,60785.97,60667.78,60689.17
1776938863,60689.17,60689.3,60550.67,60607.36
1776939763,60607.36,60610.78,60552.79,60555.55
1776940663,60555.55,60665.56,60548.22,60614.57
1776941563,60614.57,60655.38,60581.85,60614.23
1776942463,60614.23,60656.3,60558.39,60646.14
1776943363,60646.14,60647.17,60512.72,60541.91
1776944263,60541.91,60550.01,60417.03,60419.16
1776945163,60419.16,60499.28,60417.17,60484.26
1776946063,60484.26,60514.96,60429.39,60471.17
1776946963,60471.17,60479.82,60443.18,60473.33
1776947863,60473.33,60500.07,60449.12,60484.54
1776948763,60484.54,60523.02,60477.91,60509.14
1776949663,60509.14,60517.51,60364.86,60373.43
1776950563,60373.43,60474.92,60343.6,60470.36
1776951463,60470.36,60478.48,60276.1,60319.25
1776952363,60319.25,60334.57,60239.58,60249.67
1776953263,60249.67,60320.14,60189.49,60217.42
1776954163,60217.42,60246.85,60143.82,60158.47
1776955063,60158.47,60185.33,60057.5,60115.99
1776955963,60115.99,60237.97,60060.24,60218.07
1776956863,60218.07,60253.02,60150.11,60191.65
1776957763,60191.65,60284.96,60154.5,60264.66
1776958663,60264.66,60304.18,60234.6,60277.38
1776959563,60277.38,60329.97,60256.42,60281.22
1776960463,60281.22,60412.35,60269.5,60399.1
1776961363,60399.1,60428.26,60393.49,60427.18
1776962263,60427.18,60482.87,60390.88,60477.73
1776963163,60477.73,60486.39,60443.22,60471.8
1776964063,60471.8,60506.11,60466.93,60497.55
1776964963,60497.55,60516.32,60456.69,60483.94
1776965863,60483.94,60528.77,60412.24,60427.33
1776966763,60427.33,60469.08,60364.54,60456.53
1776967663,60456.53,60500.07,60346.46,60365.52
1776968563,60365.52,60396.62,60347.5,60362.62
1776969463,60362.62,60436.75,60302.65,60410.94
1776970363,60410.94,60473.36,60286.54,60346.03
1776971263,60346.03,60400.13,60331.54,60378.46
1776972163,60378.46,60391.16,60333.37,60369.35
1776973063,60369.35,60516.21,60364.16,60432.44
1776973963,60432.44,60437.16,60300.87,60360.48
1776974863,60360.48,60497.56,60330.29,60472.01
1776975763,60472.01,60482.23,60415.42,60457.38
1776976663,60457.38,60467.56,60403.31,60426.4
1776977563,60426.4,60474.68,60421.06,60472.61
1776978463,60472.61,60546.44,60433.08,60514.36
1776979363,60514.36,60537.12,60500.02,60509.84
1776980263,60509.84,60541.33,60335.46,60342.72
1776981163,60342.72,60344.51,60202.57,60256.98
1776982063,60256.98,60280.19,60104.15,60168.5
1776982963,60168.5,60205.39,60064.0,60084.05
1776983863,60084.05,60198.24,60052.82,60141.67
1776984763,60141.67,60173.52,59976.74,60016.12
1776985663,60016.12,60061.14,60009.02,60013.11
1776986563,60013.11,60043.94,59837.03,59856.5
1776987463,59856.5,59983.66,59818.99,59942.16
1776988363,59942.16,59957.51,59880.68,59887.76
1776989263,59887.76,59897.76,59817.74,59826.5
1776990163,59826.5,59874.7,59638.47,59660.96
1776991063,59660.96,59842.28,59649.86,59784.13
1776991963,59784.13,59813.06,59713.71,59759.81
1776992863,59759.81,59834.81,59754.59,59783.31
1776993763,59783.31,59853.54,59669.83,59699.66
1776994663,59699.66,59818.86,59661.72,59804.73
1776995563,59804.73,59843.54,59769.26,59819.43
1776996463,59819.43,59827.72,59705.82,59739.22
1776997363,59739.22,59748.85,59648.46,59667.04
1776998263,59667.04,59703.72,59421.66,59427.28
1776999163,59427.28,59555.81,59387.98,59535.55
1777000063,59535.55,59656.39,59506.33,59632.6
1777000963,59632.6,59653.79,59542.74,59574.89
1777001863,59574.89,59727.94,59574.38,59721.85
1777002763,59721.85,59745.18,59696.43,59727.98
1777003663,59727.98,59800.59,59579.45,59611.14
1777004563,59611.14,59617.91,59548.57,59551.55
1777005463,59551.55,59648.12,59509.22,59598.65
1777006363,59598.65,59690.33,59593.99,59674.09
1777007263,59674.09,59685.36,59618.1,59655.27
1777008163,59655.27,59679.0,59587.6,59622.64
1777009063,59622.64,59681.9,59572.14,59672.21
1777009963,59672.21,59718.3,59584.39,59617.12
1777010863,59617.12,59752.4,59607.96,59717.92
1777011763,59717.92,59753.25,59594.75,59652.94
1777012663,59652.94,59804.69,59647.79,59765.1
1777013563,59765.1,59788.78,59653.44,59685.59
1777014463,59685.59,59765.96,59676.78,59708.16
1777015363,59708.16,59912.51,59663.27,59877.85
1777016263,59877.85,59989.45,59833.32,59946.43
1777017163,59946.43,59987.64,59942.89,59947.16
1777018063,59947.16,60029.9,59932.21,60013.52
1777018963,60013.52,60042.97,60009.34,60013.13
1777019863,60013.13,60034.69,59998.74,60022.9
1777020763,60022.9,60150.97,59972.9,60126.06
1777021663,60126.06,60328.02,60118.85,60316.48
1777022563,60316.48,60342.97,60306.64,60335.66
1777023463,60335.66,60344.18,60313.52,60314.29
1777024363,60314.29,60329.97,60277.38,60287.64
1777025263,60287.64,60302.04,60223.15,60251.36
1777026163,60251.36,60265.53,60199.63,60208.48
1777027063,60208.48,60229.49,60200.36,60201.39
1777027963,60201.39,60248.29,60200.43,60215.87
1777028863,60215.87,60233.37,60199.22,60206.51
1777029763,60206.51,60225.98,60097.89,60121.34
1777030663,60121.34,60233.09,60098.67,60199.15
1777031563,60199.15,60211.54,60152.82,60157.32
1777032463,60157.32,60281.37,60126.11,60246.75
1777033363,60246.75,60322.04,60046.42,60085.93
1777034263,60085.93,60113.76,59868.14,59915.65
1777035163,59915.65,60041.93,59905.62,59972.19
1777036063,59972.19,59993.04,59924.09,59943.7
1777036963,59943.7,59956.12,59930.12,59933.82
1777037863,59933.82,60109.73,59890.37,60058.32
1777038763,60058.32,60221.84,59994.51,60202.26
1777039663,60202.26,60221.82,60099.14,60129.2
1777040563,60129.2,60157.14,59993.75,60089.72
1777041463,60089.72,60215.2,60073.94,60190.44
1777042363,60190.44,60228.44,60175.99,60213.09
1777043263,60213.09,60239.49,60055.29,60081.31
1777044163,60081.31,60118.25,60064.75,60072.35
1777045063,60072.35,60153.49,60060.39,60149.19
1777045963,60149.19,60259.52,60125.44,60230.29
1777046863,60230.29,60267.93,60189.91,60192.65
1777047763,60192.65,60200.91,60140.11,60144.57
1777048663,60144.57,60207.31,60091.25,60188.44
1777049563,60188.44,60250.12,60178.15,60227.82
1777050463,60227.82,60321.47,60204.36,60310.73
1777051363,60310.73,60340.51,60151.09,60173.19
1777052263,60173.19,60357.75,60171.18,60329.17
1777053163,60329.17,60395.58,60229.58,60235.18
1777054063,60235.18,60396.05,60195.66,60370.18
1777054963,60370.18,60401.68,60219.65,60244.32
1777055863,60244.32,60274.0,60231.67,60261.67
1777056763,60261.67,60370.62,60258.64,60352.46
1777057663,60352.46,60366.42,60179.04,60227.6
1777058563,60227.6,60251.85,60214.01,60234.68
1777059463,60234.68,60259.84,60074.5,60100.87
1777060363,60100.87,60142.47,59989.56,60030.32
1777061263,60030.32,60124.47,60027.27,60083.75
1777062163,60083.75,60108.04,60034.22,60101.44
1777063063,60101.44,60119.74,60092.57,60118.12
1777063963,60118.12,60124.23,59983.0,60014.15
1777064863,60014.15,60101.86,59860.84,59905.43
1777065763,59905.43,59999.09,59864.78,59941.13
1777066663,59941.13,59978.78,59937.98,59948.32
1777067563,59948.32,59955.85,59876.49,59904.08
1777068463,59904.08,60004.38,59854.47,60003.85
1777069363,60003.85,60099.25,59965.57,60081.37
1777070263,60081.37,60096.96,60014.06,60059.22
1777071163,60059.22,60062.01,60048.91,60053.28
1777072063,60053.28,60130.71,59888.88,59931.06
1777072963,59931.06,59945.22,59874.47,59884.1
1777073863,59884.1,60007.52,59873.34,59988.27
1777074763,59988.27,60012.4,59964.83,59976.3
1777075663,59976.3,59996.12,59898.42,59905.48
1777076563,59905.48,59948.96,59864.99,59892.82
1777077463,59892.82,59924.42,59863.79,59882.98
1777078363,59882.98,59888.16,59839.64,59841.21
1777079263,59841.21,59986.27,59815.07,59933.17
1777080163,59933.17,59990.01,59924.52,59950.03
1777081063,59950.03,59993.88,59856.36,59934.99
1777081963,59934.99,59972.51,59851.32,59877.94
1777082863,59877.94,59879.09,59769.04,59811.54
1777083763,59811.54,59957.84,59769.87,59932.22
1777084663,59932.22,59935.46,59805.07,59819.81
1777085563,59819.81,59855.79,59756.4,59767.62
1777086463,59767.62,59781.93,59587.34,59626.84
1777087363,59626.84,59653.14,59552.53,59562.68
1777088263,59562.68,59693.44,59538.34,59635.95
1777089163,59635.95,59699.17,59587.51,59682.07
1777090063,59682.07,59687.83,59653.89,59671.87
1777090963,59671.87,59686.45,59553.46,59629.27
1777091863,59629.27,59749.3,59594.7,59732.92
1777092763,59732.92,59761.88,59711.41,59717.34
1777093663,59717.34,59817.05,59686.65,59783.13
1777094563,59783.13,59786.54,59717.94,59734.94
1777095463,59734.94,59793.13,59703.93,59770.37
1777096363,59770.37,59770.45,59674.0,59727.04
1777097263,59727.04,59736.14,59565.38,59608.47
1777098163,59608.47,59630.89,59560.01,59608.95
1777099063,59608.95,59642.93,59492.39,59525.24
1777099963,59525.24,59559.2,59408.87,59446.06
1777100863,59446.06,59476.86,59330.25,59346.55
1777101763,59346.55,59467.04,59335.86,59423.48
1777102663,59423.48,59564.08,59401.17,59508.1
1777103563,59508.1,59640.76,59489.13,59626.53
1777104463,59626.53,59699.89,59597.41,59666.59
1777105363,59666.59,59721.86,59623.25,59686.17
1777106263,59686.17,59698.55,59645.38,59646.94
1777107163,59646.94,59863.76,59601.98,59843.81
1777108063,59843.81,59967.95,59833.53,59924.47
1777108963,59924.47,59959.58,59861.07,59874.82
1777109863,59874.82,59982.48,59850.45,59959.79
1777110763,59959.79,60012.05,59914.33,60008.98
1777111663,60008.98,60063.11,60005.51,60053.4
1777112563,60053.4,60070.49,59917.88,59925.65
1777113463,59925.65,60010.46,59907.58,60000.38
1777114363,60000.38,60020.41,59983.7,59990.76
1777115263,59990.76,60016.62,59930.15,59965.73
1777116163,59965.73,60013.4,59853.62,59889.29
1777117063,59889.29,59929.77,59882.23,59924.5
1777117963,59924.5,59967.16,59843.1,59850.04
1777118863,59850.04,59858.95,59614.85,59651.31
1777119763,59651.31,59677.55,59616.85,59619.43
1777120663,59619.43,59622.91,59489.31,59499.0
1777121563,59499.0,59513.51,59408.56,59448.19
1777122463,59448.19,59566.49,59408.96,59535.69
1777123363,59535.69,59548.84,59521.01,59527.58
1777124263,59527.58,59531.64,59401.3,59436.16
1777125163,59436.16,59475.49,59398.13,59464.36
1777126063,59464.36,59472.62,59450.82,59461.7
1777126963,59461.7,59471.12,59390.15,59415.04
1777127863,59415.04,59422.7,59340.16,59346.87
1777128763,59346.87,59384.29,59318.47,59380.51
1777129663,59380.51,59528.18,59323.16,59491.87
1777130563,59491.87,59537.12,59488.47,59515.25
1777131463,59515.25,59541.44,59302.54,59375.47
1777132363,59375.47,59438.77,59317.66,59433.03
1777133263,59433.03,59473.75,59338.64,59395.56
1777134163,59395.56,59521.81,59387.82,59519.69
1777135063,59519.69,59546.02,59411.54,59466.04
1777135963,59466.04,59494.96,59308.88,59336.74
1777136863,59336.74,59338.53,59307.22,59308.97
1777137763,59308.97,59332.63,59263.44,59266.72
1777138663,59266.72,59414.73,59208.45,59372.58
1777139563,59372.58,59382.93,59331.6,59346.18
1777140463,59346.18,59413.35,59326.36,59392.97
1777141363,59392.97,59402.34,59252.7,59257.24
1777142263,59257.24,59303.35,59141.98,59195.12
1777143163,59195.12,59225.94,59179.33,59189.39
1777144063,59189.39,59206.72,59147.59,59174.81
1777144963,59174.81,59203.83,59132.74,59178.13
1777145863,59178.13,59210.88,59108.32,59129.63
1777146763,59129.63,59272.01,59117.8,59219.79
1777147663,59219.79,59263.0,59153.74,59167.92
1777148563,59167.92,59220.01,59080.43,59135.14
1777149463,59135.14,59354.32,59123.02,59312.42
1777150363,59312.42,59320.44,59220.16,59234.26
1777151263,59234.26,59382.42,59182.25,59332.42
1777152163,59332.42,59385.8,59316.86,59370.72
1777153063,59370.72,59388.14,59320.4,59335.76
1777153963,59335.76,59380.37,59281.53,59324.82
1777154863,59324.82,59439.16,59317.12,59391.57
1777155763,59391.57,59418.9,59368.33,59369.28
1777156663,59369.28,59426.39,59343.66,59422.12
1777157563,59422.12,59427.83,59333.99,59346.55
1777158463,59346.55,59401.86,59266.14,59295.27
1777159363,59295.27,59379.04,59232.51,59283.07
1777160263,59283.07,59285.15,59135.15,59189.1
1777161163,59189.1,59194.81,58959.73,58991.98
1777162063,58991.98,59016.56,58894.95,58935.86
1777162963,58935.86,58937.86,58897.26,58900.0
1777163863,58900.0,58926.89,58834.46,58835.74
1777164763,58835.74,58849.7,58772.31,58787.39
1777165663,58787.39,58891.25,58781.09,58881.85
1777166563,58881.85,58935.04,58820.65,58835.51
1777167463,58835.51,58854.95,58812.78,58831.28
1777168363,58831.28,58887.66,58786.21,58851.88
1777169263,58851.88,58921.17,58827.49,58920.03
1777170163,58920.03,58975.82,58919.37,58962.82
1777171063,58962.82,58988.27,58937.29,58964.88
1777171963,58964.88,59078.81,58963.35,59072.35
1777172863,59072.35,59147.5,59059.63,59118.32
1777173763,59118.32,59169.07,59099.93,59114.32
1777174663,59114.32,59208.49,59092.91,59188.3
1777175563,59188.3,59335.5,59156.34,59307.97
1777176463,59307.97,59310.94,59183.7,59230.3
1777177363,59230.3,59249.31,59048.19,59085.26
1777178263,59085.26,59088.81,58931.37,58947.3
1777179163,58947.3,58978.08,58847.81,58870.28
1777180063,58870.28,58899.98,58841.96,58860.05
1777180963,58860.05,58874.19,58838.94,58844.58
1777181863,58844.58,58846.7,58808.57,58816.2
1777182763,58816.2,58827.42,58719.95,58767.06
1777183663,58767.06,58891.06,58693.54,58871.37
1777184563,58871.37,58895.19,58817.71,58829.64
1777185463,58829.64,58913.46,58791.8,58878.69
1777186363,58878.69,58882.2,58771.75,58833.62
1777187263,58833.62,58972.0,58820.21,58958.51
1777188163,58958.51,58995.41,58825.15,58847.03
1777189063,58847.03,58893.55,58845.49,58855.75
1777189963,58855.75,58930.53,58817.39,58903.87
1777190863,58903.87,58946.84,58887.93,58907.48
1777191763,58907.48,58931.65,58865.44,58874.31
1777192663,58874.31,58891.46,58763.51,58793.66
1777193563,58793.66,58809.26,58676.34,58690.53
1777194463,58690.53,58737.39,58654.07,58714.21
1777195363,58714.21,58715.81,58654.15,58677.05
1777196263,58677.05,58776.61,58640.14,58728.53
1777197163,58728.53,58742.35,58616.26,58645.84
1777198063,58645.84,58770.91,58627.95,58717.82
1777198963,58717.82,58742.35,58707.67,58737.12
1777199863,58737.12,58801.4,58709.7,58793.69
1777200763,58793.69,58828.39,58735.37,58741.32
1777201663,58741.32,58834.56,58720.18,58811.94
1777202563,58811.94,58845.6,58750.06,58768.45
1777203463,58768.45,58831.23,58735.98,58819.83
1777204363,58819.83,58938.04,58806.16,58937.81
1777205263,58937.81,58988.47,58922.72,58959.4
1777206163,58959.4,58977.07,58799.56,58805.05
1777207063,58805.05,58867.51,58766.43,58851.75
1777207963,58851.75,58909.7,58792.18,58815.24
1777208863,58815.24,58819.4,58695.65,58720.9
1777209763,58720.9,58732.97,58642.04,58689.77
1777210663,58689.77,58717.57,58649.12,58668.22
1777211563,58668.22,58687.74,58640.78,58663.62
1777212463,58663.62,58826.55,58663.22,58805.19
1777213363,58805.19,58807.53,58507.82,58527.83
1777214263,58527.83,58552.88,58477.72,58515.9
1777215163,58515.9,58539.21,58407.85,58462.03
1777216063,58462.03,58468.49,58375.5,58427.57
1777216963,58427.57,58499.85,58409.98,58489.14
1777217863,58489.14,58552.7,58461.17,58465.51
1777218763,58465.51,58488.81,58421.07,58452.8
1777219663,58452.8,58524.14,58429.07,58476.43
1777220563,58476.43,58501.62,58434.16,58438.0
1777221463,58438.0,58444.02,58320.74,58322.59
1777222363,58322.59,58337.71,58257.62,58270.46
1777223263,58270.46,58354.3,58250.2,58353.34
1777224163,58353.34,58374.64,58346.0,58363.61
1777225063,58363.61,58410.9,58347.24,58407.49
1777225963,58407.49,58433.03,58390.81,58421.19
1777226863,58421.19,58541.94,58410.98,58511.05
1777227763,58511.05,58554.16,58417.28,58426.48
1777228663,58426.48,58543.04,58426.15,58529.53
1777229563,58529.53,58552.66,58475.14,58494.95
1777230463,58494.95,58543.41,58460.17,58529.64
1777231363,58529.64,58663.17,58513.79,58617.79
1777232263,58617.79,58675.91,58517.4,58521.76
1777233163,58521.76,58535.22,58296.73,58336.42
1777234063,58336.42,58344.59,58304.93,58333.62
1777234963,58333.62,58353.01,58264.78,58296.51
1777235863,58296.51,58324.47,58210.22,58249.42
1777236763,58249.42,58251.75,58133.5,58147.34
1777237663,58147.34,58177.53,58127.52,58153.2
1777238563,58153.2,58203.09,58109.14,58191.83
1777239463,58191.83,58203.53,58158.69,58160.76
1777240363,58160.76,58213.13,58087.59,58169.81
1777241263,58169.81,58228.38,58130.18,58208.42
1777242163,58208.42,58358.39,58183.11,58319.28
1777243063,58319.28,58377.66,58168.77,58178.97
1777243963,58178.97,58224.17,58008.44,58028.34
1777244863,58028.34,58073.26,57937.3,57947.11
1777245763,57947.11,58075.75,57938.17,58062.82
1777246663,58062.82,58095.85,58017.34,58030.82
1777247563,58030.82,58049.49,58027.9,58034.7
1777248463,58034.7,58065.8,58004.44,58021.32
1777249363,58021.32,58093.61,58002.23,58076.42
1777250263,58076.42,58134.98,58005.96,58125.47
1777251163,58125.47,58197.44,58091.79,58157.7
1777252063,58157.7,58412.23,58129.24,58397.61
1777252963,58397.61,58409.13,58348.39,58362.0
1777253863,58362.0,58408.06,58324.32,58373.25
1777254763,58373.25,58457.53,58355.24,58413.26
1777255663,58413.26,58503.23,58409.13,58496.08
1777256563,58496.08,58498.21,58467.65,58483.1
1777257463,58483.1,58525.74,58438.04,58460.38
1777258363,58460.38,58464.54,58357.96,58417.74
1777259263,58417.74,58515.01,58404.41,58474.78
1777260163,58474.78,58480.85,58406.83,58430.66
1777261063,58430.66,58446.23,58381.82,58430.74
1777261963,58430.74,58459.87,58294.59,58314.24
1777262863,58314.24,58434.37,58271.24,58412.36
1777263763,58412.36,58540.64,58402.1,58536.71
1777264663,58536.71,58552.57,58395.17,58424.1
1777265563,58424.1,58440.56,58414.79,58423.15
1777266463,58423.15,58459.67,58378.34,58425.4
1777267363,58425.4,58520.05,58393.38,58519.83
1777268263,58519.83,58622.47,58513.39,58598.03
1777269163,58598.03,58606.43,58455.39,58456.15
1777270063,58456.15,58640.85,58446.08,58629.84
1777270963,58629.84,58654.28,58513.97,58531.81
1777271863,58531.81,58547.72,58512.8,58534.74
1777272763,58534.74,58651.54,58524.78,58616.75
1777273663,58616.75,58703.54,58600.67,58662.24
1777274563,58662.24,58723.82,58653.13,58676.84
1777275463,58676.84,58807.64,58657.57,58800.09
1777276363,58800.09,58843.88,58791.4,58812.09
1777277263,58812.09,58847.44,58810.5,58814.05
1777278163,58814.05,58904.29,58796.12,58846.38
1777279063,58846.38,58874.65,58779.07,58783.12
1777279963,58783.12,58855.72,58765.46,58849.85
1777280863,58849.85,58856.3,58827.32,58844.75
1777281763,58844.75,58880.79,58817.32,58824.59
1777282663,58824.59,58849.52,58752.06,58772.79
1777283563,58772.79,58813.97,58769.98,58799.04
1777284463,58799.04,58852.98,58770.07,58852.29
1777285363,58852.29,58861.64,58680.6,58709.59
1777286263,58709.59,58849.12,58688.25,58788.67
1777287163,58788.67,58839.13,58777.18,58811.41
1777288063,58811.41,58836.71,58779.94,58825.81
1777288963,58825.81,58848.4,58735.4,58776.07
1777289863,58776.07,58777.27,58725.67,58755.89
1777290763,58755.89,58778.99,58733.95,58745.62
1777291663,58745.62,58780.65,58692.3,58694.01
1777292563,58694.01,58731.98,58539.14,58551.63
1777293463,58551.63,58565.01,58530.9,58530.99
1777294363,58530.99,58569.29,58498.04,58546.93
1777295263,58546.93,58566.38,58320.26,58363.52
1777296163,58363.52,58418.71,58304.31,58416.0
1777297063,58416.0,58433.44,58350.19,58372.9
1777297963,58372.9,58385.12,58372.73,58374.06
1777298863,58374.06,58387.72,58346.85,58379.11
1777299763,58379.11,58388.07,58295.08,58318.65
1777300663,58318.65,58439.13,58291.5,58390.33
1777301563,58390.33,58461.65,58299.73,58355.85
1777302463,58355.85,58389.06,58268.83,58281.53
1777303363,58281.53,58404.69,58231.04,58382.89
1777304263,58382.89,58408.69,58299.39,58307.56
1777305163,58307.56,58397.06,58298.28,58386.92
1777306063,58386.92,58424.86,58354.24,58400.75
1777306963,58400.75,58430.74,58378.99,58428.53
1777307863,58428.53,58484.4,58408.49,58460.88
1777308763,58460.88,58623.92,58451.7,58580.22
1777309663,58580.22,58602.54,58408.55,58492.76
1777310563,58492.76,58497.63,58352.4,58354.11
1777311463,58354.11,58418.19,58295.75,58311.94
1777312363,58311.94,58429.04,58308.63,58385.08
1777313263,58385.08,58479.17,58329.8,58473.63
1777314163,58473.63,58491.44,58454.53,58459.17
1777315063,58459.17,58487.31,58434.99,58481.96
1777315963,58481.96,58634.54,58472.68,58581.24
1777316863,58581.24,58590.89,58492.49,58556.4
1777317763,58556.4,58606.83,58458.75,58477.37
1777318663,58477.37,58534.0,58477.14,58488.64
1777319563,58488.64,58540.14,58349.26,58384.48
1777320463,58384.48,58433.01,58375.64,58400.86
1777321363,58400.86,58507.91,58389.31,58431.9
1777322263,58431.9,58468.89,58365.54,58420.04
1777323163,58420.04,58452.17,58257.28,58272.95
1777324063,58272.95,58388.99,58205.29,58335.27
1777324963,58335.27,58355.38,58285.69,58301.46
1777325863,58301.46,58427.05,58242.53,58388.48
1777326763,58388.48,58460.38,58360.18,58438.13
1777327663,58438.13,58548.75,58404.93,58531.49
1777328563,58531.49,58570.54,58529.75,58566.31
1777329463,58566.31,58683.16,58565.76,58634.68
1777330363,58634.68,58692.94,58629.22,58659.41
1777331263,58659.41,58819.39,58643.36,58787.35
1777332163,58787.35,58822.09,58701.26,58721.84
1777333063,58721.84,58842.43,58706.65,58818.85
1777333963,58818.85,58877.28,58790.43,58842.48
1777334863,58842.48,58871.06,58697.6,58723.08
1777335763,58723.08,58737.18,58664.04,58673.77
1777336663,58673.77,58703.37,58620.0,58661.88
1777337563,58661.88,58687.48,58584.09,58620.3
1777338463,58620.3,58645.65,58591.32,58642.89
1777339363,58642.89,58745.88,58589.93,58743.0
1777340263,58743.0,58794.43,58737.5,58763.94
1777341163,58763.94,58817.68,58738.56,58782.94
1777342063,58782.94,58833.89,58746.84,58811.89
1777342963,58811.89,58837.12,58726.34,58736.0
1777343863,58736.0,58745.94,58672.78,58708.69
1777344763,58708.69,58736.51,58630.3,58664.37
1777345663,58664.37,58679.09,58592.6,58632.36
1777346563,58632.36,58674.12,58483.34,58504.22
1777347463,58504.22,58544.49,58464.7,58481.59
1777348363,58481.59,58525.8,58440.5,58521.96
1777349263,58521.96,58613.99,58517.77,58608.71
1777350163,58608.71,58674.15,58605.9,58635.76
1777351063,58635.76,58681.22,58607.83,58671.26
1777351963,58671.26,58674.8,58606.49,58662.44
1777352863,58662.44,58683.21,58554.05,58579.1
1777353763,58579.1,58693.32,58555.4,58645.98
1777354663,58645.98,58699.83,58611.31,58663.29
1777355563,58663.29,58709.9,58603.41,58644.02
1777356463,58644.02,58701.86,58553.13,58684.22
1777357363,58684.22,58716.17,58651.66,58715.58
1777358263,58715.58,58730.04,58633.02,58640.78
1777359163,58640.78,58647.21,58600.71,58620.53
1777360063,58620.53,58706.55,58618.51,58671.57
1777360963,58671.57,58703.12,58503.93,58543.18
1777361863,58543.18,58575.48,58363.18,58424.14
1777362763,58424.14,58427.29,58408.7,58422.69
1777363663,58422.69,58498.4,58401.07,58451.82
1777364563,58451.82,58460.73,58405.71,58406.78
1777365463,58406.78,58445.01,58381.52,58403.89
1777366363,58403.89,58447.13,58398.35,58444.09
1777367263,58444.09,58588.52,58439.57,58532.19
1777368163,58532.19,58608.47,58519.98,58598.96
1777369063,58598.96,58671.32,58579.69,58656.25
1777369963,58656.25,58668.33,58649.28,58666.58
1777370863,58666.58,58679.05,58546.13,58592.57
1777371763,58592.57,58710.24,58586.04,58644.49
1777372663,58644.49,58696.11,58626.12,58642.35
1777373563,58642.35,58735.34,58630.41,58686.61
1777374463,58686.61,58714.2,58571.24,58617.94
1777375363,58617.94,58640.23,58558.1,58582.97
1777376263,58582.97,58587.24,58527.77,58548.7
1777377163,58548.7,58676.82,58538.25,58579.2
1777378063,58579.2,58670.57,58530.9,58614.73
1777378963,58614.73,58665.66,58437.87,58489.83
1777379863,58489.83,58501.65,58331.0,58383.65
1777380763,58383.65,58384.18,58267.5,58349.1
1777381663,58349.1,58374.46,58196.55,58260.99
1777382563,58260.99,58347.64,58243.35,58328.59
1777383463,58328.59,58363.91,58316.04,58355.75
1777384363,58355.75,58425.38,58315.16,58408.25
1777385263,58408.25,58519.49,58400.44,58492.98
1777386163,58492.98,58535.67,58357.64,58374.11
1777387063,58374.11,58378.06,58289.48,58299.09
1777387963,58299.09,58308.58,58198.74,58224.98
1777388863,58224.98,58259.43,58220.58,58254.24
1777389763,58254.24,58272.71,58195.79,58228.16
1777390663,58228.16,58301.5,58221.23,58247.53
1777391563,58247.53,58354.48,58222.46,58314.53
1777392463,58314.53,58407.86,58312.73,58382.23
1777393363,58382.23,58491.78,58370.34,58459.3
1777394263,58459.3,58573.89,58444.54,58561.64
1777395163,58561.64,58585.88,58478.72,58506.53
1777396063,58506.53,58515.64,58454.73,58462.56
1777396963,58462.56,58579.92,58420.11,58537.44
1777397863,58537.44,58614.58,58507.4,58566.52
1777398763,58566.52,58576.13,58536.54,58536.69
1777399663,58536.69,58574.57,58483.86,58551.89
1777400563,58551.89,58576.36,58522.66,58564.63
1777401463,58564.63,58602.61,58442.33,58476.25
1777402363,58476.25,58666.19,58453.58,58618.94
1777403263,58618.94,58643.48,58584.17,58593.74
1777404163,58593.74,58733.34,58586.91,58730.86
1777405063,58730.86,58881.61,58694.2,58838.26
1777405963,58838.26,58980.31,58801.37,58943.0
1777406863,58943.0,58989.31,58902.36,58974.12
1777407763,58974.12,59063.26,58964.05,59034.84
1777408663,59034.84,59070.32,58978.37,58979.68
1777409563,58979.68,59021.33,58937.37,59006.03
1777410463,59006.03,59049.82,58994.65,59033.52
1777411363,59033.52,59145.25,59021.25,59092.99
1777412263,59092.99,59120.01,58932.62,58944.35
1777413163,58944.35,58985.81,58829.6,58859.24
1777414063,58859.24,58878.72,58784.1,58798.99
1777414963,58798.99,58832.74,58785.68,58829.25
1777415863,58829.25,58886.98,58604.94,58680.05
1777416763,58680.05,58715.46,58668.28,58675.82
1777417663,58675.82,58682.64,58648.84,58654.34
1777418563,58654.34,58688.23,58428.66,58431.86
1777419463,58431.86,58434.94,58329.41,58351.94
1777420363,58351.94,58394.39,58067.89,58111.89
1777421263,58111.89,58197.74,58081.53,58162.02
1777422163,58162.02,58163.12,58126.16,58131.01
1777423063,58131.01,58189.76,58100.28,58158.87
1777423963,58158.87,58160.35,58137.99,58155.89
1777424863,58155.89,58179.03,58147.64,58167.98
1777425763,58167.98,58202.72,57977.61,57989.74
1777426663,57989.74,58057.89,57968.36,58007.68
1777427563,58007.68,58037.98,57974.71,58015.35
1777428463,58015.35,58048.3,57878.18,57914.58
1777429363,57914.58,57986.88,57907.57,57944.84
1777430263,57944.84,57962.14,57876.59,57902.32
1777431163,57902.32,57929.68,57869.43,57896.25
1777432063,57896.25,57932.45,57875.68,57896.95
1777432963,57896.95,57898.07,57771.13,57844.56
1777433863,57844.56,57972.55,57821.43,57959.41
1777434763,57959.41,58018.12,57927.14,57988.79
1777435663,57988.79,58003.08,57944.82,57965.09
1777436563,57965.09,58175.9,57918.62,58120.73
1777437463,58120.73,58231.38,58072.09,58192.32
1777438363,58192.32,58273.57,58159.97,58236.77
1777439263,58236.77,58363.15,58196.74,58356.65
1777440163,58356.65,58384.4,58239.04,58255.42
1777441063,58255.42,58325.91,58254.3,58275.47
1777441963,58275.47,58373.21,58237.11,58342.09
1777442863,58342.09,58342.59,58296.44,58322.15
1777443763,58322.15,58335.45,58234.33,58246.89
1777444663,58246.89,58343.38,58237.14,58328.35
1777445563,58328.35,58382.27,58192.91,58214.56
1777446463,58214.56,58233.01,58152.39,58152.56
1777447363,58152.56,58196.19,58115.08,58175.9
1777448263,58175.9,58291.66,58170.14,58283.14
1777449163,58283.14,58289.97,58192.63,58227.45
1777450063,58227.45,58329.27,58219.95,58296.14
1777450963,58296.14,58453.46,58293.0,58450.07
1777451863,58450.07,58596.73,58438.47,58550.11
1777452763,58550.11,58597.45,58418.05,58422.43
1777453663,58422.43,58443.05,58335.46,58350.3
1777454563,58350.3,58534.48,58327.22,58519.31
1777455463,58519.31,58568.34,58454.45,58548.06
1777456363,58548.06,58550.37,58416.79,58448.39
1777457263,58448.39,58491.92,58420.65,58473.61
1777458163,58473.61,58510.92,58440.62,58457.03
1777459063,58457.03,58528.28,58452.01,58482.41
1777459963,58482.41,58502.05,58431.45,58477.82
1777460863,58477.82,58557.35,58475.52,58514.93
1777461763,58514.93,58642.39,58488.49,58622.43
1777462663,58622.43,58623.08,58470.36,58504.76
1777463563,58504.76,58517.67,58375.37,58412.02
1777464463,58412.02,58429.99,58299.8,58317.14
1777465363,58317.14,58351.94,58282.9,58312.92
1777466263,58312.92,58582.81,58297.36,58547.4
1777467163,58547.4,58667.09,58522.0,58644.08
1777468063,58644.08,58676.48,58611.87,58630.82
1777468963,58630.82,58702.65,58627.87,58689.99
1777469863,58689.99,58730.15,58675.29,58675.71
1777470763,58675.71,58676.1,58573.64,58597.32
1777471663,58597.32,58753.95,58573.43,58721.99
1777472563,58721.99,58733.44,58617.03,58635.79
1777473463,58635.79,58641.6,58515.64,58601.81
1777474363,58601.81,58620.83,58536.81,58566.58
1777475263,58566.58,58601.31,58415.49,58451.88
1777476163,58451.88,58487.88,58412.28,58416.05
1777477063,58416.05,58416.93,58330.6,58390.7
1777477963,58390.7,58398.23,58291.85,58305.11
1777478863,58305.11,58315.46,58297.23,58310.71
1777479763,58310.71,58522.9,58306.01,58477.12
1777480663,58477.12,58498.14,58363.27,58412.76
1777481563,58412.76,58570.89,58410.66,58528.56
1777482463,58528.56,58562.32,58469.1,58480.13
1777483363,58480.13,58483.53,58390.43,58393.38
1777484263,58393.38,58463.9,58356.07,58451.31
1777485163,58451.31,58569.92,58386.31,58553.77
1777486063,58553.77,58601.09,58514.62,58563.18
1777486963,58563.18,58571.17,58503.08,58512.88
1777487863,58512.88,58513.49,58456.83,58488.01
1777488763,58488.01,58497.55,58428.93,58497.15
1777489663,58497.15,58512.49,58442.03,58463.95
1777490563,58463.95,58661.52,58433.97,58613.43
1777491463,58613.43,58626.48,58597.01,58618.74
1777492363,58618.74,58806.05,58612.7,58749.39
1777493263,58749.39,58760.16,58669.76,58707.53
1777494163,58707.53,58884.16,58681.77,58814.73
1777495063,58814.73,58831.69,58736.47,58741.79
1777495963,58741.79,58760.96,58712.01,58748.96
1777496863,58748.96,58873.74,58737.33,58866.06
1777497763,58866.06,58925.75,58862.51,58882.59
1777498663,58882.59,58953.6,58871.42,58940.88
1777499563,58940.88,59009.98,58861.19,58958.89
1777500463,58958.89,58993.29,58945.59,58969.16
1777501363,58969.16,59002.57,58851.29,58875.75
1777502263,58875.75,58989.12,58871.0,58970.32
1777503163,58970.32,58975.49,58880.39,58881.14
1777504063,58881.14,58950.78,58846.93,58900.61
1777504963,58900.61,58948.14,58884.72,58943.61
1777505863,58943.61,58951.92,58829.69,58842.43
1777506763,58842.43,58883.59,58777.04,58809.78
1777507663,58809.78,58816.31,58677.66,58711.62
1777508563,58711.62,58721.56,58665.75,58677.06
1777509463,58677.06,58685.33,58524.82,58557.96
1777510363,58557.96,58564.68,58446.67,58449.97
1777511263,58449.97,58507.58,58412.28,58477.57
1777512163,58477.57,58652.44,58450.58,58594.48
1777513063,58594.48,58706.74,58544.15,58700.84
1777513963,58700.84,58879.25,58654.99,58837.63
1777514863,58837.63,58872.41,58812.89,58844.26
1777515763,58844.26,58894.28,58726.14,58752.55
1777516663,58752.55,58762.64,58714.84,58757.88
1777517563,58757.88,58829.77,58741.1,58743.74
1777518463,58743.74,58822.33,58736.26,58805.04
1777519363,58805.04,58855.23,58798.45,58828.91
1777520263,58828.91,58898.19,58717.72,58749.86
1777521163,58749.86,58783.72,58706.82,58771.53
1777522063,58771.53,58834.17,58729.45,58814.98
1777522963,58814.98,58851.83,58705.57,58731.15
1777523863,58731.15,58815.32,58723.37,58782.6
1777524763,58782.6,58949.72,58743.63,58890.18
1777525663,58890.18,58897.54,58798.8,58844.26
1777526563,58844.26,59012.68,58809.79,58992.51
1777527463,58992.51,59009.67,58804.96,58853.8
1777528363,58853.8,58858.17,58685.55,58733.99
1777529263,58733.99,58749.87,58717.32,58729.62
1777530163,58729.62,58738.99,58630.18,58663.5
1777531063,58663.5,58721.83,58660.63,58699.2
1777531963,58699.2,58708.51,58644.61,58658.32
1777532863,58658.32,58724.94,58635.44,58701.16
1777533763,58701.16,58749.69,58585.47,58591.0
1777534663,58591.0,58677.2,58533.77,58665.45
1777535563,58665.45,58727.59,58548.67,58588.1
1777536463,58588.1,58593.32,58496.56,58534.77
1777537363,58534.77,58670.25,58531.25,58651.82
1777538263,58651.82,58737.97,58629.23,58705.13
1777539163,58705.13,58818.6,58702.19,58817.89
1777540063,58817.89,58919.37,58765.85,58900.09
1777540963,58900.09,58918.88,58808.63,58850.44
1777541863,58850.44,58872.21,58817.74,58838.26
1777542763,58838.26,58955.04,58793.5,58901.29
1777543663,58901.29,59052.31,58877.26,59027.83
1777544563,59027.83,59119.44,59017.73,59093.42
1777545463,59093.42,59111.17,58966.56,58979.03
1777546363,58979.03,59051.67,58931.3,58967.95
1777547263,58967.95,59004.92,58838.54,58849.42
1777548163,58849.42,58854.57,58812.49,58824.14
1777549063,58824.14,58848.35,58788.02,58837.01
1777549963,58837.01,58844.83,58691.96,58746.69
1777550863,58746.69,58763.45,58728.55,58753.91
1777551763,58753.91,58765.17,58728.97,58731.32
1777552663,58731.32,58742.38,58593.52,58668.46
1777553563,58668.46,58688.85,58621.9,58686.97
1777554463,58686.97,58721.89,58634.37,58720.93
1777555363,58720.93,58745.65,58707.14,58717.25
1777556263,58717.25,58769.99,58653.66,58678.25
1777557163,58678.25,58797.85,58670.3,58758.41
1777558063,58758.41,58785.03,58601.28,58614.85
1777558963,58614.85,58640.47,58539.79,58637.13
1777559863,58637.13,58676.25,58628.89,58645.42
1777560763,58645.42,58655.05,58409.39,58444.15
1777561663,58444.15,58527.79,58425.67,58501.41
1777562563,58501.41,58557.51,58331.89,58363.96
1777563463,58363.96,58375.31,58358.78,58359.23
1777564363,58359.23,58406.58,58328.33,58383.59
1777565263,58383.59,58397.21,58326.37,58340.12
1777566163,58340.12,58445.32,58263.77,58422.22
1777567063,58422.22,58496.7,58388.42,58449.34
1777567963,58449.34,58502.85,58434.19,58486.45
1777568863,58486.45,58530.54,58456.39,58518.11
1777569763,58518.11,58523.54,58465.56,58502.85
1777570663,58502.85,58592.75,58489.77,58585.06
1777571563,58585.06,58780.21,58578.56,58679.64
1777572463,58679.64,58866.77,58641.88,58822.89
1777573363,58822.89,58848.6,58815.46,58820.75
1777574263,58820.75,58912.73,58808.23,58845.77
1777575163,58845.77,58863.73,58713.12,58737.91
1777576063,58737.91,58761.19,58721.51,58754.06
1777576963,58754.06,58851.81,58745.79,58829.12
1777577863,58829.12,58909.78,58808.72,58901.0
1777578763,58901.0,58920.85,58827.26,58849.99
1777579663,58849.99,58882.2,58831.78,58863.87
1777580563,58863.87,58890.0,58761.19,58768.04
1777581463,58768.04,58786.0,58721.54,58771.79
1777582363,58771.79,58782.34,58727.68,58776.94
1777583263,58776.94,58813.98,58631.02,58641.16
1777584163,58641.16,58702.87,58610.49,58660.73
1777585063,58660.73,58698.85,58654.86,58694.03
1777585963,58694.03,58705.91,58670.59,58692.68
1777586863,58692.68,58822.01,58648.61,58805.94
1777587763,58805.94,58850.63,58800.21,58847.4
1777588663,58847.4,58875.67,58825.96,58831.58
1777589563,58831.58,59020.7,58812.37,58978.39
1777590463,58978.39,59031.03,58965.93,59021.68
1777591363,59021.68,59043.07,58997.5,59021.82
1777592263,59021.82,59070.91,58910.7,58966.38
1777593163,58966.38,58982.75,58894.71,58901.13
1777594063,58901.13,58928.27,58763.29,58773.91
1777594963,58773.91,58789.89,58744.71,58758.1
1777595863,58758.1,58776.83,58691.88,58748.4
1777596763,58748.4,58774.16,58566.45,58604.18
1777597663,58604.18,58646.62,58591.67,58597.33
1777598563,58597.33,58612.53,58510.2,58583.58
1777599463,58583.58,58586.05,58431.16,58447.6
1777600363,58447.6,58484.56,58291.01,58299.6
1777601263,58299.6,58433.32,58275.4,58413.47
1777602163,58413.47,58434.86,58368.78,58372.59
1777603063,58372.59,58383.84,58342.68,58372.77
1777603963,58372.77,58418.01,58361.7,58377.65
1777604863,58377.65,58522.65,58331.87,58512.92
1777605763,58512.92,58524.35,58511.81,58522.3
1777606663,58522.3,58579.95,58390.34,58413.23
1777607563,58413.23,58459.66,58352.76,58354.65
1777608463,58354.65,58367.47,58314.04,58356.54
1777609363,58356.54,58419.68,58286.57,58326.72
1777610263,58326.72,58400.72,58279.35,58399.1
1777611163,58399.1,58426.5,58280.14,58287.2
1777612063,58287.2,58313.32,58259.96,58290.94
1777612963,58290.94,58381.89,58268.33,58364.69
1777613863,58364.69,58394.47,58326.75,58389.96
1777614763,58389.96,58428.06,58346.31,58366.51
1777615663,58366.51,58385.52,58250.78,58298.75
1777616563,58298.75,58333.95,58208.39,58222.01
1777617463,58222.01,58255.47,58158.82,58203.32
1777618363,58203.32,58238.86,58169.11,58237.06
1777619263,58237.06,58282.1,58208.52,58224.14
1777620163,58224.14,58244.57,57995.05,58028.26
1777621063,58028.26,58066.65,57974.36,58002.67
1777621963,58002.67,58003.02,57982.68,57984.89
1777622863,57984.89,57986.58,57897.06,57907.19
1777623763,57907.19,57917.11,57850.46,57869.01
1777624663,57869.01,57910.77,57749.58,57768.19
1777625563,57768.19,57809.37,57752.37,57792.63
1777626463,57792.63,57844.99,57763.32,57833.64
1777627363,57833.64,57899.2,57823.9,57894.89
1777628263,57894.89,58036.98,57889.87,57969.92
1777629163,57969.92,57976.21,57901.47,57926.42
1777630063,57926.42,57954.18,57925.81,57945.22
1777630963,57945.22,58006.93,57909.12,57924.89
1777631863,57924.89,57946.18,57816.93,57818.9
1777632763,57818.9,57828.93,57781.61,57825.57
1777633663,57825.57,57925.96,57824.81,57907.42
1777634563,57907.42,57963.8,57900.02,57953.23
1777635463,57953.23,57966.44,57864.1,57909.2
1777636363,57909.2,58056.41,57864.9,58047.5
1777637263,58047.5,58240.41,57999.11,58222.53
1777638163,58222.53,58296.92,58221.58,58258.68
1777639063,58258.68,58349.46,58221.52,58345.75
1777639963,58345.75,58380.04,58200.53,58221.61
1777640863,58221.61,58239.07,58147.16,58151.75
1777641763,58151.75,58194.46,58145.31,58173.17
1777642663,58173.17,58227.75,58076.12,58094.39
1777643563,58094.39,58112.57,57913.01,57935.4
1777644463,57935.4,57936.96,57870.96,57903.48
1777645363,57903.48,57964.52,57897.25,57924.62
1777646263,57924.62,58011.65,57901.43,58011.42
1777647163,58011.42,58076.02,57971.03,58051.13
1777648063,58051.13,58057.07,57934.63,58003.13
1777648963,58003.13,58130.48,57972.0,58087.06
1777649863,58087.06,58105.21,58039.98,58079.56
1777650763,58079.56,58228.14,58044.01,58220.03
1777651663,58220.03,58353.96,58204.96,58328.17
1777652563,58328.17,58375.41,58212.13,58233.01
1777653463,58233.01,58233.42,58151.68,58177.88
1777654363,58177.88,58285.83,58158.28,58250.98
1777655263,58250.98,58297.05,58187.29,58199.69
1777656163,58199.69,58203.49,58102.97,58115.76
1777657063,58115.76,58118.88,58004.02,58093.11
1777657963,58093.11,58182.64,58074.49,58170.87
1777658863,58170.87,58182.76,58012.34,58028.96
1777659763,58028.96,58056.78,57986.51,57995.07
1777660663,57995.07,58096.91,57939.12,58084.29
1777661563,58084.29,58092.28,57977.2,57999.95
1777662463,57999.95,58073.2,57987.23,58066.99
1777663363,58066.99,58096.96,58065.4,58078.83
1777664263,58078.83,58097.88,58043.01,58080.02
1777665163,58080.02,58141.62,58055.4,58113.71
1777666063,58113.71,58154.3,57999.92,58005.84
1777666963,58005.84,58135.48,57986.89,58122.69
1777667863,58122.69,58156.85,58103.12,58106.83
1777668763,58106.83,58194.85,58070.1,58161.07
1777669663,58161.07,58163.33,58057.53,58122.98
1777670563,58122.98,58242.8,58091.57,58216.85
1777671463,58216.85,58224.7,58187.33,58220.64
1777672363,58220.64,58308.99,58219.98,58300.88
1777673263,58300.88,58316.98,58258.16,58307.64
1777674163,58307.64,58310.72,58244.51,58260.12
1777675063,58260.12,58294.58,58231.51,58240.75
1777675963,58240.75,58256.68,58191.29,58207.06
1777676863,58207.06,58215.61,58199.73,58202.39
1777677763,58202.39,58224.97,58145.62,58160.66
1777678663,58160.66,58225.86,58145.83,58219.18
1777679563,58219.18,58346.16,58194.61,58333.67
1777680463,58333.67,58370.09,58318.03,58349.15
1777681363,58349.15,58389.15,58220.2,58271.2
1777682263,58271.2,58374.13,58263.43,58353.01
1777683163,58353.01,58393.31,58350.45,58375.66
1777684063,58375.66,58393.66,58274.08,58308.02
1777684963,58308.02,58309.66,58192.89,58226.64
1777685863,58226.64,58255.1,58136.4,58147.71
1777686763,58147.71,58147.92,58074.62,58111.53
1777687663,58111.53,58250.06,58106.59,58214.21
1777688563,58214.21,58370.2,58158.62,58367.36
1777689463,58367.36,58451.75,58347.01,58439.64
1777690363,58439.64,58534.27,58420.47,58527.85
1777691263,58527.85,58619.29,58499.17,58595.8
1777692163,58595.8,58622.73,58585.16,58595.28
1777693063,58595.28,58726.92,58567.43,58678.55
1777693963,58678.55,58679.8,58566.57,58629.72
1777694863,58629.72,58660.92,58526.12,58537.49
1777695763,58537.49,58567.42,58520.9,58523.19
1777696663,58523.19,58542.67,58467.59,58479.3
1777697563,58479.3,58612.72,58435.49,58611.42
1777698463,58611.42,58622.98,58486.96,58532.18
1777699363,58532.18,58547.53,58504.86,58516.71
1777700263,58516.71,58560.62,58473.47,58529.85
1777701163,58529.85,58559.65,58506.81,58536.04
1777702063,58536.04,58582.74,58494.93,58569.48
1777702963,58569.48,58711.92,58552.58,58693.34
1777703863,58693.34,58743.78,58679.52,58727.07
1777704763,58727.07,58763.24,58702.85,58750.17
1777705663,58750.17,58788.35,58678.75,58680.54
1777706563,58680.54,58751.27,58627.78,58726.11
1777707463,58726.11,58782.53,58561.36,58595.54
1777708363,58595.54,58668.79,58569.58,58575.88
1777709263,58575.88,58609.07,58463.54,58478.89
1777710163,58478.89,58480.5,58433.87,58459.72
1777711063,58459.72,58485.57,58423.08,58474.17
1777711963,58474.17,58475.9,58382.42,58402.44
1777712863,58402.44,58421.27,58319.19,58371.09
1777713763,58371.09,58598.66,58366.22,58526.06
1777714663,58526.06,58579.93,58519.19,58576.8
1777715563,58576.8,58618.39,58572.57,58597.4
1777716463,58597.4,58617.53,58572.02,58593.77
1777717363,58593.77,58594.47,58448.15,58460.28
1777718263,58460.28,58589.17,58430.18,58538.91
1777719163,58538.91,58572.46,58490.1,58524.13
1777720063,58524.13,58548.68,58453.48,58462.78
1777720963,58462.78,58484.63,58277.16,58286.4
1777721863,58286.4,58315.22,58189.2,58243.63
1777722763,58243.63,58250.6,58132.86,58155.52
1777723663,58155.52,58243.31,58107.68,58179.35
1777724563,58179.35,58193.56,58016.24,58033.31
1777725463,58033.31,58057.93,57952.4,57971.11
1777726363,57971.11,58007.71,57891.75,57908.64
1777727263,57908.64,57909.98,57684.94,57703.85
1777728163,57703.85,57727.44,57691.89,57725.14
1777729063,57725.14,57749.16,57618.66,57682.61
1777729963,57682.61,57743.94,57613.81,57643.95
1777730863,57643.95,57834.46,57639.49,57808.59
1777731763,57808.59,57868.34,57766.06,57840.71
1777732663,57840.71,57855.74,57745.97,57782.5
1777733563,57782.5,57828.67,57709.04,57743.9
1777734463,57743.9,57862.58,57741.73,57809.12
1777735363,57809.12,57912.98,57807.16,57896.83
1777736263,57896.83,57932.02,57787.47,57810.97
1777737163,57810.97,57863.26,57759.75,57805.96
1777738063,57805.96,57907.86,57701.9,57743.57
1777738963,57743.57,57763.17,57698.92,57710.26
1777739863,57710.26,57905.22,57699.95,57862.28
1777740763,57862.28,57872.78,57776.86,57800.42
1777741663,57800.42,57810.39,57775.74,57795.07
1777742563,57795.07,57797.8,57750.86,57772.16
1777743463,57772.16,57900.42,57735.32,57889.43
1777744363,57889.43,57906.61,57875.34,57900.64
1777745263,57900.64,58059.35,57886.1,58038.88
1777746163,58038.88,58059.81,57997.76,58017.48
1777747063,58017.48,58021.48,57961.71,57983.91
1777747963,57983.91,57999.71,57933.49,57957.19
1777748863,57957.19,58025.39,57931.79,58020.76
1777749763,58020.76,58065.26,57939.16,57969.07
1777750663,57969.07,58026.8,57933.15,57959.61
1777751563,57959.61,57993.16,57851.28,57861.86
1777752463,57861.86,57875.88,57799.07,57832.04
1777753363,57832.04,57868.39,57708.18,57714.01
1777754263,57714.01,57819.77,57704.91,57761.16
1777755163,57761.16,57792.15,57698.64,57709.85
1777756063,57709.85,57724.02,57629.63,57638.31
1777756963,57638.31,57698.81,57635.4,57684.51
1777757863,57684.51,57805.14,57635.76,57782.21
1777758763,57782.21,57838.39,57729.75,57821.44
1777759663,57821.44,57957.92,57758.0,57893.77
1777760563,57893.77,57993.54,57861.66,57964.33
1777761463,57964.33,57972.02,57934.0,57951.0
1777762363,57951.0,57969.92,57936.25,57958.28
1777763263,57958.28,58024.59,57939.51,58006.0
1777764163,58006.0,58127.05,58000.9,58112.77
1777765063,58112.77,58183.76,58067.66,58179.55
1777765963,58179.55,58227.52,58107.74,58154.77
1777766863,58154.77,58199.51,58145.87,58162.82
1777767763,58162.82,58228.36,58135.62,58138.32
1777768663,58138.32,58174.14,58118.28,58155.24
1777769563,58155.24,58184.61,58060.74,58103.49
1777770463,58103.49,58203.62,58087.96,58160.78
1777771363,58160.78,58169.56,58071.93,58130.33
1777772263,58130.33,58172.86,58115.27,58145.94
1777773163,58145.94,58183.96,57890.67,57941.48
1777774063,57941.48,57958.97,57909.82,57911.58
1777774963,57911.58,57992.87,57871.91,57960.03
1777775863,57960.03,57976.41,57830.56,57843.96
1777776763,57843.96,57935.63,57842.95,57934.38
1777777663,57934.38,57960.08,57852.93,57875.05
1777778563,57875.05,57900.73,57670.37,57715.99
1777779463,57715.99,57746.04,57684.01,57724.79
1777780363,57724.79,57800.29,57718.87,57767.03
1777781263,57767.03,57793.46,57757.97,57788.29
1777782163,57788.29,57803.99,57746.75,57784.63
1777783063,57784.63,57809.01,57767.03,57794.21
1777783963,57794.21,57812.01,57769.15,57792.54
1777784863,57792.54,57888.52,57784.88,57868.25
1777785763,57868.25,57944.12,57809.86,57898.72
1777786663,57898.72,57957.62,57854.8,57955.01
1777787563,57955.01,57967.88,57913.02,57927.09
1777788463,57927.09,58092.69,57898.14,58060.99
1777789363,58060.99,58104.12,57909.4,57928.15
1777790263,57928.15,57987.42,57909.8,57916.08
1777791163,57916.08,57938.68,57781.49,57826.34
1777792063,57826.34,57878.76,57805.75,57863.67
1777792963,57863.67,57869.94,57837.05,57853.14
1777793863,57853.14,58044.67,57810.62,58024.77
1777794763,58024.77,58025.46,57993.89,58018.81
1777795663,58018.81,58093.04,57959.64,58092.54
1777796563,58092.54,58136.18,58063.77,58083.0
1777797463,58083.0,58122.27,58009.06,58021.08
1777798363,58021.08,58050.61,57974.54,57982.45
1777799263,57982.45,58021.3,57806.4,57876.19
1777800163,57876.19,57886.8,57663.4,57705.93
1777801063,57705.93,57767.29,57663.6,57754.18
1777801963,57754.18,57807.42,57661.84,57668.98
1777802863,57668.98,57792.19,57645.57,57774.56
1777803763,57774.56,57788.69,57730.09,57762.01
1777804663,57762.01,57821.98,57736.01,57808.53
1777805563,57808.53,57860.45,57751.05,57814.83
1777806463,57814.83,57874.24,57812.61,57831.0
1777807363,57831.0,57854.14,57813.16,57842.81
1777808263,57842.81,57862.86,57732.72,57781.91
1777809163,57781.91,57842.46,57763.34,57831.32
1777810063,57831.32,57904.02,57824.12,57874.06
1777810963,57874.06,57902.19,57821.39,57895.71
1777811863,57895.71,57970.3,57846.87,57962.97
1777812763,57962.97,58003.59,57885.97,57903.01
1777813663,57903.01,57926.36,57843.63,57845.78
1777814563,57845.78,57907.19,57788.24,57815.38
1777815463,57815.38,57841.92,57699.63,57769.06
1777816363,57769.06,57829.05,57743.04,57788.8
1777817263,57788.8,57800.15,57726.39,57742.69
1777818163,57742.69,57845.53,57727.74,57833.52
1777819063,57833.52,57833.66,57816.0,57830.94
1777819963,57830.94,57893.52,57823.91,57877.37
1777820863,57877.37,57992.5,57869.58,57988.59
1777821763,57988.59,57990.3,57946.32,57959.23
1777822663,57959.23,58025.96,57846.9,57892.01
1777823563,57892.01,57957.73,57803.02,57833.94
1777824463,57833.94,57855.0,57734.5,57752.92
1777825363,57752.92,57786.3,57672.91,57687.7
1777826263,57687.7,57715.59,57653.26,57698.0
1777827163,57698.0,57739.15,57678.4,57703.46
1777828063,57703.46,57724.74,57677.49,57708.92
1777828963,57708.92,57783.59,57597.57,57611.0
1777829863,57611.0,57683.8,57508.47,57541.72
1777830763,57541.72,57568.59,57514.29,57522.04
1777831663,57522.04,57682.42,57479.57,57623.19
1777832563,57623.19,57660.79,57551.66,57578.94
1777833463,57578.94,57592.78,57521.52,57564.64
1777834363,57564.64,57648.57,57547.59,57639.36
1777835263,57639.36,57766.66,57629.88,57753.84
1777836163,57753.84,57760.28,57628.72,57642.8
1777837063,57642.8,57686.09,57590.53,57681.78
1777837963,57681.78,57751.91,57647.56,57746.58
1777838863,57746.58,57812.25,57533.86,57564.4
1777839763,57564.4,57594.64,57514.13,57530.34
1777840663,57530.34,57531.76,57495.55,57529.39
1777841563,57529.39,57598.83,57513.66,57578.37
1777842463,57578.37,57606.02,57503.25,57535.02
1777843363,57535.02,57652.52,57497.48,57595.83
1777844263,57595.83,57630.29,57583.86,57621.71
1777845163,57621.71,57648.15,57511.89,57549.48
1777846063,57549.48,57716.45,57519.48,57703.97
1777846963,57703.97,57748.84,57666.88,57720.81
1777847863,57720.81,57722.36,57693.47,57699.04
1777848763,57699.04,57737.15,57465.69,57482.19
1777849663,57482.19,57573.67,57449.36,57566.19
1777850563,57566.19,57648.11,57552.99,57638.53
1777851463,57638.53,57658.62,57606.97,57619.62
1777852363,57619.62,57777.93,57593.1,57738.15
1777853263,57738.15,57795.2,57728.76,57770.07
1777854163,57770.07,57827.81,57759.53,57810.35
1777855063,57810.35,57894.82,57712.58,57737.61
1777855963,57737.61,57773.72,57628.67,57649.67
1777856863,57649.67,57663.92,57537.61,57552.95
1777857763,57552.95,57649.12,57538.45,57621.7
1777858663,57621.7,57631.79,57548.63,57559.94
1777859563,57559.94,57669.76,57520.36,57614.47
1777860463,57614.47,57640.17,57611.92,57612.46
1777861363,57612.46,57676.46,57587.51,57643.58
1777862263,57643.58,57685.58,57455.69,57498.2
1777863163,57498.2,57500.42,57380.29,57427.16
1777864063,57427.16,57486.2,57406.68,57467.42
1777864963,57467.42,57529.84,57425.63,57484.83
1777865863,57484.83,57521.34,57456.68,57476.37
1777866763,57476.37,57491.99,57365.36,57371.7
1777867663,57371.7,57447.77,57335.83,57439.86
1777868563,57439.86,57561.8,57429.77,57492.35
1777869463,57492.35,57614.26,57441.99,57610.99
1777870363,57610.99,57669.7,57574.27,57582.58
1777871263,57582.58,57605.13,57572.12,57575.14
1777872163,57575.14,57612.0,57551.07,57581.28
1777873063,57581.28,57699.1,57555.61,57665.75
1777873963,57665.75,57751.91,57658.57,57726.2
1777874863,57726.2,57825.65,57711.3,57804.18
1777875763,57804.18,57916.0,57775.99,57909.81
1777876663,57909.81,57916.63,57795.34,57805.19
1777877563,57805.19,57805.5,57764.22,57773.1
1777878463,57773.1,57804.55,57735.0,57758.12
1777879363,57758.12,57956.0,57725.02,57931.44
1777880263,57931.44,57954.11,57764.48,57795.4
1777881163,57795.4,57906.96,57782.62,57896.94
1777882063,57896.94,58026.92,57839.34,57994.68
1777882963,57994.68,58056.83,57966.98,58032.61
1777883863,58032.61,58043.56,57952.93,57989.6
1777884763,57989.6,58030.85,57868.57,57933.95
1777885663,57933.95,57944.8,57830.72,57854.18
1777886563,57854.18,57909.89,57638.52,57684.31
1777887463,57684.31,57712.61,57672.09,57679.04
1777888363,57679.04,57752.07,57652.75,57738.2
1777889263,57738.2,57797.96,57710.31,57787.16
1777890163,57787.16,57806.04,57750.41,57767.05
1777891063,57767.05,57879.51,57742.51,57827.98
1777891963,57827.98,57966.67,57783.34,57927.68
1777892863,57927.68,57988.91,57915.17,57957.7
1777893763,57957.7,58035.56,57952.86,58032.32
1777894663,58032.32,58074.84,58001.11,58042.21
1777895563,58042.21,58061.06,57946.32,57996.83
1777896463,57996.83,58030.62,57874.98,57878.76
1777897363,57878.76,57901.87,57774.07,57860.76
1777898263,57860.76,57899.19,57756.34,57787.42
1777899163,57787.42,57797.01,57675.67,57724.93
1777900063,57724.93,57773.91,57720.55,57769.53
1777900963,57769.53,57787.62,57707.3,57736.88
1777901863,57736.88,57766.31,57728.81,57759.29
1777902763,57759.29,58030.96,57704.77,58012.45
1777903663,58012.45,58073.97,57996.93,58066.22
1777904563,58066.22,58083.16,57914.34,57920.17
1777905463,57920.17,58001.54,57914.51,57963.78
1777906363,57963.78,58062.98,57918.32,58042.0
1777907263,58042.0,58091.83,58023.97,58025.07
1777908163,58025.07,58089.23,57900.47,57971.86
1777909063,57971.86,57987.2,57919.65,57930.22
1777909963,57930.22,58038.08,57876.36,57962.69
1777910863,57962.69,58058.02,57960.01,57997.95
1777911763,57997.95,58054.58,57964.23,58053.81
1777912663,58053.81,58184.69,58038.59,58165.68
1777913563,58165.68,58232.78,58072.61,58091.52
1777914463,58091.52,58252.6,58070.03,58248.63
1777915363,58248.63,58358.23,58216.76,58319.68
1777916263,58319.68,58378.56,58228.82,58251.51
1777917163,58251.51,58281.01,58244.1,58274.02
1777918063,58274.02,58326.69,58269.26,58320.05
1777918963,58320.05,58431.68,58265.26,58424.91
1777919863,58424.91,58440.6,58416.14,58434.2
1777920763,58434.2,58613.99,58425.25,58611.54
1777921663,58611.54,58619.84,58474.97,58525.75
1777922563,58525.75,58545.32,58428.59,58478.48
1777923463,58478.48,58493.81,58461.32,58491.1
1777924363,58491.1,58532.38,58445.26,58504.64
1777925263,58504.64,58564.34,58409.53,58460.9
1777926163,58460.9,58525.26,58395.1,58513.65
1777927063,58513.65,58575.71,58453.86,58504.34
1777927963,58504.34,58590.39,58464.43,58536.6
1777928863,58536.6,58572.42,58449.68,58459.75
1777929763,58459.75,58557.29,58427.21,58515.8
1777930663,58515.8,58551.13,58378.77,58387.35
1777931563,58387.35,58411.19,58346.9,58375.81
1777932463,58375.81,58391.29,58174.99,58200.58
1777933363,58200.58,58318.59,58180.79,58299.75
1777934263,58299.75,58327.83,58277.08,58319.97
1777935163,58319.97,58422.53,58282.35,58409.61
1777936063,58409.61,58436.99,58378.41,58379.68
1777936963,58379.68,58380.74,58279.01,58314.68
1777937863,58314.68,58387.27,58259.92,58301.89
1777938763,58301.89,58361.15,58286.43,58312.14
1777939663,58312.14,58366.6,58303.43,58357.72
1777940563,58357.72,58417.74,58346.94,58382.44
1777941463,58382.44,58407.19,58354.48,58405.33
1777942363,58405.33,58456.81,58172.56,58190.29
1777943263,58190.29,58199.89,58118.26,58189.13
1777944163,58189.13,58241.84,58053.07,58079.48
1777945063,58079.48,58165.72,58060.86,58139.51
1777945963,58139.51,58176.44,57988.67,58005.34
1777946863,58005.34,58037.27,57924.66,57941.38
1777947763,57941.38,57966.2,57867.81,57899.82
1777948663,57899.82,57963.57,57873.23,57883.99
1777949563,57883.99,57936.93,57825.86,57907.54
1777950463,57907.54,58049.47,57907.48,58032.69
1777951363,58032.69,58137.45,58027.0,58134.85
1777952263,58134.85,58176.61,58120.69,58163.26
1777953163,58163.26,58215.36,58122.1,58195.72
1777954063,58195.72,58257.24,58128.8,58184.7
1777954963,58184.7,58361.7,58157.99,58320.32
1777955863,58320.32,58420.31,58292.79,58419.96
1777956763,58419.96,58634.9,58388.77,58625.96
1777957663,58625.96,58642.01,58589.69,58638.74
1777958563,58638.74,58678.21,58635.27,58637.4
1777959463,58637.4,58658.26,58588.62,58606.55
1777960363,58606.55,58639.26,58574.7,58612.84
1777961263,58612.84,58637.69,58520.33,58544.46
1777962163,58544.46,58647.53,58530.71,58633.79
1777963063,58633.79,58665.78,58548.65,58594.87
1777963963,58594.87,58628.87,58447.69,58473.3
1777964863,58473.3,58593.04,58451.91,58522.56
1777965763,58522.56,58524.59,58463.26,58482.35
1777966663,58482.35,58578.33,58477.43,58562.18
1777967563,58562.18,58573.11,58503.35,58516.79
1777968463,58516.79,58547.47,58364.25,58371.58
1777969363,58371.58,58404.61,58356.61,58398.73
1777970263,58398.73,58430.97,58324.21,58339.62
1777971163,58339.62,58342.2,58308.22,58319.47
1777972063,58319.47,58530.8,58317.02,58496.49
1777972963,58496.49,58511.69,58419.33,58440.71
1777973863,58440.71,58493.11,58414.48,58446.53
1777974763,58446.53,58542.49,58435.58,58495.88
1777975663,58495.88,58567.66,58473.62,58542.32
1777976563,58542.32,58580.58,58364.92,58428.77
1777977463,58428.77,58511.54,58416.91,58503.8
1777978363,58503.8,58600.17,58499.9,58557.1
1777979263,58557.1,58561.39,58518.79,58522.8
1777980163,58522.8,58587.9,58480.91,58559.32
1777981063,58559.32,58627.12,58502.15,58621.1
1777981963,58621.1,58626.06,58570.77,58587.59
1777982863,58587.59,58613.02,58579.71,58601.63
1777983763,58601.63,58626.52,58526.8,58572.88
1777984663,58572.88,58590.98,58493.93,58526.35
1777985563,58526.35,58535.34,58348.59,58384.79
1777986463,58384.79,58480.67,58294.56,58453.24
1777987363,58453.24,58454.4,58394.48,58398.21
1777988263,58398.21,58415.91,58380.48,58401.5
1777989163,58401.5,58515.94,58392.22,58491.86
1777990063,58491.86,58506.95,58476.51,58477.2
1777990963,58477.2,58482.39,58456.17,58474.2
1777991863,58474.2,58663.34,58431.42,58634.21
1777992763,58634.21,58692.0,58627.27,58635.77
1777993663,58635.77,58642.53,58457.18,58498.58
1777994563,58498.58,58510.6,58410.64,58470.06
1777995463,58470.06,58521.88,58445.58,58469.13
1777996363,58469.13,58544.49,58450.88,58527.19
1777997263,58527.19,58611.1,58520.16,58573.79
1777998163,58573.79,58581.06,58480.87,58490.23
1777999063,58490.23,58541.53,58467.65,58518.14
1777999963,58518.14,58571.96,58494.27,58543.74
1778000863,58543.74,58568.93,58536.09,58554.86
1778001763,58554.86,58588.58,58348.13,58367.49
1778002663,58367.49,58517.03,58317.02,58471.15
1778003563,58471.15,58609.52,58452.66,58556.61
1778004463,58556.61,58579.46,58441.46,58465.4
1778005363,58465.4,58470.33,58443.43,58456.01
1778006263,58456.01,58561.15,58426.96,58521.79
1778007163,58521.79,58643.95,58500.34,58586.63
1778008063,58586.63,58589.53,58565.21,58572.1
1778008963,58572.1,58575.22,58527.14,58527.18
1778009863,58527.18,58668.91,58508.11,58649.49
1778010763,58649.49,58697.89,58599.65,58636.69
1778011663,58636.69,58750.77,58627.95,58749.75
1778012563,58749.75,58795.67,58712.93,58794.34
1778013463,58794.34,58853.21,58759.36,58806.23
1778014363,58806.23,58822.65,58739.54,58766.09
1778015263,58766.09,58801.27,58757.01,58784.21
1778016163,58784.21,58814.57,58637.19,58649.76
1778017063,58649.76,58656.52,58544.36,58566.58
1778017963,58566.58,58620.74,58421.89,58445.91
1778018863,58445.91,58525.16,58398.23,58490.85
1778019763,58490.85,58554.27,58384.42,58385.05
1778020663,58385.05,58440.07,58292.42,58308.17
1778021563,58308.17,58490.47,58280.86,58448.9
1778022463,58448.9,58450.41,58278.05,58335.39
1778023363,58335.39,58378.07,58171.65,58197.6
1778024263,58197.6,58221.84,58175.87,58203.23
1778025163,58203.23,58293.71,58178.21,58220.12
1778026063,58220.12,58437.98,58203.78,58387.07
1778026963,58387.07,58502.0,58367.63,58496.86
1778027863,58496.86,58554.21,58466.47,58513.59
1778028763,58513.59,58651.46,58509.53,58571.81
1778029663,58571.81,58587.46,58537.84,58541.74
1778030563,58541.74,58573.23,58399.78,58413.01
1778031463,58413.01,58462.26,58372.15,58377.74
1778032363,58377.74,58410.65,58361.85,58371.94
1778033263,58371.94,58400.58,58247.26,58284.6
1778034163,58284.6,58364.5,58255.76,58337.33
1778035063,58337.33,58510.98,58323.93,58508.45
1778035963,58508.45,58521.83,58480.23,58499.7
1778036863,58499.7,58555.35,58467.85,58513.89
1778037763,58513.89,58559.82,58495.99,58531.7
1778038663,58531.7,58531.99,58462.26,58492.97
1778039563,58492.97,58518.99,58442.99,58477.31
1778040463,58477.31,58483.76,58402.12,58412.12
1778041363,58412.12,58453.48,58287.79,58369.68
1778042263,58369.68,58405.06,58347.42,58389.64
1778043163,58389.64,58467.24,58380.89,58438.25
1778044063,58438.25,58450.44,58374.79,58401.63
1778044963,58401.63,58423.65,58310.51,58325.31
1778045863,58325.31,58396.63,58272.65,58356.8
1778046763,58356.8,58370.72,58240.97,58263.7
1778047663,58263.7,58290.53,58165.42,58168.22
1778048563,58168.22,58191.92,58151.8,58160.44
1778049463,58160.44,58309.67,58136.98,58264.54
1778050363,58264.54,58323.86,58256.61,58273.43
1778051263,58273.43,58294.48,58171.67,58182.49
1778052163,58182.49,58221.01,58166.09,58181.95
1778053063,58181.95,58185.71,58041.47,58079.58
1778053963,58079.58,58095.45,58001.85,58044.25
1778054863,58044.25,58072.18,58013.13,58041.95
1778055763,58041.95,58051.79,57965.12,57971.76
1778056663,57971.76,57974.83,57809.2,57827.85
1778057563,57827.85,57853.25,57659.33,57681.03
1778058463,57681.03,57713.26,57633.74,57659.56
1778059363,57659.56,57691.4,57610.61,57634.15
1778060263,57634.15,57661.11,57596.11,57647.8
1778061163,57647.8,57765.09,57642.85,57742.06
1778062063,57742.06,57790.74,57663.44,57684.88
1778062963,57684.88,57805.11,57627.39,57783.92
1778063863,57783.92,57800.2,57716.05,57761.23
1778064763,57761.23,57769.69,57545.44,57559.55
1778065663,57559.55,57567.29,57471.72,57481.82
1778066563,57481.82,57640.22,57460.27,57586.99
1778067463,57586.99,57663.1,57586.39,57629.61
1778068363,57629.61,57726.66,57628.63,57726.53
1778069263,57726.53,57828.67,57710.17,57801.39
1778070163,57801.39,57944.78,57792.58,57911.49
1778071063,57911.49,57943.92,57858.33,57861.63
1778071963,57861.63,58024.86,57852.3,57968.83
1778072863,57968.83,57983.02,57917.53,57967.29
1778073763,57967.29,58157.2,57950.28,58155.76
1778074663,58155.76,58305.44,58147.72,58292.33
1778075563,58292.33,58302.8,58235.65,58279.69
1778076463,58279.69,58329.47,58221.55,58254.54
1778077363,58254.54,58343.27,58224.98,58315.71
1778078263,58315.71,58320.14,58278.9,58306.56
1778079163,58306.56,58316.74,58254.69,58291.64
1778080063,58291.64,58316.74,58256.97,58297.29
1778080963,58297.29,58386.38,58221.44,58335.07
1778081863,58335.07,58351.21,58206.25,58240.54
1778082763,58240.54,58241.62,58233.16,58239.02
1778083663,58239.02,58328.54,58202.04,58305.59
1778084563,58305.59,58378.7,58302.39,58364.36
1778085463,58364.36,58396.12,58352.61,58364.42
1778086363,58364.42,58372.46,58271.26,58338.03
1778087263,58338.03,58412.73,58241.76,58269.1
1778088163,58269.1,58381.49,58259.83,58348.24
1778089063,58348.24,58412.55,58182.83,58247.22
1778089963,58247.22,58259.34,58154.55,58180.94
1778090863,58180.94,58188.94,58141.15,58173.89
1778091763,58173.89,58330.73,58129.77,58281.83
1778092663,58281.83,58302.5,58190.42,58216.28
1778093563,58216.28,58242.79,58207.79,58226.01
1778094463,58226.01,58279.95,58205.15,58272.86
1778095363,58272.86,58282.04,58185.82,58227.43
1778096263,58227.43,58254.67,58146.59,58181.25
1778097163,58181.25,58228.07,58177.6,58198.53
1778098063,58198.53,58210.19,58062.49,58081.02
1778098963,58081.02,58198.44,58065.24,58176.95
1778099863,58176.95,58331.4,58174.5,58299.56
1778100763,58299.56,58412.81,58297.39,58356.34
1778101663,58356.34,58425.71,58353.53,58421.0
1778102563,58421.0,58449.32,58316.63,58365.37
1778103463,58365.37,58393.4,58363.68,58387.36
1778104363,58387.36,58426.88,58246.46,58307.37
1778105263,58307.37,58339.34,58300.42,58334.58
1778106163,58334.58,58372.56,58226.13,58246.04
1778107063,58246.04,58270.91,58157.85,58186.31
1778107963,58186.31,58337.86,58177.84,58301.14
1778108863,58301.14,58330.49,58281.74,58302.82
1778109763,58302.82,58428.36,58296.69,58411.05
1778110663,58411.05,58424.01,58340.58,58352.16
1778111563,58352.16,58358.17,58259.9,58285.17
1778112463,58285.17,58331.15,58088.58,58102.06
1778113363,58102.06,58179.4,58096.45,58169.78
1778114263,58169.78,58178.2,58150.74,58156.3
1778115163,58156.3,58161.06,58123.98,58136.34
1778116063,58136.34,58144.55,58021.16,58071.38
1778116963,58071.38,58113.67,58049.83,58095.52
1778117863,58095.52,58174.8,58046.86,58149.82
1778118763,58149.82,58151.45,58111.43,58125.97
1778119663,58125.97,58180.16,58110.26,58147.81
1778120563,58147.81,58214.27,58111.15,58200.86
1778121463,58200.86,58245.08,58184.41,58221.52
1778122363,58221.52,58238.89,58160.11,58190.19
1778123263,58190.19,58194.74,58119.89,58134.78
1778124163,58134.78,58220.14,58108.43,58174.38
1778125063,58174.38,58194.94,58110.62,58152.02
1778125963,58152.02,58183.45,58007.08,58010.97
1778126863,58010.97,58107.14,57992.8,58099.21
1778127763,58099.21,58108.87,58082.57,58088.4
1778128663,58088.4,58146.57,58084.27,58113.59
1778129563,58113.59,58130.26,58085.24,58115.32
1778130463,58115.32,58125.19,58090.16,58103.73
1778131363,58103.73,58191.81,58078.67,58182.66
1778132263,58182.66,58240.75,58081.02,58085.56
1778133163,58085.56,58097.9,57960.78,57994.52
1778134063,57994.52,58100.43,57969.88,58077.39
1778134963,58077.39,58154.68,58074.01,58129.95
1778135863,58129.95,58219.55,58126.94,58193.83
1778136763,58193.83,58206.78,58095.38,58107.7
1778137663,58107.7,58183.66,58083.98,58146.38
1778138563,58146.38,58181.41,58117.21,58173.9
1778139463,58173.9,58194.45,58052.32,58084.65
1778140363,58084.65,58157.12,57978.0,58012.1
1778141263,58012.1,58046.63,57905.23,57952.46
1778142163,57952.46,57957.89,57874.58,57888.17
1778143063,57888.17,57895.85,57749.52,57788.58
1778143963,57788.58,57823.42,57784.3,57801.94
1778144863,57801.94,57935.8,57777.78,57916.03
1778145763,57916.03,58052.82,57908.32,58023.01
1778146663,58023.01,58032.0,57839.2,57851.25
1778147563,57851.25,57921.8,57781.54,57909.88
1778148463,57909.88,57945.88,57909.44,57921.02
1778149363,57921.02,57944.22,57706.8,57748.99
1778150263,57748.99,57765.01,57617.54,57674.48
1778151163,57674.48,57702.69,57556.87,57613.21
1778152063,57613.21,57654.77,57532.46,57553.55
1778152963,57553.55,57678.98,57536.95,57632.47
1778153863,57632.47,57654.89,57612.39,57646.75
1778154763,57646.75,57756.46,57622.31,57714.42
1778155663,57714.42,57754.96,57549.97,57582.39
1778156563,57582.39,57593.17,57433.53,57456.42
1778157463,57456.42,57467.19,57318.37,57345.84
1778158363,57345.84,57350.29,57295.07,57297.59
1778159263,57297.59,57332.46,57224.15,57247.85
1778160163,57247.85,57494.42,57223.13,57445.57
1778161063,57445.57,57532.62,57436.01,57480.9
1778161963,57480.9,57596.68,57454.9,57571.06
1778162863,57571.06,57594.12,57453.68,57495.54
1778163763,57495.54,57572.99,57479.82,57559.68
1778164663,57559.68,57560.56,57417.52,57426.11
1778165563,57426.11,57445.73,57383.01,57394.1
1778166463,57394.1,57489.86,57370.75,57486.81
1778167363,57486.81,57520.84,57451.62,57471.33
1778168263,57471.33,57488.53,57459.11,57484.36
1778169163,57484.36,57522.98,57329.0,57372.01
1778170063,57372.01,57397.65,57216.92,57233.21
1778170963,57233.21,57258.75,57144.58,57158.01
1778171863,57158.01,57301.04,57122.6,57253.27
1778172763,57253.27,57262.86,57152.79,57204.86
1778173663,57204.86,57362.15,57191.13,57332.1
1778174563,57332.1,57419.84,57281.82,57419.57
1778175463,57419.57,57430.55,57284.56,57289.82
1778176363,57289.82,57304.97,57129.45,57171.69
1778177263,57171.69,57309.0,57155.63,57302.8
1778178163,57302.8,57347.73,57300.6,57343.98
1778179063,57343.98,57448.86,57291.73,57439.32
1778179963,57439.32,57454.58,57214.08,57254.56
1778180863,57254.56,57268.55,57236.9,57238.37
1778181763,57238.37,57272.77,57201.79,57215.18
1778182663,57215.18,57328.75,57185.82,57281.18
1778183563,57281.18,57306.96,57173.91,57181.0
1778184463,57181.0,57247.4,57176.5,57229.99
1778185363,57229.99,57254.91,57165.25,57176.91
1778186263,57176.91,57226.79,57101.77,57131.05
1778187163,57131.05,57187.31,57092.59,57132.92
1778188063,57132.92,57262.5,57092.41,57240.66
1778188963,57240.66,57259.34,57225.54,57234.1
1778189863,57234.1,57281.29,57222.18,57239.68
1778190763,57239.68,57318.18,57109.42,57131.98
1778191663,57131.98,57292.33,57106.02,57283.89
1778192563,57283.89,57347.91,57274.85,57316.36
1778193463,57316.36,57362.54,57280.71,57319.05
1778194363,57319.05,57321.35,57170.67,57205.28
1778195263,57205.28,57259.67,57195.34,57234.2
1778196163,57234.2,57241.68,57179.4,57208.42
1778197063,57208.42,57216.4,57174.42,57198.22
1778197963,57198.22,57271.49,57163.67,57269.31
1778198863,57269.31,57285.08,57087.57,57117.74
1778199763,57117.74,57120.62,57065.43,57094.53
1778200663,57094.53,57273.67,57084.37,57271.71
1778201563,57271.71,57381.5,57255.72,57364.96
1778202463,57364.96,57498.07,57358.14,57478.46
1778203363,57478.46,57579.05,57409.26,57489.65
1778204263,57489.65,57507.02,57286.73,57300.2
1778205163,57300.2,57354.22,57247.44,57259.67
1778206063,57259.67,57346.39,57251.68,57331.4
1778206963,57331.4,57556.09,57329.5,57548.02
1778207863,57548.02,57581.01,57443.73,57499.13
1778208763,57499.13,57684.09,57498.26,57667.46
1778209663,57667.46,57682.65,57561.39,57594.11
1778210563,57594.11,57628.12,57529.93,57555.45
1778211463,57555.45,57584.96,57477.43,57516.25
1778212363,57516.25,57560.93,57468.12,57497.26
1778213263,57497.26,57608.5,57489.17,57591.02
1778214163,57591.02,57614.3,57579.3,57579.99
1778215063,57579.99,57653.87,57553.09,57586.92
1778215963,57586.92,57587.82,57498.13,57500.51
1778216863,57500.51,57575.9,57498.45,57544.31
1778217763,57544.31,57569.26,57458.31,57479.94
1778218663,57479.94,57506.08,57457.13,57471.3
1778219563,57471.3,57486.43,57407.3,57461.83
1778220463,57461.83,57509.42,57449.16,57472.37
1778221363,57472.37,57505.3,57443.53,57445.4
1778222263,57445.4,57462.09,57392.17,57458.07
1778223163,57458.07,57542.34,57407.27,57428.99
1778224063,57428.99,57510.53,57399.43,57461.52
1778224963,57461.52,57469.73,57285.41,57335.85
1778225863,57335.85,57408.05,57326.64,57402.45
1778226763,57402.45,57504.82,57400.89,57493.93
1778227663,57493.93,57495.5,57346.52,57393.15
1778228563,57393.15,57460.19,57388.09,57439.52
1778229463,57439.52,57478.08,57437.26,57447.68
1778230363,57447.68,57454.07,57348.75,57360.48
1778231263,57360.48,57400.52,57327.81,57338.34
1778232163,57338.34,57357.08,57305.18,57311.08
1778233063,57311.08,57439.91,57292.17,57385.73
1778233963,57385.73,57396.88,57364.36,57375.89
1778234863,57375.89,57393.95,57348.83,57371.49
1778235763,57371.49,57397.1,57356.31,57386.82
1778236663,57386.82,57549.27,57349.95,57502.86
1778237563,57502.86,57523.51,57394.02,57420.27
1778238463,57420.27,57557.21,57410.9,57554.88
1778239363,57554.88,57582.78,57512.21,57565.93
1778240263,57565.93,57619.99,57549.7,57599.71
1778241163,57599.71,57635.78,57543.15,57580.97
1778242063,57580.97,57678.97,57548.9,57642.63
1778242963,57642.63,57686.37,57633.51,57676.17
1778243863,57676.17,57688.69,57646.32,57646.47
1778244763,57646.47,57685.46,57537.66,57546.22
1778245663,57546.22,57580.12,57534.89,57537.89
1778246563,57537.89,57563.92,57280.4,57309.72
1778247463,57309.72,57341.76,57278.75,57323.77
1778248363,57323.77,57372.94,57307.8,57367.92
1778249263,57367.92,57390.73,57319.14,57352.45
1778250163,57352.45,57359.47,57248.56,57279.03
1778251063,57279.03,57431.36,57260.44,57396.04
1778251963,57396.04,57436.3,57374.59,57412.71
1778252863,57412.71,57432.0,57374.56,57391.41
1778253763,57391.41,57435.82,57364.11,57398.56
1778254663,57398.56,57549.95,57393.9,57488.65
1778255563,57488.65,57549.3,57459.45,57506.08
1778256463,57506.08,57583.7,57492.19,57520.47
1778257363,57520.47,57560.55,57511.88,57542.66
1778258263,57542.66,57655.19,57509.18,57644.94
1778259163,57644.94,57656.4,57640.4,57650.54
1778260063,57650.54,57712.48,57623.66,57699.79
1778260963,57699.79,57830.33,57698.32,57823.61
1778261863,57823.61,57833.57,57673.83,57716.26
1778262763,57716.26,57819.64,57709.17,57787.54
1778263663,57787.54,57820.29,57759.12,57808.1
1778264563,57808.1,57842.7,57779.19,57788.36
1778265463,57788.36,57904.76,57769.15,57875.73
1778266363,57875.73,57932.34,57867.0,57877.14
1778267263,57877.14,57939.13,57796.83,57804.1
1778268163,57804.1,57833.02,57567.46,57673.57
1778269063,57673.57,57722.32,57646.07,57710.67
1778269963,57710.67,57713.99,57516.94,57517.49
1778270863,57517.49,57539.95,57436.54,57514.91
1778271763,57514.91,57611.38,57469.79,57588.37
1778272663,57588.37,57639.16,57535.1,57550.73
1778273563,57550.73,57577.46,57487.27,57521.39
1778274463,57521.39,57596.94,57512.6,57594.29
1778275363,57594.29,57698.73,57577.7,57698.17
1778276263,57698.17,57768.19,57672.77,57677.64
1778277163,57677.64,57696.59,57520.03,57572.58
1778278063,57572.58,57631.95,57554.95,57599.44
1778278963,57599.44,57704.76,57581.04,57699.82
1778279863,57699.82,57721.57,57596.46,57652.79
1778280763,57652.79,57765.96,57650.53,57754.01
1778281663,57754.01,57765.89,57608.45,57609.69
1778282563,57609.69,57625.5,57589.38,57592.32
1778283463,57592.32,57752.33,57568.66,57734.3
1778284363,57734.3,57817.77,57728.96,57811.48
1778285263,57811.48,57918.06,57754.03,57893.86
1778286163,57893.86,58087.29,57878.23,58021.32
1778287063,58021.32,58172.43,57991.75,58143.09
1778287963,58143.09,58144.24,58098.01,58122.58
1778288863,58122.58,58145.67,58015.56,58044.89
1778289763,58044.89,58147.5,58017.94,58092.07
1778290663,58092.07,58216.49,58068.68,58211.05
1778291563,58211.05,58340.45,58210.69,58274.93
1778292463,58274.93,58274.96,58205.26,58211.57
1778293363,58211.57,58216.49,58179.35,58216.33
1778294263,58216.33,58284.93,58081.61,58095.91
1778295163,58095.91,58120.3,58085.24,58090.29
1778296063,58090.29,58127.44,58082.02,58114.39
1778296963,58114.39,58163.89,58086.49,58123.57
1778297863,58123.57,58209.57,58115.25,58140.03
1778298763,58140.03,58152.33,57911.03,57950.2
1778299663,57950.2,57965.77,57936.4,57945.05
1778300563,57945.05,58016.85,57907.92,58012.27
1778301463,58012.27,58013.74,57940.9,57948.86
1778302363,57948.86,57960.57,57923.28,57941.15
1778303263,57941.15,58028.07,57938.21,58021.43
1778304163,58021.43,58073.31,58017.34,58072.38
1778305063,58072.38,58123.87,58070.95,58116.58
1778305963,58116.58,58132.34,58017.22,58023.6
1778306863,58023.6,58201.47,58003.1,58195.56
1778307763,58195.56,58198.21,58185.13,58196.07
1778308663,58196.07,58296.36,58195.86,58292.23
1778309563,58292.23,58365.44,58262.5,58358.67
1778310463,58358.67,58375.82,58322.53,58361.28
1778311363,58361.28,58411.07,58338.6,58364.21
1778312263,58364.21,58404.96,58324.87,58404.89
1778313163,58404.89,58576.22,58394.07,58502.31
1778314063,58502.31,58572.66,58501.52,58548.79
1778314963,58548.79,58555.81,58421.51,58436.34
1778315863,58436.34,58438.77,58248.07,58250.02
1778316763,58250.02,58300.67,58134.19,58144.49
1778317663,58144.49,58193.21,58103.42,58125.38
1778318563,58125.38,58172.47,58059.25,58071.9
1778319463,58071.9,58157.55,57928.99,57997.37
1778320363,57997.37,58022.65,57911.24,57939.33
1778321263,57939.33,57942.23,57877.7,57878.01
1778322163,57878.01,57952.39,57851.83,57903.79
1778323063,57903.79,58004.82,57894.69,57998.6
1778323963,57998.6,58008.54,57933.95,57943.14
1778324863,57943.14,58107.78,57931.43,58043.91
1778325763,58043.91,58081.14,58026.22,58061.73
1778326663,58061.73,58094.25,57992.49,58008.33
1778327563,58008.33,58104.28,58007.93,58053.66
1778328463,58053.66,58126.55,58034.52,58120.58
1778329363,58120.58,58124.16,58053.66,58111.77
1778330263,58111.77,58189.68,58101.83,58187.53
1778331163,58187.53,58246.73,58183.68,58240.41
1778332063,58240.41,58305.15,58139.17,58156.97
1778332963,58156.97,58197.71,58096.01,58119.08
1778333863,58119.08,58198.8,58113.14,58174.63
1778334763,58174.63,58211.21,58168.75,58195.96
1778335663,58195.96,58322.36,58178.64,58289.82
1778336563,58289.82,58302.58,58170.21,58173.41
1778337463,58173.41,58176.38,57972.81,57993.49
1778338363,57993.49,58035.58,57885.72,57914.9
1778339263,57914.9,57962.87,57902.12,57959.48
1778340163,57959.48,57994.18,57924.72,57931.54
1778341063,57931.54,57997.93,57924.2,57987.97
1778341963,57987.97,58035.91,57922.38,58026.53
1778342863,58026.53,58041.43,57964.66,57992.46
1778343763,57992.46,58191.63,57894.83,58174.44
1778344663,58174.44,58243.62,58167.23,58240.89
1778345563,58240.89,58280.9,58168.03,58270.95
1778346463,58270.95,58279.55,58159.28,58202.84
1778347363,58202.84,58241.91,58149.98,58165.94
1778348263,58165.94,58294.15,58162.71,58214.96
1778349163,58214.96,58259.53,58160.34,58227.49
1778350063,58227.49,58247.78,58209.45,58242.77
1778350963,58242.77,58283.36,58231.98,58253.63
1778351863,58253.63,58288.9,58219.85,58287.03
1778352763,58287.03,58294.14,58248.44,58250.35
1778353663,58250.35,58299.3,58189.65,58228.33
1778354563,58228.33,58467.33,58193.29,58433.23
1778355463,58433.23,58522.87,58424.05,58508.53
1778356363,58508.53,58555.1,58489.1,58541.87
1778357263,58541.87,58547.73,58434.22,58465.99
1778358163,58465.99,58467.38,58444.61,58467.19
1778359063,58467.19,58592.02,58424.2,58534.01
1778359963,58534.01,58552.34,58420.08,58464.69
1778360863,58464.69,58536.54,58457.34,58531.84
1778361763,58531.84,58654.57,58499.02,58571.98
1778362663,58571.98,58632.7,58568.89,58612.41
1778363563,58612.41,58631.85,58577.6,58596.33
1778364463,58596.33,58691.85,58594.62,58690.33
1778365363,58690.33,58703.92,58531.49,58578.23
1778366263,58578.23,58579.11,58529.23,58532.87
1778367163,58532.87,58665.43,58516.42,58634.68
1778368063,58634.68,58644.48,58546.66,58593.6
1778368963,58593.6,58593.65,58528.64,58544.23
1778369863,58544.23,58563.18,58283.64,58353.16
1778370763,58353.16,58556.44,58349.73,58498.38
1778371663,58498.38,58526.83,58448.04,58475.61
1778372563,58475.61,58589.36,58465.48,58575.38
1778373463,58575.38,58795.03,58535.13,58732.34
1778374363,58732.34,58830.34,58664.73,58702.17
1778375263,58702.17,58779.9,58687.44,58753.97
1778376163,58753.97,58778.21,58680.37,58704.17
1778377063,58704.17,58799.64,58666.4,58760.88
1778377963,58760.88,58766.16,58700.76,58707.01
1778378863,58707.01,58747.2,58671.73,58744.94
1778379763,58744.94,58770.21,58736.22,58738.87
1778380663,58738.87,58792.03,58702.85,58774.61
1778381563,58774.61,58783.72,58640.37,58664.41
1778382463,58664.41,58688.29,58537.35,58549.8
1778383363,58549.8,58591.46,58541.62,58581.63
1778384263,58581.63,58634.05,58580.77,58603.14
1778385163,58603.14,58751.56,58581.01,58734.1
1778386063,58734.1,58742.46,58647.0,58690.28
1778386963,58690.28,58694.32,58644.05,58668.18
1778387863,58668.18,58771.51,58630.17,58725.0
1778388763,58725.0,58819.47,58724.14,58799.7
1778389663,58799.7,58811.21,58704.05,58706.13
1778390563,58706.13,58718.12,58687.05,58707.42
1778391463,58707.42,58770.55,58698.85,58725.98
1778392363,58725.98,58761.67,58593.54,58634.54
1778393263,58634.54,58670.82,58609.41,58618.6
1778394163,58618.6,58852.41,58596.89,58760.33
1778395063,58760.33,58794.1,58569.82,58627.54
1778395963,58627.54,58683.67,58541.23,58645.31
1778396863,58645.31,58681.19,58626.64,58665.02
1778397763,58665.02,58678.47,58596.98,58617.17
1778398663,58617.17,58651.96,58607.34,58633.71
1778399563,58633.71,58654.8,58588.25,58603.28
1778400463,58603.28,58640.01,58527.12,58599.57
1778401363,58599.57,58618.46,58599.28,58604.66
1778402263,58604.66,58665.04,58517.69,58584.3
1778403163,58584.3,58743.95,58573.99,58740.79
1778404063,58740.79,58754.2,58675.72,58728.89
1778404963,58728.89,58825.64,58682.7,58778.21
1778405863,58778.21,58815.16,58766.69,58811.19
1778406763,58811.19,59014.31,58746.06,58997.52
1778407663,58997.52,58999.88,58922.23,58958.15
1778408563,58958.15,59034.97,58918.11,59034.35
1778409463,59034.35,59043.43,58875.65,58920.63
1778410363,58920.63,59025.06,58894.69,58991.61
1778411263,58991.61,59036.07,58847.26,58851.98
1778412163,58851.98,58868.78,58624.67,58662.68
1778413063,58662.68,58672.58,58649.03,58662.88
1778413963,58662.88,58697.54,58614.74,58661.21
1778414863,58661.21,58703.24,58550.24,58563.79
1778415763,58563.79,58646.04,58562.89,58630.87
1778416663,58630.87,58685.24,58624.75,58654.28
1778417563,58654.28,58752.98,58648.1,58751.24
1778418463,58751.24,58859.55,58725.61,58841.63
1778419363,58841.63,58844.11,58705.05,58705.4
1778420263,58705.4,58789.37,58702.28,58763.73
1778421163,58763.73,58834.64,58622.76,58637.24
1778422063,58637.24,58656.47,58631.9,58652.11
1778422963,58652.11,58713.35,58561.6,58615.99
1778423863,58615.99,58763.99,58588.63,58711.53
1778424763,58711.53,58787.33,58517.32,58564.15
1778425663,58564.15,58598.98,58548.91,58563.38
1778426563,58563.38,58611.3,58545.14,58599.91
1778427463,58599.91,58610.05,58478.99,58521.02
1778428363,58521.02,58574.65,58388.77,58391.12
1778429263,58391.12,58404.2,58270.56,58276.58
1778430163,58276.58,58312.58,58153.53,58201.86
1778431063,58201.86,58201.88,58162.16,58188.08
1778431963,58188.08,58202.46,58039.51,58091.24
1778432863,58091.24,58245.44,58073.84,58199.44
1778433763,58199.44,58212.88,58162.1,58188.77
1778434663,58188.77,58457.23,58148.03,58434.75
1778435563,58434.75,58489.85,58334.74,58353.21
1778436463,58353.21,58397.59,58292.61,58346.08
1778437363,58346.08,58375.66,58320.43,58364.03
1778438263,58364.03,58381.75,58249.56,58251.06
1778439163,58251.06,58431.3,58236.42,58406.76
1778440063,58406.76,58468.23,58388.69,58405.28
1778440963,58405.28,58465.29,58348.2,58460.18
1778441863,58460.18,58612.05,58458.03,58577.7
1778442763,58577.7,58601.45,58568.49,58582.56
1778443663,58582.56,58645.55,58394.7,58436.37
1778444563,58436.37,58443.07,58341.03,58404.08
1778445463,58404.08,58538.72,58390.57,58490.19
1778446363,58490.19,58534.02,58331.16,58372.31
1778447263,58372.31,58383.95,58292.24,58314.05
1778448163,58314.05,58314.84,58235.13,58239.36
1778449063,58239.36,58376.83,58195.3,58351.25
1778449963,58351.25,58361.5,58241.04,58265.12
1778450863,58265.12,58287.95,58257.31,58271.16
1778451763,58271.16,58322.07,58266.92,58293.81
1778452663,58293.81,58365.04,58274.84,58329.58
1778453563,58329.58,58377.64,58307.69,58372.45
1778454463,58372.45,58433.55,58265.66,58279.84
1778455363,58279.84,58292.48,58231.46,58235.56
1778456263,58235.56,58284.94,58149.95,58167.58
1778457163,58167.58,58190.83,58123.49,58123.69
1778458063,58123.69,58217.92,58106.68,58216.53
1778458963,58216.53,58284.02,58085.91,58120.57
1778459863,58120.57,58141.01,58069.16,58094.91
1778460763,58094.91,58220.33,58087.45,58207.82
1778461663,58207.82,58211.23,58144.08,58177.26
1778462563,58177.26,58212.25,58162.19,58206.59
1778463463,58206.59,58234.57,58079.02,58092.68
1778464363,58092.68,58104.48,58079.44,58093.2
1778465263,58093.2,58196.73,58088.92,58162.71
1778466163,58162.71,58183.63,58011.76,58016.87
1778467063,58016.87,58028.46,57975.21,57982.55
1778467963,57982.55,57989.38,57807.73,57899.31
1778468863,57899.31,57941.88,57883.21,57910.72
1778469763,57910.72,57941.35,57885.52,57921.01
1778470663,57921.01,57977.65,57905.44,57974.19
1778471563,57974.19,58009.23,57853.63,57895.1
1778472463,57895.1,57932.13,57844.98,57897.8
1778473363,57897.8,57945.51,57887.85,57893.52
1778474263,57893.52,57946.7,57885.96,57912.82
1778475163,57912.82,57985.9,57910.89,57966.77
1778476063,57966.77,57986.51,57808.83,57827.94
1778476963,57827.94,57842.91,57718.52,57748.21
1778477863,57748.21,57767.65,57723.31,57758.94
1778478763,57758.94,57762.82,57701.58,57731.38
1778479663,57731.38,57746.22,57494.15,57509.24
1778480563,57509.24,57534.46,57474.84,57477.41
1778481463,57477.41,57565.89,57477.39,57557.07
1778482363,57557.07,57585.33,57533.16,57568.57
1778483263,57568.57,57625.97,57516.7,57593.0
1778484163,57593.0,57662.91,57566.75,57655.56
1778485063,57655.56,57733.04,57599.66,57625.0
1778485963,57625.0,57699.86,57593.82,57673.52
1778486863,57673.52,57729.26,57663.55,57693.19
1778487763,57693.19,57717.12,57524.3,57543.44
1778488663,57543.44,57549.99,57528.5,57534.09
1778489563,57534.09,57742.29,57529.71,57712.62
1778490463,57712.62,57729.5,57673.22,57691.24
1778491363,57691.24,57695.23,57537.62,57560.54
1778492263,57560.54,57566.13,57493.98,57550.17
1778493163,57550.17,57554.86,57492.91,57526.6
1778494063,57526.6,57549.78,57384.52,57410.27
1778494963,57410.27,57429.54,57366.0,57391.25
1778495863,57391.25,57395.25,57375.1,57390.76
1778496763,57390.76,57514.24,57361.22,57499.95
1778497663,57499.95,57535.16,57466.1,57492.12
1778498563,57492.12,57504.32,57408.95,57428.45
1778499463,57428.45,57433.13,57396.95,57398.96
1778500363,57398.96,57416.88,57348.76,57380.79
1778501263,57380.79,57426.36,57373.23,57411.23
1778502163,57411.23,57507.11,57383.0,57489.87
1778503063,57489.87,57507.61,57457.63,57497.48
1778503963,57497.48,57677.47,57486.3,57669.04
1778504863,57669.04,57736.98,57648.03,57680.1
1778505763,57680.1,57721.01,57575.84,57578.39
1778506663,57578.39,57618.43,57551.66,57615.64
1778507563,57615.64,57769.18,57563.67,57735.09
1778508463,57735.09,57752.95,57673.39,57689.28
1778509363,57689.28,57696.55,57617.24,57619.78
1778510263,57619.78,57649.14,57584.65,57636.61
1778511163,57636.61,57700.11,57579.61,57684.45
1778512063,57684.45,57699.53,57671.3,57692.89
1778512963,57692.89,57805.42,57683.48,57767.68
1778513863,57767.68,57771.8,57710.13,57733.53
1778514763,57733.53,57743.82,57703.99,57725.37
1778515663,57725.37,57748.14,57667.5,57738.81
1778516563,57738.81,57798.04,57673.52,57692.53
1778517463,57692.53,57770.85,57688.28,57703.27
1778518363,57703.27,57732.2,57657.54,57672.54
1778519263,57672.54,57764.19,57644.27,57702.4
1778520163,57702.4,57707.51,57508.13,57527.41
1778521063,57527.41,57640.2,57500.28,57587.96
1778521963,57587.96,57766.31,57573.02,57751.04
1778522863,57751.04,57896.82,57738.04,57861.24
1778523763,57861.24,57993.97,57832.32,57915.81
1778524663,57915.81,57924.52,57909.13,57922.95
1778525563,57922.95,58027.02,57872.62,58024.31
1778526463,58024.31,58033.78,57981.0,58011.42
1778527363,58011.42,58078.35,57878.83,57936.17
1778528263,57936.17,57977.58,57871.95,57879.87
1778529163,57879.87,58019.29,57846.46,57986.8
1778530063,57986.8,58081.85,57974.42,58079.94
1778530963,58079.94,58091.8,58062.04,58071.26
1778531863,58071.26,58089.27,57937.14,58014.96
1778532763,58014.96,58108.46,58002.67,58079.17
1778533663,58079.17,58161.59,58052.82,58139.02
1778534563,58139.02,58186.75,58122.95,58177.76
1778535463,58177.76,58272.81,58150.44,58243.94
1778536363,58243.94,58471.57,58231.57,58451.56
1778537263,58451.56,58491.42,58403.3,58450.84
1778538163,58450.84,58507.29,58449.49,58469.6
1778539063,58469.6,58471.73,58466.62,58467.71
1778539963,58467.71,58469.0,58154.91,58212.98
1778540863,58212.98,58238.15,58165.55,58236.92
1778541763,58236.92,58305.66,58190.95,58245.06
1778542663,58245.06,58338.65,58219.07,58305.21
1778543563,58305.21,58466.75,58275.77,58423.95
1778544463,58423.95,58600.62,58423.38,58579.42
1778545363,58579.42,58602.17,58540.38,58599.95
1778546263,58599.95,58660.37,58577.61,58655.75
1778547163,58655.75,58662.97,58592.68,58611.75
1778548063,58611.75,58660.95,58606.34,58660.2
1778548963,58660.2,58702.05,58599.5,58678.2
1778549863,58678.2,58729.14,58663.68,58703.24
1778550763,58703.24,58719.34,58682.48,58696.72
1778551663,58696.72,58719.54,58646.53,58659.35
1778552563,58659.35,58663.94,58461.85,58492.07
1778553463,58492.07,58493.1,58347.43,58390.39
1778554363,58390.39,58395.51,58325.8,58344.81
1778555263,58344.81,58372.62,58314.19,58353.25
1778556163,58353.25,58500.0,58342.19,58485.92
1778557063,58485.92,58487.52,58450.35,58477.27
1778557963,58477.27,58478.07,58422.79,58460.08
1778558863,58460.08,58472.2,58409.08,58435.04
1778559763,58435.04,58435.26,58299.09,58312.15
1778560663,58312.15,58339.28,58302.75,58332.19
1778561563,58332.19,58383.38,58160.26,58201.1
1778562463,58201.1,58227.86,58102.39,58116.72
1778563363,58116.72,58118.33,58069.57,58104.67
1778564263,58104.67,58166.59,58094.2,58134.04
1778565163,58134.04,58240.9,58078.89,58205.93
1778566063,58205.93,58232.81,58096.9,58125.69
1778566963,58125.69,58184.77,58014.58,58040.74
1778567863,58040.74,58114.18,57900.1,57913.17
1778568763,57913.17,57947.2,57905.89,57937.75
1778569663,57937.75,57983.86,57934.35,57949.77
1778570563,57949.77,58085.59,57929.51,58030.22
1778571463,58030.22,58056.2,58002.0,58019.67
1778572363,58019.67,58039.54,57925.45,57936.74
1778573263,57936.74,58114.78,57917.71,58075.51
1778574163,58075.51,58104.75,57900.41,57915.14
1778575063,57915.14,57923.96,57899.26,57917.05
1778575963,57917.05,57918.95,57859.79,57896.77
1778576863,57896.77,57957.48,57875.27,57877.78
1778577763,57877.78,57932.45,57867.4,57929.44
1778578663,57929.44,57984.91,57856.01,57872.04
1778579563,57872.04,57933.69,57824.6,57927.43
1778580463,57927.43,58025.45,57909.97,57994.99
1778581363,57994.99,58050.8,57964.57,58031.14
1778582263,58031.14,58055.16,57848.43,57864.39
1778583163,57864.39,57954.19,57847.29,57875.04
1778584063,57875.04,57910.06,57771.37,57782.4
1778584963,57782.4,57813.76,57725.97,57746.83
1778585863,57746.83,57769.03,57723.08,57730.91
1778586763,57730.91,57779.21,57641.57,57663.64
1778587663,57663.64,57690.05,57528.73,57553.72
1778588563,57553.72,57587.41,57531.35,57540.63
1778589463,57540.63,57558.39,57428.0,57437.56
1778590363,57437.56,57443.15,57369.67,57390.88
1778591263,57390.88,57477.32,57364.67,57442.22
1778592163,57442.22,57468.32,57383.08,57415.47
1778593063,57415.47,57493.4,57406.17,57483.78
1778593963,57483.78,57507.08,57362.03,57368.01
1778594863,57368.01,57439.67,57315.47,57421.59
1778595763,57421.59,57425.01,57381.82,57418.55
1778596663,57418.55,57499.31,57392.56,57466.43
1778597563,57466.43,57515.64,57433.92,57454.4
1778598463,57454.4,57587.34,57418.9,57547.68
1778599363,57547.68,57570.86,57538.39,57558.42
1778600263,57558.42,57567.65,57509.43,57516.55
1778601163,57516.55,57580.65,57456.47,57569.14
1778602063,57569.14,57581.36,57550.83,57566.49
1778602963,57566.49,57576.83,57525.5,57541.57
1778603863,57541.57,57582.21,57435.09,57462.46
1778604763,57462.46,57482.31,57379.93,57446.97
1778605663,57446.97,57475.14,57302.75,57335.34
1778606563,57335.34,57353.69,57322.96,57329.24
1778607463,57329.24,57401.84,57321.3,57340.1
1778608363,57340.1,57390.28,57294.6,57312.39
1778609263,57312.39,57338.1,57303.26,57314.13
1778610163,57314.13,57459.56,57284.69,57415.67
1778611063,57415.67,57442.61,57279.04,57323.65
1778611963,57323.65,57431.73,57318.04,57416.62
1778612863,57416.62,57430.55,57353.09,57366.48
1778613763,57366.48,57407.39,57237.27,57302.5
1778614663,57302.5,57317.58,57216.56,57268.65
1778615563,57268.65,57334.12,57264.0,57330.6
1778616463,57330.6,57346.0,57329.6,57334.24
1778617363,57334.24,57339.72,57272.4,57300.75
1778618263,57300.75,57374.29,57284.0,57334.58
1778619163,57334.58,57397.35,57331.68,57384.89
1778620063,57384.89,57400.97,57309.81,57319.09
1778620963,57319.09,57387.85,57303.97,57319.99
1778621863,57319.99,57404.36,57290.5,57377.21
1778622763,57377.21,57451.05,57337.31,57395.97
1778623663,57395.97,57452.53,57317.47,57394.42
1778624563,57394.42,57488.63,57372.68,57468.13
1778625463,57468.13,57523.34,57464.12,57487.42
1778626363,57487.42,57506.81,57473.64,57483.13
1778627263,57483.13,57533.74,57435.77,57512.58
1778628163,57512.58,57624.9,57462.78,57592.87
1778629063,57592.87,57610.9,57554.31,57567.71
1778629963,57567.71,57571.72,57525.81,57528.35
1778630863,57528.35,57646.67,57525.61,57630.6
1778631763,57630.6,57680.19,57624.15,57665.22
1778632663,57665.22,57689.54,57627.72,57676.5
1778633563,57676.5,57831.67,57611.69,57816.02
1778634463,57816.02,57850.32,57753.5,57832.54
1778635363,57832.54,57898.26,57827.55,57864.49
1778636263,57864.49,57896.78,57649.18,57707.35
1778637163,57707.35,57744.5,57685.32,57738.61
1778638063,57738.61,57779.08,57686.0,57709.22
1778638963,57709.22,57737.48,57704.29,57727.22
1778639863,57727.22,57751.37,57660.67,57692.96
1778640763,57692.96,57749.99,57685.96,57686.68
1778641663,57686.68,57688.13,57566.64,57576.14
1778642563,57576.14,57664.19,57519.55,57638.74
1778643463,57638.74,57659.28,57607.5,57625.77
1778644363,57625.77,57785.32,57609.27,57754.31
1778645263,57754.31,57795.64,57743.98,57768.55
1778646163,57768.55,57798.31,57628.37,57628.56
1778647063,57628.56,57667.52,57606.9,57624.94
1778647963,57624.94,57661.26,57587.46,57624.17
1778648863,57624.17,57639.82,57576.2,57585.1
1778649763,57585.1,57593.23,57545.58,57548.77
1778650663,57548.77,57565.88,57481.52,57530.1
1778651563,57530.1,57534.54,57473.86,57517.27
1778652463,57517.27,57523.94,57498.52,57523.63
1778653363,57523.63,57636.15,57470.3,57603.61
1778654263,57603.61,57611.86,57399.36,57413.02
1778655163,57413.02,57488.56,57387.04,57483.85
1778656063,57483.85,57486.74,57459.93,57471.72
1778656963,57471.72,57478.58,57334.49,57370.9
1778657863,57370.9,57402.49,57345.04,57364.62
1778658763,57364.62,57542.82,57327.82,57510.41
1778659663,57510.41,57542.26,57451.44,57486.55
1778660563,57486.55,57491.9,57427.38,57460.1
1778661463,57460.1,57477.76,57366.72,57398.45
1778662363,57398.45,57432.62,57327.27,57375.46
1778663263,57375.46,57435.91,57346.57,57419.94
1778664163,57419.94,57478.83,57393.1,57466.09
1778665063,57466.09,57514.28,57437.92,57476.38
1778665963,57476.38,57516.54,57265.61,57283.64
1778666863,57283.64,57317.5,57258.39,57308.87
1778667763,57308.87,57384.19,57303.91,57378.12
1778668663,57378.12,57471.93,57361.99,57459.84
1778669563,57459.84,57462.31,57434.02,57437.75
1778670463,57437.75,57440.64,57351.89,57365.96
1778671363,57365.96,57381.44,57231.11,57256.32
1778672263,57256.32,57277.65,57188.9,57241.7
1778673163,57241.7,57391.6,57228.35,57328.7
1778674063,57328.7,57359.49,57325.33,57337.06
1778674963,57337.06,57441.35,57335.87,57420.72
1778675863,57420.72,57446.87,57325.98,57329.19
1778676763,57329.19,57367.67,57288.23,57314.54
1778677663,57314.54,57355.21,57297.13,57345.36
1778678563,57345.36,57357.88,57296.4,57324.57
1778679463,57324.57,57486.25,57292.09,57434.76
1778680363,57434.76,57473.55,57292.91,57326.81
1778681263,57326.81,57339.64,57197.45,57216.54
1778682163,57216.54,57242.95,57171.57,57240.14
1778683063,57240.14,57257.67,57220.15,57249.01
1778683963,57249.01,57280.91,57235.95,57258.92
1778684863,57258.92,57349.41,57237.96,57306.7
1778685763,57306.7,57341.08,57154.77,57155.58
1778686663,57155.58,57184.65,57010.93,57049.15
1778687563,57049.15,57287.85,57043.48,57285.06
1778688463,57285.06,57307.44,57216.18,57252.62
1778689363,57252.62,57370.74,57242.81,57367.18
1778690263,57367.18,57398.02,57300.95,57305.75
1778691163,57305.75,57334.94,57161.74,57170.24
1778692063,57170.24,57177.51,57152.03,57166.95
1778692963,57166.95,57210.13,57162.67,57199.56
1778693863,57199.56,57247.41,57137.49,57208.14
1778694763,57208.14,57227.62,57166.2,57168.02
1778695663,57168.02,57243.47,57164.26,57206.63
1778696563,57206.63,57240.14,57081.93,57111.74
1778697463,57111.74,57126.87,57012.95,57021.1
1778698363,57021.1,57081.74,56982.65,57055.22
1778699263,57055.22,57200.08,57052.12,57189.11
1778700163,57189.11,57230.47,57104.97,57131.37
1778701063,57131.37,57236.04,57120.07,57218.6
1778701963,57218.6,57220.98,57126.44,57156.93
1778702863,57156.93,57164.1,57143.75,57151.77
1778703763,57151.77,57168.88,57005.98,57046.9
1778704663,57046.9,57082.75,57036.94,57080.55
1778705563,57080.55,57109.9,56795.4,56881.14
1778706463,56881.14,56884.67,56858.02,56868.46
1778707363,56868.46,57027.83,56848.47,57003.82
1778708263,57003.82,57085.91,56986.04,57080.99
1778709163,57080.99,57194.81,57051.76,57181.16
1778710063,57181.16,57243.31,57167.2,57243.02
1778710963,57243.02,57264.82,57213.21,57213.3
1778711863,57213.3,57351.48,57204.1,57325.65
1778712763,57325.65,57481.58,57282.71,57464.04
1778713663,57464.04,57534.41,57458.85,57489.23
1778714563,57489.23,57491.54,57446.34,57460.75
1778715463,57460.75,57471.36,57262.14,57304.65
1778716363,57304.65,57331.48,57297.83,57308.62
1778717263,57308.62,57330.08,57281.36,57315.56
1778718163,57315.56,57348.7,57211.64,57249.85
1778719063,57249.85,57289.31,57236.45,57282.66
1778719963,57282.66,57292.14,57166.23,57233.16
1778720863,57233.16,57287.27,57131.73,57139.26
1778721763,57139.26,57210.31,57109.46,57110.11
1778722663,57110.11,57130.83,57071.9,57116.21
1778723563,57116.21,57176.04,57081.03,57152.47
1778724463,57152.47,57327.62,57142.12,57311.31
1778725363,57311.31,57438.36,57302.43,57403.25
1778726263,57403.25,57612.33,57387.05,57566.74
1778727163,57566.74,57596.21,57552.13,57585.62
1778728063,57585.62,57693.62,57555.71,57680.97
1778728963,57680.97,57709.68,57519.27,57569.29
1778729863,57569.29,57633.72,57476.89,57480.04
1778730763,57480.04,57501.52,57438.17,57466.7
1778731663,57466.7,57479.77,57363.36,57402.81
1778732563,57402.81,57426.38,57352.36,57357.33
1778733463,57357.33,57463.09,57321.75,57446.06
1778734363,57446.06,57526.83,57419.73,57495.92
1778735263,57495.92,57657.11,57479.86,57620.55
1778736163,57620.55,57704.35,57617.21,57700.22
1778737063,57700.22,57745.43,57658.44,57742.12
1778737963,57742.12,57794.91,57730.55,57753.88
1778738863,57753.88,57930.93,57714.43,57840.13
1778739763,57840.13,57914.87,57823.73,57896.87
1778740663,57896.87,57978.39,57864.87,57925.37
1778741563,57925.37,58021.02,57904.32,58004.04
1778742463,58004.04,58011.68,57853.73,57856.97
1778743363,57856.97,57879.03,57812.86,57857.81
1778744263,57857.81,57900.22,57810.95,57824.78
1778745163,57824.78,57840.7,57744.16,57768.44
1778746063,57768.44,57771.62,57697.68,57755.48
1778746963,57755.48,57885.34,57746.57,57853.33
1778747863,57853.33,57872.81,57820.5,57853.76
1778748763,57853.76,57899.46,57766.76,57797.79
1778749663,57797.79,57819.61,57744.3,57780.58
1778750563,57780.58,57942.39,57780.25,57875.25
1778751463,57875.25,57903.27,57819.99,57854.23
1778752363,57854.23,57958.42,57846.06,57955.17
1778753263,57955.17,57991.9,57847.82,57879.34
1778754163,57879.34,57954.75,57861.68,57922.22
1778755063,57922.22,57932.85,57808.87,57851.13
1778755963,57851.13,57911.14,57796.75,57807.85
1778756863,57807.85,57858.68,57782.16,57837.52
1778757763,57837.52,57854.4,57748.59,57770.88
1778758663,57770.88,57803.06,57716.51,57752.74
1778759563,57752.74,57761.54,57706.04,57753.71
1778760463,57753.71,57813.07,57479.28,57500.36
1778761363,57500.36,57529.95,57478.91,57486.2
1778762263,57486.2,57497.96,57321.36,57351.53
1778763163,57351.53,57365.1,57328.2,57336.26
1778764063,57336.26,57355.28,57180.3,57246.03
1778764963,57246.03,57312.54,57203.74,57263.04
1778765863,57263.04,57287.33,57261.36,57280.09
1778766763,57280.09,57402.71,57268.31,57389.01
1778767663,57389.01,57411.21,57263.7,57294.79
1778768563,57294.79,57330.18,57280.25,57300.57
1778769463,57300.57,57413.34,57272.49,57396.76
1778770363,57396.76,57610.6,57335.91,57548.23
1778771263,57548.23,57751.2,57538.68,57711.6
1778772163,57711.6,57746.69,57652.12,57672.92
1778773063,57672.92,57780.47,57662.1,57769.09
1778773963,57769.09,57905.16,57709.31,57899.43
1778774863,57899.43,57920.67,57813.51,57821.66
1778775763,57821.66,57847.32,57675.09,57736.79
1778776663,57736.79,57747.05,57674.17,57674.85
1778777563,57674.85,57841.91,57652.84,57772.47
1778778463,57772.47,57892.13,57767.28,57832.52
1778779363,57832.52,57843.84,57764.46,57799.43
1778780263,57799.43,57897.21,57720.02,57849.82
1778781163,57849.82,57980.39,57845.61,57974.4
1778782063,57974.4,58042.11,57895.09,58027.13
1778782963,58027.13,58117.4,57961.56,58095.36
1778783863,58095.36,58195.42,58095.15,58162.29
1778784763,58162.29,58175.28,58084.84,58132.43
1778785663,58132.43,58182.28,58016.17,58049.61
1778786563,58049.61,58068.96,57947.26,57955.49
1778787463,57955.49,58009.03,57942.26,57995.32
1778788363,57995.32,58019.87,57873.77,57908.61
1778789263,57908.61,57912.94,57836.17,57867.57
1778790163,57867.57,57902.5,57768.67,57813.38
1778791063,57813.38,57825.19,57762.31,57778.22
1778791963,57778.22,57821.48,57544.01,57593.35
1778792863,57593.35,57662.97,57486.03,57492.05
1778793763,57492.05,57503.21,57445.47,57470.26
1778794663,57470.26,57520.65,57438.77,57481.91
1778795563,57481.91,57531.92,57447.94,57490.12
1778796463,57490.12,57506.35,57420.22,57445.41
1778797363,57445.41,57478.93,57380.5,57400.22
1778798263,57400.22,57544.85,57326.84,57537.29
1778799163,57537.29,57624.28,57412.82,57431.66
1778800063,57431.66,57458.68,57354.79,57363.98
1778800963,57363.98,57376.19,57321.82,57340.77
1778801863,57340.77,57433.89,57329.18,57420.93
1778802763,57420.93,57479.51,57414.53,57440.96
1778803663,57440.96,57488.98,57434.9,57486.62
1778804563,57486.62,57518.97,57269.47,57309.57
1778805463,57309.57,57317.84,57308.64,57315.01
1778806363,57315.01,57519.59,57314.13,57504.42
1778807263,57504.42,57552.38,57486.72,57534.03
1778808163,57534.03,57571.11,57511.93,57557.17
1778809063,57557.17,57559.88,57511.49,57546.59
1778809963,57546.59,57556.16,57537.47,57548.83
1778810863,57548.83,57624.55,57546.9,57622.9
1778811763,57622.9,57695.83,57602.66,57656.47
1778812663,57656.47,57704.08,57635.5,57700.5
1778813563,57700.5,57817.86,57665.76,57797.07
1778814463,57797.07,57853.66,57776.57,57845.05
1778815363,57845.05,57874.91,57838.73,57850.47
1778816263,57850.47,57900.32,57826.41,57877.42
1778817163,57877.42,57913.37,57863.89,57875.93
1778818063,57875.93,57939.54,57846.41,57939.53
1778818963,57939.53,58005.89,57931.56,57975.81
1778819863,57975.81,58030.82,57908.12,58015.31
1778820763,58015.31,58049.81,57969.43,57999.9
1778821663,57999.9,58004.78,57923.64,57930.67
1778822563,57930.67,57940.27,57781.56,57822.76
1778823463,57822.76,57950.11,57773.49,57943.65
1778824363,57943.65,57982.71,57745.84,57770.57
1778825263,57770.57,57821.8,57743.67,57817.41
1778826163,57817.41,57820.74,57770.52,57799.84
1778827063,57799.84,57822.93,57784.84,57821.47
1778827963,57821.47,57822.46,57726.05,57727.34
1778828863,57727.34,57767.95,57645.23,57652.42
1778829763,57652.42,57676.99,57457.02,57508.41
1778830663,57508.41,57556.06,57467.27,57499.96
1778831563,57499.96,57500.27,57374.52,57418.98
1778832463,57418.98,57445.22,57385.08,57440.84
1778833363,57440.84,57449.74,57439.43,57445.45
1778834263,57445.45,57505.74,57419.61,57449.38
1778835163,57449.38,57466.56,57440.04,57454.85
1778836063,57454.85,57460.55,57449.46,57452.32
1778836963,57452.32,57461.34,57307.06,57343.66
1778837863,57343.66,57455.41,57323.35,57406.65
1778838763,57406.65,57452.93,57372.12,57414.92
1778839663,57414.92,57477.88,57380.03,57429.04
1778840563,57429.04,57485.28,57409.97,57452.87
1778841463,57452.87,57496.07,57263.78,57295.7
1778842363,57295.7,57327.96,57202.63,57206.92
1778843263,57206.92,57211.24,57144.65,57162.53
1778844163,57162.53,57302.97,57094.63,57261.1
1778845063,57261.1,57292.17,57165.31,57170.47
1778845963,57170.47,57176.8,57096.69,57117.81
1778846863,57117.81,57133.52,57091.75,57110.05
1778847763,57110.05,57153.02,57107.74,57127.79
1778848663,57127.79,57212.11,57117.86,57183.4
1778849563,57183.4,57187.13,57150.51,57182.2
1778850463,57182.2,57317.93,57154.99,57305.28
1778851363,57305.28,57344.93,57241.04,57248.91
1778852263,57248.91,57377.14,57214.51,57365.6
1778853163,57365.6,57496.96,57334.07,57449.06
1778854063,57449.06,57536.5,57389.47,57498.53
1778854963,57498.53,57516.14,57468.0,57477.52
1778855863,57477.52,57518.45,57466.9,57505.25
1778856763,57505.25,57541.03,57484.53,57528.72
1778857663,57528.72,57536.63,57499.87,57515.61
1778858563,57515.61,57590.5,57501.68,57584.62
1778859463,57584.62,57601.6,57507.83,57517.1
1778860363,57517.1,57637.69,57435.65,57601.68
1778861263,57601.68,57664.34,57574.39,57643.61
1778862163,57643.61,57677.75,57588.8,57590.31
1778863063,57590.31,57637.11,57558.59,57572.43
1778863963,57572.43,57705.74,57569.8,57695.83
1778864863,57695.83,57708.4,57521.01,57530.51
1778865763,57530.51,57540.2,57345.67,57353.15
1778866663,57353.15,57378.24,57351.72,57353.45
1778867563,57353.45,57397.03,57183.38,57204.65
1778868463,57204.65,57219.17,57116.14,57130.49
1778869363,57130.49,57146.47,56991.02,56991.24
1778870263,56991.24,57003.69,56929.33,56940.75
1778871163,56940.75,56965.97,56827.15,56840.43
1778872063,56840.43,56885.95,56803.63,56883.52
1778872963,56883.52,56975.73,56868.52,56970.73
1778873863,56970.73,56974.05,56849.4,56869.24
1778874763,56869.24,56910.22,56849.62,56887.02
1778875663,56887.02,56935.02,56809.12,56815.97
1778876563,56815.97,56855.82,56796.48,56830.44
1778877463,56830.44,56854.88,56822.95,56854.41
1778878363,56854.41,56890.61,56666.26,56688.51
1778879263,56688.51,56692.3,56672.88,56687.49
1778880163,56687.49,56712.83,56645.38,56676.17
1778881063,56676.17,56725.3,56430.38,56476.36
1778881963,56476.36,56534.46,56463.57,56523.75
1778882863,56523.75,56626.91,56499.45,56596.06
1778883763,56596.06,56703.29,56562.95,56699.65
1778884663,56699.65,56724.06,56619.95,56637.75
1778885563,56637.75,56670.84,56576.28,56604.4
1778886463,56604.4,56662.96,56559.05,56635.35
1778887363,56635.35,56688.78,56628.56,56674.26
1778888263,56674.26,56752.49,56660.42,56746.77
1778889163,56746.77,56754.19,56635.76,56661.13
1778890063,56661.13,56824.58,56647.41,56746.05
1778890963,56746.05,56766.96,56677.51,56722.66
1778891863,56722.66,56791.6,56716.75,56785.92
1778892763,56785.92,56871.09,56784.59,56855.69
1778893663,56855.69,56961.74,56847.72,56957.81
1778894563,56957.81,56973.88,56829.57,56852.33
1778895463,56852.33,56953.16,56823.68,56892.44
1778896363,56892.44,56917.0,56762.15,56780.44
1778897263,56780.44,56882.78,56773.74,56852.76
1778898163,56852.76,56887.8,56809.43,56810.9
1778899063,56810.9,56839.07,56699.41,56778.45
1778899963,56778.45,56840.39,56748.65,56794.47
1778900863,56794.47,56853.27,56765.52,56831.49
1778901763,56831.49,56889.2,56774.12,56872.01
1778902663,56872.01,56945.27,56867.26,56919.38
1778903563,56919.38,56937.06,56861.75,56912.57
1778904463,56912.57,57013.68,56883.94,57000.01
1778905363,57000.01,57014.06,56997.34,57013.17
1778906263,57013.17,57029.51,56892.01,56900.64
1778907163,56900.64,56913.96,56874.34,56874.58
1778908063,56874.58,56887.43,56799.2,56809.16
1778908963,56809.16,56835.57,56792.46,56819.68
1778909863,56819.68,56883.37,56804.71,56873.15
1778910763,56873.15,56954.38,56826.19,56949.84
1778911663,56949.84,57086.67,56940.85,57077.14
1778912563,57077.14,57121.65,57034.36,57104.2
1778913463,57104.2,57196.38,57058.93,57193.74
1778914363,57193.74,57286.68,57144.93,57236.7
1778915263,57236.7,57358.06,57197.89,57337.33
1778916163,57337.33,57399.41,57274.75,57321.14
1778917063,57321.14,57486.74,57303.91,57464.21
1778917963,57464.21,57525.7,57409.54,57495.6
1778918863,57495.6,57502.14,57427.92,57445.91
1778919763,57445.91,57548.08,57401.37,57544.2
1778920663,57544.2,57553.59,57401.03,57446.69
1778921563,57446.69,57470.31,57440.85,57451.99
1778922463,57451.99,57507.53,57418.3,57457.91
1778923363,57457.91,57474.71,57420.68,57470.25
1778924263,57470.25,57473.84,57446.07,57470.56
1778925163,57470.56,57491.56,57355.21,57390.2
1778926063,57390.2,57399.39,57315.46,57335.94
1778926963,57335.94,57487.96,57297.96,57472.98
1778927863,57472.98,57479.9,57307.76,57333.69
1778928763,57333.69,57426.29,57314.66,57410.42
1778929663,57410.42,57581.55,57387.12,57566.55
1778930563,57566.55,57571.08,57478.2,57533.17
1778931463,57533.17,57714.63,57492.88,57689.21
1778932363,57689.21,57732.7,57678.49,57716.65
1778933263,57716.65,57791.89,57710.86,57762.61
1778934163,57762.61,57973.82,57722.23,57948.0
1778935063,57948.0,58058.41,57926.81,58026.18
1778935963,58026.18,58059.45,57990.41,58043.26
1778936863,58043.26,58135.98,58003.04,58041.15
1778937763,58041.15,58092.73,57987.97,58085.32
1778938663,58085.32,58087.87,58013.11,58019.0
1778939563,58019.0,58106.23,57984.52,58084.29
1778940463,58084.29,58094.25,57873.74,57918.51
1778941363,57918.51,57938.25,57895.48,57925.33
1778942263,57925.33,58087.31,57919.58,58058.22
1778943163,58058.22,58109.26,57976.71,58019.48
1778944063,58019.48,58030.82,57923.84,57939.32
1778944963,57939.32,57962.0,57763.11,57835.59
1778945863,57835.59,57842.37,57809.43,57840.53
1778946763,57840.53,57861.22,57715.95,57717.95
1778947663,57717.95,57838.35,57679.64,57795.64
1778948563,57795.64,57853.84,57730.35,57841.78
1778949463,57841.78,57843.31,57738.04,57752.06
1778950363,57752.06,57979.09,57727.28,57937.67
1778951263,57937.67,57945.15,57875.81,57931.17
1778952163,57931.17,58041.57,57924.04,58040.67
1778953063,58040.67,58045.19,58031.49,58042.83
1778953963,58042.83,58048.58,58027.9,58033.4
1778954863,58033.4,58045.44,57971.15,57996.7
1778955763,57996.7,58005.34,57986.02,57995.24
1778956663,57995.24,58084.93,57988.8,58046.59
1778957563,58046.59,58107.06,57960.4,57981.59
1778958463,57981.59,58026.23,57943.34,57966.36
1778959363,57966.36,57968.29,57864.17,57899.77
1778960263,57899.77,57913.45,57777.37,57824.63
1778961163,57824.63,57974.07,57797.98,57956.72
1778962063,57956.72,58087.96,57955.78,58039.26
1778962963,58039.26,58135.66,57997.65,58120.72
1778963863,58120.72,58166.23,58013.17,58024.32
1778964763,58024.32,58046.8,57942.12,57948.62
1778965663,57948.62,57954.69,57901.36,57922.53
1778966563,57922.53,57958.28,57870.07,57894.36
1778967463,57894.36,57954.5,57886.29,57919.23
1778968363,57919.23,58029.12,57874.34,58023.43
1778969263,58023.43,58080.73,58007.04,58022.05
1778970163,58022.05,58031.87,57866.68,57873.64
1778971063,57873.64,57900.94,57735.87,57771.79
1778971963,57771.79,57837.89,57753.9,57818.89
1778972863,57818.89,57874.38,57712.29,57756.41
1778973763,57756.41,57771.14,57620.13,57674.03
1778974663,57674.03,57719.21,57670.7,57687.48
1778975563,57687.48,57735.98,57647.99,57729.07
1778976463,57729.07,57766.67,57690.57,57758.05
1778977363,57758.05,57893.61,57722.11,57833.47
1778978263,57833.47,57842.61,57684.89,57720.0
1778979163,57720.0,57731.85,57549.66,57571.37
1778980063,57571.37,57632.71,57525.08,57623.86
1778980963,57623.86,57650.06,57593.95,57636.54
1778981863,57636.54,57725.39,57612.01,57623.59
1778982763,57623.59,57637.64,57555.35,57592.96
1778983663,57592.96,57605.89,57395.01,57418.52
1778984563,57418.52,57450.52,57332.1,57393.27
1778985463,57393.27,57461.41,57358.8,57435.74
1778986363,57435.74,57516.74,57432.7,57458.67
1778987263,57458.67,57509.82,57445.42,57473.57
1778988163,57473.57,57514.54,57437.6,57450.84
1778989063,57450.84,57459.18,57390.2,57434.46
1778989963,57434.46,57441.88,57226.57,57255.35
1778990863,57255.35,57387.33,57235.38,57373.14
1778991763,57373.14,57379.69,57330.21,57368.93
1778992663,57368.93,57387.61,57321.51,57322.1
1778993563,57322.1,57381.1,57203.7,57217.47
1778994463,57217.47,57224.09,57199.64,57215.12
1778995363,57215.12,57231.36,57089.48,57128.14
1778996263,57128.14,57150.14,56982.04,56997.93
1778997163,56997.93,57110.86,56995.35,57110.72
1778998063,57110.72,57156.96,56963.84,56980.87
1778998963,56980.87,57088.96,56941.77,57046.97
1778999863,57046.97,57222.91,57021.34,57200.4
1779000763,57200.4,57248.79,57190.28,57239.57
1779001663,57239.57,57297.47,57158.74,57163.75
1779002563,57163.75,57183.88,57029.56,57042.99
1779003463,57042.99,57043.31,56835.04,56860.06
1779004363,56860.06,56860.35,56808.73,56837.0
1779005263,56837.0,56837.55,56777.84,56800.33
1779006163,56800.33,56803.24,56785.99,56787.34
1779007063,56787.34,56891.37,56759.76,56879.58
1779007963,56879.58,57031.25,56860.77,56999.48
1779008863,56999.48,57114.67,56980.08,57080.96
1779009763,57080.96,57161.64,57059.73,57145.61
1779010663,57145.61,57293.48,57130.6,57241.4
1779011563,57241.4,57246.37,57154.27,57193.95
1779012463,57193.95,57198.31,57091.86,57127.93
1779013363,57127.93,57260.86,57092.78,57249.86
1779014263,57249.86,57546.84,57198.3,57491.12
1779015163,57491.12,57534.61,57443.53,57505.86
1779016063,57505.86,57628.83,57433.55,57592.86
1779016963,57592.86,57659.69,57587.87,57652.0
1779017863,57652.0,57689.98,57539.69,57547.14
1779018763,57547.14,57755.0,57544.68,57724.22
1779019663,57724.22,57837.92,57719.51,57790.42
1779020563,57790.42,57840.68,57766.5,57812.31
1779021463,57812.31,57927.71,57777.68,57919.91
1779022363,57919.91,57930.28,57781.46,57824.79
1779023263,57824.79,57965.49,57788.61,57961.58
1779024163,57961.58,57995.72,57842.69,57847.96
1779025063,57847.96,57977.24,57817.16,57931.12
1779025963,57931.12,57945.79,57865.83,57888.72
1779026863,57888.72,57944.45,57881.26,57925.0
1779027763,57925.0,58002.53,57920.15,58001.91
1779028663,58001.91,58009.94,57978.09,57992.2
1779029563,57992.2,58153.75,57960.22,58120.69
1779030463,58120.69,58154.8,58052.73,58091.67
1779031363,58091.67,58134.5,58080.51,58080.98
1779032263,58080.98,58113.82,58053.98,58091.34
1779033163,58091.34,58123.91,58046.6,58099.9
1779034063,58099.9,58224.68,58083.3,58212.38
1779034963,58212.38,58250.14,58196.41,58232.47
1779035863,58232.47,58276.75,58126.42,58147.44
1779036763,58147.44,58219.22,58112.05,58163.46
1779037663,58163.46,58193.49,58041.91,58053.92
1779038563,58053.92,58113.44,58049.18,58110.36
1779039463,58110.36,58159.56,58097.3,58135.35
1779040363,58135.35,58146.14,58091.02,58144.5
1779041263,58144.5,58151.17,58007.57,58047.45
1779042163,58047.45,58088.72,58043.4,58074.55
1779043063,58074.55,58108.14,58018.79,58039.9
1779043963,58039.9,58099.1,58020.16,58068.41
1779044863,58068.41,58074.31,58020.74,58072.14
1779045763,58072.14,58086.13,58032.14,58054.47
1779046663,58054.47,58101.84,57933.84,57951.81
1779047563,57951.81,57958.27,57776.63,57815.1
1779048463,57815.1,57913.85,57800.02,57877.44
1779049363,57877.44,58130.84,57856.39,58086.57
1779050263,58086.57,58115.63,58011.4,58021.96
1779051163,58021.96,58037.77,57863.39,57890.42
1779052063,57890.42,57898.81,57693.64,57708.23
1779052963,57708.23,57902.56,57692.04,57858.93
1779053863,57858.93,57871.59,57784.12,57821.14
1779054763,57821.14,57849.56,57722.82,57758.19
1779055663,57758.19,57819.5,57539.27,57601.67
1779056563,57601.67,57604.71,57536.72,57570.33
1779057463,57570.33,57570.43,57485.67,57503.45
1779058363,57503.45,57583.59,57482.58,57565.92
1779059263,57565.92,57604.63,57517.79,57523.22
1779060163,57523.22,57538.38,57505.27,57513.55
1779061063,57513.55,57635.31,57507.2,57599.45
1779061963,57599.45,57722.24,57588.56,57688.5
1779062863,57688.5,57728.77,57474.94,57491.03
1779063763,57491.03,57507.85,57417.32,57452.67
1779064663,57452.67,57607.64,57450.1,57595.35
1779065563,57595.35,57622.65,57456.54,57511.02
1779066463,57511.02,57552.14,57443.75,57486.12
1779067363,57486.12,57576.15,57468.51,57524.39
1779068263,57524.39,57633.26,57521.07,57629.4
1779069163,57629.4,57637.4,57569.79,57600.1
1779070063,57600.1,57618.67,57490.19,57579.04
1779070963,57579.04,57606.24,57515.76,57541.77
1779071863,57541.77,57547.79,57505.89,57525.58
1779072763,57525.58,57569.63,57523.09,57541.76
1779073663,57541.76,57641.39,57504.8,57627.52
1779074563,57627.52,57725.85,57562.59,57665.18
1779075463,57665.18,57715.74,57637.39,57673.72
1779076363,57673.72,57809.73,57650.99,57803.91
1779077263,57803.91,57806.18,57662.94,57721.82
1779078163,57721.82,57765.96,57685.34,57696.82
1779079063,57696.82,57707.03,57622.31,57660.04
1779079963,57660.04,57689.8,57529.21,57592.87
1779080863,57592.87,57657.18,57574.62,57617.48
1779081763,57617.48,57669.86,57531.88,57564.3
1779082663,57564.3,57569.34,57471.62,57519.91
1779083563,57519.91,57549.28,57457.9,57462.18
1779084463,57462.18,57504.36,57370.36,57386.41
1779085363,57386.41,57401.98,57343.0,57383.51
1779086263,57383.51,57388.35,57167.5,57206.18
1779087163,57206.18,57301.68,57204.42,57293.67
1779088063,57293.67,57380.86,57270.46,57358.49
1779088963,57358.49,57449.11,57328.07,57426.05
1779089863,57426.05,57452.64,57340.02,57342.89
1779090763,57342.89,57418.53,57300.3,57406.57
1779091663,57406.57,57511.29,57380.81,57475.49
1779092563,57475.49,57520.96,57406.88,57420.47
1779093463,57420.47,57519.41,57380.35,57509.85
1779094363,57509.85,57571.14,57469.92,57537.15
1779095263,57537.15,57791.05,57526.98,57715.3
1779096163,57715.3,57835.85,57697.41,57785.05
1779097063,57785.05,57802.52,57656.59,57662.33
1779097963,57662.33,57696.01,57458.21,57509.98
1779098863,57509.98,57583.56,57479.37,57567.78
1779099763,57567.78,57571.36,57446.38,57478.49
1779100663,57478.49,57556.59,57455.82,57540.74
1779101563,57540.74,57573.96,57433.75,57464.12
1779102463,57464.12,57500.21,57451.64,57457.55
1779103363,57457.55,57485.15,57386.67,57394.63
1779104263,57394.63,57395.81,57314.39,57339.9
1779105163,57339.9,57352.31,57295.58,57327.75
1779106063,57327.75,57519.54,57313.95,57498.15
1779106963,57498.15,57532.04,57455.24,57525.75
1779107863,57525.75,57534.3,57440.28,57514.53
1779108763,57514.53,57689.1,57486.88,57657.26
1779109663,57657.26,57700.68,57499.22,57510.77
1779110563,57510.77,57552.4,57494.13,57504.12
1779111463,57504.12,57590.01,57494.74,57567.3
1779112363,57567.3,57592.18,57552.62,57576.06
1779113263,57576.06,57727.53,57556.44,57718.56
1779114163,57718.56,57741.94,57662.71,57664.53
1779115063,57664.53,57773.77,57646.57,57767.96
1779115963,57767.96,57994.39,57764.36,57939.0
1779116863,57939.0,57966.4,57746.65,57799.41
1779117763,57799.41,57818.64,57748.84,57757.36
1779118663,57757.36,57823.57,57750.46,57803.86
1779119563,57803.86,57927.82,57752.44,57896.04
1779120463,57896.04,57953.1,57746.63,57777.92
1779121363,57777.92,57906.54,57722.3,57871.32
1779122263,57871.32,57909.99,57810.4,57814.1
1779123163,57814.1,57959.27,57801.78,57909.01
1779124063,57909.01,57922.79,57897.14,57914.75
1779124963,57914.75,57977.84,57876.45,57901.07
1779125863,57901.07,57937.67,57819.23,57840.74
1779126763,57840.74,57846.66,57827.63,57839.27
1779127663,57839.27,57957.83,57814.13,57919.04
1779128563,57919.04,57952.65,57881.87,57950.05
1779129463,57950.05,57976.77,57792.94,57826.19
1779130363,57826.19,57846.25,57802.17,57839.65
1779131263,57839.65,57862.15,57771.65,57772.2
1779132163,57772.2,57857.61,57737.82,57822.06
1779133063,57822.06,57838.58,57692.19,57731.87
1779133963,57731.87,57781.0,57581.63,57585.64
1779134863,57585.64,57701.97,57556.79,57682.9
1779135763,57682.9,57760.11,57620.44,57722.28
1779136663,57722.28,57755.08,57706.63,57747.88
1779137563,57747.88,57788.82,57664.11,57677.93
1779138463,57677.93,57857.9,57634.98,57835.67
1779139363,57835.67,57925.05,57812.86,57917.66
1779140263,57917.66,57923.63,57757.29,57794.71
1779141163,57794.71,57841.49,57776.26,57833.19
1779142063,57833.19,57835.89,57647.15,57746.04
1779142963,57746.04,57829.34,57720.05,57789.22
1779143863,57789.22,57868.41,57736.98,57846.74
1779144763,57846.74,57897.37,57603.74,57613.04
1779145663,57613.04,57661.25,57571.71,57658.17
1779146563,57658.17,57707.13,57621.57,57631.15
1779147463,57631.15,57650.81,57487.0,57528.5
1779148363,57528.5,57673.64,57486.29,57626.71
1779149263,57626.71,57643.36,57515.42,57550.96
1779150163,57550.96,57674.48,57549.01,57643.53
1779151063,57643.53,57648.2,57593.83,57647.72
1779151963,57647.72,57668.57,57633.25,57645.54
1779152863,57645.54,57776.14,57606.8,57713.39
1779153763,57713.39,57861.12,57680.76,57829.71
1779154663,57829.71,57895.58,57822.46,57892.43
1779155563,57892.43,57909.02,57868.34,57880.44
1779156463,57880.44,57892.45,57797.1,57802.84
1779157363,57802.84,57916.0,57764.5,57885.06
1779158263,57885.06,58051.29,57864.94,58017.97
1779159163,58017.97,58033.84,57952.94,57971.1
1779160063,57971.1,57984.78,57900.71,57918.42
1779160963,57918.42,57928.23,57859.14,57926.49
1779161863,57926.49,57999.19,57904.02,57989.39
1779162763,57989.39,58047.72,57978.23,58035.58
1779163663,58035.58,58139.95,58012.84,58088.7
1779164563,58088.7,58154.58,58087.68,58138.9
1779165463,58138.9,58197.54,58133.22,58159.47
1779166363,58159.47,58183.74,58069.28,58085.86
1779167263,58085.86,58103.44,58015.61,58030.88
1779168163,58030.88,58049.6,57966.0,58007.6
1779169063,58007.6,58051.18,57880.89,57890.47
1779169963,57890.47,57910.59,57822.28,57828.12
1779170863,57828.12,57958.81,57817.69,57917.44
1779171763,57917.44,57966.17,57844.02,57852.43
1779172663,57852.43,57861.8,57834.16,57837.74
1779173563,57837.74,57910.51,57753.39,57783.91
1779174463,57783.91,57884.66,57782.53,57817.49
1779175363,57817.49,57937.22,57815.24,57918.42
1779176263,57918.42,57978.73,57884.68,57967.22
1779177163,57967.22,57968.87,57945.38,57967.67
1779178063,57967.67,57996.06,57930.98,57966.38
1779178963,57966.38,58096.88,57943.44,58057.35
1779179863,58057.35,58111.78,58009.86,58017.73
1779180763,58017.73,58049.65,57965.51,58046.13
1779181663,58046.13,58055.58,57930.81,57952.95
1779182563,57952.95,58009.31,57891.9,57915.67
1779183463,57915.67,57929.32,57905.83,57929.07
1779184363,57929.07,58014.89,57928.17,57982.83
1779185263,57982.83,58037.43,57965.55,58026.37
1779186163,58026.37,58036.9,57889.26,57889.39
1779187063,57889.39,57926.03,57860.31,57872.71
1779187963,57872.71,57876.14,57853.21,57865.32
1779188863,57865.32,57895.88,57860.77,57889.86
1779189763,57889.86,58016.87,57867.73,57980.73
1779190663,57980.73,57995.47,57977.12,57993.73
1779191563,57993.73,58002.52,57960.56,57963.05
1779192463,57963.05,58000.34,57898.68,57909.5
1779193363,57909.5,57986.79,57880.64,57970.77
1779194263,57970.77,58093.24,57969.59,58079.21
1779195163,58079.21,58115.73,58032.68,58074.79
1779196063,58074.79,58093.48,58037.43,58041.61
1779196963,58041.61,58059.22,58006.02,58012.73
1779197863,58012.73,58017.44,57993.43,58012.18
1779198763,58012.18,58094.23,57986.85,58022.78
1779199663,58022.78,58034.06,57913.83,57957.04
1779200563,57957.04,57961.98,57801.39,57804.53
1779201463,57804.53,57854.7,57710.6,57734.84
1779202363,57734.84,57892.9,57704.9,57849.33
1779203263,57849.33,57935.41,57823.92,57930.16
1779204163,57930.16,57947.93,57881.06,57946.05
1779205063,57946.05,57948.44,57901.45,57931.69
1779205963,57931.69,57947.61,57910.4,57923.1
1779206863,57923.1,57939.58,57909.68,57920.38
1779207763,57920.38,58042.82,57898.91,57953.03
1779208663,57953.03,58059.76,57922.77,57977.73
1779209563,57977.73,58092.16,57969.19,58064.21
1779210463,58064.21,58075.33,58022.59,58044.05
1779211363,58044.05,58055.44,57946.26,57949.67
1779212263,57949.67,57975.87,57942.22,57952.82
1779213163,57952.82,58023.54,57940.03,58006.17
1779214063,58006.17,58046.23,57947.84,58029.35
1779214963,58029.35,58182.66,58012.49,58177.58
1779215863,58177.58,58200.42,58155.73,58171.02
1779216763,58171.02,58174.26,58084.17,58099.41
1779217663,58099.41,58132.73,58051.66,58067.88
1779218563,58067.88,58230.23,58047.75,58205.72
1779219463,58205.72,58269.02,58174.03,58268.28
1779220363,58268.28,58273.77,58212.58,58261.9
1779221263,58261.9,58301.28,58228.45,58248.42
1779222163,58248.42,58358.48,58235.64,58315.67
1779223063,58315.67,58358.31,58200.04,58202.12
1779223963,58202.12,58359.76,58189.1,58319.8
1779224863,58319.8,58390.08,58316.37,58359.65
1779225763,58359.65,58444.76,58332.89,58440.63
1779226663,58440.63,58501.73,58412.66,58475.22
1779227563,58475.22,58504.03,58405.48,58455.98
1779228463,58455.98,58506.66,58427.5,58441.05
1779229363,58441.05,58485.13,58381.87,58470.91
1779230263,58470.91,58473.76,58338.0,58359.94
1779231163,58359.94,58399.24,58307.81,58393.78
1779232063,58393.78,58410.39,58325.41,58352.46
1779232963,58352.46,58385.69,58200.04,58251.85
1779233863,58251.85,58357.45,58225.21,58285.35
1779234763,58285.35,58293.78,58204.8,58248.48
1779235663,58248.48,58281.24,58179.79,58194.52
1779236563,58194.52,58237.03,58048.96,58076.81
1779237463,58076.81,58180.37,58038.79,58153.58
1779238363,58153.58,58165.02,58051.15,58067.78
1779239263,58067.78,58208.17,58015.81,58181.42
1779240163,58181.42,58306.83,58170.05,58298.65
1779241063,58298.65,58301.41,58210.88,58252.53
1779241963,58252.53,58350.21,58222.86,58282.79
1779242863,58282.79,58320.53,58275.8,58279.59
1779243763,58279.59,58365.39,58270.55,58342.46
1779244663,58342.46,58353.06,58212.33,58252.58
1779245563,58252.58,58355.66,58243.98,58303.78
1779246463,58303.78,58326.96,58216.19,58225.84
1779247363,58225.84,58338.96,58194.04,58312.29
1779248263,58312.29,58364.63,58309.49,58314.03
1779249163,58314.03,58363.02,58249.01,58282.84
1779250063,58282.84,58314.2,58188.07,58239.45
1779250963,58239.45,58360.76,58237.55,58341.0
1779251863,58341.0,58342.73,58268.27,58322.07
1779252763,58322.07,58371.97,58317.3,58343.05
1779253663,58343.05,58346.27,58294.31,58295.61
1779254563,58295.61,58326.32,58268.3,58289.29
1779255463,58289.29,58305.17,58163.28,58207.9
1779256363,58207.9,58223.36,58160.32,58165.99
1779257263,58165.99,58204.92,58092.5,58154.15
1779258163,58154.15,58334.31,58150.18,58304.34
1779259063,58304.34,58397.92,58297.67,58349.49
1779259963,58349.49,58366.84,58225.55,58264.93
1779260863,58264.93,58377.36,58222.52,58334.98
1779261763,58334.98,58370.72,58298.84,58328.94
1779262663,58328.94,58354.29,58266.34,58283.3
1779263563,58283.3,58296.01,58247.02,58257.38
1779264463,58257.38,58426.49,58202.81,58401.39
1779265363,58401.39,58431.41,58308.65,58310.79
1779266263,58310.79,58326.49,58177.08,58225.56
1779267163,58225.56,58258.72,57979.77,58007.15
1779268063,58007.15,58035.34,57975.31,57984.03
1779268963,57984.03,58093.67,57961.46,58069.77
1779269863,58069.77,58097.05,58014.7,58031.08
1779270763,58031.08,58050.35,57958.72,57994.48
1779271663,57994.48,58205.5,57972.74,58190.14
1779272563,58190.14,58237.57,58183.12,58236.53
1779273463,58236.53,58264.28,58111.08,58132.86
1779274363,58132.86,58176.56,58080.67,58106.55
1779275263,58106.55,58167.07,58103.23,58156.56
1779276163,58156.56,58263.6,58149.95,58219.67
1779277063,58219.67,58316.12,58206.97,58278.11
1779277963,58278.11,58408.5,58275.23,58395.01
1779278863,58395.01,58504.71,58388.13,58493.8
1779279763,58493.8,58503.92,58359.69,58433.72
1779280663,58433.72,58521.68,58431.26,58495.42
1779281563,58495.42,58526.33,58457.81,58526.08
1779282463,58526.08,58537.92,58517.1,58535.29
1779283363,58535.29,58686.47,58511.68,58649.43
1779284263,58649.43,58662.1,58625.2,58652.82
1779285163,58652.82,58846.34,58596.65,58811.46
1779286063,58811.46,58902.84,58768.19,58871.59
1779286963,58871.59,58898.87,58751.82,58765.54
1779287863,58765.54,58767.67,58685.79,58745.61
1779288763,58745.61,58763.69,58696.24,58709.76
1779289663,58709.76,58891.19,58706.9,58832.39
1779290563,58832.39,58887.82,58728.26,58771.08
1779291463,58771.08,58793.17,58745.09,58750.97
1779292363,58750.97,58779.3,58740.25,58774.32
1779293263,58774.32,58871.72,58760.9,58858.85
1779294163,58858.85,58894.76,58796.58,58855.32
1779295063,58855.32,59040.88,58846.29,59001.27
1779295963,59001.27,59026.46,58987.96,59023.29
1779296863,59023.29,59035.47,58992.95,59013.16
1779297763,59013.16,59045.65,58977.94,59014.68
1779298663,59014.68,59027.54,58951.86,58954.99
1779299563,58954.99,58998.04,58894.1,58943.15
1779300463,58943.15,58945.59,58903.76,58939.53
1779301363,58939.53,58943.75,58909.55,58921.74
1779302263,58921.74,58966.21,58864.49,58957.46
1779303163,58957.46,58962.4,58909.23,58924.73
1779304063,58924.73,58929.22,58795.84,58801.65
1779304963,58801.65,58835.16,58686.88,58693.33
1779305863,58693.33,58695.54,58591.79,58600.56
1779306763,58600.56,58699.41,58586.96,58681.92
1779307663,58681.92,58701.62,58651.21,58689.75
1779308563,58689.75,58700.7,58633.76,58643.37
1779309463,58643.37,58685.4,58621.6,58684.04
1779310363,58684.04,58684.09,58636.05,58653.26
1779311263,58653.26,58703.32,58538.77,58558.38
1779312163,58558.38,58603.93,58548.26,58585.49
1779313063,58585.49,58700.58,58545.13,58687.75
1779313963,58687.75,58759.09,58668.0,58735.66
1779314863,58735.66,58763.22,58720.98,58734.15
1779315763,58734.15,58797.18,58699.03,58795.49
1779316663,58795.49,58806.45,58765.19,58783.51
1779317563,58783.51,58896.12,58778.9,58841.75
1779318463,58841.75,58937.39,58796.57,58923.89
1779319363,58923.89,58929.83,58854.52,58890.68
1779320263,58890.68,58978.76,58862.44,58961.79
1779321163,58961.79,59002.03,58899.16,58903.74
1779322063,58903.74,58924.44,58831.81,58923.55
1779322963,58923.55,59082.54,58897.47,59074.2
1779323863,59074.2,59095.53,58875.92,58893.69
1779324763,58893.69,58917.06,58839.65,58866.47
1779325663,58866.47,59023.04,58849.29,58984.69
1779326563,58984.69,59104.12,58975.66,59089.16
1779327463,59089.16,59117.87,58959.17,58977.68
1779328363,58977.68,59039.58,58916.72,59036.13
1779329263,59036.13,59042.67,58867.89,58919.38
1779330163,58919.38,59011.91,58899.59,58998.27
1779331063,58998.27,59005.12,58983.35,59002.55
1779331963,59002.55,59032.71,58907.17,58915.78
1779332863,58915.78,58933.39,58905.81,58925.58
1779333763,58925.58,58947.47,58785.56,58842.93
1779334663,58842.93,58957.9,58831.11,58956.97
1779335563,58956.97,58993.31,58854.97,58881.2
1779336463,58881.2,59029.27,58868.11,59025.28
1779337363,59025.28,59072.21,58999.07,59050.72
1779338263,59050.72,59127.84,59029.37,59096.98
1779339163,59096.98,59149.61,59079.82,59144.88
1779340063,59144.88,59195.7,59128.82,59157.99
1779340963,59157.99,59258.37,59121.65,59250.51
1779341863,59250.51,59261.4,59064.8,59092.67
1779342763,59092.67,59124.4,59055.48,59080.41
1779343663,59080.41,59147.78,59031.86,59143.0
1779344563,59143.0,59180.0,59102.36,59175.39
1779345463,59175.39,59252.39,59166.11,59233.11
1779346363,59233.11,59258.6,59099.83,59110.67
1779347263,59110.67,59275.5,59107.67,59264.6
1779348163,59264.6,59335.04,59197.91,59212.64
1779349063,59212.64,59263.67,59187.64,59255.76
1779349963,59255.76,59259.06,59170.17,59171.89
1779350863,59171.89,59242.25,59126.9,59231.62
1779351763,59231.62,59253.69,59060.53,59087.42
1779352663,59087.42,59199.68,59065.73,59194.73
1779353563,59194.73,59233.91,59167.85,59207.9
1779354463,59207.9,59223.62,59194.94,59218.34
1779355363,59218.34,59364.44,59192.97,59324.46
1779356263,59324.46,59346.76,59246.01,59292.03
1779357163,59292.03,59327.7,59149.95,59186.18
1779358063,59186.18,59202.06,59172.38,59188.64
1779358963,59188.64,59239.2,59115.49,59133.93
1779359863,59133.93,59194.43,59089.21,59094.84
1779360763,59094.84,59141.46,59076.61,59110.62
1779361663,59110.62,59124.69,58986.36,59007.41
1779362563,59007.41,59062.72,58937.2,59015.42
1779363463,59015.42,59032.6,58800.91,58898.1
1779364363,58898.1,58977.87,58889.34,58939.05
1779365263,58939.05,58983.85,58931.31,58972.68
1779366163,58972.68,59095.82,58925.46,59088.46
1779367063,59088.46,59155.51,59084.67,59087.81
1779367963,59087.81,59219.38,59084.97,59215.27
1779368863,59215.27,59290.15,59150.99,59255.17
1779369763,59255.17,59263.75,59169.38,59208.65
1779370663,59208.65,59256.79,59138.18,59161.46
1779371563,59161.46,59204.99,59121.04,59143.54
1779372463,59143.54,59233.55,59104.87,59198.35
1779373363,59198.35,59257.44,59172.07,59246.93
1779374263,59246.93,59343.14,59241.95,59309.46
1779375163,59309.46,59318.1,59301.91,59305.75
1779376063,59305.75,59334.77,59257.02,59262.23
1779376963,59262.23,59439.75,59216.27,59395.91
1779377863,59395.91,59469.72,59383.44,59456.64
1779378763,59456.64,59476.37,59412.99,59468.8
1779379663,59468.8,59582.22,59453.19,59565.42
1779380563,59565.42,59566.56,59545.36,59551.36
1779381463,59551.36,59584.99,59500.8,59534.04
1779382363,59534.04,59636.9,59489.07,59599.76
1779383263,59599.76,59624.12,59575.28,59580.55
1779384163,59580.55,59602.88,59473.28,59487.57
1779385063,59487.57,59498.15,59483.74,59495.3
1779385963,59495.3,59547.78,59430.84,59545.32
1779386863,59545.32,59599.01,59537.69,59576.43
1779387763,59576.43,59618.37,59553.7,59577.04
1779388663,59577.04,59621.79,59492.52,59531.67
1779389563,59531.67,59703.22,59523.12,59691.7
1779390463,59691.7,59697.33,59608.79,59623.7
1779391363,59623.7,59846.76,59610.82,59820.18
1779392263,59820.18,59905.42,59807.26,59872.08
1779393163,59872.08,59921.75,59843.8,59904.91
1779394063,59904.91,59964.93,59901.94,59914.15
1779394963,59914.15,59970.63,59870.9,59958.12
1779395863,59958.12,59976.46,59943.03,59945.19
1779396763,59945.19,60021.04,59893.02,59977.9
1779397663,59977.9,60051.39,59972.08,60028.61
1779398563,60028.61,60052.51,59992.54,60033.23
1779399463,60033.23,60073.97,59883.03,59897.95
1779400363,59897.95,59910.78,59792.36,59797.2
1779401263,59797.2,59814.02,59773.79,59784.02
1779402163,59784.02,59826.34,59754.96,59816.49
1779403063,59816.49,59829.75,59660.73,59684.16
1779403963,59684.16,59685.25,59623.17,59641.81
1779404863,59641.81,59664.52,59460.87,59551.3
1779405763,59551.3,59610.95,59550.64,59589.74
1779406663,59589.74,59662.33,59569.29,59642.31
1779407563,59642.31,59674.94,59608.52,59653.79
1779408463,59653.79,59653.81,59575.43,59585.94
1779409363,59585.94,59603.1,59439.32,59440.14
1779410263,59440.14,59462.2,59298.79,59336.28
1779411163,59336.28,59380.79,59320.1,59367.9
1779412063,59367.9,59391.56,59259.2,59299.89
1779412963,59299.89,59351.86,59299.33,59308.62
1779413863,59308.62,59387.53,59301.15,59351.3
1779414763,59351.3,59416.97,59305.52,59382.02
1779415663,59382.02,59415.43,59284.42,59291.13
1779416563,59291.13,59411.19,59288.58,59382.54
1779417463,59382.54,59454.96,59376.87,59450.1
1779418363,59450.1,59496.42,59301.49,59345.91
1779419263,59345.91,59379.74,59336.96,59355.39
1779420163,59355.39,59371.5,59226.42,59228.72
1779421063,59228.72,59325.32,59209.04,59248.86
1779421963,59248.86,59280.91,59157.1,59175.77
1779422863,59175.77,59251.94,59163.74,59239.65
1779423763,59239.65,59382.86,59211.97,59365.81
1779424663,59365.81,59388.66,59351.52,59373.92
1779425563,59373.92,59516.79,59334.89,59502.96
1779426463,59502.96,59691.48,59463.94,59656.23
1779427363,59656.23,59684.42,59453.02,59466.74
1779428263,59466.74,59471.29,59426.75,59441.78
1779429163,59441.78,59547.49,59422.85,59522.67
1779430063,59522.67,59658.78,59515.83,59621.65
1779430963,59621.65,59658.52,59596.52,59650.4
1779431863,59650.4,59659.41,59529.41,59572.25
1779432763,59572.25,59644.57,59566.39,59629.73
1779433663,59629.73,59671.62,59592.31,59665.4
1779434563,59665.4,59684.93,59662.48,59678.98
1779435463,59678.98,59703.8,59591.87,59616.22
1779436363,59616.22,59661.15,59601.22,59648.0
1779437263,59648.0,59651.21,59538.86,59548.79
1779438163,59548.79,59584.65,59490.68,59532.96
1779439063,59532.96,59535.55,59436.95,59467.87
1779439963,59467.87,59478.53,59454.69,59461.31
1779440863,59461.31,59478.11,59448.62,59450.98
1779441763,59450.98,59515.34,59442.0,59466.46
1779442663,59466.46,59474.28,59364.36,59397.04
1779443563,59397.04,59460.7,59325.0,59340.44
1779444463,59340.44,59394.01,59333.8,59376.01
1779445363,59376.01,59377.68,59296.93,59324.46
1779446263,59324.46,59354.22,59243.04,59273.18
1779447163,59273.18,59372.49,59248.69,59348.55
1779448063,59348.55,59482.43,59313.48,59471.91
1779448963,59471.91,59556.43,59428.52,59542.84
1779449863,59542.84,59563.16,59433.88,59454.13
1779450763,59454.13,59463.15,59369.52,59404.93
1779451663,59404.93,59443.62,59395.52,59440.12
1779452563,59440.12,59621.36,59390.37,59600.01
1779453463,59600.01,59670.82,59591.54,59643.66
1779454363,59643.66,59766.4,59597.81,59725.57
1779455263,59725.57,59799.42,59713.71,59778.63
1779456163,59778.63,59804.75,59690.57,59691.65
1779457063,59691.65,59755.05,59546.78,59576.09
1779457963,59576.09,59598.77,59487.54,59526.21
1779458863,59526.21,59572.27,59411.52,59473.96
1779459763,59473.96,59476.03,59297.45,59329.75
1779460663,59329.75,59360.18,59278.89,59307.0
1779461563,59307.0,59474.75,59284.9,59433.18
1779462463,59433.18,59446.78,59419.55,59441.29
1779463363,59441.29,59496.35,59440.16,59465.39
1779464263,59465.39,59564.73,59448.16,59536.48
1779465163,59536.48,59631.25,59523.97,59623.98
1779466063,59623.98,59644.22,59610.23,59635.11
1779466963,59635.11,59684.27,59624.97,59654.76
1779467863,59654.76,59656.74,59543.92,59546.99
1779468763,59546.99,59648.76,59542.58,59616.71
1779469663,59616.71,59650.17,59573.53,59627.37
1779470563,59627.37,59662.59,59498.16,59515.54
1779471463,59515.54,59572.89,59428.92,59464.6
1779472363,59464.6,59485.25,59272.65,59321.24
1779473263,59321.24,59354.98,59240.24,59296.51
1779474163,59296.51,59339.17,59229.16,59247.65
1779475063,59247.65,59250.98,59178.44,59246.52
1779475963,59246.52,59252.17,59099.42,59132.43
1779476863,59132.43,59208.13,59116.08,59187.9
1779477763,59187.9,59206.51,59110.28,59137.83
1779478663,59137.83,59212.75,59124.76,59171.13
1779479563,59171.13,59214.48,59151.3,59164.55
1779480463,59164.55,59412.18,59150.72,59383.66
1779481363,59383.66,59476.33,59367.11,59430.61
1779482263,59430.61,59454.21,59387.98,59445.74
1779483163,59445.74,59465.14,59350.91,59394.51
1779484063,59394.51,59413.14,59330.1,59330.68
1779484963,59330.68,59344.48,59278.48,59318.48
1779485863,59318.48,59369.73,59232.86,59244.35
1779486763,59244.35,59246.86,59101.03,59102.28
1779487663,59102.28,59148.81,59097.61,59142.08
1779488563,59142.08,59167.14,59046.15,59097.94
1779489463,59097.94,59227.19,59062.67,59196.98
1779490363,59196.98,59200.42,59156.79,59186.31
1779491263,59186.31,59263.87,59162.69,59182.24
1779492163,59182.24,59182.78,59136.3,59167.75
1779493063,59167.75,59179.58,59015.32,59067.77
1779493963,59067.77,59129.48,58996.35,59088.08
1779494863,59088.08,59095.73,59002.07,59009.09
1779495763,59009.09,59018.64,58868.77,58896.57
1779496663,58896.57,58999.26,58895.22,58964.85
1779497563,58964.85,59190.91,58925.92,59143.45
1779498463,59143.45,59147.32,59062.45,59129.14
1779499363,59129.14,59138.03,59066.04,59112.75
1779500263,59112.75,59284.31,59087.23,59264.97
1779501163,59264.97,59354.48,59251.72,59353.34
1779502063,59353.34,59361.51,59260.56,59302.09
1779502963,59302.09,59338.99,59301.27,59338.0
1779503863,59338.0,59410.79,59311.55,59393.85
1779504763,59393.85,59459.61,59357.95,59451.09
1779505663,59451.09,59494.98,59348.34,59405.53
1779506563,59405.53,59473.5,59369.77,59465.92
1779507463,59465.92,59468.49,59350.84,59351.94
1779508363,59351.94,59352.31,59319.3,59330.56
1779509263,59330.56,59353.99,59289.72,59317.89
1779510163,59317.89,59371.24,59300.95,59349.77
1779511063,59349.77,59402.21,59276.01,59291.44
1779511963,59291.44,59425.98,59269.68,59397.19
1779512863,59397.19,59436.6,59382.08,59411.28
1779513763,59411.28,59510.99,59371.6,59497.28
1779514663,59497.28,59682.67,59471.19,59677.55
1779515563,59677.55,59680.43,59656.2,59670.39
1779516463,59670.39,59745.33,59669.38,59717.69
1779517363,59717.69,59759.98,59714.04,59752.57
1779518263,59752.57,59894.88,59735.72,59860.72
1779519163,59860.72,59896.96,59764.13,59792.73
1779520063,59792.73,59808.81,59750.22,59759.81
1779520963,59759.81,59788.13,59655.66,59678.11
1779521863,59678.11,59732.23,59474.04,59505.29
1779522763,59505.29,59538.87,59476.25,59496.16
1779523663,59496.16,59558.94,59465.86,59532.7
1779524563,59532.7,59679.13,59526.79,59635.22
1779525463,59635.22,59660.37,59602.52,59651.04
1779526363,59651.04,59668.87,59537.68,59557.95
1779527263,59557.95,59614.7,59547.51,59612.02
1779528163,59612.02,59720.55,59602.3,59681.79
1779529063,59681.79,59697.0,59588.88,59605.82
1779529963,59605.82,59682.63,59589.15,59667.98
1779530863,59667.98,59713.67,59663.39,59669.84
1779531763,59669.84,59675.83,59546.07,59575.19
1779532663,59575.19,59586.44,59517.42,59556.01
1779533563,59556.01,59560.56,59478.79,59486.47
1779534463,59486.47,59520.4,59441.3,59444.8
1779535363,59444.8,59567.51,59432.65,59528.49
1779536263,59528.49,59619.98,59527.92,59566.79
1779537163,59566.79,59573.39,59531.22,59557.81
1779538063,59557.81,59686.73,59536.07,59639.84
1779538963,59639.84,59795.41,59623.47,59760.62
1779539863,59760.62,59779.02,59697.55,59723.71
1779540763,59723.71,59757.11,59713.08,59756.35
1779541663,59756.35,59811.7,59669.56,59686.97
1779542563,59686.97,59753.41,59673.24,59736.03
1779543463,59736.03,59797.55,59711.67,59765.8
1779544363,59765.8,59968.97,59757.32,59931.24
1779545263,59931.24,59942.22,59743.63,59767.11
1779546163,59767.11,59769.19,59650.37,59671.62
1779547063,59671.62,59817.15,59620.94,59773.73
1779547963,59773.73,59839.87,59716.96,59729.94
1779548863,59729.94,59772.32,59704.33,59767.73
1779549763,59767.73,59777.73,59690.5,59702.62
1779550663,59702.62,59745.98,59672.27,59689.85
1779551563,59689.85,59691.87,59654.18,59664.67
1779552463,59664.67,59669.08,59583.14,59633.52
1779553363,59633.52,59705.15,59609.82,59700.06
1779554263,59700.06,59783.96,59637.38,59741.78
1779555163,59741.78,59780.59,59735.61,59753.5
1779556063,59753.5,59802.47,59657.38,59669.07
1779556963,59669.07,59718.65,59578.19,59587.76
1779557863,59587.76,59703.75,59530.22,59658.43
1779558763,59658.43,59675.79,59516.08,59551.73
1779559663,59551.73,59556.34,59466.98,59474.99
1779560563,59474.99,59479.16,59362.12,59392.28
1779561463,59392.28,59399.26,59290.3,59327.89
1779562363,59327.89,59370.24,59206.87,59247.85
1779563263,59247.85,59344.14,59206.61,59295.12
1779564163,59295.12,59318.18,59281.89,59306.27
1779565063,59306.27,59357.28,59277.27,59335.48
1779565963,59335.48,59438.87,59309.47,59427.06
1779566863,59427.06,59489.47,59408.71,59448.26
1779567763,59448.26,59468.95,59401.14,59434.77
1779568663,59434.77,59461.0,59431.28,59438.62
1779569563,59438.62,59484.33,59423.3,59429.44
1779570463,59429.44,59432.49,59356.23,59370.27
1779571363,59370.27,59425.32,59368.34,59382.45
1779572263,59382.45,59557.12,59358.89,59514.01
1779573163,59514.01,59639.79,59507.55,59630.44
1779574063,59630.44,59694.02,59579.04,59585.59
1779574963,59585.59,59625.07,59579.39,59595.32
1779575863,59595.32,59613.03,59449.09,59477.16
1779576763,59477.16,59511.32,59320.38,59342.13
1779577663,59342.13,59510.15,59334.53,59459.35
1779578563,59459.35,59573.83,59457.08,59526.43
1779579463,59526.43,59575.92,59408.23,59419.82
1779580363,59419.82,59450.46,59382.81,59397.34
1779581263,59397.34,59460.97,59394.31,59448.56
1779582163,59448.56,59649.62,59447.52,59618.67
1779583063,59618.67,59662.39,59504.39,59514.0
1779583963,59514.0,59548.25,59409.64,59460.56
1779584863,59460.56,59731.74,59444.18,59678.66
1779585763,59678.66,59697.37,59652.37,59680.07
1779586663,59680.07,59767.58,59666.25,59738.75
1779587563,59738.75,59836.67,59676.09,59831.19
1779588463,59831.19,60078.0,59815.46,60026.05
1779589363,60026.05,60081.3,60025.15,60026.56
1779590263,60026.56,60071.91,59974.62,59977.99
1779591163,59977.99,59985.4,59958.21,59964.26
1779592063,59964.26,60011.1,59913.48,59920.01
1779592963,59920.01,59952.54,59831.57,59852.0
1779593863,59852.0,59869.46,59785.08,59823.29
1779594763,59823.29,59987.04,59797.82,59951.69
1779595663,59951.69,60012.85,59924.07,59930.7
1779596563,59930.7,59936.95,59816.68,59880.56
1779597463,59880.56,60033.55,59845.73,59979.15
1779598363,59979.15,60074.81,59961.71,60064.85
1779599263,60064.85,60243.95,60057.05,60238.67
1779600163,60238.67,60299.06,60220.68,60246.43
1779601063,60246.43,60252.29,60207.51,60221.34
1779601963,60221.34,60306.3,60219.75,60235.05
1779602863,60235.05,60324.16,60199.8,60294.76
1779603763,60294.76,60343.57,60292.36,60321.98
1779604663,60321.98,60344.99,60270.09,60301.62
1779605563,60301.62,60458.85,60290.5,60443.58
1779606463,60443.58,60481.75,60389.49,60397.96
1779607363,60397.96,60589.45,60357.06,60577.92
1779608263,60577.92,60584.35,60544.22,60548.04
1779609163,60548.04,60590.11,60459.56,60468.63
1779610063,60468.63,60472.7,60312.7,60323.06
1779610963,60323.06,60380.59,60295.77,60356.59
1779611863,60356.59,60426.85,60220.87,60222.64
1779612763,60222.64,60267.48,60142.96,60154.81
1779613663,60154.81,60187.99,60123.52,60151.23
1779614563,60151.23,60155.33,60139.74,60152.97
1779615463,60152.97,60378.12,60125.91,60285.36
1779616363,60285.36,60321.89,60279.15,60302.13
1779617263,60302.13,60335.34,60281.46,60313.27
1779618163,60313.27,60350.23,60230.9,60248.33
1779619063,60248.33,60265.19,60175.17,60199.68
1779619963,60199.68,60327.8,60195.76,60278.22
1779620863,60278.22,60355.86,60266.41,60331.66
1779621763,60331.66,60624.49,60303.67,60621.57
1779622663,60621.57,60757.36,60592.89,60748.65
1779623563,60748.65,60859.96,60740.7,60800.25
1779624463,60800.25,60802.21,60698.48,60709.09
1779625363,60709.09,60762.78,60668.35,60678.87
1779626263,60678.87,60783.93,60645.46,60716.82
1779627163,60716.82,60771.47,60692.55,60757.08
1779628063,60757.08,60879.37,60719.09,60856.45
1779628963,60856.45,60892.44,60702.35,60760.24
1779629863,60760.24,60797.99,60731.67,60782.42
1779630763,60782.42,60866.96,60778.17,60821.17
1779631663,60821.17,60948.15,60806.51,60944.88
1779632563,60944.88,61078.76,60929.46,61052.93
1779633463,61052.93,61089.49,61012.12,61072.83
1779634363,61072.83,61094.12,60994.81,61037.25
1779635263,61037.25,61040.35,61027.02,61040.13
1779636163,61040.13,61156.38,61003.97,61142.47
1779637063,61142.47,61214.44,61117.82,61198.04
1779637963,61198.04,61213.29,61112.7,61134.35
1779638863,61134.35,61155.57,61048.85,61059.73
1779639763,61059.73,61170.98,61024.31,61156.43
1779640663,61156.43,61261.17,61128.55,61251.88
1779641563,61251.88,61479.97,61216.87,61417.72
1779642463,61417.72,61467.7,61326.44,61382.69
1779643363,61382.69,61531.98,61360.32,61505.78
1779644263,61505.78,61525.18,61399.64,61415.36
1779645163,61415.36,61473.03,61386.85,61402.72
1779646063,61402.72,61473.39,61371.82,61452.74
1779646963,61452.74,61520.03,61445.61,61507.1
1779647863,61507.1,61609.05,61448.0,61603.78
1779648763,61603.78,61649.33,61596.91,61643.58
1779649663,61643.58,61662.31,61627.73,61633.53
1779650563,61633.53,61788.05,61567.36,61757.4
1779651463,61757.4,61780.99,61582.3,61601.9
1779652363,61601.9,61695.0,61595.18,61674.22
1779653263,61674.22,61719.86,61669.1,61718.13
1779654163,61718.13,61758.91,61701.15,61756.88
1779655063,61756.88,61764.99,61680.53,61737.48
1779655963,61737.48,61760.93,61725.21,61730.63
1779656863,61730.63,61765.03,61505.64,61540.72
1779657763,61540.72,61662.55,61459.08,61607.34
1779658663,61607.34,61739.11,61590.05,61689.28
1779659563,61689.28,61747.55,61663.1,61719.34
1779660463,61719.34,61760.89,61520.84,61594.56
1779661363,61594.56,61615.3,61589.96,61611.45
1779662263,61611.45,61669.97,61597.65,61652.33
1779663163,61652.33,61726.12,61636.43,61722.09
1779664063,61722.09,61759.51,61668.78,61690.88
1779664963,61690.88,61770.29,61649.8,61759.03
1779665863,61759.03,61884.32,61730.18,61882.62
1779666763,61882.62,62049.73,61831.99,62029.83
1779667663,62029.83,62060.76,61957.75,62035.24
1779668563,62035.24,62055.92,61944.74,61967.46
1779669463,61967.46,62017.87,61939.52,61983.26
1779670363,61983.26,62050.74,61953.02,62007.3
1779671263,62007.3,62026.79,61943.68,61963.28
1779672163,61963.28,61968.62,61932.82,61942.49
1779673063,61942.49,61964.12,61844.99,61880.45
1779673963,61880.45,61892.82,61825.23,61850.4
1779674863,61850.4,61902.01,61850.03,61887.81
1779675763,61887.81,61895.84,61800.82,61824.67
1779676663,61824.67,61846.25,61795.54,61821.56
1779677563,61821.56,61851.94,61784.72,61793.97
1779678463,61793.97,61864.75,61761.97,61838.46
1779679363,61838.46,61861.07,61822.52,61841.39
1779680263,61841.39,61857.41,61788.38,61823.49
1779681163,61823.49,61859.53,61705.06,61711.29
1779682063,61711.29,61807.55,61693.92,61806.52
1779682963,61806.52,61812.82,61725.67,61768.71
1779683863,61768.71,61824.27,61757.6,61783.47
1779684763,61783.47,61931.16,61761.04,61930.9
1779685663,61930.9,62019.7,61908.6,62014.8
1779686563,62014.8,62042.24,61967.0,61973.24
1779687463,61973.24,62037.78,61968.82,61984.92
1779688363,61984.92,62017.99,61984.66,62010.36
1779689263,62010.36,62060.32,61962.89,62039.16
1779690163,62039.16,62101.88,62037.46,62068.73
1779691063,62068.73,62134.57,62032.23,62034.82
1779691963,62034.82,62077.11,61881.15,61900.14
1779692863,61900.14,61921.96,61715.89,61732.45
1779693763,61732.45,61760.91,61727.9,61735.22
1779694663,61735.22,61786.05,61576.14,61615.64
1779695563,61615.64,61654.18,61431.25,61432.41
1779696463,61432.41,61520.4,61384.4,61514.8
1779697363,61514.8,61737.53,61509.44,61731.05
1779698263,61731.05,61848.52,61637.31,61814.19
1779699163,61814.19,61840.82,61811.41,61821.83
1779700063,61821.83,61831.73,61723.39,61757.93
1779700963,61757.93,61917.86,61732.21,61896.39
1779701863,61896.39,61941.71,61874.86,61885.1
1779702763,61885.1,61890.82,61799.27,61833.69
1779703663,61833.69,61957.91,61813.35,61918.64
1779704563,61918.64,62053.1,61905.0,62050.93
1779705463,62050.93,62158.43,62029.58,62124.24
1779706363,62124.24,62144.88,62072.45,62094.73
1779707263,62094.73,62160.79,62091.35,62130.22
1779708163,62130.22,62246.91,62105.49,62231.1
1779709063,62231.1,62320.19,62223.66,62279.52
1779709963,62279.52,62310.12,62263.38,62296.16
1779710863,62296.16,62385.46,62281.48,62341.01
1779711763,62341.01,62417.15,62334.46,62394.83
1779712663,62394.83,62486.17,62378.17,62403.93
1779713563,62403.93,62431.91,62233.38,62261.64
1779714463,62261.64,62272.47,62212.72,62247.11
1779715363,62247.11,62262.83,62067.36,62090.79
1779716263,62090.79,62113.98,62083.55,62092.85
1779717163,62092.85,62100.13,62076.72,62098.62
1779718063,62098.62,62212.07,62081.34,62158.68
1779718963,62158.68,62213.32,62148.17,62185.65
1779719863,62185.65,62229.89,62163.24,62229.65
1779720763,62229.65,62342.18,62217.89,62265.95
1779721663,62265.95,62315.87,62238.91,62239.81
1779722563,62239.81,62240.45,62090.61,62104.47
1779723463,62104.47,62112.11,62103.76,62104.87
1779724363,62104.87,62188.27,62098.21,62145.01
1779725263,62145.01,62148.18,62126.92,62134.49
1779726163,62134.49,62145.82,62109.76,62115.18
1779727063,62115.18,62163.84,62109.7,62144.5
1779727963,62144.5,62164.47,62069.42,62087.81
1779728863,62087.81,62228.23,62063.68,62206.07
1779729763,62206.07,62232.36,62175.63,62181.07
1779730663,62181.07,62207.68,62066.47,62101.16
1779731563,62101.16,62257.35,62077.18,62217.15
1779732463,62217.15,62227.68,62142.81,62166.99
1779733363,62166.99,62186.95,61977.52,61983.69
1779734263,61983.69,62068.49,61946.18,62013.33
1779735163,62013.33,62038.18,61986.75,61993.58
1779736063,61993.58,62051.93,61865.19,61889.04
1779736963,61889.04,61916.01,61781.97,61792.1
1779737863,61792.1,61852.47,61752.48,61824.68
1779738763,61824.68,61954.08,61809.96,61942.63
1779739663,61942.63,61956.69,61934.91,61936.04
1779740563,61936.04,62029.8,61903.85,62026.33
1779741463,62026.33,62034.87,61875.53,61919.48
1779742363,61919.48,61971.04,61913.07,61969.27
1779743263,61969.27,61991.92,61926.86,61955.67
1779744163,61955.67,61967.16,61854.56,61896.3
1779745063,61896.3,61959.75,61849.9,61897.62
1779745963,61897.62,62032.49,61893.38,62025.28
1779746863,62025.28,62039.66,61964.31,61998.58
1779747763,61998.58,62030.18,61958.61,61987.8
1779748663,61987.8,62015.54,61946.58,61952.6
1779749563,61952.6,61968.25,61886.69,61916.53
1779750463,61916.53,62083.91,61863.67,62037.63
1779751363,62037.63,62055.17,61990.21,62001.39
1779752263,62001.39,62034.28,61960.44,62021.88
1779753163,62021.88,62084.11,62016.9,62075.49
1779754063,62075.49,62075.96,62004.99,62017.87
1779754963,62017.87,62036.62,61973.68,61986.2
1779755863,61986.2,61991.07,61948.06,61957.28
1779756763,61957.28,62058.14,61944.5,62007.68
1779757663,62007.68,62026.38,61984.18,62021.78
1779758563,62021.78,62095.87,62021.38,62094.61
1779759463,62094.61,62116.3,62014.36,62048.84
1779760363,62048.84,62052.66,61957.73,61986.48
1779761263,61986.48,62028.39,61984.69,62006.69
1779762163,62006.69,62020.45,62006.45,62017.2
1779763063,62017.2,62058.73,62009.35,62029.92
1779763963,62029.92,62071.23,61972.4,61973.87
1779764863,61973.87,62106.47,61963.74,62074.16
1779765763,62074.16,62180.69,62060.44,62142.79
1779766663,62142.79,62143.41,62037.38,62054.98
1779767563,62054.98,62094.99,62031.47,62090.64
1779768463,62090.64,62119.84,61981.31,61989.75
1779769363,61989.75,62085.24,61947.7,62068.52
1779770263,62068.52,62079.35,62055.53,62059.62
1779771163,62059.62,62068.67,61979.62,62015.99
1779772063,62015.99,62048.83,62014.46,62042.07
1779772963,62042.07,62155.46,62028.44,62143.01
1779773863,62143.01,62285.14,62124.84,62270.15
1779774763,62270.15,62315.19,62260.4,62305.41
1779775663,62305.41,62321.23,62258.3,62288.55
1779776563,62288.55,62373.24,62280.29,62346.04
1779777463,62346.04,62355.38,62327.15,62347.81
1779778363,62347.81,62355.11,62269.85,62331.38
1779779263,62331.38,62363.6,62278.59,62285.63
1779780163,62285.63,62295.61,62116.6,62173.27
1779781063,62173.27,62219.94,62166.97,62181.33
1779781963,62181.33,62213.05,62138.94,62151.86
1779782863,62151.86,62183.4,62102.13,62154.06
1779783763,62154.06,62186.05,62139.97,62164.61
1779784663,62164.61,62167.61,62066.96,62073.18
1779785563,62073.18,62094.02,62056.38,62078.13
1779786463,62078.13,62129.28,61984.8,62049.68
1779787363,62049.68,62080.5,62004.15,62012.74
1779788263,62012.74,62041.14,61989.0,62003.66
1779789163,62003.66,62030.82,61816.45,61866.83
1779790063,61866.83,61883.91,61809.57,61845.16
1779790963,61845.16,61882.97,61838.11,61870.31
1779791863,61870.31,61945.54,61831.68,61896.29
1779792763,61896.29,61904.02,61774.88,61796.81
1779793663,61796.81,61827.78,61706.57,61725.5
1779794563,61725.5,61817.34,61678.09,61787.9
1779795463,61787.9,61807.29,61694.74,61716.76
1779796363,61716.76,61760.29,61701.64,61717.31
1779797263,61717.31,61850.85,61686.23,61817.25
1779798163,61817.25,61837.18,61792.2,61816.72
1779799063,61816.72,61832.11,61726.75,61746.94
1779799963,61746.94,61840.06,61687.14,61807.58
1779800863,61807.58,61815.27,61727.08,61755.24
1779801763,61755.24,61770.86,61742.06,61767.25
1779802663,61767.25,61783.43,61592.51,61616.92
1779803563,61616.92,61644.1,61616.1,61626.05
1779804463,61626.05,61739.15,61580.42,61703.94
1779805363,61703.94,61711.01,61615.94,61644.45
1779806263,61644.45,61716.0,61621.69,61705.44
1779807163,61705.44,61775.33,61704.71,61755.04
1779808063,61755.04,61792.96,61750.11,61768.27
1779808963,61768.27,61818.53,61726.48,61740.37
1779809863,61740.37,61757.36,61706.64,61720.49
1779810763,61720.49,61726.56,61631.71,61652.35
1779811663,61652.35,61706.52,61454.39,61456.04
1779812563,61456.04,61476.74,61390.84,61401.7
1779813463,61401.7,61465.41,61387.27,61461.53
1779814363,61461.53,61590.19,61445.47,61553.3
1779815263,61553.3,61742.47,61545.36,61702.97
1779816163,61702.97,61806.0,61681.58,61802.0
1779817063,61802.0,61906.92,61761.35,61900.3
1779817963,61900.3,61928.84,61876.79,61909.57
1779818863,61909.57,61988.85,61905.74,61931.72
1779819763,61931.72,61962.74,61760.19,61827.33
1779820663,61827.33,61896.6,61813.37,61850.4
1779821563,61850.4,61871.7,61810.74,61837.8
1779822463,61837.8,61914.24,61835.96,61904.73
1779823363,61904.73,61941.54,61899.48,61933.51
1779824263,61933.51,61979.1,61917.11,61928.02
1779825163,61928.02,61943.02,61907.56,61912.27
1779826063,61912.27,61991.37,61906.21,61962.78
1779826963,61962.78,61994.55,61953.47,61960.89
1779827863,61960.89,62005.92,61745.0,61753.06
1779828763,61753.06,61781.23,61729.12,61768.58
1779829663,61768.58,61781.79,61652.11,61664.16
1779830563,61664.16,61695.69,61492.13,61539.28
1779831463,61539.28,61542.8,61442.84,61474.45
1779832363,61474.45,61491.11,61394.57,61400.79
1779833263,61400.79,61436.95,61383.54,61426.47
1779834163,61426.47,61504.18,61384.28,61472.02
1779835063,61472.02,61548.99,61469.1,61546.84
1779835963,61546.84,61560.43,61442.64,61445.64
1779836863,61445.64,61669.68,61413.78,61640.94
1779837763,61640.94,61710.01,61607.36,61679.2
1779838663,61679.2,61812.43,61660.56,61800.05
1779839563,61800.05,61853.22,61799.19,61833.19
1779840463,61833.19,61945.18,61804.73,61922.66
1779841363,61922.66,61955.88,61869.28,61913.58
1779842263,61913.58,61963.75,61877.05,61909.25
1779843163,61909.25,61990.75,61895.97,61974.44
1779844063,61974.44,62074.39,61925.77,62056.0
1779844963,62056.0,62151.04,61998.99,62136.88
1779845863,62136.88,62178.92,62100.94,62108.49
1779846763,62108.49,62180.06,62077.36,62091.2
1779847663,62091.2,62105.16,62063.66,62078.51
1779848563,62078.51,62253.71,62078.42,62222.1
1779849463,62222.1,62222.86,62162.93,62170.43
1779850363,62170.43,62211.85,62090.87,62125.57
1779851263,62125.57,62154.83,62053.71,62095.27
1779852163,62095.27,62236.71,62076.04,62200.05
1779853063,62200.05,62204.04,62081.11,62137.79
1779853963,62137.79,62188.32,62099.97,62173.21
1779854863,62173.21,62270.38,62158.6,62258.56
1779855763,62258.56,62333.17,62223.92,62322.9
1779856663,62322.9,62341.48,62272.43,62294.48
1779857563,62294.48,62303.86,62111.84,62131.66
1779858463,62131.66,62154.61,62043.99,62044.81
1779859363,62044.81,62068.89,62001.0,62003.76
1779860263,62003.76,62044.34,61954.46,61991.83
1779861163,61991.83,62147.51,61929.46,62136.75
1779862063,62136.75,62284.92,62099.97,62251.25
1779862963,62251.25,62298.91,62224.82,62297.21
1779863863,62297.21,62326.57,62291.39,62318.97
1779864763,62318.97,62340.75,62086.3,62093.58
1779865663,62093.58,62094.85,61979.95,62010.02
1779866563,62010.02,62217.89,61925.97,62179.04
1779867463,62179.04,62208.53,62112.05,62157.09
1779868363,62157.09,62216.67,62133.19,62185.79
1779869263,62185.79,62208.92,62159.69,62181.47
1779870163,62181.47,62206.19,62058.26,62067.14
1779871063,62067.14,62149.78,62060.51,62133.21
1779871963,62133.21,62184.71,62023.09,62025.9
1779872863,62025.9,62031.53,61932.07,61946.45
1779873763,61946.45,61955.35,61882.37,61884.78
1779874663,61884.78,61908.87,61758.09,61779.4
1779875563,61779.4,61964.16,61763.37,61934.69
1779876463,61934.69,61983.11,61727.53,61812.9
1779877363,61812.9,61905.52,61774.17,61859.46
1779878263,61859.46,61891.34,61791.83,61833.37
1779879163,61833.37,61867.71,61642.27,61706.02
1779880063,61706.02,61794.48,61694.91,61780.42
1779880963,61780.42,61801.36,61704.76,61778.89
1779881863,61778.89,61791.81,61562.69,61595.41
1779882763,61595.41,61644.54,61569.57,61622.07
1779883663,61622.07,61656.68,61554.83,61631.94
1779884563,61631.94,61659.48,61591.07,61644.58
1779885463,61644.58,61683.47,61553.0,61565.55
1779886363,61565.55,61611.4,61512.2,61553.52
1779887263,61553.52,61602.65,61542.26,61584.32
1779888163,61584.32,61600.66,61497.54,61507.57
1779889063,61507.57,61540.09,61496.69,61514.23
1779889963,61514.23,61555.96,61481.72,61493.64
1779890863,61493.64,61515.7,61447.23,61470.35
1779891763,61470.35,61691.83,61453.25,61675.23
1779892663,61675.23,61714.2,61604.24,61617.6
1779893563,61617.6,61689.76,61570.71,61671.7
1779894463,61671.7,61781.89,61645.82,61780.02
1779895363,61780.02,61818.07,61771.96,61807.75
1779896263,61807.75,61839.18,61714.42,61760.51
1779897163,61760.51,61781.29,61561.71,61573.73
1779898063,61573.73,61599.28,61466.15,61494.12
1779898963,61494.12,61563.75,61459.2,61550.53
1779899863,61550.53,61612.17,61478.85,61504.65
1779900763,61504.65,61526.74,61490.57,61518.91
1779901663,61518.91,61724.93,61502.11,61647.58
1779902563,61647.58,61703.48,61542.11,61545.12
1779903463,61545.12,61552.99,61478.6,61521.18
1779904363,61521.18,61540.91,61437.25,61440.65
1779905263,61440.65,61468.44,61341.84,61358.34
1779906163,61358.34,61461.78,61357.84,61453.76
1779907063,61453.76,61517.1,61432.04,61511.11
1779907963,61511.11,61625.07,61475.98,61564.0
1779908863,61564.0,61572.56,61506.59,61520.25
1779909763,61520.25,61587.88,61490.93,61584.49
1779910663,61584.49,61590.03,61501.25,61552.41
1779911563,61552.41,61615.84,61533.23,61611.87
1779912463,61611.87,61662.97,61530.36,61544.38
1779913363,61544.38,61552.7,61386.66,61409.53
1779914263,61409.53,61422.01,61347.1,61378.64
1779915163,61378.64,61401.56,61334.1,61379.8
1779916063,61379.8,61399.19,61357.74,61373.21
1779916963,61373.21,61394.27,61255.44,61260.68
1779917863,61260.68,61285.23,61211.8,61264.76
1779918763,61264.76,61404.25,61235.45,61401.96
1779919663,61401.96,61465.33,61370.79,61452.12
1779920563,61452.12,61491.61,61400.92,61471.95
1779921463,61471.95,61519.47,61444.64,61499.19
1779922363,61499.19,61510.89,61458.28,61469.29
1779923263,61469.29,61474.69,61458.15,61461.4
1779924163,61461.4,61553.41,61427.23,61533.82
1779925063,61533.82,61600.19,61384.06,61409.6
1779925963,61409.6,61459.66,61297.66,61318.97
1779926863,61318.97,61431.21,61269.93,61428.3
1779927763,61428.3,61461.62,61254.12,61304.14
1779928663,61304.14,61336.47,61253.83,61304.81
1779929563,61304.81,61328.35,61200.2,61212.77
1779930463,61212.77,61224.87,61177.14,61196.9
1779931363,61196.9,61228.79,61125.5,61134.72
1779932263,61134.72,61200.82,61083.91,61166.29
1779933163,61166.29,61178.31,61140.18,61170.15
1779934063,61170.15,61259.63,61102.84,61232.6
1779934963,61232.6,61333.37,61228.27,61284.35
1779935863,61284.35,61303.82,61166.8,61222.02
1779936763,61222.02,61401.26,61204.91,61365.09
1779937663,61365.09,61380.02,61271.41,61317.77
1779938563,61317.77,61387.26,61302.29,61330.56
1779939463,61330.56,61378.04,61207.71,61229.08
1779940363,61229.08,61284.13,61147.22,61165.68
1779941263,61165.68,61210.93,60971.73,61039.16
1779942163,61039.16,61147.16,61003.51,61139.17
1779943063,61139.17,61265.96,61109.38,61195.33
1779943963,61195.33,61213.12,61130.0,61159.36
1779944863,61159.36,61184.14,61085.73,61105.73
1779945763,61105.73,61252.04,61083.33,61209.12
1779946663,61209.12,61211.95,61166.18,61194.92
1779947563,61194.92,61257.84,61157.69,61247.65
1779948463,61247.65,61266.32,61234.84,61239.19
1779949363,61239.19,61332.74,61230.34,61292.5
1779950263,61292.5,61317.15,61232.08,61237.87
1779951163,61237.87,61305.64,61226.08,61236.2
1779952063,61236.2,61294.92,61125.52,61157.41
1779952963,61157.41,61196.88,61021.2,61046.77
1779953863,61046.77,61082.41,61041.71,61061.47
1779954763,61061.47,61104.45,61016.98,61081.84
1779955663,61081.84,61100.54,61066.58,61077.35
1779956563,61077.35,61095.58,61033.31,61065.77
1779957463,61065.77,61124.6,61041.87,61101.2
1779958363,61101.2,61139.33,61097.91,61123.83
1779959263,61123.83,61293.94,61100.17,61273.46
1779960163,61273.46,61350.4,61115.85,61196.46
1779961063,61196.46,61204.55,61111.88,61152.22
1779961963,61152.22,61310.7,61147.51,61257.94
1779962863,61257.94,61294.74,61164.66,61164.83
1779963763,61164.83,61325.62,61142.44,61280.25
1779964663,61280.25,61301.4,61166.72,61194.76
1779965563,61194.76,61232.35,61169.77,61219.99
1779966463,61219.99,61378.85,61207.89,61372.03
1779967363,61372.03,61379.33,61339.89,61376.47
1779968263,61376.47,61395.64,61233.84,61280.81
1779969163,61280.81,61354.87,61279.47,61353.88
1779970063,61353.88,61418.86,61294.01,61304.78
1779970963,61304.78,61336.62,61235.23,61269.9
1779971863,61269.9,61279.07,61174.98,61175.51
1779972763,61175.51,61181.14,61124.13,61150.26
1779973663,61150.26,61324.49,61149.91,61266.87
1779974563,61266.87,61274.99,61188.13,61211.12
1779975463,61211.12,61227.9,61128.05,61168.47
1779976363,61168.47,61169.31,61114.82,61162.6
1779977263,61162.6,61210.43,61154.75,61173.41
1779978163,61173.41,61179.0,61100.99,61132.79
1779979063,61132.79,61148.93,61017.12,61052.54
1779979963,61052.54,61072.58,60901.47,60908.2
1779980863,60908.2,60993.03,60902.92,60970.1
1779981763,60970.1,61074.79,60962.51,61044.0
1779982663,61044.0,61100.22,60913.03,60967.85
1779983563,60967.85,61116.15,60958.96,61091.71
1779984463,61091.71,61209.05,61035.61,61198.47
1779985363,61198.47,61241.83,61069.01,61102.85
1779986263,61102.85,61137.8,61089.8,61094.05
1779987163,61094.05,61097.55,60992.99,61017.41
1779988063,61017.41,61046.3,60990.35,61021.77
1779988963,61021.77,61071.47,60990.23,61020.66
1779989863,61020.66,61031.72,60935.61,60936.93
1779990763,60936.93,61135.9,60928.3,61086.46
1779991663,61086.46,61121.17,61056.61,61091.43
1779992563,61091.43,61195.35,61081.91,61135.26
1779993463,61135.26,61302.72,61110.55,61294.22
1779994363,61294.22,61341.41,61263.81,61329.78
1779995263,61329.78,61352.72,61315.92,61340.46
1779996163,61340.46,61436.51,61290.32,61422.86
1779997063,61422.86,61536.69,61412.47,61522.12
1779997963,61522.12,61578.18,61393.76,61410.63
1779998863,61410.63,61464.01,61380.67,61400.3
1779999763,61400.3,61476.59,61399.43,61454.27
1780000663,61454.27,61476.97,61435.38,61438.52
1780001563,61438.52,61680.7,61396.95,61667.06
1780002463,61667.06,61677.58,61550.25,61613.9
1780003363,61613.9,61624.37,61551.34,61563.23
1780004263,61563.23,61608.67,61322.71,61367.95
1780005163,61367.95,61370.31,61233.0,61237.35
1780006063,61237.35,61303.39,61121.68,61297.31
1780006963,61297.31,61354.89,61285.91,61353.95
1780007863,61353.95,61408.83,61297.46,61340.68
1780008763,61340.68,61360.94,61248.63,61272.6
1780009663,61272.6,61402.06,61240.86,61380.3
1780010563,61380.3,61385.43,61263.95,61320.53
1780011463,61320.53,61355.1,61270.3,61354.59
1780012363,61354.59,61504.12,61353.84,61454.25
1780013263,61454.25,61476.48,61270.22,61279.98
1780014163,61279.98,61302.66,61246.42,61298.45
1780015063,61298.45,61304.47,61239.92,61266.95
1780015963,61266.95,61311.45,61173.47,61176.59
1780016863,61176.59,61209.35,61133.31,61159.54
1780017763,61159.54,61190.08,61076.49,61119.02
1780018663,61119.02,61160.79,60993.83,60995.22
1780019563,60995.22,61006.41,60969.93,60981.42
1780020463,60981.42,61028.38,60794.63,60799.36
1780021363,60799.36,60806.42,60783.03,60791.77
1780022263,60791.77,60837.5,60766.27,60767.19
1780023163,60767.19,60787.0,60718.4,60760.84
1780024063,60760.84,60762.33,60569.96,60586.02
1780024963,60586.02,60609.86,60492.53,60531.07
1780025863,60531.07,60553.03,60461.51,60471.12
1780026763,60471.12,60481.66,60452.1,60455.88
1780027663,60455.88,60551.91,60437.54,60525.88
1780028563,60525.88,60595.45,60469.45,60574.12
1780029463,60574.12,60637.65,60546.29,60598.61
1780030363,60598.61,60647.5,60571.33,60645.89
1780031263,60645.89,60671.13,60636.08,60641.17
1780032163,60641.17,60696.37,60603.31,60680.82
1780033063,60680.82,60686.21,60629.15,60677.89
1780033963,60677.89,60701.94,60538.37,60579.91
1780034863,60579.91,60632.43,60575.61,60598.82
1780035763,60598.82,60731.23,60565.91,60673.17
1780036663,60673.17,60718.94,60596.06,60617.56
1780037563,60617.56,60679.44,60591.49,60655.84
1780038463,60655.84,60675.0,60572.4,60638.36
1780039363,60638.36,60678.23,60583.35,60604.09
1780040263,60604.09,60680.47,60587.47,60678.94
1780041163,60678.94,60753.26,60668.3,60723.89
1780042063,60723.89,60773.99,60619.78,60662.79
1780042963,60662.79,60869.9,60642.38,60822.2
1780043863,60822.2,60835.87,60762.39,60790.21
1780044763,60790.21,60887.81,60736.02,60858.96
1780045663,60858.96,60878.31,60836.39,60868.6
1780046563,60868.6,60908.84,60801.87,60836.81
1780047463,60836.81,60888.74,60753.33,60880.3
1780048363,60880.3,60906.63,60829.76,60877.45
1780049263,60877.45,61060.31,60851.84,60992.1
1780050163,60992.1,61049.96,60973.35,61049.02
1780051063,61049.02,61066.0,60845.93,60863.28
1780051963,60863.28,60968.68,60848.16,60895.62
1780052863,60895.62,61071.47,60890.91,61037.02
1780053763,61037.02,61113.21,60904.27,60907.74
1780054663,60907.74,60973.69,60890.29,60964.48
1780055563,60964.48,61029.86,60883.02,61005.4
1780056463,61005.4,61146.86,60972.6,61087.93
1780057363,61087.93,61176.76,61063.52,61153.85
1780058263,61153.85,61343.4,61120.95,61273.72
1780059163,61273.72,61274.98,61134.22,61148.05
1780060063,61148.05,61222.22,61128.69,61212.13
1780060963,61212.13,61232.03,61205.22,61221.24
1780061863,61221.24,61233.95,61215.5,61215.6
1780062763,61215.6,61305.49,61193.54,61287.5
1780063663,61287.5,61462.61,61283.87,61402.46
1780064563,61402.46,61446.8,61393.17,61422.83
1780065463,61422.83,61511.02,61382.53,61508.93
1780066363,61508.93,61607.82,61483.2,61575.21
1780067263,61575.21,61657.44,61555.97,61637.59
1780068163,61637.59,61640.57,61566.82,61592.98
1780069063,61592.98,61624.7,61420.05,61465.48
1780069963,61465.48,61550.94,61381.65,61520.51
1780070863,61520.51,61570.01,61473.35,61474.31
1780071763,61474.31,61488.24,61414.43,61423.39
1780072663,61423.39,61592.05,61401.01,61569.82
1780073563,61569.82,61593.98,61518.91,61527.62
1780074463,61527.62,61644.72,61526.19,61624.2
1780075363,61624.2,61636.53,61580.25,61587.1
1780076263,61587.1,61614.8,61531.28,61560.39
1780077163,61560.39,61569.1,61459.91,61465.7
1780078063,61465.7,61526.75,61454.87,61469.31
1780078963,61469.31,61499.15,61343.09,61375.85
1780079863,61375.85,61500.05,61362.18,61463.32
1780080763,61463.32,61518.97,61402.32,61488.26
1780081663,61488.26,61517.83,61477.81,61507.59
1780082563,61507.59,61519.46,61423.94,61437.93
1780083463,61437.93,61524.29,61411.2,61468.44
1780084363,61468.44,61490.82,61406.5,61435.73
1780085263,61435.73,61461.57,61357.74,61372.19
1780086163,61372.19,61372.31,61248.16,61252.65
1780087063,61252.65,61259.52,61199.83,61212.87
1780087963,61212.87,61252.09,61088.62,61105.01
1780088863,61105.01,61107.47,60938.61,60970.0
1780089763,60970.0,60975.07,60925.22,60942.06
1780090663,60942.06,61155.96,60906.91,61141.45
1780091563,61141.45,61144.42,60964.47,60991.63
1780092463,60991.63,60992.29,60936.68,60949.65
1780093363,60949.65,60965.22,60847.44,60853.68
1780094263,60853.68,60874.02,60795.88,60814.47
1780095163,60814.47,60974.89,60801.97,60931.56
1780096063,60931.56,60936.59,60720.36,60749.73
1780096963,60749.73,60775.21,60618.06,60651.96
1780097863,60651.96,60652.5,60619.66,60637.69
1780098763,60637.69,60735.05,60628.17,60682.8
1780099663,60682.8,60733.83,60658.15,60713.46
1780100563,60713.46,60761.04,60680.99,60750.4
1780101463,60750.4,60766.77,60598.11,60612.58
1780102363,60612.58,60638.42,60470.15,60510.28
1780103263,60510.28,60679.19,60457.05,60670.34
1780104163,60670.34,60693.52,60496.62,60510.21
1780105063,60510.21,60538.91,60411.34,60415.12
1780105963,60415.12,60481.44,60388.04,60449.16
1780106863,60449.16,60492.16,60353.82,60360.88
1780107763,60360.88,60528.8,60347.67,60461.49
1780108663,60461.49,60483.22,60280.56,60307.25
1780109563,60307.25,60443.49,60285.38,60408.39
1780110463,60408.39,60433.77,60350.17,60423.44
1780111363,60423.44,60566.55,60415.59,60552.95
1780112263,60552.95,60716.69,60540.19,60691.27
1780113163,60691.27,60735.74,60663.43,60696.23
1780114063,60696.23,60751.11,60665.86,60723.5
1780114963,60723.5,60761.12,60656.79,60680.37
1780115863,60680.37,60700.57,60522.97,60523.92
1780116763,60523.92,60525.15,60407.99,60413.36
1780117663,60413.36,60457.88,60341.48,60348.8
1780118563,60348.8,60401.96,60185.2,60192.27
1780119463,60192.27,60253.0,60123.85,60204.69
1780120363,60204.69,60228.02,60121.4,60132.29
1780121263,60132.29,60158.96,60015.56,60018.86
1780122163,60018.86,60173.06,59944.12,60164.13
1780123063,60164.13,60205.28,60127.03,60173.13
1780123963,60173.13,60228.92,60082.75,60133.39
1780124863,60133.39,60144.7,60050.32,60086.6
1780125763,60086.6,60124.4,60071.16,60122.33
1780126663,60122.33,60157.04,60102.53,60110.72
1780127563,60110.72,60146.84,60050.84,60053.24
1780128463,60053.24,60125.83,60046.02,60092.03
1780129363,60092.03,60114.55,59901.54,59941.46
1780130263,59941.46,60092.01,59911.65,60041.09
1780131163,60041.09,60151.55,60003.35,60128.4
1780132063,60128.4,60173.83,60088.77,60161.17
1780132963,60161.17,60202.38,60061.03,60090.55
1780133863,60090.55,60147.14,60089.96,60133.64
1780134763,60133.64,60221.54,60119.78,60188.5
1780135663,60188.5,60219.49,60112.67,60133.95
1780136563,60133.95,60374.02,60103.34,60316.3
1780137463,60316.3,60343.49,60232.42,60255.66
1780138363,60255.66,60272.68,60169.89,60203.86
1780139263,60203.86,60206.89,60135.97,60141.08
1780140163,60141.08,60234.89,60128.81,60210.75
1780141063,60210.75,60290.32,60189.19,60276.83
1780141963,60276.83,60468.42,60252.05,60456.3
1780142863,60456.3,60499.02,60409.24,60472.92
1780143763,60472.92,60483.65,60308.73,60341.77
1780144663,60341.77,60349.51,60242.8,60255.75
1780145563,60255.75,60501.02,60238.97,60461.81
1780146463,60461.81,60544.88,60409.45,60539.46
1780147363,60539.46,60563.34,60408.44,60419.95
1780148263,60419.95,60550.8,60389.26,60516.63
1780149163,60516.63,60614.51,60515.61,60591.39
1780150063,60591.39,60650.11,60575.22,60609.31
1780150963,60609.31,60670.21,60557.53,60664.49
1780151863,60664.49,60689.05,60486.18,60510.91
1780152763,60510.91,60528.88,60442.52,60455.37
1780153663,60455.37,60520.77,60353.89,60425.08
1780154563,60425.08,60507.59,60396.45,60486.52
1780155463,60486.52,60600.08,60470.98,60547.99
1780156363,60547.99,60628.89,60536.14,60579.72
1780157263,60579.72,60609.86,60525.48,60537.31
1780158163,60537.31,60540.3,60484.21,60499.51
1780159063,60499.51,60536.27,60479.53,60480.32
1780159963,60480.32,60489.77,60396.56,60412.06
1780160863,60412.06,60437.86,60304.24,60337.35
1780161763,60337.35,60338.46,60253.59,60297.34
1780162663,60297.34,60332.82,60273.57,60329.02
1780163563,60329.02,60332.76,60257.42,60258.22
1780164463,60258.22,60371.38,60247.28,60308.28
1780165363,60308.28,60345.25,60249.99,60298.07
1780166263,60298.07,60306.47,60232.75,60242.89
1780167163,60242.89,60283.17,60119.64,60148.81
1780168063,60148.81,60224.1,60146.62,60207.25
1780168963,60207.25,60312.51,60205.02,60290.13
1780169863,60290.13,60360.08,60266.0,60335.37
1780170763,60335.37,60378.21,60223.94,60278.6
1780171663,60278.6,60342.52,60267.86,60315.35
1780172563,60315.35,60341.11,60218.19,60226.22
1780173463,60226.22,60341.45,60211.03,60275.71
1780174363,60275.71,60288.5,60215.46,60221.81
1780175263,60221.81,60265.83,60164.08,60176.08
1780176163,60176.08,60215.64,60094.81,60109.21
1780177063,60109.21,60158.54,60044.28,60050.11
1780177963,60050.11,60129.15,60042.81,60067.87
1780178863,60067.87,60293.79,60057.88,60268.91
1780179763,60268.91,60294.9,60080.11,60115.43
1780180663,60115.43,60136.34,59951.39,59966.64
1780181563,59966.64,59993.37,59861.77,59888.58
1780182463,59888.58,59937.79,59878.99,59928.4
1780183363,59928.4,60011.95,59918.17,59984.94
1780184263,59984.94,59989.96,59882.83,59890.05
1780185163,59890.05,60006.74,59876.31,59967.96
1780186063,59967.96,60091.69,59961.97,60042.48
1780186963,60042.48,60050.01,59975.62,60013.46
1780187863,60013.46,60019.29,59947.08,59980.17
1780188763,59980.17,59988.15,59969.46,59977.47
1780189663,59977.47,59997.64,59851.72,59867.85
1780190563,59867.85,60017.59,59856.89,60003.28
1780191463,60003.28,60026.58,59967.01,60013.31
1780192363,60013.31,60035.49,59912.76,59958.27
1780193263,59958.27,60000.45,59930.96,59964.31
1780194163,59964.31,59996.24,59866.62,59871.5
1780195063,59871.5,59883.24,59772.91,59799.92
1780195963,59799.92,59983.13,59796.61,59954.9
1780196863,59954.9,59993.95,59890.88,59918.88
1780197763,59918.88,59935.39,59798.3,59817.91
1780198663,59817.91,59905.76,59783.55,59902.56
1780199563,59902.56,59935.5,59876.14,59919.59
1780200463,59919.59,59948.26,59730.27,59738.78
1780201363,59738.78,59742.83,59548.77,59589.88
1780202263,59589.88,59684.61,59546.29,59663.82
1780203163,59663.82,59668.21,59609.3,59623.29
1780204063,59623.29,59688.7,59529.26,59649.66
1780204963,59649.66,59710.48,59637.26,59703.03
1780205863,59703.03,59825.63,59645.33,59812.25
1780206763,59812.25,59853.64,59771.04,59849.35
1780207663,59849.35,59893.47,59821.44,59839.85
1780208563,59839.85,59851.69,59700.8,59733.21
1780209463,59733.21,59885.69,59698.56,59822.22
1780210363,59822.22,59852.3,59814.05,59840.87
1780211263,59840.87,59877.1,59773.24,59777.32
1780212163,59777.32,59807.95,59664.54,59685.42
1780213063,59685.42,59760.83,59675.47,59740.37
1780213963,59740.37,59890.21,59691.82,59855.7
1780214863,59855.7,59873.45,59649.1,59652.42
1780215763,59652.42,59672.55,59603.1,59664.66
1780216663,59664.66,59754.26,59624.33,59698.59
1780217563,59698.59,59722.24,59673.91,59708.08
1780218463,59708.08,59708.52,59577.33,59591.6
1780219363,59591.6,59647.92,59569.51,59618.34
1780220263,59618.34,59735.81,59603.8,59712.99
1780221163,59712.99,59758.59,59694.93,59748.31
1780222063,59748.31,59800.87,59714.98,59736.0
1780222963,59736.0,59746.49,59638.0,59669.88
1780223863,59669.88,59724.28,59635.87,59668.4
1780224763,59668.4,59673.23,59644.34,59666.81
1780225663,59666.81,59790.67,59612.32,59784.82
1780226563,59784.82,59804.41,59764.47,59794.75
1780227463,59794.75,59831.73,59760.03,59768.88
1780228363,59768.88,59805.11,59666.16,59667.37
1780229263,59667.37,59775.97,59631.68,59706.59
1780230163,59706.59,59836.85,59698.89,59804.38
1780231063,59804.38,59910.66,59794.64,59858.49
1780231963,59858.49,59903.61,59821.62,59877.54
1780232863,59877.54,59884.69,59825.81,59865.29
1780233763,59865.29,59977.78,59853.05,59946.81
1780234663,59946.81,59985.82,59910.09,59962.8
1780235563,59962.8,59989.41,59944.91,59983.69
1780236463,59983.69,59988.41,59862.37,59915.41
1780237363,59915.41,60043.05,59873.94,60015.29
1780238263,60015.29,60056.29,59915.45,59918.69
1780239163,59918.69,60029.63,59880.23,60019.37
1780240063,60019.37,60034.6,59894.18,59906.19
1780240963,59906.19,60062.29,59851.32,59948.59
1780241863,59948.59,59981.71,59845.02,59867.72
1780242763,59867.72,59973.75,59848.63,59944.69
1780243663,59944.69,59949.21,59880.6,59903.72
1780244563,59903.72,59921.59,59877.94,59888.57
1780245463,59888.57,59987.89,59887.72,59935.12
1780246363,59935.12,59952.49,59816.28,59825.05
1780247263,59825.05,59865.01,59672.3,59685.14
1780248163,59685.14,59786.98,59646.6,59771.8
1780249063,59771.8,59795.98,59606.59,59629.62
1780249963,59629.62,59640.98,59550.29,59597.29
1780250863,59597.29,59623.68,59424.85,59479.89
1780251763,59479.89,59488.61,59272.95,59349.58
1780252663,59349.58,59443.39,59305.67,59395.05
1780253563,59395.05,59429.18,59318.24,59375.29
1780254463,59375.29,59394.45,59320.9,59348.68
1780255363,59348.68,59454.87,59316.65,59433.54
1780256263,59433.54,59564.62,59352.66,59518.67
1780257163,59518.67,59558.88,59439.07,59500.1
1780258063,59500.1,59519.41,59464.5,59471.54
1780258963,59471.54,59515.9,59311.34,59327.0
1780259863,59327.0,59356.4,59276.1,59340.64
1780260763,59340.64,59395.4,59289.91,59335.02
1780261663,59335.02,59484.17,59299.7,59451.0
1780262563,59451.0,59456.24,59256.55,59273.87
1780263463,59273.87,59317.63,59255.94,59263.68
1780264363,59263.68,59354.85,59216.41,59306.0
1780265263,59306.0,59333.13,59132.64,59184.66
1780266163,59184.66,59200.98,59121.36,59142.88
1780267063,59142.88,59160.29,59042.59,59092.64
1780267963,59092.64,59115.05,59065.95,59073.0
1780268863,59073.0,59094.18,59004.86,59019.36
1780269763,59019.36,59098.52,58980.08,59059.36
1780270663,59059.36,59126.34,59014.59,59025.09
1780271563,59025.09,59053.29,58988.47,59048.09
1780272463,59048.09,59202.81,59036.65,59150.14
1780273363,59150.14,59213.52,59140.97,59196.5
1780274263,59196.5,59325.33,59183.94,59315.74
1780275163,59315.74,59378.25,59277.42,59358.56
1780276063,59358.56,59468.95,59289.25,59445.25
1780276963,59445.25,59535.25,59434.27,59512.36
1780277863,59512.36,59655.45,59505.89,59624.9
1780278763,59624.9,59742.8,59610.68,59717.04
1780279663,59717.04,59735.0,59677.61,59729.66
1780280563,59729.66,59783.68,59707.3,59782.82
1780281463,59782.82,59793.28,59764.15,59779.83
1780282363,59779.83,59819.16,59761.99,59809.2
1780283263,59809.2,59821.9,59707.2,59768.71
1780284163,59768.71,59788.36,59745.03,59760.3
1780285063,59760.3,59785.95,59677.35,59780.9
1780285963,59780.9,59799.11,59642.4,59671.67
1780286863,59671.67,59773.15,59667.01,59749.49
1780287763,59749.49,59751.23,59643.69,59672.63
1780288663,59672.63,59677.24,59552.56,59556.69
1780289563,59556.69,59622.08,59491.25,59529.34
1780290463,59529.34,59529.4,59450.34,59505.97
1780291363,59505.97,59513.5,59456.41,59462.27
1780292263,59462.27,59495.92,59424.91,59433.23
1780293163,59433.23,59441.61,59325.43,59381.0
1780294063,59381.0,59511.52,59350.76,59462.26
1780294963,59462.26,59463.6,59312.89,59344.64
1780295863,59344.64,59382.8,59305.5,59312.64
1780296763,59312.64,59332.74,59267.98,59323.62
1780297663,59323.62,59383.33,59273.52,59338.27
1780298563,59338.27,59464.36,59300.96,59453.24
1780299463,59453.24,59588.1,59453.06,59577.74
1780300363,59577.74,59579.79,59446.84,59462.58
1780301263,59462.58,59671.19,59451.35,59573.76
1780302163,59573.76,59580.08,59456.23,59470.27
1780303063,59470.27,59640.26,59457.43,59615.06
1780303963,59615.06,59645.1,59579.17,59601.84
1780304863,59601.84,59617.92,59499.25,59523.37
1780305763,59523.37,59547.63,59505.18,59527.73
1780306663,59527.73,59570.55,59508.12,59530.04
1780307563,59530.04,59569.43,59421.97,59468.71
1780308463,59468.71,59555.13,59450.16,59546.21
1780309363,59546.21,59590.62,59523.59,59547.28
1780310263,59547.28,59589.46,59518.66,59551.56
1780311163,59551.56,59552.27,59542.44,59546.73
1780312063,59546.73,59719.65,59540.88,59667.97
1780312963,59667.97,59819.47,59651.95,59804.79
1780313863,59804.79,59805.34,59720.28,59737.51
1780314763,59737.51,59764.18,59620.62,59635.88
1780315663,59635.88,59655.68,59472.15,59477.96
1780316563,59477.96,59533.08,59415.77,59507.78
1780317463,59507.78,59522.42,59457.44,59467.56
1780318363,59467.56,59485.21,59396.16,59399.07
1780319263,59399.07,59425.29,59394.48,59420.73
1780320163,59420.73,59439.76,59376.61,59388.55
1780321063,59388.55,59463.74,59346.11,59449.81
1780321963,59449.81,59460.27,59403.04,59440.38
1780322863,59440.38,59498.28,59419.08,59496.7
1780323763,59496.7,59530.19,59337.85,59347.86
1780324663,59347.86,59350.48,59184.08,59190.23
1780325563,59190.23,59210.16,59111.41,59140.58
1780326463,59140.58,59316.88,59135.37,59282.06
1780327363,59282.06,59361.09,59257.18,59321.85
1780328263,59321.85,59357.62,59292.68,59357.22
1780329163,59357.22,59424.64,59314.93,59419.8
1780330063,59419.8,59428.78,59351.61,59353.64
1780330963,59353.64,59435.17,59303.32,59432.36
1780331863,59432.36,59448.68,59229.49,59287.47
1780332763,59287.47,59339.52,59283.29,59329.76
1780333663,59329.76,59343.63,59252.68,59286.33
1780334563,59286.33,59501.76,59228.38,59463.55
1780335463,59463.55,59521.78,59425.44,59490.28
1780336363,59490.28,59513.85,59339.22,59374.98
1780337263,59374.98,59378.78,59314.49,59317.11
1780338163,59317.11,59394.0,59302.0,59366.56
1780339063,59366.56,59470.05,59341.41,59427.61
1780339963,59427.61,59627.72,59427.54,59543.8
1780340863,59543.8,59617.66,59539.11,59616.72
1780341763,59616.72,59623.87,59513.67,59550.02
1780342663,59550.02,59622.4,59527.47,59615.56
1780343563,59615.56,59634.11,59499.35,59554.1
1780344463,59554.1,59577.73,59272.46,59317.29
1780345363,59317.29,59430.06,59302.53,59420.02
1780346263,59420.02,59534.72,59383.31,59521.91
1780347163,59521.91,59547.07,59354.4,59384.85
1780348063,59384.85,59530.3,59372.02,59495.78
1780348963,59495.78,59543.38,59474.2,59516.44
1780349863,59516.44,59608.31,59505.02,59606.87
1780350763,59606.87,59701.08,59558.95,59688.8
1780351663,59688.8,59705.19,59558.4,59611.28
1780352563,59611.28,59628.48,59576.65,59600.86
1780353463,59600.86,59612.5,59503.76,59541.45
1780354363,59541.45,59726.07,59495.66,59704.63
1780355263,59704.63,59724.43,59606.33,59608.57
1780356163,59608.57,59757.41,59603.63,59730.07
1780357063,59730.07,59758.86,59567.66,59596.68
1780357963,59596.68,59725.81,59557.72,59670.34
1780358863,59670.34,59805.93,59652.71,59792.29
1780359763,59792.29,59843.83,59769.54,59823.06
1780360663,59823.06,59825.39,59799.46,59803.03
1780361563,59803.03,59833.87,59704.97,59717.03
1780362463,59717.03,59736.18,59642.14,59643.01
1780363363,59643.01,59694.45,59566.59,59588.86
1780364263,59588.86,59640.64,59570.11,59623.86
1780365163,59623.86,59635.36,59573.29,59633.91
1780366063,59633.91,59649.29,59459.69,59522.06
1780366963,59522.06,59626.2,59432.68,59620.98
1780367863,59620.98,59720.31,59604.07,59693.66
1780368763,59693.66,59726.83,59664.11,59718.65
1780369663,59718.65,59841.58,59708.72,59832.55
1780370563,59832.55,59884.46,59787.29,59879.27
1780371463,59879.27,59893.23,59853.41,59883.57
1780372363,59883.57,59990.94,59873.71,59970.3
1780373263,59970.3,60006.66,59843.42,59868.22
1780374163,59868.22,59905.65,59650.09,59713.83
1780375063,59713.83,59774.16,59545.94,59547.1
1780375963,59547.1,59630.61,59532.04,59604.36
1780376863,59604.36,59617.55,59560.67,59580.84
1780377763,59580.84,59704.91,59548.09,59664.4
1780378663,59664.4,59672.0,59613.74,59636.08
1780379563,59636.08,59638.13,59624.65,59633.89
1780380463,59633.89,59727.23,59630.44,59669.05
1780381363,59669.05,59779.87,59645.09,59767.08
1780382263,59767.08,59777.41,59622.96,59630.64
1780383163,59630.64,59703.83,59620.57,59662.63
1780384063,59662.63,59707.77,59644.55,59671.56
1780384963,59671.56,59689.76,59650.61,59674.53
1780385863,59674.53,59806.39,59638.12,59764.1
1780386763,59764.1,60038.02,59713.29,59957.74
1780387663,59957.74,60037.96,59947.0,60032.71
1780388563,60032.71,60079.58,59888.95,59945.87
1780389463,59945.87,59959.24,59809.13,59837.62
1780390363,59837.62,59867.9,59829.69,59864.09
1780391263,59864.09,59936.63,59818.75,59829.84
1780392163,59829.84,59913.26,59814.22,59882.68
1780393063,59882.68,59919.2,59819.04,59911.54
1780393963,59911.54,59983.56,59849.26,59877.88
1780394863,59877.88,60086.29,59870.78,60051.77
1780395763,60051.77,60084.61,59927.07,59935.49
1780396663,59935.49,59940.78,59812.76,59844.55
1780397563,59844.55,59860.16,59746.43,59797.72
1780398463,59797.72,59950.24,59784.44,59925.36
1780399363,59925.36,59930.78,59810.33,59828.05
1780400263,59828.05,59896.32,59813.06,59865.33
1780401163,59865.33,59875.19,59766.12,59796.21
1780402063,59796.21,59859.86,59761.78,59809.4
1780402963,59809.4,59815.23,59783.58,59784.65
1780403863,59784.65,59809.25,59759.07,59805.12
1780404763,59805.12,59811.93,59777.71,59793.4
1780405663,59793.4,59919.3,59788.08,59913.28
1780406563,59913.28,59961.35,59796.16,59797.26
1780407463,59797.26,59798.99,59719.63,59730.18
1780408363,59730.18,59735.79,59685.69,59720.47
1780409263,59720.47,59870.08,59665.51,59824.44
1780410163,59824.44,59895.06,59793.59,59891.34
1780411063,59891.34,59959.49,59887.98,59940.81
1780411963,59940.81,59959.65,59777.78,59801.9
1780412863,59801.9,59831.51,59756.04,59765.08
1780413763,59765.08,59918.61,59717.51,59912.55
1780414663,59912.55,60018.21,59909.89,60005.55
1780415563,60005.55,60073.92,59920.53,59939.4
1780416463,59939.4,59948.91,59904.42,59944.34
1780417363,59944.34,60008.96,59922.41,59925.08
1780418263,59925.08,59944.49,59862.04,59904.14
1780419163,59904.14,59951.96,59855.21,59879.11
1780420063,59879.11,59947.17,59861.96,59926.75
1780420963,59926.75,59949.69,59894.46,59920.34
1780421863,59920.34,59964.34,59881.46,59907.09
1780422763,59907.09,60035.64,59884.13,60011.49
1780423663,60011.49,60036.46,59986.5,60031.35
1780424563,60031.35,60129.26,59994.49,60084.31
1780425463,60084.31,60085.97,60021.31,60041.93
1780426363,60041.93,60050.24,59987.94,59991.94
1780427263,59991.94,60033.0,59987.36,60018.83
1780428163,60018.83,60022.28,59898.45,59945.2
1780429063,59945.2,60037.32,59921.48,60031.08
1780429963,60031.08,60044.53,60015.16,60032.57
1780430863,60032.57,60036.58,59925.66,59960.37
1780431763,59960.37,60152.38,59895.85,60109.32
1780432663,60109.32,60130.61,60050.24,60057.08
1780433563,60057.08,60112.81,60048.21,60094.16
1780434463,60094.16,60113.97,60021.85,60025.5
1780435363,60025.5,60124.94,60019.08,60072.53
1780436263,60072.53,60133.3,59958.41,59977.72
1780437163,59977.72,60204.57,59975.26,60127.52
1780438063,60127.52,60198.42,60106.62,60185.51
1780438963,60185.51,60200.8,60037.73,60046.49
1780439863,60046.49,60150.32,60009.04,60120.61
1780440763,60120.61,60127.18,60092.23,60109.82
1780441663,60109.82,60170.57,59931.67,59996.92
1780442563,59996.92,60000.0,59939.51,59961.28
1780443463,59961.28,60051.83,59952.87,60037.12
1780444363,60037.12,60054.19,59932.76,59948.42
1780445263,59948.42,59996.97,59929.56,59973.07
1780446163,59973.07,59994.46,59859.51,59919.76
1780447063,59919.76,59921.89,59843.3,59872.09
1780447963,59872.09,59899.02,59855.68,59859.68
1780448863,59859.68,59885.97,59732.49,59754.93
1780449763,59754.93,59942.6,59722.71,59913.63
1780450663,59913.63,60005.34,59867.77,59969.73
1780451563,59969.73,59979.9,59842.81,59910.89
1780452463,59910.89,59945.18,59818.16,59842.04
1780453363,59842.04,59956.24,59784.44,59906.01
1780454263,59906.01,59940.22,59812.7,59816.47
1780455163,59816.47,59859.04,59793.24,59811.92
1780456063,59811.92,59815.58,59678.32,59721.24
1780456963,59721.24,59877.56,59695.39,59839.27
1780457863,59839.27,59998.82,59822.83,59987.83
1780458763,59987.83,60036.57,59981.43,60032.15
1780459663,60032.15,60053.33,59891.9,59939.82
1780460563,59939.82,59988.84,59916.59,59984.08
1780461463,59984.08,60159.91,59945.55,60088.72
1780462363,60088.72,60102.03,60007.73,60025.64
1780463263,60025.64,60067.61,59971.86,60062.55
1780464163,60062.55,60151.72,60022.4,60099.27
1780465063,60099.27,60175.28,60069.83,60088.27
1780465963,60088.27,60194.66,60028.39,60180.1
1780466863,60180.1,60207.3,60086.48,60115.45
1780467763,60115.45,60207.73,60033.33,60193.54
1780468663,60193.54,60249.33,60007.85,60015.58
1780469563,60015.58,60178.16,59981.97,60157.88
1780470463,60157.88,60201.09,60017.17,60059.31
1780471363,60059.31,60073.12,60004.63,60032.58
1780472263,60032.58,60055.96,59913.99,59926.5
1780473163,59926.5,59950.82,59773.68,59787.54
1780474063,59787.54,59802.55,59771.97,59797.99
1780474963,59797.99,59914.3,59772.27,59872.16
1780475863,59872.16,59883.55,59732.85,59736.43
1780476763,59736.43,59746.29,59720.05,59743.14
1780477663,59743.14,59758.21,59634.19,59646.56
1780478563,59646.56,59699.1,59513.9,59537.69
1780479463,59537.69,59570.92,59388.9,59404.47
1780480363,59404.47,59437.64,59340.58,59350.99
1780481263,59350.99,59458.66,59332.73,59419.37
1780482163,59419.37,59590.06,59397.48,59526.1
1780483063,59526.1,59573.48,59497.75,59553.2
1780483963,59553.2,59636.79,59516.4,59607.72
1780484863,59607.72,59698.69,59555.57,59686.71
1780485763,59686.71,59691.03,59603.09,59641.88
1780486663,59641.88,59659.65,59588.01,59592.64
1780487563,59592.64,59717.11,59580.01,59696.5
1780488463,59696.5,59815.16,59668.19,59776.04
1780489363,59776.04,59787.77,59590.49,59634.81
1780490263,59634.81,59705.93,59625.47,59675.91
1780491163,59675.91,59693.91,59554.9,59608.16
1780492063,59608.16,59637.06,59607.09,59624.92
1780492963,59624.92,59664.62,59622.1,59640.61
1780493863,59640.61,59706.29,59636.46,59642.17
1780494763,59642.17,59673.51,59616.11,59618.93
1780495663,59618.93,59670.47,59609.8,59659.26
1780496563,59659.26,59747.79,59616.77,59746.85
1780497463,59746.85,59751.56,59688.95,59696.32
1780498363,59696.32,59697.76,59626.19,59653.84
1780499263,59653.84,59664.25,59618.23,59639.88
1780500163,59639.88,59667.0,59629.94,59657.91
1780501063,59657.91,59789.92,59639.2,59781.57
1780501963,59781.57,59872.16,59774.03,59837.72
1780502863,59837.72,59974.96,59826.73,59904.24
1780503763,59904.24,60197.52,59898.68,60181.22
1780504663,60181.22,60331.91,60148.32,60298.08
1780505563,60298.08,60307.11,60118.47,60125.63
1780506463,60125.63,60135.35,60064.08,60086.85
1780507363,60086.85,60101.63,59925.52,59941.58
1780508263,59941.58,59956.0,59905.52,59948.33
1780509163,59948.33,60006.18,59918.44,59956.62
1780510063,59956.62,60057.44,59907.72,60013.65
1780510963,60013.65,60042.54,59859.89,59900.02
1780511863,59900.02,59925.65,59823.64,59891.05
1780512763,59891.05,59932.03,59839.36,59846.09
1780513663,59846.09,59883.6,59824.96,59873.32
1780514563,59873.32,59887.08,59693.23,59725.55
1780515463,59725.55,59907.68,59705.77,59859.68
1780516363,59859.68,59924.6,59848.83,59883.61
1780517263,59883.61,59945.13,59882.18,59927.34
1780518163,59927.34,60125.38,59906.39,60080.43
1780519063,60080.43,60228.28,60051.54,60184.5
1780519963,60184.5,60219.35,59988.73,60041.53
1780520863,60041.53,60063.12,59987.68,60029.08
1780521763,60029.08,60180.87,60028.92,60148.77
1780522663,60148.77,60173.53,60133.97,60169.66
1780523563,60169.66,60254.22,60158.35,60226.86
1780524463,60226.86,60311.19,60198.31,60269.65
1780525363,60269.65,60329.88,60251.78,60311.49
1780526263,60311.49,60353.88,60204.7,60263.27
1780527163,60263.27,60395.6,60261.66,60346.02
1780528063,60346.02,60353.97,60292.28,60313.9
1780528963,60313.9,60346.27,60265.18,60344.95
1780529863,60344.95,60460.55,60316.95,60421.05
1780530763,60421.05,60456.29,60363.9,60366.88
1780531663,60366.88,60477.79,60314.67,60454.49
1780532563,60454.49,60523.42,60427.8,60488.63
1780533463,60488.63,60503.34,60413.25,60443.63
1780534363,60443.63,60490.62,60429.4,60431.84
1780535263,60431.84,60444.69,60416.85,60428.35
1780536163,60428.35,60463.79,60340.89,60360.24
1780537063,60360.24,60474.45,60344.61,60472.59
1780537963,60472.59,60523.14,60403.99,60406.13
1780538863,60406.13,60410.14,60323.83,60360.06
1780539763,60360.06,60446.15,60354.53,60373.11
1780540663,60373.11,60390.18,60320.01,60362.79
1780541563,60362.79,60406.38,60347.86,60364.06
1780542463,60364.06,60434.83,60352.95,60426.22
1780543363,60426.22,60477.08,60395.85,60469.44
1780544263,60469.44,60569.21,60462.67,60565.19
1780545163,60565.19,60601.63,60433.61,60440.27
1780546063,60440.27,60526.59,60381.86,60517.27
1780546963,60517.27,60577.63,60477.62,60575.07
1780547863,60575.07,60654.0,60557.64,60651.94
1780548763,60651.94,60659.98,60557.64,60594.61
1780549663,60594.61,60627.95,60449.06,60451.26
1780550563,60451.26,60608.86,60422.96,60542.67
1780551463,60542.67,60567.56,60447.76,60472.95
1780552363,60472.95,60529.51,60452.92,60511.07
1780553263,60511.07,60511.82,60449.21,60474.21
1780554163,60474.21,60550.99,60461.65,60508.19
1780555063,60508.19,60603.52,60501.42,60550.14
1780555963,60550.14,60627.37,60544.32,60615.76
1780556863,60615.76,60735.39,60578.69,60722.69
1780557763,60722.69,60791.59,60684.6,60762.63
1780558663,60762.63,60855.29,60731.83,60827.71
1780559563,60827.71,60828.81,60786.56,60807.35
1780560463,60807.35,60869.79,60785.16,60823.4
1780561363,60823.4,60836.15,60811.09,60830.07
1780562263,60830.07,60831.25,60687.25,60728.01
1780563163,60728.01,60823.58,60715.9,60815.94
1780564063,60815.94,60849.53,60763.63,60796.99
1780564963,60796.99,60953.13,60762.19,60925.63
1780565863,60925.63,60997.87,60914.35,60975.63
1780566763,60975.63,60985.87,60908.09,60909.63
1780567663,60909.63,60943.17,60757.81,60851.22
1780568563,60851.22,60909.27,60807.59,60900.93
1780569463,60900.93,60920.48,60799.34,60814.21
1780570363,60814.21,60991.02,60794.94,60963.97
1780571263,60963.97,60968.35,60868.47,60873.45
1780572163,60873.45,60911.59,60853.79,60907.14
1780573063,60907.14,60948.26,60856.21,60924.74
1780573963,60924.74,60931.63,60899.53,60902.22
1780574863,60902.22,60962.38,60888.1,60952.17
1780575763,60952.17,61090.22,60918.31,61009.43
1780576663,61009.43,61013.64,60788.34,60793.97
1780577563,60793.97,60948.22,60762.15,60878.49
1780578463,60878.49,60926.12,60645.01,60670.41
1780579363,60670.41,60746.5,60667.77,60711.45
1780580263,60711.45,60736.89,60688.44,60723.95
1780581163,60723.95,60734.61,60662.17,60675.96
1780582063,60675.96,60737.5,60658.98,60695.75
1780582963,60695.75,60712.29,60679.94,60712.27
1780583863,60712.27,60779.59,60677.87,60764.67
1780584763,60764.67,60915.14,60747.24,60859.58
1780585663,60859.58,60914.02,60834.25,60908.49
1780586563,60908.49,60953.21,60905.0,60944.97
1780587463,60944.97,61012.71,60920.18,60930.88
1780588363,60930.88,60971.07,60844.7,60892.03
1780589263,60892.03,60923.15,60884.71,60922.3
1780590163,60922.3,60950.3,60918.41,60936.0
1780591063,60936.0,61016.68,60898.03,60981.0
1780591963,60981.0,60993.4,60946.7,60988.78
1780592863,60988.78,61014.9,60894.5,60908.99
1780593763,60908.99,60958.85,60900.77,60944.53
1780594663,60944.53,60961.3,60837.85,60889.83
1780595563,60889.83,60905.8,60823.34,60843.19
1780596463,60843.19,60882.16,60836.11,60868.27
1780597363,60868.27,60889.72,60801.43,60809.2
1780598263,60809.2,60817.42,60728.72,60732.34
1780599163,60732.34,60764.77,60665.24,60673.25
1780600063,60673.25,60681.56,60612.44,60666.02
1780600963,60666.02,60711.89,60564.62,60612.57
1780601863,60612.57,60661.09,60594.29,60657.69
1780602763,60657.69,60683.37,60493.36,60555.72
1780603663,60555.72,60621.17,60555.36,60581.48
1780604563,60581.48,60698.6,60580.97,60685.95
1780605463,60685.95,60755.0,60655.66,60670.06
1780606363,60670.06,60715.18,60491.54,60512.03
1780607263,60512.03,60631.57,60498.17,60583.45
1780608163,60583.45,60589.41,60421.36,60479.18
1780609063,60479.18,60509.58,60343.6,60394.6
1780609963,60394.6,60399.17,60266.34,60296.77
1780610863,60296.77,60313.52,60146.17,60165.56
1780611763,60165.56,60372.05,60153.64,60369.81
1780612663,60369.81,60509.56,60355.34,60481.71
1780613563,60481.71,60518.67,60431.98,60477.9
1780614463,60477.9,60497.2,60405.62,60431.65
1780615363,60431.65,60471.8,60384.45,60408.51
1780616263,60408.51,60507.04,60370.96,60471.52
1780617163,60471.52,60533.54,60471.16,60507.61
1780618063,60507.61,60587.95,60458.03,60581.13
1780618963,60581.13,60596.58,60528.66,60582.27
1780619863,60582.27,60673.18,60566.52,60654.26
1780620763,60654.26,60815.78,60648.95,60795.73
1780621663,60795.73,60834.9,60785.52,60832.98
1780622563,60832.98,60853.18,60750.62,60763.36
1780623463,60763.36,60775.26,60557.08,60572.47
1780624363,60572.47,60670.99,60566.55,60630.83
1780625263,60630.83,60685.04,60628.46,60653.05
1780626163,60653.05,60753.73,60598.04,60709.45
1780627063,60709.45,60750.89,60639.52,60698.64
1780627963,60698.64,60701.2,60610.75,60611.16
1780628863,60611.16,60675.51,60594.21,60667.53
1780629763,60667.53,60704.85,60556.96,60703.31
1780630663,60703.31,60721.98,60638.08,60690.89
1780631563,60690.89,60742.16,60516.34,60540.79
1780632463,60540.79,60590.93,60538.91,60589.0
1780633363,60589.0,60590.13,60490.57,60501.55
1780634263,60501.55,60508.81,60413.94,60486.7
1780635163,60486.7,60502.69,60441.14,60500.24
1780636063,60500.24,60519.97,60470.31,60518.39
1780636963,60518.39,60533.55,60474.51,60501.17
1780637863,60501.17,60574.43,60477.53,60559.61
1780638763,60559.61,60610.35,60549.24,60607.78
1780639663,60607.78,60634.52,60392.16,60424.99
1780640563,60424.99,60509.52,60404.54,60488.6
1780641463,60488.6,60518.49,60395.11,60418.83
1780642363,60418.83,60418.99,60399.94,60411.31
1780643263,60411.31,60530.14,60399.52,60526.84
1780644163,60526.84,60615.59,60521.84,60548.13
1780645063,60548.13,60557.33,60460.88,60461.59
1780645963,60461.59,60510.13,60358.99,60374.86
1780646863,60374.86,60424.73,60351.77,60390.93
1780647763,60390.93,60397.49,60340.93,60359.99
1780648663,60359.99,60382.41,60345.68,60381.9
1780649563,60381.9,60406.22,60353.72,60375.17
1780650463,60375.17,60397.78,60208.01,60254.46
1780651363,60254.46,60255.61,60029.74,60036.2
1780652263,60036.2,60103.11,60016.61,60091.94
1780653163,60091.94,60287.27,60066.79,60277.29
1780654063,60277.29,60295.14,60201.16,60204.25
1780654963,60204.25,60275.37,60182.56,60261.98
1780655863,60261.98,60274.1,60178.56,60186.83
1780656763,60186.83,60206.94,60109.03,60116.97
1780657663,60116.97,60211.19,60093.28,60208.1
1780658563,60208.1,60212.2,60046.42,60074.48
1780659463,60074.48,60244.74,60073.32,60210.86
1780660363,60210.86,60224.41,60104.41,60141.86
1780661263,60141.86,60227.7,60121.18,60189.59
1780662163,60189.59,60200.6,60173.02,60182.61
1780663063,60182.61,60216.72,60165.95,60176.71
1780663963,60176.71,60197.65,60124.89,60125.62
1780664863,60125.62,60136.18,60004.13,60063.69
1780665763,60063.69,60146.46,60028.97,60141.4
1780666663,60141.4,60209.41,60093.55,60110.07
1780667563,60110.07,60260.86,60099.81,60235.03
1780668463,60235.03,60244.68,60057.11,60079.12
1780669363,60079.12,60122.5,60026.2,60067.83
1780670263,60067.83,60092.82,60012.22,60024.87
1780671163,60024.87,60062.83,59937.03,60035.08
1780672063,60035.08,60103.03,60030.37,60096.91
1780672963,60096.91,60142.53,60030.21,60136.18
1780673863,60136.18,60181.0,59964.84,59990.76
1780674763,59990.76,60035.97,59985.72,60023.05
1780675663,60023.05,60167.25,60007.96,60127.1
1780676563,60127.1,60147.94,60116.71,60136.76
1780677463,60136.76,60153.49,60123.83,60148.44
1780678363,60148.44,60201.74,60002.29,60047.72
1780679263,60047.72,60064.71,59998.04,60004.66
1780680163,60004.66,60095.04,59979.31,60056.46
1780681063,60056.46,60060.93,59997.9,60021.4
1780681963,60021.4,60249.52,59998.88,60232.25
1780682863,60232.25,60396.87,60214.33,60394.99
1780683763,60394.99,60412.99,60331.65,60360.58
1780684663,60360.58,60391.72,60331.49,60380.15
1780685563,60380.15,60418.17,60348.34,60359.71
1780686463,60359.71,60422.34,60313.2,60400.84
1780687363,60400.84,60407.05,60303.25,60305.47
1780688263,60305.47,60389.74,60296.6,60376.03
1780689163,60376.03,60450.57,60339.5,60384.31
1780690063,60384.31,60474.56,60384.3,60434.18
1780690963,60434.18,60439.62,60390.43,60400.84
1780691863,60400.84,60513.83,60392.65,60496.78
1780692763,60496.78,60555.36,60445.25,60554.59
1780693663,60554.59,60579.84,60477.73,60485.96
1780694563,60485.96,60513.39,60476.73,60512.28
1780695463,60512.28,60548.15,60495.15,60506.19
1780696363,60506.19,60533.13,60427.47,60462.8
1780697263,60462.8,60490.39,60345.8,60388.79
1780698163,60388.79,60490.12,60368.34,60427.02
1780699063,60427.02,60546.75,60407.35,60493.61
1780699963,60493.61,60511.56,60488.76,60500.88
1780700863,60500.88,60524.2,60463.63,60495.52
1780701763,60495.52,60611.96,60483.92,60580.41
1780702663,60580.41,60610.82,60447.35,60502.4
1780703563,60502.4,60609.18,60482.52,60592.13
1780704463,60592.13,60612.08,60488.68,60496.8
1780705363,60496.8,60556.53,60494.74,60518.84
1780706263,60518.84,60535.03,60516.01,60530.76
1780707163,60530.76,60567.21,60500.86,60562.9
1780708063,60562.9,60596.3,60502.56,60541.56
1780708963,60541.56,60606.19,60538.19,60585.13
1780709863,60585.13,60639.67,60584.02,60636.14
1780710763,60636.14,60704.32,60606.62,60675.82
1780711663,60675.82,60684.8,60594.71,60629.86
1780712563,60629.86,60683.1,60549.38,60572.87
1780713463,60572.87,60574.95,60559.31,60560.14
1780714363,60560.14,60627.2,60554.89,60617.26
1780715263,60617.26,60626.65,60553.65,60565.42
1780716163,60565.42,60640.59,60529.43,60631.74
1780717063,60631.74,60745.25,60604.75,60717.19
1780717963,60717.19,60791.46,60699.67,60767.89
1780718863,60767.89,60787.92,60693.1,60696.75
1780719763,60696.75,60903.95,60672.83,60851.12
1780720663,60851.12,60893.78,60834.66,60877.16
1780721563,60877.16,60980.29,60854.04,60978.6
1780722463,60978.6,61000.77,60900.11,60952.48
1780723363,60952.48,60953.08,60886.2,60917.96
1780724263,60917.96,60953.87,60828.37,60889.15
1780725163,60889.15,60897.94,60873.85,60881.71
1780726063,60881.71,60914.28,60859.54,60893.45
1780726963,60893.45,60939.88,60871.18,60911.17
1780727863,60911.17,60943.07,60847.57,60870.83
1780728763,60870.83,60919.46,60832.34,60907.61
1780729663,60907.61,60946.59,60832.94,60841.57
1780730563,60841.57,60847.33,60650.39,60667.59
1780731463,60667.59,60671.56,60562.65,60576.86
1780732363,60576.86,60585.3,60534.92,60545.62
1780733263,60545.62,60657.38,60542.54,60618.69
1780734163,60618.69,60699.5,60600.55,60697.83
1780735063,60697.83,60730.53,60526.17,60555.6
1780735963,60555.6,60572.28,60536.53,60538.9
1780736863,60538.9,60561.41,60505.39,60508.79
1780737763,60508.79,60528.6,60487.56,60506.75
1780738663,60506.75,60533.22,60379.58,60430.88
1780739563,60430.88,60453.91,60352.64,60439.74
1780740463,60439.74,60473.93,60399.83,60454.99
1780741363,60454.99,60470.71,60242.21,60263.09
1780742263,60263.09,60294.91,60194.0,60204.46
1780743163,60204.46,60208.94,60145.85,60169.2
1780744063,60169.2,60199.88,60129.03,60194.29
1780744963,60194.29,60226.51,59975.13,59982.72
1780745863,59982.72,60038.06,59965.98,60002.04
1780746763,60002.04,60094.51,59993.28,60062.23
1780747663,60062.23,60068.11,60003.07,60028.3
1780748563,60028.3,60107.01,60010.69,60104.82
1780749463,60104.82,60193.74,60077.44,60142.06
1780750363,60142.06,60149.43,60119.74,60121.82
1780751263,60121.82,60254.23,60105.87,60239.23
1780752163,60239.23,60239.97,60173.79,60216.52
1780753063,60216.52,60299.78,60160.89,60273.97
1780753963,60273.97,60280.86,60224.63,60237.41
1780754863,60237.41,60359.28,60217.41,60329.85
1780755763,60329.85,60345.14,60293.99,60322.53
1780756663,60322.53,60405.44,60273.02,60274.97
1780757563,60274.97,60286.11,60193.33,60208.88
1780758463,60208.88,60209.48,60156.91,60199.83
1780759363,60199.83,60215.34,60091.01,60096.1
1780760263,60096.1,60106.69,59907.1,59948.27
1780761163,59948.27,60021.49,59913.34,59999.37
1780762063,59999.37,60026.15,59829.61,59847.95
1780762963,59847.95,59874.78,59755.79,59796.36
1780763863,59796.36,59820.2,59760.46,59762.84
1780764763,59762.84,59822.97,59731.64,59748.3
1780765663,59748.3,59789.99,59735.99,59786.99
1780766563,59786.99,59881.39,59771.24,59880.8
1780767463,59880.8,59888.75,59834.52,59836.29
1780768363,59836.29,59923.21,59775.35,59824.32
1780769263,59824.32,59880.34,59776.1,59863.68
1780770163,59863.68,59897.44,59863.27,59895.22
1780771063,59895.22,60018.69,59870.05,59993.46
1780771963,59993.46,60006.17,59828.7,59844.02
1780772863,59844.02,59858.57,59628.99,59704.22
1780773763,59704.22,59706.04,59586.62,59603.09
1780774663,59603.09,59624.15,59555.37,59622.15
1780775563,59622.15,59627.5,59501.44,59521.96
1780776463,59521.96,59552.25,59344.04,59370.53
1780777363,59370.53,59450.95,59353.26,59405.81
1780778263,59405.81,59427.13,59370.68,59385.12
1780779163,59385.12,59389.19,59314.91,59337.45
1780780063,59337.45,59422.33,59315.84,59411.86
1780780963,59411.86,59443.71,59410.2,59436.41
1780781863,59436.41,59443.58,59369.27,59373.0
1780782763,59373.0,59412.24,59243.61,59272.06
1780783663,59272.06,59356.97,59226.9,59339.73
1780784563,59339.73,59499.27,59323.69,59490.43
1780785463,59490.43,59532.93,59467.13,59532.57
1780786363,59532.57,59577.68,59527.34,59575.3
1780787263,59575.3,59609.9,59401.4,59463.57
1780788163,59463.57,59505.51,59292.36,59316.92
1780789063,59316.92,59337.91,59292.57,59322.76
1780789963,59322.76,59355.06,59181.9,59215.25
1780790863,59215.25,59230.38,59190.89,59201.09
1780791763,59201.09,59234.98,59092.79,59103.33
1780792663,59103.33,59129.11,58858.06,58883.58
1780793563,58883.58,58889.94,58725.12,58792.45
1780794463,58792.45,58866.93,58764.99,58780.17
1780795363,58780.17,58798.73,58724.48,58725.05
1780796263,58725.05,58776.28,58629.44,58638.52
1780797163,58638.52,58712.43,58625.85,58710.7
1780798063,58710.7,58856.23,58699.93,58829.7
1780798963,58829.7,58852.04,58713.3,58765.67
1780799863,58765.67,58776.45,58626.43,58644.17
1780800763,58644.17,58656.22,58624.97,58628.09
1780801663,58628.09,58640.57,58513.4,58535.37
1780802563,58535.37,58544.57,58458.1,58542.27
1780803463,58542.27,58609.26,58541.23,58574.19
1780804363,58574.19,58576.15,58531.34,58565.13
1780805263,58565.13,58636.51,58547.34,58609.24
1780806163,58609.24,58632.8,58400.86,58460.93
1780807063,58460.93,58652.5,58446.9,58569.0
1780807963,58569.0,58788.18,58528.43,58766.38
1780808863,58766.38,58813.05,58714.61,58730.2
1780809763,58730.2,58754.69,58654.13,58701.46
1780810663,58701.46,58714.07,58583.54,58621.72
1780811563,58621.72,58671.25,58620.31,58658.43
1780812463,58658.43,58706.13,58545.69,58599.18
1780813363,58599.18,58606.99,58543.24,58589.7
1780814263,58589.7,58628.2,58557.81,58594.55
1780815163,58594.55,58594.59,58527.98,58579.19
1780816063,58579.19,58590.92,58536.1,58565.15
1780816963,58565.15,58687.81,58557.44,58630.01
1780817863,58630.01,58739.7,58622.82,58731.91
1780818763,58731.91,58734.43,58658.5,58720.01
1780819663,58720.01,58785.21,58586.93,58608.59
1780820563,58608.59,58748.65,58563.61,58734.48
1780821463,58734.48,58750.87,58634.25,58670.25
1780822363,58670.25,58679.4,58638.62,58674.94
1780823263,58674.94,58690.76,58635.14,58674.49
1780824163,58674.49,58715.87,58665.26,58669.49
1780825063,58669.49,58732.08,58648.09,58686.83
1780825963,58686.83,58727.15,58627.45,58655.79
1780826863,58655.79,58704.36,58608.69,58653.91
1780827763,58653.91,58715.63,58586.94,58595.07
1780828663,58595.07,58631.49,58543.51,58618.61
1780829563,58618.61,58739.63,58592.15,58725.44
1780830463,58725.44,58874.61,58713.4,58858.83
1780831363,58858.83,58880.96,58769.4,58814.04
1780832263,58814.04,58933.11,58801.59,58902.66
1780833163,58902.66,58931.22,58840.26,58872.46
1780834063,58872.46,59042.13,58836.6,59021.38
1780834963,59021.38,59062.22,58982.45,59014.09
1780835863,59014.09,59036.02,58984.27,59011.08
1780836763,59011.08,59013.25,58927.17,58974.44
1780837663,58974.44,58985.17,58952.37,58982.79
1780838563,58982.79,59019.68,58961.14,58984.3
1780839463,58984.3,59146.07,58943.43,59138.83
1780840363,59138.83,59145.88,59074.66,59097.76
1780841263,59097.76,59112.78,58897.95,58930.57
1780842163,58930.57,58935.89,58781.05,58794.54
1780843063,58794.54,58887.49,58745.45,58879.91
1780843963,58879.91,58880.54,58790.13,58806.3
1780844863,58806.3,58859.15,58685.34,58690.08
1780845763,58690.08,58753.44,58633.95,58746.86
1780846663,58746.86,58785.87,58692.27,58785.28
1780847563,58785.28,58906.5,58762.67,58904.17
1780848463,58904.17,58936.52,58736.19,58746.62
1780849363,58746.62,58873.16,58709.64,58853.01
1780850263,58853.01,58890.68,58775.92,58827.65
1780851163,58827.65,58887.66,58790.17,58876.52
1780852063,58876.52,58891.86,58776.71,58790.73
1780852963,58790.73,58885.85,58746.58,58878.28
1780853863,58878.28,58917.23,58817.89,58821.29
1780854763,58821.29,58846.83,58787.99,58791.71
1780855663,58791.71,58983.87,58776.36,58901.53
1780856563,58901.53,58921.35,58812.66,58818.38
1780857463,58818.38,58935.68,58781.05,58934.61
1780858363,58934.61,59078.55,58918.62,59004.92
1780859263,59004.92,59192.4,58992.09,59154.76
1780860163,59154.76,59178.35,59079.09,59115.04
1780861063,59115.04,59210.87,59107.08,59210.29
1780861963,59210.29,59325.91,59194.3,59314.08
1780862863,59314.08,59339.74,59232.5,59297.24
1780863763,59297.24,59345.65,59275.58,59312.09
1780864663,59312.09,59374.91,59180.19,59205.66
1780865563,59205.66,59326.78,59184.49,59323.85
1780866463,59323.85,59419.46,59282.71,59343.07
1780867363,59343.07,59358.53,59278.84,59291.2
1780868263,59291.2,59297.9,59211.33,59224.14
1780869163,59224.14,59254.89,59132.6,59161.07
1780870063,59161.07,59254.43,59145.54,59220.98
1780870963,59220.98,59251.92,59203.92,59235.49
1780871863,59235.49,59237.47,59162.18,59169.21
1780872763,59169.21,59191.11,59095.49,59100.15
1780873663,59100.15,59122.65,59022.49,59052.44
1780874563,59052.44,59134.52,58809.14,58831.27
1780875463,58831.27,58918.47,58819.74,58911.41
1780876363,58911.41,58939.68,58898.71,58917.22
1780877263,58917.22,59068.75,58867.69,59048.23
1780878163,59048.23,59052.66,58978.57,58992.44
1780879063,58992.44,59078.7,58992.24,59046.63
1780879963,59046.63,59200.05,59023.08,59164.57
1780880863,59164.57,59171.4,59023.11,59035.95
1780881763,59035.95,59050.55,58857.24,58885.92
1780882663,58885.92,58922.53,58733.53,58741.86
1780883563,58741.86,58824.61,58735.99,58781.59
1780884463,58781.59,58816.87,58702.11,58718.69
1780885363,58718.69,58809.47,58696.23,58769.07
1780886263,58769.07,58771.95,58767.86,58769.14
1780887163,58769.14,58856.22,58743.79,58845.94
1780888063,58845.94,58859.45,58785.98,58825.26
1780888963,58825.26,58925.52,58809.97,58893.7
1780889863,58893.7,58896.68,58786.14,58794.47
1780890763,58794.47,58800.36,58708.0,58728.99
1780891663,58728.99,58805.95,58689.81,58782.59
1780892563,58782.59,58801.5,58759.64,58773.49
1780893463,58773.49,58790.26,58727.65,58783.05
1780894363,58783.05,58796.79,58740.91,58767.96
1780895263,58767.96,58798.75,58676.7,58683.74
1780896163,58683.74,58744.75,58627.9,58643.61
1780897063,58643.61,58650.96,58589.83,58596.55
1780897963,58596.55,58623.28,58543.26,58554.67
1780898863,58554.67,58560.24,58504.61,58545.61
1780899763,58545.61,58671.44,58535.66,58629.52
1780900663,58629.52,58647.99,58616.07,58644.68
1780901563,58644.68,58652.73,58431.21,58447.84
1780902463,58447.84,58561.0,58441.23,58547.34
1780903363,58547.34,58645.31,58540.7,58613.88
1780904263,58613.88,58616.61,58552.3,58566.62
1780905163,58566.62,58638.89,58547.18,58600.07
1780906063,58600.07,58646.35,58530.92,58547.46
1780906963,58547.46,58585.33,58407.39,58450.45
1780907863,58450.45,58467.99,58401.75,58447.69
1780908763,58447.69,58459.02,58370.9,58380.2
1780909663,58380.2,58431.04,58362.64,58413.74
1780910563,58413.74,58427.25,58409.49,58419.54
1780911463,58419.54,58528.9,58392.71,58515.75
1780912363,58515.75,58534.48,58425.63,58452.23
1780913263,58452.23,58484.66,58412.67,58435.89
1780914163,58435.89,58490.24,58423.12,58457.8
1780915063,58457.8,58474.01,58280.25,58295.68
1780915963,58295.68,58305.5,58128.1,58132.46
1780916863,58132.46,58165.35,58102.24,58148.81
1780917763,58148.81,58148.93,58014.55,58021.41
1780918663,58021.41,58308.46,57986.76,58259.91
1780919563,58259.91,58333.18,58251.78,58309.66
1780920463,58309.66,58325.41,58211.09,58237.64
1780921363,58237.64,58239.04,58212.38,58236.18
1780922263,58236.18,58267.71,58066.75,58106.7
1780923163,58106.7,58199.35,58102.84,58167.94
1780924063,58167.94,58218.93,58144.38,58198.31
1780924963,58198.31,58390.89,58141.09,58291.57
1780925863,58291.57,58360.9,58259.42,58331.01
1780926763,58331.01,58357.19,58295.95,58357.05
1780927663,58357.05,58421.72,58305.99,58408.75
1780928563,58408.75,58468.69,58386.03,58461.16
1780929463,58461.16,58491.84,58422.3,58423.87
1780930363,58423.87,58439.08,58391.14,58397.84
1780931263,58397.84,58421.18,58262.3,58327.11
1780932163,58327.11,58395.48,58322.17,58378.78
1780933063,58378.78,58386.29,58202.57,58237.64
1780933963,58237.64,58363.91,58213.45,58345.54
1780934863,58345.54,58391.71,58320.83,58321.69
1780935763,58321.69,58323.11,58259.46,58260.04
1780936663,58260.04,58324.08,58216.4,58291.13
1780937563,58291.13,58320.18,58134.0,58140.16
1780938463,58140.16,58176.9,58099.64,58119.71
1780939363,58119.71,58151.72,58047.88,58123.27
1780940263,58123.27,58138.14,58007.98,58067.63
1780941163,58067.63,58118.39,58031.35,58095.96
1780942063,58095.96,58192.36,58090.38,58161.13
1780942963,58161.13,58222.65,58115.97,58199.36
1780943863,58199.36,58237.5,58136.36,58191.35
1780944763,58191.35,58377.57,58170.33,58366.4
1780945663,58366.4,58486.33,58331.22,58441.18
1780946563,58441.18,58534.3,58435.69,58496.45
1780947463,58496.45,58502.42,58430.78,58495.28
1780948363,58495.28,58564.45,58494.29,58563.38
1780949263,58563.38,58567.74,58386.23,58435.55
1780950163,58435.55,58545.27,58424.51,58530.62
1780951063,58530.62,58536.19,58414.23,58415.83
1780951963,58415.83,58420.67,58380.12,58389.32
1780952863,58389.32,58433.09,58361.64,58401.91
1780953763,58401.91,58429.32,58368.62,58378.96
1780954663,58378.96,58420.14,58339.42,58342.8
1780955563,58342.8,58451.57,58315.91,58374.91
1780956463,58374.91,58565.51,58374.05,58528.21
1780957363,58528.21,58532.55,58518.44,58527.12
1780958263,58527.12,58630.77,58495.83,58607.14
1780959163,58607.14,58714.69,58606.45,58705.3
1780960063,58705.3,58725.53,58622.09,58667.13
1780960963,58667.13,58706.89,58657.94,58687.27
1780961863,58687.27,58704.27,58587.81,58666.86
1780962763,58666.86,58816.39,58609.88,58786.05
1780963663,58786.05,58797.97,58607.05,58615.62
1780964563,58615.62,58642.39,58491.85,58527.94
1780965463,58527.94,58576.93,58427.0,58437.9
1780966363,58437.9,58509.37,58422.49,58487.92
1780967263,58487.92,58713.23,58487.66,58647.22
1780968163,58647.22,58648.98,58558.31,58585.93
1780969063,58585.93,58616.1,58459.34,58496.28
1780969963,58496.28,58505.08,58393.09,58408.86
1780970863,58408.86,58438.82,58353.45,58392.96
1780971763,58392.96,58489.53,58368.78,58483.51
1780972663,58483.51,58633.74,58475.67,58614.68
1780973563,58614.68,58630.19,58574.64,58586.2
1780974463,58586.2,58599.65,58435.0,58451.47
1780975363,58451.47,58481.05,58403.07,58413.9
1780976263,58413.9,58464.57,58407.76,58415.22
1780977163,58415.22,58450.25,58282.39,58294.43
1780978063,58294.43,58358.83,58287.15,58287.46
1780978963,58287.46,58314.49,58274.47,58279.66
1780979863,58279.66,58349.23,58240.54,58295.0
1780980763,58295.0,58350.63,58286.81,58323.33
1780981663,58323.33,58369.24,58272.91,58285.01
1780982563,58285.01,58290.92,58240.84,58281.71
1780983463,58281.71,58283.72,58215.32,58226.83
1780984363,58226.83,58246.71,58146.76,58161.06
1780985263,58161.06,58240.91,58160.13,58233.05
1780986163,58233.05,58340.84,58217.42,58304.69
1780987063,58304.69,58312.07,58242.11,58257.85
1780987963,58257.85,58320.18,58232.22,58300.4
1780988863,58300.4,58307.75,58235.79,58270.0
1780989763,58270.0,58395.73,58253.72,58352.03
1780990663,58352.03,58385.25,58233.31,58266.78
1780991563,58266.78,58336.01,58249.95,58309.35
1780992463,58309.35,58312.15,58181.57,58207.98
1780993363,58207.98,58211.1,58188.17,58205.97
1780994263,58205.97,58268.9,58175.9,58212.78
1780995163,58212.78,58276.14,58159.11,58262.23
1780996063,58262.23,58275.41,58117.24,58144.16
1780996963,58144.16,58146.46,58041.17,58044.29
1780997863,58044.29,58116.32,58008.76,58054.06
1780998763,58054.06,58183.29,58026.52,58180.74
1780999663,58180.74,58279.44,58177.14,58272.39
1781000563,58272.39,58287.38,58247.84,58268.05
1781001463,58268.05,58386.14,58206.09,58336.62
1781002363,58336.62,58389.5,58313.62,58318.86
1781003263,58318.86,58438.67,58311.94,58402.75
1781004163,58402.75,58426.65,58378.37,58425.32
1781005063,58425.32,58489.86,58422.09,58485.79
1781005963,58485.79,58486.8,58418.71,58421.51
1781006863,58421.51,58469.24,58408.01,58449.09
1781007763,58449.09,58471.55,58382.97,58459.39
1781008663,58459.39,58539.66,58353.29,58362.23
1781009563,58362.23,58392.26,58325.54,58339.72
1781010463,58339.72,58339.94,58230.74,58240.67
1781011363,58240.67,58275.68,58127.55,58172.13
1781012263,58172.13,58238.27,58142.46,58208.69
1781013163,58208.69,58240.42,58161.35,58178.93
1781014063,58178.93,58206.09,58068.26,58100.47
1781014963,58100.47,58125.04,58072.82,58077.4
1781015863,58077.4,58097.75,58023.89,58047.84
1781016763,58047.84,58089.68,58037.64,58067.74
1781017663,58067.74,58177.22,58019.75,58149.88
1781018563,58149.88,58190.05,58123.46,58145.95
1781019463,58145.95,58300.14,58106.08,58205.59
1781020363,58205.59,58236.77,58136.98,58144.45
1781021263,58144.45,58169.87,58031.25,58120.23
1781022163,58120.23,58140.13,58095.7,58106.87
1781023063,58106.87,58205.32,58089.82,58183.31
1781023963,58183.31,58206.03,58102.04,58191.17
1781024863,58191.17,58215.58,58151.1,58176.04
1781025763,58176.04,58182.67,58098.08,58125.1
1781026663,58125.1,58290.3,58094.52,58247.74
1781027563,58247.74,58253.08,58222.73,58238.06
1781028463,58238.06,58409.72,58230.81,58359.7
1781029363,58359.7,58391.06,58326.57,58338.55
1781030263,58338.55,58361.19,58298.65,58298.76
1781031163,58298.76,58327.38,58278.81,58318.58
1781032063,58318.58,58329.57,58258.79,58287.87
1781032963,58287.87,58377.93,58266.3,58371.0
1781033863,58371.0,58422.2,58346.3,58390.75
1781034763,58390.75,58431.48,58236.52,58261.09
1781035663,58261.09,58292.26,58223.9,58286.17
1781036563,58286.17,58352.86,58253.8,58345.79
1781037463,58345.79,58426.61,58311.08,58404.43
1781038363,58404.43,58437.63,58268.99,58294.79
1781039263,58294.79,58370.79,58236.69,58325.82
1781040163,58325.82,58366.53,58313.52,58334.06
1781041063,58334.06,58344.7,58324.53,58335.36
1781041963,58335.36,58363.32,58311.47,58355.05
1781042863,58355.05,58380.02,58257.33,58286.4
1781043763,58286.4,58302.55,58258.56,58279.76
1781044663,58279.76,58306.69,58263.44,58296.09
1781045563,58296.09,58323.76,58239.74,58275.64
1781046463,58275.64,58310.0,58214.02,58295.3
1781047363,58295.3,58332.3,58222.55,58228.01
1781048263,58228.01,58231.59,58156.03,58206.76
1781049163,58206.76,58229.33,58118.67,58138.19
1781050063,58138.19,58253.78,58136.88,58234.6
1781050963,58234.6,58252.09,58184.84,58185.0
1781051863,58185.0,58219.63,58136.07,58150.23
1781052763,58150.23,58316.01,58142.25,58311.73
1781053663,58311.73,58371.41,58286.58,58361.31
1781054563,58361.31,58419.64,58215.54,58230.67
1781055463,58230.67,58243.82,58092.63,58093.16
1781056363,58093.16,58094.93,57977.66,58044.72
1781057263,58044.72,58097.78,58021.08,58066.95
1781058163,58066.95,58139.04,58016.05,58124.95
1781059063,58124.95,58266.51,58109.37,58245.12
1781059963,58245.12,58289.04,58217.11,58233.0
1781060863,58233.0,58260.89,58212.34,58241.93
1781061763,58241.93,58317.33,58236.9,58312.05
1781062663,58312.05,58315.81,58277.61,58312.44
1781063563,58312.44,58364.91,58287.77,58308.94
1781064463,58308.94,58313.62,58277.47,58278.75
1781065363,58278.75,58289.63,58178.46,58197.07
1781066263,58197.07,58259.21,58162.39,58217.12
1781067163,58217.12,58352.85,58142.22,58349.67
1781068063,58349.67,58382.59,58306.44,58323.71
1781068963,58323.71,58409.47,58282.99,58394.2
1781069863,58394.2,58538.26,58352.94,58492.84
1781070763,58492.84,58527.47,58482.72,58526.38
1781071663,58526.38,58550.28,58466.39,58491.03
1781072563,58491.03,58588.29,58420.95,58574.15
1781073463,58574.15,58604.22,58537.39,58583.32
1781074363,58583.32,58596.57,58446.49,58470.66
1781075263,58470.66,58563.2,58448.61,58548.25
1781076163,58548.25,58560.18,58492.1,58511.76
1781077063,58511.76,58609.06,58498.48,58529.53
1781077963,58529.53,58623.46,58509.68,58592.94
1781078863,58592.94,58639.0,58567.94,58574.62
1781079763,58574.62,58741.72,58553.96,58678.31
1781080663,58678.31,58680.5,58631.96,58656.61
1781081563,58656.61,58743.77,58649.88,58707.13
1781082463,58707.13,58787.6,58670.17,58779.58
1781083363,58779.58,58799.52,58699.48,58722.31
1781084263,58722.31,58739.56,58645.74,58686.59
1781085163,58686.59,58796.16,58665.68,58775.57
1781086063,58775.57,58986.28,58767.59,58981.35
1781086963,58981.35,59138.54,58951.59,59098.76
1781087863,59098.76,59119.56,58965.91,58978.47
1781088763,58978.47,59108.3,58970.43,59100.11
1781089663,59100.11,59122.87,59053.6,59075.98
1781090563,59075.98,59120.78,59021.36,59031.3
1781091463,59031.3,59154.72,59015.52,59146.74
1781092363,59146.74,59179.08,59125.76,59168.78
1781093263,59168.78,59221.83,59099.21,59109.89
1781094163,59109.89,59122.81,59031.5,59051.77
1781095063,59051.77,59052.26,59009.25,59034.18
1781095963,59034.18,59048.85,59004.45,59010.17
1781096863,59010.17,59031.19,58961.15,58998.9
1781097763,58998.9,59013.64,58967.09,58969.8
1781098663,58969.8,59004.78,58910.27,58952.82
1781099563,58952.82,59039.17,58936.04,59025.95
1781100463,59025.95,59055.77,58903.93,58963.59
1781101363,58963.59,59120.87,58931.82,59019.0
1781102263,59019.0,59145.96,58991.95,59135.29
1781103163,59135.29,59141.82,59077.66,59110.16
1781104063,59110.16,59154.93,59105.06,59137.97
1781104963,59137.97,59168.94,59113.25,59147.38
1781105863,59147.38,59260.56,59123.66,59216.37
1781106763,59216.37,59276.67,59188.44,59246.56
1781107663,59246.56,59270.84,59192.53,59205.51
1781108563,59205.51,59227.97,59089.02,59105.78
1781109463,59105.78,59107.09,58980.07,59002.13
1781110363,59002.13,59044.75,58905.82,58952.45
1781111263,58952.45,58991.2,58889.23,58900.44
1781112163,58900.44,58939.54,58810.81,58827.19
1781113063,58827.19,58836.06,58722.29,58763.85
1781113963,58763.85,58924.53,58709.74,58890.27
1781114863,58890.27,58905.51,58743.09,58785.98
1781115763,58785.98,58825.94,58699.31,58742.4
1781116663,58742.4,58787.97,58676.97,58777.89
1781117563,58777.89,58818.6,58667.92,58699.81
1781118463,58699.81,58727.78,58640.31,58642.14
1781119363,58642.14,58650.07,58600.16,58611.09
1781120263,58611.09,58731.19,58601.03,58713.9
1781121163,58713.9,58805.01,58694.78,58775.83
1781122063,58775.83,58801.35,58739.73,58758.6
1781122963,58758.6,58789.42,58715.6,58778.53
1781123863,58778.53,58783.42,58683.89,58700.64
1781124763,58700.64,58711.22,58622.71,58657.1
1781125663,58657.1,58680.28,58638.62,58663.91
1781126563,58663.91,58669.96,58603.18,58648.26
1781127463,58648.26,58702.77,58632.97,58654.73
1781128363,58654.73,58742.64,58651.64,58681.17
1781129263,58681.17,58728.96,58642.73,58652.07
1781130163,58652.07,58702.54,58630.42,58699.4
1781131063,58699.4,58741.35,58588.92,58611.49
1781131963,58611.49,58641.23,58568.9,58619.88
1781132863,58619.88,58753.75,58583.39,58695.83
1781133763,58695.83,58828.39,58666.41,58810.93
1781134663,58810.93,58846.42,58762.11,58768.57
1781135563,58768.57,58785.42,58668.3,58705.73
1781136463,58705.73,58721.97,58686.27,58704.95
1781137363,58704.95,58719.41,58652.77,58673.72
1781138263,58673.72,58777.16,58611.8,58775.21
1781139163,58775.21,58779.22,58644.12,58663.98
1781140063,58663.98,58736.91,58574.1,58597.25
1781140963,58597.25,58625.93,58588.0,58588.42
1781141863,58588.42,58647.61,58583.91,58638.9
1781142763,58638.9,58661.51,58468.55,58527.74
1781143663,58527.74,58541.42,58444.49,58453.22
1781144563,58453.22,58513.9,58439.72,58507.6
1781145463,58507.6,58525.84,58501.15,58521.24
1781146363,58521.24,58557.31,58502.15,58550.55
1781147263,58550.55,58610.52,58516.94,58599.82
1781148163,58599.82,58661.21,58592.36,58658.5
1781149063,58658.5,58708.25,58478.01,58513.76
1781149963,58513.76,58556.5,58511.73,58545.23
1781150863,58545.23,58566.42,58478.74,58485.17
1781151763,58485.17,58514.16,58415.3,58441.53
1781152663,58441.53,58495.6,58352.41,58369.32
1781153563,58369.32,58389.09,58352.1,58379.72
1781154463,58379.72,58403.8,58291.22,58299.52
1781155363,58299.52,58315.61,58243.65,58249.76
1781156263,58249.76,58322.28,58225.33,58260.51
1781157163,58260.51,58341.37,58190.31,58194.53
1781158063,58194.53,58239.47,58133.67,58164.98
1781158963,58164.98,58247.43,58161.87,58203.77
1781159863,58203.77,58263.99,58128.67,58141.09
1781160763,58141.09,58213.61,58139.12,58162.76
1781161663,58162.76,58188.31,58135.22,58145.01
1781162563,58145.01,58154.12,58064.51,58116.06
1781163463,58116.06,58290.5,58115.6,58281.51
1781164363,58281.51,58481.55,58252.87,58479.12
1781165263,58479.12,58577.03,58477.73,58570.95
1781166163,58570.95,58671.15,58543.57,58667.7
1781167063,58667.7,58742.08,58640.99,58710.94
1781167963,58710.94,58850.66,58664.68,58813.31
1781168863,58813.31,58818.75,58734.88,58757.9
1781169763,58757.9,58765.56,58609.34,58638.39
1781170663,58638.39,58736.54,58604.0,58698.54
1781171563,58698.54,58737.16,58654.56,58674.8
1781172463,58674.8,58793.89,58671.66,58754.32
1781173363,58754.32,58792.85,58652.81,58685.17
1781174263,58685.17,58907.51,58636.6,58895.79
1781175163,58895.79,58922.03,58844.35,58857.37
1781176063,58857.37,58871.67,58830.5,58861.18
1781176963,58861.18,58954.11,58857.72,58913.99
1781177863,58913.99,58979.19,58828.61,58879.76
1781178763,58879.76,58912.4,58695.8,58720.4
1781179663,58720.4,58760.8,58718.3,58748.34
1781180563,58748.34,58755.44,58690.73,58692.49
1781181463,58692.49,58815.11,58688.52,58786.61
1781182363,58786.61,58821.22,58779.28,58785.08
1781183263,58785.08,58852.3,58755.17,58839.82
1781184163,58839.82,58864.99,58818.88,58864.94
1781185063,58864.94,58876.54,58864.49,58869.23
1781185963,58869.23,58903.28,58789.12,58796.63
1781186863,58796.63,58841.78,58756.24,58769.46
1781187763,58769.46,58800.62,58643.99,58674.4
1781188663,58674.4,58704.47,58667.98,58677.39
1781189563,58677.39,58693.99,58524.26,58525.0
1781190463,58525.0,58588.45,58480.51,58567.02
1781191363,58567.02,58581.89,58500.28,58535.17
1781192263,58535.17,58555.65,58477.09,58501.64
1781193163,58501.64,58661.76,58451.75,58649.47
1781194063,58649.47,58852.22,58634.16,58806.15
1781194963,58806.15,58837.9,58586.45,58604.08
1781195863,58604.08,58714.99,58570.29,58671.92
1781196763,58671.92,58747.22,58651.44,58715.45
1781197663,58715.45,58717.53,58595.92,58635.26
1781198563,58635.26,58648.86,58574.12,58591.74
1781199463,58591.74,58655.67,58589.63,58653.2
1781200363,58653.2,58731.39,58633.67,58714.37
1781201263,58714.37,58739.96,58539.4,58588.21
1781202163,58588.21,58610.33,58565.87,58574.04
1781203063,58574.04,58595.77,58494.17,58501.33
1781203963,58501.33,58517.73,58468.47,58513.15
1781204863,58513.15,58528.22,58457.44,58485.77
1781205763,58485.77,58534.83,58466.19,58514.45
1781206663,58514.45,58548.53,58443.89,58483.71
1781207563,58483.71,58572.79,58471.5,58572.56
1781208463,58572.56,58586.53,58466.77,58479.47
1781209363,58479.47,58497.86,58297.48,58357.99
1781210263,58357.99,58463.81,58339.07,58447.34
1781211163,58447.34,58545.33,58417.86,58493.69
1781212063,58493.69,58524.86,58475.69,58516.54
1781212963,58516.54,58516.6,58505.23,58511.58
1781213863,58511.58,58535.3,58455.35,58475.32
1781214763,58475.32,58489.03,58399.49,58418.19
1781215663,58418.19,58453.5,58412.45,58413.17
1781216563,58413.17,58510.25,58354.84,58508.23
1781217463,58508.23,58593.15,58504.41,58536.11
1781218363,58536.11,58677.55,58532.23,58623.27
1781219263,58623.27,58733.72,58604.41,58675.47
1781220163,58675.47,58712.31,58488.69,58574.17
1781221063,58574.17,58640.16,58547.53,58617.22
1781221963,58617.22,58755.8,58612.0,58662.12
1781222863,58662.12,58693.73,58620.73,58683.09
1781223763,58683.09,58705.89,58624.48,58651.23
1781224663,58651.23,58701.59,58597.96,58684.47
1781225563,58684.47,58707.74,58659.9,58664.11
1781226463,58664.11,58699.55,58615.45,58689.82
1781227363,58689.82,58747.09,58506.7,58527.31
1781228263,58527.31,58616.68,58524.02,58564.92
1781229163,58564.92,58643.29,58555.05,58641.01
1781230063,58641.01,58668.86,58503.49,58507.74
1781230963,58507.74,58512.64,58476.46,58495.52
1781231863,58495.52,58629.06,58468.1,58620.32
1781232763,58620.32,58645.08,58570.01,58583.88
1781233663,58583.88,58586.96,58515.39,58554.62
1781234563,58554.62,58623.11,58491.49,58619.29
1781235463,58619.29,58627.48,58613.52,58621.63
1781236363,58621.63,58718.68,58597.72,58718.4
1781237263,58718.4,58914.72,58715.36,58859.5
1781238163,58859.5,58866.19,58822.88,58840.11
1781239063,58840.11,58843.28,58727.28,58736.46
1781239963,58736.46,58747.46,58623.66,58634.49
1781240863,58634.49,58712.17,58619.38,58674.85
1781241763,58674.85,58726.76,58643.15,58726.53
1781242663,58726.53,58740.9,58663.11,58705.68
1781243563,58705.68,58791.34,58651.2,58772.38
1781244463,58772.38,58798.93,58717.21,58748.46
1781245363,58748.46,58786.28,58745.2,58784.44
1781246263,58784.44,58869.37,58727.49,58867.04
1781247163,58867.04,58903.44,58764.9,58795.83
1781248063,58795.83,59063.81,58788.62,59025.37
1781248963,59025.37,59136.97,59000.11,59091.0
1781249863,59091.0,59115.86,59057.67,59068.13
1781250763,59068.13,59154.37,59047.41,59131.6
1781251663,59131.6,59165.91,59118.91,59144.91
1781252563,59144.91,59204.53,59104.22,59199.98
1781253463,59199.98,59244.8,59172.22,59175.96
1781254363,59175.96,59180.01,59150.89,59153.48
1781255263,59153.48,59178.53,58938.76,58972.14
1781256163,58972.14,59070.92,58929.29,59061.66
1781257063,59061.66,59085.18,58873.01,58874.73
1781257963,58874.73,58912.59,58767.82,58815.72
1781258863,58815.72,58919.18,58807.93,58849.15
1781259763,58849.15,58929.4,58793.39,58910.83
1781260663,58910.83,59010.15,58869.82,58968.52
1781261563,58968.52,58969.94,58793.68,58841.1
1781262463,58841.1,58914.31,58793.11,58862.13
1781263363,58862.13,58868.3,58732.28,58752.12
1781264263,58752.12,58832.77,58724.26,58800.36
1781265163,58800.36,58842.55,58780.81,58813.63
1781266063,58813.63,58855.51,58796.16,58854.88
1781266963,58854.88,59050.66,58841.26,59027.78
1781267863,59027.78,59060.52,59011.28,59014.55
1781268763,59014.55,59045.99,58961.71,58979.71
1781269663,58979.71,59103.54,58922.95,59068.24
1781270563,59068.24,59118.71,58996.52,59053.55
1781271463,59053.55,59180.95,59013.61,59169.7
1781272363,59169.7,59212.72,59133.83,59155.06
1781273263,59155.06,59284.71,59089.81,59284.1
1781274163,59284.1,59467.79,59266.81,59449.21
1781275063,59449.21,59462.57,59396.41,59399.3
1781275963,59399.3,59430.93,59343.25,59367.18
1781276863,59367.18,59367.5,59313.69,59338.96
1781277763,59338.96,59354.99,59257.86,59303.79
1781278663,59303.79,59367.39,59235.11,59246.35
1781279563,59246.35,59377.05,59210.47,59372.6
1781280463,59372.6,59385.18,59236.97,59261.39
1781281363,59261.39,59377.14,59118.33,59369.2
1781282263,59369.2,59438.77,59212.51,59265.85
1781283163,59265.85,59270.43,59177.06,59209.98
1781284063,59209.98,59319.51,59177.72,59306.14
1781284963,59306.14,59316.09,59216.99,59232.54
1781285863,59232.54,59282.32,59232.25,59275.0
1781286763,59275.0,59282.06,59143.54,59146.08
1781287663,59146.08,59287.46,59113.6,59277.69
1781288563,59277.69,59371.19,59256.48,59335.61
1781289463,59335.61,59362.3,59256.86,59294.03
1781290363,59294.03,59336.85,59257.31,59306.25
1781291263,59306.25,59469.07,59285.66,59378.93
1781292163,59378.93,59385.89,59269.14,59277.45
1781293063,59277.45,59324.73,59222.01,59229.87
1781293963,59229.87,59266.91,59162.47,59192.5
1781294863,59192.5,59234.25,59158.61,59217.19
1781295763,59217.19,59241.76,59169.79,59213.22
1781296663,59213.22,59227.51,59191.64,59222.33
1781297563,59222.33,59250.24,59220.99,59239.7
1781298463,59239.7,59276.53,59108.08,59149.2
1781299363,59149.2,59216.59,59099.33,59212.29
1781300263,59212.29,59273.24,59159.83,59265.26
1781301163,59265.26,59310.95,59220.12,59297.99
1781302063,59297.99,59325.02,59122.56,59146.41
1781302963,59146.41,59148.73,59123.23,59140.46
1781303863,59140.46,59170.65,59105.19,59111.62
1781304763,59111.62,59157.93,58960.91,59013.29
1781305663,59013.29,59077.66,58981.58,59050.13
1781306563,59050.13,59096.73,58991.81,59083.16
1781307463,59083.16,59141.46,59053.6,59113.65
1781308363,59113.65,59179.59,59086.04,59143.92
1781309263,59143.92,59256.85,59136.44,59235.19
1781310163,59235.19,59290.57,59234.88,59266.7
1781311063,59266.7,59270.77,59158.81,59193.24
1781311963,59193.24,59202.58,59055.63,59081.0
1781312863,59081.0,59124.23,59049.07,59111.63
1781313763,59111.63,59385.67,59055.74,59311.51
1781314663,59311.51,59340.71,59294.75,59319.99
1781315563,59319.99,59342.0,59247.52,59254.36
1781316463,59254.36,59400.98,59234.01,59340.55
1781317363,59340.55,59406.33,59319.65,59323.84
1781318263,59323.84,59452.78,59273.51,59340.65
1781319163,59340.65,59376.33,59289.98,59373.8
1781320063,59373.8,59395.21,59336.6,59367.48
1781320963,59367.48,59427.55,59353.94,59417.27
1781321863,59417.27,59428.09,59277.79,59288.27
1781322763,59288.27,59323.98,59268.91,59318.76
1781323663,59318.76,59364.52,59308.1,59325.37
1781324563,59325.37,59342.64,59267.57,59322.4
1781325463,59322.4,59401.98,59295.1,59381.2
1781326363,59381.2,59399.07,59335.3,59343.61
1781327263,59343.61,59344.63,59269.97,59285.76
1781328163,59285.76,59313.25,59278.13,59283.88
1781329063,59283.88,59314.2,59169.41,59172.24
1781329963,59172.24,59205.9,59074.19,59114.77
1781330863,59114.77,59165.9,59105.94,59149.22
1781331763,59149.22,59149.33,59083.09,59103.58
1781332663,59103.58,59257.82,59092.21,59245.78
1781333563,59245.78,59250.73,59052.39,59099.63
1781334463,59099.63,59206.55,59085.26,59194.23
1781335363,59194.23,59212.72,59104.08,59171.87
1781336263,59171.87,59311.25,59152.01,59300.75
1781337163,59300.75,59309.81,59250.23,59304.46
1781338063,59304.46,59343.17,59204.86,59258.09
1781338963,59258.09,59264.07,59200.48,59224.1
1781339863,59224.1,59254.51,59089.86,59114.48
1781340763,59114.48,59189.58,59111.37,59151.93
1781341663,59151.93,59219.04,59149.26,59207.84
1781342563,59207.84,59290.8,59200.81,59244.07
1781343463,59244.07,59279.82,59144.6,59150.27
1781344363,59150.27,59187.37,59101.82,59114.0
1781345263,59114.0,59117.61,59061.25,59103.0
1781346163,59103.0,59119.41,59031.5,59086.97
1781347063,59086.97,59106.94,59036.59,59044.84
1781347963,59044.84,59074.76,58973.19,59006.0
1781348863,59006.0,59011.22,58938.24,58950.98
1781349763,58950.98,58957.47,58893.08,58918.78
1781350663,58918.78,58959.92,58851.78,58893.02
1781351563,58893.02,58969.2,58890.67,58928.52
1781352463,58928.52,58932.51,58839.63,58853.34
1781353363,58853.34,59039.39,58784.23,58976.74
1781354263,58976.74,59062.24,58937.1,59009.61
1781355163,59009.61,59066.34,58982.76,59035.35
1781356063,59035.35,59161.63,59014.46,59138.36
1781356963,59138.36,59149.49,59087.31,59132.07
1781357863,59132.07,59182.2,59107.94,59179.62
1781358763,59179.62,59218.76,59114.49,59136.54
1781359663,59136.54,59287.99,59128.22,59275.95
1781360563,59275.95,59278.16,59141.55,59157.08
1781361463,59157.08,59244.81,59122.01,59242.46
1781362363,59242.46,59284.73,59144.79,59151.21
1781363263,59151.21,59190.39,59062.9,59160.09
1781364163,59160.09,59257.96,59158.86,59224.13
1781365063,59224.13,59368.48,59191.41,59327.6
1781365963,59327.6,59328.41,59243.34,59281.74
1781366863,59281.74,59313.98,59211.08,59212.1
1781367763,59212.1,59231.01,59206.53,59209.86
1781368663,59209.86,59291.27,59203.03,59264.35
1781369563,59264.35,59327.34,59223.86,59296.94
1781370463,59296.94,59348.02,59286.04,59302.98
1781371363,59302.98,59424.66,59301.05,59403.17
1781372263,59403.17,59428.32,59293.8,59315.28
1781373163,59315.28,59326.96,59245.56,59282.35
1781374063,59282.35,59327.11,59198.23,59225.82
1781374963,59225.82,59284.49,59201.31,59269.48
1781375863,59269.48,59298.89,59261.93,59294.21
1781376763,59294.21,59329.99,59246.83,59295.4
1781377663,59295.4,59341.87,59283.65,59340.2
1781378563,59340.2,59352.95,59213.08,59255.99
1781379463,59255.99,59328.17,59231.81,59279.52
1781380363,59279.52,59411.44,59251.71,59393.01
1781381263,59393.01,59448.18,59341.39,59364.76
1781382163,59364.76,59485.95,59330.05,59478.17
1781383063,59478.17,59498.85,59440.58,59471.94
1781383963,59471.94,59513.52,59427.44,59461.21
1781384863,59461.21,59464.99,59405.19,59442.96
1781385763,59442.96,59492.94,59422.79,59449.53
1781386663,59449.53,59498.82,59415.09,59430.62
1781387563,59430.62,59598.03,59409.33,59583.42
1781388463,59583.42,59675.8,59576.04,59660.78
1781389363,59660.78,59674.6,59480.69,59495.03
1781390263,59495.03,59500.49,59374.88,59421.21
1781391163,59421.21,59642.84,59370.77,59564.84
1781392063,59564.84,59654.71,59560.0,59604.05
1781392963,59604.05,59608.41,59579.66,59592.47
1781393863,59592.47,59626.47,59433.75,59439.57
1781394763,59439.57,59488.32,59268.8,59323.58
1781395663,59323.58,59390.17,59323.15,59374.79
1781396563,59374.79,59381.46,59197.41,59227.93
1781397463,59227.93,59389.13,59226.84,59375.44
1781398363,59375.44,59486.11,59301.2,59468.74
1781399263,59468.74,59509.66,59458.95,59477.49
1781400163,59477.49,59485.81,59406.45,59469.17
1781401063,59469.17,59484.59,59452.1,59459.04
1781401963,59459.04,59474.83,59424.17,59452.16
1781402863,59452.16,59488.37,59438.66,59482.06
1781403763,59482.06,59614.09,59451.61,59575.37
1781404663,59575.37,59589.59,59441.95,59474.96
1781405563,59474.96,59477.74,59395.81,59428.25
1781406463,59428.25,59453.5,59374.8,59430.02
1781407363,59430.02,59511.5,59427.9,59469.88
1781408263,59469.88,59470.52,59389.48,59389.69
1781409163,59389.69,59392.0,59326.26,59362.1
1781410063,59362.1,59379.34,59254.08,59265.4
1781410963,59265.4,59289.24,59137.87,59207.93
1781411863,59207.93,59361.23,59189.7,59301.53
1781412763,59301.53,59480.37,59272.95,59457.22
1781413663,59457.22,59467.73,59373.57,59415.93
1781414563,59415.93,59523.54,59388.53,59511.9
1781415463,59511.9,59585.54,59478.35,59553.62
1781416363,59553.62,59617.12,59546.13,59591.34
1781417263,59591.34,59630.21,59549.22,59550.04
1781418163,59550.04,59568.64,59498.62,59552.05
1781419063,59552.05,59600.85,59521.01,59571.28
1781419963,59571.28,59607.1,59531.8,59603.28
1781420863,59603.28,59654.96,59495.01,59512.22
1781421763,59512.22,59555.6,59494.1,59535.25
1781422663,59535.25,59596.01,59494.8,59593.93
1781423563,59593.93,59620.33,59460.24,59539.36
1781424463,59539.36,59549.1,59393.08,59461.56
1781425363,59461.56,59496.48,59441.99,59458.45
1781426263,59458.45,59465.22,59436.04,59443.31
1781427163,59443.31,59464.36,59404.46,59407.27
1781428063,59407.27,59431.64,59361.55,59416.08
1781428963,59416.08,59416.88,59380.36,59381.65
1781429863,59381.65,59453.02,59381.34,59419.86
1781430763,59419.86,59433.53,59406.06,59421.73
1781431663,59421.73,59471.72,59325.89,59338.6
1781432563,59338.6,59477.43,59300.75,59429.21
1781433463,59429.21,59483.04,59421.51,59479.31
1781434363,59479.31,59626.48,59462.83,59551.19
1781435263,59551.19,59631.95,59504.33,59615.96
1781436163,59615.96,59668.19,59605.19,59660.77
1781437063,59660.77,59698.1,59614.58,59631.72
1781437963,59631.72,59674.46,59576.61,59607.18
1781438863,59607.18,59650.98,59472.11,59492.32
1781439763,59492.32,59605.33,59448.92,59582.12
1781440663,59582.12,59613.48,59423.07,59455.87
1781441563,59455.87,59483.74,59394.68,59410.34
1781442463,59410.34,59420.47,59388.69,59393.24
1781443363,59393.24,59421.19,59325.64,59393.84
1781444263,59393.84,59405.49,59319.96,59349.61
1781445163,59349.61,59516.49,59339.67,59479.44
1781446063,59479.44,59530.53,59423.02,59449.34
1781446963,59449.34,59515.33,59415.38,59419.37
1781447863,59419.37,59505.46,59396.55,59486.75
1781448763,59486.75,59579.09,59470.83,59574.73
1781449663,59574.73,59603.99,59528.52,59579.78
1781450563,59579.78,59801.47,59563.89,59742.81
1781451463,59742.81,59877.33,59733.32,59835.23
1781452363,59835.23,59862.7,59834.18,59841.95
1781453263,59841.95,59872.05,59810.28,59863.68
1781454163,59863.68,59891.19,59819.37,59823.22
1781455063,59823.22,59899.57,59794.44,59872.54
1781455963,59872.54,59908.63,59823.93,59852.37
1781456863,59852.37,60083.68,59808.58,60032.23
1781457763,60032.23,60035.04,59905.16,59953.0
1781458663,59953.0,60007.04,59807.68,59847.82
1781459563,59847.82,59882.5,59781.31,59844.24
1781460463,59844.24,59859.2,59748.28,59760.36
1781461363,59760.36,59790.61,59757.2,59781.74
1781462263,59781.74,59811.11,59683.71,59719.58
1781463163,59719.58,59749.72,59616.54,59649.35
1781464063,59649.35,59666.5,59589.16,59613.92
1781464963,59613.92,59631.63,59465.77,59474.63
1781465863,59474.63,59531.43,59449.4,59505.75
1781466763,59505.75,59553.64,59436.89,59438.3
1781467663,59438.3,59517.98,59429.63,59494.06
1781468563,59494.06,59535.66,59450.86,59526.15
1781469463,59526.15,59548.6,59425.97,59443.81
1781470363,59443.81,59498.94,59327.7,59328.93
1781471263,59328.93,59473.56,59316.79,59422.5
1781472163,59422.5,59450.08,59300.78,59313.91
1781473063,59313.91,59336.97,59096.85,59114.31
1781473963,59114.31,59185.11,59105.54,59171.1
1781474863,59171.1,59230.8,59139.06,59224.45
1781475763,59224.45,59289.75,59210.95,59269.9
1781476663,59269.9,59395.04,59265.29,59367.35
1781477563,59367.35,59369.06,59309.28,59362.77
1781478463,59362.77,59367.64,59331.61,59343.1
1781479363,59343.1,59393.17,59292.95,59335.0
1781480263,59335.0,59389.15,59308.1,59328.96
1781481163,59328.96,59352.68,59298.07,59310.19
1781482063,59310.19,59370.28,59249.12,59279.11
1781482963,59279.11,59340.44,59249.56,59294.27
1781483863,59294.27,59350.51,59278.25,59285.03
1781484763,59285.03,59306.63,59233.15,59273.83
1781485663,59273.83,59281.18,59168.63,59203.51
1781486563,59203.51,59262.89,59164.36,59245.73
1781487463,59245.73,59323.56,59226.04,59309.36
1781488363,59309.36,59363.18,59166.81,59233.27
1781489263,59233.27,59280.33,59229.3,59272.47
1781490163,59272.47,59296.5,59240.05,59262.7
1781491063,59262.7,59369.93,59246.93,59336.3
1781491963,59336.3,59362.26,59272.06,59308.76
1781492863,59308.76,59326.46,59237.96,59262.78
1781493763,59262.78,59341.93,59241.97,59307.02
1781494663,59307.02,59314.53,59247.6,59293.34
1781495563,59293.34,59396.94,59277.34,59393.29
1781496463,59393.29,59477.38,59368.74,59473.65
1781497363,59473.65,59501.22,59412.37,59486.38
1781498263,59486.38,59545.47,59377.33,59412.04
1781499163,59412.04,59522.83,59397.49,59516.69
1781500063,59516.69,59657.31,59473.12,59586.69
1781500963,59586.69,59694.12,59553.21,59655.2
1781501863,59655.2,59663.2,59569.46,59572.37
1781502763,59572.37,59595.94,59500.81,59504.1
1781503663,59504.1,59678.71,59468.97,59656.58
1781504563,59656.58,59663.54,59563.18,59593.35
1781505463,59593.35,59605.92,59557.17,59569.16
1781506363,59569.16,59638.24,59568.64,59603.37
1781507263,59603.37,59611.68,59567.25,59593.59
1781508163,59593.59,59690.66,59564.14,59622.89
1781509063,59622.89,59703.22,59612.7,59657.36
1781509963,59657.36,59702.25,59639.1,59693.56
1781510863,59693.56,59826.52,59687.49,59780.71
1781511763,59780.71,59843.24,59774.19,59794.07
1781512663,59794.07,59799.94,59634.2,59683.99
1781513563,59683.99,59697.71,59583.06,59587.26
1781514463,59587.26,59616.32,59586.71,59613.52
1781515363,59613.52,59644.55,59565.8,59603.32
1781516263,59603.32,59630.58,59562.59,59610.78
1781517163,59610.78,59706.27,59608.05,59677.49
1781518063,59677.49,59691.33,59575.56,59616.23
1781518963,59616.23,59620.28,59572.3,59588.88
1781519863,59588.88,59703.81,59588.04,59664.88
1781520763,59664.88,59679.42,59647.3,59655.93
1781521663,59655.93,59718.3,59653.39,59701.78
1781522563,59701.78,59841.85,59649.18,59833.7
1781523463,59833.7,59879.47,59805.31,59812.67
1781524363,59812.67,59876.3,59738.17,59750.71
1781525263,59750.71,59848.67,59742.75,59833.21
1781526163,59833.21,59960.77,59814.33,59954.59
1781527063,59954.59,60031.95,59934.27,60003.92
1781527963,60003.92,60048.04,59899.05,59911.56
1781528863,59911.56,59959.13,59854.87,59867.03
1781529763,59867.03,59904.92,59859.88,59889.57
1781530663,59889.57,59986.55,59833.66,59967.33
1781531563,59967.33,59996.77,59887.59,59908.64
1781532463,59908.64,59909.26,59739.77,59792.24
1781533363,59792.24,59807.89,59749.43,59756.42
1781534263,59756.42,59831.41,59657.57,59676.17
1781535163,59676.17,59757.39,59626.36,59750.35
1781536063,59750.35,59758.66,59681.36,59698.96
1781536963,59698.96,59804.55,59691.65,59781.24
1781537863,59781.24,59860.1,59766.78,59850.58
1781538763,59850.58,59900.83,59816.72,59890.36
1781539663,59890.36,59937.9,59889.77,59932.77
1781540563,59932.77,59940.42,59668.48,59683.72
1781541463,59683.72,59729.93,59615.89,59634.2
1781542363,59634.2,59690.3,59624.27,59685.08
1781543263,59685.08,59692.87,59571.45,59589.5
1781544163,59589.5,59598.6,59570.0,59571.45
1781545063,59571.45,59598.84,59565.44,59571.67
1781545963,59571.67,59731.03,59500.88,59701.28
1781546863,59701.28,59903.39,59669.61,59829.08
1781547763,59829.08,59882.97,59809.0,59861.67
1781548663,59861.67,59906.34,59828.05,59902.02
1781549563,59902.02,59921.99,59833.58,59875.37
1781550463,59875.37,59875.41,59837.75,59842.91
1781551363,59842.91,59863.07,59816.1,59819.6
1781552263,59819.6,59870.58,59753.59,59759.77
1781553163,59759.77,59772.16,59666.96,59681.95
1781554063,59681.95,59718.06,59579.59,59589.89
1781554963,59589.89,59625.97,59583.28,59621.57
1781555863,59621.57,59729.87,59600.05,59690.13
1781556763,59690.13,59710.42,59661.7,59667.64
1781557663,59667.64,59679.14,59636.57,59640.79
1781558563,59640.79,59665.59,59596.51,59609.74
1781559463,59609.74,59642.33,59455.58,59474.48
1781560363,59474.48,59527.45,59449.44,59520.66
1781561263,59520.66,59579.73,59486.53,59571.06
1781562163,59571.06,59625.32,59501.81,59509.07
1781563063,59509.07,59535.09,59475.07,59478.28
1781563963,59478.28,59543.95,59439.28,59537.36
1781564863,59537.36,59550.07,59412.6,59431.0
1781565763,59431.0,59472.8,59328.44,59355.79
1781566663,59355.79,59408.93,59344.39,59352.51
1781567563,59352.51,59444.18,59331.9,59415.72
1781568463,59415.72,59453.16,59385.28,59408.74
1781569363,59408.74,59498.12,59402.88,59488.43
1781570263,59488.43,59495.26,59377.21,59395.1
1781571163,59395.1,59455.05,59276.06,59317.64
1781572063,59317.64,59464.55,59298.14,59463.17
1781572963,59463.17,59548.84,59444.12,59519.15
1781573863,59519.15,59552.25,59495.39,59516.3
1781574763,59516.3,59561.38,59461.85,59508.41
1781575663,59508.41,59512.97,59469.13,59487.38
1781576563,59487.38,59497.68,59444.28,59460.55
1781577463,59460.55,59528.25,59395.83,59509.09
1781578363,59509.09,59532.11,59435.51,59444.8
1781579263,59444.8,59470.01,59417.55,59455.55
1781580163,59455.55,59636.92,59390.92,59631.96
1781581063,59631.96,59677.39,59599.54,59647.84
1781581963,59647.84,59674.04,59613.2,59668.12
1781582863,59668.12,59683.58,59642.84,59683.35
1781583763,59683.35,59781.46,59682.72,59730.61
1781584663,59730.61,59732.11,59696.37,59724.96
1781585563,59724.96,59728.63,59691.45,59708.91
1781586463,59708.91,59868.03,59651.83,59865.26
1781587363,59865.26,60018.54,59823.27,60008.47
1781588263,60008.47,60110.46,59955.1,60082.12
1781589163,60082.12,60142.16,60011.57,60012.87
1781590063,60012.87,60020.83,59911.08,59923.77
1781590963,59923.77,59939.36,59775.01,59792.4
1781591863,59792.4,59858.81,59790.95,59819.58
1781592763,59819.58,59846.8,59769.92,59830.88
1781593663,59830.88,59915.06,59637.74,59654.14
1781594563,59654.14,59678.67,59589.88,59674.43
1781595463,59674.43,59720.06,59481.51,59504.98
1781596363,59504.98,59530.98,59487.55,59517.92
1781597263,59517.92,59564.12,59500.46,59543.31
1781598163,59543.31,59572.68,59469.18,59515.43
1781599063,59515.43,59576.11,59474.05,59487.59
1781599963,59487.59,59513.18,59469.28,59472.65
1781600863,59472.65,59551.66,59408.74,59527.06
1781601763,59527.06,59650.82,59520.44,59647.77
1781602663,59647.77,59661.89,59590.85,59602.93
1781603563,59602.93,59603.19,59584.93,59590.8
1781604463,59590.8,59608.31,59466.41,59470.87
1781605363,59470.87,59573.57,59444.69,59547.69
1781606263,59547.69,59634.39,59533.07,59618.99
1781607163,59618.99,59738.09,59552.57,59682.13
1781608063,59682.13,59695.74,59527.71,59576.05
1781608963,59576.05,59730.35,59539.75,59709.47
1781609863,59709.47,59709.58,59557.28,59575.35
1781610763,59575.35,59587.23,59533.73,59549.41
1781611663,59549.41,59574.63,59487.71,59522.46
1781612563,59522.46,59559.73,59513.7,59524.47
1781613463,59524.47,59528.73,59435.66,59448.94
1781614363,59448.94,59603.69,59439.63,59585.39
1781615263,59585.39,59603.73,59583.66,59590.92
1781616163,59590.92,59716.7,59580.18,59698.48
1781617063,59698.48,59773.51,59656.24,59738.36
1781617963,59738.36,59744.12,59691.44,59709.39
1781618863,59709.39,59802.64,59694.76,59745.25
1781619763,59745.25,59902.13,59740.78,59847.51
1781620663,59847.51,59882.68,59842.33,59870.66
1781621563,59870.66,59889.69,59845.45,59855.15
1781622463,59855.15,59924.99,59829.97,59909.05
1781623363,59909.05,59917.17,59876.68,59894.93
1781624263,59894.93,59993.79,59888.37,59987.57
1781625163,59987.57,60054.54,59985.73,60013.77
1781626063,60013.77,60181.43,59984.11,60150.27
1781626963,60150.27,60159.44,60109.86,60137.96
1781627863,60137.96,60251.41,60116.57,60200.76
1781628763,60200.76,60257.73,60083.05,60089.72
1781629663,60089.72,60211.46,60077.98,60206.16
1781630563,60206.16,60240.29,60187.23,60191.27
1781631463,60191.27,60204.1,59983.39,60013.77
1781632363,60013.77,60118.53,59999.12,60088.52
1781633263,60088.52,60131.56,60049.18,60098.88
1781634163,60098.88,60106.06,60078.55,60084.16
1781635063,60084.16,60124.02,60073.43,60106.14
1781635963,60106.14,60172.87,60096.98,60168.18
1781636863,60168.18,60169.84,60011.88,60089.16
1781637763,60089.16,60141.53,59958.39,59998.59
1781638663,59998.59,60021.76,59907.5,59933.15
1781639563,59933.15,59976.9,59767.95,59818.19
1781640463,59818.19,59825.01,59764.69,59768.66
1781641363,59768.66,59783.52,59675.92,59676.58
1781642263,59676.58,59715.35,59550.85,59614.87
1781643163,59614.87,59741.41,59596.68,59732.28
1781644063,59732.28,59824.04,59730.58,59778.71
1781644963,59778.71,59809.53,59765.9,59772.5
1781645863,59772.5,59802.64,59698.29,59721.25
1781646763,59721.25,59733.38,59543.64,59572.51
1781647663,59572.51,59768.33,59528.12,59741.86
1781648563,59741.86,59812.47,59712.56,59724.07
1781649463,59724.07,59724.6,59433.74,59489.71
1781650363,59489.71,59544.88,59470.48,59509.67
1781651263,59509.67,59667.15,59428.24,59602.88
1781652163,59602.88,59623.1,59463.24,59475.95
1781653063,59475.95,59476.38,59416.81,59427.41
1781653963,59427.41,59539.3,59390.26,59515.84
1781654863,59515.84,59651.78,59498.1,59618.01
1781655763,59618.01,59698.84,59601.08,59682.56
1781656663,59682.56,59710.58,59636.92,59638.51
1781657563,59638.51,59640.83,59520.11,59559.74
1781658463,59559.74,59592.03,59526.86,59551.56
1781659363,59551.56,59620.86,59516.1,59586.86
1781660263,59586.86,59618.94,59572.82,59573.28
1781661163,59573.28,59685.19,59563.66,59643.49
1781662063,59643.49,59695.27,59638.81,59640.72
1781662963,59640.72,59736.68,59638.85,59734.12
1781663863,59734.12,59778.8,59714.72,59715.23
1781664763,59715.23,59723.76,59585.52,59605.28
1781665663,59605.28,59624.21,59522.11,59553.99
1781666563,59553.99,59578.17,59531.68,59568.55
1781667463,59568.55,59588.07,59532.69,59582.34
1781668363,59582.34,59608.42,59536.54,59562.75
1781669263,59562.75,59629.19,59527.54,59594.04
1781670163,59594.04,59609.97,59508.34,59546.13
1781671063,59546.13,59588.37,59530.04,59547.71
1781671963,59547.71,59736.68,59529.81,59671.88
1781672863,59671.88,59685.98,59668.21,59679.21
1781673763,59679.21,59793.09,59666.83,59733.12
1781674663,59733.12,59737.41,59717.77,59736.61
1781675563,59736.61,59754.12,59654.55,59698.14
1781676463,59698.14,59756.93,59651.06,59734.79
1781677363,59734.79,59789.97,59712.78,59772.03
1781678263,59772.03,59820.86,59750.43,59784.12
1781679163,59784.12,59791.5,59697.73,59721.5
1781680063,59721.5,59736.5,59628.98,59670.25
1781680963,59670.25,59798.98,59669.23,59724.56
1781681863,59724.56,59744.25,59637.15,59657.63
1781682763,59657.63,59680.82,59644.93,59670.69
1781683663,59670.69,59675.7,59491.84,59522.6
1781684563,59522.6,59553.43,59457.78,59483.76
1781685463,59483.76,59555.43,59482.55,59509.29
1781686363,59509.29,59513.28,59434.92,59444.02
1781687263,59444.02,59496.63,59434.95,59486.66
1781688163,59486.66,59493.14,59472.99,59488.29
1781689063,59488.29,59557.4,59424.32,59538.36
1781689963,59538.36,59681.18,59476.63,59676.37
1781690863,59676.37,59682.82,59558.41,59564.28
1781691763,59564.28,59619.78,59507.59,59614.8
1781692663,59614.8,59625.17,59552.9,59558.67
1781693563,59558.67,59646.15,59536.66,59627.42
1781694463,59627.42,59660.08,59552.83,59602.6
1781695363,59602.6,59656.58,59510.49,59518.32
1781696263,59518.32,59560.27,59431.33,59443.38
1781697163,59443.38,59493.1,59393.84,59403.87
1781698063,59403.87,59489.37,59377.23,59483.85
1781698963,59483.85,59484.26,59460.7,59471.29
1781699863,59471.29,59634.02,59457.18,59604.42
1781700763,59604.42,59617.35,59477.52,59489.62
1781701663,59489.62,59614.6,59478.83,59557.98
1781702563,59557.98,59581.99,59543.8,59579.13
1781703463,59579.13,59644.01,59550.82,59613.16
1781704363,59613.16,59724.99,59609.85,59699.99
1781705263,59699.99,59741.08,59577.46,59641.68
1781706163,59641.68,59641.98,59573.69,59604.56
1781707063,59604.56,59604.58,59563.01,59593.82
1781707963,59593.82,59628.3,59541.85,59546.38
1781708863,59546.38,59572.23,59536.46,59568.56
1781709763,59568.56,59578.1,59479.81,59491.52
1781710663,59491.52,59580.43,59483.69,59574.5
1781711563,59574.5,59599.5,59568.84,59579.98
1781712463,59579.98,59590.16,59422.67,59468.01
1781713363,59468.01,59534.45,59466.48,59514.68
1781714263,59514.68,59577.37,59499.52,59575.83
1781715163,59575.83,59591.73,59446.08,59513.35
1781716063,59513.35,59534.98,59456.06,59482.32
1781716963,59482.32,59512.32,59308.33,59337.35
1781717863,59337.35,59342.05,59227.43,59242.06
1781718763,59242.06,59267.61,59179.66,59207.96
1781719663,59207.96,59253.6,59192.49,59233.21
1781720563,59233.21,59255.65,59163.23,59165.2
1781721463,59165.2,59255.46,59164.23,59245.33
1781722363,59245.33,59285.38,59134.73,59174.36
1781723263,59174.36,59446.84,59145.31,59416.21
1781724163,59416.21,59451.13,59296.84,59351.09
1781725063,59351.09,59458.42,59252.86,59457.55
1781725963,59457.55,59505.0,59456.16,59497.28
1781726863,59497.28,59517.9,59395.8,59443.19
1781727763,59443.19,59464.47,59416.86,59447.23
1781728663,59447.23,59454.3,59427.61,59428.36
1781729563,59428.36,59450.08,59343.75,59381.33
1781730463,59381.33,59493.69,59347.17,59469.36
1781731363,59469.36,59484.84,59390.47,59404.8
1781732263,59404.8,59562.83,59393.35,59548.75
1781733163,59548.75,59618.27,59524.2,59600.51
1781734063,59600.51,59602.91,59598.86,59599.91
1781734963,59599.91,59695.4,59588.21,59686.04
1781735863,59686.04,59729.28,59569.16,59598.65
1781736763,59598.65,59607.08,59458.72,59477.43
1781737663,59477.43,59510.97,59449.25,59498.14
1781738563,59498.14,59506.43,59404.02,59414.4
1781739463,59414.4,59488.67,59398.85,59484.73
1781740363,59484.73,59554.65,59450.31,59490.5
1781741263,59490.5,59511.4,59431.63,59504.88
1781742163,59504.88,59519.12,59495.29,59501.63
1781743063,59501.63,59572.26,59464.74,59558.46
1781743963,59558.46,59580.09,59454.96,59459.44
1781744863,59459.44,59644.47,59438.4,59631.22
1781745763,59631.22,59717.43,59610.91,59712.05
1781746663,59712.05,59715.35,59607.55,59625.89
1781747563,59625.89,59655.81,59502.87,59529.26
1781748463,59529.26,59537.19,59391.8,59398.04
1781749363,59398.04,59541.28,59377.66,59524.0
1781750263,59524.0,59526.32,59463.5,59486.83
1781751163,59486.83,59546.05,59404.47,59409.69
1781752063,59409.69,59479.75,59364.73,59446.37
1781752963,59446.37,59611.62,59414.38,59587.78
1781753863,59587.78,59622.46,59554.21,59612.39
1781754763,59612.39,59769.5,59587.17,59747.23
1781755663,59747.23,59765.17,59614.21,59661.7
1781756563,59661.7,59675.8,59617.53,59640.86
1781757463,59640.86,59669.09,59601.75,59666.55
1781758363,59666.55,59674.66,59599.69,59657.81
1781759263,59657.81,59697.62,59542.97,59545.59
1781760163,59545.59,59674.02,59516.41,59639.77
1781761063,59639.77,59687.29,59558.16,59560.92
1781761963,59560.92,59570.66,59417.08,59465.3
1781762863,59465.3,59619.49,59462.4,59581.1
1781763763,59581.1,59596.2,59468.4,59485.8
1781764663,59485.8,59499.48,59428.32,59430.47
1781765563,59430.47,59557.03,59410.17,59502.16
1781766463,59502.16,59518.22,59431.12,59439.71
1781767363,59439.71,59461.3,59267.09,59333.65
1781768263,59333.65,59353.52,59225.75,59284.98
1781769163,59284.98,59332.24,59271.95,59274.26
1781770063,59274.26,59302.25,59225.4,59229.51
1781770963,59229.51,59233.15,59130.14,59162.84
1781771863,59162.84,59163.57,59027.22,59069.59
1781772763,59069.59,59229.01,59024.6,59186.78
1781773663,59186.78,59242.27,59131.36,59228.16
1781774563,59228.16,59283.48,59173.48,59278.89
1781775463,59278.89,59320.42,59274.73,59280.02
1781776363,59280.02,59302.75,59260.82,59270.17
1781777263,59270.17,59295.11,59195.53,59233.1
1781778163,59233.1,59250.1,59180.02,59222.53
1781779063,59222.53,59254.69,59024.18,59075.33
1781779963,59075.33,59100.26,58983.12,59002.58
1781780863,59002.58,59072.52,58992.15,59035.97
1781781763,59035.97,59053.28,58920.72,58921.97
1781782663,58921.97,58937.96,58828.43,58884.84
1781783563,58884.84,58890.12,58746.49,58777.9
1781784463,58777.9,58826.56,58741.68,58766.86
1781785363,58766.86,58788.98,58702.18,58775.69
1781786263,58775.69,58871.39,58762.76,58868.27
1781787163,58868.27,58871.78,58785.31,58795.53
1781788063,58795.53,58823.64,58747.79,58779.74
1781788963,58779.74,58858.91,58745.08,58853.13
1781789863,58853.13,59010.52,58830.16,58986.55
1781790763,58986.55,59034.18,58957.81,59008.99
1781791663,59008.99,59054.81,58989.49,59027.7
1781792563,59027.7,59060.78,58917.84,58977.31
1781793463,58977.31,59113.0,58943.25,59041.31
1781794363,59041.31,59108.82,59037.39,59088.33
1781795263,59088.33,59145.23,58914.94,58940.35
1781796163,58940.35,58960.23,58812.62,58836.46
1781797063,58836.46,58838.62,58728.36,58734.04
1781797963,58734.04,58823.6,58656.13,58660.51
1781798863,58660.51,58673.66,58608.54,58659.15
1781799763,58659.15,58678.23,58650.52,58656.83
1781800663,58656.83,58661.58,58564.65,58580.9
1781801563,58580.9,58667.8,58565.0,58660.18
1781802463,58660.18,58688.22,58567.64,58586.11
1781803363,58586.11,58644.94,58536.18,58557.78
1781804263,58557.78,58618.3,58498.55,58577.45
1781805163,58577.45,58592.84,58515.41,58542.7
1781806063,58542.7,58553.72,58281.36,58345.16
1781806963,58345.16,58386.59,58179.6,58192.01
1781807863,58192.01,58227.91,58156.08,58225.94
1781808763,58225.94,58368.18,58212.99,58329.86
1781809663,58329.86,58409.85,58327.33,58393.98
1781810563,58393.98,58424.78,58388.71,58416.93
1781811463,58416.93,58429.44,58367.49,58377.16
1781812363,58377.16,58385.16,58286.03,58324.21
1781813263,58324.21,58368.78,58323.38,58328.9
1781814163,58328.9,58344.74,58309.66,58334.03
1781815063,58334.03,58346.16,58231.91,58253.1
1781815963,58253.1,58391.89,58241.7,58355.2
1781816863,58355.2,58379.51,58266.87,58281.62
1781817763,58281.62,58516.53,58275.42,58466.77
1781818663,58466.77,58484.03,58350.91,58391.95
1781819563,58391.95,58475.45,58334.79,58467.14
1781820463,58467.14,58476.64,58463.21,58473.8
1781821363,58473.8,58590.03,58460.03,58569.12
1781822263,58569.12,58599.65,58559.14,58565.47
1781823163,58565.47,58632.09,58534.8,58627.81
1781824063,58627.81,58635.12,58587.39,58624.74
1781824963,58624.74,58653.54,58573.96,58648.26
1781825863,58648.26,58696.61,58627.93,58656.15
1781826763,58656.15,58716.16,58631.93,58679.98
1781827663,58679.98,58685.19,58528.58,58559.49
1781828563,58559.49,58574.13,58513.96,58532.9
1781829463,58532.9,58543.4,58426.09,58469.77
1781830363,58469.77,58495.05,58381.3,58450.21
1781831263,58450.21,58477.62,58329.63,58368.33
1781832163,58368.33,58374.92,58335.36,58357.1
1781833063,58357.1,58408.58,58333.2,58383.63
1781833963,58383.63,58435.76,58351.01,58410.19
1781834863,58410.19,58457.24,58371.58,58456.13
1781835763,58456.13,58557.49,58398.1,58554.21
1781836663,58554.21,58708.7,58545.65,58688.32
1781837563,58688.32,58910.24,58668.21,58886.35
1781838463,58886.35,58984.07,58871.58,58983.16
1781839363,58983.16,59002.11,58971.08,58972.71
1781840263,58972.71,59102.38,58945.71,59062.25
1781841163,59062.25,59204.01,58996.43,59156.14
1781842063,59156.14,59174.85,59102.59,59117.75
1781842963,59117.75,59135.4,59089.41,59101.69
1781843863,59101.69,59159.28,59079.46,59125.88
1781844763,59125.88,59170.58,59097.98,59103.27
1781845663,59103.27,59205.9,59077.92,59191.72
1781846563,59191.72,59222.17,59167.35,59195.14
1781847463,59195.14,59226.5,59129.01,59151.35
1781848363,59151.35,59190.4,59116.49,59171.32
1781849263,59171.32,59232.46,59078.86,59102.56
1781850163,59102.56,59248.31,59065.4,59225.57
1781851063,59225.57,59271.43,59117.0,59154.36
1781851963,59154.36,59296.56,59153.78,59258.03
1781852863,59258.03,59425.81,59227.57,59424.97
1781853763,59424.97,59578.23,59402.8,59557.87
1781854663,59557.87,59601.43,59555.24,59556.85
1781855563,59556.85,59634.9,59544.41,59618.15
1781856463,59618.15,59629.12,59541.12,59569.22
1781857363,59569.22,59644.99,59521.28,59585.04
1781858263,59585.04,59634.1,59477.65,59483.4
1781859163,59483.4,59499.3,59429.33,59435.79
1781860063,59435.79,59535.0,59404.79,59530.66
1781860963,59530.66,59584.86,59513.78,59561.56
1781861863,59561.56,59637.36,59552.6,59629.02
1781862763,59629.02,59656.29,59598.04,59603.06
1781863663,59603.06,59620.96,59587.45,59618.79
1781864563,59618.79,59701.27,59606.1,59684.09
1781865463,59684.09,59783.14,59671.87,59757.13
1781866363,59757.13,59769.24,59737.87,59767.65
1781867263,59767.65,59805.52,59711.89,59787.84
1781868163,59787.84,59818.95,59721.31,59726.08
1781869063,59726.08,59745.76,59685.42,59712.68
1781869963,59712.68,59716.03,59609.23,59617.98
1781870863,59617.98,59638.08,59606.45,59608.05
1781871763,59608.05,59690.17,59585.33,59606.72
1781872663,59606.72,59680.59,59557.33,59641.17
1781873563,59641.17,59738.3,59633.52,59710.82
1781874463,59710.82,59742.72,59707.22,59733.87
1781875363,59733.87,59849.56,59689.65,59822.04
1781876263,59822.04,59933.3,59819.08,59913.89
1781877163,59913.89,59935.9,59822.78,59838.47
1781878063,59838.47,59853.33,59820.84,59848.99
1781878963,59848.99,60017.31,59816.55,59949.25
1781879863,59949.25,59986.88,59920.06,59967.07
1781880763,59967.07,59976.05,59888.79,59913.13
1781881663,59913.13,60019.93,59849.74,59988.72
1781882563,59988.72,60013.94,59973.6,60011.01
1781883463,60011.01,60044.98,59996.72,60041.98
1781884363,60041.98,60054.64,60005.43,60015.97
1781885263,60015.97,60039.15,59916.62,59929.25
1781886163,59929.25,60079.65,59897.51,60069.6
1781887063,60069.6,60101.57,60034.9,60051.93
1781887963,60051.93,60054.53,60030.02,60042.21
1781888863,60042.21,60105.29,60036.39,60087.89
1781889763,60087.89,60112.76,60027.32,60040.0
1781890663,60040.0,60085.35,60036.15,60070.68
1781891563,60070.68,60127.23,60056.18,60103.12
1781892463,60103.12,60105.12,59999.85,60019.98
1781893363,60019.98,60098.07,60005.1,60089.68
1781894263,60089.68,60094.06,60026.48,60047.53
1781895163,60047.53,60090.79,60022.91,60067.4
1781896063,60067.4,60161.49,60065.93,60149.82
1781896963,60149.82,60180.59,60131.77,60158.98
1781897863,60158.98,60216.61,60144.64,60157.37
1781898763,60157.37,60188.89,60076.18,60078.67
1781899663,60078.67,60168.36,60068.45,60167.79
1781900563,60167.79,60202.23,60126.06,60181.9
1781901463,60181.9,60263.94,60154.24,60247.94
1781902363,60247.94,60277.54,60094.39,60168.89
1781903263,60168.89,60209.0,60055.26,60074.61
1781904163,60074.61,60081.82,60028.05,60048.58
1781905063,60048.58,60069.58,59947.78,59995.76
1781905963,59995.76,60019.71,59896.49,59971.58
1781906863,59971.58,60051.61,59961.54,60028.95
1781907763,60028.95,60057.07,60020.03,60033.53
1781908663,60033.53,60068.31,60025.98,60056.95
1781909563,60056.95,60060.99,60023.52,60053.37
1781910463,60053.37,60103.09,60031.8,60040.78
1781911363,60040.78,60060.57,59885.81,59930.84
1781912263,59930.84,59938.26,59880.04,59891.1
1781913163,59891.1,59907.73,59826.67,59897.6
1781914063,59897.6,59920.54,59815.29,59867.4
1781914963,59867.4,59900.79,59839.76,59863.54
1781915863,59863.54,59920.54,59848.57,59892.72
1781916763,59892.72,59958.06,59890.25,59938.0
1781917663,59938.0,59969.26,59930.62,59943.2
1781918563,59943.2,59954.11,59837.33,59869.09
1781919463,59869.09,59874.94,59841.83,59873.28
1781920363,59873.28,59910.94,59682.72,59717.87
1781921263,59717.87,59750.6,59669.74,59710.42
1781922163,59710.42,59778.3,59668.43,59746.45
1781923063,59746.45,59959.89,59745.14,59954.62
1781923963,59954.62,59994.4,59929.75,59982.91
1781924863,59982.91,60022.73,59905.54,59948.45
1781925763,59948.45,59968.7,59853.6,59909.84
1781926663,59909.84,60028.73,59878.81,60008.52
1781927563,60008.52,60063.09,59954.39,59972.47
1781928463,59972.47,59979.61,59873.78,59896.51
1781929363,59896.51,59953.38,59893.7,59945.66
1781930263,59945.66,59966.99,59866.48,59871.67
1781931163,59871.67,59875.03,59640.43,59662.35
1781932063,59662.35,59676.23,59636.41,59664.91
1781932963,59664.91,59727.45,59622.43,59690.9
1781933863,59690.9,59773.03,59688.57,59758.3
1781934763,59758.3,59760.69,59695.37,59706.86
1781935663,59706.86,59758.62,59455.26,59485.88
1781936563,59485.88,59606.84,59478.77,59566.73
1781937463,59566.73,59662.71,59539.88,59618.81
1781938363,59618.81,59647.32,59577.42,59638.72
1781939263,59638.72,59810.6,59599.42,59784.13
1781940163,59784.13,59794.3,59570.37,59587.81
1781941063,59587.81,59664.66,59557.6,59636.35
1781941963,59636.35,59696.28,59498.57,59502.16
1781942863,59502.16,59565.3,59500.14,59564.32
1781943763,59564.32,59617.85,59554.07,59575.73
1781944663,59575.73,59595.44,59466.06,59471.96
1781945563,59471.96,59520.38,59358.88,59385.88
1781946463,59385.88,59412.86,59215.48,59271.45
1781947363,59271.45,59300.4,59206.71,59250.87
1781948263,59250.87,59273.16,59217.53,59263.19
1781949163,59263.19,59295.76,59190.38,59227.27
1781950063,59227.27,59341.77,59207.62,59335.01
1781950963,59335.01,59356.07,59280.08,59314.0
1781951863,59314.0,59382.85,59264.43,59372.81
1781952763,59372.81,59403.52,59294.99,59308.8
1781953663,59308.8,59365.21,59278.63,59359.2
1781954563,59359.2,59469.9,59327.38,59451.56
1781955463,59451.56,59499.44,59342.55,59365.1
1781956363,59365.1,59419.35,59245.12,59258.38
1781957263,59258.38,59383.95,59219.82,59341.63
1781958163,59341.63,59447.34,59331.26,59402.11
1781959063,59402.11,59404.64,59206.05,59237.2
1781959963,59237.2,59337.29,59217.75,59298.01
1781960863,59298.01,59363.38,59279.34,59281.81
1781961763,59281.81,59319.9,59280.65,59299.77
1781962663,59299.77,59336.47,59213.83,59255.26
1781963563,59255.26,59382.16,59171.06,59346.25
1781964463,59346.25,59380.51,59312.67,59364.95
1781965363,59364.95,59526.33,59298.75,59481.76
1781966263,59481.76,59498.13,59390.57,59441.61
1781967163,59441.61,59482.08,59357.0,59374.89
1781968063,59374.89,59459.14,59366.56,59412.66
1781968963,59412.66,59418.31,59297.57,59305.18
1781969863,59305.18,59329.86,59251.68,59252.84
1781970763,59252.84,59258.19,59057.71,59088.36
1781971663,59088.36,59093.19,59001.94,59013.47
1781972563,59013.47,59079.24,58981.96,59042.58
1781973463,59042.58,59075.25,59000.91,59035.92
1781974363,59035.92,59058.61,59006.25,59024.35
1781975263,59024.35,59213.82,58988.21,59207.29
1781976163,59207.29,59221.78,59019.15,59040.36
1781977063,59040.36,59047.04,58933.41,58965.17
1781977963,58965.17,58965.37,58881.23,58899.98
1781978863,58899.98,58919.73,58882.42,58913.32
1781979763,58913.32,58959.83,58853.49,58939.15
1781980663,58939.15,58956.87,58812.8,58845.29
1781981563,58845.29,58972.4,58836.91,58962.52
1781982463,58962.52,58981.64,58858.68,58869.43
1781983363,58869.43,58949.77,58850.75,58940.73
1781984263,58940.73,59085.01,58919.95,59061.47
1781985163,59061.47,59081.97,59034.41,59069.04
1781986063,59069.04,59204.94,59063.42,59165.24
1781986963,59165.24,59168.25,59048.69,59075.34
1781987863,59075.34,59102.79,59026.55,59034.2
1781988763,59034.2,59095.68,58987.92,59072.29
1781989663,59072.29,59137.41,59057.55,59131.16
1781990563,59131.16,59159.61,59119.17,59130.13
1781991463,59130.13,59226.97,59122.91,59195.27
1781992363,59195.27,59306.75,59183.69,59269.5
1781993263,59269.5,59304.23,59258.54,59290.73
1781994163,59290.73,59312.75,59246.58,59274.9
1781995063,59274.9,59334.74,59169.22,59179.64
1781995963,59179.64,59187.71,59032.57,59079.83
1781996863,59079.83,59147.01,59077.64,59122.92
1781997763,59122.92,59154.39,58936.22,59007.4
1781998663,59007.4,59040.22,58916.88,58974.47
1781999563,58974.47,59013.72,58962.4,58991.4
1782000463,58991.4,59035.41,58983.35,59028.42
1782001363,59028.42,59104.48,59003.19,59092.75
1782002263,59092.75,59093.59,58944.97,58969.37
1782003163,58969.37,59034.65,58921.88,58999.35
1782004063,58999.35,59193.9,58976.57,59132.83
1782004963,59132.83,59274.4,59128.07,59225.87
1782005863,59225.87,59303.61,59205.8,59266.47
1782006763,59266.47,59285.17,59172.18,59197.15
1782007663,59197.15,59258.2,59192.84,59242.6
1782008563,59242.6,59339.0,59228.53,59277.57
1782009463,59277.57,59412.82,59264.61,59333.37
1782010363,59333.37,59347.05,59213.24,59240.29
1782011263,59240.29,59265.09,59202.19,59243.55
1782012163,59243.55,59251.18,59136.52,59189.95
1782013063,59189.95,59325.65,59173.19,59307.99
1782013963,59307.99,59362.08,59303.85,59312.39
1782014863,59312.39,59319.22,59168.76,59202.26
1782015763,59202.26,59366.78,59147.54,59327.16
1782016663,59327.16,59483.71,59316.23,59483.2
1782017563,59483.2,59512.93,59364.04,59392.92
1782018463,59392.92,59438.47,59235.39,59248.52
1782019363,59248.52,59281.03,59157.14,59205.39
1782020263,59205.39,59221.58,59093.29,59163.65
1782021163,59163.65,59233.21,59138.78,59226.85
1782022063,59226.85,59227.6,59091.97,59113.42
1782022963,59113.42,59214.34,59113.23,59155.37
1782023863,59155.37,59182.8,59119.34,59131.83
1782024763,59131.83,59174.01,59127.51,59143.4
1782025663,59143.4,59284.53,59133.18,59232.82
1782026563,59232.82,59289.93,59209.28,59276.57
1782027463,59276.57,59304.45,59205.16,59239.66
1782028363,59239.66,59445.03,59226.12,59390.15
1782029263,59390.15,59409.27,59320.83,59357.05
1782030163,59357.05,59459.0,59318.29,59437.57
1782031063,59437.57,59438.7,59424.63,59431.11
1782031963,59431.11,59472.92,59387.44,59402.54
1782032863,59402.54,59442.2,59345.16,59412.88
1782033763,59412.88,59434.62,59254.97,59319.87
1782034663,59319.87,59370.94,59300.89,59350.81
1782035563,59350.81,59360.0,59230.45,59233.48
1782036463,59233.48,59346.7,59147.45,59280.48
1782037363,59280.48,59317.85,59230.9,59243.43
1782038263,59243.43,59263.34,59237.51,59249.13
1782039163,59249.13,59292.05,59198.36,59288.94
1782040063,59288.94,59341.48,59273.54,59331.89
1782040963,59331.89,59355.14,59281.04,59306.79
1782041863,59306.79,59324.21,59203.74,59243.37
1782042763,59243.37,59312.46,59226.05,59271.64
1782043663,59271.64,59408.02,59251.77,59383.01
1782044563,59383.01,59399.09,59306.18,59348.12
1782045463,59348.12,59359.41,59273.39,59278.85
1782046363,59278.85,59317.23,59177.28,59237.3
1782047263,59237.3,59257.21,59199.01,59246.56
1782048163,59246.56,59274.15,59150.82,59176.97
1782049063,59176.97,59192.36,59050.63,59074.72
1782049963,59074.72,59111.67,58951.25,58962.95
1782050863,58962.95,58980.93,58935.51,58948.65
1782051763,58948.65,58975.13,58799.04,58847.33
1782052663,58847.33,58954.77,58827.77,58922.07
1782053563,58922.07,59020.87,58893.84,58961.31
1782054463,58961.31,58975.87,58953.61,58956.32
1782055363,58956.32,59009.94,58928.51,58962.3
1782056263,58962.3,59092.78,58930.93,59081.72
1782057163,59081.72,59150.78,59067.57,59145.14
1782058063,59145.14,59220.04,59108.09,59195.57
1782058963,59195.57,59365.11,59146.63,59338.66
1782059863,59338.66,59430.82,59325.38,59424.56
1782060763,59424.56,59450.65,59371.0,59395.27
1782061663,59395.27,59419.58,59346.85,59372.98
1782062563,59372.98,59401.93,59301.59,59308.95
1782063463,59308.95,59327.96,59231.31,59264.83
1782064363,59264.83,59378.93,59248.61,59309.75
1782065263,59309.75,59323.02,59213.8,59260.93
1782066163,59260.93,59389.98,59224.65,59370.93
1782067063,59370.93,59456.12,59326.48,59437.54
1782067963,59437.54,59526.17,59358.02,59404.39
1782068863,59404.39,59459.46,59395.69,59455.39
1782069763,59455.39,59522.85,59403.08,59487.12
1782070663,59487.12,59516.58,59480.68,59510.38
1782071563,59510.38,59574.7,59492.12,59550.33
1782072463,59550.33,59684.24,59533.63,59648.66
1782073363,59648.66,59657.97,59589.67,59610.47
1782074263,59610.47,59615.09,59564.04,59607.74
1782075163,59607.74,59773.16,59560.45,59724.83
1782076063,59724.83,59768.96,59561.77,59574.02
1782076963,59574.02,59581.25,59521.84,59578.86
1782077863,59578.86,59623.65,59577.75,59622.61
1782078763,59622.61,59775.55,59599.72,59774.46
1782079663,59774.46,59810.28,59757.52,59778.81
1782080563,59778.81,59786.08,59638.13,59639.32
1782081463,59639.32,59696.42,59634.33,59655.16
1782082363,59655.16,59684.46,59506.71,59539.72
1782083263,59539.72,59559.63,59414.09,59456.11
1782084163,59456.11,59483.05,59307.62,59321.01
1782085063,59321.01,59322.86,59235.87,59295.38
1782085963,59295.38,59318.33,59229.64,59255.61
1782086863,59255.61,59277.14,59244.58,59270.77
1782087763,59270.77,59282.74,59185.93,59230.13
1782088663,59230.13,59387.4,59210.56,59380.13
1782089563,59380.13,59388.15,59214.52,59223.02
1782090463,59223.02,59273.94,59165.91,59167.2
1782091363,59167.2,59234.1,59037.62,59040.54
1782092263,59040.54,59073.2,58994.62,59021.85
1782093163,59021.85,59033.18,58984.93,59010.17
1782094063,59010.17,59095.82,58976.64,59074.61
1782094963,59074.61,59091.7,58840.91,58852.15
1782095863,58852.15,59071.52,58808.05,58976.08
1782096763,58976.08,59028.52,58928.67,59027.49
1782097663,59027.49,59040.3,58951.12,58966.23
1782098563,58966.23,59090.05,58943.26,59059.81
1782099463,59059.81,59121.01,59049.11,59086.54
1782100363,59086.54,59175.57,59044.79,59159.56
1782101263,59159.56,59284.81,59129.43,59235.6
1782102163,59235.6,59297.39,59201.56,59209.89
1782103063,59209.89,59218.41,59182.23,59208.12
1782103963,59208.12,59396.26,59154.91,59356.42
1782104863,59356.42,59386.38,59316.05,59364.87
1782105763,59364.87,59374.98,59345.08,59350.54
1782106663,59350.54,59439.63,59333.54,59424.29
1782107563,59424.29,59441.36,59390.37,59399.88
1782108463,59399.88,59447.33,59394.68,59400.31
1782109363,59400.31,59434.47,59249.07,59327.88
1782110263,59327.88,59334.43,59324.58,59334.38
1782111163,59334.38,59398.25,59310.18,59335.52
1782112063,59335.52,59442.4,59313.18,59420.08
1782112963,59420.08,59428.05,59298.74,59327.97
1782113863,59327.97,59378.17,59281.16,59345.74
1782114763,59345.74,59389.86,59315.91,59342.15
1782115663,59342.15,59426.4,59317.09,59356.59
1782116563,59356.59,59382.54,59161.37,59193.39
1782117463,59193.39,59272.51,59191.84,59238.42
1782118363,59238.42,59268.98,59117.3,59173.99
1782119263,59173.99,59187.49,59091.81,59111.08
1782120163,59111.08,59260.06,59103.7,59257.08
1782121063,59257.08,59266.98,59232.27,59243.12
1782121963,59243.12,59356.63,59198.85,59344.72
1782122863,59344.72,59478.82,59332.53,59447.15
1782123763,59447.15,59476.07,59410.19,59430.29
1782124663,59430.29,59467.74,59310.74,59364.58
1782125563,59364.58,59392.01,59330.85,59343.99
1782126463,59343.99,59376.24,59251.49,59276.86
1782127363,59276.86,59287.65,59249.34,59251.43
1782128263,59251.43,59326.52,59237.73,59264.58
1782129163,59264.58,59266.71,59208.73,59239.96
1782130063,59239.96,59295.12,59186.56,59194.27
1782130963,59194.27,59202.53,59104.94,59107.03
1782131863,59107.03,59167.23,59056.65,59065.14
1782132763,59065.14,59090.34,58993.46,59021.43
1782133663,59021.43,59051.74,58972.36,59042.29
1782134563,59042.29,59138.38,59035.4,59097.1
1782135463,59097.1,59146.47,59040.65,59076.65
1782136363,59076.65,59225.68,59032.7,59203.19
1782137263,59203.19,59266.24,59167.46,59245.08
1782138163,59245.08,59374.92,59237.44,59358.86
1782139063,59358.86,59431.8,59313.17,59357.88
1782139963,59357.88,59475.69,59357.2,59420.43
1782140863,59420.43,59493.18,59409.38,59482.22
1782141763,59482.22,59496.34,59435.75,59436.59
1782142663,59436.59,59538.85,59370.21,59535.09
1782143563,59535.09,59689.18,59524.5,59659.09
1782144463,59659.09,59725.86,59638.81,59673.83
1782145363,59673.83,59677.21,59637.35,59643.46
1782146263,59643.46,59716.14,59637.64,59682.09
1782147163,59682.09,59689.14,59656.95,59681.17
1782148063,59681.17,59816.39,59651.68,59802.22
1782148963,59802.22,59826.59,59616.03,59641.65
1782149863,59641.65,59685.89,59586.88,59599.56
1782150763,59599.56,59639.4,59589.33,59604.64
1782151663,59604.64,59634.85,59582.17,59632.99
1782152563,59632.99,59683.12,59547.71,59565.54
1782153463,59565.54,59661.29,59557.47,59614.02
1782154363,59614.02,59787.11,59604.95,59721.16
1782155263,59721.16,59842.15,59697.5,59839.16
1782156163,59839.16,59866.5,59789.18,59824.08
1782157063,59824.08,59872.2,59813.86,59819.39
1782157963,59819.39,59886.25,59811.74,59858.9
1782158863,59858.9,59997.76,59850.65,59958.41
1782159763,59958.41,60074.25,59941.48,60035.55
1782160663,60035.55,60076.69,60021.6,60066.9
1782161563,60066.9,60129.87,60027.88,60128.7
1782162463,60128.7,60249.88,60122.01,60214.3
1782163363,60214.3,60220.57,59911.87,59926.26
1782164263,59926.26,60024.82,59873.5,59949.15
1782165163,59949.15,60028.41,59934.32,60022.8
1782166063,60022.8,60104.74,60013.62,60089.85
1782166963,60089.85,60102.58,59927.68,59966.24
1782167863,59966.24,60047.66,59921.43,59976.4
1782168763,59976.4,60022.83,59902.93,59933.96
1782169663,59933.96,59935.86,59816.41,59843.13
1782170563,59843.13,59904.96,59829.4,59872.41
1782171463,59872.41,59875.04,59831.14,59841.29
1782172363,59841.29,59910.23,59695.23,59735.43
1782173263,59735.43,59782.89,59723.76,59750.24
1782174163,59750.24,59756.15,59680.92,59714.54
1782175063,59714.54,59794.91,59692.07,59788.04
1782175963,59788.04,59790.12,59720.87,59751.61
1782176863,59751.61,59755.08,59569.08,59601.53
1782177763,59601.53,59611.61,59470.88,59489.68
1782178663,59489.68,59591.74,59475.8,59566.75
1782179563,59566.75,59610.09,59473.33,59480.33
1782180463,59480.33,59551.22,59439.56,59503.61
1782181363,59503.61,59539.36,59476.99,59531.56
1782182263,59531.56,59534.13,59452.16,59461.77
1782183163,59461.77,59553.93,59440.33,59507.41
1782184063,59507.41,59513.92,59413.37,59438.6
1782184963,59438.6,59501.67,59316.81,59330.06
1782185863,59330.06,59416.62,59325.78,59380.65
1782186763,59380.65,59423.21,59260.97,59275.38
1782187663,59275.38,59282.28,59236.65,59267.26
1782188563,59267.26,59355.36,59214.98,59318.64
1782189463,59318.64,59542.59,59313.25,59538.23
1782190363,59538.23,59563.29,59320.14,59332.85
1782191263,59332.85,59344.12,59201.88,59219.79
1782192163,59219.79,59357.8,59182.43,59331.94
1782193063,59331.94,59354.1,59284.9,59289.99
1782193963,59289.99,59369.11,59240.4,59358.87
1782194863,59358.87,59501.71,59317.84,59490.36
1782195763,59490.36,59504.92,59399.03,59428.77
1782196663,59428.77,59462.42,59319.49,59398.7
1782197563,59398.7,59450.97,59332.2,59364.38
1782198463,59364.38,59414.81,59205.89,59259.17
1782199363,59259.17,59474.93,59217.03,59421.2
1782200263,59421.2,59454.22,59387.45,59415.81
1782201163,59415.81,59512.63,59412.98,59507.03
1782202063,59507.03,59535.51,59506.33,59509.67
1782202963,59509.67,59522.79,59466.6,59479.69
1782203863,59479.69,59506.02,59356.35,59379.77
1782204763,59379.77,59471.05,59320.45,59448.79
1782205663,59448.79,59519.28,59367.86,59413.55
1782206563,59413.55,59443.05,59384.14,59431.27
1782207463,59431.27,59435.05,59333.55,59334.62
1782208363,59334.62,59413.58,59330.74,59398.49
1782209263,59398.49,59452.42,59349.12,59359.3
1782210163,59359.3,59361.39,59314.77,59352.55
1782211063,59352.55,59355.33,59298.78,59313.71
1782211963,59313.71,59368.35,59301.77,59317.64
1782212863,59317.64,59340.64,59308.58,59323.23
1782213763,59323.23,59334.41,59298.82,59328.91
1782214663,59328.91,59340.37,59327.99,59333.26
1782215563,59333.26,59424.27,59311.17,59401.85
1782216463,59401.85,59419.36,59127.06,59158.07
1782217363,59158.07,59160.26,59020.48,59075.22
1782218263,59075.22,59120.64,59010.99,59017.59
1782219163,59017.59,59024.0,58975.98,58996.56
1782220063,58996.56,59145.75,58958.86,59139.86
1782220963,59139.86,59182.07,59070.13,59177.99
1782221863,59177.99,59188.38,59112.6,59122.25
1782222763,59122.25,59146.18,59077.48,59082.49
1782223663,59082.49,59084.91,59027.36,59045.31
1782224563,59045.31,59071.65,59007.08,59024.56
1782225463,59024.56,59087.1,59023.68,59083.95
1782226363,59083.95,59271.19,59062.44,59230.68
1782227263,59230.68,59257.56,59226.5,59245.14
1782228163,59245.14,59253.41,59189.12,59198.24
1782229063,59198.24,59218.78,59197.64,59209.41
1782229963,59209.41,59270.28,59185.6,59268.94
1782230863,59268.94,59286.18,59221.3,59262.8
1782231763,59262.8,59269.86,59167.86,59169.25
1782232663,59169.25,59321.97,59161.53,59249.42
1782233563,59249.42,59257.91,59188.48,59198.5
1782234463,59198.5,59212.54,59131.32,59171.08
1782235363,59171.08,59277.21,59128.43,59275.11
1782236263,59275.11,59427.45,59240.25,59390.12
1782237163,59390.12,59394.63,59322.68,59323.47
1782238063,59323.47,59457.48,59311.52,59428.05
1782238963,59428.05,59434.07,59356.7,59384.42
1782239863,59384.42,59414.89,59373.72,59406.3
1782240763,59406.3,59425.34,59325.31,59350.42
1782241663,59350.42,59474.31,59303.4,59455.07
1782242563,59455.07,59468.38,59396.03,59411.03
1782243463,59411.03,59427.18,59404.45,59406.82
1782244363,59406.82,59413.95,59354.38,59366.87
1782245263,59366.87,59407.81,59285.55,59319.98
1782246163,59319.98,59338.27,59187.17,59232.47
1782247063,59232.47,59256.71,59068.91,59126.13
1782247963,59126.13,59135.98,59075.02,59093.09
1782248863,59093.09,59216.74,59060.55,59115.51
1782249763,59115.51,59322.91,59106.43,59310.17
1782250663,59310.17,59332.47,59238.43,59261.68
1782251563,59261.68,59303.83,59212.5,59248.29
1782252463,59248.29,59313.77,59124.67,59132.67
1782253363,59132.67,59193.24,59096.75,59180.27
1782254263,59180.27,59211.24,59009.64,59055.68
1782255163,59055.68,59102.2,59031.6,59047.04
1782256063,59047.04,59091.34,58916.93,58934.11
1782256963,58934.11,59054.44,58875.41,59019.2
1782257863,59019.2,59019.44,58950.37,58994.77
1782258763,58994.77,59035.81,58970.78,58996.95
1782259663,58996.95,59147.38,58986.78,59112.36
1782260563,59112.36,59125.68,58987.54,59041.71
1782261463,59041.71,59120.66,59032.82,59105.83
1782262363,59105.83,59262.3,59104.18,59227.91
1782263263,59227.91,59292.1,59167.78,59189.34
1782264163,59189.34,59196.06,59160.14,59164.25
1782265063,59164.25,59188.29,59030.36,59034.14
1782265963,59034.14,59092.84,59008.74,59037.33
1782266863,59037.33,59121.71,59022.43,59107.98
1782267763,59107.98,59109.71,59062.94,59096.07
1782268663,59096.07,59196.59,59055.81,59145.91
1782269563,59145.91,59160.13,59092.09,59148.04
1782270463,59148.04,59172.84,58959.36,58988.3
1782271363,58988.3,59017.19,58873.95,58901.13
1782272263,58901.13,58916.83,58897.34,58911.94
1782273163,58911.94,58927.57,58873.67,58897.34
1782274063,58897.34,58950.91,58887.07,58924.81
1782274963,58924.81,59032.55,58907.22,59005.8
1782275863,59005.8,59047.15,58750.67,58784.25
1782276763,58784.25,58811.03,58635.03,58667.95
1782277663,58667.95,58675.49,58639.79,58667.58
1782278563,58667.58,58696.84,58602.61,58636.24
1782279463,58636.24,58674.34,58616.34,58665.56
1782280363,58665.56,58693.66,58618.01,58673.31
1782281263,58673.31,58717.23,58660.42,58688.9
1782282163,58688.9,58708.42,58600.43,58642.17
1782283063,58642.17,58653.6,58566.55,58590.26
1782283963,58590.26,58661.76,58504.71,58518.89
1782284863,58518.89,58613.68,58503.27,58601.0
1782285763,58601.0,58629.19,58565.92,58580.37
1782286663,58580.37,58636.05,58547.42,58601.68
1782287563,58601.68,58605.77,58519.33,58546.17
1782288463,58546.17,58617.81,58545.9,58578.83
1782289363,58578.83,58620.09,58463.67,58504.0
1782290263,58504.0,58564.93,58464.28,58486.62
1782291163,58486.62,58605.88,58452.07,58600.55
1782292063,58600.55,58717.83,58565.37,58685.58
1782292963,58685.58,58698.8,58571.37,58576.66
1782293863,58576.66,58655.47,58554.55,58597.56
1782294763,58597.56,58618.11,58567.54,58570.62
1782295663,58570.62,58655.33,58562.64,58648.78
1782296563,58648.78,58674.16,58590.76,58612.45
1782297463,58612.45,58679.5,58568.81,58667.78
1782298363,58667.78,58714.28,58664.51,58690.28
1782299263,58690.28,58767.04,58682.04,58754.41
1782300163,58754.41,58799.42,58747.37,58778.82
1782301063,58778.82,58822.12,58775.4,58814.77
1782301963,58814.77,58855.47,58769.15,58815.69
1782302863,58815.69,58937.22,58797.74,58902.14
1782303763,58902.14,59006.24,58865.57,58979.62
1782304663,58979.62,59003.54,58921.33,58939.96
1782305563,58939.96,59012.02,58750.86,58761.21
1782306463,58761.21,58785.8,58557.97,58588.1
1782307363,58588.1,58635.2,58567.92,58632.27
1782308263,58632.27,58708.02,58621.96,58662.96
1782309163,58662.96,58835.07,58574.94,58793.7
1782310063,58793.7,58806.74,58647.08,58668.73
1782310963,58668.73,58772.72,58659.37,58732.75
1782311863,58732.75,58784.88,58666.38,58745.75
1782312763,58745.75,58846.17,58742.58,58842.78
1782313663,58842.78,58866.7,58774.92,58775.39
1782314563,58775.39,58790.0,58705.88,58745.46
1782315463,58745.46,58846.79,58668.73,58743.11
1782316363,58743.11,58790.98,58693.36,58715.61
1782317263,58715.61,58907.72,58681.8,58895.41
1782318163,58895.41,59090.1,58868.47,59031.22
1782319063,59031.22,59033.38,58974.04,58992.77
1782319963,58992.77,59036.8,58978.56,59001.11
1782320863,59001.11,59094.86,58947.44,59081.68
1782321763,59081.68,59119.03,59080.95,59109.28
1782322663,59109.28,59149.39,58941.99,58999.18
1782323563,58999.18,59042.88,58991.19,59031.19
1782324463,59031.19,59118.31,59005.65,59093.41
1782325363,59093.41,59320.7,59075.62,59274.62
1782326263,59274.62,59275.68,59231.17,59248.72
1782327163,59248.72,59265.07,59200.86,59242.42
1782328063,59242.42,59352.27,59220.23,59351.67
1782328963,59351.67,59382.19,59238.25,59243.18
1782329863,59243.18,59243.84,59226.8,59242.79
1782330763,59242.79,59302.43,59235.26,59259.31
1782331663,59259.31,59267.83,59084.57,59098.88
1782332563,59098.88,59142.14,59059.46,59084.8
1782333463,59084.8,59103.38,59040.15,59075.59
1782334363,59075.59,59089.37,58982.55,59010.31
1782335263,59010.31,59072.32,58986.51,59067.16
1782336163,59067.16,59137.58,59031.28,59099.69
1782337063,59099.69,59133.37,58994.59,59008.57
1782337963,59008.57,59042.53,58954.78,58995.43
1782338863,58995.43,59046.37,58925.36,59043.01
1782339763,59043.01,59069.32,59041.36,59059.21
1782340663,59059.21,59060.15,58997.46,59053.51
1782341563,59053.51,59058.02,58936.54,58937.55
1782342463,58937.55,59076.26,58922.25,59062.56
1782343363,59062.56,59133.84,59057.67,59101.72
1782344263,59101.72,59124.01,59021.18,59042.48
1782345163,59042.48,59047.68,58938.62,58964.68
1782346063,58964.68,58989.53,58895.01,58934.88
1782346963,58934.88,58946.96,58922.64,58928.79
1782347863,58928.79,58950.44,58879.23,58894.53
1782348763,58894.53,58918.84,58801.64,58819.01
1782349663,58819.01,58850.3,58719.33,58732.37
1782350563,58732.37,58793.08,58720.62,58768.43
1782351463,58768.43,58772.3,58726.69,58728.43
1782352363,58728.43,58756.65,58612.36,58685.71
1782353263,58685.71,58738.65,58683.14,58700.99
1782354163,58700.99,58772.46,58609.29,58630.53
1782355063,58630.53,58660.87,58577.57,58625.82
1782355963,58625.82,58728.33,58606.2,58727.0
1782356863,58727.0,58785.08,58640.17,58681.06
1782357763,58681.06,58722.24,58513.76,58546.38
1782358663,58546.38,58680.5,58521.58,58657.99
1782359563,58657.99,58689.75,58594.56,58600.9
1782360463,58600.9,58705.3,58578.49,58681.63
1782361363,58681.63,58738.35,58619.55,58623.39
1782362263,58623.39,58805.92,58588.41,58780.82
1782363163,58780.82,58820.25,58734.73,58748.5
1782364063,58748.5,58784.59,58705.16,58781.25
1782364963,58781.25,58910.14,58764.62,58870.54
1782365863,58870.54,58939.47,58843.13,58936.1
1782366763,58936.1,58986.99,58896.79,58983.56
1782367663,58983.56,58998.55,58812.23,58819.3
1782368563,58819.3,58923.74,58811.5,58907.83
1782369463,58907.83,58935.8,58723.31,58761.38
1782370363,58761.38,58872.52,58726.32,58844.83
1782371263,58844.83,58847.12,58733.2,58800.1
1782372163,58800.1,58832.21,58656.93,58659.65
1782373063,58659.65,58748.45,58650.52,58745.49
1782373963,58745.49,58859.25,58729.66,58834.02
1782374863,58834.02,58935.67,58805.65,58920.79
1782375763,58920.79,59023.62,58878.7,58946.94
1782376663,58946.94,59124.72,58940.78,59086.63
1782377563,59086.63,59157.49,59077.13,59106.36
1782378463,59106.36,59232.56,59089.62,59221.44
1782379363,59221.44,59295.39,59183.9,59206.49
1782380263,59206.49,59227.89,59164.95,59213.08
1782381163,59213.08,59429.92,59207.55,59339.98
1782382063,59339.98,59392.97,59288.49,59374.25
1782382963,59374.25,59432.03,59364.92,59397.65
1782383863,59397.65,59421.95,59256.19,59272.61
1782384763,59272.61,59316.52,59254.35,59311.29
1782385663,59311.29,59352.82,59273.96,59323.83
1782386563,59323.83,59328.35,59322.61,59328.15
1782387463,59328.15,59500.29,59320.37,59452.18
1782388363,59452.18,59457.44,59393.3,59400.87
1782389263,59400.87,59422.2,59381.51,59420.05
1782390163,59420.05,59455.38,59309.77,59383.46
1782391063,59383.46,59446.59,59374.68,59419.05
1782391963,59419.05,59450.88,59381.84,59384.96
1782392863,59384.96,59452.24,59353.58,59443.02
1782393763,59443.02,59481.08,59327.27,59373.8
1782394663,59373.8,59473.92,59339.09,59421.69
1782395563,59421.69,59446.57,59419.26,59437.91
1782396463,59437.91,59438.48,59229.25,59248.9
1782397363,59248.9,59290.6,59188.22,59286.63
1782398263,59286.63,59313.88,59279.66,59311.99
1782399163,59311.99,59423.02,59268.25,59417.37
1782400063,59417.37,59589.09,59411.13,59585.84
1782400963,59585.84,59704.04,59569.02,59663.29
1782401863,59663.29,59707.4,59535.96,59562.08
1782402763,59562.08,59635.67,59531.36,59626.22
1782403663,59626.22,59795.57,59589.58,59749.38
1782404563,59749.38,59766.9,59616.69,59670.62
1782405463,59670.62,59693.59,59641.43,59666.41
1782406363,59666.41,59766.27,59650.66,59733.31
1782407263,59733.31,59769.45,59697.08,59708.26
1782408163,59708.26,59725.45,59677.0,59708.35
1782409063,59708.35,59819.89,59708.14,59791.48
1782409963,59791.48,59948.19,59769.93,59920.17
1782410863,59920.17,59963.6,59918.15,59945.5
1782411763,59945.5,60065.04,59936.72,60049.57
1782412663,60049.57,60085.52,60010.75,60065.27
1782413563,60065.27,60122.13,59945.65,59954.35
1782414463,59954.35,59997.54,59948.28,59990.0
1782415363,59990.0,60044.1,59969.7,59983.21
1782416263,59983.21,60110.86,59981.38,60033.77
1782417163,60033.77,60048.17,59954.33,60025.87
1782418063,60025.87,60078.04,59958.76,60018.37
1782418963,60018.37,60134.23,60015.33,60105.88
1782419863,60105.88,60156.2,60102.53,60135.36
1782420763,60135.36,60145.35,60018.24,60046.37
1782421663,60046.37,60076.24,60003.9,60022.31
1782422563,60022.31,60034.11,59984.62,59991.55
1782423463,59991.55,60036.72,59909.98,59939.97
1782424363,59939.97,60077.2,59937.17,60024.52
1782425263,60024.52,60053.0,59953.62,59981.1
1782426163,59981.1,60000.49,59766.84,59810.57
1782427063,59810.57,59850.04,59661.57,59691.37
1782427963,59691.37,59715.46,59685.46,59701.08
1782428863,59701.08,59701.12,59546.8,59570.26
1782429763,59570.26,59688.31,59556.92,59666.12
1782430663,59666.12,59846.55,59640.36,59799.77
1782431563,59799.77,59842.21,59759.01,59832.42
1782432463,59832.42,59836.9,59705.47,59734.95
1782433363,59734.95,59768.65,59681.92,59682.75
1782434263,59682.75,59705.72,59647.3,59663.24
1782435163,59663.24,59751.53,59628.07,59736.82
1782436063,59736.82,59765.83,59675.99,59707.5
1782436963,59707.5,59758.64,59628.5,59640.34
1782437863,59640.34,59687.72,59635.07,59651.28
1782438763,59651.28,59701.14,59568.23,59588.6
1782439663,59588.6,59665.41,59569.06,59641.51
1782440563,59641.51,59658.87,59624.01,59628.17
1782441463,59628.17,59686.62,59616.01,59669.44
1782442363,59669.44,59722.57,59551.71,59681.27
1782443263,59681.27,59726.72,59653.75,59706.7
1782444163,59706.7,59718.06,59543.57,59552.78
1782445063,59552.78,59612.42,59525.01,59595.22
1782445963,59595.22,59631.78,59594.93,59605.27
1782446863,59605.27,59609.07,59519.18,59535.77
1782447763,59535.77,59602.03,59511.15,59584.96
1782448663,59584.96,59605.04,59521.01,59549.25
1782449563,59549.25,59596.29,59516.21,59595.68
1782450463,59595.68,59654.38,59566.12,59648.46
1782451363,59648.46,59721.23,59632.0,59687.3
1782452263,59687.3,59714.11,59596.32,59635.47
1782453163,59635.47,59672.74,59512.95,59582.64
1782454063,59582.64,59771.27,59526.76,59752.83
1782454963,59752.83,59831.79,59735.96,59820.64
1782455863,59820.64,59928.74,59778.57,59888.93
1782456763,59888.93,59890.03,59799.46,59831.62
1782457663,59831.62,59865.12,59815.27,59831.43
1782458563,59831.43,59859.33,59811.98,59822.12
1782459463,59822.12,59865.72,59792.3,59861.35
1782460363,59861.35,59904.13,59755.73,59791.5
1782461263,59791.5,59807.19,59742.68,59787.54
1782462163,59787.54,59799.3,59612.52,59644.24
1782463063,59644.24,59661.68,59612.33,59630.31
1782463963,59630.31,59780.99,59596.25,59766.0
1782464863,59766.0,59857.29,59756.33,59829.47
1782465763,59829.47,59892.33,59822.45,59859.9
1782466663,59859.9,59875.46,59732.44,59765.45
1782467563,59765.45,59817.82,59607.19,59623.7
1782468463,59623.7,59741.45,59570.81,59740.37
1782469363,59740.37,59756.22,59636.81,59674.6
1782470263,59674.6,59824.78,59631.58,59805.94
1782471163,59805.94,59809.25,59638.19,59698.01
1782472063,59698.01,59741.3,59666.3,59724.75
1782472963,59724.75,59737.43,59690.92,59700.24
1782473863,59700.24,59776.76,59674.75,59723.51
1782474763,59723.51,59766.32,59596.58,59644.48
1782475663,59644.48,59673.74,59609.7,59635.13
1782476563,59635.13,59640.36,59473.88,59504.61
1782477463,59504.61,59520.81,59480.2,59513.43
1782478363,59513.43,59577.72,59461.4,59566.8
1782479263,59566.8,59618.79,59358.07,59380.01
1782480163,59380.01,59469.12,59332.72,59457.62
1782481063,59457.62,59475.36,59399.06,59405.13
1782481963,59405.13,59408.77,59352.42,59374.07
1782482863,59374.07,59394.46,59292.98,59330.9
1782483763,59330.9,59355.05,59289.92,59294.06
1782484663,59294.06,59350.24,59157.09,59214.82
1782485563,59214.82,59296.34,59211.27,59277.21
1782486463,59277.21,59304.36,59276.25,59301.3
1782487363,59301.3,59353.72,59289.91,59314.72
1782488263,59314.72,59337.24,59305.97,59310.0
1782489163,59310.0,59395.9,59274.03,59334.43
1782490063,59334.43,59355.52,59181.21,59204.47
1782490963,59204.47,59282.85,59202.78,59214.08
1782491863,59214.08,59225.62,59189.47,59219.3
1782492763,59219.3,59250.81,59136.11,59157.88
1782493663,59157.88,59190.99,59131.56,59164.32
1782494563,59164.32,59206.01,58944.83,58988.79
1782495463,58988.79,58995.6,58847.39,58875.4
1782496363,58875.4,58881.71,58845.22,58880.33
1782497263,58880.33,58892.75,58779.07,58800.26
1782498163,58800.26,58825.32,58765.65,58808.91
1782499063,58808.91,58900.29,58755.11,58879.34
1782499963,58879.34,58991.72,58871.46,58979.93
1782500863,58979.93,59040.94,58969.36,59026.68
1782501763,59026.68,59161.8,59011.02,59161.3
1782502663,59161.3,59194.57,59136.65,59152.21
1782503563,59152.21,59175.48,59147.82,59165.99
1782504463,59165.99,59181.9,59129.91,59131.64
1782505363,59131.64,59313.97,59102.17,59288.51
1782506263,59288.51,59301.66,59182.25,59205.09
1782507163,59205.09,59252.43,59085.53,59126.24
1782508063,59126.24,59127.92,58944.67,58957.64
1782508963,58957.64,58971.16,58813.08,58873.93
1782509863,58873.93,58896.4,58702.84,58735.4
1782510763,58735.4,58766.98,58660.93,58669.76
1782511663,58669.76,58778.71,58650.4,58752.42
1782512563,58752.42,58853.16,58729.71,58821.66
1782513463,58821.66,58863.29,58815.33,58837.91
1782514363,58837.91,58842.37,58789.71,58808.12
1782515263,58808.12,58829.29,58790.16,58816.69
1782516163,58816.69,58841.74,58746.91,58797.87
1782517063,58797.87,58854.75,58750.32,58755.04
1782517963,58755.04,58757.27,58683.81,58685.21
1782518863,58685.21,58707.73,58627.04,58675.26
1782519763,58675.26,58795.83,58659.71,58776.47
1782520663,58776.47,58805.34,58766.88,58788.16
1782521563,58788.16,58799.7,58638.5,58645.0
1782522463,58645.0,58755.3,58598.31,58718.61
1782523363,58718.61,58741.28,58678.72,58703.34
1782524263,58703.34,58863.35,58674.18,58808.76
1782525163,58808.76,58835.06,58787.52,58787.56
1782526063,58787.56,58789.77,58718.33,58763.46
1782526963,58763.46,58822.82,58607.14,58639.74
1782527863,58639.74,58670.92,58538.22,58600.85
1782528763,58600.85,58681.5,58554.55,58662.61
1782529663,58662.61,58670.3,58607.88,58665.32
1782530563,58665.32,58675.78,58557.4,58575.25
1782531463,58575.25,58651.81,58571.47,58647.59
1782532363,58647.59,58714.64,58545.73,58564.15
1782533263,58564.15,58629.33,58542.99,58613.09
1782534163,58613.09,58711.16,58608.19,58673.42
1782535063,58673.42,58704.57,58616.67,58641.09
1782535963,58641.09,58666.66,58600.72,58652.58
1782536863,58652.58,58722.55,58640.64,58676.06
1782537763,58676.06,58688.35,58559.21,58608.43
1782538663,58608.43,58639.54,58459.71,58471.89
1782539563,58471.89,58640.11,58461.89,58617.01
1782540463,58617.01,58627.68,58552.84,58571.65
1782541363,58571.65,58642.37,58494.42,58619.41
1782542263,58619.41,58680.55,58605.12,58625.25
1782543163,58625.25,58637.53,58528.82,58621.73
1782544063,58621.73,58649.08,58491.63,58526.6
1782544963,58526.6,58666.17,58496.3,58640.8
1782545863,58640.8,58668.15,58535.8,58602.37
1782546763,58602.37,58709.23,58570.59,58650.06
1782547663,58650.06,58678.48,58649.41,58657.58
1782548563,58657.58,58684.85,58598.74,58611.44
1782549463,58611.44,58634.3,58600.4,58602.94
1782550363,58602.94,58653.9,58535.68,58611.07
1782551263,58611.07,58645.07,58608.34,58635.55
1782552163,58635.55,58746.85,58614.55,58709.87
1782553063,58709.87,58754.99,58696.17,58738.11
1782553963,58738.11,58745.36,58687.77,58693.29
1782554863,58693.29,58740.76,58674.47,58733.63
1782555763,58733.63,58780.48,58680.37,58757.38
1782556663,58757.38,58791.61,58753.04,58788.16
1782557563,58788.16,58802.2,58734.21,58743.16
1782558463,58743.16,58886.76,58710.57,58881.48
1782559363,58881.48,59015.64,58804.25,58984.28
1782560263,58984.28,59017.26,58961.78,59001.18
1782561163,59001.18,59078.36,58906.29,58953.22
1782562063,58953.22,59014.09,58801.66,58860.0
1782562963,58860.0,58866.4,58787.04,58789.44
1782563863,58789.44,58872.76,58762.38,58830.35
1782564763,58830.35,58833.57,58694.15,58703.66
1782565663,58703.66,58714.24,58582.64,58608.26
1782566563,58608.26,58901.81,58574.34,58892.17
1782567463,58892.17,58903.13,58705.89,58784.21
1782568363,58784.21,58878.36,58783.27,58852.5
1782569263,58852.5,58902.32,58652.98,58671.46
1782570163,58671.46,58748.85,58659.35,58719.36
1782571063,58719.36,58722.07,58674.53,58716.18
1782571963,58716.18,58723.76,58663.57,58693.37
1782572863,58693.37,58797.24,58663.43,58759.07
1782573763,58759.07,58887.35,58754.09,58860.69
1782574663,58860.69,58967.85,58825.69,58920.0
1782575563,58920.0,58973.71,58891.86,58965.97
1782576463,58965.97,58989.38,58806.9,58823.11
1782577363,58823.11,59014.99,58797.55,58994.58
1782578263,58994.58,59063.02,58977.33,59031.13
1782579163,59031.13,59045.69,58953.56,58980.88
1782580063,58980.88,58992.83,58849.6,58857.72
1782580963,58857.72,58900.46,58754.37,58769.71
1782581863,58769.71,58773.69,58708.01,58718.49
1782582763,58718.49,58758.09,58619.41,58666.09
1782583663,58666.09,58752.56,58643.99,58748.3
1782584563,58748.3,58817.54,58738.62,58794.23
1782585463,58794.23,58823.61,58703.29,58783.76
1782586363,58783.76,58804.39,58696.76,58718.71
1782587263,58718.71,58719.22,58615.35,58617.77
1782588163,58617.77,58642.97,58414.9,58485.45
1782589063,58485.45,58603.67,58446.56,58589.03
1782589963,58589.03,58844.99,58536.15,58775.99
1782590863,58775.99,58911.08,58753.26,58878.94
1782591763,58878.94,58917.55,58696.59,58749.74
1782592663,58749.74,58777.72,58645.64,58687.84
1782593563,58687.84,58754.27,58681.48,58743.19
1782594463,58743.19,58763.98,58663.49,58711.43
1782595363,58711.43,58717.51,58492.31,58535.7
1782596263,58535.7,58631.44,58521.03,58603.83
1782597163,58603.83,58620.97,58583.29,58592.61
1782598063,58592.61,58600.34,58473.94,58488.44
1782598963,58488.44,58493.47,58360.33,58379.93
1782599863,58379.93,58494.81,58370.67,58486.06
1782600763,58486.06,58528.01,58341.06,58375.73
1782601663,58375.73,58500.66,58337.8,58476.36
1782602563,58476.36,58660.04,58471.21,58630.88
1782603463,58630.88,58771.88,58629.49,58743.0
1782604363,58743.0,58773.44,58710.56,58750.88
1782605263,58750.88,58766.69,58694.15,58714.26
1782606163,58714.26,58733.89,58650.33,58688.27
1782607063,58688.27,58729.85,58640.13,58640.89
1782607963,58640.89,58660.07,58636.88,58648.53
1782608863,58648.53,58650.33,58568.79,58597.81
1782609763,58597.81,58689.78,58589.19,58672.49
1782610663,58672.49,58714.52,58669.18,58698.03
1782611563,58698.03,58723.56,58679.69,58710.55
1782612463,58710.55,58738.86,58644.74,58664.67
1782613363,58664.67,58705.5,58583.03,58603.93
1782614263,58603.93,58612.63,58572.66,58612.47
1782615163,58612.47,58727.18,58611.75,58677.33
1782616063,58677.33,58760.22,58635.52,58751.43
1782616963,58751.43,58932.34,58702.3,58920.57
1782617863,58920.57,59086.93,58897.83,59065.08
1782618763,59065.08,59076.78,58994.91,59053.67
1782619663,59053.67,59149.4,59045.55,59130.93
1782620563,59130.93,59160.78,59096.8,59153.22
1782621463,59153.22,59159.09,59075.76,59116.85
1782622363,59116.85,59177.99,59089.38,59141.2
1782623263,59141.2,59145.95,59050.52,59100.31
1782624163,59100.31,59310.14,59068.16,59262.11
1782625063,59262.11,59381.45,59235.17,59367.69
1782625963,59367.69,59426.84,59252.04,59259.39
1782626863,59259.39,59272.97,59125.88,59135.65
1782627763,59135.65,59271.27,59121.03,59259.41
1782628663,59259.41,59284.5,59257.0,59270.38
1782629563,59270.38,59299.04,59230.57,59259.36
1782630463,59259.36,59277.56,59234.83,59246.96
1782631363,59246.96,59278.45,59114.22,59151.71
1782632263,59151.71,59189.92,59056.17,59077.39
1782633163,59077.39,59132.64,59070.02,59127.67
1782634063,59127.67,59174.84,59100.28,59156.7
1782634963,59156.7,59223.02,59136.27,59208.89
1782635863,59208.89,59220.75,59024.35,59038.07
1782636763,59038.07,59209.28,59037.82,59202.32
1782637663,59202.32,59214.84,59188.46,59202.17
1782638563,59202.17,59244.16,59118.49,59215.09
1782639463,59215.09,59226.26,59019.93,59067.63
1782640363,59067.63,59071.05,59036.46,59037.5
1782641263,59037.5,59061.95,58945.82,59006.9
1782642163,59006.9,59007.7,58967.61,58999.53
1782643063,58999.53,59006.28,58979.82,59000.97
1782643963,59000.97,59108.59,58968.1,59098.17
1782644863,59098.17,59232.4,59082.99,59165.17
1782645763,59165.17,59326.93,59121.23,59317.71
1782646663,59317.71,59332.96,59264.69,59283.63
1782647563,59283.63,59323.24,59222.78,59242.74
1782648463,59242.74,59316.81,59227.15,59312.26
1782649363,59312.26,59418.93,59312.06,59400.99
1782650263,59400.99,59467.7,59333.24,59353.86
1782651163,59353.86,59395.81,59353.37,59373.04
1782652063,59373.04,59383.39,59280.2,59284.1
1782652963,59284.1,59299.09,59083.24,59182.24
1782653863,59182.24,59206.52,59105.1,59135.44
1782654763,59135.44,59154.59,58977.9,59008.18
1782655663,59008.18,59051.11,58917.44,58952.6
1782656563,58952.6,58966.57,58937.08,58957.18
1782657463,58957.18,59023.08,58811.79,58814.1
1782658363,58814.1,58979.43,58802.49,58942.52
1782659263,58942.52,59063.82,58929.25,59032.87
1782660163,59032.87,59041.24,58999.72,59009.71
1782661063,59009.71,59138.74,59008.59,59091.79
1782661963,59091.79,59186.1,59064.0,59176.19
1782662863,59176.19,59351.79,59152.74,59339.68
1782663763,59339.68,59343.46,59288.43,59296.3
1782664663,59296.3,59306.49,59238.06,59284.58
1782665563,59284.58,59319.69,59211.69,59309.01
1782666463,59309.01,59395.17,59265.78,59349.9
1782667363,59349.9,59382.57,59322.22,59378.81
1782668263,59378.81,59441.41,59345.86,59411.52
1782669163,59411.52,59465.53,59400.46,59449.14
1782670063,59449.14,59464.11,59371.68,59422.86
1782670963,59422.86,59438.51,59354.81,59383.51
1782671863,59383.51,59389.24,59348.96,59373.84
1782672763,59373.84,59393.6,59287.95,59298.86
1782673663,59298.86,59399.33,59240.15,59395.38
1782674563,59395.38,59436.01,59282.98,59312.42
1782675463,59312.42,59441.57,59296.77,59395.45
1782676363,59395.45,59474.39,59366.27,59465.76
1782677263,59465.76,59489.96,59282.3,59305.81
1782678163,59305.81,59309.22,59238.92,59269.01
1782679063,59269.01,59365.76,59220.79,59359.51
1782679963,59359.51,59383.91,59292.78,59300.73
1782680863,59300.73,59482.71,59277.7,59453.48
1782681763,59453.48,59458.21,59373.05,59388.09
1782682663,59388.09,59435.94,59341.29,59419.28
1782683563,59419.28,59435.32,59401.73,59422.57
1782684463,59422.57,59440.67,59226.2,59267.06
1782685363,59267.06,59318.42,59249.6,59309.86
1782686263,59309.86,59409.17,59285.7,59375.72
1782687163,59375.72,59474.26,59341.36,59460.59
1782688063,59460.59,59466.37,59353.88,59359.87
1782688963,59359.87,59378.46,59285.66,59285.89
1782689863,59285.89,59290.63,59181.31,59238.49
1782690763,59238.49,59249.01,59069.01,59116.04
1782691663,59116.04,59176.27,59051.99,59064.5
1782692563,59064.5,59070.52,59025.97,59030.28
1782693463,59030.28,59074.67,58985.86,59054.17
1782694363,59054.17,59067.94,59013.33,59051.91
1782695263,59051.91,59061.02,58912.24,58917.79
1782696163,58917.79,59003.57,58892.95,58981.76
1782697063,58981.76,58992.94,58926.68,58931.77
1782697963,58931.77,58938.8,58838.75,58853.0
1782698863,58853.0,58867.09,58849.69,58855.07
1782699763,58855.07,58872.4,58767.37,58772.53
1782700663,58772.53,58867.75,58730.33,58861.64
1782701563,58861.64,59059.44,58839.96,59056.11
1782702463,59056.11,59058.25,59040.18,59053.77
1782703363,59053.77,59102.06,59029.04,59083.59
1782704263,59083.59,59127.68,59061.8,59105.31
1782705163,59105.31,59137.38,59096.14,59127.92
1782706063,59127.92,59139.75,59021.28,59085.47
1782706963,59085.47,59112.47,58874.48,58929.21
1782707863,58929.21,58958.74,58903.24,58940.87
1782708763,58940.87,58949.58,58846.84,58865.95
1782709663,58865.95,58871.72,58847.85,58852.48
1782710563,58852.48,58932.11,58838.21,58927.55
1782711463,58927.55,59048.75,58919.26,59024.86
1782712363,59024.86,59088.75,59008.47,59084.49
1782713263,59084.49,59179.58,59080.76,59163.83
1782714163,59163.83,59278.51,59126.39,59268.13
1782715063,59268.13,59271.54,59201.53,59202.71
1782715963,59202.71,59247.74,59154.01,59169.97
1782716863,59169.97,59255.94,59163.11,59217.94
1782717763,59217.94,59296.11,59199.7,59273.96
1782718663,59273.96,59306.86,59243.52,59294.48
1782719563,59294.48,59295.14,59240.58,59283.56
1782720463,59283.56,59331.94,59269.28,59311.68
1782721363,59311.68,59373.34,59291.57,59344.24
1782722263,59344.24,59352.39,59283.52,59287.1
1782723163,59287.1,59311.3,59182.94,59217.06
1782724063,59217.06,59223.27,59121.32,59124.91
1782724963,59124.91,59141.27,59006.39,59021.42
1782725863,59021.42,59111.3,59012.9,59110.86
1782726763,59110.86,59154.09,59047.9,59052.92
1782727663,59052.92,59089.57,59042.05,59069.33
1782728563,59069.33,59252.79,59028.25,59232.64
1782729463,59232.64,59266.88,59171.25,59239.68
1782730363,59239.68,59288.26,59216.28,59275.69
1782731263,59275.69,59297.46,59273.57,59286.18
1782732163,59286.18,59286.71,59167.79,59251.54
1782733063,59251.54,59312.76,59209.05,59300.2
1782733963,59300.2,59329.23,59273.97,59315.68
1782734863,59315.68,59360.13,59262.74,59342.42
1782735763,59342.42,59407.2,59332.18,59385.79
1782736663,59385.79,59401.75,59309.63,59313.06
1782737563,59313.06,59318.29,59202.0,59206.57
1782738463,59206.57,59283.13,59163.86,59245.54
1782739363,59245.54,59349.67,59224.25,59314.62
1782740263,59314.62,59359.2,59307.76,59347.69
1782741163,59347.69,59382.26,59304.03,59325.1
1782742063,59325.1,59332.93,59301.73,59318.32
1782742963,59318.32,59403.69,59299.18,59389.87
1782743863,59389.87,59501.06,59338.31,59481.23
1782744763,59481.23,59591.12,59466.32,59584.29
1782745663,59584.29,59617.9,59521.0,59617.2
1782746563,59617.2,59666.6,59597.93,59665.2
1782747463,59665.2,59714.91,59627.57,59712.97
1782748363,59712.97,59797.27,59615.08,59664.49
1782749263,59664.49,59853.99,59655.05,59794.91
1782750163,59794.91,59812.72,59731.21,59764.93
1782751063,59764.93,59828.0,59753.7,59812.86
1782751963,59812.86,59818.04,59710.23,59716.59
1782752863,59716.59,59723.68,59608.73,59638.65
1782753763,59638.65,59763.62,59579.87,59712.87
1782754663,59712.87,59713.65,59640.17,59650.65
1782755563,59650.65,59667.93,59645.46,59656.42
1782756463,59656.42,59693.03,59622.92,59679.21
1782757363,59679.21,59756.91,59644.99,59751.01
1782758263,59751.01,59812.03,59741.25,59754.21
1782759163,59754.21,59793.35,59734.34,59739.35
1782760063,59739.35,59840.78,59712.17,59799.77
1782760963,59799.77,59810.19,59651.06,59690.29
1782761863,59690.29,59697.38,59590.52,59622.12
1782762763,59622.12,59688.6,59582.98,59637.89
1782763663,59637.89,59677.17,59595.17,59605.55
1782764563,59605.55,59675.17,59575.78,59656.27
1782765463,59656.27,59676.22,59521.57,59551.48
1782766363,59551.48,59566.15,59466.94,59492.91
1782767263,59492.91,59506.4,59407.81,59410.39
1782768163,59410.39,59424.71,59358.93,59374.38
1782769063,59374.38,59418.76,59355.21,59357.46
1782769963,59357.46,59373.19,59300.42,59362.03
1782770863,59362.03,59396.68,59135.53,59165.04
1782771763,59165.04,59290.4,59103.99,59287.36
1782772663,59287.36,59297.19,59125.23,59153.25
1782773563,59153.25,59184.02,59063.85,59070.97
1782774463,59070.97,59185.3,59064.81,59181.37
1782775363,59181.37,59313.54,59167.99,59247.92
1782776263,59247.92,59343.42,59217.72,59339.71
1782777163,59339.71,59350.74,59214.92,59221.64
1782778063,59221.64,59250.46,59186.22,59201.41
1782778963,59201.41,59214.4,59113.64,59134.55
1782779863,59134.55,59152.33,59121.68,59148.37
1782780763,59148.37,59162.45,58974.4,58995.06
1782781663,58995.06,58995.98,58750.06,58767.24
1782782563,58767.24,58785.66,58718.51,58730.98
1782783463,58730.98,58786.49,58729.09,58766.32
1782784363,58766.32,58910.23,58694.29,58903.97
1782785263,58903.97,58952.75,58826.24,58831.56
1782786163,58831.56,58843.39,58723.73,58749.62
1782787063,58749.62,58795.84,58739.48,58762.98
1782787963,58762.98,58924.71,58708.1,58924.02
1782788863,58924.02,58973.25,58908.75,58946.58
1782789763,58946.58,58962.87,58915.93,58924.36
1782790663,58924.36,58972.71,58828.87,58852.47
1782791563,58852.47,58891.28,58821.17,58831.67
1782792463,58831.67,58841.26,58784.03,58810.57
1782793363,58810.57,58822.71,58795.17,58814.23
1782794263,58814.23,58820.42,58646.78,58681.75
1782795163,58681.75,58728.62,58601.27,58620.72
1782796063,58620.72,58693.26,58593.06,58691.93
1782796963,58691.93,58830.02,58678.11,58811.63
1782797863,58811.63,59001.28,58802.53,58948.81
1782798763,58948.81,58968.67,58930.65,58938.54
1782799663,58938.54,58941.08,58865.89,58875.55
1782800563,58875.55,58887.18,58862.58,58886.18
1782801463,58886.18,58891.5,58844.73,58856.24
1782802363,58856.24,58912.72,58845.9,58888.49
1782803263,58888.49,58945.49,58879.17,58931.86
1782804163,58931.86,58937.21,58843.78,58863.19
1782805063,58863.19,59036.02,58847.18,59014.25
1782805963,59014.25,59069.9,58993.44,59056.89
1782806863,59056.89,59101.98,59040.24,59095.19
1782807763,59095.19,59119.35,59059.61,59114.6
1782808663,59114.6,59189.05,59114.02,59165.68
1782809563,59165.68,59237.71,59159.46,59228.22
1782810463,59228.22,59249.54,59142.49,59148.76
1782811363,59148.76,59202.72,59122.15,59190.11
1782812263,59190.11,59223.21,59105.25,59126.54
1782813163,59126.54,59129.66,59015.73,59023.84
1782814063,59023.84,59227.65,59012.26,59182.92
1782814963,59182.92,59218.59,59163.27,59196.5
1782815863,59196.5,59251.19,59170.95,59250.23
1782816763,59250.23,59254.37,59087.73,59123.04
1782817663,59123.04,59140.42,59052.45,59077.43
1782818563,59077.43,59124.86,59038.88,59065.1
1782819463,59065.1,59084.01,58939.34,58958.08
1782820363,58958.08,58969.23,58850.56,58856.87
1782821263,58856.87,58863.72,58740.15,58756.96
1782822163,58756.96,58777.35,58752.84,58770.99
1782823063,58770.99,58807.08,58763.43,58776.04
1782823963,58776.04,58836.8,58612.55,58649.42
1782824863,58649.42,58699.96,58632.82,58667.63
1782825763,58667.63,58695.63,58601.01,58609.31
1782826663,58609.31,58629.08,58559.62,58567.31
1782827563,58567.31,58567.4,58471.72,58548.67
1782828463,58548.67,58620.93,58534.06,58603.68
1782829363,58603.68,58634.6,58518.88,58557.12
1782830263,58557.12,58730.7,58530.31,58689.19
1782831163,58689.19,58801.13,58676.19,58775.3
1782832063,58775.3,58787.19,58738.46,58777.69
1782832963,58777.69,58785.77,58666.18,58687.42
1782833863,58687.42,58737.91,58580.77,58593.18
1782834763,58593.18,58734.88,58590.48,58709.11
1782835663,58709.11,58730.67,58669.79,58669.94
1782836563,58669.94,58698.8,58646.53,58650.7
1782837463,58650.7,58695.93,58649.27,58694.15
1782838363,58694.15,58738.49,58663.62,58681.17
1782839263,58681.17,58782.68,58553.57,58554.15
1782840163,58554.15,58567.71,58455.63,58487.01
1782841063,58487.01,58647.46,58461.17,58589.31
1782841963,58589.31,58608.48,58457.97,58542.14
1782842863,58542.14,58565.05,58505.78,58536.27
1782843763,58536.27,58649.6,58502.34,58629.45
1782844663,58629.45,58648.25,58623.06,58629.69
1782845563,58629.69,58729.64,58599.42,58713.7
1782846463,58713.7,58753.22,58692.55,58737.35
1782847363,58737.35,58771.67,58665.22,58749.43
1782848263,58749.43,58750.36,58680.92,58695.11
1782849163,58695.11,58717.62,58681.65,58704.29
1782850063,58704.29,58791.86,58623.82,58683.01
1782850963,58683.01,58735.89,58586.89,58621.27
1782851863,58621.27,58694.17,58569.41,58582.06
1782852763,58582.06,58713.68,58573.23,58685.49
1782853663,58685.49,58727.0,58625.26,58668.13
1782854563,58668.13,58741.98,58655.02,58719.5
1782855463,58719.5,58807.08,58712.73,58766.98
1782856363,58766.98,58832.11,58740.56,58831.88
1782857263,58831.88,58879.33,58820.44,58839.69
1782858163,58839.69,58863.04,58821.15,58845.54
1782859063,58845.54,58987.36,58823.28,58936.4
1782859963,58936.4,58965.0,58857.87,58858.68
1782860863,58858.68,58921.75,58844.45,58852.71
1782861763,58852.71,58886.81,58754.31,58760.83
1782862663,58760.83,58807.97,58676.52,58708.77
1782863563,58708.77,58845.09,58658.85,58794.7
1782864463,58794.7,58836.21,58793.05,58793.73
1782865363,58793.73,58820.45,58676.11,58709.78
1782866263,58709.78,58717.31,58671.79,58696.38
1782867163,58696.38,58817.44,58687.05,58764.65
1782868063,58764.65,58775.8,58705.94,58752.96
1782868963,58752.96,58782.6,58722.07,58765.96
1782869863,58765.96,58824.0,58724.71,58746.55
1782870763,58746.55,58780.82,58735.58,58762.64
1782871663,58762.64,58810.1,58709.85,58723.21
1782872563,58723.21,58728.3,58689.59,58701.4
1782873463,58701.4,58775.57,58693.03,58757.18
1782874363,58757.18,58826.36,58721.39,58801.94
1782875263,58801.94,58848.27,58766.34,58776.4
1782876163,58776.4,58803.55,58702.64,58729.96
1782877063,58729.96,58756.94,58563.96,58631.45
1782877963,58631.45,58675.28,58617.64,58629.05
1782878863,58629.05,58658.08,58446.53,58481.95
1782879763,58481.95,58510.38,58428.94,58469.38
1782880663,58469.38,58541.02,58446.2,58524.09
1782881563,58524.09,58551.5,58405.57,58420.85
1782882463,58420.85,58435.37,58319.65,58322.49
1782883363,58322.49,58349.62,58252.65,58345.02
1782884263,58345.02,58371.97,58327.43,58349.22
1782885163,58349.22,58368.48,58275.59,58293.09
1782886063,58293.09,58307.16,58262.18,58279.74
1782886963,58279.74,58306.29,58232.4,58248.56
1782887863,58248.56,58279.48,58190.85,58264.74
1782888763,58264.74,58293.67,58160.02,58161.98
1782889663,58161.98,58168.95,58088.08,58138.6
1782890563,58138.6,58299.72,58113.94,58279.65
1782891463,58279.65,58303.51,58108.85,58138.69
1782892363,58138.69,58142.48,58013.17,58074.51
1782893263,58074.51,58092.81,57946.88,57985.41
1782894163,57985.41,58005.09,57931.46,57968.75
1782895063,57968.75,58102.7,57941.61,58099.73
1782895963,58099.73,58147.12,58072.36,58142.69
1782896863,58142.69,58143.01,58109.18,58116.83
1782897763,58116.83,58180.71,57976.29,58040.13
1782898663,58040.13,58096.54,58028.94,58071.43
1782899563,58071.43,58071.49,58036.91,58058.87
1782900463,58058.87,58104.73,58051.02,58098.92
1782901363,58098.92,58203.98,58094.75,58203.14
1782902263,58203.14,58204.69,58117.4,58149.29
1782903163,58149.29,58249.78,58134.06,58217.78
1782904063,58217.78,58233.0,58135.49,58137.79
1782904963,58137.79,58181.78,58117.57,58124.3
1782905863,58124.3,58165.52,58109.32,58136.11
1782906763,58136.11,58168.98,58107.12,58158.06
1782907663,58158.06,58185.64,58088.14,58105.82
1782908563,58105.82,58134.53,58039.59,58047.97
1782909463,58047.97,58065.94,58022.26,58042.35
1782910363,58042.35,58091.71,57977.83,57999.15
1782911263,57999.15,58149.57,57993.92,58110.35
1782912163,58110.35,58111.52,58022.42,58056.15
1782913063,58056.15,58194.72,58043.01,58188.92
1782913963,58188.92,58286.29,58164.17,58279.85
1782914863,58279.85,58307.47,58252.89,58253.2
1782915763,58253.2,58261.98,58162.5,58182.29
1782916663,58182.29,58208.28,58110.43,58137.36
1782917563,58137.36,58201.5,58132.53,58201.41
1782918463,58201.41,58292.89,58143.69,58211.22
1782919363,58211.22,58242.33,58176.14,58214.42
1782920263,58214.42,58240.77,58185.4,58200.96
1782921163,58200.96,58208.16,58121.0,58129.56
1782922063,58129.56,58187.42,57978.64,58038.53
1782922963,58038.53,58041.83,57992.84,58005.74
1782923863,58005.74,58106.38,57975.34,58091.31
1782924763,58091.31,58178.57,58058.4,58134.96
1782925663,58134.96,58184.14,58118.76,58155.23
1782926563,58155.23,58234.66,58097.66,58193.35
1782927463,58193.35,58210.92,58156.72,58176.91
1782928363,58176.91,58253.82,58146.95,58203.76
1782929263,58203.76,58215.68,58127.19,58147.25
1782930163,58147.25,58167.32,58109.53,58150.67
1782931063,58150.67,58194.27,58054.61,58126.31
1782931963,58126.31,58147.33,57981.01,57985.14
1782932863,57985.14,58006.27,57921.04,57937.79
1782933763,57937.79,57953.46,57815.43,57828.01
1782934663,57828.01,57875.71,57763.56,57795.76
1782935563,57795.76,57908.55,57787.92,57882.87
1782936463,57882.87,57886.95,57841.83,57848.18
1782937363,57848.18,57866.34,57780.6,57829.85
1782938263,57829.85,57858.88,57791.65,57830.08
1782939163,57830.08,57840.83,57826.19,57829.23
1782940063,57829.23,57878.46,57775.72,57787.5
1782940963,57787.5,57860.05,57767.73,57844.85
1782941863,57844.85,57847.87,57781.84,57814.93
1782942763,57814.93,57956.8,57794.12,57927.93
1782943663,57927.93,57931.03,57701.6,57756.65
1782944563,57756.65,57770.26,57655.8,57662.61
1782945463,57662.61,57679.47,57555.27,57588.85
1782946363,57588.85,57644.02,57540.6,57642.83
1782947263,57642.83,57658.07,57556.64,57580.36
1782948163,57580.36,57716.09,57575.35,57618.34
1782949063,57618.34,57750.84,57608.3,57738.87
1782949963,57738.87,57762.26,57627.4,57664.43
1782950863,57664.43,57703.64,57544.1,57594.84
1782951763,57594.84,57652.64,57489.54,57537.74
1782952663,57537.74,57552.54,57438.41,57442.84
1782953563,57442.84,57602.98,57388.31,57581.28
1782954463,57581.28,57678.29,57566.7,57633.0
1782955363,57633.0,57726.97,57604.29,57715.85
1782956263,57715.85,57745.24,57611.79,57614.69
1782957163,57614.69,57729.77,57591.86,57714.41
1782958063,57714.41,57758.3,57575.96,57640.2
1782958963,57640.2,57650.78,57554.09,57592.31
1782959863,57592.31,57672.31,57574.99,57656.86
1782960763,57656.86,57741.42,57650.15,57723.28
1782961663,57723.28,57833.4,57694.58,57820.55
1782962563,57820.55,57827.22,57637.95,57713.56
1782963463,57713.56,57769.69,57709.64,57719.3
1782964363,57719.3,57767.4,57684.27,57728.67
1782965263,57728.67,57848.19,57699.74,57825.99
1782966163,57825.99,57865.77,57815.86,57841.06
1782967063,57841.06,57851.61,57804.64,57843.74
1782967963,57843.74,57875.95,57823.59,57824.55
1782968863,57824.55,57868.54,57771.54,57868.46
1782969763,57868.46,57910.83,57747.84,57768.95
1782970663,57768.95,57780.78,57656.54,57673.03
1782971563,57673.03,57675.1,57617.38,57656.73
1782972463,57656.73,57682.74,57497.39,57516.44
1782973363,57516.44,57543.78,57511.61,57540.88
1782974263,57540.88,57557.9,57501.13,57506.53
1782975163,57506.53,57535.54,57410.61,57413.0
1782976063,57413.0,57413.63,57384.87,57409.92
1782976963,57409.92,57419.06,57302.38,57328.55
1782977863,57328.55,57350.99,57270.63,57290.23
1782978763,57290.23,57313.03,57113.68,57146.55
1782979663,57146.55,57147.09,57121.86,57125.56
1782980563,57125.56,57279.85,57104.17,57273.08
1782981463,57273.08,57303.26,57100.16,57172.66
1782982363,57172.66,57203.32,57171.84,57179.51
1782983263,57179.51,57196.56,57040.61,57089.26
1782984163,57089.26,57091.73,57018.18,57062.24
1782985063,57062.24,57101.51,57025.18,57065.31
1782985963,57065.31,57081.9,57057.34,57063.68
1782986863,57063.68,57085.04,57010.9,57072.04
1782987763,57072.04,57126.86,57013.94,57043.0
1782988663,57043.0,57104.49,57007.26,57087.29
1782989563,57087.29,57097.45,57084.96,57090.08
1782990463,57090.08,57098.72,57064.81,57077.84
1782991363,57077.84,57085.1,57063.1,57080.93
1782992263,57080.93,57129.32,57024.06,57024.62
1782993163,57024.62,57090.59,57001.08,57011.77
1782994063,57011.77,57080.54,56883.93,56913.22
1782994963,56913.22,56983.49,56865.11,56873.56
1782995863,56873.56,56905.88,56868.29,56869.43
1782996763,56869.43,56882.16,56778.67,56811.41
1782997663,56811.41,56844.85,56761.49,56814.46
1782998563,56814.46,56819.51,56743.47,56749.29
1782999463,56749.29,56757.89,56690.64,56719.48
1783000363,56719.48,56808.54,56709.81,56780.95
1783001263,56780.95,56840.9,56722.28,56832.2
1783002163,56832.2,56969.5,56819.62,56960.34
1783003063,56960.34,56996.46,56872.87,56899.46
1783003963,56899.46,56906.54,56786.77,56795.5
1783004863,56795.5,56976.9,56784.48,56943.36
1783005763,56943.36,56958.69,56879.2,56899.39
1783006663,56899.39,56938.78,56878.24,56898.06
1783007563,56898.06,57006.3,56890.73,56988.79
1783008463,56988.79,57005.33,56883.44,56886.37
1783009363,56886.37,56889.26,56758.48,56779.89
1783010263,56779.89,56810.42,56748.34,56788.04
1783011163,56788.04,56817.46,56748.7,56765.17
1783012063,56765.17,56784.76,56727.14,56778.24
1783012963,56778.24,56798.11,56635.77,56666.43
1783013863,56666.43,56848.23,56633.19,56823.94
1783014763,56823.94,56834.94,56623.84,56679.37
1783015663,56679.37,56736.53,56617.61,56734.36
1783016563,56734.36,56769.6,56583.3,56594.78
1783017463,56594.78,56638.21,56563.95,56567.54
1783018363,56567.54,56583.6,56542.28,56553.94
1783019263,56553.94,56608.38,56535.49,56562.54
1783020163,56562.54,56595.05,56508.07,56539.97
1783021063,56539.97,56541.24,56508.01,56530.06
1783021963,56530.06,56643.37,56526.28,56582.02
1783022863,56582.02,56586.89,56504.72,56509.14
1783023763,56509.14,56549.31,56490.22,56539.57
1783024663,56539.57,56569.32,56525.82,56556.69
1783025563,56556.69,56586.88,56457.35,56468.54
1783026463,56468.54,56486.67,56282.42,56322.6
1783027363,56322.6,56379.34,56318.51,56327.12
1783028263,56327.12,56401.88,56287.24,56366.46
1783029163,56366.46,56373.84,56274.61,56282.03
1783030063,56282.03,56466.04,56255.75,56399.99
1783030963,56399.99,56407.23,56393.03,56396.01
1783031863,56396.01,56397.1,56244.57,56262.37
1783032763,56262.37,56404.44,56259.83,56373.35
1783033663,56373.35,56397.44,56266.5,56306.56
1783034563,56306.56,56333.23,56288.05,56318.58
1783035463,56318.58,56343.91,56209.9,56221.95
1783036363,56221.95,56285.12,56188.38,56284.98
1783037263,56284.98,56343.67,56257.44,56315.3
1783038163,56315.3,56359.27,56262.29,56277.19
1783039063,56277.19,56414.52,56263.85,56386.71
1783039963,56386.71,56469.74,56358.72,56467.01
1783040863,56467.01,56545.96,56409.73,56425.72
1783041763,56425.72,56581.84,56392.64,56565.35
1783042663,56565.35,56638.44,56557.24,56635.63
1783043563,56635.63,56672.74,56508.46,56521.0
1783044463,56521.0,56562.68,56448.59,56558.28
1783045363,56558.28,56559.32,56519.16,56533.11
1783046263,56533.11,56664.24,56510.63,56632.52
1783047163,56632.52,56648.2,56572.9,56641.51
1783048063,56641.51,56735.78,56634.32,56720.74
1783048963,56720.74,56845.45,56718.88,56802.07
1783049863,56802.07,56890.35,56741.64,56878.88
1783050763,56878.88,56919.9,56695.23,56697.62
1783051663,56697.62,56782.87,56638.25,56736.15
1783052563,56736.15,56741.48,56697.11,56728.67
1783053463,56728.67,56746.6,56678.35,56713.98
1783054363,56713.98,56743.46,56704.11,56723.04
1783055263,56723.04,56758.32,56606.07,56629.67
1783056163,56629.67,56651.97,56529.44,56583.92
1783057063,56583.92,56640.77,56582.39,56601.94
1783057963,56601.94,56726.04,56591.17,56713.71
1783058863,56713.71,56756.99,56699.82,56724.33
1783059763,56724.33,56803.43,56705.78,56783.52
1783060663,56783.52,56790.32,56671.48,56686.83
1783061563,56686.83,56700.15,56639.14,56674.29
1783062463,56674.29,56716.44,56662.35,56698.39
1783063363,56698.39,56780.13,56643.62,56753.18
1783064263,56753.18,56784.49,56724.98,56774.25
1783065163,56774.25,56860.95,56728.72,56836.55
1783066063,56836.55,56881.26,56785.5,56810.11
1783066963,56810.11,56879.69,56738.21,56768.05
1783067863,56768.05,56799.26,56742.27,56767.56
1783068763,56767.56,56810.01,56581.19,56581.82
1783069663,56581.82,56708.9,56528.46,56701.89
1783070563,56701.89,56962.11,56692.3,56912.53
1783071463,56912.53,56960.39,56901.01,56914.16
1783072363,56914.16,56952.2,56913.05,56932.8
1783073263,56932.8,57040.29,56915.91,57011.55
1783074163,57011.55,57115.35,56960.91,57105.52
1783075063,57105.52,57123.66,57073.26,57093.98
1783075963,57093.98,57140.25,57077.69,57080.72
1783076863,57080.72,57209.79,57068.92,57171.97
1783077763,57171.97,57174.28,57092.1,57131.54
1783078663,57131.54,57165.48,57107.5,57155.57
1783079563,57155.57,57162.97,57146.78,57154.85
1783080463,57154.85,57159.23,57072.61,57108.38
1783081363,57108.38,57127.97,57074.29,57084.67
1783082263,57084.67,57087.21,57062.78,57084.19
1783083163,57084.19,57087.4,57017.34,57037.29
1783084063,57037.29,57137.06,57019.57,57118.92
1783084963,57118.92,57170.77,57066.13,57140.76
1783085863,57140.76,57375.11,57096.6,57370.2
1783086763,57370.2,57397.23,57297.32,57305.87
1783087663,57305.87,57460.41,57258.43,57427.23
1783088563,57427.23,57434.71,57413.36,57424.25
1783089463,57424.25,57542.2,57399.77,57502.83
1783090363,57502.83,57592.78,57469.78,57575.31
1783091263,57575.31,57647.6,57564.31,57633.27
1783092163,57633.27,57750.24,57604.95,57741.42
1783093063,57741.42,57774.98,57676.76,57702.84
1783093963,57702.84,57712.4,57593.58,57631.73
1783094863,57631.73,57721.51,57613.82,57691.22
1783095763,57691.22,57802.53,57671.06,57788.09
1783096663,57788.09,57800.75,57623.76,57628.43
1783097563,57628.43,57699.7,57614.86,57681.83
1783098463,57681.83,57741.73,57649.23,57721.68
1783099363,57721.68,57747.95,57643.21,57745.09
1783100263,57745.09,57866.08,57743.25,57824.08
1783101163,57824.08,57898.44,57807.62,57878.41
1783102063,57878.41,58037.83,57865.16,58020.81
1783102963,58020.81,58222.87,58020.72,58183.84
1783103863,58183.84,58207.37,58103.18,58126.15
1783104763,58126.15,58138.45,58108.29,58125.67
1783105663,58125.67,58147.02,58115.7,58146.89
1783106563,58146.89,58159.86,58132.75,58136.9
1783107463,58136.9,58163.84,57941.54,58020.39
1783108363,58020.39,58152.85,58013.79,58116.88
1783109263,58116.88,58136.81,58026.42,58071.3
1783110163,58071.3,58156.14,58065.69,58129.82
1783111063,58129.82,58175.25,57976.53,57992.97
1783111963,57992.97,58015.06,57962.01,57979.13
1783112863,57979.13,57996.39,57953.17,57982.38
1783113763,57982.38,57990.5,57978.76,57983.17
1783114663,57983.17,58034.56,57966.05,57966.84
1783115563,57966.84,57971.62,57817.14,57835.59
1783116463,57835.59,57837.71,57823.84,57828.77
1783117363,57828.77,57854.7,57814.57,57836.13
1783118263,57836.13,57853.02,57787.52,57807.59
1783119163,57807.59,57847.79,57683.4,57709.26
1783120063,57709.26,57752.72,57704.82,57742.55
1783120963,57742.55,57800.7,57738.09,57771.26
1783121863,57771.26,57773.24,57656.79,57671.09
1783122763,57671.09,57805.58,57646.25,57752.87
1783123663,57752.87,57781.54,57717.19,57771.99
1783124563,57771.99,57924.81,57759.28,57904.45
1783125463,57904.45,58045.74,57879.58,58014.51
1783126363,58014.51,58017.24,57924.07,57982.15
1783127263,57982.15,58014.95,57919.95,58013.9
1783128163,58013.9,58108.43,57967.41,58089.01
1783129063,58089.01,58108.45,58009.82,58031.34
1783129963,58031.34,58161.4,58026.92,58134.1
1783130863,58134.1,58155.28,58105.06,58152.11
1783131763,58152.11,58191.62,58124.77,58191.17
1783132663,58191.17,58315.77,58185.39,58297.11
1783133563,58297.11,58326.02,58188.21,58204.24
1783134463,58204.24,58237.25,58203.23,58209.12
1783135363,58209.12,58258.77,58158.97,58179.69
1783136263,58179.69,58185.53,58133.17,58134.1
1783137163,58134.1,58164.89,57982.58,58028.9
1783138063,58028.9,58183.23,58019.48,58114.84
1783138963,58114.84,58119.11,58078.24,58096.71
1783139863,58096.71,58100.07,57931.49,57938.46
1783140763,57938.46,57972.63,57848.44,57898.9
1783141663,57898.9,57903.37,57847.77,57860.21
1783142563,57860.21,57884.7,57772.5,57784.0
1783143463,57784.0,57859.92,57738.11,57852.39
1783144363,57852.39,57914.39,57851.05,57898.23
1783145263,57898.23,57938.85,57893.45,57898.12
1783146163,57898.12,58007.43,57875.58,58005.82
1783147063,58005.82,58146.89,57973.08,58135.75
1783147963,58135.75,58245.49,58115.89,58234.31
1783148863,58234.31,58244.65,58159.63,58197.59
1783149763,58197.59,58221.97,58179.47,58180.36
1783150663,58180.36,58368.64,58105.18,58349.25
1783151563,58349.25,58367.64,58253.37,58282.45
1783152463,58282.45,58296.84,58201.16,58234.22
1783153363,58234.22,58261.72,58133.27,58173.39
1783154263,58173.39,58228.57,58152.14,58179.57
1783155163,58179.57,58216.86,58174.49,58186.42
1783156063,58186.42,58199.9,58144.32,58185.37
1783156963,58185.37,58204.58,58109.49,58144.69
1783157863,58144.69,58219.48,58064.05,58211.85
1783158763,58211.85,58240.1,58187.93,58239.5
1783159663,58239.5,58291.35,58150.31,58164.7
1783160563,58164.7,58190.4,58099.02,58103.54
1783161463,58103.54,58126.73,57920.72,57938.66
1783162363,57938.66,57957.97,57935.09,57948.84
1783163263,57948.84,57971.97,57928.07,57947.62
1783164163,57947.62,57956.67,57914.9,57922.12
1783165063,57922.12,58106.5,57919.55,58056.27
1783165963,58056.27,58063.35,58025.36,58047.33
1783166863,58047.33,58075.18,57928.04,57952.19
1783167763,57952.19,57980.73,57940.87,57950.52
1783168663,57950.52,57981.32,57901.65,57908.16
1783169563,57908.16,57977.74,57879.37,57972.59
1783170463,57972.59,57974.67,57947.07,57966.91
1783171363,57966.91,58033.52,57916.08,58026.98
1783172263,58026.98,58154.52,58025.56,58111.55
1783173163,58111.55,58191.73,58098.09,58156.67
1783174063,58156.67,58224.39,58146.19,58190.51
1783174963,58190.51,58337.78,58143.84,58301.31
1783175863,58301.31,58375.38,58280.34,58331.65
1783176763,58331.65,58345.32,58261.15,58298.28
1783177663,58298.28,58319.0,58268.36,58304.2
1783178563,58304.2,58317.43,58277.73,58313.38
1783179463,58313.38,58394.4,58301.65,58389.73
1783180363,58389.73,58457.26,58283.75,58310.8
1783181263,58310.8,58370.5,58308.93,58362.21
1783182163,58362.21,58391.8,58256.49,58277.88
1783183063,58277.88,58282.13,58214.56,58233.8
1783183963,58233.8,58234.01,58123.66,58146.1
1783184863,58146.1,58161.71,58051.05,58098.62
1783185763,58098.62,58148.77,57989.14,57993.92
1783186663,57993.92,58024.32,57934.96,58004.12
1783187563,58004.12,58005.86,57820.0,57848.63
1783188463,57848.63,57910.59,57809.65,57838.75
1783189363,57838.75,57924.16,57832.33,57897.28
1783190263,57897.28,58007.52,57865.3,57958.26
1783191163,57958.26,57973.29,57759.31,57817.45
1783192063,57817.45,57881.19,57804.72,57868.52
1783192963,57868.52,57874.76,57749.81,57782.28
1783193863,57782.28,57824.82,57702.73,57720.82
1783194763,57720.82,57906.66,57710.38,57874.87
1783195663,57874.87,57914.33,57828.57,57857.89
1783196563,57857.89,57890.03,57769.65,57788.12
1783197463,57788.12,57805.37,57706.0,57727.38
1783198363,57727.38,57745.08,57486.26,57515.61
1783199263,57515.61,57528.15,57353.74,57411.1
1783200163,57411.1,57540.56,57366.89,57513.78
1783201063,57513.78,57541.29,57495.79,57513.41
1783201963,57513.41,57733.75,57498.39,57677.39
1783202863,57677.39,57710.28,57469.83,57519.14
1783203763,57519.14,57523.02,57489.54,57503.46
1783204663,57503.46,57572.96,57391.8,57408.19
1783205563,57408.19,57514.99,57387.66,57511.35
1783206463,57511.35,57519.12,57379.16,57386.58
1783207363,57386.58,57436.02,57346.16,57418.44
1783208263,57418.44,57420.18,57286.29,57300.74
1783209163,57300.74,57361.17,57155.63,57186.73
1783210063,57186.73,57202.36,57100.46,57119.41
1783210963,57119.41,57141.17,57103.63,57117.41
1783211863,57117.41,57139.14,57091.23,57135.88
1783212763,57135.88,57202.83,57117.5,57118.87
1783213663,57118.87,57152.64,56943.16,56956.09
1783214563,56956.09,57000.78,56925.92,56984.76
1783215463,56984.76,57113.66,56968.98,57065.86
1783216363,57065.86,57073.13,56994.26,57051.24
1783217263,57051.24,57128.04,57011.52,57097.91
1783218163,57097.91,57125.95,57048.17,57054.26
1783219063,57054.26,57072.89,56979.35,57017.45
1783219963,57017.45,57039.11,56966.6,56988.13
1783220863,56988.13,57007.16,56939.79,56945.15
1783221763,56945.15,56997.23,56872.4,56872.6
1783222663,56872.6,56923.67,56870.15,56909.83
1783223563,56909.83,56915.62,56862.01,56882.03
1783224463,56882.03,56937.46,56853.77,56925.5
1783225363,56925.5,56954.28,56891.36,56911.31
1783226263,56911.31,56911.98,56869.82,56870.31
1783227163,56870.31,56871.88,56671.38,56718.55
1783228063,56718.55,56774.62,56717.55,56755.09
1783228963,56755.09,56763.0,56731.21,56762.45
1783229863,56762.45,56807.06,56741.19,56778.91
1783230763,56778.91,56805.34,56767.15,56795.43
1783231663,56795.43,56821.11,56780.09,56785.28
1783232563,56785.28,56819.86,56697.87,56699.64
1783233463,56699.64,56718.11,56589.74,56615.52
1783234363,56615.52,56790.0,56614.19,56725.86
1783235263,56725.86,56751.48,56705.98,56725.5
1783236163,56725.5,56751.79,56628.63,56741.17
1783237063,56741.17,56779.3,56714.9,56715.88
1783237963,56715.88,56725.59,56659.28,56670.47
1783238863,56670.47,56832.36,56650.87,56778.53
1783239763,56778.53,56820.9,56756.06,56784.99
1783240663,56784.99,57027.42,56718.05,56962.53
1783241563,56962.53,57083.29,56959.4,57026.34
1783242463,57026.34,57130.61,56953.31,57090.62
1783243363,57090.62,57092.47,56969.1,57013.54
1783244263,57013.54,57197.1,56999.42,57161.73
1783245163,57161.73,57210.65,57093.91,57102.0
1783246063,57102.0,57207.9,57056.84,57174.02
1783246963,57174.02,57186.28,57064.62,57097.51
1783247863,57097.51,57167.2,57097.09,57148.99
1783248763,57148.99,57171.49,57118.43,57144.02
1783249663,57144.02,57276.17,57140.54,57255.9
1783250563,57255.9,57477.11,57231.48,57461.13
1783251463,57461.13,57476.72,57414.42,57467.78
1783252363,57467.78,57611.48,57451.45,57586.11
1783253263,57586.11,57587.13,57392.62,57511.63
1783254163,57511.63,57635.88,57476.72,57551.11
1783255063,57551.11,57654.72,57538.78,57628.08
1783255963,57628.08,57653.5,57491.28,57510.4
1783256863,57510.4,57536.99,57461.21,57506.51
1783257763,57506.51,57616.16,57393.02,57582.7
1783258663,57582.7,57592.74,57477.24,57482.35
1783259563,57482.35,57492.18,57436.89,57471.44
1783260463,57471.44,57496.57,57401.36,57407.77
1783261363,57407.77,57447.3,57275.24,57320.36
1783262263,57320.36,57396.36,57303.2,57370.08
1783263163,57370.08,57428.43,57358.49,57428.18
1783264063,57428.18,57499.53,57248.04,57271.49
1783264963,57271.49,57282.85,57210.62,57239.85
1783265863,57239.85,57281.39,57190.93,57271.15
1783266763,57271.15,57369.55,57248.71,57344.44
1783267663,57344.44,57391.87,57318.53,57380.79
1783268563,57380.79,57386.53,57278.87,57281.32
1783269463,57281.32,57294.74,57256.49,57268.11
1783270363,57268.11,57321.89,57136.12,57147.37
1783271263,57147.37,57154.21,57122.34,57124.5
1783272163,57124.5,57272.09,57099.93,57248.78
1783273063,57248.78,57293.6,57236.83,57284.63
1783273963,57284.63,57303.58,57126.11,57169.5
1783274863,57169.5,57190.89,57081.52,57105.74
1783275763,57105.74,57127.65,57092.89,57093.48
1783276663,57093.48,57111.62,57020.39,57050.78
1783277563,57050.78,57061.87,56938.61,56967.46
1783278463,56967.46,56975.91,56912.58,56915.57
1783279363,56915.57,57011.73,56905.14,56963.22
1783280263,56963.22,57057.34,56948.73,57039.95
1783281163,57039.95,57057.02,56959.9,56974.12
1783282063,56974.12,56995.67,56963.47,56994.09
1783282963,56994.09,57065.4,56974.65,57043.55
1783283863,57043.55,57153.89,57040.55,57098.38
1783284763,57098.38,57121.77,56912.65,56921.93
1783285663,56921.93,56947.1,56861.84,56883.78
1783286563,56883.78,56925.95,56882.93,56921.54
1783287463,56921.54,56965.75,56906.58,56910.46
1783288363,56910.46,56927.51,56905.35,56909.27
1783289263,56909.27,56932.44,56881.19,56929.74
1783290163,56929.74,56992.59,56906.06,56985.25
1783291063,56985.25,57035.63,56949.34,57021.67
1783291963,57021.67,57062.62,56908.48,56975.42
1783292863,56975.42,56984.58,56861.26,56893.63
1783293763,56893.63,57096.24,56878.44,57058.78
1783294663,57058.78,57117.17,57051.51,57101.14
1783295563,57101.14,57126.3,57079.41,57110.12
1783296463,57110.12,57133.73,57016.37,57066.85
1783297363,57066.85,57124.59,57040.58,57081.65
1783298263,57081.65,57108.46,57042.43,57055.81
1783299163,57055.81,57072.17,57000.0,57015.86
1783300063,57015.86,57025.48,56968.03,57000.77
1783300963,57000.77,57017.2,56940.97,56989.33
1783301863,56989.33,57049.71,56982.23,56988.13
1783302763,56988.13,57075.35,56946.65,56985.13
1783303663,56985.13,56993.35,56935.66,56943.37
1783304563,56943.37,57005.76,56913.31,57003.25
1783305463,57003.25,57014.21,56962.54,56990.21
1783306363,56990.21,57134.45,56964.29,57090.03
1783307263,57090.03,57146.51,57058.72,57091.63
1783308163,57091.63,57182.31,57030.17,57177.78
1783309063,57177.78,57193.13,56968.86,57052.73
1783309963,57052.73,57076.51,57038.21,57038.57
1783310863,57038.57,57055.52,57018.86,57021.0
1783311763,57021.0,57043.34,56981.96,56990.54
1783312663,56990.54,57043.85,56958.54,57006.09
1783313563,57006.09,57007.3,56874.42,56925.69
1783314463,56925.69,57034.17,56920.3,57022.03
1783315363,57022.03,57028.93,56814.43,56862.71
1783316263,56862.71,56905.38,56850.9,56894.33
1783317163,56894.33,56917.7,56853.65,56916.66
1783318063,56916.66,56930.44,56900.84,56930.18
1783318963,56930.18,56969.01,56862.93,56873.38
1783319863,56873.38,56942.48,56822.32,56923.22
1783320763,56923.22,56937.92,56720.57,56724.52
1783321663,56724.52,56782.25,56722.93,56780.14
1783322563,56780.14,56818.17,56761.14,56762.58
1783323463,56762.58,56808.73,56734.29,56755.67
1783324363,56755.67,56802.55,56704.75,56710.39
1783325263,56710.39,56746.49,56640.16,56648.21
1783326163,56648.21,56663.07,56495.84,56533.12
1783327063,56533.12,56587.28,56515.78,56582.74
1783327963,56582.74,56646.95,56569.87,56618.9
1783328863,56618.9,56631.91,56544.24,56560.38
1783329763,56560.38,56578.0,56546.95,56566.37
1783330663,56566.37,56636.94,56536.77,56630.15
1783331563,56630.15,56687.67,56619.24,56667.2
1783332463,56667.2,56667.82,56602.7,56621.78
1783333363,56621.78,56676.63,56479.16,56503.3
1783334263,56503.3,56513.97,56413.27,56465.86
1783335163,56465.86,56544.94,56427.13,56504.67
1783336063,56504.67,56540.65,56465.44,56517.71
1783336963,56517.71,56565.01,56409.33,56443.17
1783337863,56443.17,56481.57,56307.9,56321.26
1783338763,56321.26,56420.24,56293.74,56369.45
1783339663,56369.45,56398.25,56339.58,56367.08
1783340563,56367.08,56380.18,56293.06,56352.43
1783341463,56352.43,56386.75,56292.97,56356.93
1783342363,56356.93,56379.42,56355.89,56365.94
1783343263,56365.94,56599.33,56324.31,56587.4
1783344163,56587.4,56609.93,56413.44,56478.3
1783345063,56478.3,56499.63,56353.54,56357.03
1783345963,56357.03,56393.74,56348.59,56392.64
1783346863,56392.64,56432.97,56259.25,56269.69
1783347763,56269.69,56293.3,56122.67,56170.51
1783348663,56170.51,56210.44,56165.44,56199.03
1783349563,56199.03,56302.7,56179.92,56288.4
1783350463,56288.4,56372.63,56230.67,56256.38
1783351363,56256.38,56272.38,56206.51,56217.25
1783352263,56217.25,56275.06,56198.18,56262.84
1783353163,56262.84,56290.72,56162.12,56206.19
1783354063,56206.19,56207.85,56107.67,56135.99
1783354963,56135.99,56219.58,56133.78,56193.17
1783355863,56193.17,56194.16,56058.77,56088.32
1783356763,56088.32,56307.89,56085.06,56279.29
1783357663,56279.29,56330.15,56133.22,56157.42
1783358563,56157.42,56193.81,56050.23,56056.27
1783359463,56056.27,56083.43,55874.68,55887.72
1783360363,55887.72,55949.41,55875.73,55922.47
1783361263,55922.47,55935.96,55837.95,55883.73
1783362163,55883.73,56027.27,55875.26,56012.98
1783363063,56012.98,56024.8,55875.01,55894.96
1783363963,55894.96,55963.13,55840.82,55958.34
1783364863,55958.34,55962.41,55900.42,55901.42
1783365763,55901.42,56031.13,55874.68,56000.03
1783366663,56000.03,56028.79,55951.56,56001.23
1783367563,56001.23,56235.48,55953.32,56207.13
1783368463,56207.13,56218.49,56163.72,56210.88
1783369363,56210.88,56236.15,56080.23,56132.29
1783370263,56132.29,56147.7,56109.72,56144.2
1783371163,56144.2,56147.25,56065.98,56072.26
1783372063,56072.26,56136.5,56068.44,56118.17
1783372963,56118.17,56118.48,56062.89,56106.99
1783373863,56106.99,56117.25,56045.32,56050.11
1783374763,56050.11,56128.3,56037.02,56125.25
1783375663,56125.25,56238.42,56111.46,56209.0
1783376563,56209.0,56229.59,56099.74,56103.75
1783377463,56103.75,56243.06,56077.53,56227.86
1783378363,56227.86,56322.84,56185.45,56296.67
1783379263,56296.67,56463.28,56255.76,56450.86
1783380163,56450.86,56481.42,56307.4,56323.7
1783381063,56323.7,56357.52,56310.83,56320.69
1783381963,56320.69,56385.68,56264.49,56286.39
1783382863,56286.39,56458.09,56275.73,56428.93
1783383763,56428.93,56548.7,56427.61,56526.14
1783384663,56526.14,56533.73,56384.08,56425.97
1783385563,56425.97,56533.84,56400.49,56513.41
1783386463,56513.41,56564.55,56479.03,56479.83
1783387363,56479.83,56506.17,56300.19,56364.81
1783388263,56364.81,56412.08,56346.7,56405.23
1783389163,56405.23,56515.5,56399.52,56500.76
1783390063,56500.76,56529.0,56491.23,56494.27
1783390963,56494.27,56498.41,56370.72,56403.56
1783391863,56403.56,56436.16,56392.77,56402.33
1783392763,56402.33,56485.5,56368.66,56443.02
1783393663,56443.02,56447.42,56311.91,56370.47
1783394563,56370.47,56479.23,56345.19,56474.08
1783395463,56474.08,56532.14,56447.41,56531.51
1783396363,56531.51,56625.79,56516.58,56599.61
1783397263,56599.61,56643.44,56569.51,56608.84
1783398163,56608.84,56632.28,56420.48,56467.46
1783399063,56467.46,56528.14,56461.53,56474.73
1783399963,56474.73,56562.19,56432.13,56544.72
1783400863,56544.72,56564.89,56433.34,56457.38
1783401763,56457.38,56554.06,56439.19,56526.95
1783402663,56526.95,56536.69,56298.47,56364.12
1783403563,56364.12,56385.86,56233.3,56273.2
1783404463,56273.2,56329.83,56244.05,56305.24
1783405363,56305.24,56436.27,56239.83,56388.88
1783406263,56388.88,56416.87,56326.96,56355.33
1783407163,56355.33,56365.01,56221.53,56254.14
1783408063,56254.14,56342.03,56211.11,56332.53
1783408963,56332.53,56385.11,56314.81,56323.25
1783409863,56323.25,56329.56,56156.95,56188.81
1783410763,56188.81,56198.86,56131.16,56179.82
1783411663,56179.82,56240.24,56142.62,56230.12
1783412563,56230.12,56240.89,56138.87,56180.21
1783413463,56180.21,56290.87,56177.1,56285.42
1783414363,56285.42,56291.77,56231.01,56257.37
1783415263,56257.37,56265.57,56152.42,56203.88
1783416163,56203.88,56243.37,56039.68,56052.97
1783417063,56052.97,56061.55,55947.66,55962.39
1783417963,55962.39,55978.61,55911.94,55943.62
1783418863,55943.62,55987.89,55931.52,55959.19
1783419763,55959.19,56028.87,55883.13,55901.05
1783420663,55901.05,56019.24,55858.48,55987.84
1783421563,55987.84,56027.83,55920.16,55934.26
1783422463,55934.26,56036.3,55896.65,55986.71
1783423363,55986.71,56003.58,55981.57,55999.58
1783424263,55999.58,56138.29,55975.39,56128.98
1783425163,56128.98,56281.5,56093.85,56261.55
1783426063,56261.55,56277.67,56194.47,56206.03
1783426963,56206.03,56281.97,56186.68,56269.66
1783427863,56269.66,56294.63,56108.39,56153.23
1783428763,56153.23,56226.11,56138.93,56186.14
1783429663,56186.14,56328.7,56150.38,56238.89
1783430563,56238.89,56270.86,56238.66,56247.31
1783431463,56247.31,56350.06,56228.31,56336.79
1783432363,56336.79,56352.27,56321.32,56341.98
1783433263,56341.98,56499.68,56320.12,56449.53
1783434163,56449.53,56686.92,56378.75,56660.05
1783435063,56660.05,56681.68,56531.96,56549.39
1783435963,56549.39,56656.44,56543.39,56597.95
1783436863,56597.95,56676.52,56559.56,56667.96
1783437763,56667.96,56711.67,56645.65,56696.57
1783438663,56696.57,56739.38,56679.37,56720.39
1783439563,56720.39,56745.42,56681.96,56691.32
1783440463,56691.32,56786.64,56670.9,56775.21
1783441363,56775.21,56795.95,56667.15,56667.45
1783442263,56667.45,56813.07,56630.68,56782.92
1783443163,56782.92,56891.87,56746.21,56887.46
1783444063,56887.46,56888.52,56860.46,56862.5
1783444963,56862.5,56872.75,56814.44,56853.19
1783445863,56853.19,56866.68,56769.58,56803.16
1783446763,56803.16,56851.4,56769.97,56820.06
1783447663,56820.06,56892.12,56790.3,56859.48
1783448563,56859.48,56945.46,56802.91,56836.73
1783449463,56836.73,56856.29,56758.66,56761.34
1783450363,56761.34,56904.64,56707.02,56841.13
1783451263,56841.13,56862.57,56750.02,56766.7
1783452163,56766.7,56784.06,56625.89,56687.58
1783453063,56687.58,56720.86,56687.49,56687.57
1783453963,56687.57,56690.82,56610.12,56638.69
1783454863,56638.69,56659.04,56532.24,56535.1
1783455763,56535.1,56793.12,56529.7,56776.66
1783456663,56776.66,56809.86,56709.86,56780.22
1783457563,56780.22,56791.82,56755.71,56767.8
1783458463,56767.8,56795.93,56695.0,56703.82
1783459363,56703.82,56730.12,56535.86,56537.57
1783460263,56537.57,56753.79,56534.68,56748.55
1783461163,56748.55,56758.43,56600.48,56616.31
1783462063,56616.31,56656.72,56562.71,56572.53
1783462963,56572.53,56712.46,56524.74,56657.57
1783463863,56657.57,56680.52,56536.02,56553.76
1783464763,56553.76,56570.63,56518.83,56534.9
1783465663,56534.9,56584.96,56480.76,56489.35
1783466563,56489.35,56580.58,56483.43,56567.57
1783467463,56567.57,56575.85,56491.48,56522.94
1783468363,56522.94,56542.83,56487.02,56502.56
1783469263,56502.56,56589.2,56477.05,56529.75
1783470163,56529.75,56585.65,56488.22,56546.42
1783471063,56546.42,56604.46,56350.25,56351.36
1783471963,56351.36,56377.26,56334.96,56365.66
1783472863,56365.66,56531.4,56363.02,56477.34
1783473763,56477.34,56490.22,56424.83,56451.68
1783474663,56451.68,56553.79,56398.44,56541.33
1783475563,56541.33,56562.66,56336.34,56390.4
1783476463,56390.4,56462.63,56378.31,56453.97
1783477363,56453.97,56466.3,56391.43,56433.36
1783478263,56433.36,56512.41,56409.95,56449.4
1783479163,56449.4,56630.6,56399.96,56624.18
1783480063,56624.18,56738.76,56601.53,56737.06
1783480963,56737.06,56773.33,56633.36,56690.58
1783481863,56690.58,56827.15,56657.96,56793.81
1783482763,56793.81,56824.91,56725.28,56734.13
1783483663,56734.13,56736.21,56683.09,56706.25
1783484563,56706.25,56824.72,56680.12,56780.39
1783485463,56780.39,56794.5,56526.82,56550.29
1783486363,56550.29,56588.45,56347.78,56381.77
1783487263,56381.77,56457.38,56376.31,56446.11
1783488163,56446.11,56461.09,56366.59,56397.36
1783489063,56397.36,56441.9,56396.48,56437.1
1783489963,56437.1,56584.9,56418.66,56575.45
1783490863,56575.45,56667.26,56556.78,56641.36
1783491763,56641.36,56795.11,56633.0,56779.73
1783492663,56779.73,56830.5,56765.95,56779.98
1783493563,56779.98,56801.86,56698.82,56725.38
1783494463,56725.38,56771.64,56642.76,56679.37
1783495363,56679.37,56698.98,56636.55,56673.74
1783496263,56673.74,56707.83,56564.79,56583.51
1783497163,56583.51,56677.02,56567.17,56649.4
1783498063,56649.4,56727.56,56633.04,56725.36
1783498963,56725.36,56730.73,56680.46,56708.73
1783499863,56708.73,56830.45,56693.28,56799.6
1783500763,56799.6,56971.15,56785.14,56882.83
1783501663,56882.83,56884.07,56849.34,56874.9
1783502563,56874.9,56932.86,56738.81,56756.41
1783503463,56756.41,56899.23,56748.15,56837.4
1783504363,56837.4,56873.83,56719.35,56765.55
1783505263,56765.55,56771.53,56628.21,56673.01
1783506163,56673.01,56831.67,56620.48,56793.13
1783507063,56793.13,56813.54,56724.11,56753.02
1783507963,56753.02,56783.04,56674.1,56724.29
1783508863,56724.29,56724.52,56629.95,56641.8
1783509763,56641.8,56658.27,56574.1,56578.91
1783510663,56578.91,56580.65,56464.45,56541.95
1783511563,56541.95,56627.94,56541.36,56554.71
1783512463,56554.71,56564.13,56483.76,56550.88
1783513363,56550.88,56581.12,56493.47,56497.25
1783514263,56497.25,56562.49,56423.71,56427.74
1783515163,56427.74,56458.91,56394.01,56442.43
1783516063,56442.43,56463.8,56399.66,56401.31
1783516963,56401.31,56433.15,56379.71,56401.6
1783517863,56401.6,56429.99,56321.36,56366.22
1783518763,56366.22,56368.44,56250.2,56285.43
1783519663,56285.43,56343.85,56234.84,56333.94
1783520563,56333.94,56364.16,56297.58,56306.99
1783521463,56306.99,56361.91,56287.16,56334.2
1783522363,56334.2,56368.28,56213.45,56274.99
1783523263,56274.99,56344.85,56228.66,56289.82
1783524163,56289.82,56354.49,56278.05,56336.34
1783525063,56336.34,56448.24,56325.15,56436.7
1783525963,56436.7,56467.23,56366.4,56400.89
1783526863,56400.89,56452.55,56349.53,56443.71
1783527763,56443.71,56574.26,56428.01,56563.6
1783528663,56563.6,56565.53,56482.8,56509.4
1783529563,56509.4,56515.6,56422.44,56447.7
1783530463,56447.7,56463.82,56423.22,56426.42
1783531363,56426.42,56428.64,56418.75,56420.2
1783532263,56420.2,56428.58,56254.83,56288.57
1783533163,56288.57,56336.16,56267.69,56303.65
1783534063,56303.65,56330.27,56279.1,56320.05
1783534963,56320.05,56482.29,56295.09,56404.0
1783535863,56404.0,56406.91,56343.55,56391.86
1783536763,56391.86,56397.92,56351.54,56365.07
1783537663,56365.07,56376.31,56259.94,56284.43
1783538563,56284.43,56497.87,56252.54,56494.21
1783539463,56494.21,56549.38,56466.82,56518.3
1783540363,56518.3,56542.39,56497.21,56504.97
1783541263,56504.97,56550.44,56478.18,56503.07
1783542163,56503.07,56608.66,56491.7,56598.99
1783543063,56598.99,56712.32,56524.96,56684.64
1783543963,56684.64,56689.29,56587.21,56640.22
1783544863,56640.22,56657.9,56556.57,56576.11
1783545763,56576.11,56593.54,56539.48,56546.96
1783546663,56546.96,56551.48,56434.66,56456.61
1783547563,56456.61,56470.51,56447.2,56462.74
1783548463,56462.74,56497.5,56435.08,56473.85
1783549363,56473.85,56504.76,56467.15,56495.23
1783550263,56495.23,56597.38,56449.94,56564.73
1783551163,56564.73,56581.47,56476.51,56505.82
1783552063,56505.82,56534.55,56402.37,56430.82
1783552963,56430.82,56439.64,56247.45,56295.22
1783553863,56295.22,56312.16,56283.07,56304.22
1783554763,56304.22,56306.33,56123.97,56128.19
1783555663,56128.19,56176.09,56071.1,56098.24
1783556563,56098.24,56151.18,56090.58,56127.87
1783557463,56127.87,56162.74,56060.54,56082.3
1783558363,56082.3,56104.49,56043.05,56054.25
1783559263,56054.25,56167.92,56044.69,56136.73
1783560163,56136.73,56164.01,56078.63,56109.47
1783561063,56109.47,56174.81,56031.07,56112.64
1783561963,56112.64,56206.74,56100.4,56188.39
1783562863,56188.39,56226.68,56069.66,56090.23
1783563763,56090.23,56114.72,56027.77,56036.61
1783564663,56036.61,56147.07,55998.94,56125.08
1783565563,56125.08,56142.58,56097.88,56098.15
1783566463,56098.15,56190.13,56042.75,56147.07
1783567363,56147.07,56185.03,56041.38,56047.48
1783568263,56047.48,56080.18,56004.64,56053.67
1783569163,56053.67,56124.26,56036.95,56074.94
1783570063,56074.94,56211.85,56005.6,56127.72
1783570963,56127.72,56169.58,56087.77,56168.96
1783571863,56168.96,56173.07,56090.91,56113.72
1783572763,56113.72,56114.27,56006.87,56039.04
1783573663,56039.04,56043.71,55986.02,56024.96
1783574563,56024.96,56079.98,56024.47,56025.27
1783575463,56025.27,56257.96,56012.48,56223.02
1783576363,56223.02,56232.77,56070.48,56093.44
1783577263,56093.44,56212.32,56077.96,56211.2
1783578163,56211.2,56284.86,56168.61,56226.45
1783579063,56226.45,56358.3,56178.01,56328.5
1783579963,56328.5,56330.68,56299.37,56304.51
1783580863,56304.51,56312.34,56219.97,56250.37
1783581763,56250.37,56442.33,56240.81,56428.31
1783582663,56428.31,56431.22,56351.03,56355.05
1783583563,56355.05,56396.78,56324.2,56364.4
1783584463,56364.4,56395.89,56333.89,56357.97
1783585363,56357.97,56435.9,56321.97,56419.09
1783586263,56419.09,56590.46,56388.55,56526.9
1783587163,56526.9,56534.37,56455.84,56497.92
1783588063,56497.92,56513.67,56329.05,56378.01
1783588963,56378.01,56420.26,56280.16,56294.79
1783589863,56294.79,56418.37,56283.09,56413.38
1783590763,56413.38,56513.63,56363.8,56501.51
1783591663,56501.51,56552.14,56416.18,56448.72
1783592563,56448.72,56569.97,56412.98,56547.69
1783593463,56547.69,56637.04,56498.0,56608.69
1783594363,56608.69,56640.95,56461.51,56468.35
1783595263,56468.35,56474.62,56445.77,56462.7
1783596163,56462.7,56527.59,56451.17,56488.31
1783597063,56488.31,56491.8,56450.68,56460.54
1783597963,56460.54,56505.06,56446.09,56488.0
1783598863,56488.0,56490.22,56438.53,56469.84
1783599763,56469.84,56536.09,56407.17,56431.33
1783600663,56431.33,56486.39,56411.11,56447.97
1783601563,56447.97,56511.48,56268.0,56321.66
1783602463,56321.66,56339.78,56284.72,56314.01
1783603363,56314.01,56361.97,56313.74,56359.86
1783604263,56359.86,56482.2,56308.31,56452.2
1783605163,56452.2,56488.48,56384.59,56391.32
1783606063,56391.32,56499.48,56376.94,56491.49
1783606963,56491.49,56522.75,56400.78,56405.18
1783607863,56405.18,56507.91,56382.03,56493.23
1783608763,56493.23,56563.37,56464.7,56553.9
1783609663,56553.9,56580.49,56480.19,56511.38
1783610563,56511.38,56559.71,56424.38,56474.96
1783611463,56474.96,56487.8,56391.91,56394.62
1783612363,56394.62,56577.98,56370.57,56571.69
1783613263,56571.69,56622.21,56570.36,56597.84
1783614163,56597.84,56624.1,56461.53,56483.72
1783615063,56483.72,56507.29,56434.8,56443.25
1783615963,56443.25,56471.37,56393.85,56444.94
1783616863,56444.94,56488.47,56441.04,56444.04
1783617763,56444.04,56480.96,56337.48,56343.52
1783618663,56343.52,56367.59,56293.68,56313.23
1783619563,56313.23,56355.88,56310.8,56331.07
1783620463,56331.07,56357.25,56251.73,56273.47
1783621363,56273.47,56393.15,56214.94,56352.23
1783622263,56352.23,56420.12,56316.03,56417.58
1783623163,56417.58,56527.15,56347.48,56520.58
1783624063,56520.58,56541.82,56496.85,56501.0
1783624963,56501.0,56523.5,56473.1,56508.42
1783625863,56508.42,56521.83,56475.87,56491.73
1783626763,56491.73,56579.2,56470.08,56555.44
1783627663,56555.44,56587.63,56546.35,56563.25
1783628563,56563.25,56568.4,56473.01,56480.52
1783629463,56480.52,56640.39,56467.51,56625.87
1783630363,56625.87,56720.14,56613.86,56683.98
1783631263,56683.98,56788.77,56623.54,56756.72
1783632163,56756.72,56821.27,56737.21,56780.28
1783633063,56780.28,56864.01,56760.14,56850.91
1783633963,56850.91,56852.52,56776.06,56808.18
1783634863,56808.18,56845.93,56692.34,56736.69
1783635763,56736.69,56800.25,56623.02,56645.71
1783636663,56645.71,56707.05,56640.63,56663.78
1783637563,56663.78,56722.55,56647.9,56718.16
1783638463,56718.16,56781.42,56709.28,56756.93
1783639363,56756.93,56763.8,56575.5,56580.32
1783640263,56580.32,56602.14,56526.02,56572.8
1783641163,56572.8,56638.91,56531.6,56626.43
1783642063,56626.43,56674.02,56591.99,56652.13
1783642963,56652.13,56684.31,56512.0,56546.56
1783643863,56546.56,56559.71,56457.24,56497.41
1783644763,56497.41,56500.38,56388.54,56411.63
1783645663,56411.63,56516.71,56410.2,56453.18
1783646563,56453.18,56471.47,56380.2,56438.33
1783647463,56438.33,56497.9,56365.27,56412.43
1783648363,56412.43,56430.49,56376.5,56376.97
1783649263,56376.97,56400.23,56338.42,56349.59
1783650163,56349.59,56350.28,56268.09,56277.77
1783651063,56277.77,56312.42,56099.95,56108.54
1783651963,56108.54,56239.51,56105.05,56199.6
1783652863,56199.6,56375.89,56125.08,56363.6
1783653763,56363.6,56375.44,56317.81,56325.22
1783654663,56325.22,56383.99,56307.7,56370.52
1783655563,56370.52,56406.66,56295.59,56322.81
1783656463,56322.81,56331.56,56231.83,56250.25
1783657363,56250.25,56288.61,56219.56,56286.47
1783658263,56286.47,56364.14,56284.47,56363.3
1783659163,56363.3,56427.71,56337.8,56409.38
1783660063,56409.38,56487.81,56379.33,56465.98
1783660963,56465.98,56468.24,56448.01,56465.69
1783661863,56465.69,56534.41,56444.16,56471.89
1783662763,56471.89,56547.34,56432.15,56546.24
1783663663,56546.24,56568.91,56512.46,56522.72
1783664563,56522.72,56561.98,56508.77,56529.22
1783665463,56529.22,56552.51,56493.36,56537.7
1783666363,56537.7,56560.69,56457.1,56471.6
1783667263,56471.6,56473.34,56262.18,56285.73
1783668163,56285.73,56353.81,56237.35,56300.53
1783669063,56300.53,56460.47,56296.43,56432.29
1783669963,56432.29,56453.8,56329.47,56345.8
1783670863,56345.8,56401.0,56330.6,56381.91
1783671763,56381.91,56418.81,56303.19,56413.25
1783672663,56413.25,56445.42,56347.06,56374.31
1783673563,56374.31,56386.99,56246.6,56294.08
1783674463,56294.08,56379.54,56240.0,56241.92
1783675363,56241.92,56387.85,56196.48,56359.3
1783676263,56359.3,56415.53,56355.17,56401.63
1783677163,56401.63,56440.39,56301.97,56313.11
1783678063,56313.11,56316.08,56209.58,56228.85
1783678963,56228.85,56254.38,56223.07,56235.64
1783679863,56235.64,56267.31,56227.44,56237.38
1783680763,56237.38,56324.62,56204.6,56280.12
1783681663,56280.12,56281.96,56269.66,56277.44
1783682563,56277.44,56289.06,56192.67,56215.8
1783683463,56215.8,56266.57,56199.18,56205.98
1783684363,56205.98,56361.81,56199.88,56347.64
1783685263,56347.64,56367.2,56296.03,56308.57
1783686163,56308.57,56390.65,56298.3,56373.61
1783687063,56373.61,56437.43,56366.19,56408.41
1783687963,56408.41,56505.91,56393.65,56436.54
1783688863,56436.54,56507.33,56432.94,56485.85
1783689763,56485.85,56502.48,56465.07,56490.54
1783690663,56490.54,56689.78,56479.83,56631.62
1783691563,56631.62,56668.73,56631.21,56665.29
1783692463,56665.29,56686.93,56560.69,56583.79
1783693363,56583.79,56592.96,56449.93,56510.63
1783694263,56510.63,56641.62,56479.28,56619.97
1783695163,56619.97,56665.19,56604.21,56653.93
1783696063,56653.93,56697.08,56594.29,56610.98
1783696963,56610.98,56782.92,56605.99,56712.7
1783697863,56712.7,56735.23,56691.69,56706.37
1783698763,56706.37,56732.63,56688.98,56732.35
1783699663,56732.35,56750.0,56631.35,56658.8
1783700563,56658.8,56674.76,56556.11,56616.06
1783701463,56616.06,56646.66,56551.88,56567.27
1783702363,56567.27,56583.84,56546.33,56565.02
1783703263,56565.02,56617.52,56385.5,56406.63
1783704163,56406.63,56419.16,56294.46,56338.37
1783705063,56338.37,56407.52,56322.97,56403.74
1783705963,56403.74,56431.69,56357.22,56371.0
1783706863,56371.0,56422.24,56242.95,56276.16
1783707763,56276.16,56418.72,56214.44,56410.01
1783708663,56410.01,56422.64,56327.05,56357.76
1783709563,56357.76,56403.45,56167.17,56168.49
1783710463,56168.49,56226.14,56133.9,56183.06
1783711363,56183.06,56187.95,56095.2,56113.86
1783712263,56113.86,56170.97,56075.27,56142.82
1783713163,56142.82,56146.69,56056.19,56069.96
1783714063,56069.96,56071.55,56056.44,56056.81
1783714963,56056.81,56092.0,56013.1,56080.0
1783715863,56080.0,56109.18,56049.73,56089.48
1783716763,56089.48,56121.45,55918.13,55972.0
1783717663,55972.0,55986.77,55952.53,55983.74
1783718563,55983.74,56029.73,55967.75,56022.47
1783719463,56022.47,56039.73,55893.16,55934.38
1783720363,55934.38,55940.8,55779.18,55815.4
1783721263,55815.4,55877.72,55735.73,55753.34
1783722163,55753.34,55758.35,55679.61,55693.22
1783723063,55693.22,55754.82,55635.73,55666.12
1783723963,55666.12,55678.95,55598.87,55602.53
1783724863,55602.53,55604.77,55518.29,55540.72
1783725763,55540.72,55578.98,55534.82,55576.92
1783726663,55576.92,55598.91,55458.29,55516.32
1783727563,55516.32,55518.96,55487.0,55516.22
1783728463,55516.22,55602.17,55486.86,55591.13
1783729363,55591.13,55609.67,55564.7,55566.0
1783730263,55566.0,55711.79,55523.2,55664.88
1783731163,55664.88,55716.03,55613.47,55668.85
1783732063,55668.85,55708.84,55650.05,55705.26
1783732963,55705.26,55751.08,55397.64,55457.8
1783733863,55457.8,55477.0,55306.73,55355.33
1783734763,55355.33,55394.37,55242.76,55306.6
1783735663,55306.6,55334.02,55303.68,55326.52
1783736563,55326.52,55396.32,55283.46,55357.66
1783737463,55357.66,55452.27,55340.24,55429.87
1783738363,55429.87,55445.7,55304.29,55364.54
1783739263,55364.54,55474.57,55331.7,55459.37
1783740163,55459.37,55489.61,55316.61,55385.23
1783741063,55385.23,55391.27,55244.25,55303.52
1783741963,55303.52,55471.64,55266.43,55463.21
1783742863,55463.21,55509.58,55437.74,55471.41
1783743763,55471.41,55478.05,55292.57,55298.33
1783744663,55298.33,55394.53,55286.13,55384.84
1783745563,55384.84,55489.24,55382.79,55476.95
1783746463,55476.95,55496.49,55425.39,55466.81
1783747363,55466.81,55538.75,55422.0,55479.28
1783748263,55479.28,55506.69,55451.51,55505.08
1783749163,55505.08,55528.5,55377.79,55396.88
1783750063,55396.88,55407.14,55377.65,55406.25
1783750963,55406.25,55515.85,55382.23,55510.56
1783751863,55510.56,55644.05,55475.9,55587.62
1783752763,55587.62,55654.36,55579.75,55618.37
1783753663,55618.37,55664.91,55582.41,55645.73
1783754563,55645.73,55723.82,55600.38,55669.17
1783755463,55669.17,55792.71,55664.88,55749.66
1783756363,55749.66,55834.54,55736.64,55791.23
1783757263,55791.23,55866.73,55766.74,55860.74
1783758163,55860.74,55897.79,55821.17,55876.28
1783759063,55876.28,55899.32,55662.65,55689.85
1783759963,55689.85,55708.36,55615.38,55632.05
1783760863,55632.05,55659.62,55550.77,55571.91
1783761763,55571.91,55638.58,55552.47,55611.88
1783762663,55611.88,55708.9,55572.99,55697.94
1783763563,55697.94,55737.25,55513.04,55588.66
1783764463,55588.66,55610.86,55554.29,55589.9
1783765363,55589.9,55681.04,55584.92,55647.19
1783766263,55647.19,55714.16,55491.2,55516.79
1783767163,55516.79,55529.42,55357.49,55423.4
1783768063,55423.4,55433.64,55324.38,55327.57
1783768963,55327.57,55340.32,55277.85,55337.72
1783769863,55337.72,55454.48,55319.46,55446.51
1783770763,55446.51,55479.52,55440.71,55463.78
1783771663,55463.78,55472.59,55437.66,55441.76
1783772563,55441.76,55547.01,55423.28,55516.89
1783773463,55516.89,55537.02,55466.78,55505.68
1783774363,55505.68,55609.82,55470.63,55591.5
1783775263,55591.5,55606.3,55561.35,55587.85
1783776163,55587.85,55663.74,55565.41,55628.69
1783777063,55628.69,55748.86,55623.77,55684.54
1783777963,55684.54,55752.8,55658.52,55734.09
1783778863,55734.09,55883.95,55700.16,55879.22
1783779763,55879.22,55985.01,55791.76,55960.83
1783780663,55960.83,55976.68,55915.79,55959.03
1783781563,55959.03,56061.18,55944.23,56058.99
1783782463,56058.99,56086.28,56042.36,56080.77
1783783363,56080.77,56089.36,56059.74,56066.44
1783784263,56066.44,56158.2,56034.68,56141.4
1783785163,56141.4,56168.82,56016.36,56078.18
1783786063,56078.18,56105.25,56043.96,56078.16
1783786963,56078.16,56160.26,56074.96,56153.74
1783787863,56153.74,56334.55,56096.32,56306.07
1783788763,56306.07,56318.47,56279.11,56317.27
1783789663,56317.27,56389.57,56314.21,56336.4
1783790563,56336.4,56445.26,56237.33,56411.29
1783791463,56411.29,56432.91,56329.17,56360.59
1783792363,56360.59,56390.7,56342.64,56375.57
1783793263,56375.57,56460.07,56364.27,56387.91
1783794163,56387.91,56462.48,56371.95,56429.41
1783795063,56429.41,56467.7,56404.76,56433.48
1783795963,56433.48,56494.43,56405.57,56479.87
1783796863,56479.87,56566.06,56451.83,56531.56
1783797763,56531.56,56562.19,56504.9,56515.76
1783798663,56515.76,56587.25,56483.19,56574.86
1783799563,56574.86,56618.98,56574.66,56599.41
1783800463,56599.41,56689.53,56570.85,56664.15
1783801363,56664.15,56684.18,56467.45,56496.13
1783802263,56496.13,56581.64,56451.02,56532.14
1783803163,56532.14,56743.91,56501.44,56730.41
1783804063,56730.41,56847.84,56672.8,56825.94
1783804963,56825.94,56865.25,56701.97,56728.61
1783805863,56728.61,56756.83,56614.73,56623.57
1783806763,56623.57,56649.34,56590.97,56595.75
1783807663,56595.75,56633.49,56593.32,56629.94
1783808563,56629.94,56776.65,56613.31,56758.02
1783809463,56758.02,56806.19,56741.18,56781.84
1783810363,56781.84,56851.43,56771.33,56833.28
1783811263,56833.28,57030.18,56769.54,56994.57
1783812163,56994.57,57113.93,56983.76,57057.37
1783813063,57057.37,57070.24,57048.69,57049.46
1783813963,57049.46,57083.6,57026.09,57047.79
1783814863,57047.79,57114.71,56955.64,56976.8
1783815763,56976.8,57031.21,56885.73,56894.15
1783816663,56894.15,56901.05,56833.61,56897.63
1783817563,56897.63,57083.0,56878.75,57053.57
1783818463,57053.57,57087.94,57039.73,57079.24
1783819363,57079.24,57090.84,57072.58,57086.02
1783820263,57086.02,57128.44,57081.16,57119.02
1783821163,57119.02,57236.53,57079.17,57174.15
1783822063,57174.15,57206.11,57088.52,57095.58
1783822963,57095.58,57101.97,57069.36,57101.05
1783823863,57101.05,57115.74,57024.49,57036.78
1783824763,57036.78,57075.02,56976.66,56984.12
1783825663,56984.12,57034.74,56845.42,56905.1
1783826563,56905.1,56909.11,56814.76,56830.07
1783827463,56830.07,56836.19,56782.62,56807.97
1783828363,56807.97,56815.21,56739.68,56755.08
1783829263,56755.08,56769.94,56730.71,56744.66
1783830163,56744.66,56746.09,56686.68,56705.09
1783831063,56705.09,56838.22,56673.79,56826.64
1783831963,56826.64,56829.01,56590.86,56699.39
1783832863,56699.39,56722.12,56646.72,56672.2
1783833763,56672.2,56732.17,56622.64,56724.4
1783834663,56724.4,56776.66,56700.61,56759.5
1783835563,56759.5,56808.43,56625.38,56663.55
1783836463,56663.55,56693.78,56604.23,56685.44
1783837363,56685.44,56772.16,56675.4,56771.42
1783838263,56771.42,56779.93,56554.72,56577.4
1783839163,56577.4,56596.31,56515.22,56534.84
1783840063,56534.84,56592.79,56523.74,56573.27
1783840963,56573.27,56608.27,56453.08,56499.3
1783841863,56499.3,56500.24,56392.24,56415.22
1783842763,56415.22,56543.42,56342.99,56535.96
1783843663,56535.96,56560.6,56534.86,56536.78
1783844563,56536.78,56562.72,56520.51,56526.09
1783845463,56526.09,56554.96,56518.57,56542.33
1783846363,56542.33,56610.71,56482.23,56490.69
1783847263,56490.69,56548.86,56471.03,56535.85
1783848163,56535.85,56538.24,56381.16,56434.09
1783849063,56434.09,56471.45,56308.64,56343.68
1783849963,56343.68,56387.74,56317.24,56350.67
1783850863,56350.67,56379.14,56246.63,56287.03
1783851763,56287.03,56308.57,56185.89,56230.77
1783852663,56230.77,56339.84,56228.61,56327.2
1783853563,56327.2,56341.38,56268.79,56270.02
1783854463,56270.02,56307.76,56175.8,56217.69
1783855363,56217.69,56274.76,56189.97,56194.12
1783856263,56194.12,56221.54,56179.3,56197.91
1783857163,56197.91,56456.17,56146.06,56427.76
1783858063,56427.76,56433.98,56337.96,56344.3
1783858963,56344.3,56362.36,56301.06,56331.53
1783859863,56331.53,56375.44,56219.85,56234.37
1783860763,56234.37,56308.6,56184.65,56279.51
1783861663,56279.51,56285.63,56039.02,56120.96
1783862563,56120.96,56195.94,56100.96,56190.11
1783863463,56190.11,56372.95,56170.13,56365.27
1783864363,56365.27,56443.9,56341.85,56412.58
1783865263,56412.58,56426.51,56301.55,56303.72
1783866163,56303.72,56328.27,56218.0,56228.57
1783867063,56228.57,56341.79,56201.29,56273.01
1783867963,56273.01,56303.33,56264.84,56288.08
1783868863,56288.08,56355.26,56284.32,56345.55
1783869763,56345.55,56375.69,56265.55,56266.56
1783870663,56266.56,56371.16,56216.72,56311.93
1783871563,56311.93,56319.41,56177.31,56208.03
1783872463,56208.03,56217.85,56171.55,56185.07
1783873363,56185.07,56255.54,56140.78,56237.2
1783874263,56237.2,56357.69,56210.58,56337.67
1783875163,56337.67,56340.0,56268.52,56304.42
1783876063,56304.42,56415.93,56267.5,56390.02
1783876963,56390.02,56393.96,56339.85,56383.5
1783877863,56383.5,56416.78,56257.94,56270.95
1783878763,56270.95,56346.64,56257.11,56292.68
1783879663,56292.68,56302.45,56141.01,56190.19
1783880563,56190.19,56223.59,56046.4,56091.48
1783881463,56091.48,56142.13,56068.09,56123.29
1783882363,56123.29,56174.48,56121.86,56158.25
1783883263,56158.25,56281.37,56140.12,56280.7
1783884163,56280.7,56308.8,56154.95,56196.84
1783885063,56196.84,56210.46,56103.6,56120.97
1783885963,56120.97,56143.51,55999.84,56005.93
1783886863,56005.93,56107.79,55958.84,56058.48
1783887763,56058.48,56068.58,56039.83,56061.01
1783888663,56061.01,56078.71,56004.02,56026.96
1783889563,56026.96,56042.4,56019.4,56030.78
1783890463,56030.78,56161.65,56007.95,56132.42
1783891363,56132.42,56176.3,56123.72,56136.97
1783892263,56136.97,56200.59,56112.57,56186.45
1783893163,56186.45,56299.28,56167.6,56256.09
1783894063,56256.09,56282.8,56195.22,56238.99
1783894963,56238.99,56255.21,56222.04,56222.41
1783895863,56222.41,56373.38,56213.39,56359.89
1783896763,56359.89,56561.02,56309.25,56519.66
1783897663,56519.66,56617.77,56482.83,56588.11
1783898563,56588.11,56722.61,56556.17,56708.52
1783899463,56708.52,56757.8,56521.57,56545.13
1783900363,56545.13,56554.15,56478.45,56495.2
1783901263,56495.2,56559.62,56474.8,56521.03
1783902163,56521.03,56539.7,56507.51,56537.27
1783903063,56537.27,56686.09,56501.52,56673.3
1783903963,56673.3,56741.91,56659.86,56719.21
1783904863,56719.21,56890.99,56680.02,56853.45
1783905763,56853.45,56912.55,56851.15,56905.6
1783906663,56905.6,56931.15,56868.29,56869.14
1783907563,56869.14,56889.85,56822.66,56845.15
1783908463,56845.15,56879.77,56641.72,56668.85
1783909363,56668.85,56683.57,56481.99,56541.6
1783910263,56541.6,56577.03,56539.14,56562.6
1783911163,56562.6,56602.97,56461.1,56512.41
1783912063,56512.41,56531.08,56355.06,56381.2
1783912963,56381.2,56396.71,56318.72,56370.73
1783913863,56370.73,56516.8,56367.25,56498.14
1783914763,56498.14,56513.17,56339.29,56393.83
1783915663,56393.83,56487.18,56312.78,56466.18
1783916563,56466.18,56496.06,56432.12,56444.35
1783917463,56444.35,56448.48,56343.18,56353.57
1783918363,56353.57,56434.98,56351.08,56403.55
1783919263,56403.55,56512.08,56375.98,56499.47
1783920163,56499.47,56630.36,56495.33,56588.99
1783921063,56588.99,56628.19,56576.0,56609.07
1783921963,56609.07,56632.49,56541.16,56624.73
1783922863,56624.73,56683.18,56616.38,56661.93
1783923763,56661.93,56674.32,56511.38,56564.11
1783924663,56564.11,56569.1,56456.65,56512.76
1783925563,56512.76,56558.3,56317.77,56336.58
1783926463,56336.58,56356.67,56333.15,56341.38
1783927363,56341.38,56416.48,56332.84,56395.38
1783928263,56395.38,56413.54,56376.06,56390.32
1783929163,56390.32,56448.28,56320.81,56332.31
1783930063,56332.31,56346.22,56322.91,56342.68
1783930963,56342.68,56422.1,56308.51,56395.22
1783931863,56395.22,56395.99,56346.39,56353.02
1783932763,56353.02,56420.45,56309.14,56413.09
1783933663,56413.09,56423.47,56395.36,56416.51
1783934563,56416.51,56429.12,56381.56,56399.36
1783935463,56399.36,56427.47,56355.42,56426.97
1783936363,56426.97,56461.06,56364.67,56372.27
1783937263,56372.27,56392.99,56273.26,56287.05
1783938163,56287.05,56378.07,56284.65,56350.12
1783939063,56350.12,56370.77,56084.93,56107.35
1783939963,56107.35,56162.52,56054.67,56137.27
1783940863,56137.27,56196.91,56086.82,56190.09
1783941763,56190.09,56241.53,56168.97,56218.67
1783942663,56218.67,56247.39,56182.86,56240.7
1783943563,56240.7,56255.65,56098.47,56161.88
1783944463,56161.88,56270.89,56114.27,56249.8
1783945363,56249.8,56286.02,56134.69,56239.33
1783946263,56239.33,56348.67,56228.34,56345.96
1783947163,56345.96,56422.97,56326.39,56394.17
1783948063,56394.17,56451.07,56371.14,56371.5
1783948963,56371.5,56440.67,56368.26,56398.91
1783949863,56398.91,56409.83,56366.15,56409.16
1783950763,56409.16,56423.21,56364.35,56379.5
1783951663,56379.5,56407.62,56200.34,56254.25
1783952563,56254.25,56273.85,56159.41,56174.38
1783953463,56174.38,56276.4,56158.33,56258.87
1783954363,56258.87,56286.98,56248.01,56271.33
1783955263,56271.33,56351.63,56236.28,56243.87
1783956163,56243.87,56372.92,56218.74,56308.13
1783957063,56308.13,56339.39,56301.66,56311.05
1783957963,56311.05,56319.11,56170.95,56242.77
1783958863,56242.77,56329.65,56221.44,56295.78
1783959763,56295.78,56318.69,56232.46,56251.14
1783960663,56251.14,56341.92,56240.75,56325.48
1783961563,56325.48,56360.19,56212.77,56293.76
1783962463,56293.76,56431.94,56266.77,56404.34
1783963363,56404.34,56462.15,56391.03,56420.05
1783964263,56420.05,56455.78,56265.9,56297.74
1783965163,56297.74,56527.21,56236.82,56498.16
1783966063,56498.16,56507.14,56396.08,56397.26
1783966963,56397.26,56419.19,56225.78,56256.04
1783967863,56256.04,56380.95,56253.87,56314.51
1783968763,56314.51,56406.46,56273.02,56384.78
1783969663,56384.78,56517.2,56374.76,56516.86
1783970563,56516.86,56531.57,56351.11,56380.27
1783971463,56380.27,56398.74,56343.28,56366.16
1783972363,56366.16,56404.34,56335.42,56354.41
1783973263,56354.41,56578.15,56294.6,56532.31
1783974163,56532.31,56548.08,56419.16,56446.2
1783975063,56446.2,56488.59,56429.12,56465.32
1783975963,56465.32,56487.57,56425.82,56445.95
1783976863,56445.95,56446.21,56372.35,56376.23
1783977763,56376.23,56458.59,56237.34,56255.99
1783978663,56255.99,56432.69,56248.02,56405.62
1783979563,56405.62,56425.04,56361.35,56381.24
1783980463,56381.24,56388.36,56359.18,56363.21
1783981363,56363.21,56383.9,56341.67,56351.75
1783982263,56351.75,56467.7,56328.72,56395.21
1783983163,56395.21,56479.56,56394.88,56470.06
1783984063,56470.06,56540.92,56423.11,56534.67
1783984963,56534.67,56553.35,56506.4,56552.48
1783985863,56552.48,56573.17,56489.55,56496.09
1783986763,56496.09,56549.63,56420.43,56431.42
1783987663,56431.42,56454.3,56291.94,56386.51
1783988563,56386.51,56455.4,56373.49,56416.64
1783989463,56416.64,56491.01,56395.1,56467.75
1783990363,56467.75,56605.06,56438.77,56532.56
1783991263,56532.56,56541.34,56371.92,56411.22
1783992163,56411.22,56441.45,56313.63,56332.59
1783993063,56332.59,56469.03,56324.78,56413.39
1783993963,56413.39,56432.87,56298.05,56337.44
1783994863,56337.44,56465.52,56319.29,56449.0
1783995763,56449.0,56523.77,56445.86,56501.75
1783996663,56501.75,56507.07,56446.28,56492.96
1783997563,56492.96,56524.74,56341.92,56357.03
1783998463,56357.03,56447.67,56345.78,56433.85
1783999363,56433.85,56677.87,56428.78,56626.97
1784000263,56626.97,56656.2,56593.64,56612.98
1784001163,56612.98,56756.78,56574.34,56740.15
1784002063,56740.15,56799.2,56675.75,56678.69
1784002963,56678.69,56679.31,56592.99,56632.71
1784003863,56632.71,56638.7,56560.14,56610.15
1784004763,56610.15,56795.89,56589.16,56766.86
1784005663,56766.86,56835.15,56746.51,56823.57
1784006563,56823.57,56826.57,56744.35,56787.34
1784007463,56787.34,56818.85,56681.49,56681.7
1784008363,56681.7,56785.39,56668.22,56750.39
1784009263,56750.39,56876.05,56738.65,56817.59
1784010163,56817.59,56838.46,56796.31,56831.69
1784011063,56831.69,56837.08,56750.1,56792.55
1784011963,56792.55,56798.9,56714.75,56749.15
1784012863,56749.15,56802.9,56692.9,56714.62
1784013763,56714.62,56802.65,56688.04,56802.35
1784014663,56802.35,56823.92,56683.12,56688.88
1784015563,56688.88,56904.52,56677.14,56839.82
1784016463,56839.82,56851.49,56748.91,56778.98
1784017363,56778.98,56788.96,56686.4,56711.85
1784018263,56711.85,56756.15,56694.34,56718.61
1784019163,56718.61,56757.45,56676.07,56683.35
1784020063,56683.35,56702.88,56639.74,56642.63
1784020963,56642.63,56648.39,56498.98,56499.18
1784021863,56499.18,56641.24,56455.16,56628.05
1784022763,56628.05,56659.85,56597.74,56644.07
1784023663,56644.07,56750.77,56624.06,56695.16
1784024563,56695.16,56731.25,56690.02,56705.33
1784025463,56705.33,56722.11,56687.97,56698.47
1784026363,56698.47,56737.01,56694.84,56722.1
1784027263,56722.1,56818.29,56691.54,56791.62
1784028163,56791.62,56831.32,56761.7,56820.18
1784029063,56820.18,56848.67,56753.84,56792.39
1784029963,56792.39,56865.73,56770.95,56831.15
1784030863,56831.15,56879.85,56822.91,56868.78
1784031763,56868.78,56907.21,56813.35,56833.5
1784032663,56833.5,56886.61,56810.33,56854.89
1784033563,56854.89,56859.66,56782.18,56784.49
1784034463,56784.49,56837.24,56768.08,56807.07
1784035363,56807.07,56838.42,56724.08,56752.35
1784036263,56752.35,56827.27,56740.27,56800.8
1784037163,56800.8,56805.26,56618.36,56661.72
1784038063,56661.72,56726.8,56637.31,56699.02
1784038963,56699.02,56724.16,56666.93,56718.56
1784039863,56718.56,56907.05,56694.69,56892.86
1784040763,56892.86,56913.05,56864.73,56890.6
1784041663,56890.6,57060.28,56816.18,57001.22
1784042563,57001.22,57123.17,56999.97,57073.24
1784043463,57073.24,57100.04,57026.19,57048.63
1784044363,57048.63,57057.24,56992.34,57034.35
1784045263,57034.35,57105.53,57015.34,57060.55
1784046163,57060.55,57066.64,56997.0,57011.77
1784047063,57011.77,57038.85,56851.86,56925.11
1784047963,56925.11,56941.98,56875.71,56936.65
1784048863,56936.65,56963.63,56904.82,56927.97
1784049763,56927.97,57100.32,56916.06,57029.68
1784050663,57029.68,57157.42,57015.86,57140.78
1784051563,57140.78,57315.85,57066.38,57286.31
1784052463,57286.31,57461.05,57225.64,57459.73
1784053363,57459.73,57796.82,57415.71,57737.41
1784054263,57737.41,57805.31,57700.69,57760.49
1784055163,57760.49,57952.11,57753.63,57915.99
1784056063,57915.99,57965.88,57840.36,57878.94
1784056963,57878.94,57924.4,57824.31,57895.37
1784057863,57895.37,57896.29,57615.08,57701.63
1784058763,57701.63,57734.18,57567.77,57618.01
1784059663,57618.01,57661.01,57580.17,57607.45
1784060563,57607.45,57650.24,57539.45,57643.71
1784061463,57643.71,57715.68,57639.15,57680.99
1784062363,57680.99,57725.24,57620.92,57630.91
1784063263,57630.91,57666.03,57563.92,57596.36
1784064163,57596.36,57649.02,57477.19,57489.86
1784065063,57489.86,57534.76,57389.64,57462.72
1784065963,57462.72,57545.02,57444.47,57520.92
1784066863,57520.92,57597.67,57460.81,57580.79
1784067763,57580.79,57638.73,57573.25,57602.88
1784068663,57602.88,57689.14,57581.21,57662.34
1784069563,57662.34,57733.91,57661.08,57694.07
1784070463,57694.07,57740.25,57521.66,57546.0
1784071363,57546.0,57605.28,57509.8,57577.37
1784072263,57577.37,57627.27,57573.72,57601.27
1784073163,57601.27,57629.62,57593.67,57620.65
1784074063,57620.65,57635.74,57500.16,57539.02
1784074963,57539.02,57587.8,57531.28,57581.55
1784075863,57581.55,57586.99,57554.3,57573.58
1784076763,57573.58,57610.31,57552.75,57595.19
1784077663,57595.19,57600.94,57580.65,57593.92
1784078563,57593.92,57732.36,57576.06,57726.6
1784079463,57726.6,57833.95,57715.92,57830.8
1784080363,57830.8,57835.18,57675.11,57699.11
1784081263,57699.11,57703.31,57637.58,57666.16
1784082163,57666.16,57763.07,57633.19,57738.34
1784083063,57738.34,57852.44,57711.8,57823.32
1784083963,57823.32,57981.82,57812.1,57961.25
1784084863,57961.25,58057.43,57924.51,57965.45
1784085763,57965.45,58030.58,57936.05,57938.71
1784086663,57938.71,58005.07,57912.67,57924.04
1784087563,57924.04,57938.65,57896.48,57904.76
1784088463,57904.76,58011.87,57844.56,57959.63
1784089363,57959.63,58053.2,57881.68,57892.68
1784090263,57892.68,57910.47,57800.6,57829.69
1784091163,57829.69,57880.12,57821.36,57864.88
1784092063,57864.88,57895.66,57683.34,57701.18
1784092963,57701.18,57710.19,57577.57,57610.76
1784093863,57610.76,57729.3,57592.24,57698.58
1784094763,57698.58,57717.72,57625.37,57655.11
1784095663,57655.11,57677.62,57561.67,57587.12
1784096563,57587.12,57645.49,57571.07,57595.98
1784097463,57595.98,57659.82,57576.31,57652.39
1784098363,57652.39,57676.35,57509.63,57533.83
1784099263,57533.83,57666.9,57494.58,57626.61
1784100163,57626.61,57638.5,57595.66,57623.61
1784101063,57623.61,57680.62,57491.83,57501.43
1784101963,57501.43,57584.97,57482.44,57547.98
1784102863,57547.98,57692.33,57533.54,57645.0
1784103763,57645.0,57650.4,57553.15,57588.62
1784104663,57588.62,57604.19,57526.67,57572.48
1784105563,57572.48,57575.16,57501.71,57536.29
1784106463,57536.29,57666.22,57509.6,57633.96
1784107363,57633.96,57663.34,57515.05,57566.85
1784108263,57566.85,57618.75,57535.18,57609.96
1784109163,57609.96,57627.48,57565.79,57595.73
1784110063,57595.73,57648.55,57558.52,57589.43
1784110963,57589.43,57668.86,57587.6,57663.44
1784111863,57663.44,57705.25,57536.96,57545.61
1784112763,57545.61,57595.84,57384.17,57440.28
1784113663,57440.28,57453.25,57402.99,57403.05
1784114563,57403.05,57411.67,57346.93,57366.26
1784115463,57366.26,57374.57,57347.27,57353.29
1784116363,57353.29,57411.53,57323.44,57355.14
1784117263,57355.14,57358.59,57282.53,57319.13
1784118163,57319.13,57371.99,57297.73,57364.37
1784119063,57364.37,57395.04,57312.21,57331.07
1784119963,57331.07,57355.31,57299.68,57327.39
1784120863,57327.39,57442.06,57322.45,57417.59
1784121763,57417.59,57530.64,57410.17,57491.69
1784122663,57491.69,57538.89,57369.54,57373.47
1784123563,57373.47,57393.48,57339.2,57356.58
1784124463,57356.58,57385.09,57289.48,57330.74
1784125363,57330.74,57348.43,57153.69,57165.17
1784126263,57165.17,57191.48,57161.58,57188.21
1784127163,57188.21,57205.36,57131.72,57160.34
1784128063,57160.34,57165.75,57101.24,57128.23
1784128963,57128.23,57179.73,57089.22,57105.39
1784129863,57105.39,57114.77,57061.37,57114.74
1784130763,57114.74,57146.91,56971.99,57071.42
1784131663,57071.42,57129.34,57058.35,57126.14
1784132563,57126.14,57315.86,57121.1,57273.64
1784133463,57273.64,57437.09,57264.04,57421.28
1784134363,57421.28,57439.48,57378.74,57395.58
1784135263,57395.58,57433.04,57356.64,57417.6
1784136163,57417.6,57430.69,57208.44,57220.21
1784137063,57220.21,57404.4,57209.91,57349.47
1784137963,57349.47,57380.4,57290.28,57293.63
1784138863,57293.63,57342.15,57287.87,57313.73
1784139763,57313.73,57462.89,57300.13,57435.63
1784140663,57435.63,57529.06,57385.38,57490.81
1784141563,57490.81,57494.39,57291.27,57318.46
1784142463,57318.46,57374.47,57285.83,57291.77
1784143363,57291.77,57314.56,57220.94,57262.37
1784144263,57262.37,57410.42,57236.07,57400.24
1784145163,57400.24,57422.91,57367.74,57380.75
1784146063,57380.75,57393.62,57326.03,57382.2
1784146963,57382.2,57557.4,57339.71,57506.85
1784147863,57506.85,57662.09,57459.81,57649.14
1784148763,57649.14,57750.56,57624.23,57732.73
1784149663,57732.73,57812.73,57725.71,57759.98
1784150563,57759.98,57805.19,57676.41,57698.75
1784151463,57698.75,57808.91,57648.29,57808.06
1784152363,57808.06,57886.7,57772.64,57885.21
1784153263,57885.21,57963.81,57873.86,57945.38
1784154163,57945.38,58022.71,57929.8,58013.18
1784155063,58013.18,58069.04,57953.28,57954.61
1784155963,57954.61,57986.23,57844.63,57875.57
1784156863,57875.57,57904.61,57808.74,57846.16
1784157763,57846.16,57986.97,57843.22,57928.32
1784158663,57928.32,58057.45,57900.29,58023.76
1784159563,58023.76,58152.02,58014.32,58140.51
1784160463,58140.51,58161.79,57993.41,58001.72
1784161363,58001.72,58023.25,58000.35,58017.22
1784162263,58017.22,58117.02,58011.24,58100.87
1784163163,58100.87,58108.31,58026.34,58031.03
1784164063,58031.03,58106.3,57975.25,58075.67
1784164963,58075.67,58079.94,58020.75,58028.98
1784165863,58028.98,58053.58,57967.0,58020.35
1784166763,58020.35,58023.3,57904.07,57920.11
1784167663,57920.11,57985.32,57901.39,57981.38
1784168563,57981.38,58047.2,57975.73,58045.71
1784169463,58045.71,58056.95,57918.91,57925.25
1784170363,57925.25,57934.32,57881.81,57901.35
1784171263,57901.35,57939.73,57782.8,57844.31
1784172163,57844.31,57863.67,57810.85,57823.01
1784173063,57823.01,57887.51,57617.74,57633.81
1784173963,57633.81,57690.21,57615.27,57645.67
1784174863,57645.67,57658.53,57587.03,57625.47
1784175763,57625.47,57848.1,57622.6,57766.29
1784176663,57766.29,57776.51,57743.71,57748.85
1784177563,57748.85,57811.92,57715.07,57729.12
1784178463,57729.12,57771.13,57685.01,57743.3
1784179363,57743.3,57771.49,57694.05,57763.89
1784180263,57763.89,57811.27,57760.24,57782.17
1784181163,57782.17,57788.05,57647.18,57661.27
1784182063,57661.27,57664.46,57576.92,57628.96
1784182963,57628.96,57673.7,57623.9,57662.51
1784183863,57662.51,57734.83,57661.8,57705.94
1784184763,57705.94,57708.82,57605.42,57667.2
1784185663,57667.2,57755.59,57644.75,57754.47
1784186563,57754.47,57845.57,57750.95,57764.63
1784187463,57764.63,57789.06,57677.75,57708.92
1784188363,57708.92,57762.37,57687.68,57693.35
1784189263,57693.35,57707.44,57593.24,57608.74
1784190163,57608.74,57639.08,57460.61,57507.98
1784191063,57507.98,57515.14,57440.15,57452.99
1784191963,57452.99,57473.39,57361.68,57432.39
1784192863,57432.39,57441.76,57372.66,57394.03
1784193763,57394.03,57473.51,57368.48,57460.84
1784194663,57460.84,57462.8,57354.53,57404.39
1784195563,57404.39,57495.12,57391.56,57474.45
1784196463,57474.45,57533.42,57403.91,57410.01
1784197363,57410.01,57413.52,57368.21,57376.61
1784198263,57376.61,57406.69,57238.95,57255.31
1784199163,57255.31,57291.15,57104.01,57141.25
1784200063,57141.25,57172.69,56973.48,57010.75
1784200963,57010.75,57048.44,56979.73,57003.85
1784201863,57003.85,57115.42,57000.72,57072.06
1784202763,57072.06,57074.9,57031.8,57044.98
1784203663,57044.98,57150.48,57017.56,57146.97
1784204563,57146.97,57168.67,57139.45,57164.91
1784205463,57164.91,57251.47,57136.6,57238.51
1784206363,57238.51,57241.32,57105.98,57136.08
1784207263,57136.08,57148.45,57080.16,57137.71
1784208163,57137.71,57183.45,56989.09,57031.53
1784209063,57031.53,57049.83,56931.48,56981.34
1784209963,56981.34,57090.01,56949.26,57089.35
1784210863,57089.35,57133.57,56849.56,56894.61
1784211763,56894.61,57009.38,56845.91,56975.28
1784212663,56975.28,57115.75,56908.76,57092.83
1784213563,57092.83,57266.76,57071.85,57247.73
1784214463,57247.73,57328.33,57179.44,57324.83
1784215363,57324.83,57353.57,57286.03,57338.38
1784216263,57338.38,57464.42,57303.91,57409.63
1784217163,57409.63,57587.7,57407.19,57521.34
1784218063,57521.34,57536.77,57444.14,57473.33
1784218963,57473.33,57523.77,57383.65,57406.82
1784219863,57406.82,57541.83,57384.02,57483.22
1784220763,57483.22,57530.34,57378.79,57411.64
1784221663,57411.64,57531.22,57408.14,57509.46
1784222563,57509.46,57557.41,57506.12,57548.31
1784223463,57548.31,57628.59,57513.33,57627.75
1784224363,57627.75,57706.25,57600.06,57603.86
1784225263,57603.86,57658.34,57589.88,57611.11
1784226163,57611.11,57659.5,57500.91,57515.08
1784227063,57515.08,57525.66,57502.52,57510.31
1784227963,57510.31,57528.53,57419.05,57444.15
1784228863,57444.15,57483.92,57390.79,57416.16
1784229763,57416.16,57438.62,57306.98,57326.14
1784230663,57326.14,57349.39,57182.52,57183.44
1784231563,57183.44,57267.81,57159.94,57260.7
1784232463,57260.7,57269.06,57099.47,57153.11
1784233363,57153.11,57215.64,57118.09,57200.52
1784234263,57200.52,57226.83,57165.92,57203.43
1784235163,57203.43,57218.45,57202.21,57212.01
1784236063,57212.01,57286.67,57141.0,57260.98
1784236963,57260.98,57538.91,57258.99,57466.9
1784237863,57466.9,57659.14,57449.02,57639.15
1784238763,57639.15,57670.01,57446.98,57475.34
1784239663,57475.34,57551.13,57450.1,57539.39
1784240563,57539.39,57552.6,57503.08,57543.22
1784241463,57543.22,57595.77,57532.26,57558.73
1784242363,57558.73,57647.34,57534.65,57620.77
1784243263,57620.77,57621.23,57454.8,57480.71
1784244163,57480.71,57506.67,57475.9,57505.87
1784245063,57505.87,57577.82,57417.83,57434.7
1784245963,57434.7,57495.56,57427.26,57488.59
1784246863,57488.59,57522.45,57475.69,57506.21
1784247763,57506.21,57546.33,57492.53,57513.19
1784248663,57513.19,57587.49,57381.25,57408.27
1784249563,57408.27,57575.37,57348.67,57513.54
1784250463,57513.54,57545.54,57394.8,57425.34
1784251363,57425.34,57431.04,57342.65,57346.16
1784252263,57346.16,57401.87,57339.82,57344.9
1784253163,57344.9,57367.83,57290.4,57354.99
1784254063,57354.99,57356.96,57218.77,57242.0
1784254963,57242.0,57269.75,57240.42,57258.62
1784255863,57258.62,57276.51,57149.8,57160.78
1784256763,57160.78,57165.39,57079.59,57113.23
1784257663,57113.23,57129.22,57093.55,57099.41
1784258563,57099.41,57130.54,56973.16,56997.84
1784259463,56997.84,57009.34,56896.66,56907.21
1784260363,56907.21,56922.85,56854.18,56861.23
1784261263,56861.23,56903.98,56731.42,56754.67
1784262163,56754.67,56784.04,56698.18,56707.97
1784263063,56707.97,56712.8,56665.07,56687.27
1784263963,56687.27,56726.22,56673.08,56720.29
1784264863,56720.29,56726.17,56607.95,56611.67
1784265763,56611.67,56666.96,56582.3,56644.23
1784266663,56644.23,56720.56,56620.85,56684.83
1784267563,56684.83,56689.33,56616.64,56635.57
1784268463,56635.57,56710.78,56546.8,56573.9
1784269363,56573.9,56695.59,56560.97,56673.43
1784270263,56673.43,56699.48,56588.8,56668.73
1784271163,56668.73,56682.58,56554.05,56626.75
1784272063,56626.75,56631.56,56552.09,56588.89
1784272963,56588.89,56614.82,56575.84,56608.72
1784273863,56608.72,56653.62,56558.05,56575.12
1784274763,56575.12,56600.59,56376.3,56396.79
1784275663,56396.79,56407.5,56291.73,56310.02
1784276563,56310.02,56390.69,56302.33,56340.62
1784277463,56340.62,56350.27,56309.34,56347.55
1784278363,56347.55,56472.61,56326.33,56471.37
1784279263,56471.37,56476.19,56356.12,56359.08
1784280163,56359.08,56515.39,56325.53,56476.55
1784281063,56476.55,56513.33,56423.13,56427.04
1784281963,56427.04,56430.25,56381.72,56382.05
1784282863,56382.05,56414.77,56347.97,56392.63
1784283763,56392.63,56421.25,56225.33,56239.05
1784284663,56239.05,56247.16,56214.26,56231.54
1784285563,56231.54,56248.73,56226.83,56231.64
1784286463,56231.64,56276.49,56122.14,56180.35
1784287363,56180.35,56190.78,56024.48,56058.41
1784288263,56058.41,56120.89,55889.22,55925.93
1784289163,55925.93,55963.46,55882.76,55934.85
1784290063,55934.85,55982.03,55913.14,55979.5
1784290963,55979.5,56132.25,55976.61,56125.5
1784291863,56125.5,56185.29,55905.33,55929.53
1784292763,55929.53,55971.89,55912.09,55912.09
1784293663,55912.09,55914.94,55865.64,55876.31
1784294563,55876.31,55906.93,55777.62,55801.16
1784295463,55801.16,55852.99,55677.82,55713.72
1784296363,55713.72,55729.99,55544.84,55570.66
1784297263,55570.66,55585.57,55321.89,55341.87
1784298163,55341.87,55473.29,55328.82,55444.63
1784299063,55444.63,55529.15,55393.0,55519.52
1784299963,55519.52,55578.76,55484.58,55531.47
1784300863,55531.47,55533.2,55296.47,55356.74
1784301763,55356.74,55433.52,55355.94,55424.25
1784302663,55424.25,55441.99,55396.22,55417.34
1784303563,55417.34,55548.17,55392.62,55522.68
1784304463,55522.68,55627.62,55493.48,55622.14
1784305363,55622.14,55690.06,55590.5,55661.87
1784306263,55661.87,55774.89,55640.44,55750.47
1784307163,55750.47,55770.11,55496.1,55503.47
1784308063,55503.47,55533.97,55494.43,55531.21
1784308963,55531.21,55668.35,55530.17,55630.66
1784309863,55630.66,55779.08,55627.17,55728.65
1784310763,55728.65,55941.11,55725.34,55903.29
1784311663,55903.29,56061.01,55842.99,56045.67
1784312563,56045.67,56064.84,55984.19,55988.35
1784313463,55988.35,56015.15,55799.85,55864.92
1784314363,55864.92,55912.19,55808.5,55821.31
1784315263,55821.31,55847.77,55812.05,55839.84
1784316163,55839.84,55903.54,55838.64,55857.78
1784317063,55857.78,55872.51,55780.12,55783.73
1784317963,55783.73,55802.03,55678.39,55717.17
1784318863,55717.17,55807.83,55708.56,55785.12
1784319763,55785.12,55819.97,55727.84,55733.2
1784320663,55733.2,55752.99,55580.17,55588.9
1784321563,55588.9,55721.57,55568.73,55683.56
1784322463,55683.56,55742.01,55591.36,55592.15
1784323363,55592.15,55683.61,55561.98,55630.13
1784324263,55630.13,55635.82,55522.84,55537.65
1784325163,55537.65,55740.4,55473.09,55702.97
1784326063,55702.97,55709.15,55472.99,55507.54
1784326963,55507.54,55617.22,55489.95,55573.1
1784327863,55573.1,55590.84,55506.42,55562.93
1784328763,55562.93,55577.47,55508.72,55534.64
1784329663,55534.64,55620.19,55472.33,55594.08
1784330563,55594.08,55594.34,55449.84,55469.67
1784331463,55469.67,55689.71,55458.06,55636.99
1784332363,55636.99,55694.99,55610.84,55685.16
1784333263,55685.16,55770.81,55678.14,55745.03
1784334163,55745.03,55754.99,55740.33,55753.17
1784335063,55753.17,55854.66,55746.54,55835.25
1784335963,55835.25,55875.89,55725.44,55756.21
1784336863,55756.21,55784.71,55688.5,55713.15
1784337763,55713.15,55787.8,55685.4,55757.05
1784338663,55757.05,55760.99,55624.56,55639.65
1784339563,55639.65,55685.41,55532.49,55578.37
1784340463,55578.37,55600.13,55540.4,55543.56
1784341363,55543.56,55675.17,55528.0,55646.04
1784342263,55646.04,55670.99,55534.23,55565.73
1784343163,55565.73,55627.4,55529.84,55595.87
1784344063,55595.87,55600.02,55527.21,55533.19
1784344963,55533.19,55560.63,55485.66,55540.27
1784345863,55540.27,55638.83,55477.19,55616.79
1784346763,55616.79,55688.68,55586.28,55685.49
1784347663,55685.49,55690.41,55629.49,55630.85
1784348563,55630.85,55684.62,55595.27,55673.77
1784349463,55673.77,55710.75,55655.47,55674.16
1784350363,55674.16,55754.64,55652.78,55731.54
1784351263,55731.54,55731.74,55589.3,55647.88
1784352163,55647.88,55658.4,55581.47,55582.6
1784353063,55582.6,55604.89,55528.72,55533.19
1784353963,55533.19,55658.4,55523.7,55634.24
1784354863,55634.24,55638.28,55436.51,55451.97
1784355763,55451.97,55479.03,55291.7,55306.49
1784356663,55306.49,55311.5,55164.7,55194.95
1784357563,55194.95,55208.39,55191.07,55197.01
1784358463,55197.01,55260.89,55190.44,55233.05
1784359363,55233.05,55329.41,55197.92,55310.68
1784360263,55310.68,55320.59,55242.72,55250.75
1784361163,55250.75,55252.86,55146.9,55149.55
1784362063,55149.55,55167.79,55052.75,55080.12
1784362963,55080.12,55191.45,55061.65,55173.45
1784363863,55173.45,55373.49,55173.36,55348.78
1784364763,55348.78,55411.43,55343.0,55375.6
1784365663,55375.6,55405.72,55331.93,55366.09
1784366563,55366.09,55374.62,55173.79,55232.91
1784367463,55232.91,55247.11,55176.73,55205.69
1784368363,55205.69,55227.74,54996.3,55047.43
1784369263,55047.43,55160.61,55013.51,55128.15
1784370163,55128.15,55163.89,55070.34,55098.82
1784371063,55098.82,55120.26,55095.85,55111.13
1784371963,55111.13,55183.2,54999.67,55058.53
1784372863,55058.53,55095.47,54911.25,54961.87
1784373763,54961.87,55091.43,54952.58,55060.1
1784374663,55060.1,55092.51,54922.11,54976.04
1784375563,54976.04,55111.34,54934.67,55075.09
1784376463,55075.09,55198.87,55074.33,55174.22
1784377363,55174.22,55334.47,55116.85,55288.45
1784378263,55288.45,55298.74,55151.86,55246.89
1784379163,55246.89,55266.28,55200.22,55212.85
1784380063,55212.85,55249.34,55158.65,55174.23
1784380963,55174.23,55321.49,55117.29,55286.13
1784381863,55286.13,55345.17,55179.85,55204.29
1784382763,55204.29,55242.98,55171.29,55230.51
1784383663,55230.51,55234.05,54987.58,55075.02
1784384563,55075.02,55237.91,55071.69,55202.32
1784385463,55202.32,55260.89,55132.45,55152.79
1784386363,55152.79,55326.69,55131.14,55295.6
1784387263,55295.6,55322.67,55230.16,55282.39
1784388163,55282.39,55308.53,55180.79,55181.85
1784389063,55181.85,55236.75,55181.11,55228.74
1784389963,55228.74,55273.9,55206.75,55259.1
1784390863,55259.1,55478.17,55254.68,55459.96
1784391763,55459.96,55471.0,55288.55,55307.12
1784392663,55307.12,55332.54,55285.84,55319.67
1784393563,55319.67,55327.52,55224.72,55290.13
1784394463,55290.13,55373.3,55239.49,55295.24
1784395363,55295.24,55469.74,55288.9,55446.3
1784396263,55446.3,55465.65,55398.82,55405.42
1784397163,55405.42,55559.91,55368.43,55531.41
1784398063,55531.41,55558.8,55421.13,55481.72
1784398963,55481.72,55602.61,55481.42,55559.52
1784399863,55559.52,55605.58,55517.71,55534.18
1784400763,55534.18,55718.19,55528.49,55685.65
1784401663,55685.65,55728.21,55658.39,55677.2
1784402563,55677.2,55729.42,55665.45,55716.96
1784403463,55716.96,55841.68,55672.89,55805.39
1784404363,55805.39,55816.35,55761.04,55798.05
1784405263,55798.05,55887.53,55762.79,55885.44
1784406163,55885.44,55892.29,55811.74,55815.2
1784407063,55815.2,55832.04,55718.42,55723.21
1784407963,55723.21,55810.37,55721.26,55770.96
1784408863,55770.96,55801.41,55770.03,55772.12
1784409763,55772.12,55844.18,55771.57,55812.69
1784410663,55812.69,55815.53,55558.66,55609.53
1784411563,55609.53,55694.53,55597.32,55635.56
1784412463,55635.56,55709.29,55610.81,55676.61
1784413363,55676.61,55733.72,55647.42,55708.4
1784414263,55708.4,55720.15,55618.01,55639.38
1784415163,55639.38,55641.02,55536.03,55559.49
1784416063,55559.49,55732.66,55550.67,55727.88
1784416963,55727.88,55791.06,55686.73,55760.12
1784417863,55760.12,55825.61,55711.46,55718.98
1784418763,55718.98,55851.3,55717.56,55844.45
1784419663,55844.45,55886.68,55837.81,55855.94
1784420563,55855.94,55860.03,55790.92,55830.82
1784421463,55830.82,55846.77,55765.18,55779.64
1784422363,55779.64,55858.26,55735.82,55858.13
1784423263,55858.13,55884.59,55815.8,55849.45
1784424163,55849.45,55909.52,55848.48,55861.1
1784425063,55861.1,55956.15,55848.72,55930.58
1784425963,55930.58,55974.0,55917.57,55946.97
1784426863,55946.97,55957.14,55917.27,55923.78
1784427763,55923.78,55925.72,55845.17,55896.42
1784428663,55896.42,55995.77,55889.61,55990.13
1784429563,55990.13,56087.29,55988.39,56077.66
1784430463,56077.66,56245.78,56038.39,56224.66
1784431363,56224.66,56308.47,56208.98,56263.14
1784432263,56263.14,56316.4,56127.57,56143.31
1784433163,56143.31,56198.08,56136.78,56180.39
1784434063,56180.39,56224.24,56169.16,56176.44
1784434963,56176.44,56194.98,55919.22,55938.96
1784435863,55938.96,56116.12,55902.35,56054.26
1784436763,56054.26,56057.86,56019.41,56056.69
1784437663,56056.69,56061.6,55931.07,55945.95
1784438563,55945.95,55948.1,55755.1,55795.9
1784439463,55795.9,55799.66,55680.84,55702.97
1784440363,55702.97,55836.42,55668.92,55812.26
1784441263,55812.26,55851.74,55689.44,55702.53
1784442163,55702.53,55827.92,55679.59,55799.78
1784443063,55799.78,55817.84,55722.63,55758.93
1784443963,55758.93,55779.46,55644.98,55651.0
1784444863,55651.0,55652.24,55513.01,55575.18
1784445763,55575.18,55585.46,55532.04,55546.88
1784446663,55546.88,55640.39,55515.8,55594.29
1784447563,55594.29,55615.9,55587.33,55603.63
1784448463,55603.63,55627.42,55485.25,55519.98
1784449363,55519.98,55729.58,55502.15,55678.71
1784450263,55678.71,55887.05,55651.31,55803.44
1784451163,55803.44,55813.9,55764.95,55783.57
1784452063,55783.57,55816.06,55760.05,55813.29
1784452963,55813.29,55815.03,55718.26,55729.66
1784453863,55729.66,55766.65,55660.44,55671.45
1784454763,55671.45,55679.51,55598.92,55606.22
1784455663,55606.22,55715.14,55587.62,55671.69
1784456563,55671.69,55683.04,55599.11,55611.27
1784457463,55611.27,55709.05,55607.16,55658.0
1784458363,55658.0,55683.32,55605.61,55610.17
1784459263,55610.17,55634.93,55488.75,55531.18
1784460163,55531.18,55555.34,55390.75,55434.92
1784461063,55434.92,55461.63,55419.71,55454.54
1784461963,55454.54,55474.61,55435.68,55455.81
1784462863,55455.81,55459.3,55302.84,55339.97
1784463763,55339.97,55354.41,55201.65,55240.44
1784464663,55240.44,55413.35,55197.25,55412.22
1784465563,55412.22,55442.28,55286.22,55313.37
1784466463,55313.37,55395.75,55269.74,55362.16
1784467363,55362.16,55381.24,55189.26,55232.36
1784468263,55232.36,55332.06,55208.33,55316.18
1784469163,55316.18,55319.09,55170.75,55189.37
1784470063,55189.37,55315.1,55169.87,55291.16
1784470963,55291.16,55354.08,55262.42,55299.15
1784471863,55299.15,55351.19,55289.14,55331.26
1784472763,55331.26,55360.46,55202.63,55235.34
1784473663,55235.34,55246.48,55148.86,55153.62
1784474563,55153.62,55203.74,55134.22,55187.46
1784475463,55187.46,55206.97,55148.63,55151.68
1784476363,55151.68,55159.55,55084.94,55112.98
1784477263,55112.98,55191.44,55014.7,55086.32
1784478163,55086.32,55088.71,54960.02,54989.47
1784479063,54989.47,55022.57,54906.47,54909.67
1784479963,54909.67,54971.74,54875.25,54906.73
1784480863,54906.73,55016.58,54864.83,54971.51
1784481763,54971.51,55028.59,54944.22,55010.34
1784482663,55010.34,55135.89,54987.26,55115.35
1784483563,55115.35,55158.56,55107.01,55152.27
1784484463,55152.27,55208.9,55066.81,55074.0
1784485363,55074.0,55147.03,55045.0,55102.64
1784486263,55102.64,55139.65,55070.33,55134.69
1784487163,55134.69,55168.84,55116.95,55117.55
1784488063,55117.55,55128.99,55047.52,55061.28
1784488963,55061.28,55121.04,54964.91,54993.2
1784489863,54993.2,55030.2,54880.87,54887.11
1784490763,54887.11,54909.7,54690.8,54766.44
1784491663,54766.44,54776.31,54758.35,54761.4
1784492563,54761.4,54836.98,54761.28,54824.64
1784493463,54824.64,54906.62,54801.76,54904.22
1784494363,54904.22,54978.99,54872.86,54967.56
1784495263,54967.56,54988.46,54858.76,54867.28
1784496163,54867.28,54888.89,54659.91,54685.12
1784497063,54685.12,54715.96,54663.74,54700.59
1784497963,54700.59,54716.62,54580.64,54629.08
1784498863,54629.08,54656.33,54581.72,54584.51
1784499763,54584.51,54599.93,54536.2,54599.23
1784500663,54599.23,54610.72,54586.05,54600.69
1784501563,54600.69,54642.48,54415.0,54435.89
1784502463,54435.89,54559.61,54396.69,54528.2
1784503363,54528.2,54558.2,54358.69,54407.4
1784504263,54407.4,54484.4,54369.85,54476.16
1784505163,54476.16,54486.93,54281.96,54337.91
1784506063,54337.91,54393.37,54320.1,54391.76
1784506963,54391.76,54392.1,54344.29,54344.39
1784507863,54344.39,54346.53,54209.0,54246.5
1784508763,54246.5,54258.47,54116.92,54133.16
1784509663,54133.16,54286.98,54113.07,54265.36
1784510563,54265.36,54330.77,54260.32,54317.07
1784511463,54317.07,54390.35,54287.62,54363.66
1784512363,54363.66,54449.87,54306.5,54439.06
1784513263,54439.06,54445.82,54355.48,54369.54
1784514163,54369.54,54439.62,54355.3,54383.99
1784515063,54383.99,54418.9,54276.95,54306.78
1784515963,54306.78,54348.31,54268.24,54336.51
1784516863,54336.51,54422.4,54268.73,54418.28
1784517763,54418.28,54462.65,54412.11,54455.45
1784518663,54455.45,54465.47,54320.1,54348.06
1784519563,54348.06,54383.33,54158.76,54207.04
1784520463,54207.04,54207.45,54174.8,54191.66
1784521363,54191.66,54238.73,54105.36,54110.43
1784522263,54110.43,54121.82,53976.54,54012.05
1784523163,54012.05,54012.84,53986.07,54007.02
1784524063,54007.02,54031.89,53930.64,53959.98
1784524963,53959.98,53998.89,53852.15,53944.53
1784525863,53944.53,53952.03,53815.79,53886.7
1784526763,53886.7,53892.69,53823.44,53884.06
1784527663,53884.06,53995.04,53824.24,53981.84
1784528563,53981.84,54047.22,53926.84,54044.68
1784529463,54044.68,54059.79,53909.51,53981.54
1784530363,53981.54,54184.58,53938.27,54152.29
1784531263,54152.29,54203.04,54126.78,54170.86
1784532163,54170.86,54290.73,54160.15,54266.25
1784533063,54266.25,54282.43,54120.18,54143.83
1784533963,54143.83,54207.47,54116.07,54130.59
1784534863,54130.59,54180.85,54117.85,54158.04
1784535763,54158.04,54201.74,54062.54,54098.29
1784536663,54098.29,54192.57,54077.51,54139.89
1784537563,54139.89,54163.26,54059.48,54072.3
1784538463,54072.3,54090.79,53936.79,53963.84
1784539363,53963.84,54093.56,53949.96,54090.61
1784540263,54090.61,54175.84,54082.96,54158.77
1784541163,54158.77,54405.17,54147.84,54386.89
1784542063,54386.89,54536.02,54373.77,54497.9
1784542963,54497.9,54519.21,54451.23,54512.45
1784543863,54512.45,54539.29,54411.23,54435.07
1784544763,54435.07,54453.26,54431.61,54444.5
1784545663,54444.5,54455.08,54373.72,54382.32
1784546563,54382.32,54413.42,54321.52,54366.01
1784547463,54366.01,54404.81,54363.25,54399.4
1784548363,54399.4,54428.73,54269.74,54288.93
1784549263,54288.93,54294.17,54228.54,54256.43
1784550163,54256.43,54330.57,54136.05,54172.45
1784551063,54172.45,54292.55,54162.66,54247.74
1784551963,54247.74,54288.97,54201.39,54241.92
1784552863,54241.92,54262.18,54098.58,54134.26
1784553763,54134.26,54196.98,54009.54,54018.52
1784554663,54018.52,54074.96,53962.67,54052.59
1784555563,54052.59,54178.37,54031.22,54135.35
1784556463,54135.35,54229.72,54118.49,54210.34
1784557363,54210.34,54233.77,54198.99,54219.92
1784558263,54219.92,54388.28,54182.36,54387.5
1784559163,54387.5,54455.8,54378.33,54407.4
1784560063,54407.4,54434.96,54341.46,54404.64
1784560963,54404.64,54689.66,54401.58,54647.86
1784561863,54647.86,54653.91,54483.2,54522.72
1784562763,54522.72,54528.32,54438.54,54456.39
1784563663,54456.39,54477.34,54444.71,54477.27
1784564563,54477.27,54537.76,54456.49,54489.32
1784565463,54489.32,54522.5,54467.25,54512.58
1784566363,54512.58,54643.7,54492.12,54596.25
1784567263,54596.25,54634.2,54530.89,54553.4
1784568163,54553.4,54560.07,54410.72,54486.46
1784569063,54486.46,54511.99,54371.19,54404.18
1784569963,54404.18,54421.45,54262.98,54270.82
1784570863,54270.82,54301.6,54196.23,54200.37
1784571763,54200.37,54238.12,54158.45,54203.05
1784572663,54203.05,54233.19,54191.51,54209.93
1784573563,54209.93,54251.22,54126.86,54180.03
1784574463,54180.03,54184.38,54020.27,54045.41
1784575363,54045.41,54085.06,54002.95,54069.49
1784576263,54069.49,54078.11,53989.28,54025.99
1784577163,54025.99,54027.26,53914.02,53937.47
1784578063,53937.47,53959.14,53913.22,53916.31
1784578963,53916.31,53919.03,53881.88,53882.27
1784579863,53882.27,53996.0,53866.06,53966.18
1784580763,53966.18,54037.64,53952.62,54035.36
1784581663,54035.36,54206.23,54001.9,54193.24
1784582563,54193.24,54262.67,54164.86,54260.38
1784583463,54260.38,54320.76,54073.5,54112.17
1784584363,54112.17,54273.22,54111.24,54268.28
1784585263,54268.28,54314.97,54266.65,54273.86
1784586163,54273.86,54407.02,54240.65,54362.95
1784587063,54362.95,54563.49,54358.46,54495.42
1784587963,54495.42,54559.1,54478.65,54558.98
1784588863,54558.98,54597.8,54541.49,54551.66
1784589763,54551.66,54580.01,54449.22,54463.92
1784590663,54463.92,54515.36,54444.04,54509.04
1784591563,54509.04,54512.21,54503.25,54511.2
1784592463,54511.2,54522.35,54438.13,54456.86
1784593363,54456.86,54458.53,54319.97,54328.84
1784594263,54328.84,54470.76,54298.57,54438.22
1784595163,54438.22,54643.82,54422.88,54586.57
1784596063,54586.57,54595.84,54474.14,54492.93
1784596963,54492.93,54662.62,54486.2,54613.23
1784597863,54613.23,54641.12,54470.65,54470.69
1784598763,54470.69,54515.76,54431.33,54453.32
1784599663,54453.32,54474.03,54368.05,54401.48
1784600563,54401.48,54402.68,54391.93,54397.76
1784601463,54397.76,54477.34,54367.53,54466.97
1784602363,54466.97,54599.94,54442.17,54556.1
1784603263,54556.1,54682.27,54462.2,54665.2
1784604163,54665.2,54669.43,54616.3,54620.62
1784605063,54620.62,54676.54,54573.63,54666.47
1784605963,54666.47,54811.37,54577.08,54809.83
1784606863,54809.83,54849.35,54756.16,54824.58
1784607763,54824.58,54938.38,54754.53,54922.45
1784608663,54922.45,54926.4,54816.84,54850.62
1784609563,54850.62,54980.46,54847.99,54935.52
1784610463,54935.52,54991.34,54932.76,54957.65
1784611363,54957.65,55074.86,54937.68,55043.43
1784612263,55043.43,55063.87,55014.6,55063.49
1784613163,55063.49,55081.19,54833.97,54864.88
1784614063,54864.88,54874.66,54761.44,54762.29
1784614963,54762.29,54769.97,54715.44,54730.72
1784615863,54730.72,54763.22,54708.39,54742.36
1784616763,54742.36,54750.83,54624.35,54649.83
1784617663,54649.83,54676.22,54606.35,54620.91
1784618563,54620.91,54737.11,54592.17,54729.32
1784619463,54729.32,54779.56,54714.79,54754.28
1784620363,54754.28,54866.93,54706.8,54814.12
1784621263,54814.12,54901.97,54799.57,54871.22
1784622163,54871.22,54877.1,54803.14,54833.28
1784623063,54833.28,54857.0,54791.02,54830.74
1784623963,54830.74,54842.14,54791.71,54819.1
1784624863,54819.1,54835.9,54778.89,54825.96
1784625763,54825.96,54889.19,54822.77,54880.73
1784626663,54880.73,54919.38,54861.06,54866.98
1784627563,54866.98,54889.22,54799.64,54815.55
1784628463,54815.55,54899.03,54803.89,54892.23
1784629363,54892.23,54899.9,54808.01,54848.82
1784630263,54848.82,54896.6,54734.7,54889.37
1784631163,54889.37,54907.82,54698.69,54716.51
1784632063,54716.51,54786.78,54700.36,54754.0
1784632963,54754.0,54762.1,54611.89,54618.24
1784633863,54618.24,54627.48,54543.33,54572.41
1784634763,54572.41,54615.54,54507.99,54578.5
1784635663,54578.5,54650.96,54575.29,54584.72
1784636563,54584.72,54640.23,54564.5,54604.14
1784637463,54604.14,54663.16,54586.03,54653.9
1784638363,54653.9,54773.17,54624.27,54739.32
1784639263,54739.32,54833.03,54680.31,54792.56
1784640163,54792.56,54794.77,54697.71,54733.93
1784641063,54733.93,54738.97,54662.36,54718.98
1784641963,54718.98,54802.13,54718.67,54788.4
1784642863,54788.4,54798.92,54702.33,54747.58
1784643763,54747.58,54799.11,54707.28,54715.66
1784644663,54715.66,54719.43,54649.15,54698.92
1784645563,54698.92,54711.81,54494.89,54515.88
1784646463,54515.88,54552.06,54504.7,54528.64
1784647363,54528.64,54539.25,54384.52,54441.01
1784648263,54441.01,54566.65,54433.14,54513.96
1784649163,54513.96,54545.1,54422.09,54422.92
1784650063,54422.92,54553.96,54411.09,54514.5
1784650963,54514.5,54705.82,54502.87,54703.22
1784651863,54703.22,54731.67,54691.16,54726.95
1784652763,54726.95,54823.77,54705.65,54817.29
1784653663,54817.29,54932.73,54785.87,54847.61
1784654563,54847.61,54875.76,54800.69,54808.19
1784655463,54808.19,54831.01,54783.66,54794.97
1784656363,54794.97,54822.79,54787.22,54822.33
1784657263,54822.33,54934.25,54789.39,54880.19
1784658163,54880.19,54934.16,54852.7,54895.5
1784659063,54895.5,54915.71,54819.65,54875.14
1784659963,54875.14,55048.13,54839.1,55019.52
1784660863,55019.52,55022.91,54973.24,55015.98
1784661763,55015.98,55067.94,55008.76,55058.85
1784662663,55058.85,55064.54,54972.81,54973.0
1784663563,54973.0,54990.5,54846.44,54904.3
1784664463,54904.3,54905.29,54822.14,54834.8
1784665363,54834.8,54857.83,54812.58,54825.12
1784666263,54825.12,54837.97,54813.53,54831.83
1784667163,54831.83,55007.08,54813.43,54986.57
1784668063,54986.57,55032.3,54956.29,55018.71
1784668963,55018.71,55084.15,55017.01,55080.32
1784669863,55080.32,55091.57,54982.19,55060.19
1784670763,55060.19,55132.35,55030.59,55117.13
1784671663,55117.13,55133.05,55080.13,55089.73
1784672563,55089.73,55153.19,55076.18,55140.87
1784673463,55140.87,55221.32,55101.5,55180.29
1784674363,55180.29,55251.89,55175.07,55233.93
1784675263,55233.93,55337.85,55179.86,55302.65
1784676163,55302.65,55315.5,55223.01,55245.54
1784677063,55245.54,55434.48,55238.46,55404.27
1784677963,55404.27,55554.06,55381.09,55513.35
1784678863,55513.35,55529.48,55497.09,55522.06
1784679763,55522.06,55539.78,55521.59,55531.63
1784680663,55531.63,55560.17,55515.31,55528.28
1784681563,55528.28,55558.63,55419.9,55430.05
1784682463,55430.05,55476.75,55405.34,55459.78
1784683363,55459.78,55469.96,55231.38,55306.99
1784684263,55306.99,55318.12,55265.88,55281.68
1784685163,55281.68,55366.14,55221.84,55311.39
1784686063,55311.39,55474.33,55285.44,55461.5
1784686963,55461.5,55477.92,55410.28,55425.6
1784687863,55425.6,55500.21,55382.34,55480.51
1784688763,55480.51,55549.66,55463.12,55538.94
1784689663,55538.94,55545.06,55512.19,55528.23
1784690563,55528.23,55607.31,55475.71,55561.04
1784691463,55561.04,55685.64,55512.95,55637.25
1784692363,55637.25,55826.51,55635.4,55813.36
1784693263,55813.36,55876.01,55792.19,55853.24
1784694163,55853.24,55864.75,55772.98,55791.78
1784695063,55791.78,55943.81,55778.77,55927.34
1784695963,55927.34,56176.2,55919.56,56148.84
1784696863,56148.84,56169.74,56117.75,56138.96
1784697763,56138.96,56227.38,56137.68,56180.68
1784698663,56180.68,56287.2,56167.39,56280.62
1784699563,56280.62,56327.39,56260.84,56307.05
1784700463,56307.05,56378.85,56264.0,56364.65
1784701363,56364.65,56367.87,56322.21,56350.51
1784702263,56350.51,56498.1,56346.92,56486.71
1784703163,56486.71,56605.88,56421.97,56547.44
1784704063,56547.44,56619.3,56537.38,56598.28
1784704963,56598.28,56626.62,56463.24,56472.32
1784705863,56472.32,56515.33,56434.15,56467.2
1784706763,56467.2,56506.57,56400.82,56501.23
1784707663,56501.23,56558.96,56472.13,56556.19
1784708563,56556.19,56580.73,56523.05,56557.26
1784709463,56557.26,56569.28,56448.75,56453.2
1784710363,56453.2,56509.87,56420.61,56461.15
1784711263,56461.15,56470.82,56446.27,56463.17
1784712163,56463.17,56502.37,56451.17,56455.35
1784713063,56455.35,56579.67,56414.05,56532.88
1784713963,56532.88,56567.94,56509.84,56560.07
1784714863,56560.07,56642.93,56551.01,56626.25
1784715763,56626.25,56687.5,56598.82,56664.04
1784716663,56664.04,56928.16,56659.35,56897.24
1784717563,56897.24,56918.35,56747.41,56778.14
1784718463,56778.14,56820.78,56752.46,56773.47
1784719363,56773.47,56777.35,56656.39,56673.97
1784720263,56673.97,56680.12,56633.15,56678.16
1784721163,56678.16,56690.34,56517.06,56518.67
1784722063,56518.67,56579.14,56513.04,56575.12
1784722963,56575.12,56581.36,56475.34,56503.83
1784723863,56503.83,56525.8,56476.14,56486.68
1784724763,56486.68,56498.82,56313.51,56361.68
1784725663,56361.68,56535.67,56296.71,56492.44
1784726563,56492.44,56498.14,56408.9,56418.25
1784727463,56418.25,56456.11,56341.61,56387.82
1784728363,56387.82,56555.7,56385.49,56546.41
1784729263,56546.41,56592.59,56380.58,56428.0
1784730163,56428.0,56447.9,56384.72,56412.08
1784731063,56412.08,56500.23,56398.04,56495.07
1784731963,56495.07,56510.65,56468.52,56473.68
1784732863,56473.68,56504.63,56409.38,56471.5
1784733763,56471.5,56610.63,56446.77,56580.82
1784734663,56580.82,56647.27,56546.68,56638.74
1784735563,56638.74,56675.43,56607.03,56672.61
1784736463,56672.61,56680.93,56649.76,56665.84
1784737363,56665.84,56679.45,56589.01,56594.43
1784738263,56594.43,56684.72,56580.3,56673.19
1784739163,56673.19,56772.75,56616.9,56739.16
1784740063,56739.16,56815.88,56720.44,56773.88
1784740963,56773.88,56914.28,56767.94,56895.94
1784741863,56895.94,56909.96,56873.48,56903.35
1784742763,56903.35,56929.5,56860.19,56872.35
1784743663,56872.35,56884.52,56855.42,56856.82
1784744563,56856.82,57098.6,56838.49,57077.56
1784745463,57077.56,57089.21,56949.94,56980.69
1784746363,56980.69,56996.32,56938.39,56951.92
1784747263,56951.92,57068.35,56904.16,57027.96
1784748163,57027.96,57094.0,56899.68,56910.69
1784749063,56910.69,57000.76,56890.15,56927.08
1784749963,56927.08,57065.28,56860.43,57017.95
1784750863,57017.95,57023.75,56962.82,56982.75
1784751763,56982.75,57005.73,56845.07,56853.75
1784752663,56853.75,56884.04,56807.44,56839.5
1784753563,56839.5,56841.83,56769.05,56807.15
1784754463,56807.15,56821.56,56746.38,56777.12
1784755363,56777.12,56786.26,56711.84,56716.74
1784756263,56716.74,56756.06,56596.07,56667.79
1784757163,56667.79,56668.98,56579.88,56666.27
1784758063,56666.27,56777.79,56647.36,56769.15
1784758963,56769.15,56882.96,56765.28,56843.62
1784759863,56843.62,56939.43,56831.4,56915.43
1784760763,56915.43,56961.1,56892.96,56945.96
1784761663,56945.96,56995.94,56887.62,56976.15
1784762563,56976.15,56988.02,56923.49,56947.77
1784763463,56947.77,57000.27,56893.79,56998.92
1784764363,56998.92,57028.66,56918.2,56926.14
1784765263,56926.14,56959.1,56924.93,56946.07
1784766163,56946.07,56974.32,56860.35,56905.35
1784767063,56905.35,56914.83,56745.44,56768.67
1784767963,56768.67,56932.31,56720.67,56913.55
1784768863,56913.55,57067.9,56910.77,57028.36
1784769763,57028.36,57059.47,57019.74,57040.2
1784770663,57040.2,57163.12,57038.65,57158.92
1784771563,57158.92,57218.99,57144.97,57185.02
1784772463,57185.02,57320.7,57163.24,57314.99
1784773363,57314.99,57328.55,57237.51,57247.12
1784774263,57247.12,57257.33,57225.9,57236.07
1784775163,57236.07,57240.84,57204.81,57205.34
1784776063,57205.34,57206.24,57129.07,57168.39
1784776963,57168.39,57221.35,57164.99,57196.58
1784777863,57196.58,57268.25,57174.32,57254.68
1784778763,57254.68,57278.19,57197.01,57229.52
1784779663,57229.52,57270.3,57216.45,57269.2
1784780563,57269.2,57368.31,57236.91,57358.16
1784781463,57358.16,57366.42,57259.29,57293.54
1784782363,57293.54,57408.65,57256.6,57375.55
1784783263,57375.55,57400.72,57278.83,57310.37
1784784163,57310.37,57327.79,57238.04,57242.29
1784785063,57242.29,57276.49,57141.65,57148.63
1784785963,57148.63,57289.38,57073.01,57274.19
1784786863,57274.19,57373.15,57230.75,57361.95
1784787763,57361.95,57402.0,57352.84,57393.94
1784788663,57393.94,57401.4,57339.55,57382.48
1784789563,57382.48,57489.39,57307.8,57456.08
1784790463,57456.08,57522.74,57445.89,57511.89
1784791363,57511.89,57544.33,57444.51,57448.83
1784792263,57448.83,57455.63,57269.32,57292.4
1784793163,57292.4,57406.99,57291.1,57377.46
1784794063,57377.46,57389.42,57344.63,57366.01
1784794963,57366.01,57415.88,57280.45,57302.92
1784795863,57302.92,57331.38,57225.57,57229.18
1784796763,57229.18,57239.08,57211.72,57230.96
1784797663,57230.96,57290.96,57185.73,57241.2
1784798563,57241.2,57292.65,57219.02,57287.69
1784799463,57287.69,57347.42,57200.24,57341.52
1784800363,57341.52,57464.97,57330.43,57460.8
1784801263,57460.8,57498.03,57382.23,57393.81
1784802163,57393.81,57393.85,57235.88,57252.54
1784803063,57252.54,57289.92,57219.18,57279.79
1784803963,57279.79,57296.15,57270.81,57279.12
1784804863,57279.12,57286.89,57160.63,57221.29
1784805763,57221.29,57221.33,57132.43,57181.19
1784806663,57181.19,57203.71,57088.76,57156.52
1784807563,57156.52,57164.94,57085.1,57115.14
1784808463,57115.14,57176.03,57045.41,57056.31
1784809363,57056.31,57080.95,57037.08,57054.45
1784810263,57054.45,57062.92,56931.7,56949.67
1784811163,56949.67,56986.25,56945.23,56982.44
1784812063,56982.44,56994.63,56853.55,56871.64
1784812963,56871.64,56880.35,56827.95,56830.71
1784813863,56830.71,56873.22,56746.98,56795.27
1784814763,56795.27,56840.11,56775.81,56816.56
1784815663,56816.56,56828.14,56807.39,56825.72
1784816563,56825.72,56857.27,56756.38,56821.13
1784817463,56821.13,56918.73,56784.83,56897.19
1784818363,56897.19,56908.81,56783.93,56805.37
1784819263,56805.37,56960.12,56790.7,56942.68
1784820163,56942.68,57037.69,56932.98,57032.4
1784821063,57032.4,57110.77,56962.99,57066.51
1784821963,57066.51,57126.82,57060.63,57106.64
1784822863,57106.64,57214.16,57072.56,57161.04
1784823763,57161.04,57223.08,57127.46,57209.67
1784824663,57209.67,57335.79,57206.38,57274.45
1784825563,57274.45,57289.34,57120.8,57168.06
1784826463,57168.06,57242.02,57166.63,57240.84
1784827363,57240.84,57270.18,57213.73,57235.59
1784828263,57235.59,57259.69,57221.51,57230.91
1784829163,57230.91,57259.14,57200.77,57252.16
1784830063,57252.16,57275.56,57124.85,57139.7
1784830963,57139.7,57301.25,57109.58,57255.63
1784831863,57255.63,57293.43,57249.67,57272.47
1784832763,57272.47,57286.04,57146.29,57157.8
1784833663,57157.8,57161.47,56999.01,57034.81
1784834563,57034.81,57076.83,56949.7,56998.12
1784835463,56998.12,57014.29,56956.42,56970.44
1784836363,56970.44,56988.62,56874.81,56878.78
1784837263,56878.78,56940.23,56842.27,56907.27
1784838163,56907.27,56971.62,56881.4,56970.7
1784839063,56970.7,57065.88,56940.46,57048.38
1784839963,57048.38,57068.12,57008.75,57037.62
1784840863,57037.62,57040.57,56990.9,57026.5
1784841763,57026.5,57190.32,56992.57,57175.82
1784842663,57175.82,57253.2,57136.6,57241.44
1784843563,57241.44,57293.91,57222.98,57261.58
1784844463,57261.58,57337.55,57259.86,57305.73
1784845363,57305.73,57423.11,57263.07,57415.36
1784846263,57415.36,57452.78,57352.94,57361.37
1784847163,57361.37,57529.75,57347.77,57494.01
1784848063,57494.01,57670.9,57480.8,57607.86
1784848963,57607.86,57700.62,57604.09,57687.65
1784849863,57687.65,57700.14,57602.81,57621.53
1784850763,57621.53,57627.55,57548.65,57588.26
1784851663,57588.26,57610.45,57562.29,57580.45
1784852563,57580.45,57619.78,57554.15,57570.1
1784853463,57570.1,57631.14,57562.03,57602.6
1784854363,57602.6,57659.86,57550.36,57576.51
1784855263,57576.51,57690.4,57525.22,57644.81
1784856163,57644.81,57870.5,57617.68,57858.24
1784857063,57858.24,57861.79,57804.29,57830.6
1784857963,57830.6,57842.87,57791.36,57794.3
1784858863,57794.3,57805.84,57748.38,57785.09
1784859763,57785.09,57945.68,57784.96,57920.61
1784860663,57920.61,58156.13,57915.19,58102.96
1784861563,58102.96,58149.68,58067.23,58086.35
1784862463,58086.35,58183.54,58076.85,58156.26
1784863363,58156.26,58244.86,58105.46,58223.19
1784864263,58223.19,58245.71,58003.94,58014.16
1784865163,58014.16,58076.33,57990.12,58027.9
1784866063,58027.9,58111.98,58021.23,58088.0
1784866963,58088.0,58131.66,58059.03,58084.47
1784867863,58084.47,58112.45,57990.24,57995.71
1784868763,57995.71,58023.86,57957.48,58021.5
1784869663,58021.5,58045.04,57999.85,58037.68
1784870563,58037.68,58135.34,58023.72,58107.71
1784871463,58107.71,58120.72,57968.02,57998.02
1784872363,57998.02,58018.4,57967.07,57976.43
1784873263,57976.43,58028.57,57960.95,57979.25
1784874163,57979.25,58030.39,57876.68,57907.19
1784875063,57907.19,57928.21,57865.1,57899.27
1784875963,57899.27,57946.28,57898.34,57909.7
1784876863,57909.7,57927.32,57792.46,57797.0
1784877763,57797.0,57870.01,57785.32,57868.81
1784878663,57868.81,58061.74,57822.55,58050.08
1784879563,58050.08,58074.19,58030.35,58039.93
1784880463,58039.93,58208.88,58024.61,58163.29
1784881363,58163.29,58275.0,58162.75,58266.72
1784882263,58266.72,58327.02,58238.82,58309.73
1784883163,58309.73,58331.92,58280.94,58311.76
1784884063,58311.76,58355.05,58275.87,58349.25
1784884963,58349.25,58400.81,58313.52,58361.71
1784885863,58361.71,58381.47,58248.78,58276.0
1784886763,58276.0,58312.97,58274.45,58311.05
1784887663,58311.05,58371.44,58306.44,58323.76
1784888563,58323.76,58375.2,58303.19,58369.68
1784889463,58369.68,58526.69,58368.56,58435.71
1784890363,58435.71,58440.9,58393.42,58415.87
1784891263,58415.87,58438.63,58325.83,58355.28
1784892163,58355.28,58403.82,58288.96,58291.89
1784893063,58291.89,58345.76,58194.74,58225.58
1784893963,58225.58,58258.47,58192.55,58233.44
1784894863,58233.44,58270.66,58049.48,58084.59
1784895763,58084.59,58091.87,58049.57,58086.41
1784896663,58086.41,58100.81,58034.08,58047.83
1784897563,58047.83,58074.04,58030.76,58068.01
1784898463,58068.01,58073.22,57985.56,57992.76
1784899363,57992.76,58126.16,57976.1,58065.72
1784900263,58065.72,58084.36,57971.52,57994.01
1784901163,57994.01,58082.69,57991.23,58062.16
1784902063,58062.16,58089.74,57996.98,58080.47
1784902963,58080.47,58142.04,58079.04,58092.24
1784903863,58092.24,58165.82,58033.63,58165.27
1784904763,58165.27,58260.56,58163.28,58226.37
1784905663,58226.37,58232.52,58091.84,58115.45
1784906563,58115.45,58144.46,58088.25,58097.84
1784907463,58097.84,58170.58,58047.19,58121.7
1784908363,58121.7,58189.51,58011.94,58056.17
1784909263,58056.17,58066.08,57995.17,58042.5
1784910163,58042.5,58262.18,58031.32,58233.68
1784911063,58233.68,58266.73,58226.12,58249.78
1784911963,58249.78,58362.26,58222.13,58324.62
1784912863,58324.62,58359.72,58312.93,58352.86
1784913763,58352.86,58528.11,58319.28,58484.2
1784914663,58484.2,58690.38,58471.49,58629.84
1784915563,58629.84,58699.38,58607.22,58693.26
1784916463,58693.26,58739.44,58674.35,58710.6
1784917363,58710.6,58841.85,58704.95,58839.22
1784918263,58839.22,58951.73,58786.62,58894.68
1784919163,58894.68,58912.01,58808.93,58852.45
1784920063,58852.45,58966.08,58845.55,58954.35
1784920963,58954.35,58988.98,58897.83,58972.26
1784921863,58972.26,59017.36,58903.56,58953.89
1784922763,58953.89,58961.99,58941.25,58942.15
1784923663,58942.15,59058.0,58912.5,59031.11
1784924563,59031.11,59276.12,59017.11,59242.21
1784925463,59242.21,59256.34,59230.24,59239.82
1784926363,59239.82,59291.51,59130.64,59164.44
1784927263,59164.44,59268.82,59152.72,59238.1
1784928163,59238.1,59240.06,59162.1,59203.07
1784929063,59203.07,59309.68,59193.54,59281.71
1784929963,59281.71,59292.44,59215.98,59219.94
1784930863,59219.94,59338.69,59210.92,59293.28
1784931763,59293.28,59472.44,59242.61,59447.21
1784932663,59447.21,59472.31,59332.89,59362.73
1784933563,59362.73,59379.05,59293.98,59318.79
1784934463,59318.79,59439.46,59248.24,59399.07
1784935363,59399.07,59456.88,59383.92,59416.72
1784936263,59416.72,59495.8,59363.34,59485.77
1784937163,59485.77,59496.74,59317.07,59321.25
1784938063,59321.25,59334.34,59299.36,59305.1
1784938963,59305.1,59308.11,59206.94,59241.4
1784939863,59241.4,59244.48,59135.35,59163.66
1784940763,59163.66,59210.43,59141.44,59170.02
1784941663,59170.02,59197.59,59147.22,59182.56
1784942563,59182.56,59210.11,59143.31,59163.72
1784943463,59163.72,59171.73,59032.8,59059.14
1784944363,59059.14,59152.81,59033.69,59071.79
1784945263,59071.79,59085.88,59050.38,59078.97
1784946163,59078.97,59111.65,58975.32,59034.79
1784947063,59034.79,59044.75,58901.34,58926.0
1784947963,58926.0,58945.76,58701.04,58766.54
1784948863,58766.54,58771.71,58663.97,58689.93
1784949763,58689.93,58692.68,58632.22,58647.21
1784950663,58647.21,58673.66,58606.71,58611.32
1784951563,58611.32,58742.99,58595.43,58711.09
1784952463,58711.09,58792.44,58685.96,58790.59
1784953363,58790.59,58821.82,58716.52,58720.68
1784954263,58720.68,58725.49,58676.25,58690.93
1784955163,58690.93,58700.28,58654.49,58679.32
1784956063,58679.32,58815.61,58649.89,58804.16
1784956963,58804.16,58824.59,58678.51,58727.41
1784957863,58727.41,58751.62,58691.38,58723.18
1784958763,58723.18,58761.6,58704.96,58746.07
1784959663,58746.07,58780.02,58723.46,58732.51
1784960563,58732.51,58764.2,58703.74,58747.41
1784961463,58747.41,58777.96,58685.91,58687.63
1784962363,58687.63,58719.48,58675.73,58714.1
1784963263,58714.1,58741.09,58604.28,58631.02
1784964163,58631.02,58663.73,58596.82,58598.32
1784965063,58598.32,58682.0,58582.37,58648.56
1784965963,58648.56,58711.43,58571.92,58609.69
1784966863,58609.69,58619.1,58547.44,58579.09
1784967763,58579.09,58601.53,58491.41,58520.99
1784968663,58520.99,58521.1,58513.31,58518.67
1784969563,58518.67,58549.52,58420.37,58444.7
1784970463,58444.7,58463.16,58404.87,58418.57
1784971363,58418.57,58448.45,58309.38,58312.18
1784972263,58312.18,58474.96,58199.45,58456.8
1784973163,58456.8,58507.87,58309.05,58316.11
1784974063,58316.11,58391.37,58310.92,58337.28
1784974963,58337.28,58388.99,58299.25,58304.98
1784975863,58304.98,58391.63,58264.54,58379.16
1784976763,58379.16,58456.72,58320.91,58451.15
1784977663,58451.15,58467.31,58379.77,58382.14
1784978563,58382.14,58458.07,58374.4,58439.12
1784979463,58439.12,58443.87,58365.56,58380.96
1784980363,58380.96,58385.79,58349.17,58364.24
1784981263,58364.24,58402.26,58314.03,58320.24
1784982163,58320.24,58329.69,58290.09,58329.15
1784983063,58329.15,58375.05,58321.73,58352.54
1784983963,58352.54,58365.77,58324.82,58354.22
1784984863,58354.22,58428.53,58330.2,58330.43
1784985763,58330.43,58417.11,58319.93,58392.05
1784986663,58392.05,58431.37,58374.15,58422.67
1784987563,58422.67,58469.38,58398.18,58433.32
1784988463,58433.32,58543.04,58406.07,58504.98
1784989363,58504.98,58558.43,58381.01,58421.54
1784990263,58421.54,58430.63,58377.11,58427.15
1784991163,58427.15,58447.86,58422.16,58444.83
1784992063,58444.83,58476.35,58402.91,58446.76
1784992963,58446.76,58490.62,58428.07,58465.1
1784993863,58465.1,58469.26,58408.79,58445.3
1784994763,58445.3,58459.13,58383.95,58397.52
1784995663,58397.52,58438.5,58395.74,58413.0
1784996563,58413.0,58423.4,58326.7,58400.13
1784997463,58400.13,58521.27,58378.78,58502.56
1784998363,58502.56,58616.53,58486.73,58610.85
1784999263,58610.85,58625.33,58512.59,58537.22
1785000163,58537.22,58552.17,58412.23,58441.37
1785001063,58441.37,58651.27,58388.6,58614.15
1785001963,58614.15,58621.34,58527.0,58547.25
1785002863,58547.25,58616.23,58533.18,58588.0
1785003763,58588.0,58595.5,58519.07,58530.06
1785004663,58530.06,58583.27,58441.21,58514.17
1785005563,58514.17,58632.7,58483.73,58580.45
1785006463,58580.45,58651.11,58498.19,58541.17
1785007363,58541.17,58585.36,58412.59,58439.12
1785008263,58439.12,58527.49,58420.04,58517.33
1785009163,58517.33,58550.04,58515.0,58539.47
1785010063,58539.47,58589.41,58421.04,58443.49
1785010963,58443.49,58461.43,58415.65,58448.46
1785011863,58448.46,58492.32,58427.42,58473.95
1785012763,58473.95,58493.3,58349.64,58410.68
1785013663,58410.68,58459.51,58353.99,58384.62
1785014563,58384.62,58515.89,58365.48,58468.89
1785015463,58468.89,58481.58,58304.31,58342.51
1785016363,58342.51,58429.37,58332.48,58405.95
1785017263,58405.95,58579.33,58358.87,58559.85
1785018163,58559.85,58594.51,58481.66,58513.26
1785019063,58513.26,58515.85,58369.6,58404.94
1785019963,58404.94,58444.69,58254.31,58329.54
1785020863,58329.54,58376.16,58249.58,58251.02
1785021763,58251.02,58354.4,58194.77,58301.3
1785022663,58301.3,58325.4,58106.67,58165.26
1785023563,58165.26,58180.2,58091.84,58132.44
1785024463,58132.44,58134.43,57846.79,57890.39
1785025363,57890.39,57981.39,57780.13,57958.8
1785026263,57958.8,58005.05,57916.02,57932.26
1785027163,57932.26,57933.91,57732.47,57783.48
1785028063,57783.48,57830.29,57781.6,57797.22
1785028963,57797.22,57849.12,57778.05,57831.24
1785029863,57831.24,57874.85,57703.68,57715.95
1785030763,57715.95,57719.27,57636.55,57687.0
1785031663,57687.0,57710.0,57648.31,57654.08
1785032563,57654.08,57788.7,57649.13,57779.44
1785033463,57779.44,57809.03,57683.12,57691.96
1785034363,57691.96,57729.18,57624.83,57661.69
1785035263,57661.69,57694.37,57593.06,57599.41
1785036163,57599.41,57708.86,57552.63,57683.83
1785037063,57683.83,57717.64,57680.13,57691.68
1785037963,57691.68,57799.26,57683.09,57759.8
1785038863,57759.8,57823.1,57757.52,57759.52
1785039763,57759.52,57768.25,57637.73,57658.98
1785040663,57658.98,57768.61,57625.36,57764.41
1785041563,57764.41,57916.2,57750.11,57915.82
1785042463,57915.82,57969.78,57767.35,57804.33
1785043363,57804.33,57807.08,57714.46,57776.24
1785044263,57776.24,57792.49,57739.66,57747.88
1785045163,57747.88,57754.04,57705.41,57751.63
1785046063,57751.63,57776.78,57735.28,57756.3
1785046963,57756.3,57871.25,57744.92,57859.15
1785047863,57859.15,57982.22,57855.73,57954.1
1785048763,57954.1,57993.25,57821.35,57878.04
1785049663,57878.04,58028.34,57858.65,58025.79
1785050563,58025.79,58055.35,57981.57,57981.97
1785051463,57981.97,58038.3,57859.53,57879.76
1785052363,57879.76,57901.32,57861.43,57863.58
1785053263,57863.58,57907.75,57860.75,57868.25
1785054163,57868.25,57922.75,57855.06,57898.16
1785055063,57898.16,57997.84,57878.46,57991.42
1785055963,57991.42,58123.36,57966.49,58060.51
1785056863,58060.51,58118.0,58032.71,58082.06
1785057763,58082.06,58113.58,57973.12,57986.96
1785058663,57986.96,58042.83,57962.77,57964.36
1785059563,57964.36,58065.58,57921.29,58051.16
1785060463,58051.16,58166.77,58025.29,58149.14
1785061363,58149.14,58217.2,58102.73,58180.47
1785062263,58180.47,58203.07,58150.72,58152.29
1785063163,58152.29,58158.96,57982.46,58038.78
1785064063,58038.78,58067.89,57999.73,58040.48
1785064963,58040.48,58110.71,58014.14,58098.1
1785065863,58098.1,58110.94,57903.56,57931.39
1785066763,57931.39,57981.91,57865.45,57885.72
1785067663,57885.72,57887.06,57785.11,57810.66
1785068563,57810.66,57842.39,57774.12,57831.86
1785069463,57831.86,57876.78,57769.58,57873.6
1785070363,57873.6,57896.75,57860.25,57888.63
1785071263,57888.63,57941.88,57878.77,57886.77
1785072163,57886.77,57910.8,57868.34,57874.08
1785073063,57874.08,57894.77,57744.28,57775.19
1785073963,57775.19,57776.06,57516.75,57615.6
1785074863,57615.6,57650.32,57590.56,57633.41
1785075763,57633.41,57726.33,57569.6,57724.17
1785076663,57724.17,57769.26,57708.55,57709.81
1785077563,57709.81,57811.95,57703.13,57746.62
1785078463,57746.62,57787.47,57659.06,57670.28
1785079363,57670.28,57688.87,57663.23,57670.36
1785080263,57670.36,57709.85,57468.8,57530.0
1785081163,57530.0,57557.04,57381.12,57394.26
1785082063,57394.26,57436.63,57371.69,57415.11
1785082963,57415.11,57527.03,57408.21,57475.55
1785083863,57475.55,57503.23,57381.93,57383.64
1785084763,57383.64,57458.34,57375.22,57412.92
1785085663,57412.92,57441.22,57397.3,57422.49
1785086563,57422.49,57533.52,57419.14,57486.62
1785087463,57486.62,57490.48,57424.68,57450.09
1785088363,57450.09,57450.13,57289.78,57294.33
1785089263,57294.33,57426.51,57241.65,57424.92
1785090163,57424.92,57504.56,57412.06,57502.21
1785091063,57502.21,57591.35,57447.32,57558.72
1785091963,57558.72,57614.37,57558.17,57603.0
1785092863,57603.0,57664.16,57585.33,57591.03
1785093763,57591.03,57627.03,57517.87,57529.72
1785094663,57529.72,57599.89,57488.18,57596.08
1785095563,57596.08,57624.72,57535.39,57555.23
1785096463,57555.23,57648.86,57537.34,57591.92
1785097363,57591.92,57736.91,57567.57,57736.58
1785098263,57736.58,57814.63,57733.88,57795.11
1785099163,57795.11,57836.45,57755.35,57767.58
1785100063,57767.58,57769.35,57638.98,57679.82
1785100963,57679.82,57693.58,57651.15,57657.88
1785101863,57657.88,57685.77,57636.09,57678.65
1785102763,57678.65,57794.57,57678.1,57771.44
1785103663,57771.44,57820.97,57622.9,57631.96
1785104563,57631.96,57642.56,57618.67,57626.86
1785105463,57626.86,57705.42,57600.92,57695.11
1785106363,57695.11,57773.54,57671.96,57751.83
1785107263,57751.83,57788.76,57669.44,57696.85
1785108163,57696.85,57770.61,57662.48,57718.32
1785109063,57718.32,57757.98,57676.35,57737.85
1785109963,57737.85,57754.94,57584.82,57621.0
1785110863,57621.0,57645.06,57571.34,57612.04
1785111763,57612.04,57689.23,57571.85,57619.41
1785112663,57619.41,57721.9,57611.02,57675.76
1785113563,57675.76,57710.51,57537.08,57572.19
1785114463,57572.19,57677.07,57515.28,57663.85
1785115363,57663.85,57672.13,57605.66,57624.95
1785116263,57624.95,57633.0,57616.58,57632.24
1785117163,57632.24,57684.97,57611.62,57683.08
1785118063,57683.08,57738.24,57646.11,57670.35
1785118963,57670.35,57796.59,57668.75,57795.45
1785119863,57795.45,57968.81,57768.75,57907.74
1785120763,57907.74,57941.02,57901.11,57921.97
1785121663,57921.97,57962.1,57875.77,57893.7
1785122563,57893.7,57920.39,57743.93,57760.72
1785123463,57760.72,57765.69,57642.12,57688.8
1785124363,57688.8,57839.77,57620.77,57784.25
1785125263,57784.25,57818.43,57771.28,57799.68
1785126163,57799.68,57845.29,57682.22,57711.05
1785127063,57711.05,57773.46,57707.52,57746.94
1785127963,57746.94,57856.95,57737.6,57806.63
1785128863,57806.63,58012.98,57773.48,57989.32
1785129763,57989.32,58043.55,57930.13,57939.29
1785130663,57939.29,57952.54,57911.6,57952.2
1785131563,57952.2,57993.92,57870.48,57890.36
1785132463,57890.36,58029.98,57864.89,57997.78
1785133363,57997.78,58004.24,57976.08,57996.88
1785134263,57996.88,58012.61,57924.81,57940.76
1785135163,57940.76,57953.93,57860.78,57862.13
1785136063,57862.13,57898.19,57850.42,57887.57
1785136963,57887.57,57968.02,57862.12,57908.89
1785137863,57908.89,58074.08,57829.98,58061.15
1785138763,58061.15,58126.87,57795.28,57842.84
1785139663,57842.84,57886.9,57807.87,57878.7
1785140563,57878.7,58095.12,57873.05,58039.1
1785141463,58039.1,58042.59,58006.16,58009.45
1785142363,58009.45,58036.54,57990.54,58012.18
1785143263,58012.18,58031.13,57916.32,57972.86
1785144163,57972.86,58000.21,57945.28,57965.37
1785145063,57965.37,58041.39,57948.4,57980.49
1785145963,57980.49,57998.22,57900.85,57909.09
1785146863,57909.09,57926.25,57679.73,57694.17
1785147763,57694.17,57780.09,57684.1,57752.54
1785148663,57752.54,57771.94,57646.21,57662.45
1785149563,57662.45,57670.41,57523.19,57542.84
1785150463,57542.84,57605.46,57493.7,57579.98
1785151363,57579.98,57738.29,57569.76,57691.17
1785152263,57691.17,57812.72,57663.91,57805.69
1785153163,57805.69,57828.81,57691.99,57696.42
1785154063,57696.42,57757.63,57643.97,57670.04
1785154963,57670.04,57792.0,57657.81,57762.11
1785155863,57762.11,57771.62,57711.06,57742.69
1785156763,57742.69,57795.22,57585.21,57635.15
1785157663,57635.15,57677.14,57616.19,57619.86
1785158563,57619.86,57696.24,57591.73,57675.93
1785159463,57675.93,57677.42,57593.56,57603.54
1785160363,57603.54,57639.47,57563.14,57586.41
1785161263,57586.41,57650.57,57423.7,57449.22
1785162163,57449.22,57563.61,57432.37,57549.94
1785163063,57549.94,57624.8,57536.89,57573.88
1785163963,57573.88,57598.38,57528.42,57596.45
1785164863,57596.45,57635.01,57403.92,57408.48
1785165763,57408.48,57427.85,57354.91,57399.81
1785166663,57399.81,57401.28,57319.23,57329.54
1785167563,57329.54,57382.7,57233.68,57252.28
1785168463,57252.28,57271.71,57218.67,57267.91
1785169363,57267.91,57275.38,57215.73,57225.82
1785170263,57225.82,57229.05,57146.87,57163.91
1785171163,57163.91,57310.21,57142.08,57303.84
1785172063,57303.84,57308.07,57241.28,57277.73
1785172963,57277.73,57317.29,57260.61,57275.44
1785173863,57275.44,57351.15,57271.84,57283.61
1785174763,57283.61,57346.38,57270.16,57327.34
1785175663,57327.34,57359.44,57268.57,57301.8
1785176563,57301.8,57439.72,57300.36,57414.92
1785177463,57414.92,57499.99,57399.05,57496.03
1785178363,57496.03,57506.57,57483.31,57496.09
1785179263,57496.09,57504.66,57362.21,57368.78
1785180163,57368.78,57377.0,57324.3,57366.29
1785181063,57366.29,57379.91,57287.7,57303.72
1785181963,57303.72,57329.16,57295.37,57326.99
1785182863,57326.99,57348.75,57295.9,57303.1
1785183763,57303.1,57363.43,57202.85,57227.59
1785184663,57227.59,57313.02,57213.6,57254.21
1785185563,57254.21,57378.83,57216.65,57343.85
1785186463,57343.85,57495.02,57319.99,57439.54
1785187363,57439.54,57492.27,57416.58,57489.96
1785188263,57489.96,57578.27,57474.6,57558.51
1785189163,57558.51,57588.04,57497.08,57513.3
1785190063,57513.3,57529.29,57482.77,57485.83
1785190963,57485.83,57502.87,57393.15,57418.3
1785191863,57418.3,57542.93,57388.11,57475.0
1785192763,57475.0,57572.21,57463.28,57545.82
1785193663,57545.82,57551.26,57480.88,57487.25
1785194563,57487.25,57512.5,57437.28,57446.08
1785195463,57446.08,57451.78,57415.16,57433.9
1785196363,57433.9,57453.67,57363.26,57383.18
1785197263,57383.18,57445.06,57365.0,57429.63
1785198163,57429.63,57544.55,57421.22,57514.6
1785199063,57514.6,57545.36,57474.29,57480.68
1785199963,57480.68,57542.89,57467.61,57535.33
1785200863,57535.33,57537.84,57490.18,57511.58
1785201763,57511.58,57526.08,57478.62,57498.53
1785202663,57498.53,57638.12,57485.34,57578.16
1785203563,57578.16,57594.16,57382.98,57401.76
1785204463,57401.76,57545.15,57372.87,57530.61
1785205363,57530.61,57549.93,57510.61,57512.49
1785206263,57512.49,57529.54,57448.1,57472.64
1785207163,57472.64,57537.77,57449.91,57525.33
1785208063,57525.33,57588.74,57484.6,57574.21
1785208963,57574.21,57660.83,57567.8,57656.52
1785209863,57656.52,57779.79,57635.83,57753.44
1785210763,57753.44,57795.39,57718.37,57766.7
1785211663,57766.7,57818.24,57717.56,57809.49
1785212563,57809.49,57814.49,57686.65,57740.67
1785213463,57740.67,57743.69,57629.14,57676.09
1785214363,57676.09,57683.48,57648.52,57662.86
1785215263,57662.86,57665.41,57587.68,57620.23
1785216163,57620.23,57673.95,57604.02,57653.07
1785217063,57653.07,57731.98,57475.04,57494.41
1785217963,57494.41,57676.98,57493.28,57636.9
1785218863,57636.9,57659.06,57543.97,57609.61
1785219763,57609.61,57624.44,57543.45,57623.44
1785220663,57623.44,57675.96,57601.99,57675.72
1785221563,57675.72,57677.41,57430.56,57470.86
1785222463,57470.86,57559.01,57441.62,57526.27
1785223363,57526.27,57568.06,57490.21,57548.79
1785224263,57548.79,57581.49,57548.73,57554.96
1785225163,57554.96,57562.64,57513.11,57534.25
1785226063,57534.25,57546.88,57453.68,57472.29
1785226963,57472.29,57545.73,57342.77,57369.26
1785227863,57369.26,57379.91,57182.93,57187.57
1785228763,57187.57,57359.41,57170.56,57351.38
1785229663,57351.38,57397.06,57121.22,57148.16
1785230563,57148.16,57191.1,57110.48,57122.59
1785231463,57122.59,57218.87,57117.9,57193.76
1785232363,57193.76,57193.86,57189.27,57189.55
1785233263,57189.55,57206.74,57126.89,57163.53
1785234163,57163.53,57192.73,57117.72,57139.7
1785235063,57139.7,57142.02,57083.57,57092.83
1785235963,57092.83,57129.83,56885.63,56939.78
1785236863,56939.78,56951.21,56861.21,56951.17
1785237763,56951.17,57112.67,56934.24,57050.61
1785238663,57050.61,57073.15,56915.42,56934.29
1785239563,56934.29,56943.16,56881.71,56914.19
1785240463,56914.19,56999.36,56896.17,56989.19
1785241363,56989.19,57078.44,56921.7,57030.44
1785242263,57030.44,57142.48,57000.25,57126.2
1785243163,57126.2,57150.04,57055.14,57093.56
1785244063,57093.56,57219.43,57080.33,57184.51
1785244963,57184.51,57202.0,57115.21,57151.51
1785245863,57151.51,57316.13,57135.39,57259.54
1785246763,57259.54,57284.88,57145.01,57189.67
1785247663,57189.67,57237.45,57181.07,57197.84
1785248563,57197.84,57245.83,57102.81,57121.62
1785249463,57121.62,57149.96,57041.9,57056.48
1785250363,57056.48,57074.87,56969.66,57006.44
1785251263,57006.44,57053.49,57003.2,57048.09
1785252163,57048.09,57049.92,56962.49,56990.94
1785253063,56990.94,56995.19,56908.18,56917.76
1785253963,56917.76,56938.87,56878.22,56880.28
1785254863,56880.28,56892.57,56794.27,56835.18
1785255763,56835.18,56844.6,56816.38,56824.43
1785256663,56824.43,56840.78,56727.32,56764.3
1785257563,56764.3,56768.16,56734.66,56738.99
1785258463,56738.99,56769.13,56628.28,56669.26
1785259363,56669.26,56775.7,56639.19,56735.09
1785260263,56735.09,56904.52,56690.97,56897.12
1785261163,56897.12,56906.48,56721.39,56751.72
1785262063,56751.72,56768.77,56644.08,56648.94
1785262963,56648.94,56719.46,56637.29,56668.51
1785263863,56668.51,56670.8,56538.64,56547.53
1785264763,56547.53,56587.65,56433.3,56487.94
1785265663,56487.94,56520.37,56415.65,56514.77
1785266563,56514.77,56532.34,56452.32,56455.3
1785267463,56455.3,56506.86,56414.03,56429.47
1785268363,56429.47,56556.86,56406.51,56553.9
1785269263,56553.9,56643.97,56545.14,56611.0
1785270163,56611.0,56687.04,56591.87,56656.34
1785271063,56656.34,56685.61,56506.8,56551.91
1785271963,56551.91,56571.1,56362.31,56363.13
1785272863,56363.13,56391.36,56358.98,56390.0
1785273763,56390.0,56395.9,56375.36,56377.0
1785274663,56377.0,56391.96,56241.11,56292.01
1785275563,56292.01,56344.94,56055.52,56136.2
1785276463,56136.2,56151.3,55998.55,56021.35
1785277363,56021.35,56068.03,55844.0,55928.69
1785278263,55928.69,56068.76,55906.73,56040.2
1785279163,56040.2,56085.42,55973.34,55980.35
1785280063,55980.35,56035.35,55962.98,55963.19
1785280963,55963.19,55986.46,55921.99,55958.94
1785281863,55958.94,56099.19,55946.35,56065.59
1785282763,56065.59,56104.2,56041.64,56097.04
1785283663,56097.04,56133.09,56013.19,56022.97
1785284563,56022.97,56103.6,55902.96,55905.32
1785285463,55905.32,55937.66,55784.87,55846.76
1785286363,55846.76,55904.45,55841.53,55888.89
1785287263,55888.89,55938.02,55773.82,55841.17
1785288163,55841.17,55912.56,55809.5,55900.29
1785289063,55900.29,55902.0,55845.43,55853.38
1785289963,55853.38,55949.43,55824.61,55942.27
1785290863,55942.27,56156.24,55907.6,56134.17
1785291763,56134.17,56142.15,56086.35,56100.18
1785292663,56100.18,56101.86,56037.31,56081.08
1785293563,56081.08,56084.85,55966.91,55974.23
1785294463,55974.23,56003.29,55940.43,55943.99
1785295363,55943.99,56063.61,55911.69,56032.32
1785296263,56032.32,56034.03,55871.86,55884.25
1785297163,55884.25,55891.91,55840.93,55856.69
1785298063,55856.69,56000.52,55800.28,55995.46
1785298963,55995.46,56015.56,55926.24,55931.84
1785299863,55931.84,55977.79,55890.83,55946.31
1785300763,55946.31,55959.9,55874.06,55906.73
1785301663,55906.73,55910.15,55787.85,55833.81
1785302563,55833.81,55889.63,55811.72,55874.2
1785303463,55874.2,55887.91,55785.66,55813.6
1785304363,55813.6,55954.21,55802.1,55879.98
1785305263,55879.98,55908.41,55846.52,55884.81
1785306163,55884.81,55899.81,55840.07,55866.48
1785307063,55866.48,55959.35,55859.52,55933.97
1785307963,55933.97,55975.59,55924.85,55949.62
1785308863,55949.62,55992.46,55929.33,55941.58
1785309763,55941.58,56001.92,55900.79,55992.61
1785310663,55992.61,56024.93,55876.78,55930.73
1785311563,55930.73,55938.17,55734.43,55766.64
1785312463,55766.64,55781.3,55748.39,55757.48
1785313363,55757.48,55781.09,55640.6,55684.24
1785314263,55684.24,55715.97,55644.74,55696.72
1785315163,55696.72,55731.24,55684.5,55724.03
1785316063,55724.03,55764.1,55712.07,55758.45
1785316963,55758.45,55815.11,55751.43,55783.53
1785317863,55783.53,55896.9,55761.16,55865.89
1785318763,55865.89,55970.21,55832.3,55949.93
1785319663,55949.93,56076.28,55948.25,56059.74
1785320563,56059.74,56251.63,56049.98,56244.7
1785321463,56244.7,56273.67,56168.35,56200.8
1785322363,56200.8,56231.83,56160.7,56179.62
1785323263,56179.62,56297.16,56146.33,56260.74
1785324163,56260.74,56416.02,56243.34,56346.83
1785325063,56346.83,56365.02,56343.14,56355.86
1785325963,56355.86,56507.5,56355.22,56467.28
1785326863,56467.28,56482.45,56425.6,56444.42
1785327763,56444.42,56496.25,56408.53,56480.57
1785328663,56480.57,56503.27,56409.69,56472.42
1785329563,56472.42,56484.19,56311.35,56343.57
1785330463,56343.57,56377.78,56270.83,56312.17
1785331363,56312.17,56338.16,56234.74,56249.48
1785332263,56249.48,56295.92,56205.72,56239.58
1785333163,56239.58,56264.45,56217.95,56224.44
1785334063,56224.44,56260.59,56187.05,56210.51
1785334963,56210.51,56269.7,56190.16,56233.38
1785335863,56233.38,56246.74,56159.64,56201.75
1785336763,56201.75,56277.83,56159.95,56252.32
1785337663,56252.32,56257.8,56221.08,56240.25
1785338563,56240.25,56367.47,56216.87,56346.64
1785339463,56346.64,56380.33,56251.01,56261.73
1785340363,56261.73,56344.84,56207.71,56263.52
1785341263,56263.52,56277.11,56045.45,56082.87
1785342163,56082.87,56159.56,56014.62,56033.16
1785343063,56033.16,56047.16,55892.91,55935.66
1785343963,55935.66,56065.85,55925.44,56050.62
1785344863,56050.62,56052.76,55971.16,55993.47
1785345763,55993.47,56004.63,55982.76,55994.97
1785346663,55994.97,56000.79,55834.54,55873.55
1785347563,55873.55,56057.45,55842.53,56019.52
1785348463,56019.52,56131.78,55997.15,56042.03
1785349363,56042.03,56170.55,55989.77,56154.23
1785350263,56154.23,56163.75,56144.6,56144.73
1785351163,56144.73,56159.62,56046.64,56078.66
1785352063,56078.66,56222.34,56023.95,56196.89
1785352963,56196.89,56247.21,56180.05,56191.22
1785353863,56191.22,56248.37,56100.53,56103.73
1785354763,56103.73,56153.03,56085.63,56144.29
1785355663,56144.29,56144.55,56108.21,56117.46
1785356563,56117.46,56253.53,56061.37,56203.42
1785357463,56203.42,56329.97,56175.21,56293.95
1785358363,56293.95,56326.98,56236.31,56315.54
1785359263,56315.54,56352.14,56197.67,56200.71
1785360163,56200.71,56255.51,56198.97,56254.68
1785361063,56254.68,56317.79,56130.35,56131.69
1785361963,56131.69,56144.24,55872.85,55919.36
1785362863,55919.36,55926.38,55878.74,55894.24
1785363763,55894.24,55937.83,55852.52,55922.9
1785364663,55922.9,55924.51,55770.31,55776.81
1785365563,55776.81,55819.05,55716.53,55807.98
1785366463,55807.98,55850.55,55784.14,55794.38
1785367363,55794.38,55802.57,55591.7,55602.34
1785368263,55602.34,55653.13,55576.11,55638.54
1785369163,55638.54,55749.88,55625.42,55703.13
1785370063,55703.13,55747.07,55683.64,55722.13
1785370963,55722.13,55815.52,55684.91,55782.08
1785371863,55782.08,55973.78,55760.08,55890.25
1785372763,55890.25,56001.53,55875.26,55991.17
1785373663,55991.17,56065.46,55986.61,56059.63
1785374563,56059.63,56068.17,55964.65,55985.01
1785375463,55985.01,56063.19,55892.74,55999.76
1785376363,55999.76,56001.86,55936.75,55938.55
1785377263,55938.55,55966.15,55846.27,55873.2
1785378163,55873.2,55883.39,55803.12,55817.99
1785379063,55817.99,55853.42,55778.97,55807.28
1785379963,55807.28,55884.36,55782.54,55824.54
1785380863,55824.54,55882.65,55787.36,55881.66
1785381763,55881.66,56079.75,55860.96,56050.56
1785382663,56050.56,56056.37,56021.31,56026.13
1785383563,56026.13,56056.77,55897.21,55924.93
1785384463,55924.93,55961.45,55915.05,55936.65
1785385363,55936.65,55995.59,55818.58,55834.64
1785386263,55834.64,55868.6,55761.11,55815.33
1785387163,55815.33,55850.71,55722.18,55777.24
1785388063,55777.24,55889.94,55775.72,55889.07
1785388963,55889.07,55889.98,55846.83,55847.79
1785389863,55847.79,55851.58,55841.83,55842.56
1785390763,55842.56,56018.33,55832.4,56008.76
1785391663,56008.76,56018.71,55959.91,56013.74
1785392563,56013.74,56108.88,55992.01,56093.7
1785393463,56093.7,56116.96,55994.5,56002.76
1785394363,56002.76,56032.48,55975.79,55998.04
1785395263,55998.04,56022.24,55879.71,55912.76
1785396163,55912.76,55916.94,55795.76,55813.22
1785397063,55813.22,55854.44,55813.14,55837.83
1785397963,55837.83,55890.18,55810.67,55853.14
1785398863,55853.14,55880.23,55682.29,55709.47
1785399763,55709.47,55766.4,55559.61,55570.72
1785400663,55570.72,55593.22,55565.05,55566.56
1785401563,55566.56,55605.99,55472.55,55493.76
1785402463,55493.76,55598.96,55476.95,55544.19
1785403363,55544.19,55598.54,55521.67,55539.11
1785404263,55539.11,55543.35,55494.01,55502.41
1785405163,55502.41,55545.1,55436.26,55451.25
1785406063,55451.25,55593.62,55445.42,55568.14
1785406963,55568.14,55710.8,55549.96,55694.07
1785407863,55694.07,55708.32,55670.39,55673.23
1785408763,55673.23,55791.07,55653.71,55780.47
1785409663,55780.47,55890.39,55778.94,55853.4
1785410563,55853.4,55872.63,55823.3,55826.62
1785411463,55826.62,55849.51,55627.08,55647.97
1785412363,55647.97,55774.73,55610.48,55751.3
1785413263,55751.3,55788.53,55674.33,55694.34
1785414163,55694.34,55699.22,55584.3,55605.61
1785415063,55605.61,55629.18,55592.66,55611.5
1785415963,55611.5,55704.42,55585.41,55681.77
1785416863,55681.77,55703.01,55555.0,55591.47
1785417763,55591.47,55599.06,55467.0,55515.32
1785418663,55515.32,55558.97,55485.24,55535.55
1785419563,55535.55,55593.77,55464.53,55476.97
1785420463,55476.97,55561.35,55457.84,55536.88
1785421363,55536.88,55558.71,55504.28,55514.4
1785422263,55514.4,55514.62,55473.16,55512.65
1785423163,55512.65,55585.96,55472.61,55536.23
1785424063,55536.23,55548.38,55516.97,55538.34
1785424963,55538.34,55600.28,55483.34,55543.15
1785425863,55543.15,55569.82,55401.81,55407.65
1785426763,55407.65,55435.27,55341.19,55433.55
1785427663,55433.55,55468.41,55417.44,55450.13
1785428563,55450.13,55536.65,55428.34,55505.94
1785429463,55505.94,55511.95,55383.79,55419.88
1785430363,55419.88,55450.44,55373.95,55447.91
1785431263,55447.91,55513.65,55418.54,55480.35
1785432163,55480.35,55528.68,55470.3,55513.68
1785433063,55513.68,55710.61,55501.59,55706.79
1785433963,55706.79,55709.07,55652.51,55664.76
1785434863,55664.76,55664.81,55473.37,55481.34
1785435763,55481.34,55574.78,55399.1,55524.13
1785436663,55524.13,55547.03,55416.07,55455.05
1785437563,55455.05,55491.75,55390.35,55473.13
1785438463,55473.13,55490.94,55470.53,55482.91
1785439363,55482.91,55484.96,55436.04,55447.66
1785440263,55447.66,55510.82,55344.18,55379.14
1785441163,55379.14,55596.8,55350.31,55596.5
1785442063,55596.5,55598.93,55557.32,55579.22
1785442963,55579.22,55587.86,55433.83,55479.98
1785443863,55479.98,55608.36,55465.9,55582.31
1785444763,55582.31,55673.9,55557.29,55635.08
1785445663,55635.08,55647.8,55575.16,55595.92
1785446563,55595.92,55647.48,55482.35,55526.63
1785447463,55526.63,55620.33,55502.78,55590.87
1785448363,55590.87,55604.27,55421.75,55437.18
1785449263,55437.18,55442.17,55315.96,55342.77
1785450163,55342.77,55377.35,55281.95,55316.16
1785451063,55316.16,55392.93,55288.81,55354.37
1785451963,55354.37,55512.27,55330.68,55468.73
1785452863,55468.73,55497.76,55409.94,55419.42
1785453763,55419.42,55425.43,55389.22,55407.46
1785454663,55407.46,55472.12,55399.74,55440.25
1785455563,55440.25,55572.26,55435.68,55570.14
1785456463,55570.14,55574.47,55460.31,55468.34
1785457363,55468.34,55518.89,55425.05,55446.65
1785458263,55446.65,55447.12,55369.08,55379.37
1785459163,55379.37,55389.05,55270.59,55319.84
1785460063,55319.84,55410.87,55317.15,55374.54
1785460963,55374.54,55463.7,55342.41,55434.74
1785461863,55434.74,55456.97,55415.73,55450.6
1785462763,55450.6,55488.1,55347.56,55390.85
1785463663,55390.85,55409.31,55207.31,55208.32
1785464563,55208.32,55234.2,55158.12,55207.15
1785465463,55207.15,55233.0,55159.14,55173.37
1785466363,55173.37,55177.12,55018.9,55060.8
1785467263,55060.8,55146.15,55014.58,55098.54
1785468163,55098.54,55182.43,55062.27,55149.24
1785469063,55149.24,55201.92,55120.92,55178.99
1785469963,55178.99,55241.79,55161.88,55215.51
1785470863,55215.51,55220.97,55180.79,55204.21
1785471763,55204.21,55205.12,55111.69,55121.19
1785472663,55121.19,55149.27,55067.31,55089.86
1785473563,55089.86,55116.98,55079.04,55095.97
1785474463,55095.97,55227.91,55086.92,55179.49
1785475363,55179.49,55228.35,55173.11,55226.93
1785476263,55226.93,55279.81,55158.59,55160.4
1785477163,55160.4,55169.76,55110.57,55116.68
1785478063,55116.68,55185.67,55075.25,55183.86
1785478963,55183.86,55266.9,55152.43,55226.53
1785479863,55226.53,55301.43,55191.05,55271.69
1785480763,55271.69,55415.16,55252.78,55410.46
1785481663,55410.46,55518.55,55381.01,55490.46
1785482563,55490.46,55642.16,55478.49,55622.97
1785483463,55622.97,55739.2,55600.56,55716.95
1785484363,55716.95,55727.64,55597.34,55669.55
1785485263,55669.55,55688.81,55650.83,55668.72
1785486163,55668.72,55688.09,55642.69,55666.14
1785487063,55666.14,55678.75,55600.22,55610.43
1785487963,55610.43,55649.39,55585.87,55601.77
1785488863,55601.77,55618.33,55511.83,55553.95
1785489763,55553.95,55559.55,55543.49,55549.52
1785490663,55549.52,55684.84,55537.71,55679.51
1785491563,55679.51,55698.57,55676.7,55687.56
1785492463,55687.56,55733.23,55608.14,55729.54
1785493363,55729.54,55733.59,55728.32,55728.93
1785494263,55728.93,55755.91,55626.81,55640.01
1785495163,55640.01,55642.41,55592.35,55626.69
1785496063,55626.69,55669.37,55579.56,55602.35
1785496963,55602.35,55621.29,55598.09,55612.17
1785497863,55612.17,55747.27,55569.05,55737.95
1785498763,55737.95,55802.62,55692.94,55784.05
1785499663,55784.05,55908.19,55780.56,55845.22
1785500563,55845.22,55881.55,55836.68,55862.93
1785501463,55862.93,55893.12,55821.77,55843.83
1785502363,55843.83,55872.84,55836.2,55865.69
1785503263,55865.69,56030.42,55857.58,56015.91
1785504163,56015.91,56043.19,55960.84,55965.91
1785505063,55965.91,55998.86,55941.89,55978.41
1785505963,55978.41,56076.73,55971.22,56051.57
1785506863,56051.57,56055.01,55969.94,56040.87
1785507763,56040.87,56138.25,56029.27,56128.93
1785508663,56128.93,56225.77,56122.38,56201.47
1785509563,56201.47,56258.82,56179.29,56226.99
1785510463,56226.99,56352.55,56196.09,56319.71
1785511363,56319.71,56324.06,56271.68,56281.78
1785512263,56281.78,56336.28,56223.56,56299.5
1785513163,56299.5,56444.9,56291.03,56436.13
1785514063,56436.13,56454.09,56414.51,56423.62
1785514963,56423.62,56425.53,56220.76,56270.78
1785515863,56270.78,56286.43,56210.44,56224.22
1785516763,56224.22,56280.69,56163.83,56232.62
1785517663,56232.62,56295.34,56221.2,56293.84
1785518563,56293.84,56320.05,56195.8,56204.86
1785519463,56204.86,56326.53,56169.58,56294.41
1785520363,56294.41,56311.34,56286.82,56296.31
1785521263,56296.31,56306.24,56188.47,56230.96
1785522163,56230.96,56272.94,56179.35,56253.93
1785523063,56253.93,56279.3,56216.98,56252.92
1785523963,56252.92,56266.55,56245.12,56265.02
1785524863,56265.02,56293.6,56137.18,56172.56
1785525763,56172.56,56273.65,56150.78,56270.94
1785526663,56270.94,56397.71,56235.87,56386.85
1785527563,56386.85,56408.93,56305.08,56337.53
1785528463,56337.53,56423.52,56326.04,56367.9
1785529363,56367.9,56376.15,56291.66,56348.24
1785530263,56348.24,56357.6,56310.64,56350.82
1785531163,56350.82,56393.69,56245.17,56282.61
1785532063,56282.61,56364.27,56257.19,56339.12
1785532963,56339.12,56376.82,56069.6,56092.61
1785533863,56092.61,56192.88,56060.11,56157.32
1785534763,56157.32,56196.52,56119.39,56148.39
1785535663,56148.39,56182.87,56059.2,56093.67
1785536563,56093.67,56101.02,56007.88,56030.23
1785537463,56030.23,56119.09,56022.91,56075.16
1785538363,56075.16,56113.79,56014.93,56034.19
1785539263,56034.19,56039.02,55925.88,55936.38
1785540163,55936.38,55971.35,55782.29,55827.83
1785541063,55827.83,55930.61,55821.82,55907.27
1785541963,55907.27,55953.52,55870.2,55891.99
1785542863,55891.99,55911.41,55762.77,55773.42
1785543763,55773.42,55781.6,55670.49,55688.1
1785544663,55688.1,55722.92,55643.7,55679.87
1785545563,55679.87,55698.43,55651.59,55681.28
1785546463,55681.28,55681.49,55623.1,55669.08
1785547363,55669.08,55721.98,55611.92,55671.43
1785548263,55671.43,55672.54,55521.22,55529.61
1785549163,55529.61,55550.95,55446.04,55504.86
1785550063,55504.86,55601.35,55471.86,55553.97
1785550963,55553.97,55570.73,55515.59,55550.3
1785551863,55550.3,55597.14,55441.14,55483.49
1785552763,55483.49,55596.26,55471.82,55582.62
1785553663,55582.62,55740.46,55547.89,55712.7
1785554563,55712.7,55760.46,55649.54,55659.54
1785555463,55659.54,55686.08,55609.1,55625.8
1785556363,55625.8,55654.18,55532.02,55558.13
1785557263,55558.13,55742.44,55545.28,55686.69
1785558163,55686.69,55770.67,55646.25,55704.62
1785559063,55704.62,55705.2,55699.83,55700.3
1785559963,55700.3,55758.98,55682.09,55718.97
1785560863,55718.97,55820.9,55546.37,55573.09
1785561763,55573.09,55631.5,55566.97,55631.22
1785562663,55631.22,55635.08,55567.47,55574.52
1785563563,55574.52,55612.09,55499.92,55521.57
1785564463,55521.57,55546.14,55463.46,55476.19
1785565363,55476.19,55480.12,55366.37,55366.54
1785566263,55366.54,55393.96,55343.82,55350.68
1785567163,55350.68,55405.78,55334.63,55347.65
1785568063,55347.65,55464.48,55339.16,55452.11
1785568963,55452.11,55465.69,55431.3,55445.01
1785569863,55445.01,55579.17,55440.89,55565.16
1785570763,55565.16,55613.97,55349.23,55415.1
1785571663,55415.1,55438.22,55341.62,55356.64
1785572563,55356.64,55537.38,55331.24,55494.47
1785573463,55494.47,55575.59,55492.26,55518.44
1785574363,55518.44,55624.01,55500.35,55601.44
1785575263,55601.44,55639.8,55567.21,55567.61
1785576163,55567.61,55599.31,55455.29,55461.61
1785577063,55461.61,55503.32,55451.74,55495.1
1785577963,55495.1,55515.86,55451.52,55466.95
1785578863,55466.95,55520.78,55443.51,55506.42
1785579763,55506.42,55525.07,55504.97,55509.05
1785580663,55509.05,55602.45,55498.72,55591.43
1785581563,55591.43,55767.61,55515.05,55740.4
1785582463,55740.4,55781.33,55737.16,55749.42
1785583363,55749.42,55780.08,55707.7,55764.49
1785584263,55764.49,55819.38,55721.54,55814.49
1785585163,55814.49,55838.24,55756.47,55819.02
1785586063,55819.02,55847.34,55748.73,55776.0
1785586963,55776.0,55788.64,55668.86,55682.71
1785587863,55682.71,55725.5,55626.5,55627.04
1785588763,55627.04,55748.81,55622.6,55729.39
1785589663,55729.39,55739.76,55643.26,55681.43
1785590563,55681.43,55710.67,55671.34,55684.18
1785591463,55684.18,55729.18,55496.96,55528.18
1785592363,55528.18,55533.56,55408.09,55418.65
1785593263,55418.65,55439.93,55367.55,55393.9
1785594163,55393.9,55402.6,55143.82,55183.41
1785595063,55183.41,55186.82,55175.29,55185.79
1785595963,55185.79,55251.29,55171.38,55202.5
1785596863,55202.5,55222.47,55133.41,55190.67
1785597763,55190.67,55207.64,55136.61,55151.7
1785598663,55151.7,55298.33,55093.57,55251.24
1785599563,55251.24,55251.85,55235.01,55248.54
1785600463,55248.54,55253.97,55245.89,55249.83
1785601363,55249.83,55283.71,55225.64,55233.43
1785602263,55233.43,55240.33,55051.66,55089.57
1785603163,55089.57,55253.41,55066.62,55222.4
1785604063,55222.4,55222.65,55117.65,55142.04
1785604963,55142.04,55319.62,55135.71,55299.25
1785605863,55299.25,55325.82,55170.54,55187.6
1785606763,55187.6,55194.09,54995.53,55026.88
1785607663,55026.88,55039.25,54985.51,55001.91
1785608563,55001.91,55097.59,54974.47,55080.16
1785609463,55080.16,55082.59,55061.0,55066.05
1785610363,55066.05,55186.08,55059.56,55180.9
1785611263,55180.9,55186.75,55157.01,55178.35
1785612163,55178.35,55195.58,55048.76,55099.33
1785613063,55099.33,55120.51,55046.89,55055.11
1785613963,55055.11,55108.05,55050.13,55082.33
1785614863,55082.33,55096.2,54891.63,54941.7
1785615763,54941.7,54987.07,54803.54,54848.76
1785616663,54848.76,54954.65,54825.92,54918.54
1785617563,54918.54,54953.46,54880.43,54938.43
1785618463,54938.43,54963.63,54935.8,54960.2
1785619363,54960.2,55038.32,54955.63,55026.59
1785620263,55026.59,55046.15,54975.09,54982.87
1785621163,54982.87,55115.28,54938.42,55108.12
1785622063,55108.12,55115.99,55048.21,55053.94
1785622963,55053.94,55096.1,54899.84,54939.67
1785623863,54939.67,54942.11,54845.61,54853.98
1785624763,54853.98,55008.94,54834.45,54983.03
1785625663,54983.03,54998.02,54973.59,54983.92
1785626563,54983.92,55000.63,54834.78,54870.13
1785627463,54870.13,54937.52,54834.35,54935.51
1785628363,54935.51,54987.56,54859.45,54871.85
1785629263,54871.85,54918.38,54812.48,54901.53
1785630163,54901.53,55027.35,54896.15,55017.33
1785631063,55017.33,55229.19,54975.22,55218.0
1785631963,55218.0,55361.37,55215.52,55312.53
1785632863,55312.53,55454.73,55301.66,55392.01
1785633763,55392.01,55456.31,55348.12,55410.68
1785634663,55410.68,55502.67,55385.11,55477.28
1785635563,55477.28,55491.13,55390.04,55411.89
1785636463,55411.89,55469.82,55387.17,55397.33
1785637363,55397.33,55463.8,55379.61,55429.88
1785638263,55429.88,55470.86,55333.6,55370.12
1785639163,55370.12,55377.94,55289.99,55313.8
1785640063,55313.8,55353.03,55222.5,55250.37
1785640963,55250.37,55271.94,55123.34,55181.7
1785641863,55181.7,55222.93,55091.25,55201.17
1785642763,55201.17,55206.3,55166.97,55170.84
1785643663,55170.84,55231.71,55147.47,55215.89
1785644563,55215.89,55255.26,55155.13,55166.18
1785645463,55166.18,55181.37,55099.91,55107.03
1785646363,55107.03,55232.87,55086.4,55227.53
1785647263,55227.53,55352.56,55217.23,55332.05
1785648163,55332.05,55458.98,55323.5,55419.22
1785649063,55419.22,55532.48,55405.87,55530.01
1785649963,55530.01,55542.04,55375.99,55410.1
1785650863,55410.1,55444.0,55366.39,55439.88
1785651763,55439.88,55501.79,55423.58,55487.82
1785652663,55487.82,55683.48,55483.36,55666.87
1785653563,55666.87,55751.73,55633.68,55735.94
1785654463,55735.94,55761.97,55643.75,55643.97
1785655363,55643.97,55725.44,55633.3,55707.9
1785656263,55707.9,55764.13,55674.04,55726.31
1785657163,55726.31,55799.98,55679.22,55799.17
1785658063,55799.17,55866.76,55734.89,55844.79
1785658963,55844.79,55901.26,55787.82,55891.27
1785659863,55891.27,55948.2,55863.64,55942.51
1785660763,55942.51,56068.48,55898.72,56036.81
1785661663,56036.81,56047.87,55932.11,55957.59
1785662563,55957.59,56033.35,55957.4,55981.35
1785663463,55981.35,56076.75,55916.17,56030.3
1785664363,56030.3,56088.96,55982.22,56047.65
1785665263,56047.65,56054.67,56015.61,56026.75
1785666163,56026.75,56208.59,55926.55,56182.18
1785667063,56182.18,56236.01,56181.69,56228.16
1785667963,56228.16,56344.1,56226.59,56293.11
1785668863,56293.11,56382.01,56286.33,56364.32
1785669763,56364.32,56516.94,56346.07,56473.49
1785670663,56473.49,56501.21,56406.83,56413.31
1785671563,56413.31,56439.15,56233.16,56271.84
1785672463,56271.84,56297.33,56212.75,56224.12
1785673363,56224.12,56269.69,56207.22,56215.17
1785674263,56215.17,56260.17,56149.36,56159.79
1785675163,56159.79,56182.01,56144.58,56164.36
1785676063,56164.36,56184.88,56141.37,56181.04
1785676963,56181.04,56208.96,56166.01,56183.89
1785677863,56183.89,56318.64,56139.01,56310.9
1785678763,56310.9,56376.88,56285.31,56359.51
1785679663,56359.51,56360.87,56290.2,56305.85
1785680563,56305.85,56360.38,56207.76,56247.65
1785681463,56247.65,56317.74,56247.45,56289.06
1785682363,56289.06,56466.23,56277.1,56434.21
1785683263,56434.21,56449.91,56371.45,56388.24
1785684163,56388.24,56489.24,56387.41,56438.42
1785685063,56438.42,56452.89,56421.92,56430.27
1785685963,56430.27,56527.67,56394.1,56490.08
1785686863,56490.08,56500.44,56328.73,56353.24
1785687763,56353.24,56410.05,56305.68,56390.16
1785688663,56390.16,56443.65,56382.57,56439.41
1785689563,56439.41,56585.9,56435.44,56556.42
1785690463,56556.42,56570.81,56396.17,56426.49
1785691363,56426.49,56603.99,56421.95,56552.06
1785692263,56552.06,56591.88,56367.29,56370.28
1785693163,56370.28,56370.94,56125.45,56158.19
1785694063,56158.19,56176.56,56085.76,56106.13
1785694963,56106.13,56163.55,56099.04,56145.95
1785695863,56145.95,56258.1,56121.03,56246.13
1785696763,56246.13,56299.76,56223.02,56273.39
1785697663,56273.39,56294.69,56192.36,56197.52
1785698563,56197.52,56224.54,56102.22,56145.73
1785699463,56145.73,56156.6,56100.16,56153.03
1785700363,56153.03,56203.65,56099.02,56109.17
1785701263,56109.17,56155.62,56086.59,56142.81
1785702163,56142.81,56166.3,56105.49,56163.95
1785703063,56163.95,56210.71,56141.38,56201.18
1785703963,56201.18,56217.82,56115.04,56137.56
1785704863,56137.56,56157.88,56090.78,56115.96
1785705763,56115.96,56116.66,56015.08,56021.75
1785706663,56021.75,56108.41,55988.13,56070.99
1785707563,56070.99,56072.63,55899.01,55925.2
1785708463,55925.2,55982.88,55901.98,55905.46
1785709363,55905.46,55979.25,55813.41,55878.71
1785710263,55878.71,55941.33,55866.36,55868.7
1785711163,55868.7,55901.25,55784.44,55801.21
1785712063,55801.21,55861.45,55696.93,55751.9
1785712963,55751.9,55757.99,55607.05,55614.06
1785713863,55614.06,55643.56,55551.08,55595.01
1785714763,55595.01,55612.18,55489.03,55496.06
1785715663,55496.06,55567.43,55481.83,55539.6
1785716563,55539.6,55579.18,55528.47,55548.0
1785717463,55548.0,55556.81,55303.89,55358.04
1785718363,55358.04,55488.17,55314.75,55443.54
1785719263,55443.54,55557.21,55426.91,55516.13
1785720163,55516.13,55708.77,55497.97,55696.47
1785721063,55696.47,55702.51,55598.75,55604.32
1785721963,55604.32,55623.87,55588.23,55610.53
1785722863,55610.53,55740.59,55587.16,55719.62
1785723763,55719.62,55808.29,55684.23,55776.23
1785724663,55776.23,55788.09,55701.08,55714.89
1785725563,55714.89,55720.74,55607.32,55643.34
1785726463,55643.34,55666.04,55461.14,55528.44
1785727363,55528.44,55574.64,55485.16,55551.66
1785728263,55551.66,55551.92,55422.34,55501.24
1785729163,55501.24,55559.7,55489.89,55549.04
1785730063,55549.04,55550.67,55403.58,55432.84
1785730963,55432.84,55514.97,55335.57,55368.1
1785731863,55368.1,55376.31,55251.24,55291.3
1785732763,55291.3,55369.93,55286.7,55331.18
1785733663,55331.18,55335.27,55260.68,55288.45
1785734563,55288.45,55344.57,55222.03,55309.42
1785735463,55309.42,55418.21,55211.52,55417.35
1785736363,55417.35,55515.89,55398.39,55511.64
1785737263,55511.64,55535.92,55490.35,55514.66
1785738163,55514.66,55548.54,55416.5,55536.53
1785739063,55536.53,55544.78,55372.85,55375.82
1785739963,55375.82,55390.6,55148.15,55169.64
1785740863,55169.64,55330.38,55133.31,55327.35
1785741763,55327.35,55339.86,55271.02,55294.96
1785742663,55294.96,55312.82,55131.47,55163.65
1785743563,55163.65,55196.33,55140.74,55146.13
1785744463,55146.13,55213.04,54977.6,55021.83
1785745363,55021.83,55031.89,54920.39,54929.49
1785746263,54929.49,55081.64,54922.86,55028.84
1785747163,55028.84,55095.99,55000.2,55085.97
1785748063,55085.97,55112.61,55006.05,55064.86
1785748963,55064.86,55086.67,55047.28,55052.74
1785749863,55052.74,55098.85,55004.93,55007.91
1785750763,55007.91,55008.75,54951.22,54958.95
1785751663,54958.95,55124.36,54948.42,55062.65
1785752563,55062.65,55067.53,54939.56,54979.64
1785753463,54979.64,55018.23,54905.64,54951.67
1785754363,54951.67,54955.77,54805.82,54856.08
1785755263,54856.08,54860.01,54788.83,54798.84
1785756163,54798.84,54822.5,54682.85,54711.32
1785757063,54711.32,54739.8,54696.67,54699.55
1785757963,54699.55,54764.87,54667.56,54721.42
1785758863,54721.42,54760.87,54670.61,54735.77
1785759763,54735.77,54860.82,54707.55,54850.25
1785760663,54850.25,54856.79,54722.9,54756.26
1785761563,54756.26,54760.59,54510.34,54545.42
1785762463,54545.42,54598.17,54503.05,54555.89
1785763363,54555.89,54565.68,54333.6,54357.49
1785764263,54357.49,54386.88,54183.96,54213.92
1785765163,54213.92,54277.39,54199.84,54229.35
1785766063,54229.35,54321.01,54226.59,54262.93
1785766963,54262.93,54282.4,54138.3,54160.04
1785767863,54160.04,54166.3,54096.37,54155.71
1785768763,54155.71,54359.95,54115.82,54348.49
1785769663,54348.49,54474.69,54300.77,54436.62
1785770563,54436.62,54519.32,54413.33,54516.92
1785771463,54516.92,54597.91,54510.36,54548.54
1785772363,54548.54,54576.17,54509.14,54529.76
1785773263,54529.76,54558.66,54511.8,54552.45
1785774163,54552.45,54613.13,54518.87,54526.49
1785775063,54526.49,54718.69,54522.8,54679.9
1785775963,54679.9,54754.42,54660.45,54724.61
1785776863,54724.61,54753.68,54551.3,54598.17
1785777763,54598.17,54626.02,54504.97,54512.3
1785778663,54512.3,54631.56,54496.75,54630.84
1785779563,54630.84,54682.23,54366.4,54415.7
1785780463,54415.7,54417.67,54250.09,54331.59
1785781363,54331.59,54465.47,54315.83,54426.33
1785782263,54426.33,54431.45,54408.12,54410.16
1785783163,54410.16,54486.25,54408.61,54478.91
1785784063,54478.91,54545.86,54455.24,54525.78
1785784963,54525.78,54530.64,54516.32,54518.99
1785785863,54518.99,54612.87,54474.5,54564.44
1785786763,54564.44,54683.94,54498.17,54673.78
1785787663,54673.78,54707.28,54500.09,54519.9
1785788563,54519.9,54571.69,54482.68,54522.02
1785789463,54522.02,54752.12,54519.3,54692.35
1785790363,54692.35,54793.61,54660.16,54763.9
1785791263,54763.9,54791.46,54686.98,54688.82
1785792163,54688.82,54690.13,54584.0,54598.27
1785793063,54598.27,54661.9,54379.63,54420.0
1785793963,54420.0,54477.34,54307.78,54325.3
1785794863,54325.3,54356.45,54294.23,54331.59
1785795763,54331.59,54374.08,54320.56,54336.75
1785796663,54336.75,54495.68,54310.17,54489.16
1785797563,54489.16,54585.52,54483.87,54565.96
1785798463,54565.96,54604.57,54365.2,54428.09
1785799363,54428.09,54459.33,54415.07,54417.62
1785800263,54417.62,54419.4,54324.51,54379.78
1785801163,54379.78,54472.81,54361.05,54463.38
1785802063,54463.38,54469.1,54447.15,54462.61
1785802963,54462.61,54511.9,54422.23,54498.95
1785803863,54498.95,54619.69,54471.35,54615.04
1785804763,54615.04,54616.67,54556.18,54557.83
1785805663,54557.83,54561.74,54525.03,54539.78
1785806563,54539.78,54587.87,54499.39,54575.16
1785807463,54575.16,54595.47,54565.3,54594.31
1785808363,54594.31,54751.9,54567.79,54734.15
1785809263,54734.15,54788.97,54695.78,54766.18
1785810163,54766.18,54768.09,54720.39,54758.87
1785811063,54758.87,54915.44,54700.77,54903.74
1785811963,54903.74,54916.33,54826.1,54864.47
1785812863,54864.47,54952.16,54820.27,54943.87
1785813763,54943.87,54981.28,54828.35,54904.45
1785814663,54904.45,54988.69,54902.45,54971.16
1785815563,54971.16,54982.99,54867.19,54923.74
1785816463,54923.74,55039.52,54873.06,55012.71
1785817363,55012.71,55079.91,55005.55,55056.18
1785818263,55056.18,55177.02,55050.58,55156.22
1785819163,55156.22,55208.72,55155.28,55207.39
1785820063,55207.39,55211.65,55042.47,55069.45
1785820963,55069.45,55109.54,55034.51,55105.31
1785821863,55105.31,55144.08,55049.91,55062.29
1785822763,55062.29,55094.34,54978.55,54994.25
1785823663,54994.25,55092.92,54976.98,55053.77
1785824563,55053.77,55060.06,54984.5,54990.76
1785825463,54990.76,55009.04,54970.6,54973.23
1785826363,54973.23,55131.93,54962.36,55079.81
1785827263,55079.81,55112.91,55009.57,55036.16
1785828163,55036.16,55067.93,55010.7,55030.4
1785829063,55030.4,55056.21,54958.87,54969.29
1785829963,54969.29,54985.06,54829.12,54863.27
1785830863,54863.27,54875.68,54843.79,54869.54
1785831763,54869.54,54894.12,54864.69,54885.62
1785832663,54885.62,55034.85,54849.36,55023.99
1785833563,55023.99,55095.42,54997.62,55085.76
1785834463,55085.76,55116.73,54982.01,55054.21
1785835363,55054.21,55071.35,55020.17,55029.27
1785836263,55029.27,55163.35,55003.79,55155.85
1785837163,55155.85,55255.04,55153.52,55250.52
1785838063,55250.52,55283.52,55212.48,55279.44
1785838963,55279.44,55357.08,55267.98,55354.1
1785839863,55354.1,55359.49,55318.73,55358.07
1785840763,55358.07,55388.42,55301.33,55339.06
1785841663,55339.06,55496.75,55323.27,55459.72
1785842563,55459.72,55467.81,55429.13,55450.45
1785843463,55450.45,55461.47,55446.63,55459.71
1785844363,55459.71,55471.69,55371.68,55395.06
1785845263,55395.06,55518.64,55375.15,55487.67
1785846163,55487.67,55542.14,55478.39,55534.35
1785847063,55534.35,55604.35,55487.33,55512.05
1785847963,55512.05,55529.33,55357.83,55403.46
1785848863,55403.46,55416.21,55270.45,55323.52
1785849763,55323.52,55415.94,55294.92,55382.31
1785850663,55382.31,55426.42,55381.04,55414.8
1785851563,55414.8,55521.63,55408.73,55508.43
1785852463,55508.43,55576.9,55491.18,55559.86
1785853363,55559.86,55559.87,55542.62,55550.94
1785854263,55550.94,55566.22,55486.89,55490.0
1785855163,55490.0,55500.16,55298.66,55304.99
1785856063,55304.99,55449.15,55264.43,55410.39
1785856963,55410.39,55480.13,55398.1,55476.26
1785857863,55476.26,55517.11,55431.97,55442.9
1785858763,55442.9,55448.54,55422.47,55443.24
1785859663,55443.24,55457.71,55375.81,55429.63
1785860563,55429.63,55486.55,55405.07,55471.56
1785861463,55471.56,55590.74,55455.56,55587.17
1785862363,55587.17,55628.49,55545.49,55558.44
1785863263,55558.44,55612.38,55544.72,55610.45
1785864163,55610.45,55611.86,55584.96,55609.32
1785865063,55609.32,55659.55,55559.39,55647.76
1785865963,55647.76,55651.3,55602.71,55643.32
1785866863,55643.32,55884.51,55544.37,55855.43
1785867763,55855.43,55861.84,55783.06,55834.77
1785868663,55834.77,55967.92,55806.94,55963.78
1785869563,55963.78,56085.51,55936.15,56045.64
1785870463,56045.64,56081.93,55999.09,56033.21
1785871363,56033.21,56096.61,56017.01,56075.11
1785872263,56075.11,56081.43,55992.81,56027.75
1785873163,56027.75,56053.07,56005.12,56043.28
1785874063,56043.28,56253.44,56028.9,56219.43
1785874963,56219.43,56285.59,56116.22,56152.36
1785875863,56152.36,56179.35,56075.83,56100.2
1785876763,56100.2,56132.11,55978.1,56030.33
1785877663,56030.33,56049.76,55941.62,55979.73
1785878563,55979.73,55990.26,55893.48,55945.43
1785879463,55945.43,56014.46,55944.9,55987.09
1785880363,55987.09,56079.36,55960.82,56056.99
1785881263,56056.99,56122.78,56053.66,56104.3
1785882163,56104.3,56241.4,56084.32,56201.45
1785883063,56201.45,56205.72,56142.64,56175.79
1785883963,56175.79,56351.14,56146.84,56319.22
1785884863,56319.22,56323.92,56266.04,56271.64
1785885763,56271.64,56335.14,56233.35,56306.52
1785886663,56306.52,56369.32,56288.67,56348.75
1785887563,56348.75,56430.51,56259.93,56428.55
1785888463,56428.55,56455.82,56370.69,56430.96
1785889363,56430.96,56449.82,56368.1,56390.1
1785890263,56390.1,56420.27,56352.44,56416.34
1785891163,56416.34,56536.43,56411.18,56535.43
1785892063,56535.43,56565.05,56484.99,56557.82
1785892963,56557.82,56636.83,56535.41,56627.11
1785893863,56627.11,56634.58,56518.34,56538.08
1785894763,56538.08,56566.27,56423.56,56429.95
1785895663,56429.95,56465.57,56368.42,56372.79
1785896563,56372.79,56379.19,56203.17,56204.56
1785897463,56204.56,56231.38,56157.26,56159.56
1785898363,56159.56,56216.18,56015.35,56056.76
1785899263,56056.76,56063.45,55883.5,55952.36
1785900163,55952.36,55961.68,55886.36,55912.68
1785901063,55912.68,55941.0,55870.06,55872.31
1785901963,55872.31,55873.57,55835.53,55840.66
1785902863,55840.66,55850.97,55749.39,55759.8
1785903763,55759.8,55912.43,55745.87,55867.97
1785904663,55867.97,55886.73,55821.24,55853.97
1785905563,55853.97,55884.54,55805.49,55816.38
1785906463,55816.38,55932.18,55811.06,55910.1
1785907363,55910.1,56006.64,55866.29,55978.12
1785908263,55978.12,55989.9,55936.58,55950.41
1785909163,55950.41,56006.88,55903.25,55975.53
1785910063,55975.53,56134.49,55973.67,56060.39
1785910963,56060.39,56088.11,56008.5,56016.33
1785911863,56016.33,56025.4,55925.81,55964.84
1785912763,55964.84,55974.24,55786.73,55823.56
1785913663,55823.56,55864.73,55774.93,55844.36
1785914563,55844.36,55984.34,55834.51,55954.02
1785915463,55954.02,55987.27,55796.91,55821.57
1785916363,55821.57,55850.35,55700.17,55759.59
1785917263,55759.59,55777.53,55666.0,55680.58
1785918163,55680.58,55737.99,55679.21,55683.58
1785919063,55683.58,55714.44,55530.06,55533.96
1785919963,55533.96,55598.67,55492.89,55495.3
1785920863,55495.3,55597.14,55465.3,55568.5
1785921763,55568.5,55581.08,55494.27,55520.16
1785922663,55520.16,55605.89,55509.6,55591.66
1785923563,55591.66,55668.28,55532.94,55653.29
1785924463,55653.29,55678.41,55631.37,55642.21
1785925363,55642.21,55689.13,55541.25,55547.13
1785926263,55547.13,55605.54,55486.33,55538.09
1785927163,55538.09,55623.71,55529.03,55586.82
1785928063,55586.82,55592.46,55562.83,55576.4
1785928963,55576.4,55591.0,55470.98,55510.51
1785929863,55510.51,55741.97,55489.83,55708.45
1785930763,55708.45,55724.83,55609.39,55627.31
1785931663,55627.31,55766.18,55603.73,55748.1
1785932563,55748.1,55762.75,55614.33,55625.31
1785933463,55625.31,55645.68,55589.18,55605.04
1785934363,55605.04,55662.92,55523.13,55571.18
1785935263,55571.18,55607.52,55463.02,55548.5
1785936163,55548.5,55734.87,55544.6,55720.24
1785937063,55720.24,55724.85,55590.8,55639.37
1785937963,55639.37,55648.3,55575.73,55617.95
1785938863,55617.95,55649.19,55585.85,55593.28
1785939763,55593.28,55722.64,55584.76,55674.07
1785940663,55674.07,55685.06,55608.27,55644.81
1785941563,55644.81,55646.85,55527.71,55570.19
1785942463,55570.19,55669.06,55558.27,55647.38
1785943363,55647.38,55661.85,55523.84,55555.81
1785944263,55555.81,55592.74,55549.67,55580.7
1785945163,55580.7,55693.53,55536.71,55651.1
1785946063,55651.1,55686.53,55545.74,55580.72
1785946963,55580.72,55613.45,55509.22,55515.44
1785947863,55515.44,55531.82,55481.73,55521.41
1785948763,55521.41,55542.38,55413.45,55450.25
1785949663,55450.25,55506.69,55297.06,55302.96
1785950563,55302.96,55319.62,55301.63,55305.64
1785951463,55305.64,55345.57,55230.34,55339.42
1785952363,55339.42,55388.98,55331.89,55376.74
1785953263,55376.74,55460.79,55356.31,55422.33
1785954163,55422.33,55497.26,55415.28,55490.41
1785955063,55490.41,55529.83,55381.14,55396.53
1785955963,55396.53,55404.91,55360.95,55372.3
1785956863,55372.3,55380.5,55244.7,55260.9
1785957763,55260.9,55343.44,55246.73,55316.43
1785958663,55316.43,55458.01,55316.28,55431.57
1785959563,55431.57,55444.21,55342.48,55375.75
1785960463,55375.75,55419.32,55371.88,55406.29
1785961363,55406.29,55458.12,55392.49,55430.1
1785962263,55430.1,55514.76,55401.99,55497.48
1785963163,55497.48,55523.87,55488.57,55517.93
1785964063,55517.93,55615.94,55512.11,55575.71
1785964963,55575.71,55612.35,55460.6,55480.93
1785965863,55480.93,55487.48,55421.74,55425.51
1785966763,55425.51,55526.56,55384.28,55443.84
1785967663,55443.84,55580.34,55417.54,55572.47
1785968563,55572.47,55699.0,55571.23,55679.27
1785969463,55679.27,55738.79,55630.84,55712.54
1785970363,55712.54,55774.75,55696.1,55713.41
1785971263,55713.41,55740.67,55603.62,55627.47
1785972163,55627.47,55646.69,55474.26,55506.39
1785973063,55506.39,55551.02,55482.72,55503.83
1785973963,55503.83,55581.87,55492.46,55561.29
1785974863,55561.29,55696.14,55544.67,55666.22
1785975763,55666.22,55669.65,55523.92,55530.92
1785976663,55530.92,55545.72,55446.13,55446.64
1785977563,55446.64,55475.9,55369.44,55379.43
1785978463,55379.43,55400.33,55371.59,55381.06
1785979363,55381.06,55413.79,55338.77,55346.47
1785980263,55346.47,55422.13,55330.58,55401.57
1785981163,55401.57,55407.85,55371.32,55374.6
1785982063,55374.6,55378.64,55279.8,55300.64
1785982963,55300.64,55338.34,55277.82,55331.47
1785983863,55331.47,55347.46,55301.46,55340.49
1785984763,55340.49,55351.4,55135.85,55187.72
1785985663,55187.72,55281.66,55179.53,55272.38
1785986563,55272.38,55351.88,55263.76,55311.17
1785987463,55311.17,55483.74,55278.09,55464.75
1785988363,55464.75,55468.25,55376.26,55410.73
1785989263,55410.73,55446.79,55374.13,55384.06
1785990163,55384.06,55416.81,55298.43,55403.93
1785991063,55403.93,55435.49,55349.27,55371.19
1785991963,55371.19,55379.27,55271.56,55306.09
1785992863,55306.09,55332.84,55262.88,55325.57
1785993763,55325.57,55440.85,55319.82,55413.6
1785994663,55413.6,55450.09,55338.3,55372.96
1785995563,55372.96,55424.02,55281.1,55339.67
1785996463,55339.67,55420.13,55327.5,55393.23
1785997363,55393.23,55463.02,55341.45,55447.74
1785998263,55447.74,55461.15,55390.76,55400.09
1785999163,55400.09,55472.45,55372.59,55459.77
1786000063,55459.77,55467.74,55421.49,55459.73
1786000963,55459.73,55466.94,55277.77,55308.14
1786001863,55308.14,55338.23,55191.6,55203.34
1786002763,55203.34,55287.04,55198.69,55264.89
1786003663,55264.89,55297.66,55194.11,55208.41
1786004563,55208.41,55255.64,55178.61,55222.33
1786005463,55222.33,55305.96,55198.19,55292.13
1786006363,55292.13,55309.04,55132.45,55173.75
1786007263,55173.75,55222.02,55149.44,55214.49
1786008163,55214.49,55216.63,55116.99,55160.36
1786009063,55160.36,55178.95,55107.96,55115.69
1786009963,55115.69,55121.4,55084.03,55103.14
1786010863,55103.14,55104.85,55059.98,55082.88
1786011763,55082.88,55089.79,55023.47,55027.01
1786012663,55027.01,55099.06,55016.91,55097.3
1786013563,55097.3,55099.84,54915.85,54948.61
1786014463,54948.61,55046.59,54929.68,55000.32
1786015363,55000.32,55080.42,54918.61,55038.46
1786016263,55038.46,55053.53,54981.17,54985.14
1786017163,54985.14,54993.93,54808.27,54817.36
1786018063,54817.36,54853.85,54657.75,54670.55
1786018963,54670.55,54748.31,54611.15,54742.82
1786019863,54742.82,54773.45,54686.69,54700.08
1786020763,54700.08,54731.28,54667.19,54717.24
1786021663,54717.24,54791.21,54706.34,54772.99
1786022563,54772.99,54807.08,54584.74,54655.5
1786023463,54655.5,54769.75,54607.72,54750.9
1786024363,54750.9,54790.58,54661.6,54704.24
1786025263,54704.24,54772.3,54693.24,54750.69
1786026163,54750.69,54800.38,54723.33,54741.9
1786027063,54741.9,54751.23,54533.49,54559.65
1786027963,54559.65,54609.51,54543.54,54601.88
1786028863,54601.88,54654.26,54473.08,54524.96
1786029763,54524.96,54554.14,54437.17,54458.89
1786030663,54458.89,54513.71,54426.68,54497.0
1786031563,54497.0,54555.97,54488.97,54535.53
1786032463,54535.53,54543.54,54505.87,54522.53
1786033363,54522.53,54674.55,54488.79,54662.28
1786034263,54662.28,54688.96,54548.26,54573.64
1786035163,54573.64,54677.01,54546.5,54664.76
1786036063,54664.76,54668.9,54549.71,54586.98
1786036963,54586.98,54626.59,54570.36,54575.9
1786037863,54575.9,54586.93,54505.64,54524.67
1786038763,54524.67,54601.11,54438.7,54532.79
1786039663,54532.79,54588.0,54486.47,54586.3
1786040563,54586.3,54677.37,54526.41,54665.59
1786041463,54665.59,54691.71,54588.28,54590.3
1786042363,54590.3,54654.26,54568.0,54646.75
1786043263,54646.75,54665.8,54591.41,54623.69
1786044163,54623.69,54663.91,54573.31,54638.85
1786045063,54638.85,54664.25,54619.86,54645.8
1786045963,54645.8,54715.95,54610.79,54710.13
1786046863,54710.13,54748.52,54689.5,54691.72
1786047763,54691.72,54838.63,54661.04,54785.55
1786048663,54785.55,54816.63,54681.49,54686.34
1786049563,54686.34,54693.6,54436.67,54497.08
1786050463,54497.08,54498.2,54436.54,54453.02
1786051363,54453.02,54596.11,54393.66,54565.33
1786052263,54565.33,54827.09,54545.68,54779.31
1786053163,54779.31,54831.38,54642.27,54682.56
1786054063,54682.56,54688.51,54615.13,54655.16
1786054963,54655.16,54705.16,54652.43,54654.37
1786055863,54654.37,54676.97,54565.72,54571.21
1786056763,54571.21,54585.12,54542.23,54577.26
1786057663,54577.26,54612.35,54574.28,54597.21
1786058563,54597.21,54673.76,54580.3,54664.6
1786059463,54664.6,54682.55,54608.5,54625.3
1786060363,54625.3,54693.68,54590.42,54662.48
1786061263,54662.48,54680.64,54637.74,54648.77
1786062163,54648.77,54659.85,54600.7,54626.15
1786063063,54626.15,54649.4,54591.91,54641.76
1786063963,54641.76,54750.76,54617.15,54704.95
1786064863,54704.95,54841.78,54678.37,54777.72
1786065763,54777.72,54842.61,54755.05,54804.47
1786066663,54804.47,54844.17,54736.73,54738.9
1786067563,54738.9,54769.16,54708.52,54709.32
1786068463,54709.32,54744.61,54687.12,54719.77
1786069363,54719.77,54735.48,54668.3,54680.69
1786070263,54680.69,54705.57,54501.09,54549.99
1786071163,54549.99,54571.94,54521.8,54553.8
1786072063,54553.8,54653.22,54512.66,54617.51
1786072963,54617.51,54719.51,54598.57,54690.96
1786073863,54690.96,54728.0,54634.11,54726.02
1786074763,54726.02,54818.34,54724.05,54816.6
1786075663,54816.6,54930.6,54781.93,54890.05
1786076563,54890.05,55054.0,54871.27,54975.43
1786077463,54975.43,55000.51,54909.78,54938.86
1786078363,54938.86,54974.42,54900.16,54966.36
1786079263,54966.36,54997.07,54864.7,54917.51
1786080163,54917.51,54950.13,54908.53,54914.76
1786081063,54914.76,54946.01,54888.41,54908.16
1786081963,54908.16,54944.98,54820.84,54854.84
1786082863,54854.84,55068.49,54814.25,55034.12
1786083763,55034.12,55163.26,55018.48,55136.94
1786084663,55136.94,55153.25,55072.4,55134.38
1786085563,55134.38,55328.26,55117.24,55293.05
1786086463,55293.05,55373.31,55280.44,55329.75
1786087363,55329.75,55354.31,55239.4,55281.91
1786088263,55281.91,55364.11,55257.08,55321.31
1786089163,55321.31,55346.15,55291.41,55310.32
1786090063,55310.32,55316.79,55223.85,55273.8
1786090963,55273.8,55307.24,55250.64,55301.02
1786091863,55301.02,55328.74,55291.06,55316.32
1786092763,55316.32,55392.69,55313.38,55378.68
1786093663,55378.68,55417.88,55276.34,55356.42
1786094563,55356.42,55424.68,55329.63,55383.98
1786095463,55383.98,55454.99,55363.93,55417.77
1786096363,55417.77,55427.17,55355.32,55386.95
1786097263,55386.95,55507.99,55362.88,55481.82
1786098163,55481.82,55485.09,55402.29,55440.57
1786099063,55440.57,55575.01,55437.4,55570.49
1786099963,55570.49,55686.51,55566.51,55660.77
1786100863,55660.77,55687.15,55628.97,55654.59
1786101763,55654.59,55672.62,55630.46,55639.44
1786102663,55639.44,55661.57,55600.8,55608.0
1786103563,55608.0,55769.9,55598.58,55730.08
1786104463,55730.08,55950.64,55707.01,55932.96
1786105363,55932.96,55950.85,55876.04,55884.5
1786106263,55884.5,55911.1,55809.83,55834.16
1786107163,55834.16,55878.63,55742.22,55872.58
1786108063,55872.58,55920.3,55808.32,55877.52
1786108963,55877.52,55883.92,55858.34,55871.16
1786109863,55871.16,55938.37,55826.46,55902.65
1786110763,55902.65,55920.85,55851.02,55875.15
1786111663,55875.15,55884.7,55734.77,55774.44
1786112563,55774.44,55775.96,55586.51,55638.11
1786113463,55638.11,55655.25,55593.82,55619.27
1786114363,55619.27,55662.85,55603.11,55614.05
1786115263,55614.05,55650.91,55391.4,55441.44
1786116163,55441.44,55460.02,55393.78,55424.67
1786117063,55424.67,55563.42,55407.65,55538.15
1786117963,55538.15,55598.25,55529.41,55586.99
1786118863,55586.99,55608.46,55555.43,55567.41
1786119763,55567.41,55592.9,55531.98,55585.44
1786120663,55585.44,55606.81,55417.33,55456.87
1786121563,55456.87,55527.08,55446.79,55519.88
1786122463,55519.88,55673.78,55510.56,55640.67
1786123363,55640.67,55700.37,55638.91,55694.62
1786124263,55694.62,55749.98,55680.23,55696.71
1786125163,55696.71,55727.77,55611.54,55628.16
1786126063,55628.16,55630.87,55575.29,55627.73
1786126963,55627.73,55643.4,55502.88,55518.59
1786127863,55518.59,55559.08,55505.06,55552.32
1786128763,55552.32,55601.24,55376.62,55409.78
1786129663,55409.78,55435.17,55366.57,55368.6
1786130563,55368.6,55395.68,55306.74,55324.92
1786131463,55324.92,55349.22,55297.96,55341.58
1786132363,55341.58,55394.98,55334.41,55386.62
1786133263,55386.62,55402.2,55363.35,55388.02
1786134163,55388.02,55486.43,55368.89,55448.52
1786135063,55448.52,55490.79,55358.07,55400.97
1786135963,55400.97,55424.14,55355.92,55357.17
1786136863,55357.17,55524.15,55344.13,55484.09
1786137763,55484.09,55498.88,55439.14,55456.21
1786138663,55456.21,55669.43,55455.53,55613.55
1786139563,55613.55,55627.87,55604.71,55617.04
1786140463,55617.04,55742.8,55569.92,55712.38
1786141363,55712.38,55720.99,55674.84,55678.86
1786142263,55678.86,55699.12,55588.1,55607.36
1786143163,55607.36,55613.68,55500.5,55532.18
1786144063,55532.18,55617.97,55520.9,55579.41
1786144963,55579.41,55627.41,55511.6,55562.41
1786145863,55562.41,55605.62,55538.43,55564.09
1786146763,55564.09,55617.91,55543.19,55615.44
1786147663,55615.44,55638.61,55544.96,55581.42
1786148563,55581.42,55607.73,55510.83,55577.08
1786149463,55577.08,55676.8,55544.82,55643.27
1786150363,55643.27,55732.17,55606.55,55685.41
1786151263,55685.41,55734.57,55671.4,55707.52
1786152163,55707.52,55718.12,55584.55,55594.21
1786153063,55594.21,55632.68,55442.36,55464.46
1786153963,55464.46,55522.09,55411.54,55477.19
1786154863,55477.19,55519.26,55427.37,55443.54
1786155763,55443.54,55555.23,55372.14,55501.38
1786156663,55501.38,55564.95,55491.23,55519.38
1786157563,55519.38,55609.86,55519.16,55596.31
1786158463,55596.31,55599.88,55547.54,55557.77
1786159363,55557.77,55567.82,55444.24,55485.74
1786160263,55485.74,55501.19,55386.22,55426.72
1786161163,55426.72,55475.22,55386.54,55411.16
1786162063,55411.16,55428.81,55292.25,55318.79
1786162963,55318.79,55341.34,55221.88,55256.12
1786163863,55256.12,55261.34,55185.99,55199.17
1786164763,55199.17,55204.74,55049.21,55095.68
1786165663,55095.68,55099.1,55014.71,55025.31
1786166563,55025.31,55066.09,54973.46,54996.01
1786167463,54996.01,55029.05,54991.04,55003.93
1786168363,55003.93,55085.67,54997.86,55071.87
1786169263,55071.87,55098.22,55071.13,55088.53
1786170163,55088.53,55224.28,55087.49,55216.56
1786171063,55216.56,55250.06,55051.65,55091.31
1786171963,55091.31,55301.62,55068.35,55231.32
1786172863,55231.32,55231.59,55159.09,55210.61
1786173763,55210.61,55254.44,55173.08,55230.25
1786174663,55230.25,55234.61,55055.29,55108.24
1786175563,55108.24,55115.15,55079.21,55100.97
1786176463,55100.97,55107.93,55003.54,55024.93
1786177363,55024.93,55056.27,54879.47,54889.65
1786178263,54889.65,55064.49,54852.56,55050.81
1786179163,55050.81,55069.88,54963.8,55004.01
1786180063,55004.01,55023.15,54996.02,55023.13
1786180963,55023.13,55050.04,54891.38,54951.49
1786181863,54951.49,54968.4,54848.35,54904.34
1786182763,54904.34,54939.73,54899.22,54915.93
1786183663,54915.93,54941.62,54912.4,54928.48
1786184563,54928.48,54931.02,54854.97,54865.45
1786185463,54865.45,54914.62,54859.72,54909.29
1786186363,54909.29,54947.0,54888.72,54930.73
1786187263,54930.73,54953.78,54912.17,54933.17
1786188163,54933.17,54945.53,54924.77,54942.09
1786189063,54942.09,54962.43,54881.68,54949.41
1786189963,54949.41,55027.3,54920.74,55011.79
1786190863,55011.79,55018.54,54975.27,54991.85
1786191763,54991.85,55078.88,54967.3,55054.8
1786192663,55054.8,55135.57,55053.63,55097.09
1786193563,55097.09,55334.48,55095.91,55300.18
1786194463,55300.18,55334.68,55278.15,55308.87
1786195363,55308.87,55328.15,55258.18,55280.43
1786196263,55280.43,55383.01,55278.67,55330.38
1786197163,55330.38,55526.48,55302.25,55501.53
1786198063,55501.53,55546.96,55446.19,55455.72
1786198963,55455.72,55488.74,55445.75,55470.9
1786199863,55470.9,55490.27,55441.86,55457.3
1786200763,55457.3,55478.93,55452.68,55471.56
1786201663,55471.56,55476.03,55421.29,55449.16
1786202563,55449.16,55475.14,55287.21,55328.99
1786203463,55328.99,55344.95,55295.96,55336.77
1786204363,55336.77,55439.52,55238.53,55435.25
1786205263,55435.25,55478.0,55400.88,55471.34
1786206163,55471.34,55542.77,55415.21,55479.82
1786207063,55479.82,55561.96,55439.06,55516.2
1786207963,55516.2,55518.47,55355.24,55363.78
1786208863,55363.78,55428.31,55351.21,55371.51
1786209763,55371.51,55374.76,55335.06,55351.96
1786210663,55351.96,55469.13,55339.04,55462.83
1786211563,55462.83,55466.93,55452.24,55455.96
1786212463,55455.96,55463.78,55397.91,55408.68
1786213363,55408.68,55485.87,55403.56,55457.18
1786214263,55457.18,55577.85,55447.62,55575.45
1786215163,55575.45,55599.92,55568.82,55597.5
1786216063,55597.5,55722.32,55563.2,55657.03
1786216963,55657.03,55823.65,55638.24,55790.28
1786217863,55790.28,56065.76,55762.23,55998.82
1786218763,55998.82,56000.93,55823.7,55840.07
1786219663,55840.07,55961.2,55781.02,55916.27
1786220563,55916.27,55969.53,55888.09,55967.72
1786221463,55967.72,56008.69,55891.13,55924.76
1786222363,55924.76,55936.34,55837.32,55862.58
1786223263,55862.58,55954.19,55850.69,55936.56
1786224163,55936.56,56042.08,55915.43,56009.61
1786225063,56009.61,56025.69,55938.9,55956.32
1786225963,55956.32,55984.61,55956.0,55961.2
1786226863,55961.2,55968.42,55903.05,55941.48
1786227763,55941.48,56006.67,55925.17,55989.96
1786228663,55989.96,56014.59,55962.64,56014.02
1786229563,56014.02,56034.61,55903.0,55922.85
1786230463,55922.85,55927.59,55810.68,55826.59
1786231363,55826.59,55889.37,55793.39,55868.3
1786232263,55868.3,55922.94,55743.17,55746.46
1786233163,55746.46,55766.68,55703.16,55730.93
1786234063,55730.93,55830.59,55719.08,55764.4
1786234963,55764.4,55891.89,55759.65,55836.53
1786235863,55836.53,55908.01,55807.87,55899.95
1786236763,55899.95,55913.91,55724.47,55761.24
1786237663,55761.24,55787.44,55669.23,55675.45
1786238563,55675.45,55710.82,55605.9,55619.23
1786239463,55619.23,55667.77,55596.67,55598.35
1786240363,55598.35,55674.35,55558.71,55599.12
1786241263,55599.12,55660.74,55504.71,55545.02
1786242163,55545.02,55556.07,55467.04,55490.0
1786243063,55490.0,55544.5,55417.84,55434.37
1786243963,55434.37,55446.49,55430.99,55436.79
1786244863,55436.79,55568.47,55415.54,55538.84
1786245763,55538.84,55617.87,55375.03,55392.05
1786246663,55392.05,55408.55,55365.2,55370.84
1786247563,55370.84,55390.33,55247.98,55284.39
1786248463,55284.39,55415.56,55283.92,55376.78
1786249363,55376.78,55410.88,55250.46,55264.41
1786250263,55264.41,55267.51,55229.41,55247.99
1786251163,55247.99,55253.12,55230.05,55243.28
1786252063,55243.28,55365.34,55208.78,55351.52
1786252963,55351.52,55467.15,55345.74,55451.04
1786253863,55451.04,55493.13,55438.18,55452.66
1786254763,55452.66,55530.49,55429.49,55517.26
1786255663,55517.26,55579.08,55374.05,55385.69
1786256563,55385.69,55441.38,55382.2,55431.83
1786257463,55431.83,55470.05,55392.58,55438.52
1786258363,55438.52,55449.69,55341.48,55386.8
1786259263,55386.8,55417.26,55363.17,55400.4
1786260163,55400.4,55482.45,55386.12,55448.32
1786261063,55448.32,55457.99,55404.98,55417.61
1786261963,55417.61,55505.3,55367.91,55473.93
1786262863,55473.93,55518.81,55452.5,55490.97
1786263763,55490.97,55509.49,55406.48,55444.04
1786264663,55444.04,55466.38,55379.36,55389.8
1786265563,55389.8,55443.99,55380.94,55427.89
1786266463,55427.89,55503.71,55395.51,55493.13
1786267363,55493.13,55495.69,55406.42,55431.83
1786268263,55431.83,55479.67,55325.85,55393.03
1786269163,55393.03,55396.96,55361.42,55394.77
1786270063,55394.77,55455.0,55350.42,55423.98
1786270963,55423.98,55436.27,55355.94,55380.87
1786271863,55380.87,55393.23,55285.6,55323.12
1786272763,55323.12,55405.72,55265.45,55318.05
1786273663,55318.05,55333.37,55199.04,55220.36
1786274563,55220.36,55268.41,55177.32,55178.32
1786275463,55178.32,55212.98,55087.68,55133.73
1786276363,55133.73,55165.44,54977.44,54988.25
1786277263,54988.25,55027.5,54921.68,54974.82
1786278163,54974.82,55001.35,54888.98,54900.79
1786279063,54900.79,54920.94,54788.91,54856.99
1786279963,54856.99,55086.49,54826.05,55069.13
1786280863,55069.13,55232.56,55043.11,55231.5
1786281763,55231.5,55298.98,55204.92,55267.0
1786282663,55267.0,55404.84,55217.31,55390.9
1786283563,55390.9,55442.85,55362.48,55431.31
1786284463,55431.31,55631.4,55403.85,55628.27
1786285363,55628.27,55700.38,55573.07,55689.06
1786286263,55689.06,55689.27,55659.93,55668.77
1786287163,55668.77,55750.73,55642.0,55748.53
1786288063,55748.53,55852.58,55726.21,55819.82
1786288963,55819.82,55932.15,55797.15,55917.34
1786289863,55917.34,56055.01,55902.39,56022.45
1786290763,56022.45,56047.68,55878.64,55927.83
1786291663,55927.83,55951.02,55881.03,55916.6
1786292563,55916.6,55928.27,55704.26,55715.37
1786293463,55715.37,55716.41,55642.71,55655.68
1786294363,55655.68,55680.47,55619.96,55645.94
1786295263,55645.94,55704.48,55614.75,55632.62
1786296163,55632.62,55669.3,55556.06,55581.86
1786297063,55581.86,55650.47,55580.95,55642.71
1786297963,55642.71,55647.95,55453.51,55540.19
1786298863,55540.19,55599.25,55452.7,55474.19
1786299763,55474.19,55518.3,55470.49,55470.55
1786300663,55470.55,55488.62,55335.96,55369.0
1786301563,55369.0,55369.46,55270.49,55302.46
1786302463,55302.46,55361.4,55153.94,55192.07
1786303363,55192.07,55214.18,55121.95,55138.02
1786304263,55138.02,55258.2,55122.79,55222.82
1786305163,55222.82,55225.26,55162.62,55165.21
1786306063,55165.21,55175.57,55117.26,55154.87
1786306963,55154.87,55219.2,55121.7,55218.35
1786307863,55218.35,55237.75,55208.87,55222.49
1786308763,55222.49,55331.11,55191.08,55328.9
1786309663,55328.9,55433.69,55315.11,55427.71
1786310563,55427.71,55469.82,55232.46,55247.26
1786311463,55247.26,55343.52,55173.27,55195.23
1786312363,55195.23,55324.48,55184.78,55315.28
1786313263,55315.28,55368.38,55207.89,55218.29
1786314163,55218.29,55234.56,55188.23,55211.56
1786315063,55211.56,55214.58,55056.06,55073.3
1786315963,55073.3,55271.38,55071.9,55243.19
1786316863,55243.19,55261.31,55213.56,55238.75
1786317763,55238.75,55281.31,55235.0,55245.73
1786318663,55245.73,55258.24,55198.64,55236.17
1786319563,55236.17,55263.6,55213.83,55227.55
1786320463,55227.55,55235.6,55192.96,55224.64
1786321363,55224.64,55247.0,55217.51,55243.4
1786322263,55243.4,55254.22,55199.98,55215.18
1786323163,55215.18,55234.59,55207.25,55213.31
1786324063,55213.31,55237.19,55151.81,55153.76
1786324963,55153.76,55171.6,55125.95,55154.9
1786325863,55154.9,55306.44,55150.86,55210.43
1786326763,55210.43,55229.46,55170.31,55194.04
1786327663,55194.04,55281.62,55190.73,55264.44
1786328563,55264.44,55327.98,55254.08,55318.85
1786329463,55318.85,55365.77,55305.67,55344.41
1786330363,55344.41,55359.41,55281.91,55303.15
1786331263,55303.15,55343.58,55285.24,55315.62
1786332163,55315.62,55333.53,55200.16,55228.42
1786333063,55228.42,55316.04,55216.77,55304.43
1786333963,55304.43,55330.97,55244.81,55275.48
1786334863,55275.48,55321.73,55158.8,55193.12
1786335763,55193.12,55301.51,55167.52,55270.11
1786336663,55270.11,55272.56,55236.46,55255.04
1786337563,55255.04,55260.34,55244.9,55247.61
1786338463,55247.61,55294.0,55230.34,55275.24
1786339363,55275.24,55316.58,55160.35,55167.46
1786340263,55167.46,55240.09,55122.91,55218.99
1786341163,55218.99,55242.41,55133.79,55147.36
1786342063,55147.36,55177.86,55145.76,55157.9
1786342963,55157.9,55229.44,55131.9,55220.02
1786343863,55220.02,55243.6,55156.47,55164.44
1786344763,55164.44,55267.68,55130.06,55236.77
1786345663,55236.77,55282.54,55220.75,55222.46
1786346563,55222.46,55368.48,55214.68,55322.14
1786347463,55322.14,55322.16,55304.26,55316.23
1786348363,55316.23,55325.8,55258.51,55303.32
1786349263,55303.32,55315.64,55289.79,55293.77
1786350163,55293.77,55320.04,55231.93,55236.38
1786351063,55236.38,55251.82,55206.25,55213.25
1786351963,55213.25,55279.53,55202.54,55273.32
1786352863,55273.32,55286.47,55223.95,55283.81
1786353763,55283.81,55341.34,55263.66,55312.97
1786354663,55312.97,55316.76,55201.77,55204.89
1786355563,55204.89,55391.71,55199.83,55337.01
1786356463,55337.01,55382.72,55240.44,55243.54
1786357363,55243.54,55261.02,55185.99,55191.97
1786358263,55191.97,55293.57,55153.17,55282.43
1786359163,55282.43,55422.63,55248.29,55410.28
1786360063,55410.28,55450.3,55332.0,55341.44
1786360963,55341.44,55393.27,55308.61,55311.6
1786361863,55311.6,55331.45,55282.43,55318.03
1786362763,55318.03,55371.5,55237.45,55245.63
1786363663,55245.63,55315.76,55207.34,55310.43
1786364563,55310.43,55475.89,55308.32,55435.82
1786365463,55435.82,55579.67,55411.58,55574.79
1786366363,55574.79,55587.16,55483.56,55504.2
1786367263,55504.2,55528.93,55465.96,55523.77
1786368163,55523.77,55666.35,55464.15,55624.99
1786369063,55624.99,55685.38,55596.1,55643.85
1786369963,55643.85,55705.93,55625.46,55696.7
1786370863,55696.7,55945.98,55648.73,55926.74
1786371763,55926.74,55929.12,55808.82,55842.69
1786372663,55842.69,55943.99,55820.09,55902.71
1786373563,55902.71,55914.16,55763.93,55830.67
1786374463,55830.67,55833.48,55722.25,55772.94
1786375363,55772.94,55813.32,55759.98,55772.23
1786376263,55772.23,55787.29,55704.5,55748.6
1786377163,55748.6,55776.96,55689.81,55715.21
1786378063,55715.21,55796.75,55689.4,55796.61
1786378963,55796.61,55875.8,55783.9,55835.21
1786379863,55835.21,55839.67,55805.25,55814.51
1786380763,55814.51,55846.02,55811.38,55843.18
1786381663,55843.18,55942.75,55799.59,55905.69
1786382563,55905.69,55987.22,55872.08,55958.0
1786383463,55958.0,55985.36,55944.71,55968.57
1786384363,55968.57,55989.45,55891.22,55950.51
1786385263,55950.51,55987.38,55876.33,55894.27
1786386163,55894.27,55930.83,55853.37,55929.21
1786387063,55929.21,55941.1,55755.86,55811.18
1786387963,55811.18,55829.64,55760.73,55796.28
1786388863,55796.28,55821.67,55785.08,55810.4
1786389763,55810.4,55874.87,55726.73,55752.02
1786390663,55752.02,55775.88,55715.65,55749.39
1786391563,55749.39,55752.37,55661.31,55693.44
1786392463,55693.44,55720.41,55601.09,55639.93
1786393363,55639.93,55809.23,55628.13,55776.5
1786394263,55776.5,55817.22,55766.41,55792.23
1786395163,55792.23,55835.34,55765.78,55819.34
1786396063,55819.34,55836.09,55671.55,55722.82
1786396963,55722.82,55750.68,55615.79,55669.99
1786397863,55669.99,55694.29,55638.61,55648.47
1786398763,55648.47,55652.58,55566.67,55577.17
1786399663,55577.17,55602.5,55539.6,55558.73
1786400563,55558.73,55708.31,55556.12,55672.53
1786401463,55672.53,55698.5,55588.91,55632.36
1786402363,55632.36,55773.53,55605.08,55742.67
1786403263,55742.67,55804.58,55708.82,55790.64
1786404163,55790.64,55806.91,55773.7,55779.92
1786405063,55779.92,55828.58,55774.66,55788.31
1786405963,55788.31,55929.36,55741.97,55872.89
1786406863,55872.89,55903.85,55794.33,55820.32
1786407763,55820.32,55935.38,55747.2,55759.02
1786408663,55759.02,55859.88,55747.99,55756.32
1786409563,55756.32,55756.47,55449.36,55466.56
1786410463,55466.56,55484.51,55443.45,55464.34
1786411363,55464.34,55601.55,55418.66,55588.04
1786412263,55588.04,55696.08,55585.91,55659.88
1786413163,55659.88,55699.61,55644.02,55695.75
1786414063,55695.75,55775.77,55679.54,55716.23
1786414963,55716.23,55791.16,55693.54,55728.7
1786415863,55728.7,55744.82,55664.66,55668.88
1786416763,55668.88,55695.76,55593.5,55646.08
1786417663,55646.08,55673.01,55610.67,55651.15
1786418563,55651.15,55670.79,55564.14,55596.91
1786419463,55596.91,55599.08,55504.48,55508.82
1786420363,55508.82,55586.11,55508.2,55585.22
1786421263,55585.22,55616.14,55499.21,55531.83
1786422163,55531.83,55574.57,55459.77,55513.9
1786423063,55513.9,55656.4,55443.17,55623.49
1786423963,55623.49,55630.44,55575.89,55586.7
1786424863,55586.7,55619.32,55468.73,55472.51
1786425763,55472.51,55481.12,55390.07,55396.33
1786426663,55396.33,55403.79,55219.39,55261.6
1786427563,55261.6,55308.57,55209.09,55213.8
1786428463,55213.8,55256.34,55153.43,55247.86
1786429363,55247.86,55378.17,55234.83,55364.36
1786430263,55364.36,55509.86,55359.0,55471.93
1786431163,55471.93,55500.4,55382.86,55415.12
1786432063,55415.12,55425.37,55349.18,55371.01
1786432963,55371.01,55418.41,55211.13,55281.74
1786433863,55281.74,55328.07,55195.75,55203.99
1786434763,55203.99,55286.47,55161.5,55265.55
1786435663,55265.55,55308.02,55248.76,55275.7
1786436563,55275.7,55304.54,55177.14,55230.66
1786437463,55230.66,55249.29,55199.17,55205.33
1786438363,55205.33,55281.66,55165.63,55267.64
1786439263,55267.64,55347.01,55240.13,55289.23
1786440163,55289.23,55332.25,55182.95,55206.97
1786441063,55206.97,55232.94,55191.85,55211.59
1786441963,55211.59,55257.13,55190.84,55251.33
1786442863,55251.33,55287.95,55161.32,55187.32
1786443763,55187.32,55198.31,55049.98,55070.17
1786444663,55070.17,55071.16,54911.65,54917.3
1786445563,54917.3,54929.17,54725.87,54736.86
1786446463,54736.86,54787.46,54682.1,54777.81
1786447363,54777.81,54811.53,54766.53,54781.7
1786448263,54781.7,54788.82,54720.15,54755.62
1786449163,54755.62,54912.15,54740.73,54879.95
1786450063,54879.95,54917.28,54870.33,54900.0
1786450963,54900.0,54910.65,54592.35,54632.91
1786451863,54632.91,54650.15,54603.33,54642.74
1786452763,54642.74,54724.36,54616.9,54713.25
1786453663,54713.25,54787.74,54653.1,54753.51
1786454563,54753.51,54880.77,54739.53,54848.72
1786455463,54848.72,54855.29,54766.13,54814.99
1786456363,54814.99,54916.07,54810.05,54902.71
1786457263,54902.71,54904.85,54863.86,54877.03
1786458163,54877.03,55090.0,54843.39,55089.7
1786459063,55089.7,55099.26,55044.86,55058.96
1786459963,55058.96,55079.9,54998.92,55016.48
1786460863,55016.48,55018.84,54975.98,54981.88
1786461763,54981.88,55005.15,54959.91,54980.18
1786462663,54980.18,54988.08,54877.14,54892.33
1786463563,54892.33,55021.41,54878.08,54990.49
1786464463,54990.49,55020.08,54907.03,54927.59
1786465363,54927.59,54961.88,54818.39,54859.26
1786466263,54859.26,54896.98,54846.97,54856.15
1786467163,54856.15,54882.7,54770.36,54783.79
1786468063,54783.79,54953.45,54752.38,54900.99
1786468963,54900.99,54983.4,54892.71,54967.81
1786469863,54967.81,55014.81,54762.31,54778.2
1786470763,54778.2,54791.09,54766.38,54785.03
1786471663,54785.03,54805.64,54645.49,54704.97
1786472563,54704.97,54782.54,54691.63,54736.57
1786473463,54736.57,54820.17,54735.83,54810.62
1786474363,54810.62,54879.35,54798.53,54828.38
1786475263,54828.38,54862.31,54740.02,54781.12
1786476163,54781.12,54834.36,54647.8,54731.78
1786477063,54731.78,54743.99,54637.22,54668.62
1786477963,54668.62,54697.25,54504.34,54551.62
1786478863,54551.62,54574.86,54494.12,54533.15
1786479763,54533.15,54647.87,54527.71,54635.84
1786480663,54635.84,54682.54,54508.51,54518.02
1786481563,54518.02,54534.09,54495.97,54510.16
1786482463,54510.16,54692.85,54496.62,54692.44
1786483363,54692.44,54721.83,54648.8,54662.33
1786484263,54662.33,54725.35,54608.8,54723.64
1786485163,54723.64,54797.81,54708.09,54797.35
1786486063,54797.35,54822.39,54666.19,54693.11
1786486963,54693.11,54777.3,54661.69,54752.62
1786487863,54752.62,54780.32,54739.01,54739.72
1786488763,54739.72,54740.69,54525.11,54550.14
1786489663,54550.14,54601.4,54516.77,54555.39
1786490563,54555.39,54668.91,54466.73,54662.93
1786491463,54662.93,54693.36,54561.76,54590.27
1786492363,54590.27,54591.88,54562.18,54574.57
1786493263,54574.57,54749.09,54566.89,54685.37
1786494163,54685.37,54700.36,54655.45,54675.24
1786495063,54675.24,54711.6,54603.16,54675.68
1786495963,54675.68,54721.63,54662.34,54692.85
1786496863,54692.85,54769.38,54658.15,54748.91
1786497763,54748.91,54914.81,54737.26,54888.4
1786498663,54888.4,54926.57,54886.01,54920.6
1786499563,54920.6,54930.7,54768.99,54791.11
1786500463,54791.11,54797.0,54765.24,54794.3
1786501363,54794.3,54896.75,54736.95,54892.74
1786502263,54892.74,54910.43,54645.78,54679.74
1786503163,54679.74,54719.77,54673.78,54716.11
1786504063,54716.11,54757.07,54667.01,54736.09
1786504963,54736.09,54804.49,54658.55,54713.41
1786505863,54713.41,54771.32,54569.78,54593.45
1786506763,54593.45,54646.38,54569.09,54624.54
1786507663,54624.54,54665.64,54577.96,54633.04
1786508563,54633.04,54648.98,54577.45,54579.15
1786509463,54579.15,54646.55,54531.35,54560.62
1786510363,54560.62,54608.6,54457.1,54475.34
1786511263,54475.34,54503.26,54432.54,54449.46
1786512163,54449.46,54547.61,54436.33,54528.65
1786513063,54528.65,54702.08,54518.11,54694.07
1786513963,54694.07,54717.9,54625.66,54689.07
1786514863,54689.07,54695.12,54526.7,54575.72
1786515763,54575.72,54681.68,54553.01,54636.12
1786516663,54636.12,54701.21,54607.28,54650.88
1786517563,54650.88,54741.49,54642.67,54712.09
1786518463,54712.09,54728.88,54564.95,54600.88
1786519363,54600.88,54610.88,54541.66,54551.9
1786520263,54551.9,54667.66,54540.67,54656.09
1786521163,54656.09,54840.59,54635.52,54827.31
1786522063,54827.31,54832.09,54686.79,54712.77
1786522963,54712.77,54728.13,54603.88,54626.28
1786523863,54626.28,54725.18,54622.4,54662.27
1786524763,54662.27,54695.92,54619.57,54663.6
1786525663,54663.6,54744.92,54641.07,54738.0
1786526563,54738.0,54760.42,54637.66,54686.74
1786527463,54686.74,54699.38,54573.46,54600.84
1786528363,54600.84,54626.81,54592.81,54623.35
1786529263,54623.35,54651.93,54600.37,54607.99
1786530163,54607.99,54742.94,54597.67,54719.14
1786531063,54719.14,54748.3,54542.36,54601.02
1786531963,54601.02,54748.89,54568.66,54727.7
1786532863,54727.7,54797.25,54716.38,54792.6
1786533763,54792.6,54829.46,54744.86,54746.47
1786534663,54746.47,54853.22,54743.23,54849.75
1786535563,54849.75,54856.22,54753.08,54804.35
1786536463,54804.35,54810.46,54624.73,54698.56
1786537363,54698.56,54803.41,54683.1,54748.85
1786538263,54748.85,54881.78,54716.03,54848.64
1786539163,54848.64,54858.8,54810.53,54819.96
1786540063,54819.96,54876.53,54774.24,54806.2
1786540963,54806.2,54852.1,54744.37,54751.32
1786541863,54751.32,54763.42,54516.27,54540.79
1786542763,54540.79,54606.94,54533.59,54591.9
1786543663,54591.9,54607.01,54539.45,54564.49
1786544563,54564.49,54739.32,54561.75,54734.64
1786545463,54734.64,54758.87,54627.27,54646.03
1786546363,54646.03,54646.47,54573.84,54575.48
1786547263,54575.48,54584.85,54549.5,54565.42
1786548163,54565.42,54596.87,54528.41,54561.78
1786549063,54561.78,54591.32,54452.29,54455.86
1786549963,54455.86,54490.94,54435.47,54460.44
1786550863,54460.44,54479.46,54425.53,54428.8
1786551763,54428.8,54437.08,54426.46,54431.41
1786552663,54431.41,54477.6,54400.8,54476.93
1786553563,54476.93,54590.84,54450.61,54576.21
1786554463,54576.21,54707.28,54567.98,54653.54
1786555363,54653.54,54694.43,54617.38,54645.47
1786556263,54645.47,54849.93,54586.51,54795.74
1786557163,54795.74,54888.72,54792.52,54877.92
1786558063,54877.92,54891.59,54835.02,54839.68
1786558963,54839.68,54974.91,54838.72,54945.49
1786559863,54945.49,54955.0,54790.83,54837.75
1786560763,54837.75,54919.46,54727.24,54748.03
1786561663,54748.03,54773.12,54687.42,54734.57
1786562563,54734.57,54810.63,54703.43,54805.31
1786563463,54805.31,54890.83,54804.18,54857.92
1786564363,54857.92,54879.01,54772.51,54782.02
1786565263,54782.02,54981.59,54759.39,54921.97
1786566163,54921.97,54932.35,54872.42,54883.62
1786567063,54883.62,54888.41,54819.73,54847.46
1786567963,54847.46,54859.22,54779.58,54792.49
1786568863,54792.49,54844.61,54710.51,54719.73
1786569763,54719.73,54723.01,54607.56,54615.0
1786570663,54615.0,54670.5,54610.47,54650.41
1786571563,54650.41,54681.77,54460.57,54478.76
1786572463,54478.76,54525.6,54454.16,54521.92
1786573363,54521.92,54655.77,54514.62,54649.46
1786574263,54649.46,54718.04,54525.08,54584.03
1786575163,54584.03,54645.82,54439.88,54440.64
1786576063,54440.64,54516.45,54373.19,54382.74
1786576963,54382.74,54399.55,54271.5,54347.29
1786577863,54347.29,54377.7,54321.63,54364.28
1786578763,54364.28,54415.7,54363.58,54380.5
1786579663,54380.5,54498.96,54379.79,54466.67
1786580563,54466.67,54484.82,54465.31,54471.86
1786581463,54471.86,54562.81,54456.85,54510.84
1786582363,54510.84,54559.07,54480.25,54553.6
1786583263,54553.6,54575.62,54427.92,54437.81
1786584163,54437.81,54455.84,54376.5,54378.55
1786585063,54378.55,54380.8,54220.03,54286.02
1786585963,54286.02,54304.81,54280.08,54298.06
1786586863,54298.06,54353.92,54291.17,54332.07
1786587763,54332.07,54366.5,54318.01,54340.38
1786588663,54340.38,54361.04,54262.95,54272.58
1786589563,54272.58,54303.23,54200.81,54230.2
1786590463,54230.2,54364.4,54188.03,54349.08
1786591363,54349.08,54364.69,54154.17,54192.26
1786592263,54192.26,54431.61,54140.9,54395.67
1786593163,54395.67,54518.45,54391.75,54432.28
1786594063,54432.28,54532.11,54338.98,54349.82
1786594963,54349.82,54417.07,54326.74,54404.29
1786595863,54404.29,54404.61,54331.23,54341.57
1786596763,54341.57,54465.27,54331.98,54418.58
1786597663,54418.58,54539.52,54392.0,54508.59
1786598563,54508.59,54521.47,54438.19,54457.25
1786599463,54457.25,54467.91,54314.14,54327.82
1786600363,54327.82,54535.01,54320.1,54477.2
1786601263,54477.2,54499.49,54473.39,54482.76
1786602163,54482.76,54511.41,54428.67,54434.43
1786603063,54434.43,54499.87,54430.08,54494.24
1786603963,54494.24,54535.58,54338.82,54381.79
1786604863,54381.79,54448.81,54373.97,54397.69
1786605763,54397.69,54494.06,54358.02,54479.68
1786606663,54479.68,54495.23,54442.48,54448.62
1786607563,54448.62,54456.34,54310.6,54322.01
1786608463,54322.01,54350.12,54270.5,54297.52
1786609363,54297.52,54460.47,54292.06,54436.04
1786610263,54436.04,54491.17,54417.63,54479.25
1786611163,54479.25,54495.36,54474.0,54476.19
1786612063,54476.19,54530.18,54465.0,54477.22
1786612963,54477.22,54547.39,54451.89,54529.2
1786613863,54529.2,54695.44,54523.67,54613.86
1786614763,54613.86,54663.57,54505.84,54517.52
1786615663,54517.52,54619.89,54505.35,54572.79
1786616563,54572.79,54586.66,54503.15,54513.02
1786617463,54513.02,54655.44,54504.61,54653.68
1786618363,54653.68,54789.8,54649.39,54775.75
1786619263,54775.75,54830.41,54768.23,54788.04
1786620163,54788.04,54837.28,54722.63,54764.15
1786621063,54764.15,54794.5,54654.56,54720.96
1786621963,54720.96,54740.51,54710.58,54729.9
1786622863,54729.9,54870.56,54687.89,54846.82
1786623763,54846.82,54857.66,54809.03,54826.67
1786624663,54826.67,54859.39,54753.91,54760.15
1786625563,54760.15,54807.58,54734.15,54786.56
1786626463,54786.56,54816.67,54722.18,54772.5
1786627363,54772.5,54851.86,54727.53,54806.11
1786628263,54806.11,54819.7,54636.04,54698.05
1786629163,54698.05,54739.26,54661.05,54721.77
1786630063,54721.77,54747.29,54701.78,54731.4
1786630963,54731.4,54800.2,54658.9,54675.86
1786631863,54675.86,54680.47,54604.13,54642.83
1786632763,54642.83,54664.77,54621.72,54662.8
1786633663,54662.8,54756.7,54655.08,54749.34
1786634563,54749.34,54892.92,54724.98,54880.95
1786635463,54880.95,54887.73,54813.55,54839.79
1786636363,54839.79,54893.47,54732.8,54751.6
1786637263,54751.6,54756.42,54668.27,54674.09
1786638163,54674.09,54745.1,54653.9,54719.55
1786639063,54719.55,54765.62,54688.33,54709.17
1786639963,54709.17,54759.18,54704.08,54749.79
1786640863,54749.79,54800.04,54606.35,54665.11
1786641763,54665.11,54725.44,54590.33,54662.22
1786642663,54662.22,54685.49,54632.82,54651.85
1786643563,54651.85,54656.34,54619.87,54644.39
1786644463,54644.39,54648.48,54558.2,54627.64
1786645363,54627.64,54810.93,54598.27,54809.59
1786646263,54809.59,55000.6,54789.46,54954.48
1786647163,54954.48,54983.97,54932.38,54952.38
1786648063,54952.38,54983.34,54935.28,54950.3
1786648963,54950.3,55089.93,54905.34,55072.3
1786649863,55072.3,55216.36,55052.78,55159.52
1786650763,55159.52,55166.82,55072.26,55105.51
1786651663,55105.51,55161.98,55089.18,55108.95
1786652563,55108.95,55290.75,55082.35,55266.87
1786653463,55266.87,55295.6,55131.75,55145.2
1786654363,55145.2,55216.83,55114.87,55203.28
1786655263,55203.28,55231.32,55008.64,55027.24
1786656163,55027.24,55035.3,54987.31,55013.44
1786657063,55013.44,55019.92,54992.71,55006.84
1786657963,55006.84,55009.81,54951.27,54954.13
1786658863,54954.13,54992.3,54909.26,54920.92
1786659763,54920.92,54959.97,54891.12,54943.67
1786660663,54943.67,54952.68,54775.28,54802.12
1786661563,54802.12,54880.57,54795.63,54876.67
1786662463,54876.67,54915.12,54777.35,54805.65
1786663363,54805.65,54840.0,54747.32,54783.01
1786664263,54783.01,54815.69,54645.5,54653.97
1786665163,54653.97,54776.58,54588.96,54754.91
1786666063,54754.91,54758.78,54752.63,54753.67
1786666963,54753.67,54772.88,54621.16,54641.08
1786667863,54641.08,54656.99,54587.42,54609.74
1786668763,54609.74,54730.07,54588.3,54710.84
1786669663,54710.84,54741.78,54660.52,54680.07
1786670563,54680.07,54683.77,54555.01,54573.28
1786671463,54573.28,54593.38,54473.25,54529.63
1786672363,54529.63,54534.99,54485.73,54500.13
1786673263,54500.13,54631.14,54475.98,54631.09
1786674163,54631.09,54705.22,54615.76,54689.29
1786675063,54689.29,54753.87,54635.63,54717.01
1786675963,54717.01,54827.23,54680.14,54806.25
1786676863,54806.25,54839.41,54783.0,54830.42
1786677763,54830.42,54866.72,54795.94,54860.2
1786678663,54860.2,54863.57,54811.32,54831.1
1786679563,54831.1,54890.43,54788.11,54807.01
1786680463,54807.01,54905.72,54784.93,54843.36
1786681363,54843.36,54852.2,54732.62,54737.76
1786682263,54737.76,54782.81,54600.66,54650.69
1786683163,54650.69,54677.56,54616.79,54617.76
1786684063,54617.76,54767.61,54610.47,54712.41
1786684963,54712.41,54802.82,54668.36,54794.24
1786685863,54794.24,54821.26,54779.15,54806.47
1786686763,54806.47,54855.04,54773.8,54829.4
1786687663,54829.4,54918.52,54782.44,54905.77
1786688563,54905.77,54930.47,54875.17,54878.98
1786689463,54878.98,54908.35,54821.12,54833.76
1786690363,54833.76,54920.34,54814.29,54894.57
1786691263,54894.57,55009.76,54827.68,54974.84
1786692163,54974.84,55053.66,54972.08,55046.01
1786693063,55046.01,55073.68,54908.07,54963.53
1786693963,54963.53,55110.25,54928.33,55076.53
1786694863,55076.53,55130.85,54993.94,55015.22
1786695763,55015.22,55074.81,54996.16,55058.8
1786696663,55058.8,55085.52,54927.3,54928.46
1786697563,54928.46,54975.54,54921.28,54964.93
1786698463,54964.93,54993.87,54856.08,54881.14
1786699363,54881.14,54910.34,54857.83,54863.12
1786700263,54863.12,54894.76,54817.07,54883.32
1786701163,54883.32,54918.24,54879.82,54915.9
1786702063,54915.9,55004.41,54915.88,54922.07
1786702963,54922.07,54990.49,54910.85,54980.04
1786703863,54980.04,54996.43,54946.93,54957.65
1786704763,54957.65,54970.4,54910.84,54938.3
1786705663,54938.3,55052.01,54913.02,54991.53
1786706563,54991.53,54994.03,54838.33,54879.99
1786707463,54879.99,54914.45,54862.73,54911.05
1786708363,54911.05,54941.98,54759.63,54827.13
1786709263,54827.13,54883.73,54736.7,54769.63
1786710163,54769.63,54793.33,54743.39,54786.19
1786711063,54786.19,54843.32,54676.03,54709.13
1786711963,54709.13,54750.72,54701.81,54737.35
1786712863,54737.35,54909.67,54715.62,54868.33
1786713763,54868.33,54883.86,54690.43,54748.75
1786714663,54748.75,54748.87,54710.85,54712.6
1786715563,54712.6,54863.22,54698.62,54847.23
1786716463,54847.23,54945.44,54841.79,54884.09
1786717363,54884.09,54908.3,54790.7,54833.14
1786718263,54833.14,54841.28,54696.18,54740.69
1786719163,54740.69,54862.47,54737.68,54852.51
1786720063,54852.51,54980.66,54805.22,54927.43
1786720963,54927.43,54969.28,54906.03,54945.97
1786721863,54945.97,55057.73,54943.24,55042.44
1786722763,55042.44,55086.05,55010.04,55028.43
1786723663,55028.43,55060.98,54817.44,54853.93
1786724563,54853.93,54948.1,54811.23,54906.75
1786725463,54906.75,54922.89,54900.83,54902.74
1786726363,54902.74,54904.64,54827.46,54841.62
1786727263,54841.62,54852.19,54831.87,54834.23
1786728163,54834.23,54834.6,54799.08,54822.36
1786729063,54822.36,54837.59,54713.77,54734.3
1786729963,54734.3,54779.01,54703.48,54729.19
1786730863,54729.19,54738.03,54689.0,54737.07
1786731763,54737.07,54821.46,54683.54,54785.27
1786732663,54785.27,54787.46,54693.26,54706.27
1786733563,54706.27,54884.9,54691.8,54869.82
1786734463,54869.82,54907.83,54812.22,54819.78
1786735363,54819.78,54879.04,54797.17,54845.81
1786736263,54845.81,54917.54,54799.88,54881.57
1786737163,54881.57,54941.36,54712.61,54725.7
1786738063,54725.7,54805.18,54667.51,54782.79
1786738963,54782.79,54817.69,54773.44,54785.45
1786739863,54785.45,54809.36,54695.46,54731.32
1786740763,54731.32,54767.21,54724.41,54736.11
1786741663,54736.11,54757.49,54593.28,54593.34
1786742563,54593.34,54620.81,54522.1,54551.79
1786743463,54551.79,54595.88,54530.52,54587.73
1786744363,54587.73,54652.98,54576.92,54581.17
1786745263,54581.17,54664.74,54532.06,54662.25
1786746163,54662.25,54781.34,54626.92,54717.48
1786747063,54717.48,54753.41,54688.47,54733.98
1786747963,54733.98,54758.05,54615.25,54621.28
1786748863,54621.28,54644.96,54569.38,54622.78
1786749763,54622.78,54786.83,54577.75,54785.09
1786750663,54785.09,54793.54,54730.87,54739.61
1786751563,54739.61,54740.25,54635.22,54670.12
1786752463,54670.12,54679.21,54614.95,54654.59
1786753363,54654.59,54676.11,54483.66,54529.02
1786754263,54529.02,54552.84,54390.5,54406.54
1786755163,54406.54,54456.16,54394.91,54442.05
1786756063,54442.05,54516.24,54422.8,54501.07
1786756963,54501.07,54507.3,54477.96,54489.66
1786757863,54489.66,54561.73,54470.13,54475.22
1786758763,54475.22,54541.79,54458.49,54532.08
1786759663,54532.08,54536.71,54437.85,54529.46
1786760563,54529.46,54607.44,54507.97,54570.68
1786761463,54570.68,54571.52,54483.91,54499.69
1786762363,54499.69,54648.53,54488.26,54625.05
1786763263,54625.05,54661.14,54555.96,54599.61
1786764163,54599.61,54723.4,54572.17,54702.11
1786765063,54702.11,54727.42,54602.96,54625.37
1786765963,54625.37,54797.5,54585.2,54746.19
1786766863,54746.19,54750.7,54533.66,54557.12
1786767763,54557.12,54607.61,54527.43,54540.38
1786768663,54540.38,54686.76,54529.36,54668.42
1786769563,54668.42,54717.07,54639.24,54714.47
1786770463,54714.47,54847.87,54674.65,54832.31
1786771363,54832.31,54943.62,54786.29,54894.4
1786772263,54894.4,54914.0,54850.02,54873.6
1786773163,54873.6,54912.02,54869.07,54877.4
1786774063,54877.4,54894.66,54865.6,54881.99
1786774963,54881.99,54950.13,54827.94,54931.94
1786775863,54931.94,55078.66,54931.53,55054.24
1786776763,55054.24,55240.91,55037.82,55214.02
1786777663,55214.02,55294.31,55181.98,55238.89
1786778563,55238.89,55377.59,55233.0,55336.23
1786779463,55336.23,55355.46,55158.09,55192.23
1786780363,55192.23,55342.39,55176.02,55293.31
1786781263,55293.31,55437.58,55252.55,55398.84
1786782163,55398.84,55415.85,55266.76,55280.48
1786783063,55280.48,55370.22,55266.44,55365.96
1786783963,55365.96,55371.0,55273.87,55286.28
1786784863,55286.28,55445.27,55277.03,55396.69
1786785763,55396.69,55452.26,55307.89,55340.95
1786786663,55340.95,55391.77,55253.23,55340.39
1786787563,55340.39,55344.82,55309.77,55311.37
1786788463,55311.37,55369.94,55179.36,55227.12
1786789363,55227.12,55281.44,55183.84,55255.73
1786790263,55255.73,55353.66,55208.71,55308.95
1786791163,55308.95,55432.75,55262.97,55417.2
1786792063,55417.2,55608.09,55405.64,55551.02
1786792963,55551.02,55591.8,55548.97,55561.67
1786793863,55561.67,55593.13,55508.21,55544.88
1786794763,55544.88,55687.26,55544.65,55663.63
1786795663,55663.63,55665.6,55559.38,55568.46
1786796563,55568.46,55605.52,55448.51,55456.3
1786797463,55456.3,55532.39,55409.46,55530.31
1786798363,55530.31,55578.95,55527.29,55529.86
1786799263,55529.86,55566.58,55439.84,55453.39
1786800163,55453.39,55467.59,55444.29,55458.63
1786801063,55458.63,55573.06,55455.6,55552.87
1786801963,55552.87,55588.29,55545.47,55581.55
1786802863,55581.55,55614.74,55442.37,55492.42
1786803763,55492.42,55517.56,55409.77,55439.63
1786804663,55439.63,55444.5,55380.48,55429.64
1786805563,55429.64,55438.0,55223.54,55271.78
1786806463,55271.78,55299.26,55235.63,55283.9
1786807363,55283.9,55317.14,55262.11,55288.03
1786808263,55288.03,55324.01,55058.99,55097.8
1786809163,55097.8,55099.62,55081.01,55086.39
1786810063,55086.39,55182.52,55061.42,55111.54
1786810963,55111.54,55174.42,55007.38,55084.85
1786811863,55084.85,55259.47,55083.87,55213.24
1786812763,55213.24,55249.48,55204.75,55249.22
1786813663,55249.22,55259.97,55112.57,55172.62
1786814563,55172.62,55177.23,54906.65,54933.47
1786815463,54933.47,54988.79,54910.93,54968.09
1786816363,54968.09,55030.03,54877.52,55029.29
1786817263,55029.29,55062.12,54993.7,55030.93
1786818163,55030.93,55082.0,54780.96,54794.05
1786819063,54794.05,54922.98,54769.63,54906.82
1786819963,54906.82,55041.43,54903.29,55016.29
1786820863,55016.29,55049.5,54947.51,54976.41
1786821763,54976.41,55058.01,54956.76,55016.18
1786822663,55016.18,55028.94,54930.67,54941.2
1786823563,54941.2,55007.35,54896.38,54968.67
1786824463,54968.67,55005.09,54901.7,54910.99
1786825363,54910.99,54932.18,54889.88,54928.05
1786826263,54928.05,54993.77,54913.65,54971.55
1786827163,54971.55,55102.96,54970.06,55083.47
1786828063,55083.47,55184.14,55063.47,55157.78
1786828963,55157.78,55209.36,55036.54,55067.51
1786829863,55067.51,55142.38,55029.69,55073.27
1786830763,55073.27,55316.12,55061.93,55281.6
1786831663,55281.6,55340.71,55162.21,55192.65
1786832563,55192.65,55409.33,55189.21,55391.02
1786833463,55391.02,55514.01,55361.1,55486.57
1786834363,55486.57,55503.44,55424.25,55502.84
1786835263,55502.84,55586.95,55498.76,55541.08
1786836163,55541.08,55601.09,55525.53,55594.09
1786837063,55594.09,55771.49,55543.93,55747.6
1786837963,55747.6,55831.67,55732.48,55800.74
1786838863,55800.74,55838.57,55770.14,55822.73
1786839763,55822.73,55894.45,55795.16,55864.21
1786840663,55864.21,56020.29,55860.63,55995.92
1786841563,55995.92,56041.8,55873.56,55929.81
1786842463,55929.81,55938.5,55887.63,55901.68
1786843363,55901.68,55925.35,55815.38,55816.01
1786844263,55816.01,55831.76,55809.11,55819.51
1786845163,55819.51,55875.22,55816.12,55848.23
1786846063,55848.23,56041.55,55835.55,56032.89
1786846963,56032.89,56047.53,55948.21,55956.28
1786847863,55956.28,55997.12,55907.58,55911.11
1786848763,55911.11,55920.54,55839.87,55847.72
1786849663,55847.72,55975.43,55821.78,55948.18
1786850563,55948.18,55971.21,55917.57,55936.7
1786851463,55936.7,55939.51,55783.07,55872.79
1786852363,55872.79,55915.18,55830.81,55896.57
1786853263,55896.57,55984.63,55878.7,55966.11
1786854163,55966.11,55973.46,55906.15,55963.88
1786855063,55963.88,55974.25,55891.67,55891.83
1786855963,55891.83,55927.79,55730.89,55802.69
1786856863,55802.69,55831.56,55736.6,55823.83
1786857763,55823.83,55850.52,55676.1,55710.84
1786858663,55710.84,55718.66,55648.0,55683.98
1786859563,55683.98,55834.21,55683.59,55774.43
1786860463,55774.43,55892.66,55756.04,55887.46
1786861363,55887.46,55943.2,55864.99,55887.91
1786862263,55887.91,55956.64,55881.32,55908.24
1786863163,55908.24,56014.15,55906.13,55955.98
1786864063,55955.98,55957.05,55935.26,55956.93
1786864963,55956.93,55990.88,55936.27,55946.16
1786865863,55946.16,55979.93,55941.06,55948.63
1786866763,55948.63,55970.58,55867.91,55884.27
1786867663,55884.27,55903.49,55720.46,55763.82
1786868563,55763.82,55871.18,55754.37,55834.86
1786869463,55834.86,55891.2,55789.46,55818.35
1786870363,55818.35,55831.68,55723.09,55761.58
1786871263,55761.58,55796.67,55751.62,55779.04
1786872163,55779.04,55900.2,55746.05,55881.21
1786873063,55881.21,55981.72,55836.2,55966.96
1786873963,55966.96,56014.9,55961.61,55986.46
1786874863,55986.46,56131.87,55934.78,56127.96
1786875763,56127.96,56135.9,56066.92,56100.51
1786876663,56100.51,56128.32,56071.84,56073.09
1786877563,56073.09,56110.6,56034.1,56079.69
1786878463,56079.69,56089.64,56020.05,56032.43
1786879363,56032.43,56045.18,55998.37,56011.78
1786880263,56011.78,56091.96,56010.89,56088.06
1786881163,56088.06,56154.2,56075.93,56131.62
1786882063,56131.62,56195.41,56131.34,56141.92
1786882963,56141.92,56154.64,56071.76,56135.74
1786883863,56135.74,56171.61,56032.59,56046.04
1786884763,56046.04,56054.89,55962.26,56000.22
1786885663,56000.22,56026.77,55930.94,55954.98
1786886563,55954.98,56086.06,55922.76,56085.41
1786887463,56085.41,56310.51,56059.29,56309.23
1786888363,56309.23,56442.33,56308.73,56407.96
1786889263,56407.96,56434.94,56406.79,56430.87
1786890163,56430.87,56549.28,56400.52,56528.53
1786891063,56528.53,56555.61,56498.35,56531.69
1786891963,56531.69,56534.43,56406.42,56447.11
1786892863,56447.11,56469.06,56375.04,56377.1
1786893763,56377.1,56548.06,56335.07,56539.65
1786894663,56539.65,56585.0,56529.3,56543.7
1786895563,56543.7,56640.41,56507.46,56634.54
1786896463,56634.54,56711.8,56622.71,56677.2
1786897363,56677.2,56832.64,56653.66,56800.84
1786898263,56800.84,56805.9,56705.0,56728.43
1786899163,56728.43,56833.96,56711.57,56789.17
1786900063,56789.17,56828.46,56761.4,56825.57
1786900963,56825.57,56826.6,56801.87,56824.57
1786901863,56824.57,56978.64,56786.98,56966.03
1786902763,56966.03,56980.9,56836.15,56852.35
1786903663,56852.35,56861.74,56759.82,56762.89
1786904563,56762.89,56793.67,56660.96,56687.76
1786905463,56687.76,56887.53,56685.4,56876.3
1786906363,56876.3,57090.33,56851.04,57053.72
1786907263,57053.72,57249.63,57024.48,57220.07
1786908163,57220.07,57385.8,57172.73,57376.77
1786909063,57376.77,57462.37,57349.63,57451.75
1786909963,57451.75,57592.33,57428.67,57556.8
1786910863,57556.8,57582.26,57528.18,57570.43
1786911763,57570.43,57680.11,57547.85,57598.76
1786912663,57598.76,57668.33,57571.0,57633.36
1786913563,57633.36,57689.24,57588.05,57678.21
1786914463,57678.21,57682.35,57542.69,57580.14
1786915363,57580.14,57650.16,57549.67,57625.31
1786916263,57625.31,57656.99,57580.2,57617.45
1786917163,57617.45,57636.53,57576.15,57584.91
1786918063,57584.91,57620.1,57497.19,57505.71
1786918963,57505.71,57635.06,57486.39,57622.42
1786919863,57622.42,57628.98,57600.28,57601.85
1786920763,57601.85,57693.37,57597.2,57647.5
1786921663,57647.5,57647.86,57539.16,57568.03
1786922563,57568.03,57633.35,57553.73,57630.63
1786923463,57630.63,57637.63,57534.54,57550.75
1786924363,57550.75,57590.44,57547.73,57584.97
1786925263,57584.97,57619.09,57561.81,57590.61
1786926163,57590.61,57617.97,57579.01,57601.37
1786927063,57601.37,57612.05,57496.9,57515.02
1786927963,57515.02,57587.56,57489.85,57579.32
1786928863,57579.32,57624.29,57536.95,57623.12
1786929763,57623.12,57642.93,57539.12,57568.87
1786930663,57568.87,57596.16,57542.93,57551.18
1786931563,57551.18,57592.42,57404.03,57411.1
1786932463,57411.1,57430.1,57288.13,57329.93
1786933363,57329.93,57384.75,57313.02,57379.26
1786934263,57379.26,57401.65,57332.29,57358.71
1786935163,57358.71,57384.13,57064.9,57129.21
1786936063,57129.21,57196.51,57094.3,57187.14
1786936963,57187.14,57225.0,57182.77,57204.12
1786937863,57204.12,57238.24,57178.96,57187.25
1786938763,57187.25,57363.05,57179.3,57337.85
1786939663,57337.85,57494.12,57315.86,57491.01
1786940563,57491.01,57498.4,57403.02,57436.91
1786941463,57436.91,57475.47,57396.61,57418.36
1786942363,57418.36,57428.14,57338.35,57351.72
1786943263,57351.72,57377.78,57173.18,57205.74
1786944163,57205.74,57289.5,57179.23,57288.47
1786945063,57288.47,57371.64,57253.39,57298.35
1786945963,57298.35,57338.59,57259.3,57304.52
1786946863,57304.52,57363.52,57265.81,57296.75
1786947763,57296.75,57372.56,57231.83,57309.15
1786948663,57309.15,57320.89,57107.38,57142.99
1786949563,57142.99,57211.27,57106.86,57182.74
1786950463,57182.74,57221.97,57144.54,57213.32
1786951363,57213.32,57368.01,57185.24,57339.09
1786952263,57339.09,57527.81,57278.47,57523.56
1786953163,57523.56,57565.82,57445.41,57507.54
1786954063,57507.54,57585.13,57500.76,57578.72
1786954963,57578.72,57618.71,57545.46,57579.45
1786955863,57579.45,57587.76,57533.91,57555.19
1786956763,57555.19,57697.18,57524.85,57635.42
1786957663,57635.42,57695.0,57603.79,57655.94
1786958563,57655.94,57671.37,57502.71,57519.87
1786959463,57519.87,57545.13,57459.2,57466.99
1786960363,57466.99,57553.91,57438.95,57513.16
1786961263,57513.16,57522.48,57403.13,57405.45
1786962163,57405.45,57475.64,57369.61,57438.37
1786963063,57438.37,57458.17,57308.43,57334.11
1786963963,57334.11,57350.73,57278.58,57290.61
1786964863,57290.61,57398.77,57274.42,57386.62
1786965763,57386.62,57490.81,57382.06,57483.34
1786966663,57483.34,57617.91,57468.57,57613.83
1786967563,57613.83,57621.33,57529.85,57537.91
1786968463,57537.91,57664.35,57521.25,57617.17
1786969363,57617.17,57790.7,57608.33,57784.35
1786970263,57784.35,57929.02,57772.33,57883.82
1786971163,57883.82,58019.33,57883.59,58004.64
1786972063,58004.64,58010.27,57926.04,57954.81
1786972963,57954.81,57972.91,57934.01,57966.89
1786973863,57966.89,57969.05,57922.4,57937.14
1786974763,57937.14,58071.2,57902.32,58029.56
1786975663,58029.56,58054.73,57889.68,57912.76
1786976563,57912.76,57989.37,57858.49,57861.05
1786977463,57861.05,57926.56,57851.55,57874.54
1786978363,57874.54,57942.83,57865.46,57935.26
1786979263,57935.26,57955.66,57865.42,57890.72
1786980163,57890.72,57895.98,57800.34,57813.59
1786981063,57813.59,57934.15,57769.53,57909.42
1786981963,57909.42,57997.83,57895.21,57950.37
1786982863,57950.37,57955.92,57862.12,57868.05
1786983763,57868.05,58128.32,57834.61,58054.82
1786984663,58054.82,58060.07,58026.47,58052.85
1786985563,58052.85,58082.36,57969.91,57981.5
1786986463,57981.5,58072.09,57967.63,58070.01
1786987363,58070.01,58127.89,58034.13,58034.29
1786988263,58034.29,58245.36,58033.56,58221.8
1786989163,58221.8,58318.33,58220.29,58310.24
1786990063,58310.24,58320.49,58221.18,58273.07
1786990963,58273.07,58305.44,58216.85,58297.17
1786991863,58297.17,58299.36,58274.57,58289.89
1786992763,58289.89,58332.56,58191.31,58234.6
1786993663,58234.6,58280.19,58092.52,58133.11
1786994563,58133.11,58271.29,58081.93,58261.51
1786995463,58261.51,58301.15,58224.9,58274.52
1786996363,58274.52,58350.89,58249.87,58330.56
1786997263,58330.56,58578.82,58275.32,58549.14
1786998163,58549.14,58769.09,58510.83,58727.03
1786999063,58727.03,58830.56,58716.51,58796.1
1786999963,58796.1,58859.01,58710.23,58716.29
1787000863,58716.29,58802.52,58645.9,58749.8
1787001763,58749.8,58809.14,58622.8,58657.21
1787002663,58657.21,58679.26,58575.05,58634.62
1787003563,58634.62,58678.47,58627.33,58673.63
1787004463,58673.63,58788.81,58627.56,58732.42
1787005363,58732.42,58810.57,58684.39,58802.64
1787006263,58802.64,58957.48,58787.25,58934.79
1787007163,58934.79,58959.86,58910.81,58939.53
1787008063,58939.53,58992.58,58896.27,58958.1
1787008963,58958.1,58966.3,58862.87,58884.16
1787009863,58884.16,58899.05,58811.86,58856.19
1787010763,58856.19,58956.76,58848.46,58942.88
1787011663,58942.88,58983.63,58838.8,58861.87
1787012563,58861.87,58945.57,58822.2,58930.48
1787013463,58930.48,58947.37,58747.99,58798.14
1787014363,58798.14,58863.34,58750.12,58753.17
1787015263,58753.17,58756.32,58711.01,58717.88
1787016163,58717.88,58938.48,58680.8,58938.46
1787017063,58938.46,58944.78,58930.9,58939.94
1787017963,58939.94,59012.73,58881.44,58992.12
1787018863,58992.12,58994.33,58913.43,58929.72
1787019763,58929.72,59025.23,58859.59,58992.29
1787020663,58992.29,59075.5,58991.77,59059.02
1787021563,59059.02,59073.74,59015.33,59038.0
1787022463,59038.0,59040.51,59004.88,59018.95
1787023363,59018.95,59043.68,58835.74,58848.5
1787024263,58848.5,58980.67,58822.8,58946.41
1787025163,58946.41,58976.06,58874.52,58926.75
1787026063,58926.75,58964.39,58918.46,58960.05
1787026963,58960.05,59056.18,58947.69,59012.07
1787027863,59012.07,59061.77,58974.87,59036.35
1787028763,59036.35,59069.07,59000.11,59010.58
1787029663,59010.58,59056.04,58870.18,58883.12
1787030563,58883.12,58885.43,58763.38,58777.43
1787031463,58777.43,58813.58,58703.76,58757.76
1787032363,58757.76,58786.82,58698.6,58739.92
1787033263,58739.92,58779.41,58627.69,58646.59
1787034163,58646.59,58702.45,58640.79,58690.56
1787035063,58690.56,58713.54,58601.82,58602.35
1787035963,58602.35,58749.2,58588.99,58690.37
1787036863,58690.37,58706.14,58590.51,58627.03
1787037763,58627.03,58655.82,58457.07,58480.62
1787038663,58480.62,58525.69,58368.05,58378.56
1787039563,58378.56,58452.06,58336.66,58444.81
1787040463,58444.81,58465.67,58358.93,58369.2
1787041363,58369.2,58395.94,58257.44,58289.53
1787042263,58289.53,58322.03,58214.14,58224.71
1787043163,58224.71,58285.19,58174.0,58275.0
1787044063,58275.0,58435.95,58222.21,58388.86
1787044963,58388.86,58401.21,58305.38,58332.05
1787045863,58332.05,58432.4,58316.2,58426.24
1787046763,58426.24,58563.06,58421.28,58533.54
1787047663,58533.54,58591.42,58449.23,58470.11
1787048563,58470.11,58475.53,58425.98,58452.53
1787049463,58452.53,58577.89,58452.3,58561.8
1787050363,58561.8,58568.57,58497.84,58508.25
1787051263,58508.25,58588.58,58497.83,58545.69
1787052163,58545.69,58654.87,58479.16,58625.97
1787053063,58625.97,58674.94,58591.95,58664.1
1787053963,58664.1,58673.75,58628.57,58660.24
1787054863,58660.24,58774.83,58613.3,58728.54
1787055763,58728.54,58779.16,58687.22,58773.06
1787056663,58773.06,58800.06,58772.04,58786.46
1787057563,58786.46,58805.49,58697.48,58754.74
1787058463,58754.74,58776.65,58578.87,58600.32
1787059363,58600.32,58701.38,58568.76,58683.06
1787060263,58683.06,58839.68,58675.05,58821.92
1787061163,58821.92,58855.11,58750.09,58787.54
1787062063,58787.54,58830.32,58735.14,58747.46
1787062963,58747.46,58848.26,58725.01,58839.78
1787063863,58839.78,58889.53,58800.97,58874.72
1787064763,58874.72,58933.49,58850.76,58890.0
1787065663,58890.0,58912.46,58809.16,58848.05
1787066563,58848.05,58874.96,58823.97,58857.79
1787067463,58857.79,58858.74,58794.0,58798.16
1787068363,58798.16,58867.59,58773.07,58842.29
1787069263,58842.29,58855.68,58775.98,58791.38
1787070163,58791.38,58904.0,58786.48,58889.22
1787071063,58889.22,59073.67,58857.43,59032.33
1787071963,59032.33,59040.9,59003.78,59024.92
1787072863,59024.92,59114.78,59018.4,59101.92
1787073763,59101.92,59156.03,58967.12,58983.93
1787074663,58983.93,59003.79,58932.15,58953.73
1787075563,58953.73,59006.08,58815.2,58917.26
1787076463,58917.26,58920.97,58710.9,58714.24
1787077363,58714.24,58726.58,58674.14,58700.81
1787078263,58700.81,58789.5,58687.2,58771.36
1787079163,58771.36,58861.28,58669.81,58702.12
1787080063,58702.12,58729.55,58636.46,58648.49
1787080963,58648.49,58749.8,58644.29,58726.36
1787081863,58726.36,58739.11,58716.18,58720.72
1787082763,58720.72,58838.09,58720.49,58832.77
1787083663,58832.77,58872.13,58802.48,58871.61
1787084563,58871.61,58967.02,58850.51,58953.06
1787085463,58953.06,58974.52,58898.96,58914.27
1787086363,58914.27,58991.77,58880.21,58964.61
1787087263,58964.61,59010.49,58843.33,58900.44
1787088163,58900.44,58906.51,58853.2,58858.64
1787089063,58858.64,58906.45,58820.65,58893.06
1787089963,58893.06,58992.96,58863.09,58972.62
1787090863,58972.62,58977.5,58852.75,58914.62
1787091763,58914.62,58942.32,58868.12,58893.29
1787092663,58893.29,58904.19,58719.08,58738.04
1787093563,58738.04,58741.79,58516.12,58521.43
1787094463,58521.43,58525.68,58457.16,58504.67
1787095363,58504.67,58509.58,58413.97,58443.15
1787096263,58443.15,58445.55,58439.63,58443.12
1787097163,58443.12,58455.46,58422.53,58444.41
1787098063,58444.41,58459.46,58427.75,58434.96
1787098963,58434.96,58466.1,58400.95,58419.01
1787099863,58419.01,58431.99,58400.16,58422.19
1787100763,58422.19,58558.71,58389.16,58524.58
1787101663,58524.58,58797.78,58516.27,58713.53
1787102563,58713.53,58819.99,58712.19,58763.27
1787103463,58763.27,58780.59,58708.11,58709.61
1787104363,58709.61,58789.7,58694.82,58764.03
1787105263,58764.03,58877.03,58762.61,58865.97
1787106163,58865.97,58938.3,58809.94,58924.23
1787107063,58924.23,59036.66,58908.42,58993.3
1787107963,58993.3,59001.62,58924.36,58929.62
1787108863,58929.62,59015.31,58880.39,58966.43
1787109763,58966.43,59024.37,58785.82,58810.17
1787110663,58810.17,58885.77,58773.12,58828.4
1787111563,58828.4,58920.62,58794.39,58896.97
1787112463,58896.97,58903.7,58828.62,58855.94
1787113363,58855.94,58890.68,58853.35,58884.37
1787114263,58884.37,58902.13,58755.6,58768.38
1787115163,58768.38,58845.46,58766.57,58819.47
1787116063,58819.47,58865.91,58768.8,58812.95
1787116963,58812.95,58929.56,58761.61,58916.05
1787117863,58916.05,58953.04,58784.09,58793.75
1787118763,58793.75,58835.52,58689.35,58712.35
1787119663,58712.35,58944.12,58696.61,58930.36
1787120563,58930.36,59006.78,58875.86,58993.32
1787121463,58993.32,58997.17,58937.24,58972.2
1787122363,58972.2,59085.01,58963.52,59068.01
1787123263,59068.01,59112.69,59046.7,59091.09
1787124163,59091.09,59176.31,59081.06,59159.78
1787125063,59159.78,59180.69,59091.5,59117.23
1787125963,59117.23,59149.21,59061.46,59083.28
1787126863,59083.28,59108.55,59023.36,59099.52
1787127763,59099.52,59134.76,59063.18,59117.07
1787128663,59117.07,59140.22,59032.59,59053.51
1787129563,59053.51,59125.4,59004.06,59095.04
1787130463,59095.04,59180.97,59075.12,59139.29
1787131363,59139.29,59173.47,59076.05,59090.68
1787132263,59090.68,59104.07,58998.08,59016.98
1787133163,59016.98,59101.25,58969.6,59089.14
1787134063,59089.14,59133.39,59069.86,59125.99
1787134963,59125.99,59153.7,59079.54,59150.73
1787135863,59150.73,59153.52,59063.13,59075.99
1787136763,59075.99,59214.4,59057.63,59210.28
1787137663,59210.28,59256.79,59157.07,59168.85
1787138563,59168.85,59319.69,59118.5,59307.26
1787139463,59307.26,59353.05,59230.04,59238.59
1787140363,59238.59,59336.01,59217.45,59330.89
1787141263,59330.89,59347.41,59230.3,59244.5
1787142163,59244.5,59380.21,59222.45,59361.49
1787143063,59361.49,59369.4,59312.46,59356.59
1787143963,59356.59,59382.5,59144.43,59208.98
1787144863,59208.98,59274.52,59077.83,59098.64
1787145763,59098.64,59183.54,59076.32,59173.09
1787146663,59173.09,59222.71,58980.34,59032.57
1787147563,59032.57,59097.3,59018.52,59051.28
1787148463,59051.28,59093.42,58957.06,58958.69
1787149363,58958.69,58958.94,58879.2,58913.02
1787150263,58913.02,59009.39,58885.78,59001.43
1787151163,59001.43,59162.77,59000.43,59153.58
1787152063,59153.58,59177.13,59152.19,59172.6
1787152963,59172.6,59194.35,59159.99,59188.36
1787153863,59188.36,59286.31,59174.54,59255.79
1787154763,59255.79,59300.94,59215.29,59246.61
1787155663,59246.61,59258.78,59185.87,59199.7
1787156563,59199.7,59306.27,59192.46,59294.66
1787157463,59294.66,59490.34,59276.37,59479.87
1787158363,59479.87,59544.33,59443.13,59511.13
1787159263,59511.13,59525.88,59508.49,59510.28
1787160163,59510.28,59590.76,59506.0,59563.94
1787161063,59563.94,59638.61,59548.73,59632.62
1787161963,59632.62,59663.75,59555.03,59563.77
1787162863,59563.77,59580.81,59417.75,59425.28
1787163763,59425.28,59443.76,59184.67,59223.29
1787164663,59223.29,59239.73,59207.15,59225.96
1787165563,59225.96,59340.86,59165.85,59315.39
1787166463,59315.39,59344.25,59265.81,59293.69
1787167363,59293.69,59453.62,59270.5,59414.68
1787168263,59414.68,59494.14,59397.72,59448.14
1787169163,59448.14,59451.17,59348.31,59355.73
1787170063,59355.73,59427.53,59327.06,59408.61
1787170963,59408.61,59473.43,59366.82,59452.46
1787171863,59452.46,59521.05,59435.03,59506.34
1787172763,59506.34,59619.37,59503.45,59581.08
1787173663,59581.08,59589.29,59453.54,59469.02
1787174563,59469.02,59580.4,59426.68,59535.61
1787175463,59535.61,59557.12,59464.62,59504.19
1787176363,59504.19,59545.29,59492.08,59495.85
1787177263,59495.85,59517.14,59422.72,59432.19
1787178163,59432.19,59432.96,59407.38,59412.07
1787179063,59412.07,59442.36,59298.09,59383.48
1787179963,59383.48,59420.61,59272.65,59289.99
1787180863,59289.99,59345.69,59259.7,59309.88
1787181763,59309.88,59413.24,59260.12,59375.19
1787182663,59375.19,59393.05,59264.27,59329.12
1787183563,59329.12,59357.96,59288.79,59296.17
1787184463,59296.17,59459.77,59256.1,59391.44
1787185363,59391.44,59469.83,59390.52,59453.25
1787186263,59453.25,59528.94,59387.03,59514.22
1787187163,59514.22,59550.31,59510.49,59520.39
1787188063,59520.39,59623.14,59494.55,59556.76
1787188963,59556.76,59595.77,59497.75,59577.69
1787189863,59577.69,59677.93,59561.48,59670.33
1787190763,59670.33,59697.21,59552.88,59570.31
1787191663,59570.31,59596.03,59363.97,59417.76
1787192563,59417.76,59429.63,59367.0,59387.55
1787193463,59387.55,59471.56,59378.55,59459.03
1787194363,59459.03,59473.55,59417.69,59444.6
1787195263,59444.6,59570.23,59430.62,59532.15
1787196163,59532.15,59647.52,59515.07,59636.32
1787197063,59636.32,59656.27,59540.22,59574.96
1787197963,59574.96,59681.9,59562.85,59681.83
1787198863,59681.83,59709.07,59627.44,59635.78
1787199763,59635.78,59648.46,59626.09,59645.64
1787200663,59645.64,59659.83,59606.98,59622.02
1787201563,59622.02,59733.99,59607.14,59694.41
1787202463,59694.41,59833.23,59655.11,59829.94
1787203363,59829.94,59899.87,59741.01,59797.33
1787204263,59797.33,59861.5,59796.68,59842.8
1787205163,59842.8,59921.63,59820.0,59890.18
1787206063,59890.18,59914.0,59867.98,59895.99
1787206963,59895.99,59987.53,59845.07,59939.82
1787207863,59939.82,59952.66,59831.35,59863.04
1787208763,59863.04,59865.68,59693.58,59757.26
1787209663,59757.26,59781.77,59751.1,59776.11
1787210563,59776.11,59924.78,59741.77,59891.38
1787211463,59891.38,59932.66,59864.7,59876.26
1787212363,59876.26,59951.93,59865.16,59903.58
1787213263,59903.58,59930.87,59858.16,59884.01
1787214163,59884.01,59934.87,59843.68,59911.1
1787215063,59911.1,59941.59,59866.82,59869.36
1787215963,59869.36,59940.8,59851.28,59916.37
1787216863,59916.37,59962.77,59899.24,59932.3
1787217763,59932.3,59963.01,59908.24,59954.56
1787218663,59954.56,60070.05,59937.25,60035.38
1787219563,60035.38,60036.58,59901.49,59920.26
1787220463,59920.26,59954.45,59861.13,59861.92
1787221363,59861.92,59867.52,59826.85,59849.1
1787222263,59849.1,59851.98,59807.81,59816.55
1787223163,59816.55,59955.75,59782.32,59926.79
1787224063,59926.79,60058.74,59902.91,60038.7
1787224963,60038.7,60073.96,59883.22,59908.78
1787225863,59908.78,59928.48,59889.15,59909.25
1787226763,59909.25,59963.1,59698.19,59722.5
1787227663,59722.5,59760.19,59714.14,59758.55
1787228563,59758.55,59788.74,59685.94,59728.86
1787229463,59728.86,59768.04,59671.62,59738.44
1787230363,59738.44,59745.26,59636.65,59673.24
1787231263,59673.24,59694.6,59578.54,59600.23
1787232163,59600.23,59714.99,59566.83,59693.18
1787233063,59693.18,59781.4,59691.99,59778.32
1787233963,59778.32,59984.34,59744.65,59938.92
1787234863,59938.92,59949.87,59882.96,59925.58
1787235763,59925.58,59950.76,59893.41,59947.87
1787236663,59947.87,60093.49,59930.31,60049.93
1787237563,60049.93,60051.36,60012.74,60013.76
1787238463,60013.76,60030.27,59940.74,59961.03
1787239363,59961.03,59988.4,59885.59,59889.29
1787240263,59889.29,59901.82,59752.48,59756.55
1787241163,59756.55,59818.2,59721.74,59788.79
1787242063,59788.79,59808.7,59742.64,59762.43
1787242963,59762.43,59789.16,59742.46,59770.72
1787243863,59770.72,59815.22,59611.72,59639.82
1787244763,59639.82,59684.25,59575.28,59683.68
1787245663,59683.68,59807.71,59671.19,59746.89
1787246563,59746.89,59788.61,59730.02,59762.55
1787247463,59762.55,59796.78,59711.19,59772.18
1787248363,59772.18,59777.4,59721.89,59737.58
1787249263,59737.58,59754.11,59666.05,59708.03
1787250163,59708.03,59891.82,59701.2,59830.36
1787251063,59830.36,59897.57,59599.39,59626.79
1787251963,59626.79,59641.38,59500.1,59536.15
1787252863,59536.15,59565.8,59516.0,59537.67
1787253763,59537.67,59617.31,59501.12,59587.51
1787254663,59587.51,59592.83,59530.86,59556.25
1787255563,59556.25,59621.35,59545.32,59604.84
1787256463,59604.84,59798.04,59596.18,59763.6
1787257363,59763.6,59809.54,59747.4,59809.04
1787258263,59809.04,59874.95,59803.63,59854.54
1787259163,59854.54,59947.61,59813.84,59921.76
1787260063,59921.76,60006.05,59918.77,59969.95
1787260963,59969.95,59979.5,59827.34,59866.59
1787261863,59866.59,59911.47,59650.8,59687.26
1787262763,59687.26,59736.02,59687.07,59714.81
1787263663,59714.81,59807.87,59631.29,59767.96
1787264563,59767.96,59775.89,59765.73,59773.28
1787265463,59773.28,59778.54,59726.61,59741.86
1787266363,59741.86,59867.51,59700.07,59857.72
1787267263,59857.72,59865.48,59817.44,59847.42
1787268163,59847.42,60060.24,59847.35,60056.36
1787269063,60056.36,60235.82,60026.17,60215.04
1787269963,60215.04,60249.18,60181.96,60222.42
1787270863,60222.42,60345.74,60201.77,60334.56
1787271763,60334.56,60364.47,60274.52,60308.17
1787272663,60308.17,60497.44,60294.28,60445.65
1787273563,60445.65,60508.73,60376.54,60406.92
1787274463,60406.92,60559.78,60404.54,60499.34
1787275363,60499.34,60550.38,60396.32,60448.18
1787276263,60448.18,60474.12,60436.71,60443.17
1787277163,60443.17,60558.23,60421.86,60520.49
1787278063,60520.49,60573.75,60480.26,60532.77
1787278963,60532.77,60612.95,60505.79,60580.39
1787279863,60580.39,60664.42,60533.42,60651.29
1787280763,60651.29,60704.1,60638.8,60640.38
1787281663,60640.38,60659.38,60592.78,60620.66
1787282563,60620.66,60752.58,60600.48,60702.47
1787283463,60702.47,60774.3,60643.02,60664.4
1787284363,60664.4,60707.33,60524.72,60525.03
1787285263,60525.03,60554.71,60359.05,60387.22
1787286163,60387.22,60511.77,60361.87,60458.34
1787287063,60458.34,60471.39,60436.33,60451.0
1787287963,60451.0,60453.69,60412.99,60440.94
1787288863,60440.94,60672.31,60437.25,60647.6
1787289763,60647.6,60685.73,60494.24,60505.25
1787290663,60505.25,60546.05,60404.17,60448.71
1787291563,60448.71,60555.96,60446.85,60536.92
1787292463,60536.92,60618.29,60493.71,60588.67
1787293363,60588.67,60635.58,60515.01,60537.68
1787294263,60537.68,60578.57,60529.33,60539.84
1787295163,60539.84,60598.75,60523.52,60560.64
1787296063,60560.64,60574.03,60514.42,60522.93
1787296963,60522.93,60561.64,60314.17,60326.27
1787297863,60326.27,60425.54,60323.68,60406.69
1787298763,60406.69,60424.45,60375.76,60383.91
1787299663,60383.91,60504.84,60375.52,60448.15
1787300563,60448.15,60623.89,60434.69,60576.77
1787301463,60576.77,60730.44,60575.58,60661.13
1787302363,60661.13,60693.26,60618.68,60628.96
1787303263,60628.96,60789.94,60614.88,60781.08
1787304163,60781.08,60880.15,60771.38,60825.89
1787305063,60825.89,60855.64,60728.51,60758.01
1787305963,60758.01,60937.37,60731.75,60899.93
1787306863,60899.93,60909.46,60829.21,60861.26
1787307763,60861.26,60866.78,60827.6,60834.93
1787308663,60834.93,60884.36,60814.83,60856.61
1787309563,60856.61,60893.49,60818.71,60837.9
1787310463,60837.9,60848.85,60797.68,60813.92
1787311363,60813.92,60858.4,60772.36,60854.59
1787312263,60854.59,60855.49,60703.44,60723.04
1787313163,60723.04,60737.87,60664.33,60694.03
1787314063,60694.03,60781.44,60611.68,60749.72
1787314963,60749.72,60846.86,60729.93,60794.79
1787315863,60794.79,60798.78,60771.1,60795.05
1787316763,60795.05,60830.22,60736.36,60773.92
1787317663,60773.92,60870.38,60760.12,60823.38
1787318563,60823.38,60838.74,60719.1,60762.12
1787319463,60762.12,60812.36,60742.83,60784.41
1787320363,60784.41,60811.77,60774.02,60797.78
1787321263,60797.78,60900.09,60781.35,60894.75
1787322163,60894.75,61030.45,60859.38,61006.62
1787323063,61006.62,61085.5,60981.18,61046.94
1787323963,61046.94,61122.35,61043.34,61113.41
1787324863,61113.41,61196.46,61109.46,61166.4
1787325763,61166.4,61194.67,61165.69,61170.79
1787326663,61170.79,61230.27,61152.67,61220.36
1787327563,61220.36,61306.04,61196.7,61265.54
1787328463,61265.54,61506.95,61252.6,61446.29
1787329363,61446.29,61465.4,61326.12,61338.4
1787330263,61338.4,61415.94,61229.19,61376.37
1787331163,61376.37,61376.84,61344.23,61368.52
1787332063,61368.52,61396.51,61364.05,61394.02
1787332963,61394.02,61474.57,61370.9,61451.94
1787333863,61451.94,61536.58,61395.34,61500.94
1787334763,61500.94,61517.15,61425.83,61429.48
1787335663,61429.48,61439.81,61182.23,61212.15
1787336563,61212.15,61252.31,61068.67,61102.53
1787337463,61102.53,61184.34,61092.07,61169.24
1787338363,61169.24,61303.2,61158.99,61287.4
1787339263,61287.4,61366.27,61260.89,61334.53
1787340163,61334.53,61381.93,61268.4,61322.77
1787341063,61322.77,61348.97,61251.22,61275.16
1787341963,61275.16,61347.19,61270.42,61345.51
1787342863,61345.51,61417.88,61339.57,61402.42
1787343763,61402.42,61435.57,61329.54,61337.53
1787344663,61337.53,61390.31,61321.2,61382.09
1787345563,61382.09,61387.4,61277.0,61324.48
1787346463,61324.48,61502.49,61318.6,61452.32
1787347363,61452.32,61484.06,61355.9,61399.63
1787348263,61399.63,61443.63,61351.49,61408.83
1787349163,61408.83,61517.31,61380.93,61472.49
1787350063,61472.49,61503.99,61446.96,61457.54
1787350963,61457.54,61512.89,61392.57,61399.96
1787351863,61399.96,61541.98,61339.69,61484.08
1787352763,61484.08,61556.42,61422.22,61546.21
1787353663,61546.21,61641.03,61512.35,61603.27
1787354563,61603.27,61640.73,61521.65,61567.46
1787355463,61567.46,61680.95,61547.31,61646.19
1787356363,61646.19,61712.05,61549.69,61560.4
1787357263,61560.4,61581.44,61558.39,61572.65
1787358163,61572.65,61614.39,61526.35,61596.51
1787359063,61596.51,61623.75,61578.82,61596.51
1787359963,61596.51,61632.3,61386.1,61388.21
1787360863,61388.21,61532.65,61352.0,61527.79
1787361763,61527.79,61554.69,61466.72,61504.18
1787362663,61504.18,61522.64,61443.84,61474.41
1787363563,61474.41,61527.32,61468.0,61520.28
1787364463,61520.28,61529.07,61414.28,61443.29
1787365363,61443.29,61473.61,61375.66,61398.84
1787366263,61398.84,61432.16,61377.83,61384.96
1787367163,61384.96,61421.34,61235.08,61244.83
1787368063,61244.83,61293.02,61224.05,61277.14
1787368963,61277.14,61341.27,61260.26,61260.8
1787369863,61260.8,61288.55,61222.68,61259.49
1787370763,61259.49,61324.52,61212.0,61320.68
1787371663,61320.68,61335.54,61039.14,61077.23
1787372563,61077.23,61091.65,61037.54,61070.75
1787373463,61070.75,61130.28,61057.61,61122.78
1787374363,61122.78,61132.54,60988.49,61004.18
1787375263,61004.18,61046.97,60883.37,60895.74
1787376163,60895.74,60898.14,60812.74,60836.63
1787377063,60836.63,60864.85,60773.4,60814.47
1787377963,60814.47,60854.83,60763.23,60839.36
1787378863,60839.36,60847.49,60737.05,60787.13
1787379763,60787.13,60793.33,60713.49,60714.1
1787380663,60714.1,60805.58,60666.17,60787.71
1787381563,60787.71,60791.33,60742.8,60766.68
1787382463,60766.68,60829.52,60757.14,60828.46
1787383363,60828.46,60864.63,60783.12,60805.02
1787384263,60805.02,60855.85,60782.16,60824.19
1787385163,60824.19,60904.68,60819.86,60875.32
1787386063,60875.32,60959.66,60868.94,60946.98
1787386963,60946.98,60950.41,60815.6,60846.41
1787387863,60846.41,60910.62,60800.95,60874.87
1787388763,60874.87,60943.34,60788.38,60799.72
1787389663,60799.72,60801.89,60745.18,60758.52
1787390563,60758.52,60854.92,60748.56,60849.17
1787391463,60849.17,60930.1,60836.28,60911.75
1787392363,60911.75,60943.46,60889.19,60939.04
1787393263,60939.04,60965.7,60881.94,60936.32
1787394163,60936.32,61012.09,60889.36,60993.81
1787395063,60993.81,61107.8,60987.94,61061.11
1787395963,61061.11,61086.96,60907.17,60980.45
1787396863,60980.45,61090.9,60953.79,61052.4
1787397763,61052.4,61127.5,60987.4,61011.62
1787398663,61011.62,61045.78,60823.23,60855.86
1787399563,60855.86,60874.09,60771.76,60828.87
1787400463,60828.87,60948.09,60819.47,60930.64
1787401363,60930.64,60951.11,60900.81,60941.03
1787402263,60941.03,61082.37,60939.57,61021.81
1787403163,61021.81,61138.09,60999.69,61107.59
1787404063,61107.59,61136.53,61035.29,61041.25
1787404963,61041.25,61158.21,61023.63,61113.22
1787405863,61113.22,61236.9,61104.3,61216.45
1787406763,61216.45,61274.6,61137.83,61152.53
1787407663,61152.53,61177.22,61068.42,61093.6
1787408563,61093.6,61106.48,60942.88,60965.73
1787409463,60965.73,61049.28,60945.53,61042.19
1787410363,61042.19,61053.22,60982.82,61006.5
1787411263,61006.5,61027.69,60912.06,60938.41
1787412163,60938.41,61132.01,60911.15,61056.92
1787413063,61056.92,61091.03,61051.65,61076.2
1787413963,61076.2,61119.66,61064.21,61070.35
1787414863,61070.35,61109.71,61028.53,61030.74
1787415763,61030.74,61051.87,60955.58,60978.87
1787416663,60978.87,61018.89,60859.37,60880.1
1787417563,60880.1,60899.86,60679.75,60723.46
1787418463,60723.46,60746.85,60659.91,60684.37
1787419363,60684.37,60735.7,60619.6,60719.69
1787420263,60719.69,60780.15,60687.57,60778.45
1787421163,60778.45,60911.48,60744.08,60900.77
1787422063,60900.77,60910.08,60888.5,60899.5
1787422963,60899.5,60945.51,60875.33,60896.59
1787423863,60896.59,60930.32,60813.55,60861.76
1787424763,60861.76,60870.29,60807.14,60825.53
1787425663,60825.53,60876.05,60790.1,60870.95
1787426563,60870.95,60899.96,60798.89,60799.63
1787427463,60799.63,60953.44,60798.74,60909.23
1787428363,60909.23,60914.23,60882.64,60903.13
1787429263,60903.13,60922.41,60805.66,60813.58
1787430163,60813.58,60916.42,60804.4,60914.63
1787431063,60914.63,60918.09,60734.91,60768.37
1787431963,60768.37,60850.99,60710.08,60817.15
1787432863,60817.15,60853.87,60688.85,60751.79
1787433763,60751.79,60794.95,60744.6,60768.61
1787434663,60768.61,60769.35,60750.94,60767.48
1787435563,60767.48,60812.19,60688.66,60691.91
1787436463,60691.91,60772.92,60660.28,60735.95
1787437363,60735.95,60777.64,60613.17,60665.55
1787438263,60665.55,60704.02,60653.53,60656.15
1787439163,60656.15,60716.97,60649.27,60708.06
1787440063,60708.06,60730.1,60582.36,60621.41
1787440963,60621.41,60712.74,60590.31,60709.13
1787441863,60709.13,60759.11,60688.96,60695.08
1787442763,60695.08,60797.14,60657.16,60734.6
1787443663,60734.6,60865.95,60709.66,60843.63
1787444563,60843.63,60960.55,60830.67,60899.46
1787445463,60899.46,60912.5,60761.75,60778.59
1787446363,60778.59,60886.43,60734.28,60876.77
1787447263,60876.77,60944.02,60815.62,60826.63
1787448163,60826.63,60846.86,60688.27,60707.95
1787449063,60707.95,60744.99,60642.68,60694.17
1787449963,60694.17,60706.54,60570.94,60574.47
1787450863,60574.47,60584.68,60533.65,60550.93
1787451763,60550.93,60622.14,60523.04,60605.37
1787452663,60605.37,60622.08,60569.4,60614.84
1787453563,60614.84,60665.19,60610.49,60638.3
1787454463,60638.3,60660.81,60588.22,60601.26
1787455363,60601.26,60663.89,60590.26,60658.45
1787456263,60658.45,60712.1,60650.73,60651.97
1787457163,60651.97,60694.83,60514.09,60524.14
1787458063,60524.14,60614.96,60477.99,60598.4
1787458963,60598.4,60607.5,60557.1,60567.57
1787459863,60567.57,60606.85,60535.14,60597.29
1787460763,60597.29,60659.77,60526.08,60551.84
1787461663,60551.84,60579.54,60547.36,60569.06
1787462563,60569.06,60572.38,60500.22,60557.2
1787463463,60557.2,60662.31,60544.16,60613.76
1787464363,60613.76,60663.28,60566.18,60570.89
1787465263,60570.89,60585.38,60383.49,60440.49
1787466163,60440.49,60547.81,60437.37,60518.13
1787467063,60518.13,60552.38,60473.06,60480.66
1787467963,60480.66,60500.9,60406.67,60431.86
1787468863,60431.86,60453.67,60414.02,60432.76
1787469763,60432.76,60434.1,60345.12,60354.37
1787470663,60354.37,60358.24,60330.06,60347.91
1787471563,60347.91,60494.07,60307.18,60477.98
1787472463,60477.98,60541.35,60423.73,60442.08
1787473363,60442.08,60488.02,60411.74,60430.89
1787474263,60430.89,60596.0,60410.0,60590.36
1787475163,60590.36,60621.36,60530.17,60553.09
1787476063,60553.09,60644.3,60549.21,60624.42
1787476963,60624.42,60631.15,60540.56,60573.8
1787477863,60573.8,60684.99,60519.94,60668.76
1787478763,60668.76,60781.8,60650.2,60743.07
1787479663,60743.07,60865.21,60723.44,60857.46
1787480563,60857.46,60878.11,60713.56,60779.0
1787481463,60779.0,60811.07,60757.92,60763.29
1787482363,60763.29,60783.26,60756.52,60769.83
1787483263,60769.83,60791.54,60753.48,60770.65
1787484163,60770.65,60796.44,60696.93,60701.93
1787485063,60701.93,60716.94,60594.53,60686.97
1787485963,60686.97,60784.33,60681.39,60778.81
1787486863,60778.81,60783.42,60703.02,60706.06
1787487763,60706.06,60733.21,60542.91,60547.39
1787488663,60547.39,60698.21,60544.99,60690.31
1787489563,60690.31,60718.61,60609.21,60623.34
1787490463,60623.34,60741.54,60619.63,60698.7
1787491363,60698.7,60739.12,60651.17,60677.7
1787492263,60677.7,60773.52,60628.31,60752.14
1787493163,60752.14,60826.3,60741.29,60810.3
1787494063,60810.3,60883.63,60792.08,60855.49
1787494963,60855.49,60873.7,60832.93,60842.79
1787495863,60842.79,60867.89,60806.76,60821.28
1787496763,60821.28,60836.32,60787.43,60831.36
1787497663,60831.36,60862.21,60685.38,60728.78
1787498563,60728.78,60746.63,60663.08,60704.15
1787499463,60704.15,60801.08,60688.78,60739.3
1787500363,60739.3,60977.95,60690.66,60959.84
1787501263,60959.84,61005.74,60900.56,60972.5
1787502163,60972.5,61002.43,60873.68,60890.03
1787503063,60890.03,61088.68,60861.31,61056.4
1787503963,61056.4,61126.83,61037.92,61121.4
1787504863,61121.4,61256.2,61103.93,61222.14
1787505763,61222.14,61244.88,61189.48,61220.58
1787506663,61220.58,61222.55,61085.77,61119.57
1787507563,61119.57,61178.08,61072.79,61139.88
1787508463,61139.88,61231.38,61124.61,61218.67
1787509363,61218.67,61279.02,61180.8,61278.97
1787510263,61278.97,61294.55,61186.39,61225.8
1787511163,61225.8,61297.43,61211.05,61290.43
1787512063,61290.43,61300.17,61218.01,61233.22
1787512963,61233.22,61258.85,61186.83,61223.3
1787513863,61223.3,61260.6,61212.47,61256.75
1787514763,61256.75,61379.65,61245.82,61298.74
1787515663,61298.74,61322.59,61266.14,61308.76
1787516563,61308.76,61326.98,61265.59,61280.04
1787517463,61280.04,61297.23,61203.55,61235.39
1787518363,61235.39,61260.65,61199.55,61201.9
1787519263,61201.9,61350.02,61163.91,61331.11
1787520163,61331.11,61401.01,61234.97,61271.89
1787521063,61271.89,61302.84,61214.76,61301.56
1787521963,61301.56,61376.03,61264.62,61265.61
1787522863,61265.61,61336.68,61237.24,61305.43
1787523763,61305.43,61334.43,61260.28,61270.68
1787524663,61270.68,61283.75,61117.14,61132.68
1787525563,61132.68,61138.08,61033.59,61057.44
1787526463,61057.44,61265.43,61034.79,61229.6
1787527363,61229.6,61368.03,61180.11,61338.63
1787528263,61338.63,61353.05,61118.61,61132.37
1787529163,61132.37,61176.45,61123.66,61157.83
1787530063,61157.83,61194.16,61127.86,61167.54
1787530963,61167.54,61173.63,61138.24,61151.63
1787531863,61151.63,61172.17,61148.54,61156.26
1787532763,61156.26,61215.88,61119.52,61186.0
1787533663,61186.0,61293.47,61164.27,61264.07
1787534563,61264.07,61311.78,61178.05,61192.53
1787535463,61192.53,61236.37,61131.77,61179.17
1787536363,61179.17,61261.52,61168.21,61241.37
1787537263,61241.37,61364.11,61238.47,61317.77
1787538163,61317.77,61368.72,61276.86,61281.38
1787539063,61281.38,61299.23,61239.73,61246.82
1787539963,61246.82,61313.1,61245.34,61258.02
1787540863,61258.02,61297.69,61180.54,61195.67
1787541763,61195.67,61278.05,61188.12,61263.86
1787542663,61263.86,61466.72,61251.66,61464.3
1787543563,61464.3,61523.95,61423.31,61497.23
1787544463,61497.23,61523.73,61386.85,61437.8
1787545363,61437.8,61541.24,61410.31,61479.74
1787546263,61479.74,61579.73,61434.14,61554.95
1787547163,61554.95,61724.02,61506.4,61701.14
1787548063,61701.14,61704.69,61658.28,61661.02
1787548963,61661.02,61708.87,61655.85,61693.02
1787549863,61693.02,61733.67,61645.41,61690.79
1787550763,61690.79,61754.05,61687.26,61731.36
1787551663,61731.36,61804.29,61714.18,61800.01
1787552563,61800.01,61809.05,61719.22,61739.91
1787553463,61739.91,61759.23,61698.15,61718.24
1787554363,61718.24,61733.45,61684.86,61696.87
1787555263,61696.87,61823.69,61648.26,61821.99
1787556163,61821.99,61899.99,61798.71,61879.35
1787557063,61879.35,61902.66,61763.67,61766.54
1787557963,61766.54,61885.47,61738.57,61862.82
1787558863,61862.82,61927.87,61818.47,61926.38
1787559763,61926.38,61942.74,61839.68,61839.96
1787560663,61839.96,61931.23,61830.36,61927.2
1787561563,61927.2,61994.14,61912.92,61985.71
1787562463,61985.71,62103.12,61944.62,62076.12
1787563363,62076.12,62101.21,62050.89,62099.71
1787564263,62099.71,62186.49,62078.13,62156.77
1787565163,62156.77,62243.96,62151.97,62238.48
1787566063,62238.48,62324.7,62223.3,62313.32
1787566963,62313.32,62332.86,62212.96,62217.02
1787567863,62217.02,62305.72,62189.15,62295.23
1787568763,62295.23,62367.16,62206.97,62255.53
1787569663,62255.53,62256.01,62122.13,62156.97
1787570563,62156.97,62167.39,62094.67,62115.93
1787571463,62115.93,62150.21,62094.31,62120.48
1787572363,62120.48,62143.57,62076.5,62105.24
1787573263,62105.24,62121.41,62061.37,62096.97
1787574163,62096.97,62108.93,62028.81,62051.48
1787575063,62051.48,62093.11,62016.75,62054.3
1787575963,62054.3,62087.35,62038.97,62080.76
1787576863,62080.76,62294.01,62041.6,62276.15
1787577763,62276.15,62371.6,62272.82,62328.53
1787578663,62328.53,62329.12,62278.25,62296.27
1787579563,62296.27,62365.56,62245.03,62339.57
1787580463,62339.57,62383.13,62302.66,62313.67
1787581363,62313.67,62414.58,62311.15,62363.48
1787582263,62363.48,62444.65,62351.58,62419.25
1787583163,62419.25,62432.76,62416.18,62424.05
1787584063,62424.05,62585.76,62393.11,62516.64
1787584963,62516.64,62568.89,62457.4,62554.89
1787585863,62554.89,62556.35,62471.29,62489.21
1787586763,62489.21,62566.82,62452.27,62565.29
1787587663,62565.29,62612.71,62317.53,62327.51
1787588563,62327.51,62500.32,62245.1,62463.4
1787589463,62463.4,62676.9,62420.84,62610.11
1787590363,62610.11,62624.19,62558.94,62577.32
1787591263,62577.32,62587.87,62479.73,62496.65
1787592163,62496.65,62497.36,62421.25,62459.05
1787593063,62459.05,62461.9,62384.11,62427.9
1787593963,62427.9,62492.51,62387.27,62489.43
1787594863,62489.43,62513.94,62400.01,62413.14
1787595763,62413.14,62493.19,62389.23,62454.7
1787596663,62454.7,62499.45,62427.34,62487.72
1787597563,62487.72,62529.08,62464.97,62465.34
1787598463,62465.34,62541.71,62463.04,62502.58
1787599363,62502.58,62525.36,62480.91,62487.29
1787600263,62487.29,62620.73,62484.34,62583.47
1787601163,62583.47,62653.09,62549.63,62597.83
1787602063,62597.83,62612.85,62438.22,62452.23
1787602963,62452.23,62462.71,62273.88,62328.18
1787603863,62328.18,62440.98,62327.09,62387.9
1787604763,62387.9,62541.4,62347.15,62514.25
1787605663,62514.25,62590.06,62488.49,62581.75
1787606563,62581.75,62627.52,62495.54,62530.18
1787607463,62530.18,62566.0,62382.19,62436.02
1787608363,62436.02,62446.4,62413.64,62431.49
1787609263,62431.49,62445.57,62382.19,62411.99
1787610163,62411.99,62552.46,62368.02,62532.67
1787611063,62532.67,62542.02,62406.69,62480.34
1787611963,62480.34,62508.79,62405.53,62410.65
1787612863,62410.65,62432.31,62371.66,62418.93
1787613763,62418.93,62436.94,62393.06,62427.15
1787614663,62427.15,62459.2,62357.56,62386.47
1787615563,62386.47,62417.42,62344.48,62398.07
1787616463,62398.07,62399.38,62360.85,62377.17
1787617363,62377.17,62505.31,62358.78,62481.89
1787618263,62481.89,62580.53,62464.26,62535.05
1787619163,62535.05,62641.07,62528.36,62624.52
1787620063,62624.52,62804.64,62591.3,62745.47
1787620963,62745.47,62773.92,62705.94,62718.31
1787621863,62718.31,62770.08,62682.07,62707.35
1787622763,62707.35,62736.6,62627.25,62628.42
1787623663,62628.42,62646.79,62578.87,62579.41
1787624563,62579.41,62583.67,62531.64,62573.77
1787625463,62573.77,62585.58,62482.5,62498.63
1787626363,62498.63,62501.62,62354.82,62452.49
1787627263,62452.49,62488.8,62442.38,62457.85
1787628163,62457.85,62536.18,62455.9,62524.65
1787629063,62524.65,62567.64,62491.92,62560.53
1787629963,62560.53,62569.54,62521.71,62522.02
1787630863,62522.02,62622.31,62512.02,62621.35
1787631763,62621.35,62674.28,62613.89,62653.59
1787632663,62653.59,62662.43,62619.92,62653.56
1787633563,62653.56,62709.11,62531.71,62599.41
1787634463,62599.41,62710.47,62568.43,62698.57
1787635363,62698.57,62743.96,62684.5,62714.5
1787636263,62714.5,62726.31,62686.19,62721.76
1787637163,62721.76,62793.95,62716.42,62771.1
1787638063,62771.1,62777.07,62654.27,62698.24
1787638963,62698.24,62705.97,62582.71,62647.28
1787639863,62647.28,62664.3,62626.59,62655.91
1787640763,62655.91,62703.42,62619.96,62700.3
1787641663,62700.3,62726.09,62604.51,62635.4
1787642563,62635.4,62687.98,62627.31,62655.42
1787643463,62655.42,62698.38,62599.46,62691.01
1787644363,62691.01,62719.81,62676.88,62709.76
1787645263,62709.76,62766.77,62599.12,62654.62
1787646163,62654.62,62684.09,62649.99,62669.18
1787647063,62669.18,62682.3,62478.67,62521.32
1787647963,62521.32,62575.17,62505.97,62567.02
1787648863,62567.02,62752.04,62528.85,62715.52
1787649763,62715.52,62733.49,62538.24,62552.81
1787650663,62552.81,62615.71,62529.81,62566.51
1787651563,62566.51,62623.28,62559.79,62594.78
1787652463,62594.78,62620.57,62478.99,62504.3
1787653363,62504.3,62554.6,62366.57,62397.72
1787654263,62397.72,62445.19,62393.83,62432.81
1787655163,62432.81,62497.73,62430.43,62432.49
1787656063,62432.49,62559.7,62415.5,62555.77
1787656963,62555.77,62758.84,62548.98,62740.5
1787657863,62740.5,62742.81,62606.67,62647.99
1787658763,62647.99,62728.91,62593.27,62725.55
1787659663,62725.55,62761.61,62703.68,62743.99
1787660563,62743.99,62877.74,62711.95,62858.25
1787661463,62858.25,62907.57,62845.93,62873.71
1787662363,62873.71,62884.08,62690.92,62703.83
1787663263,62703.83,62832.62,62702.77,62831.56
1787664163,62831.56,62863.77,62818.95,62855.51
1787665063,62855.51,62856.63,62748.34,62778.79
1787665963,62778.79,62783.58,62747.34,62758.48
1787666863,62758.48,62767.63,62722.54,62750.27
1787667763,62750.27,62834.96,62704.59,62759.13
1787668663,62759.13,62764.58,62667.48,62682.11
1787669563,62682.11,62699.32,62618.43,62632.38
1787670463,62632.38,62748.3,62597.93,62675.47
1787671363,62675.47,62697.17,62638.51,62650.07
1787672263,62650.07,62854.52,62631.4,62797.01
1787673163,62797.01,62815.73,62724.7,62735.16
1787674063,62735.16,62960.41,62719.1,62940.2
1787674963,62940.2,63043.84,62933.23,63001.02
1787675863,63001.02,63001.63,62919.4,62924.07
1787676763,62924.07,62961.44,62809.38,62836.01
1787677663,62836.01,63021.89,62827.98,62978.03
1787678563,62978.03,63117.61,62963.25,63104.71
1787679463,63104.71,63245.33,63100.26,63228.83
1787680363,63228.83,63330.91,63219.24,63289.22
1787681263,63289.22,63411.93,63280.48,63407.32
1787682163,63407.32,63454.8,63380.23,63382.19
1787683063,63382.19,63452.17,63326.95,63438.09
1787683963,63438.09,63568.12,63418.84,63558.62
1787684863,63558.62,63698.64,63525.69,63683.75
1787685763,63683.75,63738.42,63654.72,63678.67
1787686663,63678.67,63895.49,63678.53,63876.11
1787687563,63876.11,64037.84,63875.44,64029.52
1787688463,64029.52,64110.27,64006.99,64101.97
1787689363,64101.97,64158.63,64047.6,64144.69
1787690263,64144.69,64146.32,64083.13,64093.88
1787691163,64093.88,64110.85,64074.54,64078.68
1787692063,64078.68,64106.69,63964.76,63990.59
1787692963,63990.59,64038.89,63935.28,63999.07
1787693863,63999.07,64026.06,63897.06,63897.16
1787694763,63897.16,63911.9,63809.71,63811.77
1787695663,63811.77,63834.29,63597.0,63676.14
1787696563,63676.14,63735.07,63636.3,63690.33
1787697463,63690.33,63842.72,63678.05,63809.98
1787698363,63809.98,63862.94,63742.36,63770.28
1787699263,63770.28,63855.36,63693.81,63706.12
1787700163,63706.12,63791.81,63668.28,63784.44
1787701063,63784.44,63832.47,63745.31,63792.8
1787701963,63792.8,64015.47,63774.21,64008.26
1787702863,64008.26,64120.04,63992.23,64109.7
1787703763,64109.7,64130.81,64082.5,64104.83
1787704663,64104.83,64122.01,63983.74,64020.04
1787705563,64020.04,64099.22,63992.82,64086.46
1787706463,64086.46,64095.9,64021.34,64031.19
1787707363,64031.19,64114.41,64015.19,64089.71
1787708263,64089.71,64134.45,64052.57,64067.12
1787709163,64067.12,64158.62,64032.77,64140.47
1787710063,64140.47,64192.17,64125.98,64147.92
1787710963,64147.92,64211.75,64138.0,64210.26
1787711863,64210.26,64312.49,64167.01,64258.71
1787712763,64258.71,64272.28,64182.98,64233.16
1787713663,64233.16,64264.16,64135.21,64157.22
1787714563,64157.22,64160.57,64126.64,64139.76
1787715463,64139.76,64160.46,64082.4,64153.82
1787716363,64153.82,64163.4,64099.61,64136.7
1787717263,64136.7,64156.12,63919.3,63963.91
1787718163,63963.91,63990.43,63851.51,63870.01
1787719063,63870.01,64062.04,63839.08,64056.98
1787719963,64056.98,64106.07,63918.16,63936.72
1787720863,63936.72,63970.84,63892.73,63914.23
1787721763,63914.23,63941.27,63751.96,63817.73
1787722663,63817.73,63818.59,63591.13,63628.61
1787723563,63628.61,63760.66,63586.85,63691.09
1787724463,63691.09,63695.05,63632.66,63657.19
1787725363,63657.19,63695.34,63588.3,63659.97
1787726263,63659.97,63661.11,63580.15,63603.84
1787727163,63603.84,63724.43,63576.89,63631.67
1787728063,63631.67,63746.11,63609.82,63720.19
1787728963,63720.19,63751.63,63719.18,63746.01
1787729863,63746.01,63888.54,63736.7,63869.48
1787730763,63869.48,63873.47,63788.44,63845.11
1787731663,63845.11,63861.93,63785.02,63826.44
1787732563,63826.44,63946.38,63814.25,63926.84
1787733463,63926.84,63962.94,63917.09,63962.27
1787734363,63962.27,63972.25,63866.01,63907.87
1787735263,63907.87,63971.26,63868.57,63947.37
1787736163,63947.37,63976.16,63799.5,63826.59
1787737063,63826.59,63833.98,63720.69,63735.59
1787737963,63735.59,63817.26,63698.24,63788.32
1787738863,63788.32,63863.6,63745.05,63855.51
1787739763,63855.51,63918.3,63788.19,63914.77
1787740663,63914.77,63932.27,63768.5,63821.35
1787741563,63821.35,63954.63,63784.12,63921.92
1787742463,63921.92,64042.97,63882.69,63980.57
1787743363,63980.57,64013.07,63930.04,63942.17
1787744263,63942.17,64239.67,63928.48,64210.76
1787745163,64210.76,64259.92,64197.28,64202.04
1787746063,64202.04,64239.74,64147.13,64160.49
1787746963,64160.49,64196.21,64053.44,64056.8
1787747863,64056.8,64158.58,64012.8,64087.69
1787748763,64087.69,64110.02,63966.01,63988.11
1787749663,63988.11,64003.18,63884.68,63897.68
1787750563,63897.68,63908.72,63794.97,63798.06
1787751463,63798.06,63819.63,63727.93,63739.09
1787752363,63739.09,63744.09,63673.31,63712.19
1787753263,63712.19,63719.33,63662.53,63669.34
1787754163,63669.34,63676.03,63580.7,63582.73
1787755063,63582.73,63706.56,63535.99,63660.01
1787755963,63660.01,63765.57,63606.73,63724.19
1787756863,63724.19,63837.25,63721.17,63771.03
1787757763,63771.03,63797.59,63675.81,63694.39
1787758663,63694.39,63809.87,63665.02,63798.17
1787759563,63798.17,63843.92,63743.13,63748.21
1787760463,63748.21,63818.34,63683.8,63777.71
1787761363,63777.71,63814.89,63733.39,63794.68
1787762263,63794.68,63803.14,63745.7,63758.36
1787763163,63758.36,63814.88,63699.28,63708.25
1787764063,63708.25,63739.73,63684.3,63717.87
1787764963,63717.87,63767.95,63693.34,63731.04
1787765863,63731.04,63804.83,63675.84,63773.35
1787766763,63773.35,63804.31,63762.92,63773.24
1787767663,63773.24,63802.94,63689.94,63711.63
1787768563,63711.63,63752.17,63660.07,63688.5
1787769463,63688.5,63707.47,63592.26,63690.04
1787770363,63690.04,63705.04,63640.1,63646.16
1787771263,63646.16,63648.56,63619.64,63646.22
1787772163,63646.22,63787.46,63610.23,63770.64
1787773063,63770.64,63833.52,63705.54,63799.47
1787773963,63799.47,63851.05,63645.27,63650.74
1787774863,63650.74,63764.59,63639.73,63750.45
1787775763,63750.45,63751.08,63629.34,63684.62
1787776663,63684.62,63714.69,63542.33,63576.64
1787777563,63576.64,63621.6,63522.9,63609.69
1787778463,63609.69,63723.66,63599.86,63715.6
1787779363,63715.6,63729.39,63662.47,63700.74
1787780263,63700.74,63731.58,63671.73,63688.41
1787781163,63688.41,63840.3,63663.82,63797.57
1787782063,63797.57,63833.69,63770.22,63808.34
1787782963,63808.34,63871.68,63732.56,63735.72
1787783863,63735.72,63747.88,63602.16,63626.35
1787784763,63626.35,63627.97,63580.03,63614.7
1787785663,63614.7,63701.31,63611.37,63680.44
1787786563,63680.44,63706.18,63609.75,63614.4
1787787463,63614.4,63625.79,63554.96,63563.57
1787788363,63563.57,63648.73,63516.75,63637.47
1787789263,63637.47,63755.6,63582.11,63743.5
1787790163,63743.5,63892.51,63705.23,63857.08
1787791063,63857.08,63962.55,63855.16,63885.98
1787791963,63885.98,63910.67,63874.81,63896.62
1787792863,63896.62,63905.44,63865.22,63882.65
1787793763,63882.65,63899.25,63820.68,63844.39
1787794663,63844.39,63920.19,63802.66,63895.06
1787795563,63895.06,63966.84,63870.55,63940.64
1787796463,63940.64,63979.05,63937.63,63969.16
1787797363,63969.16,64082.37,63934.71,64040.79
1787798263,64040.79,64185.09,64028.79,64132.1
1787799163,64132.1,64177.76,64128.05,64136.89
1787800063,64136.89,64371.61,64129.74,64338.22
1787800963,64338.22,64394.65,64314.89,64364.42
1787801863,64364.42,64370.59,64286.52,64352.14
1787802763,64352.14,64436.43,64312.15,64391.19
1787803663,64391.19,64416.54,64310.91,64330.82
1787804563,64330.82,64558.72,64325.66,64512.01
1787805463,64512.01,64579.74,64497.89,64566.9
1787806363,64566.9,64570.84,64491.52,64503.61
1787807263,64503.61,64711.13,64459.28,64704.53
1787808163,64704.53,64725.96,64526.85,64560.5
1787809063,64560.5,64605.76,64343.01,64356.32
1787809963,64356.32,64479.71,64331.24,64461.74
1787810863,64461.74,64547.46,64445.66,64504.4
1787811763,64504.4,64565.67,64490.9,64543.76
1787812663,64543.76,64547.24,64507.43,64531.08
1787813563,64531.08,64557.98,64512.85,64553.15
1787814463,64553.15,64659.2,64467.74,64604.3
1787815363,64604.3,64630.77,64589.32,64606.36
1787816263,64606.36,64626.37,64519.91,64535.19
1787817163,64535.19,64578.98,64388.66,64426.46
1787818063,64426.46,64458.48,64299.54,64341.39
1787818963,64341.39,64360.61,64322.98,64351.62
1787819863,64351.62,64503.98,64308.6,64482.86
1787820763,64482.86,64651.37,64413.32,64640.14
1787821663,64640.14,64679.4,64613.38,64623.76
1787822563,64623.76,64627.56,64554.22,64559.72
1787823463,64559.72,64624.75,64512.12,64622.19
1787824363,64622.19,64654.52,64575.82,64592.52
1787825263,64592.52,64769.91,64555.01,64754.6
1787826163,64754.6,64773.23,64699.96,64713.69
1787827063,64713.69,64742.04,64701.25,64705.01
1787827963,64705.01,64716.05,64645.54,64651.84
1787828863,64651.84,64769.22,64599.69,64760.25
1787829763,64760.25,64827.37,64648.57,64680.53
1787830663,64680.53,64747.79,64679.13,64734.01
1787831563,64734.01,64737.26,64492.27,64526.02
1787832463,64526.02,64641.02,64482.03,64634.36
1787833363,64634.36,64734.52,64611.64,64717.37
1787834263,64717.37,64755.43,64702.03,64749.71
1787835163,64749.71,64831.28,64729.87,64786.63
1787836063,64786.63,64839.62,64758.19,64821.36
1787836963,64821.36,64863.33,64704.44,64796.89
1787837863,64796.89,64892.79,64764.88,64864.4
1787838763,64864.4,65028.11,64806.15,64965.87
1787839663,64965.87,65068.24,64944.31,65037.1
1787840563,65037.1,65037.79,64806.37,64822.83
1787841463,64822.83,64909.45,64808.08,64844.08
1787842363,64844.08,65059.87,64817.41,65005.33
1787843263,65005.33,65021.99,64989.18,65007.34
1787844163,65007.34,65193.83,64992.15,65183.6
1787845063,65183.6,65207.0,65097.62,65129.24
1787845963,65129.24,65165.97,65062.53,65089.23
1787846863,65089.23,65090.9,65070.98,65080.21
1787847763,65080.21,65120.92,65049.9,65057.05
1787848663,65057.05,65104.93,65045.47,65096.31
1787849563,65096.31,65329.57,65082.67,65322.49
1787850463,65322.49,65350.71,65288.56,65313.77
1787851363,65313.77,65362.9,65299.22,65352.02
1787852263,65352.02,65415.66,65342.93,65356.38
1787853163,65356.38,65402.5,65226.0,65231.35
1787854063,65231.35,65269.73,65119.45,65139.61
1787854963,65139.61,65153.57,64832.86,64869.51
1787855863,64869.51,65014.83,64862.88,64982.56
1787856763,64982.56,65001.39,64919.69,64952.63
1787857663,64952.63,64960.82,64827.8,64845.06
1787858563,64845.06,64949.89,64827.28,64932.9
1787859463,64932.9,64949.01,64776.7,64792.9
1787860363,64792.9,64846.71,64767.56,64822.96
1787861263,64822.96,64874.07,64796.03,64843.1
1787862163,64843.1,64879.04,64650.65,64753.35
1787863063,64753.35,64789.61,64679.84,64691.79
1787863963,64691.79,64696.16,64640.6,64661.16
1787864863,64661.16,64701.71,64643.83,64689.17
1787865763,64689.17,64818.79,64671.51,64760.73
1787866663,64760.73,64790.33,64747.82,64748.25
1787867563,64748.25,64748.47,64676.24,64701.26
1787868463,64701.26,64888.06,64688.81,64887.71
1787869363,64887.71,64920.7,64691.26,64700.06
1787870263,64700.06,64715.6,64605.37,64650.62
1787871163,64650.62,64701.42,64641.49,64677.12
1787872063,64677.12,64689.08,64650.23,64672.46
1787872963,64672.46,64764.55,64665.64,64760.67
1787873863,64760.67,64778.44,64731.42,64742.39
1787874763,64742.39,64783.1,64726.68,64782.77
1787875663,64782.77,64805.39,64742.45,64763.63
1787876563,64763.63,64765.82,64735.11,64750.03
1787877463,64750.03,64831.93,64706.18,64823.13
1787878363,64823.13,64846.68,64724.61,64757.94
1787879263,64757.94,64765.24,64576.84,64578.25
1787880163,64578.25,64636.05,64574.12,64621.39
1787881063,64621.39,64650.9,64556.25,64583.01
1787881963,64583.01,64609.97,64499.74,64538.74
1787882863,64538.74,64625.34,64535.53,64606.11
1787883763,64606.11,64641.63,64552.71,64622.47
1787884663,64622.47,64627.85,64565.03,64583.72
1787885563,64583.72,64599.82,64533.02,64541.1
1787886463,64541.1,64545.58,64425.45,64435.75
1787887363,64435.75,64481.85,64403.74,64464.74
1787888263,64464.74,64556.51,64462.69,64473.66
1787889163,64473.66,64558.38,64466.37,64544.07
1787890063,64544.07,64785.11,64522.09,64758.26
1787890963,64758.26,64791.96,64678.48,64683.02
1787891863,64683.02,64683.06,64611.53,64675.58
1787892763,64675.58,64679.45,64666.79,64673.93
1787893663,64673.93,64733.86,64672.07,64708.95
1787894563,64708.95,64720.56,64665.37,64703.9
1787895463,64703.9,64729.3,64690.78,64709.63
1787896363,64709.63,64779.77,64701.43,64760.78
1787897263,64760.78,64795.3,64746.17,64749.0
1787898163,64749.0,64771.4,64674.77,64707.34
1787899063,64707.34,64735.35,64662.72,64724.24
1787899963,64724.24,64752.75,64694.44,64735.83
1787900863,64735.83,64756.03,64571.45,64603.28
1787901763,64603.28,64650.9,64453.36,64476.57
1787902663,64476.57,64614.44,64475.78,64557.66
1787903563,64557.66,64716.46,64511.78,64698.73
1787904463,64698.73,64719.42,64691.34,64698.5
1787905363,64698.5,64715.31,64681.98,64707.31
1787906263,64707.31,64715.36,64687.13,64714.5
1787907163,64714.5,64735.91,64637.21,64641.58
1787908063,64641.58,64660.73,64619.78,64646.8
1787908963,64646.8,64722.18,64624.05,64692.37
1787909863,64692.37,64762.68,64629.29,64739.07
1787910763,64739.07,64775.9,64717.33,64732.46
1787911663,64732.46,64769.22,64715.38,64753.19
1787912563,64753.19,64774.13,64645.33,64664.29
1787913463,64664.29,64688.91,64644.41,64672.72
1787914363,64672.72,64679.52,64602.64,64608.77
1787915263,64608.77,64720.86,64593.44,64711.89
1787916163,64711.89,64717.91,64483.65,64507.25
1787917063,64507.25,64647.76,64435.02,64614.62
1787917963,64614.62,64791.51,64601.51,64773.92
1787918863,64773.92,64838.76,64718.71,64722.86
1787919763,64722.86,64742.24,64643.89,64663.47
1787920663,64663.47,64702.66,64594.64,64608.69
1787921563,64608.69,64629.6,64572.74,64613.75
1787922463,64613.75,64615.16,64502.22,64516.74
1787923363,64516.74,64674.0,64433.74,64646.25
1787924263,64646.25,64776.25,64603.61,64757.09
1787925163,64757.09,64765.24,64718.62,64727.15
1787926063,64727.15,64792.86,64644.37,64654.92
1787926963,64654.92,64679.48,64562.3,64612.32
1787927863,64612.32,64671.81,64517.82,64549.37
1787928763,64549.37,64602.33,64352.91,64388.86
1787929663,64388.86,64411.4,64360.73,64399.7
1787930563,64399.7,64423.69,64331.83,64357.52
1787931463,64357.52,64604.14,64347.4,64580.18
1787932363,64580.18,64610.75,64521.51,64560.52
1787933263,64560.52,64642.0,64549.84,64633.64
1787934163,64633.64,64812.13,64609.56,64777.76
1787935063,64777.76,64963.91,64767.66,64917.92
1787935963,64917.92,65023.16,64904.72,64974.73
1787936863,64974.73,65048.55,64907.31,65034.89
1787937763,65034.89,65054.39,64966.1,64991.48
1787938663,64991.48,65063.3,64948.3,64994.25
1787939563,64994.25,65012.99,64949.74,64982.22
1787940463,64982.22,65023.45,64972.94,65018.42
1787941363,65018.42,65068.03,65009.78,65055.9
1787942263,65055.9,65163.26,65053.32,65124.78
1787943163,65124.78,65136.92,64993.93,65013.6
1787944063,65013.6,65027.93,64975.42,65003.66
1787944963,65003.66,65122.53,64968.44,65104.52
1787945863,65104.52,65158.31,65081.08,65144.61
1787946763,65144.61,65198.97,65130.36,65193.79
1787947663,65193.79,65223.99,65171.43,65203.25
1787948563,65203.25,65271.88,65200.52,65222.4
1787949463,65222.4,65259.3,65176.4,65190.39
1787950363,65190.39,65254.56,65150.38,65204.64
1787951263,65204.64,65223.23,65201.1,65205.24
1787952163,65205.24,65283.2,65181.94,65268.19
1787953063,65268.19,65335.25,65239.17,65250.71
1787953963,65250.71,65271.38,65152.94,65188.41
1787954863,65188.41,65201.06,65134.85,65165.91
1787955763,65165.91,65196.46,65069.99,65120.87
1787956663,65120.87,65214.19,65102.21,65201.15
1787957563,65201.15,65246.67,65161.79,65243.8
1787958463,65243.8,65267.69,65230.69,65262.73
1787959363,65262.73,65294.6,65184.53,65219.69
1787960263,65219.69,65228.19,65017.8,65114.62
1787961163,65114.62,65168.64,65108.22,65161.56
1787962063,65161.56,65336.59,65158.41,65318.78
1787962963,65318.78,65346.55,65303.07,65320.57
1787963863,65320.57,65330.94,65209.61,65215.43
1787964763,65215.43,65278.12,65154.78,65166.14
1787965663,65166.14,65260.95,65148.51,65243.59
1787966563,65243.59,65251.12,65207.79,65231.34
1787967463,65231.34,65299.92,65230.61,65243.04
1787968363,65243.04,65283.67,65220.75,65268.11
1787969263,65268.11,65346.64,65250.29,65311.39
1787970163,65311.39,65326.12,65239.1,65241.02
1787971063,65241.02,65251.24,65184.75,65213.59
1787971963,65213.59,65223.27,65164.69,65174.27
1787972863,65174.27,65347.4,65129.74,65258.65
1787973763,65258.65,65287.73,65161.47,65166.16
1787974663,65166.16,65221.01,65141.53,65186.6
1787975563,65186.6,65209.72,65121.99,65150.9
1787976463,65150.9,65157.94,65084.93,65122.87
1787977363,65122.87,65283.32,65103.4,65238.63
1787978263,65238.63,65292.8,65134.01,65156.5
1787979163,65156.5,65191.33,65134.5,65142.93
1787980063,65142.93,65229.01,65110.95,65179.52
1787980963,65179.52,65233.79,65175.93,65233.39
1787981863,65233.39,65271.93,65130.8,65134.06
1787982763,65134.06,65180.9,64969.73,64971.72
1787983663,64971.72,64988.16,64918.91,64948.19
1787984563,64948.19,65006.29,64933.03,64991.71
1787985463,64991.71,64994.8,64817.79,64853.47
1787986363,64853.47,64997.21,64797.36,64943.57
1787987263,64943.57,65001.28,64929.1,64977.29
1787988163,64977.29,65006.06,64931.67,64969.66
1787989063,64969.66,64980.0,64938.42,64941.0
1787989963,64941.0,64964.19,64835.48,64852.0
1787990863,64852.0,64872.3,64792.56,64868.16
1787991763,64868.16,64876.94,64843.91,64865.66
1787992663,64865.66,64876.04,64726.83,64728.54
1787993563,64728.54,64729.63,64669.4,64713.36
1787994463,64713.36,64919.95,64665.17,64856.11
1787995363,64856.11,64861.4,64740.03,64752.14
1787996263,64752.14,64773.58,64701.62,64716.56
1787997163,64716.56,64810.05,64712.83,64771.35
1787998063,64771.35,64849.11,64762.35,64845.29
1787998963,64845.29,64903.15,64800.09,64828.95
1787999863,64828.95,64988.96,64785.09,64982.48
1788000763,64982.48,64986.71,64926.54,64972.43
1788001663,64972.43,64975.7,64943.97,64958.22
1788002563,64958.22,65081.55,64922.02,65066.89
1788003463,65066.89,65173.86,65027.28,65130.49
1788004363,65130.49,65257.08,65119.75,65237.25
1788005263,65237.25,65351.66,65207.28,65327.99
1788006163,65327.99,65331.21,65095.34,65148.58
1788007063,65148.58,65297.1,65133.14,65289.14
1788007963,65289.14,65329.82,65182.7,65210.83
1788008863,65210.83,65214.91,65062.24,65086.89
1788009763,65086.89,65119.54,64921.14,64992.52
1788010663,64992.52,65058.63,64989.0,65001.52
1788011563,65001.52,65004.88,64908.15,64910.4
1788012463,64910.4,64988.56,64897.35,64975.38
1788013363,64975.38,64994.95,64941.15,64962.25
1788014263,64962.25,65058.92,64931.78,65046.75
1788015163,65046.75,65067.76,64980.16,65019.97
1788016063,65019.97,65054.31,64913.84,64927.17
1788016963,64927.17,64949.26,64914.24,64938.43
1788017863,64938.43,65075.01,64920.87,65039.52
1788018763,65039.52,65103.35,65015.84,65067.16
1788019663,65067.16,65117.65,64925.07,64958.43
1788020563,64958.43,64981.59,64934.71,64959.11
1788021463,64959.11,65026.87,64901.91,65005.58
1788022363,65005.58,65020.75,64949.81,65000.85
1788023263,65000.85,65008.62,64940.25,64953.25
1788024163,64953.25,64974.78,64876.85,64901.76
1788025063,64901.76,64909.05,64859.7,64906.46
1788025963,64906.46,64915.02,64684.63,64697.8
1788026863,64697.8,64788.09,64669.44,64738.61
1788027763,64738.61,64838.77,64732.23,64821.85
1788028663,64821.85,64935.25,64767.43,64900.57
1788029563,64900.57,64961.48,64878.42,64940.85
1788030463,64940.85,64946.39,64903.37,64939.38
1788031363,64939.38,64974.77,64892.04,64968.48
1788032263,64968.48,64984.18,64926.32,64928.07
1788033163,64928.07,64938.02,64821.0,64855.27
1788034063,64855.27,64883.05,64750.77,64818.26
1788034963,64818.26,64849.59,64749.53,64760.94
1788035863,64760.94,64787.52,64723.46,64774.17
1788036763,64774.17,64794.32,64759.5,64768.48
1788037663,64768.48,64795.12,64680.92,64694.05
1788038563,64694.05,64743.41,64626.94,64723.3
1788039463,64723.3,64737.83,64608.18,64657.82
1788040363,64657.82,64672.03,64626.67,64640.32
1788041263,64640.32,64671.13,64538.71,64542.93
1788042163,64542.93,64625.7,64514.24,64584.09
1788043063,64584.09,64600.9,64449.7,64451.97
1788043963,64451.97,64514.14,64447.45,64453.79
1788044863,64453.79,64584.67,64408.63,64561.28
1788045763,64561.28,64573.36,64451.28,64471.35
1788046663,64471.35,64558.57,64412.97,64517.12
1788047563,64517.12,64517.41,64386.74,64400.54
1788048463,64400.54,64503.34,64355.73,64480.44
1788049363,64480.44,64495.23,64394.83,64451.88
1788050263,64451.88,64562.7,64393.85,64544.24
1788051163,64544.24,64624.61,64498.1,64619.91
1788052063,64619.91,64643.9,64546.55,64578.26
1788052963,64578.26,64622.74,64552.66,64592.49
1788053863,64592.49,64609.13,64571.67,64581.5
1788054763,64581.5,64692.7,64560.61,64665.14
1788055663,64665.14,64674.06,64655.38,64665.11
1788056563,64665.11,64782.36,64656.92,64737.06
1788057463,64737.06,64955.69,64709.47,64897.61
1788058363,64897.61,64978.66,64890.58,64924.43
1788059263,64924.43,64942.6,64906.2,64915.53
1788060163,64915.53,64932.57,64896.42,64914.67
1788061063,64914.67,64959.49,64901.94,64939.92
1788061963,64939.92,64965.78,64929.72,64931.13
1788062863,64931.13,65051.95,64912.15,65048.64
1788063763,65048.64,65209.88,65040.98,65182.82
1788064663,65182.82,65296.67,65152.15,65276.13
1788065563,65276.13,65282.06,65189.82,65199.13
1788066463,65199.13,65244.74,65181.36,65238.02
1788067363,65238.02,65238.07,65230.67,65234.64
1788068263,65234.64,65304.46,65226.01,65264.52
1788069163,65264.52,65316.05,65195.52,65214.27
1788070063,65214.27,65224.25,65088.22,65158.69
1788070963,65158.69,65221.22,65144.53,65216.46
1788071863,65216.46,65264.94,65213.73,65230.06
1788072763,65230.06,65241.92,65107.18,65107.27
1788073663,65107.27,65223.93,65050.99,65204.53
1788074563,65204.53,65339.39,65174.74,65336.39
1788075463,65336.39,65412.95,65330.85,65404.94
1788076363,65404.94,65453.32,65356.28,65385.06
1788077263,65385.06,65486.68,65362.62,65464.57
1788078163,65464.57,65545.25,65459.63,65507.75
1788079063,65507.75,65519.58,65455.21,65462.68
1788079963,65462.68,65508.1,65404.26,65416.12
1788080863,65416.12,65426.39,65228.28,65269.03
1788081763,65269.03,65296.37,65194.62,65196.02
1788082663,65196.02,65236.29,65159.02,65211.21
1788083563,65211.21,65242.67,65178.04,65193.15
1788084463,65193.15,65301.9,65188.15,65301.22
1788085363,65301.22,65353.12,65204.28,65216.69
1788086263,65216.69,65235.79,65170.59,65194.85
1788087163,65194.85,65300.92,65161.55,65280.99
1788088063,65280.99,65302.99,65223.95,65278.67
1788088963,65278.67,65354.28,65251.44,65350.63
1788089863,65350.63,65390.97,65311.19,65358.11
1788090763,65358.11,65365.74,65290.57,65298.59
1788091663,65298.59,65320.92,65253.44,65317.28
1788092563,65317.28,65361.55,65300.5,65310.25
1788093463,65310.25,65356.45,65287.95,65344.36
1788094363,65344.36,65445.05,65320.63,65442.57
1788095263,65442.57,65453.55,65331.3,65383.25
1788096163,65383.25,65435.06,65347.66,65424.35
1788097063,65424.35,65432.66,65252.85,65285.81
1788097963,65285.81,65371.85,65267.19,65353.91
1788098863,65353.91,65388.35,65352.73,65386.1
1788099763,65386.1,65437.22,65373.93,65426.08
1788100663,65426.08,65439.32,65392.39,65424.51
1788101563,65424.51,65539.59,65421.82,65518.65
1788102463,65518.65,65539.19,65514.99,65526.91
1788103363,65526.91,65674.48,65507.73,65625.44
1788104263,65625.44,65638.13,65602.79,65604.88
1788105163,65604.88,65626.2,65534.3,65550.01
1788106063,65550.01,65600.53,65417.32,65428.32
1788106963,65428.32,65448.2,65360.39,65393.98
1788107863,65393.98,65448.92,65357.93,65435.68
1788108763,65435.68,65641.98,65388.03,65618.04
1788109663,65618.04,65639.48,65455.35,65469.84
1788110563,65469.84,65690.3,65462.06,65657.88
1788111463,65657.88,65822.06,65642.0,65812.37
1788112363,65812.37,65836.74,65758.86,65776.49
1788113263,65776.49,65873.97,65705.02,65863.21
1788114163,65863.21,65914.18,65803.69,65825.05
1788115063,65825.05,65948.19,65778.15,65925.26
1788115963,65925.26,65942.04,65767.65,65772.98
1788116863,65772.98,65883.0,65723.29,65867.6
1788117763,65867.6,65961.07,65802.51,65944.69
1788118663,65944.69,65973.99,65889.32,65907.65
1788119563,65907.65,65924.68,65840.12,65860.34
1788120463,65860.34,65882.76,65832.75,65882.19
1788121363,65882.19,65891.59,65856.24,65877.83
1788122263,65877.83,66078.0,65852.03,66019.26
1788123163,66019.26,66149.61,66005.96,66137.82
1788124063,66137.82,66151.32,65950.91,65952.43
1788124963,65952.43,65980.26,65715.38,65769.93
1788125863,65769.93,65814.95,65754.56,65795.49
1788126763,65795.49,65814.78,65780.23,65794.1
1788127663,65794.1,65840.03,65676.9,65689.37
1788128563,65689.37,65702.81,65666.96,65686.51
1788129463,65686.51,65703.03,65621.2,65627.89
1788130363,65627.89,65630.9,65553.43,65603.27
1788131263,65603.27,65628.92,65591.1,65605.57
1788132163,65605.57,65685.44,65605.25,65669.94
1788133063,65669.94,65698.63,65636.05,65689.5
1788133963,65689.5,65764.98,65597.58,65607.71
1788134863,65607.71,65620.9,65526.5,65597.03
1788135763,65597.03,65758.09,65581.65,65698.75
1788136663,65698.75,65740.0,65651.77,65701.91
1788137563,65701.91,65740.24,65679.99,65685.77
1788138463,65685.77,65845.6,65680.82,65790.23
1788139363,65790.23,65822.52,65723.75,65808.75
1788140263,65808.75,65951.16,65748.99,65913.02
1788141163,65913.02,65999.73,65908.0,65992.05
1788142063,65992.05,66089.27,65961.69,66036.52
1788142963,66036.52,66098.19,66019.85,66092.4
1788143863,66092.4,66196.93,66082.36,66156.5
1788144763,66156.5,66205.74,66137.64,66165.5
1788145663,66165.5,66217.4,65949.67,65970.74
1788146563,65970.74,65986.62,65947.43,65977.53
1788147463,65977.53,65993.65,65929.26,65949.71
1788148363,65949.71,65990.54,65830.18,65856.53
1788149263,65856.53,65908.21,65846.92,65891.93
1788150163,65891.93,65956.99,65873.5,65936.91
1788151063,65936.91,66036.31,65911.68,65932.78
1788151963,65932.78,65977.77,65923.65,65958.53
1788152863,65958.53,66055.57,65943.41,66042.72
1788153763,66042.72,66123.23,66022.75,66118.04
1788154663,66118.04,66219.1,66113.26,66200.47
1788155563,66200.47,66238.57,66135.36,66229.15
1788156463,66229.15,66294.6,66126.43,66132.52
1788157363,66132.52,66153.83,66067.03,66084.72
1788158263,66084.72,66104.19,66016.09,66060.18
1788159163,66060.18,66191.82,66041.29,66146.56
1788160063,66146.56,66290.98,66121.37,66262.06
1788160963,66262.06,66274.14,66216.24,66239.49
1788161863,66239.49,66370.02,66195.23,66323.96
1788162763,66323.96,66402.02,66236.13,66242.88
1788163663,66242.88,66339.35,66226.23,66295.14
1788164563,66295.14,66346.06,66291.86,66310.74
1788165463,66310.74,66370.06,66272.42,66331.5
1788166363,66331.5,66346.59,66251.78,66305.85
1788167263,66305.85,66334.53,66230.37,66237.79
1788168163,66237.79,66267.88,66133.04,66158.53
1788169063,66158.53,66179.26,66140.1,66178.57
1788169963,66178.57,66185.95,66062.35,66124.6
1788170863,66124.6,66180.84,66077.69,66155.89
1788171763,66155.89,66174.11,66115.89,66119.6
1788172663,66119.6,66279.68,66101.27,66183.32
1788173563,66183.32,66233.06,66178.88,66220.36
1788174463,66220.36,66370.17,66217.0,66308.86
1788175363,66308.86,66412.51,66304.48,66395.23
1788176263,66395.23,66526.34,66387.99,66501.76
1788177163,66501.76,66563.82,66478.83,66487.0
1788178063,66487.0,66508.13,66421.72,66438.74
1788178963,66438.74,66541.41,66436.0,66540.44
1788179863,66540.44,66651.46,66499.73,66638.14
1788180763,66638.14,66683.86,66618.09,66635.25
1788181663,66635.25,66636.24,66569.57,66601.99
1788182563,66601.99,66662.78,66525.68,66562.0
1788183463,66562.0,66571.14,66547.12,66564.49
1788184363,66564.49,66631.73,66547.53,66613.2
1788185263,66613.2,66654.0,66595.92,66617.55
1788186163,66617.55,66621.47,66531.53,66566.6
1788187063,66566.6,66575.82,66516.27,66573.75
1788187963,66573.75,66580.8,66530.72,66563.42
1788188863,66563.42,66663.39,66556.51,66616.89
1788189763,66616.89,66626.61,66561.8,66590.55
1788190663,66590.55,66599.95,66491.53,66550.39
1788191563,66550.39,66563.62,66408.35,66448.65
1788192463,66448.65,66469.52,66321.51,66350.78
1788193363,66350.78,66420.83,66327.89,66409.04
1788194263,66409.04,66413.31,66328.07,66328.48
1788195163,66328.48,66399.8,66270.67,66340.58
1788196063,66340.58,66357.22,66253.26,66261.97
1788196963,66261.97,66282.81,66217.85,66233.5
1788197863,66233.5,66339.74,66226.71,66338.29
1788198763,66338.29,66349.09,66139.25,66171.14
1788199663,66171.14,66254.68,66156.76,66244.68
1788200563,66244.68,66266.4,66148.75,66165.05
1788201463,66165.05,66200.57,66140.68,66176.65
1788202363,66176.65,66256.16,66167.79,66218.98
1788203263,66218.98,66262.37,66191.59,66244.35
1788204163,66244.35,66272.5,66233.13,66271.55
1788205063,66271.55,66312.15,66219.23,66310.61
1788205963,66310.61,66347.85,66232.19,66272.32
1788206863,66272.32,66316.85,66240.71,66315.88
1788207763,66315.88,66387.82,66301.03,66356.11
1788208663,66356.11,66357.16,66289.45,66308.32
1788209563,66308.32,66343.99,66288.18,66341.72
1788210463,66341.72,66345.52,66332.37,66336.57
1788211363,66336.57,66366.15,66276.2,66321.55
1788212263,66321.55,66328.6,66253.47,66271.03
1788213163,66271.03,66319.06,66261.29,66313.47
1788214063,66313.47,66349.18,66312.98,66343.33
1788214963,66343.33,66372.06,66302.78,66318.97
1788215863,66318.97,66340.76,66206.62,66297.84
1788216763,66297.84,66312.94,66165.51,66201.36
1788217663,66201.36,66311.68,66177.91,66288.92
1788218563,66288.92,66302.18,66101.56,66134.33
1788219463,66134.33,66156.38,66131.76,66146.04
1788220363,66146.04,66312.95,66140.36,66290.23
1788221263,66290.23,66363.95,66283.48,66314.9
1788222163,66314.9,66354.66,66313.4,66313.89
1788223063,66313.89,66324.25,66186.83,66202.32
1788223963,66202.32,66266.52,66159.08,66250.36
1788224863,66250.36,66304.05,66230.3,66283.47
1788225763,66283.47,66300.59,66168.52,66175.4
1788226663,66175.4,66185.51,66126.08,66148.26
1788227563,66148.26,66285.35,66118.73,66277.32
1788228463,66277.32,66287.22,66221.68,66244.0
1788229363,66244.0,66256.31,66136.78,66173.86
1788230263,66173.86,66299.07,66166.92,66256.77
1788231163,66256.77,66263.57,66098.0,66133.88
1788232063,66133.88,66136.48,66065.08,66117.08
1788232963,66117.08,66120.32,65929.7,65985.88
1788233863,65985.88,66031.99,65920.34,65943.72
1788234763,65943.72,66086.66,65923.38,66029.06
1788235663,66029.06,66081.51,66024.29,66076.16
1788236563,66076.16,66087.05,66031.77,66066.1
1788237463,66066.1,66146.06,66044.05,66145.55
1788238363,66145.55,66182.41,66061.32,66071.69
1788239263,66071.69,66140.4,66017.91,66038.52
1788240163,66038.52,66131.92,66030.83,66117.94
1788241063,66117.94,66172.74,65960.3,65965.17
1788241963,65965.17,65976.65,65893.52,65902.21
1788242863,65902.21,66063.09,65890.46,66019.36
1788243763,66019.36,66042.54,65928.21,65936.59
1788244663,65936.59,65961.13,65868.91,65902.58
1788245563,65902.58,65934.33,65778.49,65833.54
1788246463,65833.54,65973.41,65796.49,65967.73
1788247363,65967.73,65985.71,65952.71,65980.89
1788248263,65980.89,65996.32,65957.35,65962.6
1788249163,65962.6,65970.25,65942.03,65958.82
1788250063,65958.82,65959.49,65917.01,65948.48
1788250963,65948.48,65988.3,65836.18,65849.75
1788251863,65849.75,65869.72,65737.94,65750.03
1788252763,65750.03,65898.74,65690.3,65854.91
1788253663,65854.91,65949.4,65821.54,65924.58
1788254563,65924.58,66012.94,65853.77,65992.27
1788255463,65992.27,66105.21,65982.65,66054.93
1788256363,66054.93,66058.46,65866.51,65883.21
1788257263,65883.21,65920.0,65877.67,65905.55
1788258163,65905.55,65992.9,65883.26,65946.6
1788259063,65946.6,65953.11,65916.95,65925.1
1788259963,65925.1,66027.9,65915.36,66020.27
1788260863,66020.27,66064.92,65989.25,66025.23
1788261763,66025.23,66069.8,65888.79,65969.1
1788262663,65969.1,66070.83,65962.39,66031.67
1788263563,66031.67,66101.77,66022.24,66078.2
1788264463,66078.2,66172.56,66049.15,66084.57
1788265363,66084.57,66165.4,66081.45,66156.81
1788266263,66156.81,66206.11,66106.91,66120.58
1788267163,66120.58,66159.63,66113.24,66147.07
1788268063,66147.07,66172.6,66092.53,66092.98
1788268963,66092.98,66148.49,66003.0,66023.0
1788269863,66023.0,66088.57,65993.57,66077.27
1788270763,66077.27,66078.01,65934.18,65950.07
1788271663,65950.07,65956.59,65760.56,65824.62
1788272563,65824.62,65880.9,65613.43,65650.08
1788273463,65650.08,65719.86,65473.57,65490.18
1788274363,65490.18,65499.62,65343.84,65359.88
1788275263,65359.88,65397.77,65285.55,65292.84
1788276163,65292.84,65334.88,65290.94,65298.83
1788277063,65298.83,65379.25,65247.0,65338.55
1788277963,65338.55,65360.51,65307.93,65316.96
1788278863,65316.96,65387.6,65316.26,65339.5
1788279763,65339.5,65369.77,65170.04,65171.94
1788280663,65171.94,65288.73,65170.16,65287.52
1788281563,65287.52,65320.57,65275.42,65285.95
1788282463,65285.95,65427.13,65248.58,65413.24
1788283363,65413.24,65531.66,65405.27,65504.68
1788284263,65504.68,65512.35,65285.95,65332.38
1788285163,65332.38,65354.66,65282.58,65296.38
1788286063,65296.38,65345.34,65285.85,65327.24
1788286963,65327.24,65388.67,65277.57,65376.54
1788287863,65376.54,65380.96,65356.9,65357.91
1788288763,65357.91,65526.26,65355.91,65486.13
1788289663,65486.13,65634.18,65455.96,65621.41
1788290563,65621.41,65656.23,65576.49,65650.96
1788291463,65650.96,65664.07,65502.57,65519.98
1788292363,65519.98,65578.0,65482.17,65505.52
1788293263,65505.52,65635.6,65478.33,65601.78
1788294163,65601.78,65613.53,65537.31,65550.14
1788295063,65550.14,65565.85,65382.8,65391.05
1788295963,65391.05,65414.59,65282.64,65319.68
1788296863,65319.68,65348.36,65295.2,65321.64
1788297763,65321.64,65382.14,65240.82,65379.82
1788298663,65379.82,65408.58,65352.46,65398.68
1788299563,65398.68,65408.86,65295.83,65299.67
1788300463,65299.67,65313.85,65177.18,65192.07
1788301363,65192.07,65285.46,65185.78,65261.22
1788302263,65261.22,65276.37,65235.83,65261.76
1788303163,65261.76,65270.09,65181.91,65205.68
1788304063,65205.68,65255.13,65145.4,65155.06
1788304963,65155.06,65200.55,65042.87,65055.3
1788305863,65055.3,65187.96,65020.49,65173.33
1788306763,65173.33,65219.27,65143.5,65180.22
1788307663,65180.22,65182.32,65091.53,65121.93
1788308563,65121.93,65161.01,64913.67,64917.58
1788309463,64917.58,65030.35,64907.4,64996.53
1788310363,64996.53,65017.34,64775.52,64776.8
1788311263,64776.8,64837.46,64641.01,64721.24
1788312163,64721.24,64757.15,64675.04,64748.52
1788313063,64748.52,64757.92,64733.48,64752.34
1788313963,64752.34,64770.23,64600.2,64649.02
1788314863,64649.02,64744.54,64631.08,64673.26
1788315763,64673.26,64687.13,64637.99,64652.9
1788316663,64652.9,64701.16,64651.61,64681.05
1788317563,64681.05,64716.55,64626.46,64642.71
1788318463,64642.71,64655.18,64636.79,64648.22
1788319363,64648.22,64707.25,64542.72,64548.24
1788320263,64548.24,64653.05,64543.28,64632.58
1788321163,64632.58,64644.13,64496.65,64533.61
1788322063,64533.61,64624.84,64521.48,64622.53
1788322963,64622.53,64713.64,64591.96,64660.68
1788323863,64660.68,64661.69,64583.14,64638.27
1788324763,64638.27,64643.25,64490.69,64544.4
1788325663,64544.4,64593.76,64415.57,64464.1
1788326563,64464.1,64570.07,64459.38,64563.05
1788327463,64563.05,64612.73,64533.02,64590.99
1788328363,64590.99,64646.44,64580.86,64629.37
1788329263,64629.37,64689.67,64602.01,64684.33
1788330163,64684.33,64750.75,64668.28,64715.14
1788331063,64715.14,64745.08,64669.3,64711.41
1788331963,64711.41,64762.81,64642.02,64739.54
1788332863,64739.54,64797.65,64729.24,64739.33
1788333763,64739.33,64740.98,64670.65,64681.46
1788334663,64681.46,64684.97,64631.31,64649.75
1788335563,64649.75,64714.36,64604.69,64688.28
1788336463,64688.28,64745.06,64683.28,64720.92
1788337363,64720.92,64752.82,64699.59,64724.4
1788338263,64724.4,64823.96,64711.13,64813.87
1788339163,64813.87,64874.99,64809.53,64871.66
1788340063,64871.66,64981.57,64810.41,64940.25
1788340963,64940.25,64959.92,64818.64,64860.22
1788341863,64860.22,64898.56,64838.06,64883.21
1788342763,64883.21,64908.87,64695.84,64741.17
1788343663,64741.17,64810.37,64706.36,64717.5
1788344563,64717.5,64748.39,64631.06,64665.98
1788345463,64665.98,64682.36,64608.94,64671.3
1788346363,64671.3,64805.33,64653.75,64803.54
1788347263,64803.54,64815.47,64663.84,64672.77
1788348163,64672.77,64705.58,64582.78,64590.09
1788349063,64590.09,64619.49,64534.62,64535.72
1788349963,64535.72,64579.7,64472.46,64554.05
1788350863,64554.05,64745.03,64522.1,64725.34
1788351763,64725.34,64888.7,64676.01,64877.2
1788352663,64877.2,64960.86,64854.61,64949.89
1788353563,64949.89,64994.94,64875.72,64935.13
1788354463,64935.13,64995.74,64903.53,64956.15
1788355363,64956.15,64982.24,64876.32,64961.59
1788356263,64961.59,65028.33,64914.84,64988.13
1788357163,64988.13,65007.63,64931.84,64934.27
1788358063,64934.27,64968.97,64932.71,64942.52
1788358963,64942.52,65020.19,64788.19,64834.74
1788359863,64834.74,64870.06,64827.11,64863.27
1788360763,64863.27,64884.75,64835.84,64864.91
1788361663,64864.91,64940.07,64828.69,64878.84
1788362563,64878.84,64927.19,64868.0,64873.98
1788363463,64873.98,64948.0,64840.22,64906.98
1788364363,64906.98,64953.88,64898.53,64949.83
1788365263,64949.83,65003.58,64915.98,64993.43
1788366163,64993.43,65042.34,64978.1,65026.92
1788367063,65026.92,65042.7,64982.3,65005.15
1788367963,65005.15,65012.51,64966.8,64994.64
1788368863,64994.64,65018.13,64904.47,64954.77
1788369763,64954.77,65016.74,64889.36,64927.5
1788370663,64927.5,64950.51,64746.87,64761.41
1788371563,64761.41,64774.79,64562.32,64614.2
1788372463,64614.2,64710.92,64560.8,64666.61
1788373363,64666.61,64709.78,64664.8,64703.46
1788374263,64703.46,64811.98,64654.55,64794.67
1788375163,64794.67,64838.04,64779.12,64837.62
1788376063,64837.62,64976.92,64812.98,64975.06
1788376963,64975.06,65065.83,64951.63,65037.24
1788377863,65037.24,65110.19,65004.17,65081.81
1788378763,65081.81,65153.89,65038.11,65134.27
1788379663,65134.27,65274.4,65132.19,65229.44
1788380563,65229.44,65307.66,65226.58,65248.29
1788381463,65248.29,65248.58,65196.89,65228.87
1788382363,65228.87,65333.3,65195.22,65268.98
1788383263,65268.98,65451.66,65258.02,65429.01
1788384163,65429.01,65620.56,65417.16,65569.08
1788385063,65569.08,65654.98,65552.61,65634.32
1788385963,65634.32,65671.8,65623.83,65656.69
1788386863,65656.69,65705.44,65619.19,65622.77
1788387763,65622.77,65633.92,65484.5,65513.73
1788388663,65513.73,65603.21,65497.26,65553.8
1788389563,65553.8,65572.83,65502.61,65504.14
1788390463,65504.14,65520.02,65336.64,65343.8
1788391363,65343.8,65391.32,65306.74,65343.79
1788392263,65343.79,65380.46,65246.11,65268.11
1788393163,65268.11,65305.69,65232.59,65290.64
1788394063,65290.64,65340.36,65289.51,65332.94
1788394963,65332.94,65350.14,65228.79,65293.02
1788395863,65293.02,65311.81,65188.91,65226.41
1788396763,65226.41,65233.28,65163.86,65164.42
1788397663,65164.42,65262.0,65145.04,65255.8
1788398563,65255.8,65271.5,65205.99,65219.84
1788399463,65219.84,65295.45,65212.69,65294.04
1788400363,65294.04,65403.46,65270.47,65374.78
1788401263,65374.78,65441.5,65360.49,65406.6
1788402163,65406.6,65527.87,65358.94,65516.58
1788403063,65516.58,65517.97,65392.41,65406.16
1788403963,65406.16,65412.88,65380.16,65405.96
1788404863,65405.96,65407.56,65397.42,65401.64
1788405763,65401.64,65424.49,65317.04,65338.92
1788406663,65338.92,65375.06,65306.17,65339.08
1788407563,65339.08,65463.67,65321.92,65395.42
1788408463,65395.42,65407.78,65234.48,65265.6
1788409363,65265.6,65402.62,65255.34,65384.5
1788410263,65384.5,65454.79,65335.64,65381.93
1788411163,65381.93,65482.86,65367.88,65470.7
1788412063,65470.7,65486.78,65303.97,65330.38
1788412963,65330.38,65380.3,65213.59,65273.31
1788413863,65273.31,65317.81,65184.0,65198.35
1788414763,65198.35,65211.18,65125.83,65139.28
1788415663,65139.28,65181.94,64996.73,65013.45
1788416563,65013.45,65027.92,64891.79,64904.37
1788417463,64904.37,64908.92,64795.1,64828.05
1788418363,64828.05,64853.95,64733.6,64745.81
1788419263,64745.81,64750.07,64727.05,64740.9
1788420163,64740.9,64747.46,64646.59,64661.18
1788421063,64661.18,64692.88,64643.81,64660.45
1788421963,64660.45,64684.24,64629.06,64651.05
1788422863,64651.05,64652.9,64566.74,64599.16
1788423763,64599.16,64629.22,64580.19,64605.1
1788424663,64605.1,64613.29,64506.03,64527.16
1788425563,64527.16,64667.15,64509.67,64648.89
1788426463,64648.89,64673.8,64562.19,64567.41
1788427363,64567.41,64579.72,64503.58,64549.85
1788428263,64549.85,64716.37,64527.03,64648.95
1788429163,64648.95,64720.76,64644.65,64700.19
1788430063,64700.19,64821.06,64697.06,64803.21
1788430963,64803.21,64850.32,64728.07,64735.65
1788431863,64735.65,64772.93,64567.01,64589.53
1788432763,64589.53,64645.48,64532.1,64538.93
1788433663,64538.93,64563.28,64511.43,64537.89
1788434563,64537.89,64754.14,64519.18,64751.62
1788435463,64751.62,64806.72,64737.31,64791.45
1788436363,64791.45,64867.07,64775.83,64862.97
1788437263,64862.97,64908.21,64671.3,64681.46
1788438163,64681.46,64706.72,64660.48,64662.45
1788439063,64662.45,64764.62,64636.62,64751.11
1788439963,64751.11,64798.95,64713.74,64797.22
1788440863,64797.22,64903.28,64791.16,64892.6
1788441763,64892.6,64978.05,64889.88,64905.7
1788442663,64905.7,64956.36,64898.94,64938.59
1788443563,64938.59,64952.39,64891.66,64905.52
1788444463,64905.52,64917.54,64785.94,64828.12
1788445363,64828.12,64872.01,64698.37,64707.71
1788446263,64707.71,64737.79,64690.63,64701.27
1788447163,64701.27,64725.69,64664.99,64686.66
1788448063,64686.66,64703.1,64615.93,64619.17
1788448963,64619.17,64654.49,64524.36,64535.87
1788449863,64535.87,64557.72,64428.63,64464.23
1788450763,64464.23,64490.96,64405.68,64462.44
1788451663,64462.44,64486.37,64292.76,64362.5
1788452563,64362.5,64379.28,64329.04,64355.82
1788453463,64355.82,64376.51,64237.43,64256.55
1788454363,64256.55,64286.49,64183.09,64206.28
1788455263,64206.28,64242.46,64165.68,64206.76
1788456163,64206.76,64250.92,64187.82,64245.44
1788457063,64245.44,64314.6,64211.24,64283.73
1788457963,64283.73,64323.35,64260.19,64311.73
1788458863,64311.73,64345.06,64289.05,64291.77
1788459763,64291.77,64341.6,64263.27,64275.95
1788460663,64275.95,64359.48,64242.14,64312.34
1788461563,64312.34,64325.93,64246.87,64281.72
1788462463,64281.72,64303.89,64223.02,64223.86
1788463363,64223.86,64276.88,64070.97,64096.4
1788464263,64096.4,64121.17,64066.31,64077.66
1788465163,64077.66,64091.9,64044.48,64072.69
1788466063,64072.69,64151.01,64013.4,64124.27
1788466963,64124.27,64164.49,63969.06,64028.82
1788467863,64028.82,64048.84,63937.96,63969.91
1788468763,63969.91,64006.24,63888.59,63897.37
1788469663,63897.37,63929.54,63857.56,63915.56
1788470563,63915.56,63953.37,63900.57,63906.92
1788471463,63906.92,63929.04,63866.8,63905.13
1788472363,63905.13,63990.12,63836.07,63981.31
1788473263,63981.31,64005.3,63951.26,64001.51
1788474163,64001.51,64020.42,63940.47,63989.05
1788475063,63989.05,64044.2,63965.6,64027.31
1788475963,64027.31,64168.5,64018.61,64133.46
1788476863,64133.46,64228.06,64131.58,64176.54
1788477763,64176.54,64248.64,64155.23,64210.69
1788478663,64210.69,64229.88,64151.79,64169.62
1788479563,64169.62,64290.9,64123.27,64263.33
1788480463,64263.33,64315.78,64192.84,64311.34
1788481363,64311.34,64345.95,64291.51,64320.78
1788482263,64320.78,64379.63,64276.78,64345.55
1788483163,64345.55,64418.03,64325.23,64384.94
1788484063,64384.94,64545.59,64384.51,64537.82
1788484963,64537.82,64601.15,64529.48,64537.31
1788485863,64537.31,64567.59,64516.43,64536.04
1788486763,64536.04,64583.58,64459.27,64463.19
1788487663,64463.19,64575.63,64448.11,64527.96
1788488563,64527.96,64650.54,64467.17,64632.53
1788489463,64632.53,64683.58,64420.57,64464.82
1788490363,64464.82,64469.69,64402.04,64429.24
1788491263,64429.24,64546.07,64423.47,64507.08
1788492163,64507.08,64512.75,64312.12,64321.28
1788493063,64321.28,64366.25,64310.62,64358.08
1788493963,64358.08,64385.78,64322.49,64330.23
1788494863,64330.23,64354.04,64086.36,64103.72
1788495763,64103.72,64179.0,64088.97,64097.93
1788496663,64097.93,64104.68,64008.0,64019.75
1788497563,64019.75,64052.32,64005.66,64044.25
1788498463,64044.25,64064.48,64030.08,64045.01
1788499363,64045.01,64069.84,63993.16,64037.67
1788500263,64037.67,64044.94,63893.17,63918.11
1788501163,63918.11,63998.93,63905.77,63977.17
1788502063,63977.17,63999.82,63887.05,63898.0
1788502963,63898.0,64023.91,63870.31,63996.14
1788503863,63996.14,63998.24,63876.97,63925.64
1788504763,63925.64,63974.38,63919.09,63962.67
1788505663,63962.67,64014.24,63942.98,63999.25
1788506563,63999.25,64055.55,63977.42,64045.71
1788507463,64045.71,64045.86,63983.57,63996.39
1788508363,63996.39,64033.42,63896.35,63940.22
1788509263,63940.22,63999.97,63925.58,63995.56
1788510163,63995.56,64078.44,63969.17,64050.41
1788511063,64050.41,64096.47,64001.38,64040.15
1788511963,64040.15,64068.6,63953.51,64021.6
1788512863,64021.6,64042.56,63939.99,63953.64
1788513763,63953.64,63973.15,63889.95,63916.03
1788514663,63916.03,63927.03,63833.45,63879.13
1788515563,63879.13,63927.4,63839.73,63859.24
1788516463,63859.24,63891.77,63697.64,63716.43
1788517363,63716.43,63775.04,63711.65,63772.27
1788518263,63772.27,63880.33,63753.75,63846.28
1788519163,63846.28,63905.83,63722.17,63755.36
1788520063,63755.36,63777.26,63652.5,63665.96
1788520963,63665.96,63735.73,63643.01,63703.78
1788521863,63703.78,63708.29,63699.37,63704.61
1788522763,63704.61,63711.17,63578.13,63626.26
1788523663,63626.26,63777.57,63608.54,63758.61
1788524563,63758.61,63760.36,63667.09,63712.22
1788525463,63712.22,63719.42,63661.0,63680.86
1788526363,63680.86,63822.22,63673.9,63807.51
1788527263,63807.51,63823.15,63740.2,63772.95
1788528163,63772.95,63780.86,63738.83,63747.41
1788529063,63747.41,63843.02,63722.93,63806.67
1788529963,63806.67,63827.05,63794.5,63815.83
1788530863,63815.83,63968.27,63791.2,63941.49
1788531763,63941.49,63983.75,63930.94,63944.03
1788532663,63944.03,63953.83,63894.73,63924.11
1788533563,63924.11,63948.81,63857.36,63865.59
1788534463,63865.59,63960.31,63849.98,63920.05
1788535363,63920.05,64002.8,63891.72,63994.48
1788536263,63994.48,64038.69,63947.74,64024.63
1788537163,64024.63,64079.99,64003.41,64069.64
1788538063,64069.64,64131.69,63992.95,64100.46
1788538963,64100.46,64138.73,64086.44,64123.28
1788539863,64123.28,64164.75,64093.3,64110.8
1788540763,64110.8,64144.06,63952.41,63973.08
1788541663,63973.08,64227.69,63961.69,64209.1
1788542563,64209.1,64243.86,64152.8,64156.38
1788543463,64156.38,64182.8,64089.21,64140.6
1788544363,64140.6,64149.12,64071.67,64119.37
1788545263,64119.37,64240.26,64063.77,64226.38
1788546163,64226.38,64235.74,64141.69,64149.9
1788547063,64149.9,64260.91,64118.31,64231.05
1788547963,64231.05,64286.4,64227.33,64261.02
1788548863,64261.02,64267.69,64232.67,64264.28
1788549763,64264.28,64286.32,64233.92,64239.27
1788550663,64239.27,64298.64,64207.35,64274.54
1788551563,64274.54,64277.19,64228.38,64249.14
1788552463,64249.14,64307.48,64206.87,64261.37
1788553363,64261.37,64367.33,64241.08,64349.19
1788554263,64349.19,64372.86,64217.2,64224.09
1788555163,64224.09,64280.48,64174.58,64276.0
1788556063,64276.0,64339.62,64265.2,64265.46
1788556963,64265.46,64276.08,64192.45,64271.46
1788557863,64271.46,64305.87,64201.91,64267.64
1788558763,64267.64,64267.71,64171.49,64181.7
1788559663,64181.7,64197.68,64106.87,64124.72
1788560563,64124.72,64332.69,64112.82,64288.01
1788561463,64288.01,64401.25,64280.94,64386.21
1788562363,64386.21,64438.43,64359.57,64400.87
1788563263,64400.87,64540.34,64399.17,64534.15
1788564163,64534.15,64558.66,64494.56,64555.29
1788565063,64555.29,64667.94,64537.67,64654.91
1788565963,64654.91,64656.07,64574.19,64618.46
1788566863,64618.46,64723.23,64583.81,64683.9
1788567763,64683.9,64791.73,64674.83,64717.07
1788568663,64717.07,64718.14,64577.64,64598.47
1788569563,64598.47,64651.43,64583.15,64643.09
1788570463,64643.09,64689.99,64516.45,64550.35
1788571363,64550.35,64614.31,64544.55,64586.25
1788572263,64586.25,64606.71,64439.59,64460.81
1788573163,64460.81,64694.4,64443.68,64663.84
1788574063,64663.84,64674.56,64631.98,64645.39
1788574963,64645.39,64806.21,64622.93,64785.26
1788575863,64785.26,64800.11,64670.38,64682.9
1788576763,64682.9,64729.58,64672.24,64722.08
1788577663,64722.08,64749.34,64624.78,64639.2
1788578563,64639.2,64653.12,64607.11,64607.91
1788579463,64607.91,64645.24,64570.43,64592.4
1788580363,64592.4,64623.58,64543.78,64622.58
1788581263,64622.58,64664.79,64552.4,64586.35
1788582163,64586.35,64622.59,64575.76,64611.71
1788583063,64611.71,64636.53,64609.42,64610.27
1788583963,64610.27,64717.29,64603.98,64688.89
1788584863,64688.89,64793.1,64665.03,64696.06
1788585763,64696.06,64708.56,64644.08,64661.01
1788586663,64661.01,64669.75,64477.35,64550.36
1788587563,64550.36,64562.7,64414.67,64431.69
1788588463,64431.69,64554.67,64356.4,64520.6
1788589363,64520.6,64618.63,64507.51,64608.33
1788590263,64608.33,64692.62,64566.21,64671.17
1788591163,64671.17,64834.21,64649.56,64813.77
1788592063,64813.77,64931.51,64786.24,64923.06
1788592963,64923.06,64947.96,64888.48,64917.36
1788593863,64917.36,64920.22,64773.85,64803.98
1788594763,64803.98,64805.36,64637.94,64706.53
1788595663,64706.53,64891.72,64667.46,64891.49
1788596563,64891.49,64918.85,64779.08,64833.97
1788597463,64833.97,64889.43,64738.95,64773.3
1788598363,64773.3,64780.8,64710.15,64739.95
1788599263,64739.95,64742.95,64675.54,64701.32
1788600163,64701.32,64715.44,64690.24,64710.49
1788601063,64710.49,64789.12,64706.51,64777.27
1788601963,64777.27,64805.99,64681.92,64701.93
1788602863,64701.93,64740.38,64632.28,64669.32
1788603763,64669.32,64710.3,64611.4,64640.62
1788604663,64640.62,64801.62,64607.94,64756.88
1788605563,64756.88,64817.95,64750.02,64809.46
1788606463,64809.46,64910.03,64789.24,64894.54
1788607363,64894.54,64940.54,64770.13,64801.87
1788608263,64801.87,64863.39,64737.39,64780.34
1788609163,64780.34,64799.27,64751.23,64775.29
1788610063,64775.29,64793.99,64729.35,64738.14
1788610963,64738.14,64800.5,64674.86,64747.48
1788611863,64747.48,64791.78,64743.54,64761.74
1788612763,64761.74,64782.93,64653.11,64670.66
1788613663,64670.66,64724.37,64633.26,64673.41
1788614563,64673.41,64684.74,64496.26,64543.78
1788615463,64543.78,64601.49,64508.27,64561.15
1788616363,64561.15,64603.41,64453.63,64478.12
1788617263,64478.12,64519.68,64414.37,64436.19
1788618163,64436.19,64601.14,64425.11,64547.08
1788619063,64547.08,64550.77,64470.08,64487.72
1788619963,64487.72,64573.5,64476.17,64561.74
1788620863,64561.74,64625.02,64478.99,64616.62
1788621763,64616.62,64689.92,64589.15,64667.01
1788622663,64667.01,64688.78,64501.27,64529.8
1788623563,64529.8,64561.16,64476.01,64560.73
1788624463,64560.73,64726.16,64512.21,64723.85
1788625363,64723.85,64781.49,64718.96,64772.41
1788626263,64772.41,64819.75,64644.78,64685.49
1788627163,64685.49,64780.13,64680.81,64769.6
1788628063,64769.6,64817.07,64713.71,64721.21
1788628963,64721.21,64743.62,64528.72,64560.37
1788629863,64560.37,64562.64,64369.41,64370.94
1788630763,64370.94,64415.14,64309.52,64386.49
1788631663,64386.49,64401.35,64332.68,64353.03
1788632563,64353.03,64376.41,64320.52,64336.44
1788633463,64336.44,64343.42,64300.59,64341.95
1788634363,64341.95,64361.5,64245.22,64297.52
1788635263,64297.52,64351.13,64275.46,64307.75
1788636163,64307.75,64308.35,64128.3,64131.62
1788637063,64131.62,64216.22,64131.35,64197.81
1788637963,64197.81,64231.41,64059.83,64105.94
1788638863,64105.94,64116.44,64057.65,64074.36
1788639763,64074.36,64088.22,64042.79,64047.13
1788640663,64047.13,64218.96,63987.87,64186.61
1788641563,64186.61,64187.17,64054.31,64078.69
1788642463,64078.69,64120.86,63971.69,63997.06
1788643363,63997.06,64010.55,63845.76,63875.15
1788644263,63875.15,63879.7,63782.47,63815.67
1788645163,63815.67,63842.31,63733.79,63736.82
1788646063,63736.82,63754.57,63695.78,63721.01
1788646963,63721.01,63874.72,63715.12,63829.44
1788647863,63829.44,63926.93,63781.85,63899.2
1788648763,63899.2,63955.31,63888.12,63944.33
1788649663,63944.33,64027.7,63943.98,63991.76
1788650563,63991.76,64005.37,63799.04,63862.29
1788651463,63862.29,63919.44,63740.86,63750.28
1788652363,63750.28,63779.09,63627.2,63646.63
1788653263,63646.63,63655.16,63598.39,63627.98
1788654163,63627.98,63647.15,63489.29,63493.38
1788655063,63493.38,63517.65,63366.61,63382.57
1788655963,63382.57,63534.09,63382.19,63528.17
1788656863,63528.17,63548.41,63468.54,63498.6
1788657763,63498.6,63744.79,63496.84,63640.83
1788658663,63640.83,63683.52,63613.74,63663.65
1788659563,63663.65,63678.28,63620.25,63656.11
1788660463,63656.11,63678.56,63412.68,63443.84
1788661363,63443.84,63470.15,63412.06,63436.36
1788662263,63436.36,63559.26,63418.04,63549.07
1788663163,63549.07,63563.33,63506.92,63529.81
1788664063,63529.81,63652.76,63519.9,63609.96
1788664963,63609.96,63685.85,63604.53,63653.64
1788665863,63653.64,63668.14,63541.86,63544.18
1788666763,63544.18,63547.06,63513.89,63536.72
1788667663,63536.72,63591.4,63532.61,63576.4
1788668563,63576.4,63612.49,63570.3,63578.0
1788669463,63578.0,63610.15,63532.91,63542.0
1788670363,63542.0,63597.05,63485.35,63583.04
1788671263,63583.04,63702.5,63518.15,63673.76
1788672163,63673.76,63698.8,63645.31,63650.66
1788673063,63650.66,63666.22,63597.84,63613.58
1788673963,63613.58,63622.01,63601.74,63605.75
1788674863,63605.75,63683.81,63585.3,63628.2
1788675763,63628.2,63657.08,63564.41,63635.59
1788676663,63635.59,63700.93,63625.77,63677.38
1788677563,63677.38,63719.16,63652.04,63682.86
1788678463,63682.86,63702.71,63572.38,63597.87
1788679363,63597.87,63654.74,63548.4,63645.36
1788680263,63645.36,63660.4,63554.97,63584.64
1788681163,63584.64,63667.35,63573.79,63663.5
1788682063,63663.5,63680.94,63533.51,63575.0
1788682963,63575.0,63590.93,63450.58,63464.48
1788683863,63464.48,63484.71,63406.39,63421.69
1788684763,63421.69,63421.95,63281.82,63299.63
1788685663,63299.63,63322.08,63201.31,63227.38
1788686563,63227.38,63254.77,63169.22,63231.05
1788687463,63231.05,63234.4,63175.72,63197.74
1788688363,63197.74,63221.47,63101.03,63119.7
1788689263,63119.7,63130.29,63061.83,63069.29
1788690163,63069.29,63077.23,63021.56,63022.17
1788691063,63022.17,63099.01,63018.8,63085.6
1788691963,63085.6,63104.81,62971.88,63008.01
1788692863,63008.01,63008.72,62945.23,62999.68
1788693763,62999.68,63191.25,62986.9,63183.89
1788694663,63183.89,63380.67,63183.38,63348.83
1788695563,63348.83,63389.01,63327.92,63369.06
1788696463,63369.06,63403.79,63307.3,63357.2
1788697363,63357.2,63560.79,63343.46,63532.43
1788698263,63532.43,63581.94,63458.68,63474.58
1788699163,63474.58,63500.33,63239.12,63260.09
1788700063,63260.09,63310.69,63253.12,63284.47
1788700963,63284.47,63370.5,63272.35,63341.99
1788701863,63341.99,63385.11,63328.95,63366.25
1788702763,63366.25,63492.62,63353.59,63468.9
1788703663,63468.9,63500.76,63377.21,63418.91
1788704563,63418.91,63584.47,63409.3,63582.23
1788705463,63582.23,63634.63,63559.91,63611.9
1788706363,63611.9,63682.07,63598.27,63654.52
1788707263,63654.52,63683.0,63648.52,63649.53
1788708163,63649.53,63659.2,63550.21,63616.18
1788709063,63616.18,63636.0,63572.26,63592.67
1788709963,63592.67,63605.86,63531.33,63563.31
1788710863,63563.31,63577.55,63488.39,63494.25
1788711763,63494.25,63511.31,63355.84,63356.83
1788712663,63356.83,63408.22,63264.13,63283.98
1788713563,63283.98,63379.39,63245.38,63322.91
1788714463,63322.91,63465.44,63294.73,63451.64
1788715363,63451.64,63479.16,63338.07,63361.76
1788716263,63361.76,63433.26,63335.61,63383.18
1788717163,63383.18,63438.61,63356.74,63421.66
1788718063,63421.66,63479.74,63355.41,63360.15
1788718963,63360.15,63539.48,63355.29,63507.7
1788719863,63507.7,63512.99,63398.78,63421.31
1788720763,63421.31,63566.4,63405.03,63486.25
1788721663,63486.25,63499.26,63412.88,63435.92
1788722563,63435.92,63465.81,63332.35,63335.14
1788723463,63335.14,63378.25,63165.41,63182.68
1788724363,63182.68,63186.28,63054.28,63099.83
1788725263,63099.83,63126.6,63076.02,63083.17
1788726163,63083.17,63155.13,62965.64,62983.01
1788727063,62983.01,63121.93,62973.31,63115.35
1788727963,63115.35,63146.51,63067.65,63128.99
1788728863,63128.99,63152.78,63006.84,63018.68
1788729763,63018.68,63040.71,62876.89,62924.97
1788730663,62924.97,63080.99,62917.79,63026.24
1788731563,63026.24,63109.76,63010.87,63103.51
1788732463,63103.51,63106.0,63030.76,63085.47
1788733363,63085.47,63285.24,63053.98,63266.7
1788734263,63266.7,63317.41,63180.96,63193.39
1788735163,63193.39,63196.98,63074.75,63095.52
1788736063,63095.52,63105.03,62975.3,62996.25
1788736963,62996.25,63037.26,62989.22,63014.2
1788737863,63014.2,63120.65,63006.01,63099.88
1788738763,63099.88,63122.61,63041.29,63097.26
1788739663,63097.26,63162.59,63048.06,63152.64
1788740563,63152.64,63242.38,63103.07,63183.27
1788741463,63183.27,63190.66,63091.17,63110.47
1788742363,63110.47,63121.67,62946.21,63020.24
1788743263,63020.24,63025.2,62968.48,62971.81
1788744163,62971.81,62977.49,62906.89,62914.95
1788745063,62914.95,63023.04,62861.83,63006.54
1788745963,63006.54,63070.5,62961.8,63065.26
1788746863,63065.26,63166.16,63050.3,63137.55
1788747763,63137.55,63158.17,63057.45,63059.85
1788748663,63059.85,63068.91,63043.37,63055.44
1788749563,63055.44,63056.46,62963.85,63000.61
1788750463,63000.61,63041.64,62986.5,63013.73
1788751363,63013.73,63078.26,62947.45,62960.93
1788752263,62960.93,62985.9,62829.18,62871.2
1788753163,62871.2,62999.67,62833.04,62931.61
1788754063,62931.61,63062.91,62913.03,63048.95
1788754963,63048.95,63307.91,63038.24,63288.56
1788755863,63288.56,63291.95,63234.75,63269.23
1788756763,63269.23,63269.63,63191.6,63200.41
1788757663,63200.41,63221.46,63128.43,63130.92
1788758563,63130.92,63184.08,63054.29,63174.23
1788759463,63174.23,63195.43,63172.25,63182.88
1788760363,63182.88,63443.05,63175.74,63381.14
1788761263,63381.14,63388.73,63194.8,63257.36
1788762163,63257.36,63342.06,63233.81,63289.95
1788763063,63289.95,63291.48,63178.33,63196.19
1788763963,63196.19,63253.64,63195.78,63244.57
1788764863,63244.57,63314.24,63244.1,63277.33
1788765763,63277.33,63346.54,63248.28,63317.37
1788766663,63317.37,63325.2,63072.63,63088.31
1788767563,63088.31,63109.21,62909.85,62932.15
1788768463,62932.15,63023.1,62908.03,63014.32
1788769363,63014.32,63075.25,62999.05,63048.27
1788770263,63048.27,63137.77,63030.96,63133.64
1788771163,63133.64,63160.75,63067.01,63098.6
1788772063,63098.6,63166.62,63092.0,63113.17
1788772963,63113.17,63157.05,63044.01,63098.03
1788773863,63098.03,63199.03,63090.5,63171.36
1788774763,63171.36,63298.79,63164.25,63246.7
1788775663,63246.7,63376.3,63235.05,63355.63
1788776563,63355.63,63401.31,63332.3,63379.09
1788777463,63379.09,63454.49,63157.15,63217.16
1788778363,63217.16,63243.46,63159.65,63201.29
1788779263,63201.29,63294.62,63166.54,63266.77
1788780163,63266.77,63312.28,63237.49,63297.25
1788781063,63297.25,63304.98,63171.3,63198.3
1788781963,63198.3,63370.93,63195.02,63346.59
1788782863,63346.59,63355.1,63300.13,63313.94
1788783763,63313.94,63384.22,63300.81,63362.41
1788784663,63362.41,63384.63,63295.62,63300.97
1788785563,63300.97,63379.25,63271.11,63378.62
1788786463,63378.62,63484.63,63377.93,63478.77
1788787363,63478.77,63518.01,63387.65,63424.04
1788788263,63424.04,63543.95,63421.51,63486.12
1788789163,63486.12,63523.69,63436.93,63512.97
1788790063,63512.97,63572.96,63446.52,63560.53
1788790963,63560.53,63610.3,63417.28,63440.97
1788791863,63440.97,63511.28,63403.43,63496.8
1788792763,63496.8,63501.17,63452.62,63473.02
1788793663,63473.02,63538.75,63424.84,63443.04
1788794563,63443.04,63491.6,63414.94,63474.94
1788795463,63474.94,63527.26,63429.51,63431.16
1788796363,63431.16,63463.44,63265.6,63299.89
1788797263,63299.89,63302.77,63287.67,63294.52
1788798163,63294.52,63353.35,63258.27,63332.55
1788799063,63332.55,63375.26,63191.16,63209.87
1788799963,63209.87,63257.07,63207.63,63232.56
1788800863,63232.56,63397.1,63222.5,63355.59
1788801763,63355.59,63362.91,63234.71,63240.84
1788802663,63240.84,63274.32,63213.8,63226.18
1788803563,63226.18,63346.41,63220.6,63335.43
1788804463,63335.43,63359.69,63294.97,63342.46
1788805363,63342.46,63490.74,63325.86,63464.04
1788806263,63464.04,63484.57,63413.77,63441.51
1788807163,63441.51,63453.42,63320.44,63325.24
1788808063,63325.24,63339.06,63204.2,63208.88
1788808963,63208.88,63208.92,63134.26,63154.17
1788809863,63154.17,63193.97,63104.92,63162.11
1788810763,63162.11,63270.34,63149.3,63199.39
1788811663,63199.39,63213.66,63120.78,63143.7
1788812563,63143.7,63149.25,63109.83,63120.44
1788813463,63120.44,63148.19,63091.69,63102.16
1788814363,63102.16,63114.9,63059.4,63082.44
1788815263,63082.44,63121.85,63055.49,63112.73
1788816163,63112.73,63188.39,63101.53,63149.21
1788817063,63149.21,63163.8,63074.37,63125.03
1788817963,63125.03,63152.81,63017.68,63081.2
1788818863,63081.2,63200.03,63079.53,63183.81
1788819763,63183.81,63207.16,63064.1,63078.61
1788820663,63078.61,63160.1,62959.84,62970.55
1788821563,62970.55,63145.91,62953.54,63082.82
1788822463,63082.82,63210.93,63053.39,63200.01
1788823363,63200.01,63203.21,63141.97,63143.61
1788824263,63143.61,63182.5,63130.77,63168.27
1788825163,63168.27,63201.32,63026.57,63056.88
1788826063,63056.88,63107.64,63054.68,63084.51
1788826963,63084.51,63088.63,62975.51,62987.93
1788827863,62987.93,63057.4,62962.41,63040.98
1788828763,63040.98,63132.9,63035.22,63107.86
1788829663,63107.86,63172.72,63089.45,63164.37
1788830563,63164.37,63268.57,63133.37,63242.49
1788831463,63242.49,63294.26,63159.69,63197.55
1788832363,63197.55,63232.42,63191.4,63196.81
1788833263,63196.81,63289.07,63153.95,63256.18
1788834163,63256.18,63291.71,63231.22,63251.23
1788835063,63251.23,63298.32,63116.02,63126.92
1788835963,63126.92,63132.74,63085.12,63106.58
1788836863,63106.58,63134.85,62986.89,62992.19
1788837763,62992.19,63068.36,62922.9,62944.63
1788838663,62944.63,62964.32,62944.35,62960.12
1788839563,62960.12,62969.97,62900.55,62914.1
1788840463,62914.1,63030.57,62903.13,63018.87
1788841363,63018.87,63087.16,62993.52,63043.05
1788842263,63043.05,63060.77,62949.83,62952.02
1788843163,62952.02,63031.91,62936.15,62981.06
1788844063,62981.06,62987.43,62880.29,62897.69
1788844963,62897.69,62937.21,62786.09,62809.45
1788845863,62809.45,62929.89,62791.6,62910.89
1788846763,62910.89,62945.42,62906.75,62930.46
1788847663,62930.46,62995.11,62926.43,62976.46
1788848563,62976.46,62986.54,62847.58,62883.91
1788849463,62883.91,63088.56,62860.13,63050.05
1788850363,63050.05,63094.32,62875.52,62894.14
1788851263,62894.14,62906.51,62680.09,62702.49
1788852163,62702.49,62795.5,62694.06,62791.47
1788853063,62791.47,62803.8,62754.04,62769.26
1788853963,62769.26,62827.64,62715.15,62793.76
1788854863,62793.76,62809.34,62764.46,62774.2
1788855763,62774.2,62782.88,62681.51,62682.95
1788856663,62682.95,62702.63,62590.36,62618.59
1788857563,62618.59,62636.12,62615.36,62630.34
1788858463,62630.34,62712.49,62605.54,62682.78
1788859363,62682.78,62747.5,62488.81,62599.47
1788860263,62599.47,62610.04,62410.08,62423.44
1788861163,62423.44,62446.72,62394.67,62402.18
1788862063,62402.18,62412.41,62370.23,62406.29
1788862963,62406.29,62437.48,62384.86,62393.5
1788863863,62393.5,62477.63,62361.27,62464.77
1788864763,62464.77,62625.01,62461.58,62602.25
1788865663,62602.25,62659.99,62588.71,62645.56
1788866563,62645.56,62757.81,62639.31,62740.28
1788867463,62740.28,62769.99,62706.41,62765.06
1788868363,62765.06,62798.1,62761.17,62776.29
1788869263,62776.29,62835.01,62758.99,62798.4
1788870163,62798.4,62955.94,62773.66,62935.43
1788871063,62935.43,62944.21,62815.78,62818.76
1788871963,62818.76,62862.58,62621.08,62667.74
1788872863,62667.74,62860.18,62641.69,62816.32
1788873763,62816.32,62865.05,62661.36,62746.6
1788874663,62746.6,62803.06,62727.64,62784.32
1788875563,62784.32,62844.71,62763.95,62831.48
1788876463,62831.48,62879.87,62791.33,62856.02
1788877363,62856.02,62877.26,62759.66,62788.07
1788878263,62788.07,62848.86,62773.26,62827.94
1788879163,62827.94,62890.98,62784.79,62885.3
1788880063,62885.3,62919.57,62788.05,62795.29
1788880963,62795.29,62850.65,62789.95,62849.9
1788881863,62849.9,62874.65,62815.76,62869.37
1788882763,62869.37,62896.94,62671.18,62715.28
1788883663,62715.28,62715.43,62611.92,62639.65
1788884563,62639.65,62672.21,62584.26,62633.36
1788885463,62633.36,62650.75,62498.42,62535.11
1788886363,62535.11,62677.57,62493.33,62652.36
1788887263,62652.36,62675.41,62504.57,62563.74
1788888163,62563.74,62592.56,62387.15,62429.4
1788889063,62429.4,62474.31,62422.45,62442.2
1788889963,62442.2,62534.96,62361.33,62494.5
1788890863,62494.5,62507.92,62405.44,62453.86
1788891763,62453.86,62470.66,62407.58,62428.93
1788892663,62428.93,62467.73,62396.58,62440.69
1788893563,62440.69,62443.95,62306.41,62309.06
1788894463,62309.06,62314.75,62208.87,62233.1
1788895363,62233.1,62288.36,62213.36,62214.77
1788896263,62214.77,62269.41,62117.81,62140.88
1788897163,62140.88,62283.35,62117.21,62228.95
1788898063,62228.95,62369.35,62219.47,62355.73
1788898963,62355.73,62385.84,62329.01,62375.04
1788899863,62375.04,62414.12,62336.27,62408.92
1788900763,62408.92,62500.51,62395.5,62453.84
1788901663,62453.84,62547.25,62396.87,62538.92
1788902563,62538.92,62539.41,62431.97,62435.1
1788903463,62435.1,62544.03,62421.22,62496.44
1788904363,62496.44,62505.79,62376.14,62386.25
1788905263,62386.25,62521.76,62380.59,62512.37
1788906163,62512.37,62532.12,62349.29,62374.93
1788907063,62374.93,62439.53,62370.2,62382.91
1788907963,62382.91,62395.95,62273.36,62298.98
1788908863,62298.98,62373.01,62268.07,62323.05
1788909763,62323.05,62340.33,62189.34,62209.26
1788910663,62209.26,62442.09,62150.56,62391.34
1788911563,62391.34,62573.95,62365.39,62560.73
1788912463,62560.73,62681.23,62499.31,62613.92
1788913363,62613.92,62901.26,62588.16,62866.9
1788914263,62866.9,62912.77,62835.58,62908.07
1788915163,62908.07,62923.22,62809.12,62866.26
1788916063,62866.26,62926.87,62857.41,62916.05
1788916963,62916.05,62942.59,62889.17,62921.84
1788917863,62921.84,62926.65,62902.43,62921.55
1788918763,62921.55,62951.49,62796.34,62827.45
1788919663,62827.45,62927.29,62826.31,62923.37
1788920563,62923.37,62968.21,62911.14,62966.58
1788921463,62966.58,62983.42,62850.94,62855.61
1788922363,62855.61,62872.97,62802.36,62810.02
1788923263,62810.02,62840.05,62707.68,62740.3
1788924163,62740.3,62748.94,62621.13,62649.55
1788925063,62649.55,62730.87,62645.18,62668.03
1788925963,62668.03,62771.92,62660.1,62732.57
1788926863,62732.57,62816.58,62687.0,62776.88
1788927763,62776.88,62870.31,62722.89,62847.64
1788928663,62847.64,62887.62,62714.58,62730.73
1788929563,62730.73,62817.62,62680.54,62790.56
1788930463,62790.56,62878.6,62738.79,62831.79
1788931363,62831.79,62885.6,62776.13,62862.37
1788932263,62862.37,62957.28,62841.33,62911.66
1788933163,62911.66,62942.84,62884.91,62915.58
1788934063,62915.58,62945.23,62799.67,62848.76
1788934963,62848.76,62861.94,62740.73,62774.41
1788935863,62774.41,62794.83,62729.07,62759.44
1788936763,62759.44,62781.51,62526.95,62605.24
1788937663,62605.24,62608.55,62580.35,62597.01
1788938563,62597.01,62634.36,62555.83,62560.58
1788939463,62560.58,62648.64,62558.29,62596.9
1788940363,62596.9,62650.14,62580.01,62631.27
1788941263,62631.27,62632.8,62520.38,62553.98
1788942163,62553.98,62564.67,62506.61,62511.08
1788943063,62511.08,62521.56,62413.77,62462.94
1788943963,62462.94,62483.55,62450.56,62458.03
1788944863,62458.03,62517.21,62395.87,62509.64
1788945763,62509.64,62532.41,62401.65,62427.22
1788946663,62427.22,62451.23,62383.94,62388.45
1788947563,62388.45,62390.64,62328.14,62344.82
1788948463,62344.82,62373.62,62266.39,62277.29
1788949363,62277.29,62318.58,62248.17,62262.3
1788950263,62262.3,62275.34,62141.32,62200.16
1788951163,62200.16,62221.27,62181.06,62184.93
1788952063,62184.93,62221.08,62159.33,62206.46
1788952963,62206.46,62217.7,62179.34,62213.1
1788953863,62213.1,62275.8,62191.23,62255.81
1788954763,62255.81,62270.36,62055.94,62120.45
1788955663,62120.45,62171.01,62071.57,62089.62
1788956563,62089.62,62104.85,62018.07,62076.29
1788957463,62076.29,62114.29,62067.5,62094.05
1788958363,62094.05,62166.7,62078.77,62128.49
1788959263,62128.49,62201.64,62082.79,62139.83
1788960163,62139.83,62186.5,62134.63,62157.64
1788961063,62157.64,62179.78,62106.54,62118.66
1788961963,62118.66,62204.14,62110.66,62187.96
1788962863,62187.96,62210.24,62163.58,62177.08
1788963763,62177.08,62198.54,62157.82,62183.74
1788964663,62183.74,62185.24,62145.81,62166.62
1788965563,62166.62,62292.55,62154.49,62274.2
1788966463,62274.2,62279.0,62114.67,62148.91
1788967363,62148.91,62167.69,62125.56,62164.11
1788968263,62164.11,62182.92,62069.0,62070.4
1788969163,62070.4,62172.19,62068.63,62135.15
1788970063,62135.15,62257.5,62085.68,62242.89
1788970963,62242.89,62252.73,62094.93,62150.24
1788971863,62150.24,62273.42,62098.47,62233.54
1788972763,62233.54,62339.29,62155.45,62325.55
1788973663,62325.55,62383.57,62324.25,62371.79
1788974563,62371.79,62429.03,62338.34,62423.48
1788975463,62423.48,62534.97,62401.47,62490.24
1788976363,62490.24,62610.9,62460.38,62610.88
1788977263,62610.88,62647.53,62573.23,62585.28
1788978163,62585.28,62605.52,62542.98,62562.35
1788979063,62562.35,62685.5,62552.13,62679.41
1788979963,62679.41,62701.14,62671.43,62678.48
1788980863,62678.48,62804.31,62624.24,62766.75
1788981763,62766.75,62788.45,62525.64,62578.97
1788982663,62578.97,62587.33,62510.71,62541.78
1788983563,62541.78,62550.92,62437.8,62448.7
1788984463,62448.7,62583.38,62403.74,62583.35
1788985363,62583.35,62608.15,62509.33,62517.77
1788986263,62517.77,62526.28,62407.15,62443.85
1788987163,62443.85,62604.33,62410.75,62580.42
1788988063,62580.42,62595.73,62562.81,62595.57
1788988963,62595.57,62626.06,62539.53,62617.88
1788989863,62617.88,62672.18,62606.38,62642.49
1788990763,62642.49,62643.27,62576.78,62598.49
1788991663,62598.49,62635.01,62590.7,62626.17
1788992563,62626.17,62698.18,62604.1,62642.47
1788993463,62642.47,62659.25,62585.14,62586.81
1788994363,62586.81,62626.19,62542.71,62602.57
1788995263,62602.57,62617.95,62435.22,62439.8
1788996163,62439.8,62526.79,62430.43,62497.76
1788997063,62497.76,62564.1,62390.97,62425.13
1788997963,62425.13,62443.42,62387.9,62426.75
1788998863,62426.75,62447.96,62345.4,62353.05
1788999763,62353.05,62422.09,62331.69,62392.67
1789000663,62392.67,62409.99,62358.29,62378.34
1789001563,62378.34,62395.95,62236.29,62285.47
1789002463,62285.47,62319.86,62177.0,62184.91
1789003363,62184.91,62219.79,62113.04,62135.24
1789004263,62135.24,62212.89,62082.94,62191.85
1789005163,62191.85,62239.87,62180.85,62213.54
1789006063,62213.54,62251.11,62092.71,62108.04
1789006963,62108.04,62191.56,62061.11,62176.21
1789007863,62176.21,62221.53,62095.31,62144.32
1789008763,62144.32,62231.53,62140.85,62219.69
1789009663,62219.69,62226.22,62101.34,62112.33
1789010563,62112.33,62141.14,62057.28,62075.69
1789011463,62075.69,62164.53,62048.89,62147.49
1789012363,62147.49,62165.37,62099.11,62106.28
1789013263,62106.28,62220.57,62079.22,62184.16
1789014163,62184.16,62260.67,62047.72,62093.61
1789015063,62093.61,62122.88,61959.72,61970.1
1789015963,61970.1,62058.76,61963.5,62058.22
1789016863,62058.22,62079.29,62035.07,62047.48
1789017763,62047.48,62250.49,62017.99,62247.02
1789018663,62247.02,62298.48,62221.22,62266.15
1789019563,62266.15,62333.54,62261.91,62316.94
1789020463,62316.94,62360.9,62262.05,62340.18
1789021363,62340.18,62434.3,62319.0,62433.86
1789022263,62433.86,62528.88,62362.12,62520.81
1789023163,62520.81,62526.3,62463.31,62483.51
1789024063,62483.51,62548.71,62473.11,62500.78
1789024963,62500.78,62551.08,62485.08,62485.12
1789025863,62485.12,62509.66,62409.51,62446.03
1789026763,62446.03,62532.28,62430.06,62500.57
1789027663,62500.57,62518.9,62313.34,62336.85
1789028563,62336.85,62442.82,62284.19,62384.52
1789029463,62384.52,62399.77,62293.7,62302.96
1789030363,62302.96,62438.86,62296.66,62431.9
1789031263,62431.9,62556.37,62410.19,62512.05
1789032163,62512.05,62527.86,62394.49,62444.31
1789033063,62444.31,62458.77,62373.7,62381.91
1789033963,62381.91,62393.29,62340.93,62380.88
1789034863,62380.88,62431.27,62368.26,62371.54
1789035763,62371.54,62422.03,62234.69,62264.72
1789036663,62264.72,62322.19,62049.49,62057.45
1789037563,62057.45,62094.23,61980.32,62027.69
1789038463,62027.69,62157.45,62021.02,62131.87
1789039363,62131.87,62190.84,62095.96,62117.24
1789040263,62117.24,62193.24,62087.8,62171.01
1789041163,62171.01,62208.29,62116.8,62166.39
1789042063,62166.39,62200.98,62145.92,62156.12
1789042963,62156.12,62171.48,62089.62,62104.96
1789043863,62104.96,62129.47,62037.14,62041.89
1789044763,62041.89,62059.85,62014.99,62050.73
1789045663,62050.73,62061.77,62036.95,62061.49
1789046563,62061.49,62073.48,62013.45,62047.24
1789047463,62047.24,62105.79,62020.04,62067.35
1789048363,62067.35,62164.55,62040.52,62118.47
1789049263,62118.47,62120.73,62071.02,62113.86
1789050163,62113.86,62185.24,62053.49,62103.48
1789051063,62103.48,62107.96,61958.55,61989.54
1789051963,61989.54,61996.34,61898.82,61943.63
1789052863,61943.63,62037.76,61910.7,62012.41
1789053763,62012.41,62121.71,62000.43,62101.68
1789054663,62101.68,62203.51,62038.63,62178.82
1789055563,62178.82,62198.25,62172.55,62182.69
1789056463,62182.69,62234.99,62164.61,62224.46
1789057363,62224.46,62443.49,62191.67,62370.09
1789058263,62370.09,62376.94,62331.02,62339.96
1789059163,62339.96,62368.04,62255.71,62268.31
1789060063,62268.31,62329.3,62214.01,62301.46
1789060963,62301.46,62307.8,62257.06,62277.14
1789061863,62277.14,62316.22,62276.65,62297.64
1789062763,62297.64,62342.35,62243.89,62247.95
1789063663,62247.95,62248.89,62216.72,62230.01
1789064563,62230.01,62239.64,62148.82,62211.13
1789065463,62211.13,62297.5,62209.96,62283.16
1789066363,62283.16,62462.65,62256.83,62385.31
1789067263,62385.31,62416.45,62339.9,62360.34
1789068163,62360.34,62431.14,62251.65,62272.2
1789069063,62272.2,62313.08,62215.18,62220.14
1789069963,62220.14,62230.26,62183.06,62207.49
1789070863,62207.49,62209.35,62159.6,62182.87
1789071763,62182.87,62200.07,62100.1,62124.38
1789072663,62124.38,62139.04,62072.04,62103.71
1789073563,62103.71,62122.66,62063.82,62076.54
1789074463,62076.54,62082.88,61977.21,61983.73
1789075363,61983.73,62017.53,61940.6,61956.66
1789076263,61956.66,61960.49,61738.09,61792.33
1789077163,61792.33,61931.04,61790.15,61919.05
1789078063,61919.05,61929.94,61775.29,61833.56
1789078963,61833.56,61961.95,61828.14,61943.91
1789079863,61943.91,62062.88,61943.9,62059.14
1789080763,62059.14,62188.99,62044.3,62183.33
1789081663,62183.33,62184.52,62129.59,62140.1
1789082563,62140.1,62207.55,62135.32,62182.11
1789083463,62182.11,62233.7,62157.98,62213.65
1789084363,62213.65,62337.1,62174.95,62320.62
1789085263,62320.62,62469.42,62292.53,62419.7
1789086163,62419.7,62473.97,62419.67,62430.69
1789087063,62430.69,62494.67,62413.65,62490.9
1789087963,62490.9,62522.01,62464.61,62515.78
1789088863,62515.78,62537.66,62461.85,62474.42
1789089763,62474.42,62578.35,62454.52,62554.45
1789090663,62554.45,62568.29,62498.4,62511.75
1789091563,62511.75,62639.46,62461.33,62614.34
1789092463,62614.34,62629.79,62544.92,62586.2
1789093363,62586.2,62743.3,62559.29,62732.85
1789094263,62732.85,62781.16,62689.43,62778.22
1789095163,62778.22,62801.28,62694.98,62754.98
1789096063,62754.98,62774.3,62729.04,62742.87
1789096963,62742.87,62746.8,62724.19,62745.19
1789097863,62745.19,62745.27,62627.62,62668.79
1789098763,62668.79,62707.62,62637.03,62648.89
1789099663,62648.89,62701.77,62369.66,62403.39
1789100563,62403.39,62457.71,62388.68,62456.95
1789101463,62456.95,62465.55,62398.56,62404.95
1789102363,62404.95,62406.9,62339.9,62379.29
1789103263,62379.29,62380.68,62257.14,62262.34
1789104163,62262.34,62411.64,62227.79,62344.98
1789105063,62344.98,62561.9,62329.08,62536.56
1789105963,62536.56,62562.06,62365.08,62370.44
1789106863,62370.44,62425.57,62335.62,62417.07
1789107763,62417.07,62541.37,62402.82,62484.99
1789108663,62484.99,62490.56,62452.55,62468.73
1789109563,62468.73,62581.16,62441.77,62579.99
1789110463,62579.99,62614.99,62548.01,62561.52
1789111363,62561.52,62564.36,62475.32,62497.99
1789112263,62497.99,62614.22,62427.47,62562.44
1789113163,62562.44,62627.79,62513.31,62621.55
1789114063,62621.55,62633.4,62468.03,62489.81
1789114963,62489.81,62552.19,62484.59,62492.14
1789115863,62492.14,62505.19,62464.38,62491.53
1789116763,62491.53,62524.87,62307.86,62364.23
1789117663,62364.23,62407.95,62336.26,62377.12
1789118563,62377.12,62409.42,62174.54,62202.37
1789119463,62202.37,62212.25,62200.96,62209.6
1789120363,62209.6,62256.82,62193.71,62252.23
1789121263,62252.23,62426.54,62237.24,62420.94
1789122163,62420.94,62449.24,62302.66,62306.45
1789123063,62306.45,62339.17,62194.66,62219.04
1789123963,62219.04,62221.11,62006.96,62041.5
1789124863,62041.5,62103.01,62001.05,62094.17
1789125763,62094.17,62116.8,61952.38,61961.93
1789126663,61961.93,61985.74,61887.16,61912.54
1789127563,61912.54,62078.28,61866.73,62069.38
1789128463,62069.38,62187.76,62021.29,62166.38
1789129363,62166.38,62333.6,62136.99,62271.12
1789130263,62271.12,62318.2,62268.9,62304.09
1789131163,62304.09,62377.46,62284.99,62343.34
1789132063,62343.34,62541.07,62326.11,62471.47
1789132963,62471.47,62504.83,62354.13,62356.09
1789133863,62356.09,62432.09,62344.98,62424.07
1789134763,62424.07,62450.21,62295.57,62302.12
1789135663,62302.12,62360.51,62105.33,62128.67
1789136563,62128.67,62213.75,62127.08,62189.95
1789137463,62189.95,62226.06,62045.25,62072.03
1789138363,62072.03,62143.3,62011.54,62076.35
1789139263,62076.35,62116.03,62059.83,62098.1
1789140163,62098.1,62142.39,61872.68,61927.01
1789141063,61927.01,62030.93,61867.62,61977.38
1789141963,61977.38,62018.08,61887.14,61900.79
1789142863,61900.79,61908.34,61854.31,61863.39
1789143763,61863.39,61870.28,61853.03,61862.72
1789144663,61862.72,61949.73,61819.01,61888.93
1789145563,61888.93,61913.63,61880.44,61911.57
1789146463,61911.57,61940.51,61819.65,61854.23
1789147363,61854.23,61868.64,61824.25,61837.68
1789148263,61837.68,61856.68,61748.49,61757.65
1789149163,61757.65,61844.84,61730.23,61816.89
1789150063,61816.89,61904.61,61771.19,61867.84
1789150963,61867.84,61894.25,61626.33,61632.58
1789151863,61632.58,61641.94,61539.09,61541.87
1789152763,61541.87,61548.89,61497.36,61502.19
1789153663,61502.19,61598.87,61431.51,61587.3
1789154563,61587.3,61690.82,61550.99,61683.13
1789155463,61683.13,61694.44,61570.81,61605.37
1789156363,61605.37,61654.49,61510.13,61517.35
1789157263,61517.35,61662.59,61447.4,61619.9
1789158163,61619.9,61669.79,61571.49,61610.77
1789159063,61610.77,61759.93,61602.29,61737.52
1789159963,61737.52,61826.59,61725.13,61772.14
1789160863,61772.14,61796.16,61760.55,61775.49
1789161763,61775.49,61820.69,61755.37,61798.63
1789162663,61798.63,61843.25,61735.63,61773.68
1789163563,61773.68,61776.51,61674.75,61686.06
1789164463,61686.06,61837.39,61652.97,61836.46
1789165363,61836.46,61850.96,61732.39,61765.7
1789166263,61765.7,61815.22,61755.81,61814.24
1789167163,61814.24,61932.45,61797.33,61923.9
1789168063,61923.9,61933.1,61836.23,61846.8
1789168963,61846.8,61855.49,61775.06,61777.0
1789169863,61777.0,61777.21,61645.89,61706.33
1789170763,61706.33,61753.96,61629.27,61664.15
1789171663,61664.15,61868.94,61655.37,61846.91
1789172563,61846.91,61854.22,61683.92,61690.2
1789173463,61690.2,61751.17,61653.88,61698.73
1789174363,61698.73,61752.23,61688.94,61714.03
1789175263,61714.03,61755.69,61626.01,61686.56
1789176163,61686.56,61692.89,61582.39,61639.96
1789177063,61639.96,61650.24,61565.88,61604.33
1789177963,61604.33,61732.77,61595.04,61691.16
1789178863,61691.16,61696.53,61663.55,61670.41
1789179763,61670.41,61706.66,61626.29,61631.82
1789180663,61631.82,61644.83,61542.17,61593.71
1789181563,61593.71,61613.71,61589.41,61594.48
1789182463,61594.48,61607.67,61408.55,61427.99
1789183363,61427.99,61506.71,61368.72,61378.66
1789184263,61378.66,61408.47,61329.04,61388.62
1789185163,61388.62,61528.02,61379.88,61501.8
1789186063,61501.8,61517.31,61382.51,61405.16
1789186963,61405.16,61526.53,61374.25,61484.62
1789187863,61484.62,61616.4,61472.65,61598.44
1789188763,61598.44,61603.1,61550.12,61578.77
1789189663,61578.77,61625.24,61547.21,61617.42
1789190563,61617.42,61745.71,61616.06,61722.46
1789191463,61722.46,61791.29,61529.83,61580.06
1789192363,61580.06,61625.34,61563.85,61594.74
1789193263,61594.74,61622.87,61587.84,61610.69
1789194163,61610.69,61612.48,61525.45,61576.31
1789195063,61576.31,61647.9,61570.46,61635.72
1789195963,61635.72,61777.87,61633.22,61750.11
1789196863,61750.11,61811.21,61740.33,61791.17
1789197763,61791.17,61813.25,61780.83,61808.27
1789198663,61808.27,61837.32,61794.34,61825.75
1789199563,61825.75,61853.19,61803.73,61826.57
1789200463,61826.57,61850.58,61702.83,61711.11
1789201363,61711.11,61917.83,61690.88,61899.81
1789202263,61899.81,61970.39,61871.27,61956.01
1789203163,61956.01,62012.75,61911.53,61931.22
1789204063,61931.22,61986.22,61930.43,61963.53
1789204963,61963.53,62025.05,61941.03,62013.58
1789205863,62013.58,62080.21,61965.8,61975.29
1789206763,61975.29,62064.41,61949.67,61994.31
1789207663,61994.31,62261.48,61979.12,62239.61
1789208563,62239.61,62254.01,62182.08,62203.57
1789209463,62203.57,62217.68,62146.7,62151.8
1789210363,62151.8,62170.26,62147.34,62167.29
1789211263,62167.29,62245.68,62135.77,62179.67
1789212163,62179.67,62201.63,62141.37,62164.24
1789213063,62164.24,62175.34,62058.12,62091.35
1789213963,62091.35,62169.09,62058.36,62156.24
1789214863,62156.24,62182.11,62089.05,62118.58
1789215763,62118.58,62421.99,62113.29,62398.14
1789216663,62398.14,62428.76,62384.73,62395.09
1789217563,62395.09,62442.95,62308.24,62351.01
1789218463,62351.01,62352.47,62276.82,62348.51
1789219363,62348.51,62352.82,62307.74,62318.07
1789220263,62318.07,62331.92,62243.12,62304.96
1789221163,62304.96,62344.5,62274.44,62289.2
1789222063,62289.2,62392.82,62283.55,62353.1
1789222963,62353.1,62466.68,62323.44,62463.59
1789223863,62463.59,62468.75,62391.73,62407.23
1789224763,62407.23,62535.86,62395.87,62522.45
1789225663,62522.45,62570.78,62503.9,62535.37
1789226563,62535.37,62550.21,62511.72,62529.98
1789227463,62529.98,62585.47,62477.16,62556.22
1789228363,62556.22,62570.18,62408.51,62488.56
1789229263,62488.56,62528.32,62358.4,62431.5
1789230163,62431.5,62443.09,62413.96,62442.99
1789231063,62442.99,62543.86,62434.16,62513.74
1789231963,62513.74,62527.1,62389.14,62407.35
1789232863,62407.35,62588.8,62396.98,62533.08
1789233763,62533.08,62567.02,62495.59,62519.32
1789234663,62519.32,62525.18,62471.79,62515.45
1789235563,62515.45,62623.69,62489.05,62604.4
1789236463,62604.4,62624.22,62573.2,62620.95
1789237363,62620.95,62746.49,62591.01,62713.64
1789238263,62713.64,62741.01,62694.0,62730.11
1789239163,62730.11,62747.48,62653.5,62663.47
1789240063,62663.47,62782.39,62613.87,62773.62
1789240963,62773.62,62788.8,62732.25,62754.93
1789241863,62754.93,62809.49,62742.88,62801.4
1789242763,62801.4,62820.7,62750.86,62764.8
1789243663,62764.8,62774.73,62695.34,62702.68
1789244563,62702.68,62769.51,62678.05,62766.97
1789245463,62766.97,62796.13,62715.57,62737.83
1789246363,62737.83,62803.95,62730.52,62797.02
1789247263,62797.02,62809.83,62742.42,62747.5
1789248163,62747.5,62765.39,62706.29,62734.56
1789249063,62734.56,62752.98,62644.09,62672.52
1789249963,62672.52,62702.24,62445.35,62482.72
1789250863,62482.72,62542.35,62468.09,62533.19
1789251763,62533.19,62539.32,62380.74,62404.48
1789252663,62404.48,62441.85,62286.22,62303.26
1789253563,62303.26,62337.13,62262.88,62268.81
1789254463,62268.81,62309.87,62266.93,62285.0
1789255363,62285.0,62302.49,62084.11,62115.38
1789256263,62115.38,62133.04,62090.01,62121.68
1789257163,62121.68,62154.37,61984.45,62024.2
1789258063,62024.2,62064.13,62023.29,62061.3
1789258963,62061.3,62074.0,61960.2,61966.51
1789259863,61966.51,62013.16,61899.51,61943.11
1789260763,61943.11,61983.05,61833.91,61843.75
1789261663,61843.75,61858.28,61733.18,61790.64
1789262563,61790.64,61813.86,61770.09,61781.6
1789263463,61781.6,61855.7,61763.82,61831.36
1789264363,61831.36,61860.72,61807.56,61815.48
1789265263,61815.48,61827.73,61782.69,61825.37
1789266163,61825.37,61910.65,61757.08,61772.13
1789267063,61772.13,61901.75,61739.4,61860.17
1789267963,61860.17,61861.34,61812.04,61823.55
1789268863,61823.55,61835.79,61720.07,61789.47
1789269763,61789.47,61887.49,61746.0,61836.81
1789270663,61836.81,61864.87,61750.43,61752.62
1789271563,61752.62,61783.13,61605.61,61612.53
1789272463,61612.53,61675.67,61514.1,61537.22
1789273363,61537.22,61556.88,61524.77,61547.23
1789274263,61547.23,61643.62,61503.24,61637.94
1789275163,61637.94,61735.03,61630.33,61701.4
1789276063,61701.4,61894.85,61689.79,61847.43
1789276963,61847.43,61927.57,61842.28,61878.25
1789277863,61878.25,61895.07,61785.16,61851.13
1789278763,61851.13,62069.67,61820.98,62028.16
1789279663,62028.16,62038.45,61999.57,62013.86
1789280563,62013.86,62028.33,61895.8,61921.72
1789281463,61921.72,61971.89,61915.78,61956.57
1789282363,61956.57,62018.2,61947.48,62011.58
1789283263,62011.58,62014.69,61964.08,61998.21
1789284163,61998.21,62117.17,61978.72,62109.12
1789285063,62109.12,62127.28,61949.41,61964.12
1789285963,61964.12,61967.96,61936.53,61945.12
1789286863,61945.12,61969.55,61920.31,61961.22
1789287763,61961.22,61962.77,61763.5,61836.58
1789288663,61836.58,61879.36,61823.68,61824.11
1789289563,61824.11,61832.58,61808.26,61811.37
1789290463,61811.37,61827.4,61789.92,61792.65
1789291363,61792.65,61931.98,61783.51,61897.66
1789292263,61897.66,61929.01,61829.01,61846.87
1789293163,61846.87,61899.92,61825.07,61843.46
1789294063,61843.46,61884.85,61801.06,61879.83
1789294963,61879.83,61986.14,61854.31,61949.9
1789295863,61949.9,62107.03,61894.79,62092.14
1789296763,62092.14,62117.69,61915.66,61971.72
1789297663,61971.72,62086.6,61919.71,62063.59
1789298563,62063.59,62109.11,61916.31,61954.65
1789299463,61954.65,61985.94,61806.25,61822.19
1789300363,61822.19,61861.47,61708.17,61740.83
1789301263,61740.83,61820.04,61738.28,61803.89
1789302163,61803.89,61961.68,61729.82,61936.93
1789303063,61936.93,62026.55,61916.7,61980.01
1789303963,61980.01,62018.47,61908.19,62004.96
1789304863,62004.96,62032.56,61913.98,61917.56
1789305763,61917.56,61928.61,61821.0,61852.75
1789306663,61852.75,61862.4,61842.94,61847.51
1789307563,61847.51,61921.45,61835.66,61890.02
1789308463,61890.02,61913.73,61872.58,61888.9
1789309363,61888.9,61963.23,61829.07,61956.38
1789310263,61956.38,62028.7,61933.69,62011.76
1789311163,62011.76,62122.13,61997.42,62094.9
1789312063,62094.9,62320.52,62091.26,62318.75
1789312963,62318.75,62376.95,62305.62,62344.52
1789313863,62344.52,62347.63,62316.01,62327.55
1789314763,62327.55,62364.57,62109.13,62115.95
1789315663,62115.95,62153.4,62029.57,62065.9
1789316563,62065.9,62074.91,61896.86,61938.1
1789317463,61938.1,61983.06,61896.05,61950.46
1789318363,61950.46,61974.4,61856.97,61889.68
1789319263,61889.68,61935.88,61813.79,61874.67
1789320163,61874.67,61878.98,61802.07,61816.03
1789321063,61816.03,61837.64,61679.12,61721.85
1789321963,61721.85,61741.23,61553.91,61607.97
1789322863,61607.97,61700.55,61588.33,61648.44
1789323763,61648.44,61710.16,61626.89,61689.43
1789324663,61689.43,61712.12,61501.68,61524.31
1789325563,61524.31,61534.61,61476.56,61506.32
1789326463,61506.32,61530.78,61481.33,61487.0
1789327363,61487.0,61618.69,61432.98,61588.03
1789328263,61588.03,61643.45,61521.6,61565.92
1789329163,61565.92,61702.63,61543.89,61685.83
1789330063,61685.83,61745.22,61662.46,61672.36
1789330963,61672.36,61682.81,61584.72,61588.33
1789331863,61588.33,61623.74,61467.62,61503.22
1789332763,61503.22,61518.82,61449.39,61452.48
1789333663,61452.48,61647.3,61414.96,61613.83
1789334563,61613.83,61709.47,61576.34,61672.04
1789335463,61672.04,61696.56,61595.22,61678.96
1789336363,61678.96,61717.12,61616.74,61703.46
1789337263,61703.46,61729.6,61576.33,61614.42
1789338163,61614.42,61694.65,61519.32,61519.65
1789339063,61519.65,61587.55,61474.86,61558.02
1789339963,61558.02,61587.53,61513.76,61540.32
1789340863,61540.32,61587.62,61308.54,61345.57
1789341763,61345.57,61370.22,61307.81,61345.87
1789342663,61345.87,61354.69,61130.66,61134.68
1789343563,61134.68,61272.79,61108.06,61239.65
1789344463,61239.65,61354.76,61231.68,61331.35
1789345363,61331.35,61372.28,61144.76,61180.15
1789346263,61180.15,61247.49,61090.35,61101.02
1789347163,61101.02,61106.69,61011.85,61042.27
1789348063,61042.27,61061.06,61018.56,61054.53
1789348963,61054.53,61105.74,61036.02,61101.25
1789349863,61101.25,61128.86,60987.61,61017.66
1789350763,61017.66,61066.44,60984.92,61061.92
1789351663,61061.92,61188.13,61050.9,61185.26
1789352563,61185.26,61210.07,61085.2,61133.97
1789353463,61133.97,61148.06,61083.32,61094.32
1789354363,61094.32,61126.68,61075.52,61095.77
1789355263,61095.77,61125.28,61056.13,61067.67
1789356163,61067.67,61074.14,61061.07,61067.65
1789357063,61067.65,61083.82,60962.04,60975.22
1789357963,60975.22,61064.41,60920.46,60944.16
1789358863,60944.16,61056.36,60913.09,61047.7
1789359763,61047.7,61124.54,60934.27,60949.58
1789360663,60949.58,61067.64,60930.05,61049.21
1789361563,61049.21,61067.21,60995.56,61031.17
1789362463,61031.17,61090.96,61014.85,61045.64
1789363363,61045.64,61225.87,61025.59,61204.01
1789364263,61204.01,61205.14,61135.2,61165.98
1789365163,61165.98,61198.37,61137.74,61188.24
1789366063,61188.24,61294.18,61180.3,61274.61
1789366963,61274.61,61276.5,61231.15,61260.15
1789367863,61260.15,61293.83,61179.4,61227.78
1789368763,61227.78,61331.17,61211.43,61321.42
1789369663,61321.42,61358.18,61320.74,61345.5
1789370563,61345.5,61353.78,61251.24,61319.35
1789371463,61319.35,61356.52,61215.27,61250.66
1789372363,61250.66,61255.76,61170.26,61184.21
1789373263,61184.21,61226.59,61130.26,61168.38
1789374163,61168.38,61294.16,61167.32,61226.77
1789375063,61226.77,61231.09,61191.51,61230.58
1789375963,61230.58,61375.93,61212.78,61320.49
1789376863,61320.49,61465.43,61264.42,61405.08
1789377763,61405.08,61464.15,61389.3,61431.12
1789378663,61431.12,61440.22,61239.26,61291.62
1789379563,61291.62,61321.37,61230.79,61254.97
1789380463,61254.97,61327.78,61247.24,61288.55
1789381363,61288.55,61327.19,61282.73,61314.03
1789382263,61314.03,61343.31,61302.25,61319.86
1789383163,61319.86,61349.8,61226.17,61229.99
1789384063,61229.99,61260.87,61108.12,61157.57
1789384963,61157.57,61168.53,61147.61,61159.44
1789385863,61159.44,61184.2,61117.59,61123.22
1789386763,61123.22,61131.73,61036.31,61089.33
1789387663,61089.33,61106.67,61001.57,61075.1
1789388563,61075.1,61080.46,61018.03,61024.52
1789389463,61024.52,61032.11,60990.37,61003.97
1789390363,61003.97,61039.86,60967.23,61010.31
1789391263,61010.31,61056.45,60853.27,60903.88
1789392163,60903.88,60922.53,60822.88,60836.84
1789393063,60836.84,60856.69,60664.84,60676.22
1789393963,60676.22,60676.56,60667.14,60670.49
1789394863,60670.49,60714.8,60579.32,60607.6
1789395763,60607.6,60734.91,60520.51,60705.4
1789396663,60705.4,60714.46,60578.65,60585.28
1789397563,60585.28,60657.2,60535.59,60636.92
1789398463,60636.92,60666.48,60572.39,60593.99
1789399363,60593.99,60698.69,60556.71,60656.13
1789400263,60656.13,60667.48,60599.39,60614.7
1789401163,60614.7,60855.05,60544.64,60848.79
1789402063,60848.79,60851.7,60776.65,60840.6
1789402963,60840.6,60887.25,60714.11,60742.6
1789403863,60742.6,60886.02,60733.36,60860.86
1789404763,60860.86,60917.67,60815.0,60888.69
1789405663,60888.69,60966.55,60802.03,60830.34
1789406563,60830.34,60857.75,60829.16,60849.97
1789407463,60849.97,60891.31,60804.51,60809.89
1789408363,60809.89,60830.77,60668.83,60699.54
1789409263,60699.54,60729.96,60672.3,60725.39
1789410163,60725.39,60763.88,60723.4,60733.89
1789411063,60733.89,60889.33,60723.87,60854.14
1789411963,60854.14,60858.07,60832.96,60834.47
1789412863,60834.47,61057.45,60801.63,60994.33
1789413763,60994.33,61092.28,60967.88,61048.01
1789414663,61048.01,61096.96,61014.59,61078.77
1789415563,61078.77,61146.47,61059.32,61126.46
1789416463,61126.46,61162.42,60967.32,60972.94
1789417363,60972.94,61075.96,60968.4,61008.03
1789418263,61008.03,61054.08,60955.54,60990.6
1789419163,60990.6,61000.13,60957.51,60967.03
1789420063,60967.03,60992.15,60867.15,60933.8
1789420963,60933.8,60947.15,60753.39,60767.32
1789421863,60767.32,60847.88,60758.61,60811.72
1789422763,60811.72,60817.78,60729.78,60752.46
1789423663,60752.46,60782.13,60677.56,60735.83
1789424563,60735.83,60759.27,60626.9,60658.29
1789425463,60658.29,60690.95,60620.36,60676.88
1789426363,60676.88,60733.31,60635.61,60711.64
1789427263,60711.64,60748.5,60676.8,60694.53
1789428163,60694.53,60732.13,60687.62,60715.3
1789429063,60715.3,60765.0,60693.97,60739.31
1789429963,60739.31,60744.56,60693.64,60704.2
1789430863,60704.2,60796.01,60698.85,60773.34
1789431763,60773.34,60875.48,60763.1,60849.91
1789432663,60849.91,60850.65,60798.43,60822.96
1789433563,60822.96,60879.42,60696.36,60745.42
1789434463,60745.42,60750.96,60730.88,60750.24
1789435363,60750.24,60792.67,60685.66,60751.6
1789436263,60751.6,60783.39,60706.28,60734.59
1789437163,60734.59,60955.47,60725.9,60949.56
1789438063,60949.56,61201.84,60901.09,61142.7
1789438963,61142.7,61207.5,61126.31,61172.21
1789439863,61172.21,61185.93,61101.44,61136.05
1789440763,61136.05,61172.89,61078.52,61148.79
1789441663,61148.79,61262.24,61147.78,61220.85
1789442563,61220.85,61227.26,61189.11,61224.9
1789443463,61224.9,61247.72,61046.96,61107.46
1789444363,61107.46,61160.82,61032.92,61068.12
1789445263,61068.12,61098.68,61006.69,61091.34
1789446163,61091.34,61171.91,61073.93,61159.17
1789447063,61159.17,61292.08,61154.37,61277.32
1789447963,61277.32,61332.53,61163.56,61199.76
1789448863,61199.76,61208.4,61038.2,61054.05
1789449763,61054.05,61071.02,61046.01,61068.82
1789450663,61068.82,61108.26,61048.52,61092.87
1789451563,61092.87,61152.67,61075.43,61098.52
1789452463,61098.52,61243.97,61087.33,61237.8
1789453363,61237.8,61248.58,61180.01,61221.35
1789454263,61221.35,61270.94,61198.62,61252.07
1789455163,61252.07,61281.03,61048.46,61092.09
1789456063,61092.09,61132.66,61082.56,61111.18
1789456963,61111.18,61156.96,61083.82,61127.39
1789457863,61127.39,61173.13,61124.83,61139.01
1789458763,61139.01,61234.3,61129.98,61196.5
1789459663,61196.5,61203.24,60982.3,61050.3
1789460563,61050.3,61109.98,60987.33,61016.73
1789461463,61016.73,61040.96,61002.9,61039.51
1789462363,61039.51,61114.21,61033.65,61084.51
1789463263,61084.51,61219.14,61035.22,61189.27
1789464163,61189.27,61239.66,61184.8,61194.96
1789465063,61194.96,61203.04,61095.0,61113.34
1789465963,61113.34,61195.22,61111.21,61187.57
1789466863,61187.57,61285.48,61167.95,61260.96
1789467763,61260.96,61345.96,61218.01,61317.9
1789468663,61317.9,61325.35,61273.3,61296.12
1789469563,61296.12,61300.16,61249.8,61260.31
1789470463,61260.31,61384.42,61244.03,61351.33
1789471363,61351.33,61393.28,61296.76,61306.74
1789472263,61306.74,61335.64,61286.84,61321.4
1789473163,61321.4,61363.54,61276.14,61291.17
1789474063,61291.17,61330.39,61269.57,61308.25
1789474963,61308.25,61464.46,61247.34,61421.69
1789475863,61421.69,61533.0,61385.15,61468.89
1789476763,61468.89,61506.38,61423.8,61474.59
1789477663,61474.59,61509.64,61186.81,61221.33
1789478563,61221.33,61225.23,61120.84,61147.15
1789479463,61147.15,61261.88,61111.32,61242.23
1789480363,61242.23,61242.45,61107.22,61139.2
1789481263,61139.2,61166.01,61052.82,61102.32
1789482163,61102.32,61135.24,61051.62,61111.56
1789483063,61111.56,61141.51,61026.55,61061.78
1789483963,61061.78,61067.31,61026.01,61064.2
1789484863,61064.2,61105.4,61033.72,61104.22
1789485763,61104.22,61133.74,61085.0,61130.66
1789486663,61130.66,61166.76,61098.29,61115.19
1789487563,61115.19,61182.53,60991.54,60996.44
1789488463,60996.44,61147.96,60949.15,61127.09
1789489363,61127.09,61363.48,61119.41,61303.33
1789490263,61303.33,61309.77,61156.37,61164.98
1789491163,61164.98,61280.9,61163.86,61267.92
1789492063,61267.92,61272.67,61174.75,61235.81
1789492963,61235.81,61250.89,61160.87,61203.44
1789493863,61203.44,61273.42,61172.34,61262.45
1789494763,61262.45,61377.84,61260.71,61335.44
1789495663,61335.44,61411.15,61311.76,61395.58
1789496563,61395.58,61425.52,61297.14,61350.14
1789497463,61350.14,61358.14,61339.39,61351.41
1789498363,61351.41,61393.88,61213.84,61272.18
1789499263,61272.18,61366.11,61267.26,61363.17
1789500163,61363.17,61568.84,61342.02,61458.87
1789501063,61458.87,61517.64,61455.26,61495.05
1789501963,61495.05,61605.51,61478.22,61576.54
1789502863,61576.54,61582.84,61535.77,61553.27
1789503763,61553.27,61570.97,61292.7,61345.84
1789504663,61345.84,61347.39,61247.65,61292.74
1789505563,61292.74,61312.2,61224.06,61226.6
1789506463,61226.6,61234.67,61111.96,61125.78
1789507363,61125.78,61275.22,61119.71,61249.1
1789508263,61249.1,61287.6,61099.36,61112.3
1789509163,61112.3,61186.34,61013.67,61044.87
1789510063,61044.87,61071.42,60987.6,61050.01
1789510963,61050.01,61051.32,60914.88,60943.82
1789511863,60943.82,60959.77,60926.26,60938.89
1789512763,60938.89,61019.99,60911.26,61014.61
1789513663,61014.61,61031.84,60913.3,60932.96
1789514563,60932.96,60982.43,60903.76,60927.51
1789515463,60927.51,60936.36,60785.05,60786.68
1789516363,60786.68,60877.88,60670.96,60718.17
1789517263,60718.17,60804.44,60695.33,60776.61
1789518163,60776.61,60790.82,60754.19,60757.34
1789519063,60757.34,60786.86,60667.81,60677.7
1789519963,60677.7,60767.19,60639.17,60737.22
1789520863,60737.22,60833.86,60725.01,60776.33
1789521763,60776.33,60879.83,60724.85,60829.33
1789522663,60829.33,60835.09,60602.48,60642.64
1789523563,60642.64,60742.96,60577.69,60718.99
1789524463,60718.99,60748.27,60650.17,60690.2
1789525363,60690.2,60692.59,60661.34,60678.24
1789526263,60678.24,60733.51,60660.85,60698.2
1789527163,60698.2,60782.82,60644.35,60733.29
1789528063,60733.29,60771.55,60714.96,60768.99
1789528963,60768.99,60788.78,60643.19,60681.95
1789529863,60681.95,60701.9,60555.61,60564.55
1789530763,60564.55,60571.66,60384.6,60386.23
1789531663,60386.23,60411.42,60315.13,60334.87
1789532563,60334.87,60355.31,60226.01,60265.44
1789533463,60265.44,60275.66,60142.12,60149.97
1789534363,60149.97,60194.16,60141.09,60163.63
1789535263,60163.63,60194.19,60016.69,60018.84
1789536163,60018.84,60176.76,59961.28,60168.87
1789537063,60168.87,60334.11,60132.68,60317.57
1789537963,60317.57,60332.31,60084.07,60121.47
1789538863,60121.47,60143.29,60073.03,60140.72
1789539763,60140.72,60190.1,60086.98,60112.27
1789540663,60112.27,60234.8,60093.57,60222.4
1789541563,60222.4,60275.48,60177.86,60190.02
1789542463,60190.02,60192.93,60043.84,60092.17
1789543363,60092.17,60111.82,60005.19,60013.54
1789544263,60013.54,60094.89,59977.37,60063.32
1789545163,60063.32,60235.55,60033.88,60188.28
1789546063,60188.28,60228.92,60162.62,60198.46
1789546963,60198.46,60257.31,60084.79,60102.22
1789547863,60102.22,60126.48,60059.59,60109.81
1789548763,60109.81,60148.99,60026.16,60026.69
1789549663,60026.69,60185.75,59998.38,60138.77
1789550563,60138.77,60245.55,60128.51,60207.73
1789551463,60207.73,60264.58,60205.05,60209.68
1789552363,60209.68,60263.66,60197.78,60224.22
1789553263,60224.22,60258.7,60127.58,60155.96
1789554163,60155.96,60228.74,60126.9,60202.37
1789555063,60202.37,60243.31,60124.3,60140.33
1789555963,60140.33,60188.6,60135.71,60182.03
1789556863,60182.03,60221.34,60111.57,60178.35
1789557763,60178.35,60208.08,60049.48,60069.97
1789558663,60069.97,60090.14,60034.35,60037.35
1789559563,60037.35,60168.88,59983.63,60151.93
1789560463,60151.93,60167.48,60117.15,60130.84
1789561363,60130.84,60219.89,60073.05,60203.42
1789562263,60203.42,60206.7,60135.52,60143.61
1789563163,60143.61,60146.83,60110.9,60134.61
1789564063,60134.61,60257.03,60128.06,60231.07
1789564963,60231.07,60240.42,60146.07,60188.66
1789565863,60188.66,60225.65,60059.15,60100.61
1789566763,60100.61,60136.33,59879.98,59903.01
1789567663,59903.01,60004.66,59899.13,59954.01
1789568563,59954.01,59967.01,59946.85,59947.17
1789569463,59947.17,59955.6,59862.67,59910.57
1789570363,59910.57,59948.23,59889.58,59920.14
1789571263,59920.14,59931.47,59876.52,59900.05
1789572163,59900.05,59973.52,59889.14,59954.37
1789573063,59954.37,59977.83,59951.28,59975.55
1789573963,59975.55,60119.42,59949.28,60097.76
1789574863,60097.76,60139.27,60082.27,60106.32
1789575763,60106.32,60167.35,60090.5,60151.78
1789576663,60151.78,60196.31,60078.6,60094.83
1789577563,60094.83,60137.24,60064.45,60115.85
1789578463,60115.85,60147.97,60066.91,60093.28
1789579363,60093.28,60125.79,60044.95,60056.97
1789580263,60056.97,60155.04,60022.22,60091.71
1789581163,60091.71,60102.96,60036.15,60042.9
1789582063,60042.9,60076.36,60037.27,60064.55
1789582963,60064.55,60182.35,60046.04,60165.23
1789583863,60165.23,60181.74,59961.92,60010.27
1789584763,60010.27,60034.53,59876.82,59885.85
1789585663,59885.85,59888.31,59750.83,59776.94
1789586563,59776.94,59854.55,59767.41,59826.47
1789587463,59826.47,59859.25,59724.16,59745.46
1789588363,59745.46,59779.01,59673.14,59705.52
1789589263,59705.52,59719.09,59595.45,59623.42
1789590163,59623.42,59685.04,59597.24,59641.38
1789591063,59641.38,59697.9,59629.48,59676.83
1789591963,59676.83,59691.32,59661.63,59686.13
1789592863,59686.13,59726.4,59547.37,59560.2
1789593763,59560.2,59597.12,59555.1,59565.7
1789594663,59565.7,59596.04,59437.79,59444.32
1789595563,59444.32,59477.22,59411.07,59476.27
1789596463,59476.27,59488.91,59469.07,59480.24
1789597363,59480.24,59552.53,59446.76,59538.65
1789598263,59538.65,59732.25,59493.79,59673.22
1789599163,59673.22,59700.28,59662.5,59670.84
1789600063,59670.84,59680.74,59575.19,59578.71
1789600963,59578.71,59632.76,59504.34,59616.25
1789601863,59616.25,59636.56,59609.99,59629.71
1789602763,59629.71,59672.4,59573.07,59574.95
1789603663,59574.95,59582.15,59530.07,59551.67
1789604563,59551.67,59638.36,59550.58,59572.55
1789605463,59572.55,59583.8,59496.26,59526.74
1789606363,59526.74,59541.72,59427.01,59436.81
1789607263,59436.81,59449.44,59269.74,59279.3
1789608163,59279.3,59282.51,59174.44,59213.31
1789609063,59213.31,59275.92,59191.07,59259.62
1789609963,59259.62,59282.01,59237.48,59248.09
1789610863,59248.09,59252.7,59207.75,59208.22
1789611763,59208.22,59237.71,59201.9,59213.48
1789612663,59213.48,59267.54,59192.51,59219.0
1789613563,59219.0,59299.57,59170.32,59246.97
1789614463,59246.97,59263.47,59231.2,59232.59
1789615363,59232.59,59289.89,59047.49,59066.03
1789616263,59066.03,59079.29,59022.31,59027.56
1789617163,59027.56,59072.84,58953.02,58957.07
1789618063,58957.07,59162.85,58921.58,59118.37
1789618963,59118.37,59150.08,59092.04,59092.24
1789619863,59092.24,59108.31,58991.51,59005.21
1789620763,59005.21,59113.96,58959.29,59069.43
1789621663,59069.43,59085.45,59016.88,59042.44
1789622563,59042.44,59043.08,58992.5,59001.68
1789623463,59001.68,59059.7,58971.64,59042.6
1789624363,59042.6,59128.04,59028.25,59092.79
1789625263,59092.79,59178.61,59090.41,59168.78
1789626163,59168.78,59272.19,59124.68,59237.79
1789627063,59237.79,59268.97,59205.19,59243.32
1789627963,59243.32,59287.69,59211.0,59259.99
1789628863,59259.99,59273.84,59231.49,59241.62
1789629763,59241.62,59411.1,59238.36,59405.92
1789630663,59405.92,59428.99,59346.67,59347.93
1789631563,59347.93,59453.41,59331.37,59448.12
1789632463,59448.12,59467.95,59419.74,59463.59
1789633363,59463.59,59615.62,59458.42,59573.75
1789634263,59573.75,59688.65,59572.12,59643.6
1789635163,59643.6,59703.05,59593.11,59661.56
1789636063,59661.56,59677.1,59602.4,59624.86
1789636963,59624.86,59687.83,59542.14,59568.45
1789637863,59568.45,59582.82,59546.2,59553.3
1789638763,59553.3,59573.67,59518.37,59572.01
1789639663,59572.01,59737.0,59551.22,59723.66
1789640563,59723.66,59736.65,59673.91,59695.42
1789641463,59695.42,59705.09,59648.87,59651.02
1789642363,59651.02,59773.04,59643.96,59683.31
1789643263,59683.31,59757.97,59664.65,59712.89
1789644163,59712.89,59726.99,59590.54,59595.65
1789645063,59595.65,59620.05,59562.99,59618.13
1789645963,59618.13,59688.69,59560.24,59594.18
1789646863,59594.18,59613.54,59562.29,59610.04
1789647763,59610.04,59703.46,59609.79,59628.27
1789648663,59628.27,59661.42,59476.41,59508.84
1789649563,59508.84,59609.34,59479.17,59566.86
1789650463,59566.86,59568.16,59502.32,59555.56
1789651363,59555.56,59588.96,59470.45,59483.33
1789652263,59483.33,59486.4,59267.27,59298.55
1789653163,59298.55,59305.59,59126.11,59129.23
1789654063,59129.23,59134.94,59030.78,59074.16
1789654963,59074.16,59126.94,59047.07,59050.27
1789655863,59050.27,59055.88,59017.97,59031.3
1789656763,59031.3,59044.04,58963.4,58978.81
1789657663,58978.81,58992.58,58890.25,58925.46
1789658563,58925.46,58959.39,58898.73,58903.27
1789659463,58903.27,58969.41,58902.96,58908.17
1789660363,58908.17,58985.6,58874.35,58977.97
1789661263,58977.97,59110.99,58922.66,59104.86
1789662163,59104.86,59127.9,59086.18,59116.65
1789663063,59116.65,59220.25,59101.07,59206.05
1789663963,59206.05,59226.22,59183.91,59186.16
1789664863,59186.16,59204.44,59120.04,59197.64
1789665763,59197.64,59232.53,59179.2,59209.75
1789666663,59209.75,59224.33,58993.91,59040.5
1789667563,59040.5,59168.04,59038.53,59132.39
1789668463,59132.39,59157.96,59081.77,59098.56
1789669363,59098.56,59166.34,59089.18,59157.07
1789670263,59157.07,59218.62,59068.79,59108.34
1789671163,59108.34,59120.43,58954.71,58959.89
1789672063,58959.89,59081.07,58943.38,59036.36
1789672963,59036.36,59117.7,59018.4,59088.62
1789673863,59088.62,59142.74,59016.11,59048.05
1789674763,59048.05,59078.3,58939.62,58957.98
1789675663,58957.98,59136.45,58939.5,59115.83
1789676563,59115.83,59118.07,59039.08,59052.9
1789677463,59052.9,59177.16,58995.62,59157.76
1789678363,59157.76,59220.62,59157.1,59180.42
1789679263,59180.42,59247.6,59156.23,59239.46
1789680163,59239.46,59306.99,59226.42,59306.54
1789681063,59306.54,59309.45,59175.09,59200.85
1789681963,59200.85,59235.49,59182.38,59233.26
1789682863,59233.26,59254.69,59183.76,59187.1
1789683763,59187.1,59248.5,59165.19,59241.06
1789684663,59241.06,59330.04,59208.66,59299.25
1789685563,59299.25,59355.13,59220.76,59229.69
1789686463,59229.69,59301.17,59220.51,59233.03
1789687363,59233.03,59286.51,59227.04,59276.56
1789688263,59276.56,59361.23,59268.8,59336.51
1789689163,59336.51,59386.02,59222.82,59259.82
1789690063,59259.82,59288.15,59152.44,59185.92
1789690963,59185.92,59210.79,59168.24,59172.61
1789691863,59172.61,59306.87,59163.43,59278.97
1789692763,59278.97,59407.12,59234.34,59340.06
1789693663,59340.06,59451.07,59338.65,59403.83
1789694563,59403.83,59583.77,59394.97,59575.58
1789695463,59575.58,59597.92,59526.45,59560.19
1789696363,59560.19,59593.94,59415.93,59419.63
1789697263,59419.63,59477.19,59384.42,59393.97
1789698163,59393.97,59425.86,59342.51,59346.56
1789699063,59346.56,59373.34,59268.95,59280.0
1789699963,59280.0,59407.04,59245.71,59382.41
1789700863,59382.41,59493.92,59367.04,59470.22
1789701763,59470.22,59523.28,59437.36,59491.22
1789702663,59491.22,59505.67,59456.59,59475.36
1789703563,59475.36,59490.36,59387.75,59428.26
1789704463,59428.26,59432.15,59368.67,59429.83
1789705363,59429.83,59480.06,59368.42,59464.71
1789706263,59464.71,59486.74,59330.93,59387.39
1789707163,59387.39,59479.26,59383.28,59432.6
1789708063,59432.6,59583.23,59384.82,59527.84
1789708963,59527.84,59552.78,59488.81,59489.4
1789709863,59489.4,59504.22,59366.45,59377.84
1789710763,59377.84,59578.58,59367.56,59550.58
1789711663,59550.58,59622.68,59525.11,59580.09
1789712563,59580.09,59694.68,59555.4,59641.56
1789713463,59641.56,59650.94,59576.43,59586.36
1789714363,59586.36,59604.31,59570.95,59601.59
1789715263,59601.59,59627.64,59577.37,59617.49
1789716163,59617.49,59647.38,59502.64,59543.17
1789717063,59543.17,59572.68,59464.05,59481.82
1789717963,59481.82,59519.3,59435.57,59504.96
1789718863,59504.96,59509.91,59389.3,59427.3
1789719763,59427.3,59435.19,59407.02,59422.06
1789720663,59422.06,59461.5,59421.16,59456.3
1789721563,59456.3,59567.03,59438.4,59562.47
1789722463,59562.47,59601.04,59534.86,59542.9
1789723363,59542.9,59555.06,59468.73,59470.21
1789724263,59470.21,59495.6,59321.05,59374.35
1789725163,59374.35,59469.57,59348.25,59426.46
1789726063,59426.46,59454.01,59369.12,59436.82
1789726963,59436.82,59479.79,59403.62,59466.17
1789727863,59466.17,59489.49,59418.55,59449.14
1789728763,59449.14,59471.44,59412.75,59421.86
1789729663,59421.86,59441.86,59372.29,59386.45
1789730563,59386.45,59451.08,59229.7,59318.82
1789731463,59318.82,59344.93,59136.79,59137.74
1789732363,59137.74,59162.62,59074.11,59085.29
1789733263,59085.29,59243.66,59057.62,59237.96
1789734163,59237.96,59333.37,59223.46,59259.11
1789735063,59259.11,59287.01,59126.82,59187.87
1789735963,59187.87,59327.72,59177.53,59276.44
1789736863,59276.44,59314.93,59188.18,59215.07
1789737763,59215.07,59268.61,59186.04,59262.47
1789738663,59262.47,59382.25,59204.68,59339.97
1789739563,59339.97,59420.77,59338.32,59407.61
1789740463,59407.61,59595.54,59365.44,59570.59
1789741363,59570.59,59754.39,59556.35,59748.17
1789742263,59748.17,59899.1,59739.99,59886.72
1789743163,59886.72,59923.21,59805.63,59818.44
1789744063,59818.44,59843.66,59759.64,59799.43
1789744963,59799.43,59903.53,59790.0,59893.64
1789745863,59893.64,59938.16,59819.7,59820.19
1789746763,59820.19,59879.69,59814.44,59831.73
1789747663,59831.73,59837.79,59643.18,59687.27
1789748563,59687.27,59699.88,59669.77,59697.31
1789749463,59697.31,59789.22,59695.24,59729.13
1789750363,59729.13,59761.48,59622.98,59648.74
1789751263,59648.74,59768.2,59612.25,59758.38
1789752163,59758.38,59803.88,59743.8,59781.39
1789753063,59781.39,59787.02,59721.6,59752.43
1789753963,59752.43,59894.87,59752.21,59812.72
1789754863,59812.72,59843.98,59750.49,59762.37
1789755763,59762.37,59784.45,59750.97,59758.51
1789756663,59758.51,59781.49,59623.65,59654.22
1789757563,59654.22,59720.92,59642.04,59697.52
1789758463,59697.52,59705.36,59547.94,59579.33
1789759363,59579.33,59635.75,59562.81,59565.55
1789760263,59565.55,59568.83,59509.63,59526.38
1789761163,59526.38,59560.51,59489.89,59548.98
1789762063,59548.98,59630.57,59532.85,59618.57
1789762963,59618.57,59660.15,59520.21,59555.48
1789763863,59555.48,59725.04,59532.04,59701.02
1789764763,59701.02,59714.88,59637.56,59679.8
1789765663,59679.8,59766.01,59671.41,59754.89
1789766563,59754.89,59786.67,59635.2,59655.21
1789767463,59655.21,59664.73,59612.16,59634.48
1789768363,59634.48,59692.21,59507.63,59511.2
1789769263,59511.2,59512.71,59409.3,59447.61
1789770163,59447.61,59467.46,59398.14,59440.08
1789771063,59440.08,59460.23,59354.32,59378.99
1789771963,59378.99,59445.05,59340.09,59419.97
1789772863,59419.97,59437.8,59349.54,59368.9
1789773763,59368.9,59457.48,59362.68,59376.84
1789774663,59376.84,59405.92,59364.99,59381.29
1789775563,59381.29,59468.01,59340.04,59453.55
1789776463,59453.55,59488.68,59395.37,59402.84
1789777363,59402.84,59444.58,59339.99,59432.53
1789778263,59432.53,59473.98,59325.26,59334.18
1789779163,59334.18,59413.3,59295.14,59339.65
1789780063,59339.65,59374.04,59263.38,59275.09
1789780963,59275.09,59337.84,59267.26,59330.5
1789781863,59330.5,59404.72,59317.12,59354.85
1789782763,59354.85,59363.46,59244.93,59262.34
1789783663,59262.34,59288.07,59252.87,59273.86
1789784563,59273.86,59368.97,59270.7,59359.76
1789785463,59359.76,59440.59,59353.75,59440.1
1789786363,59440.1,59454.43,59383.02,59391.67
1789787263,59391.67,59398.54,59305.16,59348.04
1789788163,59348.04,59516.38,59301.84,59506.39
1789789063,59506.39,59561.13,59504.07,59530.9
1789789963,59530.9,59590.81,59507.28,59536.62
1789790863,59536.62,59621.57,59499.52,59576.38
1789791763,59576.38,59683.48,59568.17,59680.96
1789792663,59680.96,59698.32,59613.79,59619.79
1789793563,59619.79,59794.68,59613.17,59724.22
1789794463,59724.22,59725.3,59517.03,59518.61
1789795363,59518.61,59591.92,59466.84,59589.23
1789796263,59589.23,59626.74,59485.88,59489.86
1789797163,59489.86,59536.58,59461.64,59463.59
1789798063,59463.59,59545.8,59448.37,59500.06
1789798963,59500.06,59501.06,59468.44,59483.78
1789799863,59483.78,59506.05,59320.71,59327.68
1789800763,59327.68,59446.17,59319.45,59431.25
1789801663,59431.25,59462.34,59395.96,59405.13
1789802563,59405.13,59415.01,59376.34,59382.13
1789803463,59382.13,59550.79,59371.27,59517.52
1789804363,59517.52,59707.43,59507.28,59637.15
1789805263,59637.15,59779.18,59635.58,59767.99
1789806163,59767.99,59782.4,59733.44,59769.42
1789807063,59769.42,59780.49,59607.65,59646.98
1789807963,59646.98,59702.46,59616.79,59639.77
1789808863,59639.77,59643.56,59473.43,59503.58
1789809763,59503.58,59514.6,59469.8,59472.56
1789810663,59472.56,59527.71,59383.02,59388.75
1789811563,59388.75,59438.1,59366.2,59435.61
1789812463,59435.61,59647.71,59420.37,59627.13
1789813363,59627.13,59631.05,59583.74,59588.65
1789814263,59588.65,59636.28,59575.22,59606.5
1789815163,59606.5,59645.51,59546.33,59555.11
1789816063,59555.11,59628.3,59547.2,59628.12
1789816963,59628.12,59632.11,59494.46,59499.73
1789817863,59499.73,59510.84,59439.67,59452.56
1789818763,59452.56,59479.69,59336.68,59362.79
1789819663,59362.79,59392.16,59330.21,59368.0
1789820563,59368.0,59396.17,59332.51,59384.2
1789821463,59384.2,59390.78,59305.08,59331.03
1789822363,59331.03,59377.24,59329.42,59349.68
1789823263,59349.68,59436.13,59326.03,59384.73
1789824163,59384.73,59493.08,59335.87,59453.61
1789825063,59453.61,59466.67,59219.49,59332.68
1789825963,59332.68,59395.13,59254.05,59297.54
1789826863,59297.54,59334.86,59270.84,59278.47
1789827763,59278.47,59291.44,59194.98,59214.2
1789828663,59214.2,59262.46,59196.46,59249.9
1789829563,59249.9,59359.79,59245.66,59337.22
1789830463,59337.22,59344.97,59273.63,59341.43
1789831363,59341.43,59491.27,59315.72,59452.72
1789832263,59452.72,59560.25,59436.39,59521.46
1789833163,59521.46,59561.26,59479.18,59525.47
1789834063,59525.47,59540.46,59319.82,59387.36
1789834963,59387.36,59431.86,59250.87,59280.2
1789835863,59280.2,59346.72,59268.9,59334.26
1789836763,59334.26,59365.96,59286.58,59339.13
1789837663,59339.13,59437.57,59312.67,59401.96
1789838563,59401.96,59409.07,59153.28,59165.5
1789839463,59165.5,59174.7,59116.56,59155.9
1789840363,59155.9,59304.9,59145.73,59234.94
1789841263,59234.94,59260.51,59135.64,59141.33
1789842163,59141.33,59153.55,59034.25,59060.73
1789843063,59060.73,59079.5,59044.75,59054.01
1789843963,59054.01,59074.71,59004.63,59056.91
1789844863,59056.91,59079.59,59036.44,59076.29
1789845763,59076.29,59085.13,59002.14,59040.94
1789846663,59040.94,59135.68,59008.71,59036.25
1789847563,59036.25,59072.13,59021.7,59038.2
1789848463,59038.2,59048.98,58976.3,59003.2
1789849363,59003.2,59051.95,58919.87,58967.65
1789850263,58967.65,59019.05,58934.45,58997.67
1789851163,58997.67,59008.26,58944.09,58997.19
1789852063,58997.19,59007.24,58958.42,58983.52
1789852963,58983.52,59048.25,58888.75,58904.11
1789853863,58904.11,58931.9,58843.21,58875.47
1789854763,58875.47,58929.03,58855.06,58884.87
1789855663,58884.87,58890.9,58752.69,58781.2
1789856563,58781.2,58844.79,58777.67,58820.65
1789857463,58820.65,58921.53,58818.68,58887.73
1789858363,58887.73,59090.41,58883.81,59084.96
1789859263,59084.96,59127.92,58957.34,59008.28
1789860163,59008.28,59037.06,58803.48,58851.15
1789861063,58851.15,58883.41,58718.5,58728.79
1789861963,58728.79,58751.62,58726.44,58730.51
1789862863,58730.51,58737.72,58647.72,58685.11
1789863763,58685.11,58774.87,58668.61,58772.49
1789864663,58772.49,58774.55,58653.82,58689.69
1789865563,58689.69,58703.95,58613.32,58619.91
1789866463,58619.91,58738.83,58604.75,58705.55
1789867363,58705.55,58760.29,58547.06,58576.64
1789868263,58576.64,58597.08,58538.23,58594.88
1789869163,58594.88,58602.65,58427.15,58454.41
1789870063,58454.41,58487.96,58450.16,58475.16
1789870963,58475.16,58562.28,58434.54,58539.13
1789871863,58539.13,58568.91,58484.53,58509.73
1789872763,58509.73,58563.14,58502.34,58553.42
1789873663,58553.42,58553.64,58356.89,58400.08
1789874563,58400.08,58555.14,58385.42,58538.36
1789875463,58538.36,58637.95,58511.37,58623.84
1789876363,58623.84,58647.56,58537.05,58540.46
1789877263,58540.46,58553.34,58343.97,58374.26
1789878163,58374.26,58417.4,58352.56,58394.68
1789879063,58394.68,58443.68,58234.51,58260.47
1789879963,58260.47,58265.15,58045.34,58065.95
1789880863,58065.95,58079.34,58010.79,58055.0
1789881763,58055.0,58071.11,57914.14,57987.15
1789882663,57987.15,58044.92,57981.85,58033.75
1789883563,58033.75,58149.03,57972.6,58075.68
1789884463,58075.68,58103.66,58054.76,58072.93
1789885363,58072.93,58095.15,57814.69,57918.05
1789886263,57918.05,57933.01,57897.96,57902.6
1789887163,57902.6,57975.04,57898.59,57936.16
1789888063,57936.16,58072.4,57926.63,58005.08
1789888963,58005.08,58019.69,57993.57,58012.1
1789889863,58012.1,58038.11,57926.0,57936.5
1789890763,57936.5,57961.87,57898.34,57951.35
1789891663,57951.35,57991.23,57878.15,57899.09
1789892563,57899.09,57916.41,57875.32,57885.9
1789893463,57885.9,57899.18,57724.75,57757.13
1789894363,57757.13,57826.8,57744.76,57777.21
1789895263,57777.21,57881.68,57769.1,57861.32
1789896163,57861.32,57883.57,57845.72,57861.6
1789897063,57861.6,57924.81,57727.51,57751.44
1789897963,57751.44,57765.67,57747.58,57751.01
1789898863,57751.01,57981.08,57704.11,57937.23
1789899763,57937.23,57986.84,57921.42,57967.14
1789900663,57967.14,58015.09,57948.75,58011.75
1789901563,58011.75,58048.69,57889.16,57904.04
1789902463,57904.04,57956.46,57899.75,57956.15
1789903363,57956.15,57958.76,57855.85,57912.87
1789904263,57912.87,57963.68,57775.21,57800.96
1789905163,57800.96,57912.02,57786.03,57887.44
1789906063,57887.44,57980.93,57845.65,57915.47
1789906963,57915.47,57990.9,57896.24,57968.01
1789907863,57968.01,58016.44,57897.9,57904.58
1789908763,57904.58,57935.33,57900.47,57921.5
1789909663,57921.5,57921.63,57913.43,57919.61
1789910563,57919.61,57937.46,57873.45,57937.14
1789911463,57937.14,57972.38,57914.86,57953.29
1789912363,57953.29,58027.31,57946.15,57981.6
1789913263,57981.6,58005.09,57910.44,57916.82
1789914163,57916.82,57952.46,57911.09,57942.26
1789915063,57942.26,58137.9,57934.39,58061.55
1789915963,58061.55,58120.57,58016.81,58081.43
1789916863,58081.43,58165.44,58062.66,58146.98
1789917763,58146.98,58173.59,58123.76,58147.41
1789918663,58147.41,58149.93,58071.96,58098.56
1789919563,58098.56,58171.64,58075.5,58169.61
1789920463,58169.61,58227.07,58151.4,58221.83
1789921363,58221.83,58342.67,58201.75,58316.01
1789922263,58316.01,58439.86,58304.32,58416.58
1789923163,58416.58,58494.2,58376.84,58460.53
1789924063,58460.53,58640.22,58452.58,58628.33
1789924963,58628.33,58684.63,58599.93,58677.04
1789925863,58677.04,58691.89,58603.12,58663.38
1789926763,58663.38,58711.28,58513.79,58539.31
1789927663,58539.31,58573.2,58535.84,58571.15
1789928563,58571.15,58638.03,58567.2,58634.77
1789929463,58634.77,58642.76,58581.34,58610.9
1789930363,58610.9,58622.97,58573.32,58583.68
1789931263,58583.68,58656.36,58449.07,58455.12
1789932163,58455.12,58557.66,58422.27,58556.05
1789933063,58556.05,58585.8,58550.09,58566.11
1789933963,58566.11,58570.24,58541.87,58555.68
1789934863,58555.68,58635.31,58541.59,58591.75
1789935763,58591.75,58657.55,58522.32,58632.04
1789936663,58632.04,58699.01,58612.84,58685.92
1789937563,58685.92,58730.81,58631.71,58632.11
1789938463,58632.11,58640.98,58550.57,58561.74
1789939363,58561.74,58617.03,58555.74,58594.48
1789940263,58594.48,58630.02,58512.97,58587.29
1789941163,58587.29,58632.95,58480.89,58510.86
1789942063,58510.86,58566.65,58483.49,58556.14
1789942963,58556.14,58596.93,58549.97,58555.43
1789943863,58555.43,58563.51,58552.1,58562.17
1789944763,58562.17,58563.0,58529.83,58540.52
1789945663,58540.52,58638.13,58497.4,58609.19
1789946563,58609.19,58641.57,58499.89,58576.35
1789947463,58576.35,58608.85,58563.63,58577.24
1789948363,58577.24,58634.74,58553.65,58590.18
1789949263,58590.18,58639.94,58571.04,58582.16
1789950163,58582.16,58593.32,58469.68,58507.43
1789951063,58507.43,58537.48,58451.7,58460.71
1789951963,58460.71,58499.87,58450.76,58482.68
1789952863,58482.68,58522.48,58450.02,58455.89
1789953763,58455.89,58484.64,58379.91,58406.24
1789954663,58406.24,58479.81,58379.23,58452.2
1789955563,58452.2,58592.71,58386.88,58583.53
1789956463,58583.53,58590.83,58482.59,58489.8
1789957363,58489.8,58518.17,58293.77,58324.76
1789958263,58324.76,58334.16,58288.73,58329.5
1789959163,58329.5,58388.21,58323.86,58363.25
1789960063,58363.25,58364.52,58345.79,58348.1
1789960963,58348.1,58382.16,58312.88,58379.89
1789961863,58379.89,58429.02,58349.46,58426.34
1789962763,58426.34,58431.98,58260.22,58309.57
1789963663,58309.57,58371.4,58305.45,58362.08
1789964563,58362.08,58408.42,58354.63,58383.56
1789965463,58383.56,58409.09,58369.97,58386.48
1789966363,58386.48,58408.2,58224.58,58273.61
1789967263,58273.61,58292.77,58193.05,58212.31
1789968163,58212.31,58294.87,58207.81,58278.52
1789969063,58278.52,58306.34,58170.63,58199.71
1789969963,58199.71,58211.02,58120.08,58153.67
1789970863,58153.67,58173.91,58104.5,58118.08
1789971763,58118.08,58157.71,57956.21,57978.12
1789972663,57978.12,58088.36,57955.73,58032.48
1789973563,58032.48,58052.35,57901.47,57933.29
1789974463,57933.29,57934.84,57771.65,57783.87
1789975363,57783.87,57856.04,57760.62,57822.93
1789976263,57822.93,57856.5,57779.19,57787.12
1789977163,57787.12,57803.01,57722.57,57741.96
1789978063,57741.96,57810.8,57709.94,57806.36
1789978963,57806.36,57821.39,57656.53,57660.33
1789979863,57660.33,57687.9,57615.32,57652.51
1789980763,57652.51,57736.02,57624.52,57707.57
1789981663,57707.57,57836.9,57686.73,57806.09
1789982563,57806.09,57863.6,57800.11,57846.87
1789983463,57846.87,57950.45,57787.08,57929.08
1789984363,57929.08,57978.87,57912.56,57926.47
1789985263,57926.47,57983.24,57913.95,57952.01
1789986163,57952.01,57964.63,57853.02,57855.6
1789987063,57855.6,57871.47,57773.87,57790.29
1789987963,57790.29,57835.73,57787.45,57798.13
1789988863,57798.13,57831.1,57733.11,57758.58
1789989763,57758.58,57774.08,57565.9,57594.37
1789990663,57594.37,57738.32,57581.0,57701.78
1789991563,57701.78,57734.02,57587.83,57650.16
1789992463,57650.16,57840.97,57622.62,57830.83
1789993363,57830.83,57843.22,57736.89,57749.66
1789994263,57749.66,57783.55,57645.61,57670.98
1789995163,57670.98,57737.11,57636.62,57680.65
1789996063,57680.65,57813.53,57632.4,57749.38
1789996963,57749.38,57750.57,57684.64,57714.52
1789997863,57714.52,57806.82,57707.45,57781.85
1789998763,57781.85,57784.73,57685.46,57693.79
1789999663,57693.79,57827.21,57690.03,57775.87
1790000563,57775.87,57779.2,57653.96,57659.44
1790001463,57659.44,57689.67,57657.68,57670.96
1790002363,57670.96,57689.92,57618.5,57627.74
1790003263,57627.74,57697.99,57611.51,57675.51
1790004163,57675.51,57721.41,57634.29,57716.06
1790005063,57716.06,57789.93,57568.66,57588.36
1790005963,57588.36,57630.9,57498.34,57539.54
1790006863,57539.54,57747.54,57508.44,57703.11
1790007763,57703.11,57719.67,57593.54,57610.24
1790008663,57610.24,57636.83,57525.56,57546.91
1790009563,57546.91,57563.2,57506.74,57559.3
1790010463,57559.3,57622.8,57541.3,57585.14
1790011363,57585.14,57611.05,57499.22,57502.07
1790012263,57502.07,57551.79,57493.61,57544.43
1790013163,57544.43,57634.06,57524.67,57585.16
1790014063,57585.16,57670.47,57578.59,57631.93
1790014963,57631.93,57656.39,57559.26,57569.0
1790015863,57569.0,57591.59,57538.65,57543.23
1790016763,57543.23,57584.61,57463.9,57561.87
1790017663,57561.87,57594.38,57525.16,57548.2
1790018563,57548.2,57678.38,57534.29,57674.19
1790019463,57674.19,57700.07,57551.5,57579.71
1790020363,57579.71,57601.18,57502.11,57509.4
1790021263,57509.4,57554.18,57402.04,57402.68
1790022163,57402.68,57455.47,57366.06,57421.88
1790023063,57421.88,57445.35,57399.22,57437.62
1790023963,57437.62,57483.79,57338.7,57376.13
1790024863,57376.13,57449.27,57202.89,57227.08
1790025763,57227.08,57241.57,57156.0,57162.8
1790026663,57162.8,57278.05,57119.77,57249.11
1790027563,57249.11,57399.01,57205.45,57356.04
1790028463,57356.04,57395.73,57302.22,57314.69
1790029363,57314.69,57341.97,57250.34,57260.65
1790030263,57260.65,57261.75,57072.47,57113.34
1790031163,57113.34,57156.42,57084.18,57149.44
1790032063,57149.44,57252.11,57144.51,57242.19
1790032963,57242.19,57269.27,57195.45,57219.03
1790033863,57219.03,57315.84,57201.25,57275.81
1790034763,57275.81,57362.65,57272.52,57357.62
1790035663,57357.62,57428.24,57320.36,57377.75
1790036563,57377.75,57390.88,57334.69,57357.87
1790037463,57357.87,57428.49,57309.98,57395.28
1790038363,57395.28,57451.93,57384.18,57420.41
1790039263,57420.41,57448.11,57419.77,57441.33
1790040163,57441.33,57537.1,57441.32,57508.08
1790041063,57508.08,57528.05,57358.56,57375.75
1790041963,57375.75,57484.07,57371.89,57462.42
1790042863,57462.42,57498.03,57424.37,57491.28
1790043763,57491.28,57502.78,57397.97,57428.43
1790044663,57428.43,57477.59,57306.01,57346.73
1790045563,57346.73,57369.25,57331.53,57338.8
1790046463,57338.8,57358.44,57291.28,57306.01
1790047363,57306.01,57312.22,57179.89,57189.67
1790048263,57189.67,57245.52,57165.42,57222.13
1790049163,57222.13,57243.0,57005.82,57022.29
1790050063,57022.29,57120.76,56996.84,57086.17
1790050963,57086.17,57272.69,57047.59,57236.22
1790051863,57236.22,57345.67,57228.01,57333.25
1790052763,57333.25,57362.01,57262.18,57287.07
1790053663,57287.07,57468.84,57223.28,57423.88
1790054563,57423.88,57455.63,57265.02,57289.86
1790055463,57289.86,57312.35,57251.68,57301.35
1790056363,57301.35,57384.25,57258.21,57346.47
1790057263,57346.47,57487.49,57316.08,57449.6
1790058163,57449.6,57572.36,57432.18,57556.68
1790059063,57556.68,57573.42,57541.39,57563.71
1790059963,57563.71,57616.43,57459.15,57468.92
1790060863,57468.92,57470.39,57436.5,57437.58
1790061763,57437.58,57469.7,57341.81,57381.72
1790062663,57381.72,57404.29,57293.88,57315.05
1790063563,57315.05,57362.17,57210.18,57229.37
1790064463,57229.37,57259.58,57061.45,57063.63
1790065363,57063.63,57069.89,57032.66,57036.11
1790066263,57036.11,57139.56,57014.89,57118.44
1790067163,57118.44,57280.85,57112.05,57234.88
1790068063,57234.88,57303.91,57228.6,57289.55
1790068963,57289.55,57395.99,57286.98,57375.99
1790069863,57375.99,57379.92,57272.7,57273.28
1790070763,57273.28,57278.42,57188.46,57221.09
1790071663,57221.09,57280.89,57184.25,57209.73
1790072563,57209.73,57248.48,57194.42,57240.02
1790073463,57240.02,57285.67,57145.04,57208.5
1790074363,57208.5,57338.09,57179.2,57283.92
1790075263,57283.92,57313.23,57251.35,57300.65
1790076163,57300.65,57389.48,57259.26,57352.16
1790077063,57352.16,57385.91,57247.68,57267.74
1790077963,57267.74,57404.74,57261.16,57368.11
1790078863,57368.11,57482.63,57338.78,57443.49
1790079763,57443.49,57470.03,57418.21,57418.31
1790080663,57418.31,57609.74,57325.25,57598.23
1790081563,57598.23,57604.03,57499.7,57549.71
1790082463,57549.71,57553.63,57323.98,57394.81
1790083363,57394.81,57507.7,57345.49,57470.87
1790084263,57470.87,57494.68,57386.83,57402.84
1790085163,57402.84,57420.2,57322.17,57329.71
1790086063,57329.71,57359.45,57256.78,57257.2
1790086963,57257.2,57333.3,57216.32,57318.82
1790087863,57318.82,57382.93,57312.07,57379.53
1790088763,57379.53,57475.65,57355.27,57466.89
1790089663,57466.89,57482.82,57319.09,57322.19
1790090563,57322.19,57438.91,57274.19,57429.6
1790091463,57429.6,57538.38,57378.02,57494.8
1790092363,57494.8,57608.4,57484.89,57547.61
1790093263,57547.61,57615.41,57517.26,57572.62
1790094163,57572.62,57680.96,57389.92,57411.73
1790095063,57411.73,57520.3,57399.92,57504.13
1790095963,57504.13,57526.91,57493.64,57506.72
1790096863,57506.72,57529.28,57381.08,57413.78
1790097763,57413.78,57466.99,57351.61,57453.05
1790098663,57453.05,57489.35,57412.35,57429.39
1790099563,57429.39,57439.34,57301.28,57303.0
1790100463,57303.0,57369.02,57259.26,57353.26
1790101363,57353.26,57360.81,57307.13,57355.66
1790102263,57355.66,57381.8,57317.23,57354.33
1790103163,57354.33,57363.22,57244.55,57257.98
1790104063,57257.98,57266.94,57157.4,57222.36
1790104963,57222.36,57264.02,57175.14,57192.95
1790105863,57192.95,57258.77,57060.56,57093.84
1790106763,57093.84,57177.07,57059.06,57147.46
1790107663,57147.46,57195.39,57118.05,57165.75
1790108563,57165.75,57176.33,57103.04,57107.55
1790109463,57107.55,57118.39,57082.52,57088.84
1790110363,57088.84,57092.04,57039.46,57042.55
1790111263,57042.55,57141.33,56992.85,57141.29
1790112163,57141.29,57179.86,57075.9,57130.96
1790113063,57130.96,57150.63,57082.76,57088.73
1790113963,57088.73,57120.17,57013.39,57021.92
1790114863,57021.92,57102.99,56988.04,57072.85
1790115763,57072.85,57266.47,56997.62,57247.63
1790116663,57247.63,57258.74,57233.48,57234.79
1790117563,57234.79,57257.58,57102.42,57131.81
1790118463,57131.81,57157.6,57113.56,57153.63
1790119363,57153.63,57211.74,57117.64,57131.23
1790120263,57131.23,57297.99,57060.2,57277.12
1790121163,57277.12,57280.94,57133.74,57155.46
1790122063,57155.46,57248.68,57151.97,57240.0
1790122963,57240.0,57273.14,57190.23,57245.78
1790123863,57245.78,57264.07,57184.34,57226.59
1790124763,57226.59,57284.46,57195.81,57259.63
1790125663,57259.63,57377.17,57241.63,57308.55
1790126563,57308.55,57428.48,57299.31,57422.04
1790127463,57422.04,57445.07,57385.95,57403.92
1790128363,57403.92,57432.13,57308.78,57323.65
1790129263,57323.65,57362.03,57279.65,57349.03
1790130163,57349.03,57375.98,57211.95,57276.99
1790131063,57276.99,57287.95,57001.61,57064.19
1790131963,57064.19,57223.18,57024.45,57192.13
1790132863,57192.13,57201.44,57154.75,57191.89
1790133763,57191.89,57298.59,57167.75,57287.53
1790134663,57287.53,57396.79,57270.36,57391.74
1790135563,57391.74,57469.6,57353.4,57444.69
1790136463,57444.69,57456.5,57310.81,57311.13
1790137363,57311.13,57411.13,57249.73,57387.84
1790138263,57387.84,57414.28,57242.68,57282.26
1790139163,57282.26,57372.28,57261.0,57352.56
1790140063,57352.56,57382.24,57287.49,57341.94
1790140963,57341.94,57373.43,57341.61,57369.74
1790141863,57369.74,57379.74,57232.56,57283.69
1790142763,57283.69,57294.61,57224.67,57242.08
1790143663,57242.08,57334.8,57227.37,57328.92
1790144563,57328.92,57358.46,57283.5,57322.91
1790145463,57322.91,57432.89,57310.31,57382.41
1790146363,57382.41,57482.78,57360.4,57453.69
1790147263,57453.69,57478.35,57451.27,57459.5
1790148163,57459.5,57517.38,57455.43,57507.77
1790149063,57507.77,57542.3,57460.36,57525.19
1790149963,57525.19,57532.88,57461.85,57490.89
1790150863,57490.89,57608.29,57481.45,57607.47
1790151763,57607.47,57644.18,57491.94,57492.54
1790152663,57492.54,57523.59,57404.42,57445.8
1790153563,57445.8,57446.94,57342.99,57359.78
1790154463,57359.78,57391.12,57266.29,57274.61
1790155363,57274.61,57281.5,57154.0,57221.27
1790156263,57221.27,57234.09,57132.69,57210.8
1790157163,57210.8,57224.91,57005.47,57049.24
1790158063,57049.24,57094.87,57015.13,57064.25
1790158963,57064.25,57070.68,56937.05,56967.42
1790159863,56967.42,57026.46,56940.71,56959.3
1790160763,56959.3,57109.63,56950.66,57086.29
1790161663,57086.29,57169.98,57079.55,57151.82
1790162563,57151.82,57259.63,57111.37,57234.02
1790163463,57234.02,57266.86,57113.49,57132.66
1790164363,57132.66,57152.68,57048.74,57055.68
1790165263,57055.68,57057.64,56980.93,57042.36
1790166163,57042.36,57043.89,57002.52,57017.95
1790167063,57017.95,57184.6,56963.46,57135.89
1790167963,57135.89,57232.07,57118.01,57209.13
1790168863,57209.13,57240.55,57153.06,57165.93
1790169763,57165.93,57184.42,57037.26,57073.01
1790170663,57073.01,57116.15,57036.12,57115.51
1790171563,57115.51,57122.35,57070.11,57077.15
1790172463,57077.15,57170.33,57061.83,57146.11
1790173363,57146.11,57168.9,57137.41,57162.61
1790174263,57162.61,57167.6,57153.07,57155.34
1790175163,57155.34,57186.74,56954.02,56965.4
1790176063,56965.4,57099.78,56881.27,57053.42
1790176963,57053.42,57195.33,57032.91,57170.05
1790177863,57170.05,57195.72,57127.78,57157.49
1790178763,57157.49,57175.97,56983.88,57062.71
1790179663,57062.71,57136.88,57026.81,57122.73
1790180563,57122.73,57150.99,57097.02,57144.63
1790181463,57144.63,57155.74,57133.07,57140.69
1790182363,57140.69,57275.67,57114.39,57217.44
1790183263,57217.44,57280.99,57201.32,57242.33
1790184163,57242.33,57279.73,57214.82,57231.05
1790185063,57231.05,57270.85,57218.24,57257.58
1790185963,57257.58,57289.32,57252.43,57280.1
1790186863,57280.1,57298.22,57168.64,57198.43
1790187763,57198.43,57203.54,57084.34,57100.02
1790188663,57100.02,57131.45,57065.46,57129.55
1790189563,57129.55,57218.96,57079.57,57168.04
1790190463,57168.04,57173.29,57091.77,57109.51
1790191363,57109.51,57195.93,57087.85,57162.56
1790192263,57162.56,57175.09,57095.43,57111.29
1790193163,57111.29,57125.39,57050.96,57072.24
1790194063,57072.24,57135.0,57059.78,57130.59
1790194963,57130.59,57207.05,57082.0,57160.27
1790195863,57160.27,57178.51,57050.51,57051.84
1790196763,57051.84,57192.96,56992.59,57184.52
1790197663,57184.52,57216.8,57181.61,57189.33
1790198563,57189.33,57234.05,57146.34,57157.53
1790199463,57157.53,57211.64,57151.44,57190.59
1790200363,57190.59,57321.62,57159.14,57273.64
1790201263,57273.64,57496.54,57233.96,57479.34
1790202163,57479.34,57523.74,57391.65,57413.47
1790203063,57413.47,57543.6,57378.81,57501.97
1790203963,57501.97,57570.29,57463.69,57561.9
1790204863,57561.9,57568.82,57401.57,57493.52
1790205763,57493.52,57497.25,57464.59,57489.6
1790206663,57489.6,57522.71,57458.74,57521.4
1790207563,57521.4,57567.93,57513.62,57561.23
1790208463,57561.23,57607.13,57560.94,57573.98
1790209363,57573.98,57585.34,57505.25,57520.12
1790210263,57520.12,57571.54,57490.19,57564.3
1790211163,57564.3,57574.61,57428.58,57437.42
1790212063,57437.42,57541.76,57427.68,57528.95
1790212963,57528.95,57539.03,57484.54,57509.31
1790213863,57509.31,57520.18,57464.51,57502.64
1790214763,57502.64,57574.84,57486.91,57559.13
1790215663,57559.13,57628.67,57556.69,57593.18
1790216563,57593.18,57657.04,57558.11,57616.6
1790217463,57616.6,57661.29,57517.71,57529.88
1790218363,57529.88,57591.94,57381.86,57428.2
1790219263,57428.2,57454.08,57294.46,57372.07
1790220163,57372.07,57463.62,57317.76,57414.2
1790221063,57414.2,57483.73,57369.67,57406.99
1790221963,57406.99,57446.7,57344.15,57349.58
1790222863,57349.58,57364.85,57255.87,57334.04
1790223763,57334.04,57409.83,57256.04,57362.02
1790224663,57362.02,57381.66,57330.27,57360.13
1790225563,57360.13,57436.87,57341.67,57430.11
1790226463,57430.11,57438.06,57380.13,57431.57
1790227363,57431.57,57479.64,57335.48,57343.15
1790228263,57343.15,57379.53,57242.63,57261.83
1790229163,57261.83,57335.09,57203.61,57320.0
1790230063,57320.0,57372.58,57267.31,57280.65
1790230963,57280.65,57352.19,57272.09,57344.48
1790231863,57344.48,57405.6,57328.76,57393.71
1790232763,57393.71,57442.99,57372.69,57427.49
1790233663,57427.49,57509.83,57422.95,57451.37
1790234563,57451.37,57599.79,57442.25,57581.1
1790235463,57581.1,57592.33,57508.74,57559.98
1790236363,57559.98,57572.0,57445.75,57455.43
1790237263,57455.43,57474.09,57409.13,57422.17
1790238163,57422.17,57520.36,57416.94,57464.04
1790239063,57464.04,57472.8,57326.32,57344.16
1790239963,57344.16,57429.95,57322.39,57360.99
1790240863,57360.99,57389.81,57323.54,57356.78
1790241763,57356.78,57388.58,57215.03,57259.88
1790242663,57259.88,57362.12,57221.47,57345.38
1790243563,57345.38,57375.19,57297.88,57364.9
1790244463,57364.9,57366.74,57254.12,57258.95
1790245363,57258.95,57355.45,57246.33,57313.69
1790246263,57313.69,57416.59,57306.33,57402.6
1790247163,57402.6,57426.27,57345.41,57375.85
1790248063,57375.85,57461.18,57359.79,57459.62
1790248963,57459.62,57494.76,57395.68,57439.03
1790249863,57439.03,57441.48,57280.23,57336.46
1790250763,57336.46,57440.34,57294.08,57435.6
1790251663,57435.6,57442.27,57367.77,57375.26
1790252563,57375.26,57496.77,57374.21,57442.31
1790253463,57442.31,57529.42,57419.76,57512.05
1790254363,57512.05,57545.36,57493.53,57506.09
1790255263,57506.09,57516.74,57346.93,57435.71
1790256163,57435.71,57477.73,57357.45,57370.54
1790257063,57370.54,57436.09,57340.62,57407.07
1790257963,57407.07,57435.28,57406.76,57425.54
1790258863,57425.54,57456.25,57400.12,57410.19
1790259763,57410.19,57630.8,57351.91,57591.77
1790260663,57591.77,57607.87,57359.65,57363.89
1790261563,57363.89,57370.6,57255.72,57301.18
1790262463,57301.18,57414.27,57287.99,57401.18
1790263363,57401.18,57429.98,57291.11,57317.92
1790264263,57317.92,57440.8,57317.32,57379.6
1790265163,57379.6,57432.51,57364.37,57424.34
1790266063,57424.34,57488.37,57417.19,57474.17
1790266963,57474.17,57483.55,57435.1,57463.25
1790267863,57463.25,57487.25,57318.47,57340.67
1790268763,57340.67,57357.13,57161.85,57203.59
1790269663,57203.59,57232.72,57183.38,57205.59
1790270563,57205.59,57236.68,57151.29,57153.15
1790271463,57153.15,57164.45,56953.77,56961.34
1790272363,56961.34,57118.11,56929.2,57099.13
1790273263,57099.13,57126.49,57094.35,57098.14
1790274163,57098.14,57209.83,57082.61,57156.78
1790275063,57156.78,57257.16,57142.18,57220.77
1790275963,57220.77,57299.67,57193.76,57294.14
1790276863,57294.14,57306.23,57143.49,57204.65
1790277763,57204.65,57317.82,57160.83,57281.86
1790278663,57281.86,57298.83,57173.58,57213.58
1790279563,57213.58,57289.2,57183.99,57278.36
1790280463,57278.36,57310.2,57185.84,57195.4
1790281363,57195.4,57214.08,57133.69,57184.24
1790282263,57184.24,57217.13,57154.53,57163.03
1790283163,57163.03,57187.47,57147.6,57170.26
1790284063,57170.26,57221.49,57139.8,57219.83
1790284963,57219.83,57250.36,57045.59,57094.11
1790285863,57094.11,57096.54,57051.72,57083.81
1790286763,57083.81,57095.07,57023.24,57037.95
1790287663,57037.95,57144.99,57028.71,57119.21
1790288563,57119.21,57140.16,57033.11,57047.45
1790289463,57047.45,57056.55,57043.96,57050.88
1790290363,57050.88,57060.23,56929.57,56952.45
1790291263,56952.45,56992.12,56843.04,56883.21
1790292163,56883.21,57000.75,56875.95,56966.4
1790293063,56966.4,57011.04,56873.45,56907.5
1790293963,56907.5,56972.48,56875.75,56942.67
1790294863,56942.67,57012.25,56924.34,56973.39
1790295763,56973.39,57006.98,56849.88,56870.81
1790296663,56870.81,56881.33,56677.35,56682.63
1790297563,56682.63,56827.61,56655.0,56822.48
1790298463,56822.48,56862.09,56671.0,56703.91
1790299363,56703.91,56772.03,56678.73,56723.54
1790300263,56723.54,56743.31,56687.87,56723.28
1790301163,56723.28,56727.41,56671.98,56681.05
1790302063,56681.05,56726.13,56544.35,56606.92
1790302963,56606.92,56754.19,56588.55,56745.3
1790303863,56745.3,56888.27,56729.32,56822.17
1790304763,56822.17,56985.86,56809.33,56984.02
1790305663,56984.02,57045.49,56949.79,56997.54
1790306563,56997.54,57014.76,56913.75,56983.15
1790307463,56983.15,56995.88,56943.12,56971.04
1790308363,56971.04,56971.23,56955.32,56961.39
1790309263,56961.39,57115.45,56957.03,57065.12
1790310163,57065.12,57082.99,57011.02,57042.71
1790311063,57042.71,57097.59,56926.48,56974.01
1790311963,56974.01,57094.65,56961.9,57091.38
1790312863,57091.38,57116.89,56856.12,56902.7
1790313763,56902.7,56931.98,56869.99,56886.87
1790314663,56886.87,56890.27,56718.28,56786.45
1790315563,56786.45,56905.41,56768.53,56888.19
1790316463,56888.19,57016.36,56861.81,57010.98
1790317363,57010.98,57068.88,56997.9,57055.82
1790318263,57055.82,57103.63,57051.8,57085.13
1790319163,57085.13,57129.04,57084.35,57115.89
1790320063,57115.89,57137.69,56960.6,56982.05
1790320963,56982.05,57016.01,56978.42,57004.77
1790321863,57004.77,57005.94,56802.22,56844.34
1790322763,56844.34,56921.76,56829.35,56870.81
1790323663,56870.81,57008.52,56870.8,56974.18
1790324563,56974.18,57022.79,56859.44,56867.36
1790325463,56867.36,56873.47,56808.37,56826.52
1790326363,56826.52,56865.22,56787.39,56855.16
1790327263,56855.16,56867.1,56781.24,56785.0
1790328163,56785.0,56798.02,56652.51,56686.93
1790329063,56686.93,56725.27,56588.83,56598.82
1790329963,56598.82,56713.81,56586.41,56657.95
1790330863,56657.95,56690.47,56620.96,56638.25
1790331763,56638.25,56757.14,56619.73,56752.11
1790332663,56752.11,56796.87,56676.15,56741.49
1790333563,56741.49,56824.34,56709.33,56791.74
1790334463,56791.74,56867.55,56777.06,56833.62
1790335363,56833.62,56860.42,56803.43,56848.5
1790336263,56848.5,56894.34,56826.59,56884.21
1790337163,56884.21,56978.0,56864.62,56931.0
1790338063,56931.0,57000.98,56896.98,56972.79
1790338963,56972.79,57017.34,56902.1,56915.93
1790339863,56915.93,57041.13,56915.79,57035.39
1790340763,57035.39,57192.14,57016.82,57159.66
1790341663,57159.66,57194.32,57144.08,57187.18
1790342563,57187.18,57221.06,57148.58,57219.49
1790343463,57219.49,57427.78,57206.9,57374.52
1790344363,57374.52,57432.28,57373.34,57399.41
1790345263,57399.41,57480.04,57392.71,57408.42
1790346163,57408.42,57413.59,57314.56,57315.8
1790347063,57315.8,57444.81,57263.95,57400.91
1790347963,57400.91,57429.31,57360.56,57380.37
1790348863,57380.37,57414.55,57302.58,57348.23
1790349763,57348.23,57415.64,57331.81,57380.21
1790350663,57380.21,57445.18,57298.2,57343.22
1790351563,57343.22,57393.36,57297.27,57321.75
1790352463,57321.75,57329.56,57234.84,57274.62
1790353363,57274.62,57289.2,57179.11,57219.34
1790354263,57219.34,57365.76,57198.43,57355.35
1790355163,57355.35,57364.03,57279.42,57280.46
1790356063,57280.46,57362.88,57264.71,57334.87
1790356963,57334.87,57350.35,57234.32,57245.45
1790357863,57245.45,57366.69,57240.71,57362.17
1790358763,57362.17,57370.1,57185.94,57267.24
1790359663,57267.24,57279.97,57202.35,57268.52
1790360563,57268.52,57305.86,57211.27,57282.88
1790361463,57282.88,57317.91,57249.84,57264.77
1790362363,57264.77,57371.29,57248.21,57367.01
1790363263,57367.01,57449.4,57361.55,57443.35
1790364163,57443.35,57491.73,57304.3,57352.78
1790365063,57352.78,57385.84,57203.46,57211.6
1790365963,57211.6,57238.14,57026.06,57060.07
1790366863,57060.07,57066.44,57048.49,57058.48
1790367763,57058.48,57137.35,56998.71,57132.3
1790368663,57132.3,57185.68,57092.11,57164.0
1790369563,57164.0,57186.6,57008.96,57053.67
1790370463,57053.67,57160.79,57051.81,57136.55
1790371363,57136.55,57217.8,57135.82,57202.14
1790372263,57202.14,57334.18,57193.56,57332.56
1790373163,57332.56,57479.8,57300.17,57473.81
1790374063,57473.81,57694.05,57435.24,57681.81
1790374963,57681.81,57691.44,57520.44,57564.45
1790375863,57564.45,57573.35,57502.02,57549.26
1790376763,57549.26,57736.99,57533.06,57671.73
1790377663,57671.73,57706.38,57554.38,57613.11
1790378563,57613.11,57637.44,57531.24,57577.65
1790379463,57577.65,57629.18,57574.37,57599.87
1790380363,57599.87,57607.62,57485.56,57530.63
1790381263,57530.63,57566.69,57444.25,57472.42
1790382163,57472.42,57654.21,57457.09,57646.5
1790383063,57646.5,57647.71,57579.89,57612.75
1790383963,57612.75,57630.95,57461.57,57499.98
1790384863,57499.98,57583.97,57491.55,57575.25
1790385763,57575.25,57626.24,57531.98,57621.03
1790386663,57621.03,57677.35,57608.46,57634.72
1790387563,57634.72,57644.32,57586.53,57634.06
1790388463,57634.06,57704.6,57626.05,57670.04
1790389363,57670.04,57674.23,57650.88,57651.89
1790390263,57651.89,57674.24,57588.05,57627.15
1790391163,57627.15,57636.14,57552.16,57626.3
1790392063,57626.3,57648.14,57539.87,57576.84
1790392963,57576.84,57665.76,57480.21,57616.73
1790393863,57616.73,57626.49,57607.02,57618.17
1790394763,57618.17,57647.61,57478.12,57523.3
1790395663,57523.3,57566.47,57483.05,57486.05
1790396563,57486.05,57514.65,57438.93,57446.18
1790397463,57446.18,57544.63,57423.63,57523.33
1790398363,57523.33,57670.33,57518.18,57655.98
1790399263,57655.98,57700.43,57633.26,57679.13
1790400163,57679.13,57681.19,57511.96,57525.47
1790401063,57525.47,57704.69,57513.9,57638.15
1790401963,57638.15,57675.63,57625.28,57668.57
1790402863,57668.57,57721.7,57590.24,57591.49
1790403763,57591.49,57597.8,57484.01,57486.59
1790404663,57486.59,57508.07,57483.42,57488.33
1790405563,57488.33,57488.67,57345.51,57360.75
1790406463,57360.75,57378.72,57226.0,57257.34
1790407363,57257.34,57377.82,57199.79,57353.05
1790408263,57353.05,57353.74,57277.76,57312.57
1790409163,57312.57,57320.1,57284.63,57301.46
1790410063,57301.46,57366.64,57263.13,57352.7
1790410963,57352.7,57363.06,57301.34,57309.62
1790411863,57309.62,57321.35,57279.85,57297.34
1790412763,57297.34,57300.07,57186.36,57202.73
1790413663,57202.73,57277.19,57160.12,57262.58
1790414563,57262.58,57330.39,57262.57,57277.36
1790415463,57277.36,57392.63,57270.56,57338.14
1790416363,57338.14,57349.87,57266.74,57308.78
1790417263,57308.78,57336.72,57277.09,57310.2
1790418163,57310.2,57417.59,57273.57,57390.15
1790419063,57390.15,57545.13,57349.99,57503.95
1790419963,57503.95,57537.98,57500.98,57525.55
1790420863,57525.55,57529.02,57468.33,57511.65
1790421763,57511.65,57603.5,57454.38,57602.53
1790422663,57602.53,57678.33,57595.96,57661.67
1790423563,57661.67,57685.85,57588.72,57609.77
1790424463,57609.77,57613.03,57578.01,57585.16
1790425363,57585.16,57648.25,57519.15,57551.64
1790426263,57551.64,57678.68,57520.26,57668.07
1790427163,57668.07,57672.67,57603.52,57608.89
1790428063,57608.89,57636.55,57561.74,57603.15
1790428963,57603.15,57609.86,57567.77,57569.04
1790429863,57569.04,57581.4,57455.47,57460.85
1790430763,57460.85,57462.61,57394.15,57410.86
1790431663,57410.86,57446.72,57363.4,57372.72
1790432563,57372.72,57487.28,57342.14,57457.37
1790433463,57457.37,57466.69,57423.69,57449.8
1790434363,57449.8,57476.88,57412.36,57449.26
1790435263,57449.26,57459.85,57302.29,57325.36
1790436163,57325.36,57336.28,57263.99,57267.83
1790437063,57267.83,57360.6,57245.48,57356.49
1790437963,57356.49,57365.37,57177.07,57199.21
1790438863,57199.21,57258.96,57176.47,57256.4
1790439763,57256.4,57378.53,57217.16,57341.95
1790440663,57341.95,57393.31,57326.5,57343.56
1790441563,57343.56,57457.19,57341.04,57448.6
1790442463,57448.6,57453.33,57384.91,57441.42
1790443363,57441.42,57518.66,57381.28,57385.93
1790444263,57385.93,57513.7,57322.03,57466.19
1790445163,57466.19,57487.77,57338.12,57380.22
1790446063,57380.22,57426.41,57367.41,57421.69
1790446963,57421.69,57426.8,57320.01,57327.56
1790447863,57327.56,57411.23,57277.44,57408.55
1790448763,57408.55,57504.21,57373.12,57496.14
1790449663,57496.14,57541.78,57448.53,57491.8
1790450563,57491.8,57576.08,57475.97,57575.93
1790451463,57575.93,57607.22,57479.55,57521.17
1790452363,57521.17,57526.02,57507.76,57508.31
1790453263,57508.31,57545.83,57436.55,57451.38
1790454163,57451.38,57461.58,57414.6,57418.72
1790455063,57418.72,57643.73,57391.85,57595.71
1790455963,57595.71,57722.66,57546.48,57706.28
1790456863,57706.28,57758.12,57628.84,57638.25
1790457763,57638.25,57700.0,57617.13,57670.85
1790458663,57670.85,57691.51,57633.7,57647.57
1790459563,57647.57,57937.33,57610.41,57931.52
1790460463,57931.52,57943.96,57911.17,57938.35
1790461363,57938.35,57972.67,57865.05,57875.33
1790462263,57875.33,57902.58,57856.77,57888.37
1790463163,57888.37,57889.5,57872.98,57882.52
1790464063,57882.52,57897.06,57838.7,57857.63
1790464963,57857.63,57876.82,57763.38,57794.47
1790465863,57794.47,57858.5,57759.18,57855.91
1790466763,57855.91,57905.36,57834.0,57887.66
1790467663,57887.66,57906.7,57801.61,57830.86
1790468563,57830.86,57831.86,57763.04,57785.44
1790469463,57785.44,57802.47,57639.93,57727.42
1790470363,57727.42,57792.76,57682.38,57779.16
1790471263,57779.16,57817.79,57689.86,57721.25
1790472163,57721.25,57736.36,57582.23,57628.5
1790473063,57628.5,57713.9,57599.74,57665.55
1790473963,57665.55,57684.18,57644.0,57674.01
1790474863,57674.01,57685.46,57621.94,57633.41
1790475763,57633.41,57660.31,57609.3,57628.3
1790476663,57628.3,57683.85,57541.09,57576.93
1790477563,57576.93,57630.98,57493.89,57531.28
1790478463,57531.28,57603.07,57504.24,57570.12
1790479363,57570.12,57676.02,57539.69,57658.01
1790480263,57658.01,57673.52,57459.57,57500.78
1790481163,57500.78,57715.7,57466.0,57663.11
1790482063,57663.11,57728.2,57651.95,57700.79
1790482963,57700.79,57874.14,57683.33,57854.36
1790483863,57854.36,57859.55,57784.66,57843.88
1790484763,57843.88,57880.26,57802.9,57809.27
1790485663,57809.27,57851.2,57722.18,57751.39
1790486563,57751.39,57840.63,57735.13,57786.36
1790487463,57786.36,57788.99,57559.75,57607.52
1790488363,57607.52,57647.77,57558.64,57618.27
1790489263,57618.27,57650.14,57610.47,57622.45
1790490163,57622.45,57691.05,57600.93,57657.19
1790491063,57657.19,57733.5,57656.72,57712.78
1790491963,57712.78,57822.41,57671.15,57750.5
1790492863,57750.5,57790.1,57627.85,57643.55
1790493763,57643.55,57668.03,57555.89,57575.89
1790494663,57575.89,57589.52,57552.21,57580.21
1790495563,57580.21,57587.94,57427.43,57446.07
1790496463,57446.07,57475.72,57277.78,57304.3
1790497363,57304.3,57351.85,57272.42,57342.52
