time,open,high,low,close
1782123600,1.14588,1.14591,1.14573,1.14588
1782123900,1.145885,1.14614,1.145885,1.14602
1782124200,1.146025,1.146065,1.145715,1.14575
1782124500,1.145765,1.14584,1.145455,1.1455
1782124800,1.145505,1.14597,1.14549,1.145855
1782125100,1.14586,1.145965,1.14566,1.1458
1782125400,1.14581,1.145925,1.14573,1.145895
1782125700,1.1459,1.14593,1.145545,1.14563
1782126000,1.145635,1.14569,1.14535,1.145545
1782126300,1.14555,1.14602,1.14548,1.14552
1782126600,1.145525,1.14555,1.14525,1.145295
1782126900,1.145295,1.145315,1.14511,1.145185
1782127200,1.14519,1.145355,1.14511,1.14518
1782127500,1.145175,1.14528,1.144945,1.145215
1782127800,1.145215,1.14549,1.14515,1.145405
1782128100,1.145405,1.14547,1.145235,1.145275
1782128400,1.145275,1.145365,1.1452,1.145345
1782128700,1.14535,1.14543,1.145235,1.14541
1782129000,1.145415,1.14543,1.144935,1.145045
1782129300,1.14504,1.14504,1.144745,1.144855
1782129600,1.144865,1.14557,1.144775,1.145505
1782129900,1.14551,1.14572,1.14548,1.145635
1782130200,1.14564,1.14589,1.14539,1.145715
1782130500,1.14571,1.145795,1.145485,1.145705
1782130800,1.14569,1.146185,1.14568,1.14618
1782131100,1.146175,1.146185,1.14578,1.14598
1782131400,1.145975,1.146085,1.14578,1.14597
1782131700,1.14597,1.146195,1.145965,1.14609
1782132000,1.146095,1.14617,1.145935,1.146085
1782132300,1.14609,1.146105,1.14568,1.145915
1782132600,1.145905,1.14603,1.14572,1.145895
1782132900,1.1459,1.14594,1.14549,1.14549
1782133200,1.145495,1.14551,1.14354,1.14464
1782133500,1.144635,1.1447,1.14393,1.14411
1782133800,1.1441,1.14467,1.14409,1.144475
1782134100,1.14447,1.14447,1.1441,1.144385
1782134400,1.14439,1.14439,1.14384,1.143875
1782134700,1.14387,1.14396,1.143495,1.14362
1782135000,1.143625,1.143895,1.143535,1.14384
1782135300,1.143835,1.144295,1.14382,1.143985
1782135600,1.14398,1.14401,1.143385,1.143515
1782135900,1.14352,1.143765,1.1434,1.143505
1782136200,1.1435,1.14365,1.143305,1.1434
1782136500,1.143405,1.143475,1.142845,1.14287
1782136800,1.14286,1.142985,1.142645,1.142905
1782137100,1.1429,1.143945,1.142585,1.14342
1782137400,1.143425,1.14357,1.143105,1.143495
1782137700,1.1435,1.14371,1.142975,1.143005
1782138000,1.143,1.1435,1.14294,1.143495
1782138300,1.14349,1.143885,1.143385,1.143705
1782138600,1.14371,1.14386,1.143185,1.14319
1782138900,1.14319,1.143505,1.1431,1.14331
1782139200,1.143315,1.143825,1.14325,1.143595
1782139500,1.1436,1.144475,1.1436,1.144365
1782139800,1.14436,1.145055,1.144235,1.144745
1782140100,1.14474,1.144855,1.14443,1.144475
1782140400,1.14448,1.14487,1.14442,1.144845
1782140700,1.14485,1.14504,1.14463,1.14463
1782141000,1.144635,1.144805,1.144575,1.144665
1782141300,1.14467,1.1448,1.14454,1.14464
1782141600,1.144635,1.14464,1.1443,1.1444
1782141900,1.14441,1.14451,1.14406,1.14413
1782142200,1.144125,1.144185,1.14378,1.14393
1782142500,1.143935,1.1441,1.143765,1.14389
1782142800,1.143885,1.144075,1.14378,1.1438
1782143100,1.1438,1.1438,1.14303,1.143065
1782143400,1.14306,1.1433,1.14306,1.143235
1782143700,1.14323,1.14325,1.14309,1.143185
1782144000,1.14319,1.143245,1.14284,1.142865
1782144300,1.14286,1.143005,1.142755,1.142755
1782144600,1.14275,1.142845,1.142645,1.142805
1782144900,1.14281,1.142895,1.14266,1.14282
1782145200,1.142825,1.143045,1.1427,1.14276
1782145500,1.14276,1.142835,1.142685,1.142695
1782145800,1.14269,1.14281,1.14254,1.14281
1782146100,1.142805,1.143085,1.14273,1.142735
1782146400,1.14274,1.142825,1.14257,1.14268
1782146700,1.142675,1.142855,1.14258,1.14285
1782147000,1.14285,1.143055,1.142825,1.14301
1782147300,1.143005,1.143195,1.142855,1.1431
1782147600,1.143105,1.14319,1.14297,1.14316
1782147900,1.143165,1.14336,1.14307,1.143295
1782148200,1.143295,1.143315,1.14302,1.143035
1782148500,1.14303,1.143105,1.14299,1.143105
1782148800,1.1431,1.14322,1.1431,1.1432
1782149100,1.143195,1.14328,1.142965,1.142965
1782149400,1.142975,1.143065,1.14278,1.142805
1782149700,1.1428,1.14295,1.14272,1.14291
1782150000,1.14291,1.14296,1.142845,1.14286
1782150300,1.142865,1.143,1.14286,1.14286
1782150600,1.142865,1.143015,1.142845,1.143
1782150900,1.143,1.14301,1.14286,1.142905
1782151200,1.1429,1.142975,1.142855,1.142945
1782151500,1.142945,1.14302,1.14289,1.142985
1782151800,1.14299,1.14316,1.142985,1.143035
1782152100,1.14304,1.143065,1.14289,1.14295
1782152400,1.142955,1.14302,1.14277,1.1429
1782152700,1.142895,1.142915,1.142695,1.14276
1782153000,1.14275,1.142785,1.14244,1.142625
1782153300,1.142625,1.142735,1.142545,1.14257
1782153600,1.14257,1.142605,1.142495,1.142605
1782153900,1.1426,1.142675,1.14257,1.14259
1782154200,1.14259,1.142655,1.142515,1.142615
1782154500,1.142605,1.142605,1.142235,1.142435
1782154800,1.14244,1.142545,1.142315,1.142355
1782155100,1.14236,1.14241,1.142295,1.14237
1782155400,1.14237,1.142495,1.14231,1.14235
1782155700,1.14236,1.14236,1.1422,1.142215
1782156000,1.14221,1.14228,1.14211,1.14219
1782156300,1.142185,1.14224,1.142105,1.14211
1782156600,1.14211,1.14211,1.141935,1.141965
1782156900,1.14196,1.14206,1.141905,1.14205
1782157200,1.14205,1.142155,1.14195,1.141955
1782157500,1.14196,1.14206,1.14191,1.142055
1782157800,1.14205,1.14252,1.14202,1.142485
1782158100,1.14248,1.14256,1.14232,1.1425
1782158400,1.142505,1.142695,1.14247,1.14262
1782158700,1.14263,1.142825,1.142615,1.14276
1782159000,1.14276,1.142935,1.14275,1.142865
1782159300,1.14287,1.14292,1.142815,1.142915
1782159600,1.142915,1.142915,1.14267,1.14272
1782159900,1.142715,1.14282,1.142675,1.14275
1782160200,1.142755,1.14276,1.14265,1.14273
1782160500,1.14273,1.14273,1.14266,1.142705
1782160800,1.14271,1.14277,1.142675,1.14274
1782161100,1.14273,1.14273,1.14259,1.14268
1782161400,1.142685,1.142845,1.14268,1.14282
1782161700,1.142815,1.142925,1.142785,1.142855
1782162000,1.14273,1.142965,1.14249,1.142965
1782162300,1.142965,1.14304,1.14279,1.142875
1782162600,1.14279,1.14293,1.142605,1.14287
1782162900,1.14286,1.14296,1.14282,1.14282
1782163200,1.14282,1.14308,1.142715,1.14283
1782163500,1.14283,1.14299,1.14281,1.142835
1782163800,1.142835,1.142915,1.14271,1.142835
1782164100,1.14286,1.142925,1.14283,1.14292
1782164400,1.14292,1.14304,1.1427,1.14286
1782164700,1.14287,1.142905,1.142735,1.14289
1782165000,1.14289,1.142915,1.142815,1.14287
1782165300,1.14287,1.14294,1.142815,1.142815
1782165600,1.14281,1.142895,1.1428,1.142885
1782165900,1.14288,1.14288,1.14277,1.142805
1782166200,1.14282,1.1429,1.14279,1.142845
1782166500,1.142845,1.14287,1.142805,1.142815
1782166800,1.142815,1.14282,1.142665,1.14267
1782167100,1.14267,1.1427,1.142655,1.142675
1782167400,1.14268,1.142715,1.14268,1.142705
1782167700,1.142705,1.14272,1.142615,1.14265
1782168000,1.14265,1.142655,1.142545,1.14261
1782168300,1.14261,1.14275,1.142605,1.142695
1782168600,1.142695,1.142705,1.14261,1.142655
1782168900,1.142655,1.142775,1.14265,1.14275
1782169200,1.142745,1.142935,1.142735,1.142755
1782169500,1.142755,1.14283,1.14274,1.14275
1782169800,1.14275,1.142765,1.142715,1.14274
1782170100,1.14274,1.142765,1.14274,1.14274
1782170400,1.14274,1.14275,1.1426,1.142605
1782170700,1.142605,1.14276,1.142605,1.142655
1782171000,1.14266,1.142665,1.142625,1.142645
1782171300,1.142645,1.142725,1.142645,1.14269
1782171600,1.14269,1.14272,1.14262,1.142625
1782171900,1.142625,1.14267,1.142575,1.14266
1782172200,1.14266,1.142665,1.142605,1.142605
1782172500,1.1426,1.14272,1.142565,1.14269
1782172800,1.142695,1.142695,1.14242,1.142565
1782173100,1.142565,1.142645,1.14241,1.14241
1782173400,1.142405,1.14241,1.14225,1.14225
1782173700,1.142255,1.142405,1.142255,1.142375
1782174000,1.142375,1.14249,1.14228,1.142355
1782174300,1.142355,1.142545,1.14229,1.142535
1782174600,1.14254,1.14276,1.1425,1.1425
1782174900,1.142505,1.14255,1.14248,1.14252
1782175200,1.142515,1.142645,1.142435,1.142605
1782175500,1.1426,1.142755,1.14256,1.142615
1782175800,1.14261,1.142775,1.142575,1.142775
1782176100,1.14277,1.14277,1.14262,1.142695
1782176400,1.1427,1.1428,1.14243,1.1426
1782176700,1.142595,1.14261,1.14238,1.14251
1782177000,1.142505,1.14251,1.14234,1.142345
1782177300,1.14235,1.142395,1.142265,1.14232
1782177600,1.142325,1.142515,1.142285,1.142415
1782177900,1.14242,1.14251,1.14234,1.14238
1782178200,1.142385,1.142455,1.142245,1.142385
1782178500,1.14239,1.14249,1.14236,1.142465
1782178800,1.142465,1.142555,1.142465,1.142525
1782179100,1.14252,1.14253,1.142355,1.14244
1782179400,1.142435,1.14284,1.142395,1.14275
1782179700,1.142745,1.142765,1.14264,1.142675
1782180000,1.142685,1.14297,1.14264,1.14291
1782180300,1.14291,1.14294,1.14284,1.14289
1782180600,1.142885,1.14309,1.1428,1.143075
1782180900,1.14307,1.143195,1.143065,1.143135
1782181200,1.143135,1.14318,1.14302,1.143065
1782181500,1.143065,1.1431,1.14297,1.142995
1782181800,1.14299,1.14306,1.14287,1.14287
1782182100,1.14287,1.142975,1.14287,1.14292
1782182400,1.142925,1.14302,1.142865,1.142915
1782182700,1.142915,1.142915,1.14278,1.14282
1782183000,1.14282,1.14287,1.14266,1.14267
1782183300,1.142675,1.142755,1.14256,1.142585
1782183600,1.14258,1.142715,1.142565,1.14266
1782183900,1.14266,1.14266,1.142275,1.142305
1782184200,1.1423,1.142515,1.14224,1.142465
1782184500,1.142455,1.14247,1.14187,1.142015
1782184800,1.142025,1.14237,1.141985,1.142335
1782185100,1.14234,1.142635,1.142305,1.14255
1782185400,1.142555,1.14256,1.14243,1.14247
1782185700,1.142475,1.142555,1.142395,1.14251
1782186000,1.14251,1.14272,1.142485,1.142695
1782186300,1.14269,1.14274,1.1426,1.142695
1782186600,1.142695,1.142815,1.142695,1.142755
1782186900,1.14276,1.143,1.14276,1.14296
1782187200,1.142965,1.14302,1.142875,1.143005
1782187500,1.143,1.143005,1.142895,1.142945
1782187800,1.14295,1.14296,1.142745,1.142745
1782188100,1.142745,1.14277,1.142685,1.142705
1782188400,1.142705,1.142725,1.142455,1.1425
1782188700,1.142495,1.142605,1.142495,1.14256
1782189000,1.142555,1.1426,1.14236,1.14253
1782189300,1.142535,1.142605,1.14244,1.14245
1782189600,1.14245,1.142515,1.14241,1.142515
1782189900,1.142515,1.14256,1.142445,1.14251
1782190200,1.142515,1.14256,1.142445,1.142455
1782190500,1.14246,1.14251,1.141965,1.1421
1782190800,1.142095,1.14225,1.1419,1.14225
1782191100,1.142245,1.14233,1.14212,1.142145
1782191400,1.142145,1.14226,1.14208,1.1421
1782191700,1.142105,1.142475,1.1421,1.14246
1782192000,1.142455,1.142515,1.1423,1.14231
1782192300,1.14231,1.14245,1.1423,1.14244
1782192600,1.14244,1.14251,1.142355,1.1425
1782192900,1.142495,1.14258,1.14238,1.14239
1782193200,1.14239,1.1424,1.14213,1.142325
1782193500,1.14233,1.142335,1.14193,1.142085
1782193800,1.142085,1.142315,1.141995,1.14231
1782194100,1.142305,1.142335,1.14209,1.142305
1782194400,1.1423,1.142495,1.142195,1.142305
1782194700,1.1423,1.14262,1.1423,1.14234
1782195000,1.142345,1.142595,1.14229,1.142555
1782195300,1.14255,1.142765,1.142335,1.14276
1782195600,1.142755,1.143015,1.142745,1.143
1782195900,1.143005,1.14301,1.14252,1.142675
1782196200,1.14266,1.142875,1.142445,1.142865
1782196500,1.14286,1.142875,1.14239,1.14245
1782196800,1.142445,1.142545,1.14219,1.1422
1782197100,1.142195,1.1423,1.14194,1.142105
1782197400,1.142105,1.14247,1.1421,1.14245
1782197700,1.142445,1.142465,1.14223,1.142305
1782198000,1.14229,1.143125,1.14224,1.14312
1782198300,1.143115,1.14358,1.14273,1.14343
1782198600,1.143415,1.14346,1.14303,1.143045
1782198900,1.143055,1.14347,1.143055,1.143465
1782199200,1.14347,1.14392,1.14346,1.14361
1782199500,1.143605,1.143835,1.143455,1.143775
1782199800,1.14375,1.14375,1.14242,1.142685
1782200100,1.14269,1.14275,1.142105,1.142195
1782200400,1.1422,1.14221,1.14123,1.14159
1782200700,1.141595,1.14182,1.14137,1.141765
1782201000,1.14176,1.141765,1.14098,1.1413
1782201300,1.141295,1.1413,1.14098,1.141175
1782201600,1.141185,1.141755,1.141,1.14137
1782201900,1.141365,1.14165,1.14136,1.141405
1782202200,1.141405,1.14159,1.14132,1.141355
1782202500,1.14135,1.14142,1.14073,1.14084
1782202800,1.14084,1.141005,1.14062,1.14068
1782203100,1.140675,1.140835,1.14048,1.14077
1782203400,1.140755,1.140895,1.14046,1.14064
1782203700,1.14064,1.140745,1.140465,1.140635
1782204000,1.14064,1.140875,1.14052,1.140665
1782204300,1.14066,1.140825,1.140585,1.14077
1782204600,1.140765,1.140905,1.14059,1.140805
1782204900,1.1408,1.140935,1.140745,1.140835
1782205200,1.14084,1.141005,1.1406,1.14065
1782205500,1.14064,1.140815,1.140615,1.14073
1782205800,1.140725,1.141065,1.14067,1.140965
1782206100,1.14096,1.14096,1.14077,1.14084
1782206400,1.14084,1.141125,1.14065,1.141045
1782206700,1.14104,1.14104,1.14083,1.140955
1782207000,1.14095,1.14112,1.14089,1.14095
1782207300,1.140955,1.141125,1.14087,1.140895
1782207600,1.14089,1.14094,1.14068,1.14082
1782207900,1.14083,1.140965,1.14078,1.140915
1782208200,1.14091,1.14104,1.14085,1.14096
1782208500,1.140965,1.141135,1.14093,1.1411
1782208800,1.141105,1.141275,1.141105,1.14119
1782209100,1.141185,1.141185,1.140935,1.141075
1782209400,1.141075,1.141085,1.14061,1.140785
1782209700,1.14078,1.141045,1.14075,1.14077
1782210000,1.140765,1.1409,1.14047,1.14081
1782210300,1.140805,1.140835,1.1405,1.140505
1782210600,1.1405,1.14072,1.140435,1.140705
1782210900,1.1407,1.140725,1.14056,1.14066
1782211200,1.140655,1.140695,1.140485,1.140495
1782211500,1.140495,1.14058,1.14003,1.140095
1782211800,1.14009,1.14012,1.13957,1.139625
1782212100,1.13963,1.140165,1.13962,1.14006
1782212400,1.140065,1.140235,1.139845,1.139875
1782212700,1.13987,1.14008,1.13984,1.14001
1782213000,1.140005,1.14024,1.139955,1.140215
1782213300,1.14021,1.14024,1.139955,1.13999
1782213600,1.13999,1.140285,1.13979,1.13987
1782213900,1.13987,1.13989,1.1395,1.139545
1782214200,1.13954,1.13961,1.139235,1.139365
1782214500,1.139365,1.139415,1.13911,1.1393
1782214800,1.13931,1.139425,1.139135,1.13936
1782215100,1.13936,1.139425,1.139145,1.13932
1782215400,1.13932,1.1394,1.138775,1.13896
1782215700,1.138955,1.138985,1.138425,1.138575
1782216000,1.13857,1.13917,1.138545,1.13911
1782216300,1.139115,1.13947,1.139115,1.139195
1782216600,1.139195,1.13928,1.138695,1.138755
1782216900,1.13876,1.139005,1.138655,1.13879
1782217200,1.1388,1.138865,1.138325,1.13865
1782217500,1.13864,1.138665,1.13826,1.138415
1782217800,1.13842,1.13919,1.1384,1.13891
1782218100,1.138915,1.13908,1.13887,1.13904
1782218400,1.139035,1.13909,1.138655,1.13866
1782218700,1.138665,1.139065,1.138645,1.13895
1782219000,1.138955,1.1391,1.13879,1.138975
1782219300,1.13898,1.13908,1.13864,1.13889
1782219600,1.1389,1.139335,1.138765,1.13928
1782219900,1.139275,1.139485,1.139115,1.139215
1782220200,1.13922,1.13922,1.13857,1.138625
1782220500,1.13862,1.138905,1.138505,1.13887
1782220800,1.138865,1.139385,1.138755,1.13931
1782221100,1.139305,1.139385,1.13891,1.13911
1782221400,1.139115,1.13968,1.139005,1.139675
1782221700,1.13967,1.139875,1.139465,1.13975
1782222000,1.139765,1.14002,1.13968,1.139735
1782222300,1.13973,1.13996,1.139695,1.13974
1782222600,1.139745,1.139765,1.139335,1.13936
1782222900,1.13936,1.13936,1.13888,1.138965
1782223200,1.13897,1.13912,1.13869,1.138765
1782223500,1.13877,1.13894,1.138555,1.1387
1782223800,1.138695,1.138835,1.138435,1.13845
1782224100,1.138455,1.13861,1.13802,1.138175
1782224400,1.13818,1.138335,1.137615,1.137975
1782224700,1.13796,1.13813,1.137865,1.13797
1782225000,1.137975,1.13811,1.13776,1.137875
1782225300,1.13787,1.13801,1.13761,1.13774
1782225600,1.13775,1.13802,1.13768,1.138015
1782225900,1.13801,1.13849,1.13801,1.13831
1782226200,1.138315,1.138335,1.13804,1.13827
1782226500,1.138265,1.138355,1.13786,1.138205
1782226800,1.13821,1.13831,1.138015,1.13816
1782227100,1.138165,1.13817,1.13755,1.137635
1782227400,1.137645,1.1384,1.137645,1.138265
1782227700,1.13827,1.13856,1.138125,1.138155
1782228000,1.13815,1.138325,1.138035,1.13826
1782228300,1.13826,1.138395,1.13809,1.138095
1782228600,1.138085,1.138495,1.13808,1.13823
1782228900,1.138235,1.138315,1.13784,1.13785
1782229200,1.137855,1.13793,1.13778,1.137895
1782229500,1.1379,1.137945,1.137785,1.13782
1782229800,1.137815,1.13812,1.13781,1.1381
1782230100,1.138105,1.1383,1.13797,1.1383
1782230400,1.138305,1.13835,1.138015,1.13819
1782230700,1.138195,1.138305,1.137885,1.13804
1782231000,1.138045,1.13837,1.13791,1.138295
1782231300,1.1383,1.13836,1.138105,1.13825
1782231600,1.138255,1.138375,1.13819,1.138265
1782231900,1.13826,1.138285,1.13799,1.137995
1782232200,1.13799,1.138045,1.13789,1.13799
1782232500,1.137995,1.13837,1.13798,1.138365
1782232800,1.138365,1.138395,1.138285,1.138375
1782233100,1.138375,1.138385,1.138215,1.138255
1782233400,1.13826,1.13829,1.13799,1.138095
1782233700,1.13809,1.13816,1.137855,1.137955
1782234000,1.13795,1.13797,1.13773,1.137735
1782234300,1.137735,1.13794,1.13765,1.13792
1782234600,1.137915,1.138095,1.137885,1.137995
1782234900,1.138,1.13806,1.1379,1.13792
1782235200,1.137915,1.13807,1.13789,1.137975
1782235500,1.13797,1.137985,1.137845,1.137875
1782235800,1.137865,1.138065,1.137855,1.13803
1782236100,1.13803,1.13808,1.13786,1.137995
1782236400,1.13799,1.138175,1.137975,1.138125
1782236700,1.13812,1.138125,1.137965,1.138005
1782237000,1.138,1.138065,1.137905,1.138035
1782237300,1.13803,1.13805,1.137855,1.137955
1782237600,1.13797,1.138065,1.137885,1.137915
1782237900,1.13792,1.138025,1.137865,1.137995
1782238200,1.138,1.138075,1.13795,1.138005
1782238500,1.138,1.13806,1.13796,1.137965
1782238800,1.137965,1.138065,1.1379,1.137995
1782239100,1.137995,1.13801,1.137885,1.137895
1782239400,1.13789,1.13795,1.137845,1.13795
1782239700,1.13795,1.137985,1.13768,1.13769
1782240000,1.137695,1.13772,1.13762,1.13765
1782240300,1.137645,1.1377,1.13763,1.137655
1782240600,1.13765,1.13785,1.13765,1.13782
1782240900,1.137825,1.137895,1.1377,1.13787
1782241200,1.137875,1.138195,1.137855,1.138095
1782241500,1.138095,1.13825,1.138005,1.138215
1782241800,1.138215,1.138295,1.13815,1.13821
1782242100,1.13821,1.13826,1.13802,1.138055
1782242400,1.13805,1.13817,1.13803,1.13817
1782242700,1.138165,1.1382,1.13811,1.138145
1782243000,1.13814,1.138205,1.13807,1.138145
1782243300,1.13815,1.13817,1.13801,1.138045
1782243600,1.13805,1.138115,1.13801,1.13806
1782243900,1.13806,1.138155,1.138045,1.13806
1782244200,1.138065,1.138105,1.137955,1.13805
1782244500,1.138045,1.13813,1.1379,1.1379
1782244800,1.137905,1.137955,1.1378,1.13794
1782245100,1.13794,1.138065,1.13793,1.13796
1782245400,1.13796,1.138,1.13787,1.137975
1782245700,1.137975,1.138005,1.13793,1.13797
1782246000,1.137965,1.13797,1.137845,1.13792
1782246300,1.13791,1.138015,1.1379,1.137975
1782246600,1.13797,1.138045,1.137945,1.138045
1782246900,1.138045,1.138045,1.1379,1.1379
1782247200,1.13791,1.13803,1.13791,1.13802
1782247500,1.13802,1.13807,1.138005,1.13806
1782247800,1.138055,1.138165,1.138045,1.138115
1782248100,1.138115,1.138205,1.13802,1.13816
1782248400,1.138155,1.13857,1.138155,1.1384
1782248700,1.13839,1.13842,1.13832,1.138415
1782249000,1.138415,1.138465,1.13839,1.1384
1782249300,1.1384,1.13841,1.13835,1.1384
1782249600,1.1384,1.1384,1.13835,1.138365
1782249900,1.138365,1.138375,1.138355,1.138365
1782250200,1.138365,1.138415,1.138365,1.13839
1782250500,1.13839,1.138405,1.138385,1.13839
1782250800,1.138395,1.138415,1.138385,1.138405
1782251100,1.138405,1.138435,1.138335,1.13838
1782251400,1.13838,1.138445,1.138365,1.13837
1782251700,1.138375,1.13838,1.138335,1.138355
1782252000,1.138345,1.138385,1.13786,1.13795
1782252300,1.137945,1.138055,1.137945,1.138015
1782252600,1.138015,1.13806,1.137995,1.138045
1782252900,1.13805,1.138065,1.137975,1.13801
1782253200,1.13801,1.13801,1.137945,1.137955
1782253500,1.137955,1.138035,1.13795,1.137965
1782253800,1.137965,1.138065,1.13796,1.137975
1782254100,1.13798,1.138065,1.13798,1.138065
1782254400,1.138065,1.13812,1.13806,1.13811
1782254700,1.13811,1.138185,1.13811,1.138165
1782255000,1.138165,1.138245,1.13815,1.13819
1782255300,1.13819,1.13819,1.138125,1.138145
1782255600,1.13815,1.13822,1.138095,1.13821
1782255900,1.138205,1.138265,1.138145,1.1382
1782256200,1.1382,1.1382,1.138115,1.13817
1782256500,1.138175,1.138225,1.13815,1.138165
1782256800,1.13816,1.138215,1.138155,1.1382
1782257100,1.1382,1.138205,1.13803,1.13803
1782257400,1.13803,1.138035,1.137895,1.13795
1782257700,1.137955,1.138055,1.137955,1.137985
1782258000,1.137985,1.13821,1.137965,1.13821
1782258300,1.13821,1.13832,1.13819,1.13829
1782258600,1.138295,1.138355,1.13814,1.13814
1782258900,1.138145,1.13815,1.137895,1.137905
1782259200,1.13791,1.1381,1.137755,1.138015
1782259500,1.13801,1.138225,1.138005,1.13815
1782259800,1.138155,1.13821,1.137785,1.13783
1782260100,1.137835,1.13794,1.137755,1.137765
1782260400,1.13776,1.137815,1.137515,1.13754
1782260700,1.137535,1.137585,1.13733,1.137445
1782261000,1.13745,1.137635,1.13744,1.137625
1782261300,1.137635,1.137685,1.137505,1.1376
1782261600,1.137595,1.137595,1.137335,1.137545
1782261900,1.13754,1.13781,1.13754,1.137725
1782262200,1.13772,1.137845,1.137625,1.137645
1782262500,1.13764,1.137705,1.13753,1.137625
1782262800,1.137635,1.137655,1.137125,1.137275
1782263100,1.13728,1.137535,1.13728,1.13737
1782263400,1.137375,1.137495,1.13733,1.137475
1782263700,1.13748,1.13749,1.137135,1.137275
1782264000,1.13728,1.137335,1.13712,1.137175
1782264300,1.13717,1.13724,1.1371,1.137185
1782264600,1.13718,1.137475,1.1371,1.13736
1782264900,1.13736,1.137375,1.13722,1.137325
1782265200,1.137325,1.13758,1.137325,1.137445
1782265500,1.137445,1.13747,1.137325,1.13746
1782265800,1.13745,1.13759,1.137435,1.13759
1782266100,1.13759,1.137705,1.137495,1.137655
1782266400,1.13765,1.137695,1.13754,1.137645
1782266700,1.13765,1.13766,1.137435,1.13755
1782267000,1.13755,1.13761,1.13748,1.13759
1782267300,1.13759,1.13768,1.13751,1.137575
1782267600,1.137585,1.13759,1.13746,1.13747
1782267900,1.137475,1.13759,1.137475,1.13749
1782268200,1.137495,1.13766,1.13746,1.13759
1782268500,1.1376,1.137605,1.13738,1.13744
1782268800,1.137445,1.13754,1.1373,1.13735
1782269100,1.137345,1.13735,1.137175,1.1372
1782269400,1.1372,1.13727,1.13708,1.13714
1782269700,1.137135,1.13722,1.13667,1.136745
1782270000,1.13675,1.136855,1.13649,1.13649
1782270300,1.136495,1.136555,1.136205,1.1363
1782270600,1.136295,1.13652,1.13618,1.136335
1782270900,1.13634,1.136405,1.136145,1.136295
1782271200,1.1363,1.13638,1.136215,1.136285
1782271500,1.136285,1.136495,1.136275,1.13649
1782271800,1.136485,1.136525,1.136375,1.1365
1782272100,1.136495,1.13664,1.13643,1.13661
1782272400,1.136605,1.136885,1.136555,1.13679
1782272700,1.136785,1.1368,1.1367,1.136785
1782273000,1.13678,1.136845,1.136745,1.136745
1782273300,1.136745,1.136815,1.136685,1.13673
1782273600,1.136735,1.13676,1.13638,1.13643
1782273900,1.13644,1.13644,1.136175,1.13619
1782274200,1.13619,1.1363,1.136115,1.13629
1782274500,1.136295,1.13644,1.136295,1.13639
1782274800,1.13639,1.13642,1.13633,1.13639
1782275100,1.13639,1.13671,1.13638,1.136435
1782275400,1.136435,1.136535,1.136365,1.13643
1782275700,1.13643,1.13644,1.136355,1.136395
1782276000,1.13639,1.1365,1.13639,1.136415
1782276300,1.136415,1.13649,1.13637,1.13639
1782276600,1.13639,1.1364,1.136195,1.1362
1782276900,1.136205,1.13633,1.136205,1.136295
1782277200,1.1363,1.136415,1.13628,1.13639
1782277500,1.136385,1.136705,1.13628,1.136695
1782277800,1.136695,1.13675,1.136585,1.136655
1782278100,1.13666,1.136805,1.136585,1.136705
1782278400,1.136705,1.136725,1.13653,1.13659
1782278700,1.13659,1.136715,1.136545,1.136635
1782279000,1.13664,1.136775,1.136625,1.136685
1782279300,1.136695,1.1367,1.13657,1.136655
1782279600,1.13666,1.136665,1.136495,1.1365
1782279900,1.136495,1.1368,1.136485,1.1367
1782280200,1.136695,1.136765,1.136635,1.13675
1782280500,1.136745,1.136835,1.13668,1.136795
1782280800,1.1368,1.136975,1.136705,1.136955
1782281100,1.13696,1.13725,1.136885,1.137245
1782281400,1.13724,1.137525,1.13718,1.1374
1782281700,1.137395,1.137395,1.1366,1.13679
1782282000,1.136775,1.137065,1.136695,1.136885
1782282300,1.13688,1.13688,1.13645,1.136525
1782282600,1.136535,1.136705,1.136385,1.136615
1782282900,1.136605,1.136775,1.136435,1.136465
1782283200,1.13645,1.13675,1.13644,1.136715
1782283500,1.13671,1.136815,1.13653,1.136535
1782283800,1.136535,1.13654,1.13623,1.13635
1782284100,1.136355,1.136615,1.13576,1.135935
1782284400,1.13593,1.1361,1.135505,1.13581
1782284700,1.135805,1.135895,1.135425,1.13548
1782285000,1.13548,1.13554,1.13516,1.13537
1782285300,1.135365,1.13568,1.135315,1.13559
1782285600,1.135585,1.13569,1.13541,1.135495
1782285900,1.13549,1.135725,1.13532,1.13554
1782286200,1.135535,1.13567,1.135405,1.13551
1782286500,1.13552,1.135545,1.135265,1.135265
1782286800,1.13526,1.135965,1.13521,1.135925
1782287100,1.13593,1.136095,1.13575,1.13594
1782287400,1.135945,1.135975,1.135615,1.135795
1782287700,1.13579,1.13581,1.135135,1.13517
1782288000,1.135165,1.135595,1.13512,1.135435
1782288300,1.13543,1.13544,1.135195,1.13522
1782288600,1.135225,1.135235,1.133785,1.133975
1782288900,1.133975,1.13484,1.1339,1.13483
1782289200,1.13484,1.134995,1.134555,1.13478
1782289500,1.134775,1.135345,1.1347,1.135315
1782289800,1.13531,1.13556,1.135205,1.135335
1782290100,1.135325,1.13533,1.134375,1.134595
1782290400,1.134585,1.135205,1.134565,1.13504
1782290700,1.13504,1.13536,1.134975,1.135295
1782291000,1.13529,1.13551,1.13525,1.135455
1782291300,1.13545,1.135485,1.13523,1.135275
1782291600,1.135265,1.135375,1.13486,1.134875
1782291900,1.134875,1.13499,1.134655,1.134665
1782292200,1.13466,1.13519,1.13446,1.135145
1782292500,1.13514,1.135285,1.13488,1.13525
1782292800,1.135255,1.135315,1.13497,1.134985
1782293100,1.13498,1.13498,1.134565,1.134745
1782293400,1.13475,1.13483,1.13444,1.13464
1782293700,1.134635,1.13492,1.13452,1.13487
1782294000,1.13487,1.13494,1.1345,1.13452
1782294300,1.13452,1.13485,1.13446,1.13479
1782294600,1.134785,1.135,1.13471,1.134865
1782294900,1.13487,1.134905,1.134585,1.134595
1782295200,1.13458,1.13465,1.13438,1.134435
1782295500,1.134435,1.134535,1.13402,1.13402
1782295800,1.134025,1.134335,1.13401,1.13431
1782296100,1.134305,1.13436,1.13411,1.134175
1782296400,1.134175,1.13419,1.13394,1.13401
1782296700,1.134,1.13408,1.13392,1.13408
1782297000,1.134075,1.134225,1.133965,1.134115
1782297300,1.13411,1.13413,1.13388,1.13402
1782297600,1.13402,1.13454,1.13397,1.13423
1782297900,1.134235,1.13434,1.133985,1.134125
1782298200,1.13412,1.134235,1.13389,1.13397
1782298500,1.133965,1.134145,1.133845,1.133975
1782298800,1.13398,1.13415,1.13375,1.13378
1782299100,1.13378,1.13409,1.133705,1.134035
1782299400,1.13404,1.13423,1.13398,1.13403
1782299700,1.134025,1.13412,1.133945,1.1341
1782300000,1.134095,1.13427,1.133945,1.13425
1782300300,1.13425,1.134485,1.13418,1.13439
1782300600,1.134395,1.13454,1.13424,1.13452
1782300900,1.134525,1.134885,1.13445,1.134635
1782301200,1.134635,1.134695,1.134265,1.134435
1782301500,1.13444,1.1345,1.134115,1.13443
1782301800,1.134435,1.134905,1.134405,1.134495
1782302100,1.13449,1.13449,1.133805,1.134035
1782302400,1.134025,1.13461,1.134015,1.134345
1782302700,1.13434,1.13436,1.13384,1.13403
1782303000,1.134035,1.134115,1.133805,1.133945
1782303300,1.133955,1.134155,1.133735,1.134075
1782303600,1.13407,1.13418,1.13383,1.133845
1782303900,1.13385,1.13396,1.133745,1.13384
1782304200,1.133845,1.133905,1.13303,1.133215
1782304500,1.13321,1.13344,1.133005,1.13306
1782304800,1.133065,1.13319,1.13253,1.133025
1782305100,1.13303,1.133275,1.132685,1.132825
1782305400,1.132825,1.132905,1.13263,1.132795
1782305700,1.1328,1.133025,1.13273,1.132915
1782306000,1.13291,1.13318,1.13265,1.13285
1782306300,1.132845,1.132965,1.132455,1.13261
1782306600,1.132615,1.13271,1.13249,1.132585
1782306900,1.132595,1.13301,1.132495,1.13296
1782307200,1.132955,1.133235,1.13263,1.133215
1782307500,1.13322,1.13387,1.13322,1.133785
1782307800,1.13378,1.13431,1.133705,1.13389
1782308100,1.133885,1.134235,1.13368,1.13388
1782308400,1.133885,1.134165,1.13384,1.133995
1782308700,1.133995,1.134045,1.133385,1.133855
1782309000,1.13386,1.134445,1.13384,1.134435
1782309300,1.13444,1.134805,1.13432,1.13442
1782309600,1.134415,1.134985,1.13423,1.13498
1782309900,1.134985,1.13521,1.134705,1.13519
1782310200,1.135195,1.13523,1.134425,1.1347
1782310500,1.134685,1.134815,1.134105,1.134105
1782310800,1.13411,1.134365,1.13389,1.13427
1782311100,1.134265,1.13472,1.134265,1.134455
1782311400,1.134445,1.13466,1.134145,1.13455
1782311700,1.13455,1.13456,1.13384,1.133905
1782312000,1.13391,1.134225,1.133785,1.134215
1782312300,1.13421,1.13437,1.133685,1.13381
1782312600,1.133815,1.13416,1.133745,1.13383
1782312900,1.13382,1.134185,1.13359,1.134185
1782313200,1.13419,1.134785,1.13401,1.134615
1782313500,1.13462,1.134715,1.13445,1.134625
1782313800,1.13463,1.135185,1.134545,1.135115
1782314100,1.13511,1.135485,1.13501,1.13547
1782314400,1.135475,1.136065,1.135375,1.13582
1782314700,1.135825,1.13623,1.13538,1.135555
1782315000,1.135545,1.135565,1.13524,1.1353
1782315300,1.135305,1.135345,1.134925,1.134965
1782315600,1.13497,1.13531,1.134865,1.13525
1782315900,1.13525,1.13542,1.13511,1.13528
1782316200,1.135285,1.135325,1.13466,1.13495
1782316500,1.134955,1.13509,1.1348,1.134805
1782316800,1.13481,1.135115,1.13468,1.134995
1782317100,1.135,1.13541,1.135,1.135325
1782317400,1.13532,1.13535,1.13497,1.135195
1782317700,1.1352,1.13563,1.1351,1.135415
1782318000,1.13542,1.135715,1.135415,1.135705
1782318300,1.135705,1.136175,1.135685,1.13616
1782318600,1.136155,1.13634,1.136115,1.136265
1782318900,1.136265,1.13681,1.136265,1.13656
1782319200,1.136555,1.13663,1.13591,1.136075
1782319500,1.13608,1.136115,1.135805,1.13583
1782319800,1.135835,1.13602,1.13581,1.135855
1782320100,1.135865,1.13596,1.13578,1.13596
1782320400,1.135965,1.13612,1.13585,1.135965
1782320700,1.135965,1.135975,1.13546,1.13551
1782321000,1.135515,1.135555,1.13538,1.135485
1782321300,1.13549,1.135565,1.13535,1.135415
1782321600,1.13541,1.13541,1.135135,1.135205
1782321900,1.1352,1.135215,1.13508,1.13519
1782322200,1.135195,1.135965,1.135175,1.135685
1782322500,1.135685,1.135805,1.13525,1.135465
1782322800,1.13547,1.13547,1.135155,1.13527
1782323100,1.135265,1.1353,1.13499,1.13499
1782323400,1.134995,1.13507,1.134905,1.134995
1782323700,1.135,1.13528,1.13496,1.13496
1782324000,1.134955,1.135235,1.134955,1.135135
1782324300,1.13514,1.135505,1.135135,1.135305
1782324600,1.13531,1.13545,1.13521,1.13526
1782324900,1.13526,1.135495,1.13526,1.135445
1782325200,1.135445,1.135655,1.13524,1.135635
1782325500,1.13564,1.13584,1.13564,1.13577
1782325800,1.135775,1.136095,1.13576,1.135765
1782326100,1.13577,1.13577,1.13555,1.135675
1782326400,1.135685,1.135775,1.135505,1.135535
1782326700,1.13553,1.135585,1.13545,1.135585
1782327000,1.13559,1.135725,1.13556,1.135625
1782327300,1.13563,1.135725,1.135335,1.1355
1782327600,1.135495,1.135865,1.135495,1.13582
1782327900,1.135815,1.135835,1.13551,1.13556
1782328200,1.13556,1.13557,1.13536,1.135365
1782328500,1.13536,1.135365,1.135095,1.135215
1782328800,1.13521,1.135375,1.135185,1.135335
1782329100,1.135335,1.13549,1.13531,1.13547
1782329400,1.135475,1.135635,1.13538,1.13547
1782329700,1.135465,1.13556,1.13542,1.135545
1782330000,1.135545,1.13568,1.1355,1.13567
1782330300,1.135675,1.135765,1.13561,1.13562
1782330600,1.135615,1.135745,1.135505,1.135705
1782330900,1.1357,1.135705,1.135315,1.13534
1782331200,1.13534,1.135625,1.135235,1.135465
1782331500,1.13546,1.13554,1.13541,1.13544
1782331800,1.13544,1.135515,1.135295,1.135385
1782332100,1.135385,1.135475,1.135295,1.13545
1782332400,1.135445,1.13565,1.13541,1.135645
1782332700,1.13564,1.135805,1.1356,1.135765
1782333000,1.13577,1.13596,1.13574,1.13578
1782333300,1.135785,1.13586,1.135765,1.13585
1782333600,1.135845,1.13596,1.135845,1.13592
1782333900,1.135915,1.13597,1.13573,1.135755
1782334200,1.13573,1.13605,1.135685,1.13593
1782334500,1.135925,1.136025,1.13579,1.135865
1782334800,1.13597,1.136225,1.13597,1.136225
1782335100,1.136215,1.136295,1.13576,1.13586
1782335400,1.135855,1.13592,1.135645,1.135735
1782335700,1.13577,1.135875,1.135645,1.13576
1782336000,1.135765,1.135845,1.135675,1.13583
1782336300,1.13583,1.13584,1.135755,1.135755
1782336600,1.13576,1.135835,1.135555,1.13557
1782336900,1.135565,1.13589,1.135545,1.135675
1782337200,1.135675,1.135825,1.13566,1.135795
1782337500,1.135815,1.135815,1.135475,1.13557
1782337800,1.13557,1.135655,1.135525,1.13557
1782338100,1.13557,1.136025,1.13557,1.13593
1782338400,1.1359,1.136015,1.135735,1.135735
1782338700,1.135735,1.13578,1.135675,1.13569
1782339000,1.13569,1.13575,1.13567,1.13568
1782339300,1.13568,1.135685,1.135585,1.135595
1782339600,1.135595,1.13564,1.135545,1.135585
1782339900,1.135585,1.1356,1.13554,1.135585
1782340200,1.135585,1.13568,1.135585,1.13568
1782340500,1.13568,1.135695,1.135645,1.135685
1782340800,1.135685,1.13574,1.135675,1.13569
1782341100,1.13569,1.135695,1.135635,1.135635
1782341400,1.13564,1.135645,1.13549,1.135495
1782341700,1.1355,1.135525,1.135485,1.13551
1782342000,1.135515,1.135515,1.13539,1.135395
1782342300,1.135395,1.13545,1.135375,1.13545
1782342600,1.13545,1.135515,1.13544,1.135495
1782342900,1.135495,1.13564,1.135495,1.1356
1782343200,1.1356,1.13561,1.1355,1.135545
1782343500,1.13555,1.135565,1.1355,1.1355
1782343800,1.1355,1.135545,1.135415,1.135535
1782344100,1.13553,1.13562,1.1355,1.13561
1782344400,1.135605,1.13562,1.135455,1.13553
1782344700,1.135535,1.13562,1.135375,1.135405
1782345000,1.1354,1.13541,1.135285,1.13534
1782345300,1.135345,1.135425,1.135305,1.135395
1782345600,1.13539,1.135485,1.13522,1.13546
1782345900,1.135455,1.13551,1.135285,1.1353
1782346200,1.135295,1.13534,1.13504,1.13516
1782346500,1.135165,1.135225,1.13508,1.135095
1782346800,1.1351,1.135155,1.135045,1.13506
1782347100,1.13506,1.135075,1.134905,1.134995
1782347400,1.134995,1.135005,1.13486,1.13489
1782347700,1.13489,1.13491,1.134765,1.13484
1782348000,1.134835,1.13491,1.13477,1.13491
1782348300,1.134905,1.13506,1.1349,1.135015
1782348600,1.13501,1.13542,1.13501,1.13536
1782348900,1.135355,1.13542,1.135245,1.13534
1782349200,1.135345,1.13589,1.135335,1.135745
1782349500,1.13575,1.13598,1.135595,1.135965
1782349800,1.135965,1.136145,1.135795,1.13612
1782350100,1.136125,1.136695,1.13605,1.136675
1782350400,1.13667,1.13675,1.136415,1.136475
1782350700,1.13648,1.136545,1.136135,1.136195
1782351000,1.1362,1.136425,1.135765,1.1358
1782351300,1.135805,1.136155,1.13569,1.136095
1782351600,1.13609,1.13618,1.13595,1.136105
1782351900,1.13609,1.13609,1.135865,1.13595
1782352200,1.135955,1.136105,1.13589,1.13601
1782352500,1.136015,1.136085,1.135725,1.135805
1782352800,1.135815,1.13588,1.13565,1.135805
1782353100,1.135805,1.13614,1.135785,1.13601
1782353400,1.136005,1.136065,1.13587,1.13605
1782353700,1.13606,1.1363,1.13595,1.13629
1782354000,1.136285,1.136475,1.136255,1.13637
1782354300,1.136365,1.13651,1.136365,1.136445
1782354600,1.13644,1.13646,1.13631,1.136375
1782354900,1.136375,1.136565,1.136365,1.13653
1782355200,1.13653,1.13654,1.13621,1.136315
1782355500,1.13632,1.13634,1.136165,1.13622
1782355800,1.136215,1.136365,1.136165,1.136355
1782356100,1.13635,1.13639,1.13626,1.13635
1782356400,1.136355,1.13664,1.136295,1.136585
1782356700,1.13658,1.136685,1.136495,1.136515
1782357000,1.136515,1.136685,1.136465,1.13667
1782357300,1.13667,1.13674,1.13642,1.13673
1782357600,1.13673,1.13677,1.136515,1.13666
1782357900,1.136665,1.136715,1.13653,1.13655
1782358200,1.136555,1.13664,1.136535,1.136625
1782358500,1.136625,1.13668,1.13656,1.136675
1782358800,1.13668,1.1368,1.13663,1.13678
1782359100,1.136775,1.137055,1.13672,1.136985
1782359400,1.13698,1.13712,1.136965,1.13699
1782359700,1.136985,1.137015,1.13681,1.137005
1782360000,1.13701,1.137045,1.13691,1.13691
1782360300,1.13691,1.136995,1.13681,1.13694
1782360600,1.13694,1.137075,1.13689,1.13702
1782360900,1.13702,1.13705,1.136905,1.137025
1782361200,1.137025,1.137095,1.136965,1.136965
1782361500,1.13697,1.13709,1.13697,1.13698
1782361800,1.136985,1.137035,1.136805,1.13682
1782362100,1.13682,1.136935,1.13677,1.13677
1782362400,1.13677,1.136775,1.136605,1.13669
1782362700,1.13669,1.13672,1.13662,1.13662
1782363000,1.13662,1.13673,1.13662,1.136725
1782363300,1.136725,1.136835,1.136665,1.136715
1782363600,1.13671,1.136795,1.136665,1.136785
1782363900,1.136785,1.13682,1.13661,1.136725
1782364200,1.13673,1.136795,1.13659,1.13662
1782364500,1.13662,1.136675,1.136575,1.136575
1782364800,1.13658,1.13659,1.136395,1.13647
1782365100,1.136475,1.13654,1.13636,1.136435
1782365400,1.13643,1.1365,1.13633,1.136425
1782365700,1.136425,1.13657,1.136385,1.13642
1782366000,1.136425,1.136435,1.13628,1.136285
1782366300,1.13628,1.136355,1.136145,1.13628
1782366600,1.136275,1.13643,1.136225,1.136265
1782366900,1.13626,1.13626,1.13598,1.13612
1782367200,1.13611,1.13636,1.13609,1.13613
1782367500,1.13614,1.13632,1.13591,1.13617
1782367800,1.136165,1.13642,1.136145,1.136405
1782368100,1.1364,1.13641,1.136215,1.13633
1782368400,1.13633,1.13651,1.136215,1.13647
1782368700,1.136465,1.13647,1.13623,1.136265
1782369000,1.136265,1.136265,1.135505,1.135545
1782369300,1.13555,1.135765,1.13544,1.135735
1782369600,1.13572,1.135765,1.13548,1.13571
1782369900,1.135705,1.135875,1.13546,1.13564
1782370200,1.135645,1.13579,1.135515,1.13552
1782370500,1.135525,1.13554,1.135225,1.13528
1782370800,1.135285,1.13589,1.13525,1.135835
1782371100,1.135835,1.13605,1.135675,1.13574
1782371400,1.13574,1.13581,1.135015,1.135025
1782371700,1.13503,1.13516,1.134465,1.135145
1782372000,1.13514,1.135465,1.134845,1.135055
1782372300,1.13505,1.135415,1.1349,1.135195
1782372600,1.1352,1.13559,1.1352,1.135315
1782372900,1.13531,1.13555,1.13529,1.13545
1782373200,1.135455,1.13553,1.135305,1.135425
1782373500,1.135425,1.13561,1.135315,1.135495
1782373800,1.135495,1.13585,1.135455,1.13568
1782374100,1.135685,1.13596,1.13552,1.135935
1782374400,1.13594,1.13641,1.135895,1.136145
1782374700,1.13615,1.136445,1.13593,1.136085
1782375000,1.13608,1.13629,1.13608,1.13615
1782375300,1.13616,1.13627,1.13608,1.13615
1782375600,1.136155,1.13677,1.13613,1.13676
1782375900,1.13676,1.1368,1.13662,1.136785
1782376200,1.13678,1.137265,1.13674,1.137115
1782376500,1.13711,1.13724,1.136955,1.13716
1782376800,1.13715,1.13715,1.13695,1.13709
1782377100,1.137085,1.137185,1.136845,1.13714
1782377400,1.137135,1.1372,1.136655,1.13671
1782377700,1.136705,1.13684,1.136645,1.13676
1782378000,1.13677,1.136805,1.136515,1.13676
1782378300,1.136755,1.136755,1.136325,1.13641
1782378600,1.136405,1.1366,1.13638,1.136595
1782378900,1.13659,1.136675,1.13652,1.136525
1782379200,1.136525,1.13666,1.13643,1.13663
1782379500,1.136625,1.137055,1.136445,1.13698
1782379800,1.13697,1.137405,1.13696,1.13709
1782380100,1.137085,1.13709,1.136835,1.136855
1782380400,1.13685,1.13686,1.13641,1.13641
1782380700,1.13641,1.13644,1.136225,1.13639
1782381000,1.136395,1.136605,1.136335,1.13651
1782381300,1.136515,1.136545,1.13616,1.13617
1782381600,1.13616,1.13619,1.13577,1.135775
1782381900,1.13577,1.13583,1.13564,1.135675
1782382200,1.135675,1.135695,1.13545,1.135665
1782382500,1.13566,1.13566,1.13531,1.13542
1782382800,1.13542,1.135555,1.1354,1.135525
1782383100,1.135525,1.13562,1.135365,1.135475
1782383400,1.135475,1.135545,1.13517,1.13535
1782383700,1.135355,1.135355,1.135045,1.135055
1782384000,1.13506,1.135165,1.134875,1.134895
1782384300,1.134885,1.134885,1.134565,1.13469
1782384600,1.134685,1.134815,1.13442,1.13448
1782384900,1.134485,1.134585,1.13429,1.13458
1782385200,1.134585,1.134595,1.134175,1.134345
1782385500,1.13434,1.1345,1.134275,1.13442
1782385800,1.134425,1.134485,1.134325,1.134415
1782386100,1.13442,1.13444,1.13397,1.134055
1782386400,1.134055,1.13418,1.13385,1.13398
1782386700,1.133975,1.13405,1.13372,1.13374
1782387000,1.133745,1.13385,1.13356,1.133565
1782387300,1.13356,1.13366,1.133375,1.13353
1782387600,1.13354,1.133905,1.13353,1.133745
1782387900,1.13374,1.133745,1.13354,1.133605
1782388200,1.133605,1.13387,1.133395,1.13349
1782388500,1.133485,1.133775,1.13334,1.133765
1782388800,1.13377,1.13398,1.133635,1.133855
1782389100,1.133855,1.134285,1.13379,1.13416
1782389400,1.13416,1.134185,1.133985,1.13418
1782389700,1.134175,1.13426,1.13392,1.13418
1782390000,1.134175,1.134175,1.13385,1.134115
1782390300,1.13412,1.13417,1.13395,1.134145
1782390600,1.13415,1.13574,1.13415,1.13512
1782390900,1.135125,1.135895,1.134985,1.13558
1782391200,1.135585,1.13646,1.135275,1.13628
1782391500,1.136275,1.13644,1.13581,1.13592
1782391800,1.135925,1.135995,1.135545,1.13579
1782392100,1.135795,1.13596,1.13521,1.13536
1782392400,1.135355,1.135785,1.135265,1.13535
1782392700,1.135355,1.13561,1.135015,1.135025
1782393000,1.13502,1.135445,1.13492,1.13538
1782393300,1.135385,1.135655,1.13533,1.135595
1782393600,1.1356,1.13649,1.1356,1.136335
1782393900,1.13633,1.136585,1.136235,1.136545
1782394200,1.13653,1.136685,1.13617,1.136385
1782394500,1.136375,1.136985,1.136335,1.13698
1782394800,1.136975,1.13698,1.136105,1.136165
1782395100,1.13617,1.13672,1.13603,1.136465
1782395400,1.13647,1.13687,1.136195,1.136275
1782395700,1.13627,1.13639,1.135905,1.13636
1782396000,1.136365,1.13796,1.136295,1.13793
1782396300,1.137935,1.138375,1.13738,1.137665
1782396600,1.13767,1.137815,1.137335,1.1374
1782396900,1.137405,1.137725,1.136955,1.137085
1782397200,1.13709,1.137185,1.13656,1.13662
1782397500,1.136615,1.1372,1.1366,1.137165
1782397800,1.137175,1.137455,1.137005,1.137455
1782398100,1.137455,1.13773,1.13738,1.137685
1782398400,1.13768,1.13793,1.137355,1.13781
1782398700,1.137815,1.138165,1.13771,1.137985
1782399000,1.13798,1.1381,1.13741,1.13764
1782399300,1.137635,1.13813,1.13745,1.13749
1782399600,1.1375,1.13837,1.137465,1.13837
1782399900,1.138375,1.138605,1.137835,1.137845
1782400200,1.13784,1.137915,1.13735,1.137615
1782400500,1.137615,1.13801,1.1374,1.137975
1782400800,1.13797,1.13839,1.137925,1.13839
1782401100,1.13839,1.138795,1.13836,1.138715
1782401400,1.13871,1.138805,1.138245,1.13835
1782401700,1.138345,1.13852,1.13822,1.138295
1782402000,1.13828,1.138375,1.138005,1.138045
1782402300,1.13804,1.138365,1.13796,1.138145
1782402600,1.13815,1.138175,1.13785,1.13788
1782402900,1.13789,1.1385,1.137825,1.13843
1782403200,1.138435,1.138575,1.138245,1.13828
1782403500,1.138285,1.13835,1.13797,1.1382
1782403800,1.138205,1.138305,1.13813,1.138155
1782404100,1.13815,1.13864,1.138085,1.1385
1782404400,1.138505,1.13856,1.13833,1.13834
1782404700,1.138335,1.138665,1.13833,1.138545
1782405000,1.138545,1.13856,1.138205,1.138245
1782405300,1.13824,1.13829,1.13808,1.138185
1782405600,1.138185,1.138195,1.137745,1.13778
1782405900,1.137785,1.137835,1.13753,1.13774
1782406200,1.137735,1.137735,1.1374,1.1375
1782406500,1.137495,1.137595,1.13733,1.1374
1782406800,1.137405,1.137545,1.137325,1.13751
1782407100,1.13749,1.137715,1.137425,1.137505
1782407400,1.1375,1.1376,1.137435,1.137455
1782407700,1.13746,1.137485,1.13733,1.137365
1782408000,1.13737,1.13737,1.13719,1.13729
1782408300,1.137295,1.1375,1.13722,1.13739
1782408600,1.137395,1.13749,1.13715,1.13725
1782408900,1.13725,1.1374,1.13721,1.137285
1782409200,1.13729,1.13741,1.137285,1.137315
1782409500,1.13731,1.13736,1.13723,1.137345
1782409800,1.137345,1.13772,1.137345,1.1377
1782410100,1.137695,1.13778,1.137415,1.137425
1782410400,1.13743,1.13747,1.13697,1.137235
1782410700,1.13724,1.137495,1.13713,1.137485
1782411000,1.13749,1.13792,1.13748,1.13788
1782411300,1.137875,1.13806,1.1378,1.13791
1782411600,1.13791,1.137935,1.13776,1.137795
1782411900,1.137795,1.137915,1.137685,1.13791
1782412200,1.137915,1.13792,1.13758,1.137605
1782412500,1.13761,1.13772,1.13743,1.13765
1782412800,1.137645,1.137645,1.137395,1.137475
1782413100,1.13747,1.1375,1.137355,1.137435
1782413400,1.137425,1.137765,1.13741,1.137665
1782413700,1.13767,1.137745,1.137255,1.1373
1782414000,1.137305,1.137445,1.13718,1.13737
1782414300,1.137365,1.137395,1.13713,1.137155
1782414600,1.13716,1.137315,1.137085,1.137315
1782414900,1.13731,1.137635,1.137285,1.137395
1782415200,1.13739,1.13761,1.13739,1.137605
1782415500,1.13761,1.13777,1.137545,1.13776
1782415800,1.137755,1.137855,1.13772,1.13779
1782416100,1.13779,1.137855,1.137735,1.137795
1782416400,1.1378,1.138015,1.137235,1.13731
1782416700,1.137305,1.13745,1.137155,1.13716
1782417000,1.13718,1.137265,1.13686,1.136935
1782417300,1.13694,1.137315,1.13694,1.137265
1782417600,1.13726,1.13746,1.13725,1.137365
1782417900,1.13737,1.137405,1.137225,1.137245
1782418200,1.137245,1.13729,1.13716,1.137225
1782418500,1.13722,1.13726,1.137165,1.1372
1782418800,1.1372,1.137295,1.1372,1.13723
1782419100,1.137235,1.137345,1.13723,1.1373
1782419400,1.1373,1.13733,1.137255,1.13731
1782419700,1.137305,1.13733,1.13716,1.13716
1782420000,1.137165,1.13725,1.13716,1.137215
1782420300,1.13721,1.137235,1.13715,1.13719
1782420600,1.13717,1.137215,1.137105,1.137115
1782420900,1.13711,1.13712,1.136945,1.13698
1782421200,1.136975,1.13731,1.13695,1.13718
1782421500,1.13718,1.13733,1.1368,1.13683
1782421800,1.136815,1.13724,1.136815,1.13723
1782422100,1.137235,1.137425,1.137235,1.13732
1782422400,1.13732,1.13743,1.13732,1.137415
1782422700,1.137405,1.13741,1.13695,1.137
1782423000,1.136975,1.137015,1.13693,1.13696
1782423300,1.13696,1.13701,1.1369,1.136955
1782423600,1.136955,1.13728,1.136945,1.137205
1782423900,1.137215,1.13739,1.137195,1.137335
1782424200,1.137325,1.13742,1.13732,1.13734
1782424500,1.13734,1.137435,1.137315,1.13737
1782424800,1.13739,1.137405,1.13715,1.137175
1782425100,1.13718,1.13725,1.137145,1.137195
1782425400,1.137195,1.13721,1.13711,1.13712
1782425700,1.13712,1.13714,1.13706,1.137065
1782426000,1.137065,1.137185,1.137065,1.13718
1782426300,1.13718,1.137185,1.1369,1.136925
1782426600,1.136925,1.137085,1.13692,1.13708
1782426900,1.137075,1.13708,1.13699,1.137005
1782427200,1.13701,1.13702,1.13688,1.136885
1782427500,1.13689,1.13694,1.136825,1.13684
1782427800,1.13684,1.136855,1.13674,1.13674
1782428100,1.13674,1.137,1.13673,1.13693
1782428400,1.13694,1.137055,1.136475,1.13666
1782428700,1.136665,1.136745,1.136605,1.13666
1782429000,1.13666,1.13677,1.13663,1.13669
1782429300,1.13669,1.1367,1.13636,1.13641
1782429600,1.136415,1.136475,1.13636,1.13637
1782429900,1.13637,1.136515,1.136365,1.136475
1782430200,1.13647,1.136515,1.13616,1.13617
1782430500,1.136175,1.136205,1.136115,1.13619
1782430800,1.13619,1.13633,1.13617,1.136295
1782431100,1.136295,1.136315,1.13616,1.13628
1782431400,1.136275,1.136345,1.13624,1.13632
1782431700,1.13632,1.13632,1.13603,1.136145
1782432000,1.136155,1.136385,1.1361,1.13621
1782432300,1.136205,1.13634,1.13617,1.136335
1782432600,1.136335,1.136375,1.13616,1.13637
1782432900,1.13637,1.13639,1.13622,1.13626
1782433200,1.13626,1.136475,1.13622,1.13642
1782433500,1.136425,1.136495,1.13628,1.136485
1782433800,1.13648,1.136585,1.136415,1.13649
1782434100,1.136485,1.13662,1.13633,1.13634
1782434400,1.13634,1.136545,1.13633,1.1365
1782434700,1.136505,1.13669,1.136495,1.136575
1782435000,1.136575,1.13671,1.1363,1.13636
1782435300,1.13635,1.13657,1.13635,1.136485
1782435600,1.13648,1.13672,1.13646,1.13667
1782435900,1.136675,1.13674,1.13656,1.13674
1782436200,1.136735,1.136915,1.13664,1.136725
1782436500,1.13672,1.13683,1.13656,1.13673
1782436800,1.13673,1.136765,1.13648,1.1365
1782437100,1.136495,1.13657,1.136435,1.136565
1782437400,1.13657,1.13663,1.13611,1.13611
1782437700,1.13611,1.13611,1.135775,1.135915
1782438000,1.13592,1.135965,1.13582,1.13591
1782438300,1.13591,1.13597,1.135795,1.135815
1782438600,1.13581,1.13587,1.13578,1.13584
1782438900,1.13584,1.13599,1.13564,1.13596
1782439200,1.135975,1.136225,1.13592,1.136165
1782439500,1.13616,1.136285,1.13616,1.136185
1782439800,1.13618,1.136195,1.135855,1.135865
1782440100,1.13586,1.135915,1.13565,1.13567
1782440400,1.135675,1.13575,1.13544,1.135515
1782440700,1.13552,1.13567,1.135425,1.13555
1782441000,1.135555,1.135665,1.13553,1.13562
1782441300,1.135615,1.13571,1.135515,1.135665
1782441600,1.135665,1.13603,1.1356,1.13591
1782441900,1.135915,1.13594,1.13583,1.135875
1782442200,1.13588,1.13601,1.135755,1.13581
1782442500,1.135815,1.13594,1.1357,1.135915
1782442800,1.13592,1.13612,1.135855,1.13609
1782443100,1.136095,1.13614,1.136005,1.136135
1782443400,1.13614,1.136475,1.136125,1.136315
1782443700,1.136315,1.136455,1.136245,1.136425
1782444000,1.13643,1.136435,1.13626,1.13629
1782444300,1.136295,1.136415,1.136295,1.136405
1782444600,1.13641,1.136415,1.136215,1.136245
1782444900,1.13624,1.136595,1.13624,1.136415
1782445200,1.13641,1.136765,1.13636,1.13676
1782445500,1.136755,1.13677,1.136605,1.136615
1782445800,1.13662,1.13713,1.136605,1.13704
1782446100,1.137045,1.13717,1.13697,1.137165
1782446400,1.13717,1.13731,1.13696,1.137165
1782446700,1.137165,1.13722,1.13696,1.137015
1782447000,1.137015,1.13724,1.137015,1.13717
1782447300,1.13717,1.13733,1.13715,1.13733
1782447600,1.13733,1.137375,1.137245,1.13727
1782447900,1.13727,1.137485,1.13727,1.1374
1782448200,1.137395,1.13741,1.13716,1.13719
1782448500,1.13719,1.137325,1.137105,1.13711
1782448800,1.13711,1.13731,1.136845,1.13727
1782449100,1.13727,1.13743,1.137245,1.137385
1782449400,1.13739,1.137625,1.13737,1.13757
1782449700,1.137575,1.137725,1.137565,1.137705
1782450000,1.13771,1.137785,1.137565,1.13761
1782450300,1.137615,1.13773,1.137555,1.137695
1782450600,1.137695,1.13773,1.1376,1.13763
1782450900,1.137635,1.137785,1.13752,1.137655
1782451200,1.13765,1.13769,1.137525,1.137585
1782451500,1.13758,1.137875,1.13757,1.13777
1782451800,1.137775,1.13786,1.137735,1.137775
1782452100,1.13778,1.137785,1.137675,1.137715
1782452400,1.137715,1.13799,1.13768,1.13792
1782452700,1.13792,1.137945,1.13777,1.137925
1782453000,1.13792,1.138235,1.137815,1.13815
1782453300,1.138145,1.138145,1.13782,1.137825
1782453600,1.13783,1.137985,1.13755,1.137565
1782453900,1.13756,1.13765,1.13742,1.13743
1782454200,1.13742,1.137555,1.137295,1.1375
1782454500,1.1375,1.137645,1.137405,1.13755
1782454800,1.137555,1.137765,1.13755,1.13767
1782455100,1.137665,1.13793,1.1375,1.13788
1782455400,1.13789,1.13826,1.137855,1.13805
1782455700,1.138055,1.13812,1.137855,1.1379
1782456000,1.137895,1.138095,1.137655,1.137655
1782456300,1.13766,1.1378,1.137215,1.13722
1782456600,1.137225,1.13776,1.137145,1.137645
1782456900,1.13764,1.137785,1.137455,1.13753
1782457200,1.13752,1.137765,1.13731,1.13737
1782457500,1.137375,1.137855,1.13736,1.13773
1782457800,1.137725,1.13783,1.137545,1.13768
1782458100,1.137675,1.13779,1.13758,1.137755
1782458400,1.13775,1.13775,1.137495,1.137665
1782458700,1.137665,1.137715,1.137445,1.13752
1782459000,1.137515,1.138175,1.137475,1.13804
1782459300,1.138025,1.138845,1.138015,1.13884
1782459600,1.138835,1.138885,1.13851,1.138565
1782459900,1.13856,1.138635,1.138445,1.138615
1782460200,1.13862,1.138875,1.138495,1.138675
1782460500,1.138675,1.1388,1.1385,1.13867
1782460800,1.138675,1.13883,1.138305,1.138485
1782461100,1.13849,1.139765,1.138345,1.13964
1782461400,1.13964,1.13979,1.139095,1.13978
1782461700,1.139785,1.14001,1.139505,1.13976
1782462000,1.139755,1.139765,1.13949,1.13954
1782462300,1.13954,1.14027,1.13944,1.140225
1782462600,1.14023,1.14025,1.139545,1.139805
1782462900,1.13981,1.13995,1.139665,1.139845
1782463200,1.139855,1.140345,1.139795,1.14032
1782463500,1.14032,1.14077,1.14004,1.140245
1782463800,1.140245,1.14074,1.140185,1.14063
1782464100,1.140625,1.140625,1.14005,1.140135
1782464400,1.140125,1.140135,1.139665,1.13969
1782464700,1.139685,1.14002,1.13954,1.139915
1782465000,1.13992,1.13993,1.13963,1.13972
1782465300,1.139725,1.14002,1.1396,1.139845
1782465600,1.13985,1.139995,1.13978,1.139875
1782465900,1.139865,1.14039,1.13985,1.140335
1782466200,1.14033,1.140465,1.140035,1.140465
1782466500,1.14046,1.1406,1.140385,1.14052
1782466800,1.14052,1.14074,1.140495,1.140545
1782467100,1.140545,1.141215,1.14052,1.140955
1782467400,1.14096,1.14117,1.140915,1.14096
1782467700,1.140965,1.14097,1.140635,1.140685
1782468000,1.14069,1.14083,1.140345,1.140535
1782468300,1.140535,1.14072,1.140395,1.140605
1782468600,1.14061,1.140615,1.14041,1.140485
1782468900,1.14049,1.14069,1.14024,1.14025
1782469200,1.140255,1.14031,1.140015,1.140125
1782469500,1.140125,1.14035,1.14002,1.140335
1782469800,1.14033,1.14055,1.14031,1.140545
1782470100,1.140545,1.14062,1.14039,1.14056
1782470400,1.14056,1.14068,1.14022,1.140285
1782470700,1.14028,1.14041,1.14016,1.140345
1782471000,1.140345,1.140555,1.140285,1.140495
1782471300,1.14049,1.140525,1.140285,1.14048
1782471600,1.140485,1.140585,1.14026,1.140375
1782471900,1.14038,1.1404,1.140205,1.140395
1782472200,1.14039,1.14057,1.14007,1.1402
1782472500,1.14019,1.140465,1.139995,1.14042
1782472800,1.140415,1.14064,1.140325,1.14038
1782473100,1.140385,1.1406,1.140215,1.140585
1782473400,1.14059,1.14061,1.140135,1.140175
1782473700,1.14017,1.140175,1.139895,1.1401
1782474000,1.140105,1.14018,1.139885,1.13998
1782474300,1.139975,1.140025,1.139765,1.139775
1782474600,1.139775,1.13979,1.139375,1.13959
1782474900,1.139585,1.13993,1.13958,1.13983
1782475200,1.139835,1.14015,1.13976,1.1401
1782475500,1.140095,1.14026,1.140015,1.140125
1782475800,1.140125,1.140265,1.14006,1.140095
1782476100,1.1401,1.14041,1.140095,1.14031
1782476400,1.140305,1.14031,1.13998,1.140175
1782476700,1.14017,1.140645,1.140165,1.140445
1782477000,1.140435,1.14064,1.14015,1.14028
1782477300,1.140275,1.14075,1.1402,1.14054
1782477600,1.140545,1.140965,1.14054,1.140785
1782477900,1.14079,1.141135,1.140625,1.140915
1782478200,1.14091,1.141455,1.140835,1.141315
1782478500,1.14131,1.1434,1.14131,1.14273
1782478800,1.142725,1.142985,1.142185,1.14243
1782479100,1.142425,1.142735,1.14182,1.141855
1782479400,1.141855,1.14212,1.14177,1.141985
1782479700,1.141985,1.142035,1.14117,1.14169
1782480000,1.141695,1.142335,1.141595,1.14206
1782480300,1.142065,1.14234,1.141965,1.14217
1782480600,1.14217,1.142385,1.14198,1.142345
1782480900,1.14234,1.14246,1.14216,1.142285
1782481200,1.14229,1.14248,1.142135,1.142325
1782481500,1.14233,1.14233,1.14174,1.141825
1782481800,1.141835,1.142005,1.14166,1.141965
1782482100,1.141975,1.142515,1.141785,1.142515
1782482400,1.14252,1.142845,1.14198,1.14208
1782482700,1.142075,1.142275,1.14188,1.142135
1782483000,1.14214,1.14238,1.14198,1.14219
1782483300,1.142185,1.14261,1.142,1.14204
1782483600,1.142045,1.142685,1.14204,1.14231
1782483900,1.142315,1.142445,1.141715,1.141775
1782484200,1.141765,1.14194,1.14147,1.141535
1782484500,1.141535,1.14174,1.141495,1.141575
1782484800,1.14158,1.141685,1.14114,1.141585
1782485100,1.14159,1.142045,1.14148,1.14168
1782485400,1.14169,1.14173,1.14038,1.140435
1782485700,1.14044,1.140475,1.13936,1.139415
1782486000,1.13942,1.13986,1.13922,1.13971
1782486300,1.139705,1.140205,1.139615,1.140205
1782486600,1.140195,1.140375,1.140045,1.140295
1782486900,1.140295,1.140395,1.14011,1.14019
1782487200,1.140185,1.14062,1.14018,1.14054
1782487500,1.140535,1.14057,1.140355,1.14047
1782487800,1.14048,1.14068,1.14015,1.14025
1782488100,1.140255,1.140605,1.140195,1.14052
1782488400,1.14052,1.14059,1.1403,1.14052
1782488700,1.140525,1.1408,1.140495,1.140635
1782489000,1.14064,1.14067,1.1395,1.139785
1782489300,1.13979,1.14031,1.139785,1.14029
1782489600,1.140295,1.14034,1.139975,1.140175
1782489900,1.140175,1.14034,1.13991,1.13995
1782490200,1.13995,1.14004,1.139765,1.13993
1782490500,1.13993,1.14001,1.139825,1.1399
1782490800,1.139905,1.139905,1.13912,1.13912
1782491100,1.139125,1.13928,1.13902,1.139125
1782491400,1.13912,1.13946,1.13887,1.13887
1782491700,1.13887,1.13895,1.138295,1.13864
1782492000,1.13864,1.139045,1.138625,1.138915
1782492300,1.13891,1.139045,1.13888,1.138915
1782492600,1.13891,1.13907,1.13886,1.13898
1782492900,1.13898,1.139145,1.138915,1.13899
1782493200,1.138995,1.139185,1.138885,1.139105
1782493500,1.13911,1.139285,1.13909,1.139205
1782493800,1.139205,1.139325,1.139115,1.139155
1782494100,1.13915,1.13923,1.13904,1.139045
1782494400,1.139045,1.13912,1.13896,1.139035
1782494700,1.13904,1.13907,1.13886,1.13888
1782495000,1.138885,1.13899,1.13853,1.13858
1782495300,1.138585,1.138695,1.13847,1.13857
1782495600,1.13857,1.13895,1.13847,1.13889
1782495900,1.13889,1.13894,1.138735,1.138795
1782496200,1.1388,1.13898,1.138795,1.138855
1782496500,1.13886,1.138875,1.13855,1.13864
1782496800,1.138655,1.13908,1.138535,1.13907
1782497100,1.139065,1.13912,1.13892,1.13895
1782497400,1.13895,1.13906,1.13889,1.13899
1782497700,1.138985,1.139045,1.1388,1.13888
1782498000,1.138885,1.138945,1.138785,1.13881
1782498300,1.138805,1.138975,1.13879,1.138945
1782498600,1.13895,1.13911,1.13895,1.139085
1782498900,1.139085,1.13913,1.13897,1.139025
1782499200,1.139025,1.139035,1.13888,1.13898
1782499500,1.138975,1.13898,1.13866,1.138845
1782499800,1.13885,1.13899,1.13883,1.13888
1782500100,1.13889,1.13904,1.138565,1.138595
1782500400,1.13859,1.1387,1.138485,1.138595
1782500700,1.138595,1.138725,1.13855,1.138705
1782501000,1.1387,1.13871,1.1386,1.13863
1782501300,1.138625,1.138625,1.13838,1.138385
1782501600,1.13839,1.138405,1.138105,1.13812
1782501900,1.138125,1.13823,1.138125,1.138185
1782502200,1.138195,1.1384,1.138095,1.1384
1782502500,1.138395,1.13841,1.13825,1.138275
1782502800,1.13828,1.138305,1.138165,1.13824
1782503100,1.138235,1.13853,1.138165,1.138515
1782503400,1.13852,1.13892,1.1385,1.138845
1782503700,1.13884,1.13893,1.138685,1.13871
1782504000,1.138705,1.13888,1.1387,1.138745
1782504300,1.13875,1.13883,1.138525,1.1388
1782504600,1.138795,1.138885,1.138785,1.138845
1782504900,1.138855,1.139055,1.13884,1.13902
1782505200,1.139015,1.139155,1.139005,1.13915
1782505500,1.13915,1.139165,1.13896,1.13899
1782505800,1.138985,1.139205,1.138795,1.13887
1782506100,1.138875,1.138895,1.138385,1.13855
1782506400,1.138545,1.13871,1.138325,1.13867
1782506700,1.13866,1.138735,1.13845,1.13869
1782507000,1.138695,1.1387,1.138195,1.138195
1782507300,1.13819,1.138645,1.138105,1.138105
1782680400,1.138105,1.13905,1.138105,1.13905
1782680700,1.13905,1.139095,1.13861,1.13861
1782681000,1.13861,1.13861,1.1383,1.1384
1782681300,1.13839,1.13857,1.13839,1.13857
1782681600,1.13857,1.13857,1.13855,1.13856
1782681900,1.13856,1.138615,1.13856,1.138605
1782682200,1.1386,1.13921,1.1386,1.138835
1782682500,1.138835,1.138895,1.138565,1.138565
1782682800,1.138565,1.138575,1.13826,1.13831
1782683100,1.13831,1.13839,1.13824,1.13824
1782683400,1.13824,1.13845,1.138205,1.138365
1782683700,1.138365,1.13845,1.13831,1.13836
1782684000,1.138335,1.1387,1.13816,1.138545
1782684300,1.13855,1.138605,1.13845,1.13851
1782684600,1.138505,1.13851,1.13828,1.13836
1782684900,1.13836,1.138395,1.13824,1.13824
1782685200,1.13824,1.138315,1.13823,1.13827
1782685500,1.13827,1.138425,1.13824,1.13834
1782685800,1.138335,1.13845,1.138335,1.13843
1782686100,1.13843,1.138455,1.13839,1.138445
1782686400,1.13844,1.138585,1.13844,1.138555
1782686700,1.138555,1.138615,1.138535,1.138615
1782687000,1.138615,1.13862,1.138505,1.13857
1782687300,1.13857,1.138625,1.13853,1.138545
1782687600,1.138545,1.13871,1.13854,1.138655
1782687900,1.138655,1.1387,1.138585,1.138695
1782688200,1.13869,1.138695,1.13857,1.13858
1782688500,1.138575,1.13859,1.13853,1.13853
1782688800,1.138535,1.138535,1.138485,1.138535
1782689100,1.138535,1.138585,1.13851,1.13852
1782689400,1.13852,1.13852,1.138225,1.138285
1782689700,1.138285,1.138365,1.138265,1.13835
1782690000,1.13835,1.13842,1.138315,1.13842
1782690300,1.13842,1.13849,1.138405,1.138425
1782690600,1.13842,1.13856,1.13839,1.138485
1782690900,1.13848,1.13865,1.13847,1.138535
1782691200,1.13853,1.138845,1.138335,1.138805
1782691500,1.138805,1.138815,1.13863,1.138715
1782691800,1.13872,1.13885,1.138615,1.138615
1782692100,1.138615,1.13871,1.13843,1.13851
1782692400,1.13851,1.138665,1.13848,1.138605
1782692700,1.1386,1.13864,1.13848,1.138485
1782693000,1.13849,1.138645,1.13839,1.13859
1782693300,1.138595,1.13883,1.13855,1.13874
1782693600,1.13874,1.138805,1.138725,1.13878
1782693900,1.138775,1.138775,1.138505,1.138525
1782694200,1.138515,1.13877,1.138515,1.13877
1782694500,1.13878,1.13893,1.138735,1.13876
1782694800,1.138765,1.138965,1.138475,1.138575
1782695100,1.138585,1.138775,1.138565,1.138665
1782695400,1.138675,1.13875,1.138625,1.138675
1782695700,1.13868,1.138785,1.138575,1.138715
1782696000,1.13871,1.13899,1.138665,1.138905
1782696300,1.138925,1.13898,1.138845,1.13887
1782696600,1.138875,1.138985,1.13877,1.138905
1782696900,1.13891,1.13907,1.1389,1.13896
1782697200,1.138955,1.1391,1.138915,1.13896
1782697500,1.138965,1.138985,1.138765,1.13878
1782697800,1.138785,1.13882,1.138615,1.138655
1782698100,1.138655,1.138685,1.138465,1.138525
1782698400,1.13853,1.138625,1.13847,1.13861
1782698700,1.13862,1.13864,1.138585,1.1386
1782699000,1.13861,1.138755,1.13861,1.13865
1782699300,1.13866,1.13899,1.13865,1.138975
1782699600,1.13898,1.139195,1.13891,1.13909
1782699900,1.139095,1.13935,1.13907,1.139305
1782700200,1.1393,1.139305,1.139,1.13906
1782700500,1.139045,1.139085,1.138935,1.138965
1782700800,1.138955,1.138975,1.138875,1.13896
1782701100,1.13896,1.138965,1.138865,1.138935
1782701400,1.138935,1.138935,1.138825,1.138835
1782701700,1.13884,1.13889,1.138755,1.13878
1782702000,1.138775,1.13889,1.138775,1.138865
1782702300,1.138865,1.13892,1.138815,1.138895
1782702600,1.138895,1.13902,1.13884,1.13891
1782702900,1.13891,1.13892,1.138815,1.13882
1782703200,1.13882,1.138835,1.13863,1.13865
1782703500,1.13865,1.13883,1.13865,1.138825
1782703800,1.138825,1.13893,1.138825,1.13892
1782704100,1.13892,1.13899,1.13891,1.13893
1782704400,1.138925,1.139015,1.13862,1.13865
1782704700,1.13865,1.13867,1.138585,1.138595
1782705000,1.138595,1.13865,1.13852,1.13864
1782705300,1.13863,1.13863,1.138335,1.13843
1782705600,1.13843,1.13852,1.138335,1.138345
1782705900,1.138345,1.13849,1.13828,1.138395
1782706200,1.138385,1.138385,1.138235,1.138275
1782706500,1.138275,1.138285,1.13823,1.138235
1782706800,1.138235,1.138235,1.138115,1.138225
1782707100,1.13821,1.13839,1.138185,1.138365
1782707400,1.13837,1.13854,1.138365,1.13851
1782707700,1.13851,1.13854,1.138385,1.13851
1782708000,1.13851,1.13851,1.138325,1.138395
1782708300,1.1384,1.1385,1.13833,1.13849
1782708600,1.13848,1.13848,1.138255,1.138255
1782708900,1.138235,1.13829,1.13809,1.138265
1782709200,1.13827,1.13854,1.13825,1.13852
1782709500,1.13852,1.1386,1.13851,1.13859
1782709800,1.138595,1.13866,1.138565,1.13865
1782710100,1.13865,1.13866,1.13854,1.138575
1782710400,1.138565,1.13862,1.13853,1.13861
1782710700,1.13861,1.13865,1.138605,1.13865
1782711000,1.13864,1.13898,1.13864,1.13898
1782711300,1.13898,1.13904,1.13892,1.139005
1782711600,1.139005,1.13924,1.138965,1.1391
1782711900,1.13909,1.13935,1.139085,1.139245
1782712200,1.139235,1.139535,1.13923,1.139375
1782712500,1.13938,1.139485,1.13933,1.139455
1782712800,1.139445,1.13954,1.139285,1.139325
1782713100,1.139325,1.139485,1.13928,1.139445
1782713400,1.13944,1.139585,1.13932,1.13954
1782713700,1.13953,1.139685,1.139395,1.139685
1782714000,1.13969,1.139695,1.139555,1.139635
1782714300,1.139635,1.139805,1.139585,1.13976
1782714600,1.139765,1.139965,1.139675,1.13995
1782714900,1.139955,1.14026,1.13994,1.14024
1782715200,1.140235,1.14025,1.14002,1.14009
1782715500,1.140095,1.14044,1.140015,1.14039
1782715800,1.14039,1.14097,1.140375,1.140785
1782716100,1.140785,1.141495,1.14074,1.141235
1782716400,1.141225,1.141325,1.14065,1.140805
1782716700,1.140805,1.140835,1.140545,1.140625
1782717000,1.14063,1.140675,1.140495,1.140645
1782717300,1.140645,1.140895,1.14055,1.140735
1782717600,1.140725,1.141,1.1407,1.140835
1782717900,1.140835,1.140835,1.140615,1.14082
1782718200,1.140815,1.140915,1.140735,1.14078
1782718500,1.140785,1.141105,1.140685,1.1411
1782718800,1.1411,1.1411,1.14063,1.14065
1782719100,1.140655,1.140785,1.14057,1.14067
1782719400,1.140675,1.14077,1.140065,1.14007
1782719700,1.14009,1.140395,1.140015,1.14025
1782720000,1.14026,1.140725,1.14026,1.140505
1782720300,1.1405,1.140745,1.14033,1.140415
1782720600,1.140425,1.140515,1.14018,1.1402
1782720900,1.1402,1.140295,1.139995,1.14
1782721200,1.139995,1.1402,1.13976,1.139925
1782721500,1.139935,1.140205,1.139915,1.140175
1782721800,1.14017,1.14054,1.14017,1.14028
1782722100,1.140275,1.14029,1.13985,1.13988
1782722400,1.13987,1.140055,1.139805,1.139885
1782722700,1.13988,1.139895,1.13961,1.139625
1782723000,1.13963,1.13971,1.139435,1.13946
1782723300,1.139455,1.139655,1.13926,1.139595
1782723600,1.1396,1.13987,1.139445,1.139675
1782723900,1.13967,1.139875,1.139595,1.13974
1782724200,1.13974,1.139995,1.139725,1.139835
1782724500,1.139825,1.14001,1.139815,1.139855
1782724800,1.13986,1.139985,1.13985,1.1399
1782725100,1.139905,1.14025,1.139765,1.14001
1782725400,1.140015,1.140265,1.13998,1.140105
1782725700,1.14011,1.140225,1.139845,1.139915
1782726000,1.139915,1.13996,1.1397,1.139875
1782726300,1.13987,1.140005,1.13978,1.139975
1782726600,1.13997,1.140115,1.13969,1.140095
1782726900,1.1401,1.140405,1.140065,1.140335
1782727200,1.140345,1.140385,1.140195,1.140385
1782727500,1.140385,1.140465,1.14026,1.14036
1782727800,1.140365,1.140535,1.140195,1.140205
1782728100,1.1402,1.140255,1.140065,1.140205
1782728400,1.140205,1.14022,1.14001,1.140055
1782728700,1.14006,1.140175,1.139965,1.14017
1782729000,1.140165,1.140255,1.14004,1.140075
1782729300,1.140075,1.140135,1.139975,1.14007
1782729600,1.140065,1.140325,1.140065,1.140115
1782729900,1.14011,1.140255,1.13996,1.140255
1782730200,1.14024,1.140565,1.14019,1.14046
1782730500,1.140455,1.140565,1.140435,1.140465
1782730800,1.14046,1.14079,1.14041,1.140765
1782731100,1.14076,1.14078,1.14053,1.14061
1782731400,1.140615,1.140665,1.140405,1.140585
1782731700,1.14058,1.14065,1.140435,1.140445
1782732000,1.140445,1.140495,1.140335,1.140345
1782732300,1.140345,1.14038,1.14021,1.140305
1782732600,1.1403,1.140635,1.14009,1.140485
1782732900,1.14049,1.140565,1.14015,1.14016
1782733200,1.14016,1.140205,1.1399,1.139985
1782733500,1.13998,1.14026,1.139895,1.140095
1782733800,1.14009,1.140505,1.14009,1.14047
1782734100,1.140465,1.141175,1.140445,1.140885
1782734400,1.14089,1.1409,1.140585,1.140605
1782734700,1.14061,1.14071,1.140535,1.14063
1782735000,1.14064,1.140745,1.140495,1.14066
1782735300,1.14066,1.140745,1.140295,1.14032
1782735600,1.14031,1.14059,1.140275,1.14038
1782735900,1.140385,1.140405,1.140065,1.140335
1782736200,1.14034,1.140555,1.140265,1.140445
1782736500,1.140445,1.140675,1.140255,1.14026
1782736800,1.140255,1.140435,1.14008,1.140395
1782737100,1.1404,1.140435,1.14011,1.140125
1782737400,1.14013,1.14041,1.14013,1.14021
1782737700,1.140215,1.140305,1.14006,1.140265
1782738000,1.14027,1.14052,1.14023,1.140435
1782738300,1.140435,1.14055,1.140325,1.14034
1782738600,1.140335,1.140455,1.1403,1.140375
1782738900,1.14038,1.14038,1.14009,1.14025
1782739200,1.140245,1.140395,1.14006,1.14037
1782739500,1.140375,1.14053,1.14032,1.140495
1782739800,1.14049,1.14075,1.140455,1.14065
1782740100,1.140645,1.140705,1.14023,1.140305
1782740400,1.1403,1.14053,1.14014,1.14045
1782740700,1.140445,1.14077,1.140305,1.140755
1782741000,1.14076,1.14082,1.14063,1.14075
1782741300,1.140745,1.14123,1.140655,1.14101
1782741600,1.141015,1.14133,1.1407,1.14087
1782741900,1.14087,1.141225,1.14084,1.141155
1782742200,1.141165,1.14147,1.140915,1.140995
1782742500,1.14099,1.141635,1.140465,1.141625
1782742800,1.14162,1.142025,1.141365,1.141925
1782743100,1.14193,1.14205,1.14145,1.141525
1782743400,1.141515,1.14196,1.1415,1.141815
1782743700,1.141815,1.142095,1.1418,1.14191
1782744000,1.141915,1.14224,1.141295,1.14142
1782744300,1.141415,1.14152,1.14116,1.141265
1782744600,1.141265,1.14219,1.14117,1.14218
1782744900,1.142175,1.142335,1.142025,1.142195
1782745200,1.1422,1.14224,1.141845,1.14187
1782745500,1.14186,1.141965,1.14172,1.141805
1782745800,1.141815,1.14206,1.14166,1.14191
1782746100,1.141905,1.14218,1.1419,1.142
1782746400,1.142005,1.14213,1.141915,1.14201
1782746700,1.14201,1.1424,1.14198,1.142255
1782747000,1.14226,1.14244,1.14219,1.14231
1782747300,1.142315,1.142325,1.14189,1.142055
1782747600,1.14205,1.14214,1.141935,1.142115
1782747900,1.14211,1.142515,1.142075,1.14241
1782748200,1.142415,1.142455,1.1422,1.142305
1782748500,1.14231,1.14243,1.14208,1.14237
1782748800,1.142375,1.142725,1.14236,1.14261
1782749100,1.142605,1.142785,1.14254,1.142765
1782749400,1.14276,1.142775,1.142395,1.142405
1782749700,1.14241,1.14265,1.14241,1.14258
1782750000,1.142585,1.142605,1.142345,1.142455
1782750300,1.142455,1.142465,1.14233,1.14235
1782750600,1.14235,1.142535,1.14235,1.14239
1782750900,1.14239,1.142555,1.14238,1.142485
1782751200,1.14247,1.14267,1.142465,1.142645
1782751500,1.142645,1.14292,1.142565,1.142885
1782751800,1.14289,1.143075,1.14284,1.14302
1782752100,1.143015,1.143015,1.14254,1.14259
1782752400,1.142595,1.14269,1.14255,1.14264
1782752700,1.142645,1.142715,1.142585,1.14259
1782753000,1.142595,1.142735,1.14245,1.1427
1782753300,1.1427,1.142715,1.14234,1.14235
1782753600,1.142355,1.14237,1.142135,1.142165
1782753900,1.142165,1.142325,1.14215,1.142255
1782754200,1.14225,1.14235,1.14216,1.14234
1782754500,1.14234,1.14262,1.14234,1.14251
1782754800,1.142505,1.142535,1.1424,1.142425
1782755100,1.142425,1.14248,1.142245,1.14246
1782755400,1.142455,1.142815,1.14245,1.14281
1782755700,1.142815,1.142815,1.142595,1.14268
1782756000,1.142685,1.142815,1.142635,1.142755
1782756300,1.14276,1.14276,1.142565,1.142675
1782756600,1.142675,1.14292,1.14266,1.14291
1782756900,1.142905,1.14291,1.142755,1.142825
1782757200,1.14282,1.14287,1.14272,1.14286
1782757500,1.14285,1.14285,1.14271,1.142765
1782757800,1.14277,1.14281,1.14271,1.142735
1782758100,1.142735,1.142835,1.14272,1.142745
1782758400,1.14274,1.142865,1.14267,1.142825
1782758700,1.14282,1.14284,1.142715,1.14283
1782759000,1.142835,1.142865,1.142735,1.14276
1782759300,1.142755,1.142755,1.1425,1.142565
1782759600,1.14256,1.14269,1.142525,1.14257
1782759900,1.14257,1.142585,1.1425,1.142535
1782760200,1.142535,1.142535,1.142215,1.1423
1782760500,1.1423,1.142465,1.142295,1.14237
1782760800,1.142375,1.142485,1.14237,1.14242
1782761100,1.142415,1.14261,1.14241,1.14255
1782761400,1.14255,1.14262,1.142455,1.142465
1782761700,1.14246,1.142565,1.14243,1.142535
1782762000,1.14254,1.1426,1.142495,1.142575
1782762300,1.142575,1.14266,1.142525,1.14266
1782762600,1.14267,1.142695,1.14257,1.14258
1782762900,1.14257,1.14267,1.14247,1.14258
1782763200,1.142575,1.142585,1.14247,1.14256
1782763500,1.142555,1.142655,1.14255,1.14265
1782763800,1.142665,1.14274,1.14259,1.1426
1782764100,1.1426,1.14266,1.14258,1.1426
1782764400,1.1426,1.14265,1.142575,1.14264
1782764700,1.14264,1.142675,1.14264,1.14264
1782765000,1.142635,1.142635,1.14247,1.14247
1782765300,1.14247,1.14247,1.142195,1.142305
1782765600,1.142305,1.14236,1.14225,1.14235
1782765900,1.142355,1.142405,1.14231,1.14233
1782766200,1.142325,1.14239,1.1423,1.14237
1782766500,1.142365,1.14244,1.14225,1.14225
1782766800,1.14225,1.14252,1.142185,1.142345
1782767100,1.142325,1.14245,1.142225,1.14245
1782767400,1.14244,1.142555,1.142435,1.14251
1782767700,1.14251,1.142515,1.142485,1.142485
1782768000,1.142485,1.142645,1.14245,1.142645
1782768300,1.142645,1.14267,1.142555,1.142645
1782768600,1.14261,1.14265,1.142515,1.142615
1782768900,1.142615,1.142645,1.14254,1.142625
1782769200,1.142625,1.14267,1.14258,1.142635
1782769500,1.142615,1.14267,1.14258,1.142625
1782769800,1.142635,1.14267,1.142525,1.14253
1782770100,1.14253,1.1426,1.142455,1.142525
1782770400,1.14255,1.142575,1.14242,1.142495
1782770700,1.1425,1.142515,1.142385,1.142415
1782771000,1.14242,1.14258,1.14241,1.142485
1782771300,1.142485,1.142545,1.142475,1.14254
1782771600,1.142545,1.142545,1.142435,1.142455
1782771900,1.142455,1.142475,1.142385,1.142425
1782772200,1.142425,1.142445,1.14239,1.142395
1782772500,1.1424,1.1424,1.142275,1.14228
1782772800,1.142275,1.142325,1.14225,1.1423
1782773100,1.1423,1.142365,1.142295,1.142355
1782773400,1.142355,1.142425,1.142345,1.142415
1782773700,1.142415,1.142545,1.14241,1.14251
1782774000,1.142505,1.14254,1.14246,1.14246
1782774300,1.14246,1.142485,1.142425,1.14247
1782774600,1.14247,1.14247,1.14241,1.14243
1782774900,1.14243,1.142435,1.14238,1.14242
1782775200,1.14242,1.1425,1.14241,1.142425
1782775500,1.142425,1.142435,1.142315,1.14232
1782775800,1.14232,1.14239,1.142315,1.142315
1782776100,1.142315,1.142315,1.14216,1.142165
1782776400,1.142165,1.142205,1.142155,1.142185
1782776700,1.142185,1.142185,1.14201,1.142175
1782777000,1.142175,1.142225,1.142145,1.142145
1782777300,1.142145,1.142145,1.141905,1.141915
1782777600,1.14191,1.142055,1.141745,1.141975
1782777900,1.14198,1.14198,1.141695,1.141695
1782778200,1.141695,1.141885,1.141675,1.141675
1782778500,1.141675,1.14171,1.141575,1.14163
1782778800,1.141625,1.14166,1.141515,1.141535
1782779100,1.141535,1.14158,1.141365,1.141465
1782779400,1.141465,1.141605,1.141455,1.14154
1782779700,1.14154,1.14167,1.141475,1.141525
1782780000,1.14153,1.14155,1.141355,1.141375
1782780300,1.141375,1.14154,1.141375,1.141515
1782780600,1.14152,1.14162,1.141255,1.14132
1782780900,1.14135,1.141695,1.141255,1.141635
1782781200,1.14164,1.14173,1.141455,1.141465
1782781500,1.141465,1.14148,1.141075,1.141135
1782781800,1.14113,1.14115,1.140615,1.140655
1782782100,1.140655,1.141125,1.140635,1.14102
1782782400,1.141025,1.14136,1.141025,1.14135
1782782700,1.14135,1.141555,1.1412,1.14149
1782783000,1.141485,1.141615,1.14138,1.141565
1782783300,1.141565,1.141615,1.141155,1.141175
1782783600,1.141195,1.141215,1.14062,1.140645
1782783900,1.140645,1.140725,1.140515,1.140615
1782784200,1.140625,1.140825,1.140435,1.140455
1782784500,1.140465,1.14059,1.14021,1.140415
1782784800,1.140425,1.14061,1.140345,1.140595
1782785100,1.140595,1.140595,1.140345,1.1404
1782785400,1.140395,1.140465,1.140345,1.140365
1782785700,1.140365,1.140365,1.140245,1.14029
1782786000,1.140285,1.140575,1.14028,1.140455
1782786300,1.140455,1.140515,1.140355,1.140355
1782786600,1.140345,1.140535,1.14033,1.140515
1782786900,1.140525,1.140645,1.140515,1.140635
1782787200,1.140635,1.14065,1.140375,1.140475
1782787500,1.140475,1.140565,1.14036,1.140385
1782787800,1.140385,1.140445,1.140175,1.14022
1782788100,1.140225,1.140375,1.140225,1.140365
1782788400,1.14036,1.140525,1.14036,1.140495
1782788700,1.140495,1.140515,1.14022,1.140245
1782789000,1.14024,1.140305,1.140175,1.140185
1782789300,1.140185,1.14031,1.139985,1.140055
1782789600,1.140055,1.14009,1.13993,1.13998
1782789900,1.13998,1.140115,1.139865,1.139925
1782790200,1.13992,1.14001,1.13985,1.139875
1782790500,1.139875,1.13994,1.139745,1.13977
1782790800,1.139765,1.13983,1.139705,1.139735
1782791100,1.139735,1.139785,1.139735,1.139775
1782791400,1.13978,1.139965,1.13978,1.139865
1782791700,1.13986,1.139895,1.139785,1.139855
1782792000,1.13985,1.139885,1.13975,1.13985
1782792300,1.139845,1.13991,1.1398,1.13981
1782792600,1.13981,1.139815,1.13971,1.1398
1782792900,1.139795,1.139835,1.139745,1.139795
1782793200,1.13979,1.139805,1.13957,1.139615
1782793500,1.139615,1.139655,1.139535,1.13965
1782793800,1.139645,1.139785,1.13961,1.139785
1782794100,1.139785,1.139885,1.13975,1.139845
1782794400,1.139845,1.139925,1.13978,1.13984
1782794700,1.139835,1.13984,1.139635,1.13964
1782795000,1.13964,1.139785,1.13954,1.13971
1782795300,1.139705,1.139725,1.1389,1.138915
1782795600,1.138925,1.139115,1.13864,1.138845
1782795900,1.13886,1.139145,1.138775,1.13899
1782796200,1.13899,1.139075,1.13883,1.139015
1782796500,1.139015,1.139205,1.138995,1.1391
1782796800,1.1391,1.13927,1.13904,1.13925
1782797100,1.139245,1.13926,1.139045,1.139105
1782797400,1.1391,1.139235,1.13909,1.13917
1782797700,1.13917,1.139205,1.139095,1.13919
1782798000,1.139195,1.139265,1.139135,1.13917
1782798300,1.13917,1.139175,1.139005,1.13911
1782798600,1.139105,1.139285,1.13904,1.13906
1782798900,1.139055,1.139055,1.13826,1.13848
1782799200,1.138475,1.138715,1.13836,1.138685
1782799500,1.138685,1.138835,1.138515,1.138805
1782799800,1.1388,1.138965,1.13864,1.13887
1782800100,1.138865,1.139035,1.138825,1.139025
1782800400,1.13902,1.139555,1.13898,1.139475
1782800700,1.139475,1.139845,1.13945,1.139735
1782801000,1.13973,1.13996,1.139655,1.139925
1782801300,1.13993,1.139955,1.139715,1.139785
1782801600,1.139775,1.140035,1.139775,1.13989
1782801900,1.139885,1.140075,1.139525,1.139865
1782802200,1.139865,1.140125,1.139675,1.140115
1782802500,1.14014,1.140375,1.140095,1.140315
1782802800,1.140305,1.14052,1.140125,1.140495
1782803100,1.140495,1.140665,1.140365,1.140445
1782803400,1.140445,1.14063,1.140395,1.140485
1782803700,1.140485,1.14056,1.140365,1.14047
1782804000,1.140465,1.140675,1.1404,1.14065
1782804300,1.14065,1.140955,1.14063,1.140645
1782804600,1.14065,1.140755,1.140505,1.140725
1782804900,1.140725,1.14073,1.140485,1.140575
1782805200,1.140565,1.140685,1.140365,1.140575
1782805500,1.140585,1.14064,1.140195,1.14023
1782805800,1.140225,1.140225,1.139835,1.139945
1782806100,1.13995,1.139955,1.139715,1.13988
1782806400,1.13987,1.139945,1.139115,1.139475
1782806700,1.13947,1.139895,1.13881,1.139035
1782807000,1.139035,1.13943,1.138965,1.138995
1782807300,1.13899,1.139225,1.13882,1.139115
1782807600,1.13912,1.139265,1.13902,1.13916
1782807900,1.139165,1.139355,1.139085,1.139265
1782808200,1.13927,1.13932,1.138945,1.139045
1782808500,1.139045,1.1391,1.13841,1.138615
1782808800,1.13862,1.138805,1.138565,1.138715
1782809100,1.138715,1.138735,1.13836,1.138725
1782809400,1.13873,1.13904,1.138565,1.139035
1782809700,1.13904,1.13938,1.139,1.139355
1782810000,1.13936,1.13942,1.139005,1.139365
1782810300,1.13935,1.139685,1.139165,1.139475
1782810600,1.139465,1.13953,1.13936,1.13936
1782810900,1.13935,1.13935,1.13917,1.13921
1782811200,1.139215,1.139485,1.13918,1.1392
1782811500,1.1392,1.139485,1.13919,1.139235
1782811800,1.139245,1.139275,1.13893,1.138945
1782812100,1.138945,1.13932,1.138915,1.139225
1782812400,1.139225,1.139475,1.139145,1.13943
1782812700,1.13943,1.139485,1.139345,1.13941
1782813000,1.13942,1.139735,1.13934,1.139675
1782813300,1.139675,1.13986,1.13954,1.13972
1782813600,1.139725,1.13982,1.139595,1.139675
1782813900,1.139675,1.13969,1.139455,1.139595
1782814200,1.139585,1.139585,1.13931,1.139485
1782814500,1.139485,1.13964,1.139365,1.139365
1782814800,1.139365,1.139565,1.139275,1.13936
1782815100,1.139355,1.139675,1.139355,1.13953
1782815400,1.139525,1.139585,1.13926,1.139515
1782815700,1.139515,1.14005,1.139485,1.13991
1782816000,1.13991,1.140095,1.139715,1.13995
1782816300,1.13995,1.13995,1.13976,1.139875
1782816600,1.139875,1.14001,1.139785,1.13997
1782816900,1.139975,1.14024,1.139815,1.1402
1782817200,1.140205,1.140295,1.140075,1.140185
1782817500,1.140175,1.140195,1.139865,1.13989
1782817800,1.13989,1.140075,1.139805,1.139915
1782818100,1.13992,1.13996,1.139595,1.139855
1782818400,1.139855,1.140135,1.1395,1.139775
1782818700,1.13976,1.13984,1.139625,1.13967
1782819000,1.139675,1.139695,1.139125,1.139265
1782819300,1.139265,1.139345,1.13866,1.138755
1782819600,1.13876,1.13986,1.138635,1.139705
1782819900,1.139705,1.13971,1.139425,1.139645
1782820200,1.139645,1.139655,1.13947,1.139515
1782820500,1.139505,1.139565,1.13925,1.139315
1782820800,1.13931,1.139405,1.13894,1.13933
1782821100,1.139325,1.139595,1.139265,1.13936
1782821400,1.139365,1.139655,1.139215,1.139595
1782821700,1.139595,1.13964,1.13937,1.139515
1782822000,1.139515,1.139515,1.138945,1.138965
1782822300,1.138955,1.13922,1.138865,1.13912
1782822600,1.139115,1.139635,1.138935,1.13946
1782822900,1.13947,1.139655,1.139385,1.13943
1782823200,1.13943,1.13989,1.139375,1.139825
1782823500,1.139825,1.139825,1.13933,1.139555
1782823800,1.139555,1.140295,1.13953,1.140225
1782824100,1.14023,1.14023,1.139595,1.139605
1782824400,1.139615,1.139715,1.139465,1.13953
1782824700,1.13953,1.140125,1.139435,1.140125
1782825000,1.14013,1.14026,1.139915,1.139975
1782825300,1.13999,1.140565,1.139975,1.140515
1782825600,1.140515,1.1407,1.140105,1.140165
1782825900,1.140175,1.14034,1.140015,1.140185
1782826200,1.1402,1.140365,1.13978,1.139895
1782826500,1.139895,1.1401,1.1397,1.13982
1782826800,1.13983,1.140125,1.13978,1.1401
1782827100,1.140095,1.140145,1.139725,1.13995
1782827400,1.139945,1.140155,1.13979,1.139885
1782827700,1.139875,1.13989,1.1396,1.139685
1782828000,1.13968,1.13979,1.139115,1.139785
1782828300,1.13978,1.14019,1.139705,1.140175
1782828600,1.14017,1.14068,1.14014,1.14068
1782828900,1.140675,1.14133,1.14063,1.14098
1782829200,1.14098,1.14159,1.140975,1.141465
1782829500,1.141475,1.14152,1.141225,1.14131
1782829800,1.14132,1.141645,1.14104,1.14122
1782830100,1.141215,1.141325,1.140875,1.14111
1782830400,1.141115,1.141975,1.141105,1.14191
1782830700,1.141915,1.142085,1.141605,1.141755
1782831000,1.14176,1.143015,1.141755,1.142865
1782831300,1.142865,1.143485,1.142525,1.1433
1782831600,1.14329,1.143665,1.14265,1.142815
1782831900,1.14281,1.14314,1.14268,1.142835
1782832200,1.142835,1.14288,1.14255,1.14261
1782832500,1.142605,1.1427,1.142335,1.142455
1782832800,1.14245,1.142495,1.142245,1.142415
1782833100,1.14242,1.14255,1.142165,1.14217
1782833400,1.142165,1.142615,1.14216,1.142305
1782833700,1.142315,1.14234,1.141875,1.14196
1782834000,1.141965,1.142065,1.141805,1.141805
1782834300,1.141815,1.14207,1.14171,1.14191
1782834600,1.14191,1.141915,1.141715,1.14178
1782834900,1.141795,1.141955,1.14151,1.1417
1782835200,1.141715,1.141795,1.141295,1.141305
1782835500,1.141305,1.14157,1.14122,1.141565
1782835800,1.14156,1.141605,1.141395,1.14151
1782836100,1.14151,1.141515,1.141235,1.14136
1782836400,1.14135,1.14163,1.14135,1.14149
1782836700,1.141485,1.141505,1.141285,1.141495
1782837000,1.141495,1.141545,1.14133,1.14136
1782837300,1.141355,1.141605,1.14132,1.141595
1782837600,1.141595,1.141745,1.141555,1.14165
1782837900,1.14164,1.141795,1.141615,1.141715
1782838200,1.141715,1.14182,1.141275,1.141295
1782838500,1.141305,1.14149,1.141255,1.141415
1782838800,1.14141,1.14193,1.14141,1.141785
1782839100,1.141785,1.141795,1.141505,1.141555
1782839400,1.14153,1.14163,1.141445,1.14145
1782839700,1.14145,1.14177,1.14145,1.141755
1782840000,1.141755,1.14176,1.141555,1.14172
1782840300,1.14172,1.141905,1.141675,1.14187
1782840600,1.141875,1.14195,1.14178,1.141845
1782840900,1.141855,1.14186,1.14169,1.141715
1782841200,1.141715,1.141895,1.141695,1.141895
1782841500,1.14189,1.142215,1.14186,1.1422
1782841800,1.142205,1.142235,1.142075,1.142105
1782842100,1.142105,1.142165,1.142035,1.142165
1782842400,1.142155,1.142445,1.142145,1.142445
1782842700,1.14245,1.142695,1.142425,1.142645
1782843000,1.142645,1.1427,1.14254,1.142645
1782843300,1.142645,1.142655,1.14239,1.14255
1782843600,1.142555,1.142705,1.142495,1.142555
1782843900,1.142555,1.142665,1.142515,1.142605
1782844200,1.142605,1.142685,1.142465,1.142515
1782844500,1.142505,1.14257,1.1423,1.142345
1782844800,1.142345,1.142345,1.14204,1.14209
1782845100,1.14209,1.1425,1.142085,1.14247
1782845400,1.142465,1.142645,1.14242,1.142435
1782845700,1.142425,1.142425,1.14191,1.142055
1782846000,1.14205,1.142245,1.141965,1.14216
1782846300,1.142165,1.142205,1.14196,1.142035
1782846600,1.142035,1.142215,1.142035,1.142095
1782846900,1.14208,1.14222,1.141995,1.14201
1782847200,1.14201,1.14204,1.141665,1.141705
1782847500,1.141705,1.14177,1.141585,1.14161
1782847800,1.141615,1.141895,1.141545,1.141885
1782848100,1.141885,1.141915,1.14183,1.141875
1782848400,1.14187,1.141925,1.14166,1.14182
1782848700,1.141815,1.14188,1.141805,1.14186
1782849000,1.141855,1.14186,1.141715,1.14184
1782849300,1.141845,1.142665,1.141845,1.14265
1782849600,1.142665,1.142735,1.14255,1.142715
1782849900,1.142715,1.14272,1.1425,1.14252
1782850200,1.14252,1.14256,1.142505,1.14255
1782850500,1.142555,1.14262,1.142395,1.14262
1782850800,1.14261,1.14262,1.14254,1.142545
1782851100,1.14254,1.142565,1.14242,1.14246
1782851400,1.142465,1.142495,1.142355,1.14242
1782851700,1.142415,1.14242,1.142255,1.142285
1782852000,1.142285,1.142355,1.14227,1.14235
1782852300,1.142345,1.14235,1.14219,1.142265
1782852600,1.14227,1.14235,1.142205,1.142205
1782852900,1.1422,1.142225,1.142065,1.14219
1782853200,1.14219,1.142275,1.142155,1.14225
1782853500,1.142345,1.142415,1.142235,1.142235
1782853800,1.14223,1.14229,1.142185,1.14226
1782854100,1.14226,1.14233,1.142175,1.14223
1782854400,1.14223,1.14223,1.141765,1.141865
1782854700,1.141865,1.142105,1.141855,1.142105
1782855000,1.142105,1.142155,1.14205,1.142105
1782855300,1.142105,1.142245,1.1421,1.14219
1782855600,1.14219,1.14221,1.142155,1.142165
1782855900,1.142185,1.14229,1.142155,1.142265
1782856200,1.142265,1.142295,1.14222,1.142275
1782856500,1.142275,1.1423,1.1422,1.142205
1782856800,1.1422,1.142285,1.142085,1.14218
1782857100,1.142185,1.14231,1.142185,1.14231
1782857400,1.14231,1.14231,1.142145,1.142155
1782857700,1.142155,1.142225,1.142155,1.142205
1782858000,1.142205,1.142225,1.142095,1.142125
1782858300,1.142125,1.142165,1.142115,1.14212
1782858600,1.14212,1.14214,1.142075,1.14213
1782858900,1.14213,1.14214,1.14213,1.14214
1782859200,1.14214,1.14216,1.142095,1.142125
1782859500,1.142125,1.142125,1.141895,1.141905
1782859800,1.14191,1.14192,1.141865,1.141905
1782860100,1.141905,1.142,1.141905,1.142
1782860400,1.142005,1.14203,1.14189,1.141935
1782860700,1.141935,1.141995,1.14193,1.14196
1782861000,1.14196,1.14196,1.14187,1.14191
1782861300,1.14191,1.14191,1.141895,1.141895
1782861600,1.14189,1.14194,1.141885,1.1419
1782861900,1.1419,1.1419,1.14166,1.141695
1782862200,1.14169,1.141835,1.141685,1.14181
1782862500,1.14181,1.14181,1.141645,1.14166
1782862800,1.14166,1.14166,1.14149,1.141495
1782863100,1.141495,1.14151,1.141405,1.141405
1782863400,1.141405,1.14146,1.14131,1.14131
1782863700,1.14131,1.141365,1.141255,1.141305
1782864000,1.14131,1.141415,1.14119,1.14136
1782864300,1.14136,1.1414,1.141255,1.14132
1782864600,1.141325,1.141375,1.14126,1.141305
1782864900,1.1413,1.14131,1.14103,1.14104
1782865200,1.141035,1.14126,1.141,1.14126
1782865500,1.14127,1.14137,1.141265,1.14128
1782865800,1.14128,1.1413,1.1412,1.14124
1782866100,1.141235,1.14132,1.14107,1.14126
1782866400,1.14126,1.141265,1.140955,1.14096
1782866700,1.140955,1.14105,1.14089,1.140915
1782867000,1.140905,1.14108,1.14086,1.140915
1782867300,1.1409,1.141075,1.140875,1.14096
1782867600,1.14095,1.14096,1.140735,1.14079
1782867900,1.140785,1.14079,1.14052,1.14052
1782868200,1.14052,1.140625,1.140455,1.140525
1782868500,1.140525,1.140825,1.14051,1.1408
1782868800,1.140805,1.140835,1.140645,1.140645
1782869100,1.140645,1.14074,1.14057,1.14066
1782869400,1.140675,1.14069,1.14051,1.140545
1782869700,1.140545,1.14062,1.14047,1.140585
1782870000,1.14058,1.14062,1.140505,1.140615
1782870300,1.14062,1.14074,1.140385,1.14046
1782870600,1.14046,1.14049,1.1403,1.140315
1782870900,1.140315,1.140485,1.140265,1.140445
1782871200,1.140445,1.140585,1.140425,1.140435
1782871500,1.14044,1.140525,1.140375,1.14044
1782871800,1.140435,1.140685,1.140365,1.140675
1782872100,1.140675,1.140775,1.140665,1.14072
1782872400,1.140715,1.140815,1.140685,1.14073
1782872700,1.14073,1.14073,1.140385,1.140425
1782873000,1.14042,1.140525,1.140265,1.140305
1782873300,1.140305,1.14052,1.140305,1.14049
1782873600,1.140485,1.140635,1.14042,1.140545
1782873900,1.14056,1.14072,1.14056,1.14057
1782874200,1.140575,1.1407,1.14054,1.140665
1782874500,1.14066,1.14069,1.14048,1.14056
1782874800,1.140565,1.140695,1.140535,1.14067
1782875100,1.14067,1.140815,1.14067,1.140765
1782875400,1.140765,1.140825,1.14071,1.14071
1782875700,1.14071,1.140755,1.14061,1.140615
1782876000,1.140615,1.140625,1.140505,1.140515
1782876300,1.140515,1.14056,1.14045,1.140525
1782876600,1.140525,1.140585,1.140195,1.140225
1782876900,1.140225,1.140465,1.14022,1.14045
1782877200,1.14045,1.14053,1.14017,1.140215
1782877500,1.14021,1.14034,1.140205,1.140265
1782877800,1.140265,1.14033,1.140235,1.140245
1782878100,1.140245,1.14044,1.140195,1.140415
1782878400,1.14042,1.140455,1.140315,1.14037
1782878700,1.140375,1.140375,1.140265,1.140285
1782879000,1.140285,1.14049,1.140255,1.14048
1782879300,1.140485,1.140485,1.14038,1.140385
1782879600,1.140385,1.140465,1.140325,1.14039
1782879900,1.14039,1.14049,1.140305,1.140475
1782880200,1.140475,1.14087,1.14046,1.140745
1782880500,1.140745,1.140885,1.14073,1.140815
1782880800,1.140815,1.14088,1.140765,1.140815
1782881100,1.14081,1.141085,1.140805,1.140935
1782881400,1.140935,1.14104,1.14093,1.140975
1782881700,1.14096,1.14099,1.140865,1.140865
1782882000,1.140865,1.14098,1.14074,1.14086
1782882300,1.14086,1.140985,1.14085,1.14093
1782882600,1.140935,1.14094,1.140855,1.140915
1782882900,1.140915,1.14097,1.140805,1.14095
1782883200,1.14094,1.141015,1.14093,1.140955
1782883500,1.140945,1.14104,1.140915,1.140985
1782883800,1.140985,1.141055,1.140905,1.14093
1782884100,1.140925,1.140925,1.140765,1.140835
1782884400,1.140835,1.141045,1.14078,1.14102
1782884700,1.141015,1.141025,1.140785,1.140815
1782885000,1.140815,1.14091,1.140515,1.140515
1782885300,1.14049,1.140605,1.140305,1.14058
1782885600,1.140575,1.140955,1.14057,1.14079
1782885900,1.140785,1.14082,1.140435,1.14048
1782886200,1.14047,1.14047,1.140175,1.14025
1782886500,1.14024,1.140485,1.1402,1.140405
1782886800,1.1404,1.140435,1.14019,1.14041
1782887100,1.140415,1.14044,1.140225,1.14024
1782887400,1.140245,1.140475,1.140245,1.1404
1782887700,1.14039,1.140495,1.140285,1.140325
1782888000,1.14032,1.14037,1.140035,1.14018
1782888300,1.140175,1.140415,1.140155,1.140245
1782888600,1.14025,1.140385,1.140205,1.140385
1782888900,1.140385,1.14039,1.14024,1.140305
1782889200,1.1403,1.14043,1.139815,1.140245
1782889500,1.140255,1.140275,1.139835,1.13984
1782889800,1.139845,1.139845,1.139615,1.139675
1782890100,1.139675,1.13974,1.13946,1.139495
1782890400,1.139495,1.139605,1.13942,1.139495
1782890700,1.13949,1.139575,1.13932,1.139335
1782891000,1.139335,1.139785,1.13932,1.139685
1782891300,1.13969,1.139875,1.139665,1.13983
1782891600,1.13983,1.139975,1.139755,1.13984
1782891900,1.139835,1.139985,1.13972,1.139785
1782892200,1.13978,1.139975,1.13978,1.13993
1782892500,1.139925,1.14038,1.139925,1.140215
1782892800,1.140205,1.140225,1.139985,1.139985
1782893100,1.139985,1.140225,1.139945,1.140145
1782893400,1.140145,1.14019,1.139975,1.140025
1782893700,1.140015,1.140385,1.140015,1.140215
1782894000,1.14022,1.14023,1.13979,1.139875
1782894300,1.139895,1.140015,1.139555,1.13963
1782894600,1.139625,1.1397,1.139415,1.139695
1782894900,1.139695,1.139845,1.139515,1.139745
1782895200,1.13975,1.140045,1.139745,1.139955
1782895500,1.139965,1.139985,1.139705,1.13982
1782895800,1.13983,1.140055,1.139755,1.140025
1782896100,1.14003,1.140195,1.13949,1.13966
1782896400,1.139655,1.13997,1.139425,1.139915
1782896700,1.13992,1.13993,1.1394,1.139455
1782897000,1.13947,1.139875,1.13947,1.139775
1782897300,1.139775,1.139775,1.1393,1.139315
1782897600,1.139315,1.13951,1.139305,1.13942
1782897900,1.139415,1.13946,1.1392,1.13924
1782898200,1.139235,1.139235,1.138905,1.13901
1782898500,1.13901,1.139155,1.138815,1.13882
1782898800,1.138825,1.13901,1.138695,1.138915
1782899100,1.13892,1.138955,1.1388,1.13888
1782899400,1.138875,1.1389,1.13853,1.138865
1782899700,1.13887,1.138925,1.138765,1.138795
1782900000,1.138795,1.138875,1.138615,1.138775
1782900300,1.13878,1.13896,1.13877,1.13888
1782900600,1.13887,1.138945,1.138795,1.13894
1782900900,1.13894,1.13943,1.13893,1.139395
1782901200,1.139395,1.139435,1.139185,1.139185
1782901500,1.13919,1.139455,1.13918,1.139455
1782901800,1.139455,1.139645,1.139405,1.139635
1782902100,1.139635,1.13978,1.139595,1.13973
1782902400,1.13973,1.13973,1.139555,1.139615
1782902700,1.13961,1.139795,1.139595,1.139785
1782903000,1.13978,1.139975,1.13976,1.139935
1782903300,1.13993,1.140045,1.139755,1.139805
1782903600,1.139815,1.139905,1.139395,1.139515
1782903900,1.139515,1.139575,1.139355,1.13948
1782904200,1.13947,1.13956,1.139195,1.139355
1782904500,1.13936,1.13948,1.139255,1.139455
1782904800,1.139455,1.139475,1.139315,1.139455
1782905100,1.139465,1.139525,1.139395,1.13952
1782905400,1.139515,1.13953,1.13931,1.139445
1782905700,1.139445,1.13959,1.139405,1.139435
1782906000,1.139435,1.13962,1.139425,1.13952
1782906300,1.139515,1.139525,1.139045,1.139055
1782906600,1.139055,1.139345,1.138975,1.138975
1782906900,1.13897,1.13907,1.138485,1.138555
1782907200,1.13856,1.138795,1.13851,1.138665
1782907500,1.13865,1.138675,1.13821,1.138245
1782907800,1.13828,1.138325,1.13806,1.13827
1782908100,1.13828,1.138725,1.13828,1.13871
1782908400,1.138705,1.138725,1.13828,1.13837
1782908700,1.13837,1.138485,1.1381,1.138115
1782909000,1.138125,1.138375,1.137705,1.13771
1782909300,1.137715,1.137735,1.136965,1.136975
1782909600,1.136985,1.137485,1.13691,1.13733
1782909900,1.13733,1.137475,1.137045,1.137405
1782910200,1.13741,1.13753,1.137185,1.137315
1782910500,1.137315,1.137345,1.13706,1.137105
1782910800,1.13711,1.137515,1.137045,1.137435
1782911100,1.137435,1.137475,1.137085,1.137445
1782911400,1.137445,1.137445,1.13618,1.136205
1782911700,1.136205,1.137225,1.136205,1.13696
1782912000,1.136955,1.138095,1.13695,1.138005
1782912300,1.138,1.138765,1.137775,1.13857
1782912600,1.138565,1.139475,1.138345,1.138975
1782912900,1.13897,1.13923,1.1385,1.13878
1782913200,1.138775,1.140495,1.138715,1.14047
1782913500,1.140475,1.141175,1.140265,1.140405
1782913800,1.1404,1.140535,1.139775,1.139825
1782914100,1.139825,1.139915,1.139235,1.13954
1782914400,1.139545,1.140275,1.13916,1.13933
1782914700,1.139325,1.140285,1.139235,1.14028
1782915000,1.140275,1.140555,1.139915,1.140015
1782915300,1.140015,1.14004,1.13938,1.139425
1782915600,1.139445,1.139795,1.139225,1.139235
1782915900,1.139235,1.139405,1.13902,1.13918
1782916200,1.139175,1.14015,1.13907,1.140145
1782916500,1.14014,1.14015,1.139475,1.139625
1782916800,1.139615,1.139925,1.139355,1.13945
1782917100,1.139455,1.139895,1.13919,1.139235
1782917400,1.139225,1.139235,1.13863,1.138635
1782917700,1.13863,1.13955,1.138475,1.139545
1782918000,1.139555,1.139615,1.138855,1.138945
1782918300,1.13895,1.139405,1.13862,1.138635
1782918600,1.13863,1.138845,1.138595,1.13872
1782918900,1.138715,1.138755,1.138425,1.138485
1782919200,1.138485,1.138965,1.138475,1.13889
1782919500,1.1389,1.1393,1.13884,1.139245
1782919800,1.13924,1.13943,1.138275,1.138295
1782920100,1.13829,1.13856,1.138145,1.13837
1782920400,1.138365,1.1384,1.137895,1.13804
1782920700,1.138045,1.13833,1.137955,1.13824
1782921000,1.138245,1.13871,1.138225,1.13854
1782921300,1.138535,1.138745,1.138315,1.138375
1782921600,1.13838,1.13926,1.138375,1.139215
1782921900,1.13921,1.13942,1.138975,1.13902
1782922200,1.13902,1.13915,1.138685,1.138765
1782922500,1.13877,1.13878,1.13832,1.13841
1782922800,1.138415,1.138725,1.1384,1.13859
1782923100,1.138595,1.138935,1.138505,1.13857
1782923400,1.138565,1.138585,1.13826,1.13833
1782923700,1.138335,1.13834,1.138075,1.13811
1782924000,1.13812,1.138265,1.138065,1.13815
1782924300,1.138145,1.138375,1.138125,1.13822
1782924600,1.138215,1.138245,1.138025,1.138115
1782924900,1.13811,1.138405,1.137985,1.13823
1782925200,1.138235,1.138515,1.138205,1.138305
1782925500,1.1383,1.13844,1.138245,1.13833
1782925800,1.13834,1.138375,1.138005,1.138015
1782926100,1.138015,1.13836,1.1379,1.13834
1782926400,1.13834,1.138475,1.13826,1.13838
1782926700,1.138385,1.138595,1.13834,1.13849
1782927000,1.138495,1.1386,1.13843,1.13847
1782927300,1.138475,1.13854,1.13819,1.13823
1782927600,1.13823,1.138285,1.13801,1.13802
1782927900,1.13801,1.138275,1.137975,1.13821
1782928200,1.138215,1.13826,1.13802,1.13804
1782928500,1.13804,1.13814,1.137975,1.138105
1782928800,1.138115,1.1383,1.138055,1.13812
1782929100,1.138125,1.138135,1.13788,1.137885
1782929400,1.137885,1.137935,1.13778,1.13789
1782929700,1.137885,1.137885,1.137565,1.13763
1782930000,1.137635,1.137785,1.137535,1.13765
1782930300,1.137645,1.137745,1.137555,1.137735
1782930600,1.137735,1.137895,1.137635,1.1378
1782930900,1.137795,1.137915,1.137745,1.137885
1782931200,1.137885,1.13798,1.137785,1.13797
1782931500,1.137975,1.137975,1.13784,1.13784
1782931800,1.137845,1.137905,1.13777,1.13784
1782932100,1.137835,1.138045,1.13782,1.13799
1782932400,1.13799,1.138165,1.137975,1.13804
1782932700,1.138045,1.138105,1.138,1.138085
1782933000,1.13809,1.13811,1.13792,1.137955
1782933300,1.137955,1.13801,1.137785,1.13781
1782933600,1.13782,1.13788,1.13775,1.137785
1782933900,1.137785,1.138,1.13777,1.13796
1782934200,1.13796,1.13804,1.13786,1.13799
1782934500,1.13799,1.13807,1.13795,1.13804
1782934800,1.138035,1.138045,1.13794,1.13804
1782935100,1.138045,1.13811,1.13797,1.13809
1782935400,1.138095,1.138105,1.13778,1.137795
1782935700,1.137805,1.13796,1.137785,1.137885
1782936000,1.13787,1.137945,1.137835,1.137875
1782936300,1.137875,1.13789,1.13777,1.137775
1782936600,1.13777,1.137825,1.13775,1.137795
1782936900,1.137795,1.137835,1.137645,1.137655
1782937200,1.137655,1.137745,1.137605,1.137725
1782937500,1.137715,1.137715,1.137625,1.137655
1782937800,1.137645,1.137725,1.137585,1.137595
1782938100,1.137595,1.137665,1.13758,1.137635
1782938400,1.137625,1.137625,1.13742,1.137465
1782938700,1.13746,1.137625,1.13739,1.137625
1782939000,1.13763,1.13774,1.137625,1.13765
1782939300,1.137655,1.137855,1.137565,1.137695
1782939600,1.1377,1.137815,1.13769,1.13776
1782939900,1.13773,1.137865,1.137685,1.137855
1782940200,1.13785,1.137865,1.13781,1.13785
1782940500,1.13785,1.1379,1.137825,1.13785
1782940800,1.13785,1.13786,1.13784,1.137845
1782941100,1.137845,1.13792,1.13782,1.13792
1782941400,1.13792,1.13795,1.13789,1.137895
1782941700,1.137895,1.13792,1.13787,1.1379
1782942000,1.1379,1.13793,1.137895,1.137915
1782942300,1.137895,1.13792,1.13787,1.13787
1782942600,1.13787,1.13791,1.13786,1.137895
1782942900,1.137895,1.137915,1.13785,1.13786
1782943200,1.137855,1.137855,1.13773,1.13775
1782943500,1.137745,1.13787,1.13773,1.13783
1782943800,1.137825,1.13785,1.137795,1.137815
1782944100,1.137815,1.137885,1.137795,1.137885
1782944400,1.13788,1.137965,1.13788,1.13796
1782944700,1.13796,1.13796,1.137905,1.13792
1782945000,1.13792,1.13795,1.137865,1.137935
1782945300,1.137935,1.137955,1.13792,1.13794
1782945600,1.13794,1.13796,1.13793,1.13793
1782945900,1.13793,1.13794,1.137865,1.13789
1782946200,1.13789,1.13789,1.13785,1.137855
1782946500,1.137855,1.1379,1.137855,1.1379
1782946800,1.1379,1.1379,1.13786,1.13787
1782947100,1.13787,1.137875,1.137845,1.137845
1782947400,1.137845,1.13786,1.13779,1.13785
1782947700,1.137855,1.137855,1.13775,1.13779
1782948000,1.13779,1.13786,1.137765,1.137805
1782948300,1.137805,1.137825,1.137795,1.13781
1782948600,1.137815,1.13783,1.13777,1.13781
1782948900,1.13781,1.137815,1.137775,1.137795
1782949200,1.137795,1.137855,1.137775,1.13785
1782949500,1.13785,1.137855,1.137765,1.137795
1782949800,1.1378,1.13781,1.137725,1.137795
1782950100,1.137795,1.137845,1.137745,1.13776
1782950400,1.137755,1.137975,1.137635,1.137925
1782950700,1.13792,1.13834,1.137905,1.13821
1782951000,1.138205,1.138235,1.138025,1.138055
1782951300,1.138055,1.138055,1.137795,1.137795
1782951600,1.13779,1.137895,1.137785,1.137875
1782951900,1.137875,1.137875,1.137655,1.137685
1782952200,1.137685,1.137715,1.1375,1.137515
1782952500,1.137515,1.137675,1.137515,1.137665
1782952800,1.137665,1.137875,1.13764,1.13775
1782953100,1.13775,1.13796,1.13774,1.13793
1782953400,1.13794,1.13794,1.13773,1.13779
1782953700,1.137785,1.137785,1.137595,1.13766
1782954000,1.137665,1.137895,1.13764,1.137825
1782954300,1.13782,1.13795,1.137775,1.13791
1782954600,1.137905,1.138015,1.137775,1.13794
1782954900,1.137945,1.13797,1.137775,1.137895
1782955200,1.137885,1.138035,1.137835,1.137965
1782955500,1.137965,1.137975,1.137815,1.137925
1782955800,1.13793,1.137945,1.13775,1.137845
1782956100,1.13784,1.138145,1.1378,1.138145
1782956400,1.138155,1.138305,1.138125,1.138135
1782956700,1.13813,1.138535,1.13808,1.13851
1782957000,1.13851,1.13858,1.138335,1.138375
1782957300,1.13837,1.13837,1.138105,1.13816
1782957600,1.13816,1.13842,1.13816,1.138385
1782957900,1.13839,1.13848,1.138345,1.13841
1782958200,1.13841,1.13867,1.138345,1.13866
1782958500,1.138665,1.138855,1.138615,1.138835
1782958800,1.138835,1.138835,1.138505,1.138515
1782959100,1.138515,1.13853,1.138405,1.138515
1782959400,1.138515,1.138645,1.13848,1.13864
1782959700,1.138635,1.138635,1.138475,1.138475
1782960000,1.138475,1.138515,1.13841,1.138445
1782960300,1.138445,1.13851,1.138355,1.138355
1782960600,1.138355,1.138475,1.138265,1.13834
1782960900,1.13834,1.13834,1.138115,1.138215
1782961200,1.13821,1.138345,1.138135,1.138135
1782961500,1.13814,1.13822,1.13806,1.13806
1782961800,1.138065,1.138085,1.137895,1.13798
1782962100,1.13798,1.13806,1.13785,1.137865
1782962400,1.137865,1.137915,1.137815,1.13787
1782962700,1.137865,1.138025,1.137815,1.138015
1782963000,1.13802,1.13814,1.13801,1.138015
1782963300,1.13801,1.138075,1.13793,1.13801
1782963600,1.13801,1.13813,1.138005,1.13809
1782963900,1.138075,1.138095,1.137985,1.138065
1782964200,1.138065,1.138125,1.13793,1.137965
1782964500,1.13796,1.138255,1.13794,1.138235
1782964800,1.138245,1.138745,1.138235,1.13838
1782965100,1.13839,1.138725,1.138375,1.13866
1782965400,1.13866,1.138695,1.138485,1.13859
1782965700,1.138585,1.138605,1.138485,1.138555
1782966000,1.13855,1.13863,1.138395,1.138495
1782966300,1.13849,1.138575,1.13845,1.138465
1782966600,1.13846,1.138635,1.138445,1.138605
1782966900,1.138605,1.138645,1.138545,1.138615
1782967200,1.138605,1.138615,1.138555,1.138585
1782967500,1.138585,1.138625,1.138545,1.138555
1782967800,1.13856,1.13884,1.138555,1.13871
1782968100,1.13872,1.138775,1.138655,1.138685
1782968400,1.138675,1.13879,1.138675,1.1387
1782968700,1.13869,1.138865,1.13856,1.13872
1782969000,1.138725,1.13877,1.13861,1.13864
1782969300,1.138635,1.13867,1.13855,1.13861
1782969600,1.13861,1.138675,1.13856,1.13865
1782969900,1.13865,1.138655,1.138395,1.13846
1782970200,1.13845,1.138455,1.13816,1.138305
1782970500,1.138305,1.13836,1.13823,1.138265
1782970800,1.138265,1.13854,1.138265,1.138405
1782971100,1.13841,1.138515,1.138365,1.138405
1782971400,1.138405,1.138585,1.138405,1.138425
1782971700,1.138415,1.138625,1.138345,1.138585
1782972000,1.13858,1.138955,1.13855,1.138885
1782972300,1.138885,1.139165,1.13873,1.13879
1782972600,1.13878,1.139155,1.13878,1.138915
1782972900,1.138915,1.13894,1.138625,1.138755
1782973200,1.138755,1.13888,1.138645,1.13877
1782973500,1.138775,1.138875,1.13868,1.138755
1782973800,1.138765,1.138915,1.138715,1.138865
1782974100,1.13887,1.138945,1.1388,1.138885
1782974400,1.138885,1.139155,1.138845,1.139135
1782974700,1.139145,1.13998,1.139075,1.139925
1782975000,1.139935,1.140445,1.139445,1.13945
1782975300,1.139455,1.139745,1.13942,1.139465
1782975600,1.13947,1.13949,1.139175,1.139305
1782975900,1.13931,1.139455,1.139055,1.139425
1782976200,1.139425,1.13972,1.139325,1.139545
1782976500,1.139555,1.139715,1.139305,1.13946
1782976800,1.13946,1.13997,1.13944,1.13991
1782977100,1.139915,1.140155,1.139775,1.140065
1782977400,1.14007,1.140125,1.139695,1.139735
1782977700,1.139735,1.140225,1.139605,1.140205
1782978000,1.140205,1.140725,1.140195,1.140545
1782978300,1.14056,1.140565,1.140255,1.14047
1782978600,1.140485,1.140935,1.140305,1.140925
1782978900,1.14092,1.140925,1.140675,1.140785
1782979200,1.140775,1.141495,1.140695,1.14141
1782979500,1.141405,1.141805,1.14127,1.141475
1782979800,1.141475,1.141795,1.141475,1.141705
1782980100,1.14169,1.141805,1.141525,1.14171
1782980400,1.141705,1.141875,1.14149,1.14151
1782980700,1.14152,1.14174,1.141365,1.141665
1782981000,1.14166,1.14166,1.141285,1.14159
1782981300,1.141595,1.14176,1.14141,1.141645
1782981600,1.141655,1.141995,1.141545,1.141655
1782981900,1.141655,1.142115,1.141565,1.142015
1782982200,1.142015,1.142075,1.14174,1.141775
1782982500,1.14178,1.142035,1.14167,1.14201
1782982800,1.142015,1.142125,1.141495,1.141495
1782983100,1.141495,1.14157,1.14096,1.141165
1782983400,1.14116,1.141395,1.1411,1.14131
1782983700,1.141305,1.141625,1.14128,1.141515
1782984000,1.14151,1.141585,1.141235,1.141415
1782984300,1.141415,1.141415,1.140935,1.140965
1782984600,1.14097,1.141105,1.140905,1.141095
1782984900,1.141095,1.141415,1.141095,1.141275
1782985200,1.141275,1.141395,1.141145,1.141235
1782985500,1.141235,1.141375,1.141135,1.14128
1782985800,1.141285,1.141485,1.141155,1.141155
1782986100,1.141155,1.141435,1.140975,1.140975
1782986400,1.140975,1.141105,1.140785,1.140835
1782986700,1.140835,1.141005,1.140795,1.140905
1782987000,1.140905,1.14095,1.14073,1.140745
1782987300,1.14075,1.14081,1.14064,1.14069
1782987600,1.14069,1.1407,1.1405,1.140605
1782987900,1.140605,1.140795,1.140575,1.14072
1782988200,1.140715,1.140715,1.1405,1.14063
1782988500,1.140635,1.14068,1.14032,1.14046
1782988800,1.14046,1.14066,1.140435,1.140595
1782989100,1.140595,1.140855,1.140595,1.140725
1782989400,1.140725,1.141005,1.140665,1.14099
1782989700,1.140995,1.141135,1.140695,1.141045
1782990000,1.141055,1.14109,1.14083,1.140925
1782990300,1.140925,1.140975,1.140715,1.140975
1782990600,1.140965,1.141175,1.140965,1.141015
1782990900,1.14102,1.141475,1.141015,1.141465
1782991200,1.14145,1.14145,1.141285,1.141355
1782991500,1.14134,1.14139,1.14115,1.141325
1782991800,1.14133,1.141455,1.141175,1.14122
1782992100,1.141225,1.141255,1.1411,1.14114
1782992400,1.141145,1.141155,1.140745,1.14079
1782992700,1.140795,1.14083,1.140555,1.140615
1782993000,1.14062,1.140655,1.140245,1.140285
1782993300,1.140285,1.140405,1.14005,1.14039
1782993600,1.140385,1.14048,1.140055,1.140315
1782993900,1.140315,1.140405,1.139825,1.13985
1782994200,1.139855,1.140115,1.139855,1.139875
1782994500,1.139885,1.139985,1.13956,1.139575
1782994800,1.13957,1.13994,1.13954,1.139925
1782995100,1.139925,1.140145,1.139885,1.139935
1782995400,1.139935,1.1451,1.1399,1.144975
1782995700,1.144985,1.146255,1.144865,1.146255
1782996000,1.146255,1.147185,1.145645,1.147155
1782996300,1.14716,1.147275,1.14552,1.14587
1782996600,1.14585,1.146295,1.145365,1.14559
1782996900,1.145595,1.14569,1.14483,1.145145
1782997200,1.14514,1.14554,1.144545,1.145525
1782997500,1.145515,1.14553,1.144445,1.144505
1782997800,1.14452,1.145305,1.144505,1.14499
1782998100,1.14498,1.145015,1.144575,1.144905
1782998400,1.144905,1.14491,1.144175,1.144275
1782998700,1.144285,1.14446,1.14386,1.144105
1782999000,1.144095,1.145185,1.143945,1.144895
1782999300,1.144885,1.145155,1.14427,1.14464
1782999600,1.144635,1.14499,1.14427,1.144775
1782999900,1.14477,1.145135,1.14462,1.144855
1783000200,1.14485,1.145375,1.144785,1.144885
1783000500,1.144885,1.145335,1.144835,1.145085
1783000800,1.145095,1.145185,1.14436,1.14452
1783001100,1.144525,1.145505,1.144425,1.145245
1783001400,1.14525,1.14583,1.144965,1.14566
1783001700,1.145655,1.145815,1.145355,1.145485
1783002000,1.145475,1.145525,1.144855,1.144965
1783002300,1.14497,1.14507,1.144205,1.144265
1783002600,1.14427,1.144545,1.14395,1.144025
1783002900,1.144025,1.144255,1.14376,1.14377
1783003200,1.143775,1.143865,1.14337,1.143555
1783003500,1.14356,1.144125,1.143475,1.144025
1783003800,1.14403,1.14434,1.1439,1.143935
1783004100,1.14394,1.144455,1.14394,1.144395
1783004400,1.144395,1.144745,1.143975,1.14448
1783004700,1.144485,1.144775,1.144265,1.144705
1783005000,1.144715,1.14478,1.14446,1.144515
1783005300,1.144515,1.14453,1.14407,1.144325
1783005600,1.144335,1.1448,1.1443,1.144445
1783005900,1.144445,1.14461,1.144055,1.14407
1783006200,1.144065,1.14487,1.14406,1.144705
1783006500,1.144715,1.14498,1.144695,1.144695
1783006800,1.144715,1.144725,1.14437,1.144475
1783007100,1.144475,1.144585,1.144315,1.144315
1783007400,1.144325,1.144505,1.14421,1.144465
1783007700,1.144475,1.144795,1.144475,1.14475
1783008000,1.14476,1.144825,1.144405,1.14465
1783008300,1.144655,1.144675,1.144145,1.14434
1783008600,1.14435,1.14451,1.14407,1.144305
1783008900,1.144325,1.144335,1.14382,1.143835
1783009200,1.143845,1.143935,1.143735,1.143805
1783009500,1.143805,1.143985,1.143595,1.143645
1783009800,1.143645,1.14375,1.143545,1.14362
1783010100,1.143615,1.14382,1.143535,1.14369
1783010400,1.14369,1.143995,1.143595,1.143965
1783010700,1.143945,1.144105,1.14392,1.143995
1783011000,1.14399,1.144005,1.143775,1.143825
1783011300,1.14383,1.144045,1.143705,1.143785
1783011600,1.143775,1.143775,1.143465,1.143505
1783011900,1.143505,1.143585,1.143245,1.1434
1783012200,1.143405,1.143605,1.143395,1.143475
1783012500,1.14348,1.14349,1.143235,1.1434
1783012800,1.143395,1.1435,1.143235,1.1433
1783013100,1.14331,1.14331,1.14298,1.143135
1783013400,1.14313,1.143355,1.14312,1.14315
1783013700,1.143145,1.143165,1.142995,1.142995
1783014000,1.143005,1.143065,1.142935,1.142945
1783014300,1.142945,1.143175,1.14289,1.14299
1783014600,1.142995,1.143205,1.142885,1.143145
1783014900,1.143145,1.143205,1.142955,1.14306
1783015200,1.143065,1.143375,1.143015,1.143345
1783015500,1.143345,1.14361,1.143335,1.14361
1783015800,1.143605,1.143645,1.143185,1.143195
1783016100,1.143195,1.143295,1.142955,1.143055
1783016400,1.14305,1.14322,1.143005,1.14321
1783016700,1.14321,1.143475,1.143185,1.14332
1783017000,1.143315,1.143705,1.14324,1.143605
1783017300,1.143605,1.143625,1.143505,1.14355
1783017600,1.14355,1.14355,1.1433,1.143305
1783017900,1.1433,1.14337,1.14323,1.143365
1783018200,1.143365,1.143415,1.14328,1.143315
1783018500,1.143315,1.143375,1.143245,1.1433
1783018800,1.143305,1.14339,1.143025,1.143065
1783019100,1.14306,1.143335,1.14306,1.14333
1783019400,1.143335,1.14335,1.143155,1.143245
1783019700,1.14325,1.143265,1.14308,1.143105
1783020000,1.143105,1.14311,1.14293,1.14295
1783020300,1.142955,1.143035,1.142905,1.142945
1783020600,1.14295,1.143105,1.142885,1.14293
1783020900,1.142935,1.14294,1.142775,1.142835
1783021200,1.142835,1.14294,1.142835,1.1429
1783021500,1.142895,1.142935,1.142625,1.142685
1783021800,1.1427,1.143025,1.1427,1.143
1783022100,1.143005,1.143195,1.14299,1.14309
1783022400,1.14308,1.143155,1.142955,1.143155
1783022700,1.14316,1.143265,1.14316,1.143255
1783023000,1.143255,1.14326,1.1432,1.14323
1783023300,1.14323,1.1434,1.14323,1.143395
1783023600,1.143395,1.14352,1.143395,1.143515
1783023900,1.143505,1.143575,1.143485,1.1435
1783024200,1.1435,1.1435,1.143395,1.143415
1783024500,1.143415,1.14343,1.143345,1.143345
1783024800,1.14335,1.14335,1.14326,1.1433
1783025100,1.143305,1.143485,1.14329,1.143465
1783025400,1.143475,1.143555,1.143395,1.143415
1783025700,1.143405,1.143425,1.14319,1.14319
1783026000,1.14317,1.14336,1.143075,1.14325
1783026300,1.143235,1.143495,1.143235,1.143445
1783026600,1.143445,1.14363,1.143395,1.143395
1783026900,1.143435,1.143435,1.143155,1.143295
1783027200,1.143295,1.143555,1.143295,1.1435
1783027500,1.1435,1.14354,1.143465,1.1435
1783027800,1.14349,1.143525,1.14333,1.14339
1783028100,1.14339,1.143395,1.14333,1.14335
1783028400,1.14335,1.143395,1.14321,1.14324
1783028700,1.143255,1.143265,1.14315,1.143195
1783029000,1.143195,1.143195,1.143115,1.14317
1783029300,1.14317,1.14341,1.143155,1.143405
1783029600,1.143405,1.14355,1.14339,1.143545
1783029900,1.14354,1.14354,1.14342,1.14343
1783030200,1.14343,1.14345,1.14338,1.143385
1783030500,1.14339,1.14339,1.14329,1.143325
1783030800,1.14333,1.14334,1.143235,1.143235
1783031100,1.143235,1.14325,1.14312,1.143155
1783031400,1.143155,1.14316,1.143055,1.14306
1783031700,1.14306,1.143105,1.143,1.143015
1783032000,1.14301,1.143025,1.142805,1.14291
1783032300,1.14291,1.142945,1.142805,1.14289
1783032600,1.14289,1.14289,1.14278,1.14279
1783032900,1.14279,1.142915,1.14279,1.1429
1783033200,1.142905,1.14292,1.14282,1.142865
1783033500,1.142865,1.14295,1.142855,1.142855
1783033800,1.142855,1.142945,1.1428,1.142815
1783034100,1.142815,1.142915,1.142815,1.142915
1783034400,1.142915,1.14301,1.142875,1.143
1783034700,1.143,1.143065,1.143,1.143015
1783035000,1.143015,1.143015,1.14278,1.142785
1783035300,1.142785,1.142785,1.142395,1.14248
1783035600,1.14248,1.14264,1.14246,1.142605
1783035900,1.142605,1.14267,1.1425,1.14255
1783036200,1.14255,1.14257,1.142295,1.142345
1783036500,1.142345,1.142345,1.142185,1.142245
1783036800,1.142255,1.142455,1.1422,1.142285
1783037100,1.142295,1.1423,1.14207,1.142145
1783037400,1.14214,1.142315,1.142085,1.14221
1783037700,1.14221,1.142275,1.142065,1.142275
1783038000,1.142295,1.142315,1.142155,1.142285
1783038300,1.14228,1.14235,1.14217,1.14221
1783038600,1.142205,1.14223,1.142085,1.142115
1783038900,1.14211,1.14222,1.142105,1.14216
1783039200,1.14216,1.142215,1.142095,1.14221
1783039500,1.14221,1.142465,1.14221,1.14239
1783039800,1.14239,1.142795,1.142355,1.14279
1783040100,1.142785,1.14309,1.142585,1.14307
1783040400,1.143065,1.1434,1.143015,1.143355
1783040700,1.143355,1.14341,1.14304,1.143315
1783041000,1.14331,1.143745,1.143285,1.143735
1783041300,1.143745,1.144205,1.14369,1.144195
1783041600,1.1442,1.144465,1.144135,1.1444
1783041900,1.1444,1.144405,1.14393,1.14394
1783042200,1.143935,1.14422,1.14381,1.144205
1783042500,1.144215,1.144305,1.143835,1.14391
1783042800,1.143905,1.144165,1.143895,1.1441
1783043100,1.1441,1.1441,1.143735,1.143815
1783043400,1.143815,1.143835,1.14363,1.143785
1783043700,1.143785,1.143845,1.14364,1.1437
1783044000,1.143705,1.143765,1.14359,1.143655
1783044300,1.143645,1.144165,1.143645,1.14416
1783044600,1.144165,1.144255,1.144015,1.144065
1783044900,1.144075,1.14433,1.144065,1.14419
1783045200,1.14419,1.14434,1.14412,1.144305
1783045500,1.144305,1.144455,1.144185,1.14441
1783045800,1.144415,1.14449,1.144155,1.144165
1783046100,1.144165,1.144365,1.144135,1.144335
1783046400,1.14434,1.14441,1.144195,1.144335
1783046700,1.14434,1.144375,1.144145,1.144175
1783047000,1.144175,1.14435,1.144175,1.14426
1783047300,1.14425,1.144315,1.143865,1.143975
1783047600,1.14396,1.14404,1.143885,1.143905
1783047900,1.143905,1.143925,1.143785,1.143805
1783048200,1.14381,1.144,1.143785,1.143985
1783048500,1.143995,1.144005,1.14387,1.14389
1783048800,1.143885,1.143965,1.14378,1.14381
1783049100,1.143805,1.14391,1.14369,1.1439
1783049400,1.14391,1.14394,1.143745,1.14389
1783049700,1.14389,1.14407,1.143885,1.14397
1783050000,1.14397,1.14409,1.143935,1.14397
1783050300,1.14397,1.14404,1.14391,1.144015
1783050600,1.144015,1.144115,1.143955,1.14401
1783050900,1.144015,1.14416,1.14401,1.144115
1783051200,1.14412,1.144125,1.143915,1.14396
1783051500,1.14396,1.144115,1.14393,1.144075
1783051800,1.144075,1.144245,1.144015,1.144235
1783052100,1.144235,1.144335,1.14423,1.144305
1783052400,1.144305,1.144305,1.144185,1.144185
1783052700,1.144185,1.1443,1.144185,1.144235
1783053000,1.144235,1.144265,1.144175,1.144235
1783053300,1.144235,1.144395,1.144235,1.144385
1783053600,1.144385,1.14455,1.14438,1.144495
1783053900,1.144495,1.14456,1.14443,1.14446
1783054200,1.144455,1.144545,1.144425,1.144455
1783054500,1.14444,1.144625,1.144385,1.144615
1783054800,1.144615,1.145005,1.14456,1.144915
1783055100,1.14492,1.14536,1.144885,1.145145
1783055400,1.14514,1.145255,1.144945,1.145245
1783055700,1.14525,1.1455,1.14525,1.145325
1783056000,1.145325,1.145325,1.145055,1.145155
1783056300,1.145155,1.145235,1.145125,1.14519
1783056600,1.145185,1.14532,1.14518,1.1453
1783056900,1.145305,1.14538,1.145095,1.14511
1783057200,1.14512,1.145275,1.145025,1.145275
1783057500,1.145255,1.145275,1.14516,1.145235
1783057800,1.14524,1.1454,1.145145,1.145365
1783058100,1.14536,1.14536,1.144665,1.144885
1783058400,1.144875,1.145085,1.144825,1.144975
1783058700,1.144975,1.145315,1.14496,1.145265
1783059000,1.145265,1.145415,1.145055,1.145415
1783059300,1.145425,1.145835,1.145395,1.145805
1783059600,1.145805,1.145815,1.145135,1.145135
1783059900,1.14514,1.145525,1.14513,1.145285
1783060200,1.145285,1.146185,1.145265,1.14603
1783060500,1.146025,1.146235,1.145885,1.1461
1783060800,1.146095,1.146125,1.1458,1.145975
1783061100,1.14597,1.14608,1.1459,1.145935
1783061400,1.14594,1.145945,1.145575,1.145625
1783061700,1.145625,1.145625,1.145165,1.145405
1783062000,1.14541,1.145475,1.14521,1.145335
1783062300,1.145315,1.14538,1.145225,1.145375
1783062600,1.14537,1.145475,1.145295,1.145405
1783062900,1.14539,1.14539,1.145215,1.145215
1783063200,1.145215,1.14544,1.145095,1.145435
1783063500,1.14543,1.145695,1.145355,1.145555
1783063800,1.14556,1.14568,1.14494,1.144945
1783064100,1.144935,1.145165,1.14483,1.144995
1783064400,1.144995,1.145195,1.144755,1.145145
1783064700,1.145145,1.14538,1.145055,1.14537
1783065000,1.14537,1.145545,1.145235,1.145455
1783065300,1.145455,1.145795,1.145385,1.145465
1783065600,1.14547,1.14561,1.145045,1.14518
1783065900,1.145185,1.145535,1.145165,1.145415
1783066200,1.145415,1.145495,1.145145,1.14537
1783066500,1.145365,1.14545,1.14527,1.14531
1783066800,1.145305,1.145385,1.145105,1.145115
1783067100,1.145115,1.14549,1.145115,1.14538
1783067400,1.145385,1.145625,1.145185,1.145575
1783067700,1.14557,1.145775,1.14536,1.145385
1783068000,1.14538,1.145485,1.145335,1.145465
1783068300,1.145475,1.145505,1.145325,1.14534
1783068600,1.14534,1.145375,1.145095,1.145225
1783068900,1.145225,1.14544,1.14522,1.14529
1783069200,1.14528,1.145295,1.14509,1.14509
1783069500,1.145095,1.14522,1.144865,1.144865
1783069800,1.144875,1.145015,1.144805,1.145005
1783070100,1.14501,1.145085,1.14491,1.14499
1783070400,1.144995,1.145185,1.14494,1.144975
1783070700,1.14497,1.14499,1.144745,1.14476
1783071000,1.144765,1.144915,1.144745,1.14482
1783071300,1.144825,1.14491,1.14473,1.14485
1783071600,1.144855,1.144935,1.14468,1.14471
1783071900,1.144705,1.144705,1.144475,1.14457
1783072200,1.14457,1.14458,1.14436,1.1444
1783072500,1.144395,1.144395,1.144035,1.144095
1783072800,1.14409,1.14428,1.144045,1.144215
1783073100,1.144215,1.144665,1.14419,1.14458
1783073400,1.144585,1.14474,1.14458,1.14464
1783073700,1.144645,1.144665,1.14445,1.14453
1783074000,1.144535,1.144735,1.14452,1.14453
1783074300,1.144525,1.14454,1.144405,1.144465
1783074600,1.14446,1.144635,1.1444,1.14462
1783074900,1.144625,1.144695,1.14457,1.144685
1783075200,1.14468,1.144875,1.144565,1.144735
1783075500,1.14473,1.144795,1.144705,1.14478
1783075800,1.144785,1.144975,1.14478,1.14497
1783076100,1.144965,1.14503,1.144665,1.14468
1783076400,1.144675,1.144835,1.144625,1.14476
1783076700,1.144755,1.145095,1.14475,1.14509
1783077000,1.145085,1.1455,1.14508,1.14545
1783077300,1.145455,1.14564,1.1454,1.145445
1783077600,1.145445,1.145725,1.145375,1.145695
1783077900,1.145695,1.145695,1.14532,1.145495
1783078200,1.145485,1.14554,1.145255,1.145325
1783078500,1.14532,1.145325,1.14497,1.14508
1783078800,1.14508,1.145195,1.14494,1.144985
1783079100,1.14498,1.145085,1.1448,1.1448
1783079400,1.1448,1.144975,1.14477,1.14492
1783079700,1.144915,1.145045,1.14469,1.145045
1783080000,1.14505,1.145165,1.14487,1.14496
1783080300,1.144965,1.145285,1.14477,1.144775
1783080600,1.144775,1.14515,1.14467,1.145055
1783080900,1.14505,1.14507,1.14476,1.144795
1783081200,1.14479,1.144885,1.14463,1.14477
1783081500,1.14477,1.144855,1.14469,1.14478
1783081800,1.144775,1.14483,1.144645,1.14479
1783082100,1.144795,1.145055,1.14474,1.145035
1783082400,1.14503,1.14509,1.14475,1.144765
1783082700,1.14475,1.144895,1.14471,1.144795
1783083000,1.1448,1.144955,1.14472,1.14489
1783083300,1.144885,1.144915,1.144655,1.1447
1783083600,1.144695,1.1448,1.144565,1.144685
1783083900,1.14468,1.14469,1.144285,1.14439
1783084200,1.144395,1.1445,1.144185,1.144445
1783084500,1.14443,1.144435,1.14412,1.14422
1783084800,1.14422,1.144455,1.14422,1.144345
1783085100,1.14434,1.144445,1.14427,1.144375
1783085400,1.14438,1.144385,1.14411,1.144215
1783085700,1.144215,1.144285,1.144015,1.144055
1783086000,1.14406,1.1442,1.14404,1.14417
1783086300,1.14417,1.144275,1.14408,1.14413
1783086600,1.144135,1.144195,1.143805,1.143815
1783086900,1.14381,1.14414,1.14381,1.144045
1783087200,1.14405,1.14414,1.14387,1.144075
1783087500,1.144075,1.144225,1.143975,1.144225
1783087800,1.14422,1.144275,1.1441,1.144145
1783088100,1.14414,1.144395,1.14413,1.144345
1783088400,1.144345,1.144495,1.144225,1.14432
1783088700,1.144325,1.144775,1.144315,1.144695
1783089000,1.14469,1.144795,1.144525,1.144695
1783089300,1.144695,1.144705,1.144365,1.14442
1783089600,1.144425,1.14455,1.14433,1.14439
1783089900,1.144385,1.144495,1.144375,1.14439
1783090200,1.14439,1.14447,1.14425,1.144345
1783090500,1.144345,1.144395,1.14411,1.14416
1783090800,1.144165,1.144395,1.14415,1.14418
1783091100,1.144175,1.14437,1.14409,1.14433
1783091400,1.144325,1.144455,1.14414,1.144185
1783091700,1.14418,1.144395,1.144075,1.14427
1783092000,1.144275,1.144285,1.14393,1.143945
1783092300,1.143945,1.144095,1.14387,1.144025
1783092600,1.14402,1.14418,1.14396,1.14408
1783092900,1.14408,1.14416,1.14402,1.144025
1783093200,1.14402,1.14407,1.143875,1.143875
1783093500,1.143875,1.143965,1.14383,1.143955
1783093800,1.14395,1.143975,1.14377,1.14382
1783094100,1.14382,1.14382,1.143495,1.143695
1783094400,1.1437,1.14381,1.143635,1.14375
1783094700,1.14375,1.143895,1.143665,1.14386
1783095000,1.143865,1.143965,1.14383,1.143855
1783095300,1.143855,1.143885,1.14379,1.14387
1783095600,1.14387,1.14393,1.14379,1.143795
1783095900,1.143795,1.14384,1.14368,1.14372
1783096200,1.14373,1.14379,1.14369,1.14371
1783096500,1.14371,1.14373,1.143585,1.14361
1783096800,1.14361,1.14364,1.14353,1.14355
1783097100,1.14355,1.14361,1.14353,1.143605
1783097400,1.14361,1.14369,1.14359,1.143645
1783097700,1.143645,1.143775,1.143605,1.14377
1783098000,1.143765,1.14389,1.143765,1.143885
1783098300,1.14388,1.14423,1.14388,1.14409
1783098600,1.144085,1.1441,1.143965,1.144025
1783098900,1.144025,1.144065,1.144005,1.144055
1783099200,1.144055,1.144165,1.14402,1.144035
1783099500,1.14403,1.14406,1.14399,1.14401
1783099800,1.144015,1.144035,1.14395,1.14401
1783100100,1.144005,1.144025,1.143945,1.144005
1783100400,1.144005,1.14416,1.144,1.144045
1783100700,1.14404,1.144105,1.144025,1.144045
1783101000,1.14404,1.14411,1.14394,1.143995
1783101300,1.144,1.144105,1.14399,1.144025
1783101600,1.14403,1.144125,1.14403,1.14407
1783101900,1.14408,1.144115,1.143965,1.143975
1783102200,1.14398,1.14402,1.14381,1.14391
1783102500,1.143905,1.14404,1.143905,1.14397
1783102800,1.14398,1.14401,1.143905,1.143995
1783103100,1.14399,1.144005,1.143935,1.14394
1783103400,1.14394,1.143995,1.143915,1.14396
1783103700,1.143955,1.144025,1.14395,1.143995
1783104000,1.144005,1.14401,1.143945,1.14397
1783104300,1.14397,1.14405,1.14397,1.14399
1783104600,1.14399,1.144005,1.14383,1.14388
1783104900,1.14386,1.14407,1.143825,1.143895
1783105200,1.14389,1.14406,1.14379,1.144
1783105500,1.14401,1.144045,1.14395,1.14395
1783105800,1.14395,1.14397,1.143895,1.14393
1783106100,1.14393,1.14393,1.14384,1.14386
1783106400,1.143865,1.143905,1.143845,1.143855
1783106700,1.143855,1.143875,1.143835,1.14385
1783107000,1.143845,1.143855,1.14379,1.143845
1783107300,1.143855,1.14386,1.14372,1.143775
1783107600,1.143775,1.14381,1.14375,1.1438
1783107900,1.143795,1.14383,1.14374,1.14381
1783108200,1.14381,1.14381,1.14368,1.143715
1783108500,1.14372,1.143845,1.143555,1.143655
1783108800,1.14365,1.14365,1.14348,1.14359
1783109100,1.143595,1.143725,1.14356,1.143655
1783109400,1.143655,1.14374,1.14358,1.143625
1783109700,1.143625,1.143625,1.14352,1.143575
1783110000,1.14357,1.143655,1.14351,1.14362
1783110300,1.14361,1.143675,1.14351,1.1436
1783110600,1.143605,1.143625,1.14352,1.143625
1783110900,1.143625,1.14364,1.143565,1.143585
1783111200,1.14358,1.143685,1.143565,1.143665
1783111500,1.14367,1.14369,1.14336,1.143555
1783111800,1.14356,1.143655,1.14341,1.14362
1783112100,1.143635,1.144,1.14361,1.14398
1783285200,1.14398,1.144235,1.1436,1.143685
1783285500,1.143605,1.143875,1.143605,1.143795
1783285800,1.143795,1.143855,1.14373,1.14373
1783286100,1.143725,1.14375,1.143645,1.143695
1783286400,1.143695,1.14383,1.14369,1.14379
1783286700,1.14379,1.14379,1.143775,1.143775
1783287000,1.143775,1.14389,1.14362,1.143835
1783287300,1.14378,1.143935,1.143645,1.143875
1783287600,1.143875,1.14388,1.143705,1.14372
1783287900,1.14372,1.143815,1.143715,1.143815
1783288200,1.1438,1.14382,1.14374,1.143765
1783288500,1.143765,1.14387,1.143765,1.14379
1783288800,1.14378,1.143865,1.143595,1.14364
1783289100,1.14364,1.14365,1.14349,1.143555
1783289400,1.143555,1.14367,1.143545,1.143605
1783289700,1.143605,1.143605,1.143555,1.143575
1783290000,1.14358,1.143685,1.14355,1.14367
1783290300,1.14367,1.14368,1.143625,1.143635
1783290600,1.14363,1.14369,1.14361,1.143675
1783290900,1.143675,1.143785,1.14367,1.143725
1783291200,1.143725,1.14378,1.1437,1.14377
1783291500,1.14377,1.14378,1.14375,1.14376
1783291800,1.14376,1.14379,1.14367,1.14367
1783292100,1.14367,1.143675,1.14357,1.14367
1783292400,1.14367,1.143725,1.14346,1.14347
1783292700,1.14347,1.14348,1.14336,1.143365
1783293000,1.14336,1.143475,1.14336,1.143435
1783293300,1.14343,1.14344,1.14332,1.14337
1783293600,1.143375,1.14351,1.143365,1.143455
1783293900,1.143455,1.14369,1.14342,1.143635
1783294200,1.143635,1.14373,1.143585,1.14366
1783294500,1.14366,1.143735,1.143615,1.14373
1783294800,1.14373,1.143785,1.14371,1.14374
1783295100,1.14374,1.14381,1.14361,1.143665
1783295400,1.14366,1.14366,1.14351,1.143585
1783295700,1.14358,1.14378,1.14357,1.14368
1783296000,1.143675,1.14377,1.14353,1.14353
1783296300,1.143525,1.14361,1.143275,1.14332
1783296600,1.14332,1.14368,1.1433,1.143635
1783296900,1.14364,1.14411,1.143625,1.143865
1783297200,1.143865,1.14392,1.143775,1.143825
1783297500,1.143825,1.143865,1.14366,1.143865
1783297800,1.143865,1.14406,1.14383,1.14386
1783298100,1.14386,1.144035,1.14376,1.14395
1783298400,1.14395,1.14408,1.14395,1.14396
1783298700,1.143965,1.14402,1.143765,1.143835
1783299000,1.14383,1.143915,1.14372,1.14383
1783299300,1.143835,1.14402,1.14378,1.143825
1783299600,1.14383,1.143845,1.14365,1.143665
1783299900,1.14366,1.14371,1.14352,1.14366
1783300200,1.143665,1.14388,1.14355,1.14368
1783300500,1.14367,1.143675,1.14342,1.14348
1783300800,1.14348,1.1435,1.14317,1.14327
1783301100,1.143275,1.143305,1.14306,1.14317
1783301400,1.143175,1.14333,1.14306,1.1432
1783301700,1.1432,1.14348,1.14318,1.143475
1783302000,1.143475,1.14349,1.14333,1.143415
1783302300,1.143415,1.143415,1.14318,1.143195
1783302600,1.143195,1.1432,1.14304,1.14307
1783302900,1.143075,1.143125,1.14284,1.14286
1783303200,1.142855,1.14302,1.14283,1.14296
1783303500,1.142955,1.142955,1.142755,1.14291
1783303800,1.142905,1.143,1.14286,1.14297
1783304100,1.142965,1.143025,1.14286,1.143005
1783304400,1.143005,1.143085,1.142915,1.14292
1783304700,1.14292,1.14301,1.14292,1.14292
1783305000,1.142925,1.14303,1.1429,1.142985
1783305300,1.142985,1.14306,1.142915,1.142965
1783305600,1.142965,1.143025,1.14287,1.14297
1783305900,1.142975,1.14315,1.14297,1.14311
1783306200,1.14311,1.143365,1.14307,1.143325
1783306500,1.14333,1.14353,1.14329,1.14339
1783306800,1.143385,1.14358,1.143375,1.14349
1783307100,1.14349,1.14349,1.14339,1.143395
1783307400,1.143395,1.14344,1.14329,1.14329
1783307700,1.14328,1.143345,1.143185,1.143275
1783308000,1.14327,1.143295,1.143015,1.143015
1783308300,1.14302,1.14309,1.14291,1.14291
1783308600,1.14291,1.14292,1.1428,1.142855
1783308900,1.14286,1.142995,1.142855,1.14298
1783309200,1.142975,1.143135,1.142955,1.143135
1783309500,1.143135,1.14321,1.143055,1.143065
1783309800,1.143065,1.143105,1.14297,1.14301
1783310100,1.143015,1.14322,1.143015,1.143185
1783310400,1.14318,1.14326,1.143165,1.143235
1783310700,1.143235,1.143275,1.14317,1.14323
1783311000,1.143225,1.143435,1.143225,1.14334
1783311300,1.143335,1.143425,1.14326,1.143265
1783311600,1.14327,1.143285,1.143215,1.143275
1783311900,1.143265,1.14328,1.143205,1.14321
1783312200,1.14321,1.14333,1.14321,1.143265
1783312500,1.14326,1.14326,1.14318,1.14323
1783312800,1.143235,1.14337,1.14321,1.14336
1783313100,1.14336,1.143365,1.143225,1.14332
1783313400,1.14332,1.14336,1.143195,1.143295
1783313700,1.1433,1.14336,1.14325,1.14329
1783314000,1.143295,1.143335,1.14299,1.143
1783314300,1.142995,1.14302,1.14287,1.142885
1783314600,1.142885,1.143095,1.14287,1.142985
1783314900,1.142985,1.14299,1.14284,1.142865
1783315200,1.142865,1.14292,1.1428,1.14281
1783315500,1.14281,1.142925,1.14276,1.14288
1783315800,1.14287,1.143245,1.142815,1.143165
1783316100,1.14317,1.14324,1.14311,1.143115
1783316400,1.143115,1.143165,1.142945,1.142965
1783316700,1.14297,1.14318,1.1429,1.143035
1783317000,1.14303,1.143055,1.14292,1.143005
1783317300,1.14301,1.14304,1.14229,1.142365
1783317600,1.14236,1.14287,1.14236,1.142775
1783317900,1.14278,1.1429,1.14245,1.142825
1783318200,1.14283,1.142845,1.14248,1.142535
1783318500,1.14253,1.14256,1.14216,1.142265
1783318800,1.14226,1.142565,1.142175,1.142495
1783319100,1.14248,1.142515,1.14217,1.142405
1783319400,1.1424,1.14253,1.14216,1.142375
1783319700,1.142375,1.14243,1.14198,1.14236
1783320000,1.142355,1.14247,1.142295,1.142355
1783320300,1.14235,1.14255,1.1423,1.142345
1783320600,1.14234,1.142395,1.142165,1.14221
1783320900,1.142215,1.142385,1.142,1.1423
1783321200,1.142305,1.142325,1.141655,1.14201
1783321500,1.142015,1.142055,1.14181,1.14184
1783321800,1.141845,1.142545,1.14176,1.142545
1783322100,1.14255,1.142835,1.14251,1.1426
1783322400,1.142605,1.14265,1.142345,1.142435
1783322700,1.14243,1.142435,1.14206,1.142245
1783323000,1.14224,1.142565,1.142195,1.142265
1783323300,1.142265,1.142515,1.14218,1.14251
1783323600,1.14251,1.14273,1.142465,1.142525
1783323900,1.14252,1.14267,1.142495,1.14254
1783324200,1.142535,1.142595,1.142235,1.142415
1783324500,1.14242,1.142765,1.14241,1.14265
1783324800,1.142655,1.14272,1.142145,1.14239
1783325100,1.142385,1.142435,1.142115,1.142115
1783325400,1.142115,1.142155,1.141575,1.14193
1783325700,1.141935,1.142115,1.141705,1.14177
1783326000,1.14177,1.141965,1.14172,1.141755
1783326300,1.14175,1.14192,1.141685,1.141905
1783326600,1.1419,1.14209,1.141745,1.141815
1783326900,1.14181,1.14198,1.1418,1.141865
1783327200,1.14187,1.141975,1.141615,1.14166
1783327500,1.141665,1.141745,1.141525,1.141565
1783327800,1.14156,1.14195,1.141525,1.141815
1783328100,1.141805,1.14208,1.14175,1.14206
1783328400,1.142055,1.14212,1.141825,1.142
1783328700,1.141995,1.142145,1.14198,1.142035
1783329000,1.14203,1.14203,1.14175,1.14188
1783329300,1.141875,1.141955,1.14177,1.141775
1783329600,1.141775,1.141985,1.141685,1.14198
1783329900,1.141975,1.14198,1.14172,1.141825
1783330200,1.14182,1.141965,1.141795,1.14193
1783330500,1.141925,1.14202,1.14182,1.141845
1783330800,1.14185,1.141935,1.141735,1.141755
1783331100,1.14175,1.141755,1.141495,1.14152
1783331400,1.14153,1.141595,1.14111,1.141205
1783331700,1.14121,1.141335,1.14119,1.141325
1783332000,1.14132,1.14146,1.141115,1.14123
1783332300,1.141225,1.141305,1.14097,1.14124
1783332600,1.14123,1.141605,1.141195,1.141575
1783332900,1.141575,1.141885,1.141425,1.141785
1783333200,1.14178,1.141985,1.141665,1.14196
1783333500,1.141955,1.14199,1.14157,1.14158
1783333800,1.141575,1.14197,1.14155,1.141955
1783334100,1.14195,1.14209,1.141915,1.141985
1783334400,1.141975,1.141985,1.141865,1.141915
1783334700,1.141915,1.14196,1.14182,1.14186
1783335000,1.14186,1.14208,1.141715,1.14208
1783335300,1.142075,1.142125,1.14192,1.14195
1783335600,1.141955,1.14203,1.14175,1.14178
1783335900,1.141775,1.14186,1.14158,1.141765
1783336200,1.141765,1.141865,1.14172,1.141865
1783336500,1.14187,1.141935,1.141595,1.141705
1783336800,1.14171,1.141835,1.141665,1.14171
1783337100,1.14171,1.141915,1.14169,1.14182
1783337400,1.141825,1.141925,1.141755,1.14192
1783337700,1.141925,1.141925,1.141405,1.14145
1783338000,1.14145,1.14169,1.141395,1.14145
1783338300,1.14145,1.141525,1.141335,1.141365
1783338600,1.141365,1.141375,1.141195,1.14133
1783338900,1.141325,1.14168,1.14128,1.14153
1783339200,1.14154,1.141985,1.141535,1.14197
1783339500,1.141975,1.141995,1.14148,1.14152
1783339800,1.141515,1.14182,1.141415,1.14174
1783340100,1.141745,1.141965,1.14163,1.141735
1783340400,1.14173,1.14176,1.141545,1.14156
1783340700,1.14156,1.141825,1.141555,1.141755
1783341000,1.141755,1.141815,1.1416,1.14164
1783341300,1.141645,1.14173,1.14146,1.141725
1783341600,1.14172,1.141745,1.14128,1.14136
1783341900,1.141365,1.14153,1.14122,1.141395
1783342200,1.1414,1.14165,1.14131,1.141525
1783342500,1.14152,1.141535,1.141075,1.14132
1783342800,1.141315,1.141545,1.14111,1.14138
1783343100,1.141385,1.141695,1.14134,1.141695
1783343400,1.14169,1.14206,1.141645,1.14181
1783343700,1.141815,1.14215,1.14179,1.142075
1783344000,1.142075,1.142275,1.14198,1.142125
1783344300,1.14213,1.14222,1.141875,1.142035
1783344600,1.14204,1.142145,1.14191,1.14198
1783344900,1.141985,1.142015,1.141765,1.14187
1783345200,1.141875,1.14192,1.14165,1.14171
1783345500,1.14171,1.14171,1.14122,1.14158
1783345800,1.14158,1.141675,1.141175,1.14122
1783346100,1.141215,1.141385,1.140845,1.14127
1783346400,1.14128,1.14169,1.14107,1.141445
1783346700,1.14144,1.14187,1.14144,1.141795
1783347000,1.14179,1.14202,1.1416,1.14192
1783347300,1.141925,1.14198,1.14162,1.14178
1783347600,1.141785,1.141845,1.14161,1.14162
1783347900,1.141625,1.141705,1.14144,1.141515
1783348200,1.14152,1.14181,1.14138,1.1418
1783348500,1.14179,1.141835,1.141445,1.141445
1783348800,1.141435,1.14152,1.14119,1.14121
1783349100,1.141215,1.141435,1.141145,1.14115
1783349400,1.141155,1.141475,1.141125,1.141425
1783349700,1.141415,1.141855,1.141415,1.141715
1783350000,1.14172,1.14193,1.14168,1.141875
1783350300,1.14188,1.14196,1.141725,1.141785
1783350600,1.141785,1.141785,1.141535,1.14169
1783350900,1.141695,1.14179,1.14158,1.14159
1783351200,1.141595,1.14188,1.14157,1.14179
1783351500,1.141785,1.141855,1.141665,1.14179
1783351800,1.141785,1.14191,1.141755,1.14183
1783352100,1.141835,1.141955,1.14165,1.1419
1783352400,1.141905,1.142385,1.14188,1.14233
1783352700,1.142335,1.14249,1.14232,1.142485
1783353000,1.14248,1.142625,1.142335,1.142455
1783353300,1.14245,1.142595,1.14227,1.142535
1783353600,1.142545,1.14274,1.142505,1.142645
1783353900,1.142645,1.142765,1.142525,1.14275
1783354200,1.14276,1.142875,1.14262,1.14263
1783354500,1.142625,1.14297,1.142625,1.14294
1783354800,1.142945,1.14311,1.142905,1.142915
1783355100,1.14292,1.14302,1.14285,1.14301
1783355400,1.143005,1.14303,1.142805,1.14288
1783355700,1.14288,1.14289,1.142745,1.142815
1783356000,1.1428,1.14284,1.142605,1.142805
1783356300,1.142805,1.142895,1.142735,1.14288
1783356600,1.142875,1.143215,1.142875,1.14315
1783356900,1.143155,1.143195,1.142975,1.143075
1783357200,1.14307,1.143265,1.143015,1.143205
1783357500,1.1432,1.14324,1.143115,1.14324
1783357800,1.14324,1.14343,1.143215,1.143425
1783358100,1.14342,1.14346,1.143345,1.14345
1783358400,1.143445,1.143675,1.143425,1.143605
1783358700,1.143605,1.143695,1.14355,1.14361
1783359000,1.143615,1.143765,1.14356,1.14372
1783359300,1.143725,1.14382,1.143555,1.143815
1783359600,1.143815,1.14395,1.14374,1.143865
1783359900,1.14386,1.143905,1.14379,1.14381
1783360200,1.14381,1.143905,1.1437,1.143715
1783360500,1.143715,1.14372,1.143605,1.143625
1783360800,1.14363,1.14383,1.14363,1.143705
1783361100,1.143705,1.143725,1.143515,1.143605
1783361400,1.14361,1.143665,1.14357,1.14363
1783361700,1.14364,1.143765,1.14364,1.143705
1783362000,1.1437,1.143745,1.14361,1.14367
1783362300,1.14367,1.14392,1.143665,1.143915
1783362600,1.14391,1.14417,1.14379,1.14412
1783362900,1.14412,1.14429,1.144115,1.144225
1783363200,1.14422,1.14428,1.144135,1.144215
1783363500,1.14421,1.14447,1.144195,1.144465
1783363800,1.14446,1.144495,1.14435,1.144355
1783364100,1.144355,1.144505,1.144295,1.1443
1783364400,1.144295,1.144295,1.144115,1.144265
1783364700,1.144265,1.144295,1.144165,1.144165
1783365000,1.14416,1.144225,1.144105,1.14413
1783365300,1.14412,1.14416,1.14407,1.144095
1783365600,1.144095,1.1441,1.1438,1.143855
1783365900,1.14385,1.14396,1.143845,1.143895
1783366200,1.14389,1.14407,1.14389,1.143985
1783366500,1.143985,1.144105,1.143985,1.144015
1783366800,1.14402,1.144025,1.143915,1.14397
1783367100,1.143965,1.144085,1.143965,1.14407
1783367400,1.14406,1.144195,1.14406,1.144155
1783367700,1.144155,1.14418,1.144015,1.144105
1783368000,1.14411,1.144205,1.144065,1.144195
1783368300,1.144185,1.144185,1.144075,1.14414
1783368600,1.144135,1.14419,1.144035,1.144045
1783368900,1.144045,1.14409,1.143965,1.144065
1783369200,1.144065,1.14415,1.14403,1.144115
1783369500,1.14411,1.144205,1.14409,1.144175
1783369800,1.14417,1.14418,1.144135,1.14414
1783370100,1.144145,1.144145,1.143985,1.144035
1783370400,1.14404,1.14405,1.14399,1.144035
1783370700,1.144035,1.144035,1.143975,1.144025
1783371000,1.14403,1.144095,1.14399,1.14408
1783371300,1.14407,1.144195,1.144055,1.14415
1783371600,1.144165,1.14424,1.144105,1.144235
1783371900,1.14424,1.14425,1.144195,1.144215
1783372200,1.14423,1.14424,1.144175,1.144175
1783372500,1.144175,1.144175,1.1441,1.14417
1783372800,1.14417,1.14422,1.14417,1.14421
1783373100,1.144215,1.14423,1.144185,1.144225
1783373400,1.14422,1.144225,1.14417,1.144225
1783373700,1.144225,1.144225,1.14416,1.144195
1783374000,1.144195,1.144295,1.14413,1.144175
1783374300,1.144175,1.144345,1.14414,1.14432
1783374600,1.14429,1.14442,1.144245,1.14437
1783374900,1.14439,1.144635,1.144365,1.144565
1783375200,1.144595,1.144625,1.14428,1.14431
1783375500,1.14431,1.14434,1.14424,1.144265
1783375800,1.144265,1.14441,1.14426,1.1444
1783376100,1.144405,1.144405,1.144335,1.14437
1783376400,1.14437,1.144385,1.14432,1.14433
1783376700,1.14433,1.144335,1.144315,1.144325
1783377000,1.144325,1.14443,1.144305,1.144425
1783377300,1.14442,1.14442,1.144345,1.14437
1783377600,1.144365,1.14437,1.14432,1.144325
1783377900,1.144325,1.144385,1.144325,1.14437
1783378200,1.14437,1.14441,1.144365,1.144395
1783378500,1.144395,1.144525,1.144395,1.14451
1783378800,1.144515,1.14481,1.144515,1.144685
1783379100,1.144685,1.144685,1.144555,1.144595
1783379400,1.144595,1.144595,1.144485,1.144555
1783379700,1.144555,1.144635,1.144545,1.14462
1783380000,1.14462,1.14469,1.14461,1.14461
1783380300,1.144615,1.14462,1.144415,1.144415
1783380600,1.14442,1.144505,1.14441,1.144495
1783380900,1.144505,1.144505,1.14439,1.144395
1783381200,1.144395,1.14447,1.14436,1.144455
1783381500,1.14445,1.144465,1.144395,1.14445
1783381800,1.14445,1.14445,1.144185,1.14423
1783382100,1.144235,1.14427,1.144125,1.14415
1783382400,1.14414,1.144245,1.14407,1.14419
1783382700,1.144195,1.144245,1.144095,1.144145
1783383000,1.144145,1.144215,1.144025,1.144115
1783383300,1.144115,1.144115,1.143945,1.144015
1783383600,1.144015,1.14404,1.143925,1.143975
1783383900,1.143975,1.144045,1.14382,1.14387
1783384200,1.143875,1.14403,1.143865,1.14397
1783384500,1.143965,1.144025,1.143815,1.143825
1783384800,1.14382,1.14397,1.14381,1.14395
1783385100,1.14394,1.14403,1.14392,1.144
1783385400,1.144,1.144215,1.143965,1.144125
1783385700,1.14413,1.144155,1.143845,1.143855
1783386000,1.143855,1.143985,1.143835,1.14391
1783386300,1.14391,1.14398,1.14385,1.14393
1783386600,1.14393,1.144005,1.14386,1.14395
1783386900,1.143965,1.144015,1.143855,1.14394
1783387200,1.143935,1.143935,1.143745,1.14375
1783387500,1.143755,1.14396,1.143705,1.14395
1783387800,1.143955,1.144665,1.14395,1.144465
1783388100,1.144475,1.14452,1.144165,1.144175
1783388400,1.14418,1.144255,1.143945,1.143965
1783388700,1.143965,1.144365,1.143965,1.14427
1783389000,1.14427,1.1447,1.14422,1.144665
1783389300,1.14466,1.144745,1.1443,1.144405
1783389600,1.144405,1.144615,1.144385,1.14451
1783389900,1.144505,1.14451,1.144275,1.144335
1783390200,1.14433,1.144385,1.144255,1.144305
1783390500,1.144315,1.14437,1.144225,1.14432
1783390800,1.14432,1.144385,1.14422,1.144315
1783391100,1.14432,1.144335,1.14417,1.14417
1783391400,1.14417,1.14423,1.144065,1.14423
1783391700,1.14423,1.144365,1.14423,1.144275
1783392000,1.14428,1.144355,1.1441,1.144125
1783392300,1.144125,1.14414,1.144065,1.14409
1783392600,1.14409,1.144125,1.14406,1.14411
1783392900,1.144095,1.144145,1.143955,1.14396
1783393200,1.14397,1.14412,1.14393,1.144085
1783393500,1.144085,1.144205,1.144085,1.144125
1783393800,1.144125,1.144135,1.14405,1.14406
1783394100,1.14406,1.144205,1.144045,1.144175
1783394400,1.14418,1.144275,1.144165,1.144195
1783394700,1.144205,1.144215,1.143945,1.14395
1783395000,1.143945,1.144,1.14386,1.143975
1783395300,1.143975,1.144015,1.14382,1.14385
1783395600,1.14384,1.143865,1.14369,1.14376
1783395900,1.143765,1.143815,1.14367,1.14369
1783396200,1.143685,1.143735,1.14363,1.14371
1783396500,1.14371,1.14371,1.143615,1.14369
1783396800,1.143695,1.143785,1.14365,1.14378
1783397100,1.14378,1.14387,1.14377,1.14384
1783397400,1.143845,1.143875,1.143765,1.143765
1783397700,1.14376,1.14384,1.14375,1.143775
1783398000,1.143775,1.143855,1.14369,1.143835
1783398300,1.143835,1.143835,1.14364,1.14371
1783398600,1.14371,1.143855,1.143665,1.143745
1783398900,1.143745,1.143825,1.14372,1.143825
1783399200,1.143825,1.14394,1.14377,1.1438
1783399500,1.1438,1.14386,1.143755,1.143785
1783399800,1.143785,1.14392,1.143735,1.14374
1783400100,1.143745,1.14375,1.143555,1.14356
1783400400,1.14357,1.143745,1.143495,1.143675
1783400700,1.143675,1.143735,1.143565,1.14367
1783401000,1.143665,1.143665,1.1434,1.143425
1783401300,1.143425,1.14349,1.14321,1.14323
1783401600,1.14322,1.14323,1.143005,1.143135
1783401900,1.14313,1.14313,1.143015,1.143075
1783402200,1.143075,1.143315,1.143055,1.14327
1783402500,1.143265,1.14333,1.143155,1.143185
1783402800,1.143185,1.14326,1.14289,1.142915
1783403100,1.14292,1.142955,1.142815,1.142915
1783403400,1.142915,1.14313,1.14285,1.14313
1783403700,1.14312,1.143195,1.143045,1.143195
1783404000,1.143195,1.143235,1.143015,1.143065
1783404300,1.143065,1.143085,1.14271,1.142745
1783404600,1.142755,1.142765,1.14253,1.142715
1783404900,1.142725,1.14306,1.14269,1.14296
1783405200,1.142965,1.142995,1.142815,1.142935
1783405500,1.142945,1.142985,1.142765,1.142775
1783405800,1.142775,1.143125,1.142775,1.143035
1783406100,1.14302,1.143095,1.14295,1.143045
1783406400,1.14304,1.14305,1.142885,1.142945
1783406700,1.142935,1.14302,1.142865,1.143015
1783407000,1.143025,1.14314,1.142855,1.142855
1783407300,1.142855,1.14299,1.142775,1.14299
1783407600,1.143005,1.143005,1.142605,1.142805
1783407900,1.142795,1.142905,1.142725,1.142775
1783408200,1.142775,1.14292,1.14276,1.142855
1783408500,1.142865,1.143085,1.142755,1.143025
1783408800,1.14304,1.14321,1.142665,1.14269
1783409100,1.142695,1.142845,1.142645,1.14265
1783409400,1.142645,1.143025,1.14259,1.143025
1783409700,1.14302,1.143025,1.14276,1.14279
1783410000,1.142795,1.14295,1.142745,1.14276
1783410300,1.142765,1.142785,1.142635,1.142645
1783410600,1.142645,1.14283,1.142615,1.14262
1783410900,1.14262,1.14268,1.142485,1.14252
1783411200,1.142515,1.142755,1.1425,1.142705
1783411500,1.142705,1.142875,1.142695,1.14287
1783411800,1.142875,1.143235,1.142855,1.14314
1783412100,1.143135,1.143215,1.14285,1.142905
1783412400,1.142915,1.143405,1.142825,1.14329
1783412700,1.143295,1.143375,1.143205,1.14325
1783413000,1.143265,1.14357,1.14325,1.143475
1783413300,1.14347,1.14357,1.14325,1.143475
1783413600,1.14348,1.143585,1.143095,1.143095
1783413900,1.143095,1.143355,1.143035,1.143165
1783414200,1.14316,1.14316,1.142755,1.142795
1783414500,1.14279,1.14287,1.142695,1.142795
1783414800,1.142795,1.142865,1.14265,1.142805
1783415100,1.142805,1.1429,1.142745,1.142785
1783415400,1.142795,1.14288,1.14266,1.142695
1783415700,1.142705,1.142925,1.1427,1.142745
1783416000,1.142745,1.14276,1.14255,1.142645
1783416300,1.142645,1.14283,1.14258,1.142755
1783416600,1.142755,1.142775,1.142615,1.142755
1783416900,1.142745,1.142855,1.14271,1.142845
1783417200,1.14285,1.14302,1.1428,1.142845
1783417500,1.142845,1.142955,1.142555,1.142555
1783417800,1.14256,1.14266,1.142475,1.14265
1783418100,1.142645,1.14267,1.14249,1.14251
1783418400,1.1425,1.142635,1.142345,1.14242
1783418700,1.14242,1.14284,1.142355,1.142825
1783419000,1.14282,1.14289,1.142655,1.142885
1783419300,1.142885,1.143025,1.142845,1.14294
1783419600,1.142935,1.14296,1.14286,1.14295
1783419900,1.142945,1.14305,1.142895,1.14301
1783420200,1.143,1.14313,1.14294,1.14296
1783420500,1.142965,1.143155,1.14291,1.14315
1783420800,1.143155,1.143185,1.143005,1.143005
1783421100,1.143005,1.14303,1.142915,1.142945
1783421400,1.14294,1.143265,1.142905,1.143265
1783421700,1.14326,1.14342,1.143235,1.14338
1783422000,1.143385,1.1434,1.143155,1.14336
1783422300,1.143365,1.14343,1.143205,1.143265
1783422600,1.143265,1.14344,1.143265,1.143305
1783422900,1.1433,1.143645,1.143295,1.143595
1783423200,1.143595,1.143925,1.14354,1.14361
1783423500,1.1436,1.14377,1.14354,1.14371
1783423800,1.143705,1.143705,1.143475,1.1436
1783424100,1.1436,1.14371,1.143505,1.143615
1783424400,1.14361,1.14361,1.143235,1.14326
1783424700,1.14327,1.14331,1.14316,1.14319
1783425000,1.14319,1.143355,1.142535,1.142705
1783425300,1.14269,1.14347,1.14264,1.14324
1783425600,1.143245,1.14346,1.1432,1.14345
1783425900,1.14345,1.143465,1.14326,1.1433
1783426200,1.14331,1.143465,1.14309,1.14339
1783426500,1.143395,1.143465,1.14313,1.143345
1783426800,1.14333,1.143855,1.14329,1.143595
1783427100,1.14359,1.144195,1.14359,1.14407
1783427400,1.144075,1.14423,1.144005,1.144065
1783427700,1.14407,1.14408,1.143825,1.143855
1783428000,1.14386,1.143875,1.143555,1.143615
1783428300,1.14361,1.14382,1.143605,1.14371
1783428600,1.143715,1.14372,1.14349,1.143555
1783428900,1.14355,1.143675,1.14345,1.14366
1783429200,1.14367,1.14367,1.143235,1.14325
1783429500,1.143245,1.14329,1.14305,1.14321
1783429800,1.14322,1.14347,1.14309,1.14335
1783430100,1.143345,1.143775,1.143345,1.14347
1783430400,1.143475,1.143655,1.143385,1.14344
1783430700,1.143435,1.14366,1.143275,1.143515
1783431000,1.14351,1.14394,1.1435,1.14365
1783431300,1.143645,1.144075,1.1436,1.143895
1783431600,1.14389,1.14412,1.143795,1.144005
1783431900,1.14401,1.14402,1.143755,1.143915
1783432200,1.14391,1.144195,1.14386,1.143955
1783432500,1.14396,1.144,1.143435,1.143635
1783432800,1.14363,1.143795,1.14276,1.14283
1783433100,1.142835,1.14299,1.1425,1.14254
1783433400,1.142545,1.14271,1.14237,1.14265
1783433700,1.142655,1.14296,1.142525,1.14295
1783434000,1.14296,1.143155,1.14278,1.14286
1783434300,1.142855,1.143025,1.14258,1.143
1783434600,1.143005,1.14312,1.142795,1.143065
1783434900,1.14306,1.143225,1.142885,1.143215
1783435200,1.14322,1.143345,1.14314,1.14327
1783435500,1.143265,1.143515,1.143265,1.143495
1783435800,1.143495,1.14372,1.14344,1.143565
1783436100,1.14356,1.14356,1.143165,1.143305
1783436400,1.14331,1.14337,1.143195,1.14326
1783436700,1.143265,1.143495,1.14317,1.14324
1783437000,1.143245,1.143275,1.14287,1.143015
1783437300,1.14301,1.14303,1.142545,1.14269
1783437600,1.142695,1.14287,1.142615,1.142725
1783437900,1.142735,1.14287,1.14261,1.142845
1783438200,1.14285,1.1429,1.142605,1.142745
1783438500,1.14275,1.142815,1.142655,1.14274
1783438800,1.14274,1.14283,1.142575,1.14258
1783439100,1.14257,1.14268,1.14246,1.142475
1783439400,1.14248,1.14267,1.14239,1.14239
1783439700,1.142385,1.14247,1.14222,1.14229
1783440000,1.142295,1.14259,1.142295,1.142355
1783440300,1.14236,1.142455,1.142155,1.142455
1783440600,1.14246,1.142475,1.142215,1.142255
1783440900,1.14226,1.14229,1.14188,1.14192
1783441200,1.141925,1.14194,1.141805,1.1419
1783441500,1.1419,1.14195,1.141825,1.14186
1783441800,1.141865,1.142165,1.14185,1.14201
1783442100,1.142005,1.142075,1.14188,1.14206
1783442400,1.142045,1.142075,1.141965,1.142025
1783442700,1.142025,1.14225,1.14201,1.14225
1783443000,1.142255,1.14235,1.142115,1.14212
1783443300,1.142115,1.142375,1.141985,1.142345
1783443600,1.14234,1.14253,1.14229,1.142485
1783443900,1.14248,1.142625,1.14248,1.142525
1783444200,1.14252,1.14252,1.142245,1.14233
1783444500,1.142325,1.142425,1.142225,1.14242
1783444800,1.14242,1.142545,1.14242,1.142515
1783445100,1.14252,1.14253,1.14234,1.142405
1783445400,1.1424,1.142485,1.142325,1.14237
1783445700,1.142375,1.14253,1.14235,1.142485
1783446000,1.142485,1.142655,1.14246,1.14261
1783446300,1.142605,1.142685,1.142535,1.142615
1783446600,1.142615,1.142775,1.14261,1.14275
1783446900,1.142745,1.14294,1.142745,1.14282
1783447200,1.142825,1.142855,1.142615,1.142775
1783447500,1.14277,1.14287,1.14266,1.14284
1783447800,1.142845,1.14288,1.142555,1.14271
1783448100,1.14272,1.14274,1.142665,1.14273
1783448400,1.14273,1.142995,1.14272,1.14291
1783448700,1.142905,1.14299,1.14277,1.14277
1783449000,1.14278,1.1428,1.14259,1.142765
1783449300,1.14277,1.142885,1.14277,1.14278
1783449600,1.142785,1.1428,1.142665,1.142795
1783449900,1.14279,1.14288,1.142295,1.14259
1783450200,1.142585,1.142645,1.141735,1.14188
1783450500,1.14189,1.14214,1.141755,1.141855
1783450800,1.14185,1.141945,1.14144,1.14172
1783451100,1.141715,1.14172,1.14135,1.141505
1783451400,1.1415,1.14153,1.14115,1.14118
1783451700,1.14117,1.141175,1.14081,1.141165
1783452000,1.141165,1.141315,1.14108,1.14126
1783452300,1.141255,1.141385,1.14114,1.141245
1783452600,1.14124,1.141645,1.14124,1.14161
1783452900,1.14161,1.14167,1.141465,1.141535
1783453200,1.141535,1.141645,1.14146,1.141545
1783453500,1.14155,1.141595,1.141385,1.141505
1783453800,1.141515,1.14161,1.14146,1.141565
1783454100,1.14157,1.141715,1.14155,1.141675
1783454400,1.14167,1.14173,1.141505,1.141665
1783454700,1.141665,1.141715,1.14147,1.14148
1783455000,1.14148,1.14154,1.141405,1.141415
1783455300,1.141405,1.141415,1.141235,1.141365
1783455600,1.141365,1.14147,1.14136,1.141455
1783455900,1.141445,1.14149,1.14135,1.141395
1783456200,1.14139,1.141395,1.14119,1.141195
1783456500,1.141195,1.141255,1.1411,1.14116
1783456800,1.141155,1.141205,1.141145,1.141195
1783457100,1.14119,1.141195,1.141085,1.14115
1783457400,1.141155,1.141215,1.141105,1.14111
1783457700,1.141115,1.141275,1.141045,1.141225
1783458000,1.14123,1.141525,1.14094,1.141375
1783458300,1.141415,1.141585,1.14124,1.14139
1783458600,1.14139,1.141475,1.14087,1.14087
1783458900,1.14088,1.14097,1.140665,1.14072
1783459200,1.14072,1.14076,1.14062,1.14066
1783459500,1.14068,1.140835,1.140655,1.14075
1783459800,1.14075,1.14075,1.14024,1.140295
1783460100,1.140295,1.14073,1.14024,1.140695
1783460400,1.1407,1.140775,1.14064,1.140775
1783460700,1.140755,1.14087,1.140345,1.140355
1783461000,1.140355,1.140555,1.14034,1.14053
1783461300,1.14053,1.140925,1.1405,1.140735
1783461600,1.140675,1.14088,1.14063,1.14077
1783461900,1.140765,1.140775,1.1406,1.140615
1783462200,1.140615,1.14066,1.140565,1.14059
1783462500,1.140595,1.140655,1.140565,1.140615
1783462800,1.14062,1.140685,1.140595,1.140645
1783463100,1.140635,1.140685,1.140495,1.140525
1783463400,1.14052,1.140555,1.140485,1.140485
1783463700,1.140485,1.140545,1.14031,1.140455
1783464000,1.140455,1.14055,1.140435,1.140495
1783464300,1.140495,1.140525,1.14043,1.140505
1783464600,1.140505,1.140715,1.1405,1.14071
1783464900,1.14071,1.14072,1.1407,1.140705
1783465200,1.1407,1.14084,1.140545,1.14074
1783465500,1.140735,1.140745,1.14059,1.14059
1783465800,1.14059,1.14062,1.140385,1.140395
1783466100,1.140395,1.140645,1.140345,1.140575
1783466400,1.140575,1.140585,1.140485,1.14054
1783466700,1.140535,1.140575,1.14049,1.140495
1783467000,1.140495,1.140585,1.14046,1.140555
1783467300,1.14055,1.14056,1.140435,1.14048
1783467600,1.14048,1.14051,1.140415,1.140415
1783467900,1.140415,1.14044,1.140225,1.14025
1783468200,1.140245,1.14029,1.14021,1.140245
1783468500,1.14024,1.140245,1.14001,1.140155
1783468800,1.140155,1.14024,1.14001,1.140235
1783469100,1.14023,1.140535,1.140185,1.14051
1783469400,1.140505,1.140645,1.14043,1.140555
1783469700,1.140555,1.140625,1.140325,1.14044
1783470000,1.14046,1.14064,1.1403,1.140605
1783470300,1.140605,1.14084,1.14056,1.140715
1783470600,1.140715,1.141045,1.14068,1.14098
1783470900,1.140985,1.141155,1.140915,1.141155
1783471200,1.141155,1.141155,1.14098,1.141015
1783471500,1.14101,1.141115,1.14099,1.141015
1783471800,1.141015,1.1411,1.14085,1.140895
1783472100,1.140905,1.14093,1.140705,1.140795
1783472400,1.140805,1.14094,1.14073,1.140775
1783472700,1.14078,1.14081,1.14056,1.140605
1783473000,1.140605,1.140805,1.140605,1.140765
1783473300,1.140765,1.14079,1.140545,1.140555
1783473600,1.140555,1.140625,1.14043,1.14049
1783473900,1.140495,1.14053,1.140405,1.140415
1783474200,1.14041,1.140435,1.14028,1.14028
1783474500,1.140285,1.14031,1.14007,1.14009
1783474800,1.140085,1.140175,1.13985,1.13998
1783475100,1.13998,1.140455,1.13998,1.14044
1783475400,1.140445,1.14061,1.140245,1.14037
1783475700,1.140375,1.140625,1.140365,1.140545
1783476000,1.140545,1.140755,1.14048,1.140495
1783476300,1.14049,1.14071,1.14048,1.140605
1783476600,1.140605,1.14065,1.140495,1.14059
1783476900,1.14059,1.14087,1.14059,1.140795
1783477200,1.140795,1.141185,1.14074,1.14107
1783477500,1.14106,1.1412,1.141005,1.141085
1783477800,1.141085,1.141115,1.140875,1.141055
1783478100,1.14106,1.141255,1.141045,1.141205
1783478400,1.1412,1.141245,1.141155,1.141215
1783478700,1.141215,1.14126,1.14111,1.14112
1783479000,1.14111,1.141255,1.141085,1.141145
1783479300,1.141145,1.141195,1.141065,1.141125
1783479600,1.14113,1.14141,1.14113,1.141345
1783479900,1.14135,1.141395,1.141255,1.141315
1783480200,1.14131,1.14159,1.141275,1.141585
1783480500,1.14159,1.141605,1.141455,1.14149
1783480800,1.14149,1.141655,1.14141,1.141535
1783481100,1.14154,1.14159,1.141485,1.141535
1783481400,1.141535,1.141545,1.141365,1.14144
1783481700,1.14144,1.141465,1.141395,1.141395
1783482000,1.141395,1.141515,1.141345,1.141495
1783482300,1.141495,1.14155,1.14146,1.14153
1783482600,1.141525,1.14155,1.141375,1.141405
1783482900,1.14141,1.141445,1.141335,1.141445
1783483200,1.141455,1.141455,1.141245,1.141255
1783483500,1.141255,1.141355,1.14113,1.1413
1783483800,1.1413,1.141335,1.141205,1.14121
1783484100,1.141205,1.141305,1.14119,1.141215
1783484400,1.141215,1.141265,1.141095,1.141245
1783484700,1.141245,1.14137,1.14124,1.141355
1783485000,1.14135,1.141425,1.141295,1.14137
1783485300,1.141375,1.141585,1.141365,1.14151
1783485600,1.14151,1.141555,1.141405,1.14144
1783485900,1.14144,1.14156,1.14134,1.14134
1783486200,1.14135,1.14151,1.14133,1.141435
1783486500,1.14144,1.14147,1.141355,1.141445
1783486800,1.14145,1.14177,1.141385,1.14177
1783487100,1.141765,1.14188,1.141765,1.1418
1783487400,1.14179,1.141795,1.141435,1.141465
1783487700,1.141455,1.14162,1.141445,1.141495
1783488000,1.1415,1.14154,1.141255,1.141275
1783488300,1.14128,1.14142,1.14125,1.141355
1783488600,1.141355,1.14167,1.14133,1.141645
1783488900,1.141645,1.141755,1.141615,1.141745
1783489200,1.141755,1.14208,1.141685,1.141975
1783489500,1.141975,1.142045,1.141805,1.141865
1783489800,1.141855,1.14189,1.14168,1.141875
1783490100,1.141875,1.14205,1.141865,1.141955
1783490400,1.14195,1.14235,1.141795,1.141795
1783490700,1.1418,1.142035,1.141785,1.141955
1783491000,1.141955,1.141955,1.14172,1.14178
1783491300,1.14178,1.14218,1.141775,1.142145
1783491600,1.14214,1.142305,1.14192,1.14223
1783491900,1.142235,1.142305,1.142,1.14221
1783492200,1.142215,1.142315,1.14212,1.142145
1783492500,1.14214,1.142405,1.14197,1.142355
1783492800,1.142345,1.142405,1.14206,1.142155
1783493100,1.14215,1.142205,1.141885,1.141945
1783493400,1.141935,1.142205,1.141795,1.142145
1783493700,1.14214,1.1423,1.14209,1.14225
1783494000,1.142265,1.142295,1.14205,1.14223
1783494300,1.14222,1.14224,1.141805,1.14203
1783494600,1.142035,1.14227,1.141885,1.14194
1783494900,1.141945,1.142195,1.141695,1.142195
1783495200,1.142195,1.142665,1.142045,1.142495
1783495500,1.14249,1.14285,1.142345,1.142795
1783495800,1.14279,1.143165,1.14274,1.142895
1783496100,1.1429,1.143065,1.14265,1.142705
1783496400,1.14272,1.142975,1.142685,1.14292
1783496700,1.142915,1.14306,1.142765,1.142885
1783497000,1.142885,1.14289,1.142685,1.142725
1783497300,1.142715,1.14291,1.14255,1.142565
1783497600,1.14256,1.14277,1.142435,1.142745
1783497900,1.14274,1.142745,1.142445,1.14259
1783498200,1.142585,1.142595,1.142245,1.14226
1783498500,1.142255,1.14257,1.14005,1.14076
1783498800,1.140755,1.14119,1.14051,1.140715
1783499100,1.140725,1.14154,1.14065,1.14143
1783499400,1.141425,1.14169,1.141105,1.141335
1783499700,1.14133,1.14138,1.140705,1.140965
1783500000,1.14095,1.141175,1.140505,1.141015
1783500300,1.141015,1.141865,1.141015,1.141635
1783500600,1.14163,1.141655,1.14115,1.14116
1783500900,1.141165,1.141505,1.140865,1.141035
1783501200,1.141025,1.141135,1.140535,1.140975
1783501500,1.14097,1.14097,1.14015,1.14023
1783501800,1.140225,1.14031,1.139615,1.13965
1783502100,1.139645,1.14072,1.13962,1.140515
1783502400,1.14051,1.14072,1.140295,1.14042
1783502700,1.140415,1.14062,1.140075,1.14056
1783503000,1.14057,1.141165,1.14046,1.141155
1783503300,1.141145,1.14116,1.140705,1.141075
1783503600,1.141065,1.141095,1.140755,1.141035
1783503900,1.14103,1.141115,1.140875,1.141045
1783504200,1.141045,1.141085,1.140745,1.140975
1783504500,1.14098,1.141025,1.140395,1.14044
1783504800,1.140445,1.14077,1.140435,1.140595
1783505100,1.140595,1.140645,1.14018,1.14019
1783505400,1.140195,1.14052,1.14012,1.14032
1783505700,1.140315,1.14072,1.1402,1.14072
1783506000,1.14073,1.141205,1.1407,1.141155
1783506300,1.14114,1.141185,1.14101,1.141135
1783506600,1.14114,1.141375,1.141035,1.141315
1783506900,1.141315,1.14137,1.141145,1.141315
1783507200,1.14131,1.14148,1.141165,1.141335
1783507500,1.141335,1.141355,1.14099,1.141165
1783507800,1.141155,1.14117,1.140855,1.141015
1783508100,1.141015,1.141025,1.1408,1.140855
1783508400,1.14083,1.140895,1.140485,1.140605
1783508700,1.140615,1.140815,1.140565,1.14071
1783509000,1.14071,1.140815,1.140605,1.140665
1783509300,1.140665,1.140975,1.140665,1.140865
1783509600,1.14087,1.14087,1.14058,1.140775
1783509900,1.14077,1.140775,1.140575,1.140635
1783510200,1.14064,1.140665,1.14029,1.14031
1783510500,1.14031,1.14037,1.13944,1.13946
1783510800,1.139465,1.140735,1.13932,1.14043
1783511100,1.140435,1.14045,1.13999,1.14005
1783511400,1.14004,1.140055,1.13969,1.13994
1783511700,1.13993,1.139975,1.1397,1.139825
1783512000,1.13982,1.140385,1.13975,1.14036
1783512300,1.140365,1.14055,1.14027,1.14033
1783512600,1.140325,1.14038,1.140135,1.14024
1783512900,1.140245,1.140685,1.14024,1.140485
1783513200,1.14048,1.140525,1.140325,1.140385
1783513500,1.14039,1.14056,1.14032,1.140495
1783513800,1.1405,1.140645,1.140315,1.140415
1783514100,1.14042,1.140535,1.1403,1.14051
1783514400,1.140505,1.14056,1.14037,1.14047
1783514700,1.140475,1.14065,1.140435,1.14057
1783515000,1.140565,1.14071,1.140455,1.140575
1783515300,1.14058,1.140665,1.139555,1.139625
1783515600,1.13962,1.140005,1.139575,1.139895
1783515900,1.1399,1.140175,1.13974,1.140175
1783516200,1.14018,1.140375,1.139985,1.14008
1783516500,1.140075,1.140105,1.139725,1.13999
1783516800,1.139985,1.14017,1.13992,1.140055
1783517100,1.14005,1.14063,1.13996,1.140325
1783517400,1.14034,1.141185,1.14034,1.141135
1783517700,1.14113,1.141215,1.140935,1.14108
1783518000,1.141075,1.141225,1.140755,1.14115
1783518300,1.141145,1.141385,1.14103,1.14127
1783518600,1.141275,1.141355,1.14087,1.140935
1783518900,1.14094,1.14108,1.140775,1.140995
1783519200,1.14099,1.141335,1.140865,1.14107
1783519500,1.141075,1.141135,1.140715,1.1409
1783519800,1.140895,1.14097,1.14058,1.14062
1783520100,1.140625,1.140945,1.140585,1.14086
1783520400,1.14086,1.14123,1.140835,1.141045
1783520700,1.14105,1.141085,1.14074,1.140835
1783521000,1.14083,1.140855,1.14042,1.14047
1783521300,1.140475,1.140675,1.14044,1.1406
1783521600,1.140595,1.140845,1.140575,1.140595
1783521900,1.14059,1.14073,1.140465,1.14053
1783522200,1.140525,1.140845,1.1405,1.14059
1783522500,1.140585,1.1408,1.140335,1.140745
1783522800,1.14075,1.140955,1.14047,1.14094
1783523100,1.14093,1.14119,1.140825,1.140835
1783523400,1.14084,1.140845,1.14028,1.140295
1783523700,1.1403,1.140365,1.13992,1.140115
1783524000,1.14012,1.14033,1.13997,1.140165
1783524300,1.14016,1.140235,1.14,1.140055
1783524600,1.14005,1.14013,1.139545,1.139735
1783524900,1.13974,1.13993,1.13934,1.13934
1783525200,1.139345,1.13943,1.139125,1.13928
1783525500,1.139285,1.139405,1.139175,1.139285
1783525800,1.13929,1.13962,1.139225,1.13955
1783526100,1.139555,1.139705,1.13946,1.139515
1783526400,1.13952,1.1397,1.139485,1.13966
1783526700,1.13966,1.14012,1.13966,1.13983
1783527000,1.139835,1.13997,1.139725,1.13973
1783527300,1.139725,1.140135,1.139595,1.14012
1783527600,1.140125,1.14031,1.14007,1.14014
1783527900,1.14014,1.140255,1.14003,1.140145
1783528200,1.14013,1.14062,1.140085,1.140545
1783528500,1.14054,1.14093,1.1405,1.14086
1783528800,1.140855,1.14126,1.140765,1.141195
1783529100,1.1412,1.141365,1.14109,1.141235
1783529400,1.14124,1.14139,1.141055,1.14137
1783529700,1.141365,1.141485,1.14125,1.14142
1783530000,1.141425,1.141775,1.141425,1.14149
1783530300,1.1415,1.14216,1.141485,1.14199
1783530600,1.14199,1.14239,1.14193,1.14213
1783530900,1.14212,1.14227,1.14209,1.142215
1783531200,1.14222,1.14255,1.14222,1.142315
1783531500,1.14231,1.14267,1.1422,1.142615
1783531800,1.14262,1.14271,1.1425,1.14262
1783532100,1.142615,1.142615,1.14233,1.1424
1783532400,1.142395,1.142405,1.142145,1.14216
1783532700,1.14217,1.142265,1.142105,1.142135
1783533000,1.14214,1.142235,1.142025,1.142095
1783533300,1.14209,1.14209,1.14189,1.14191
1783533600,1.141905,1.142425,1.14164,1.14216
1783533900,1.14216,1.142425,1.14211,1.142395
1783534200,1.14239,1.142805,1.14233,1.142785
1783534500,1.14279,1.14288,1.142565,1.142645
1783534800,1.14264,1.14286,1.14259,1.14279
1783535100,1.142795,1.142795,1.142555,1.142605
1783535400,1.1426,1.14262,1.14238,1.14253
1783535700,1.14253,1.142775,1.142445,1.14277
1783536000,1.14277,1.14288,1.142685,1.142865
1783536300,1.14287,1.1429,1.142685,1.14274
1783536600,1.14274,1.142815,1.142585,1.14269
1783536900,1.142685,1.14272,1.142515,1.142545
1783537200,1.14255,1.142795,1.142545,1.142735
1783537500,1.142735,1.14295,1.142705,1.14294
1783537800,1.14294,1.142945,1.142765,1.14287
1783538100,1.142865,1.142905,1.14272,1.142795
1783538400,1.1428,1.142945,1.142795,1.142875
1783538700,1.142875,1.142945,1.142795,1.14288
1783539000,1.14288,1.14304,1.142785,1.142785
1783539300,1.14279,1.142945,1.142745,1.14286
1783539600,1.14286,1.142875,1.142695,1.142745
1783539900,1.142745,1.14275,1.14227,1.14234
1783540200,1.14233,1.142665,1.14229,1.142655
1783540500,1.142655,1.14291,1.142625,1.142755
1783540800,1.14276,1.14276,1.142555,1.142585
1783541100,1.14258,1.14279,1.14256,1.14267
1783541400,1.142665,1.142675,1.14243,1.142455
1783541700,1.14245,1.14249,1.14226,1.142275
1783542000,1.142275,1.14234,1.14224,1.14224
1783542300,1.142235,1.142235,1.142035,1.142035
1783542600,1.142035,1.142035,1.1419,1.141905
1783542900,1.141905,1.141905,1.14152,1.141605
1783543200,1.14161,1.14176,1.141605,1.141635
1783543500,1.14165,1.141725,1.14162,1.14162
1783543800,1.141615,1.141715,1.141605,1.141685
1783544100,1.141695,1.141725,1.141575,1.141675
1783544400,1.14173,1.142,1.14173,1.14188
1783544700,1.14188,1.14205,1.141855,1.14205
1783545000,1.14205,1.14221,1.141885,1.142115
1783545300,1.142115,1.14223,1.14172,1.141925
1783545600,1.141925,1.142085,1.14184,1.142085
1783545900,1.142085,1.142085,1.14196,1.14207
1783546200,1.14207,1.14207,1.141735,1.14185
1783546500,1.14185,1.141915,1.141595,1.141705
1783546800,1.141705,1.141815,1.141695,1.141765
1783547100,1.141765,1.141775,1.141675,1.14174
1783547400,1.14174,1.14182,1.14171,1.14171
1783547700,1.14171,1.141815,1.14171,1.141815
1783548000,1.141805,1.14183,1.14162,1.14163
1783548300,1.14164,1.14174,1.141625,1.141675
1783548600,1.14168,1.1418,1.14167,1.1417
1783548900,1.141715,1.14173,1.14168,1.14172
1783549200,1.14172,1.14173,1.141685,1.141695
1783549500,1.141695,1.141725,1.14168,1.14169
1783549800,1.141685,1.141835,1.141685,1.141825
1783550100,1.14182,1.14189,1.14179,1.141845
1783550400,1.141845,1.141885,1.141835,1.141835
1783550700,1.141835,1.14184,1.141795,1.14183
1783551000,1.14183,1.141845,1.141815,1.141815
1783551300,1.14181,1.141935,1.141795,1.141915
1783551600,1.141915,1.14197,1.141875,1.14194
1783551900,1.14194,1.14196,1.14179,1.14182
1783552200,1.141825,1.141825,1.141765,1.14179
1783552500,1.141785,1.14179,1.14173,1.141775
1783552800,1.141775,1.141825,1.14173,1.141775
1783553100,1.141775,1.141865,1.141775,1.141845
1783553400,1.141845,1.14192,1.14183,1.141905
1783553700,1.141905,1.142005,1.141875,1.14194
1783554000,1.14194,1.14208,1.141935,1.14206
1783554300,1.142055,1.14215,1.14204,1.14209
1783554600,1.142095,1.142095,1.14198,1.142045
1783554900,1.142045,1.142245,1.14204,1.142135
1783555200,1.14213,1.14242,1.14212,1.142395
1783555500,1.142395,1.14264,1.14239,1.14254
1783555800,1.142545,1.14289,1.14254,1.14279
1783556100,1.142785,1.142845,1.1426,1.14262
1783556400,1.14262,1.14274,1.14254,1.142655
1783556700,1.142655,1.142785,1.142655,1.142765
1783557000,1.142765,1.143025,1.14273,1.14294
1783557300,1.14294,1.142995,1.14289,1.1429
1783557600,1.1429,1.14295,1.142655,1.142675
1783557900,1.142675,1.1427,1.14255,1.14262
1783558200,1.142625,1.14264,1.1423,1.142345
1783558500,1.14235,1.142605,1.1423,1.142575
1783558800,1.142585,1.14274,1.142415,1.142475
1783559100,1.142475,1.14257,1.142365,1.142555
1783559400,1.14256,1.14256,1.142275,1.142295
1783559700,1.142295,1.142415,1.142285,1.142395
1783560000,1.142395,1.14247,1.142295,1.14236
1783560300,1.142355,1.142375,1.142155,1.14219
1783560600,1.142195,1.142265,1.142,1.142245
1783560900,1.142245,1.14254,1.142235,1.142415
1783561200,1.142405,1.14241,1.142295,1.142345
1783561500,1.142345,1.142345,1.142115,1.142255
1783561800,1.142255,1.14229,1.142165,1.142225
1783562100,1.14223,1.142625,1.14223,1.142565
1783562400,1.142575,1.14273,1.142555,1.14268
1783562700,1.14268,1.142835,1.142605,1.14269
1783563000,1.142685,1.142785,1.142595,1.142735
1783563300,1.142735,1.142835,1.14269,1.14274
1783563600,1.142745,1.142745,1.142665,1.142685
1783563900,1.14269,1.14273,1.142585,1.142635
1783564200,1.142625,1.14268,1.14247,1.14247
1783564500,1.142465,1.14257,1.14232,1.14247
1783564800,1.14247,1.142515,1.14238,1.14247
1783565100,1.14247,1.14273,1.14247,1.142685
1783565400,1.14268,1.142725,1.142495,1.142535
1783565700,1.14254,1.142585,1.14243,1.142435
1783566000,1.14243,1.142525,1.142405,1.142525
1783566300,1.142525,1.14261,1.142515,1.142585
1783566600,1.142585,1.1426,1.142475,1.142555
1783566900,1.142555,1.142555,1.142325,1.142375
1783567200,1.142375,1.142435,1.142285,1.142425
1783567500,1.142425,1.14268,1.14242,1.14263
1783567800,1.142635,1.14302,1.14263,1.142835
1783568100,1.142835,1.143035,1.14282,1.142975
1783568400,1.14297,1.143005,1.142735,1.142805
1783568700,1.142805,1.142805,1.1426,1.14262
1783569000,1.142625,1.14289,1.14261,1.142835
1783569300,1.14283,1.14285,1.14264,1.142695
1783569600,1.142685,1.142705,1.14255,1.142615
1783569900,1.142615,1.14274,1.142615,1.14269
1783570200,1.14269,1.142735,1.14257,1.142655
1783570500,1.142655,1.14266,1.142325,1.142335
1783570800,1.14233,1.142585,1.14232,1.14252
1783571100,1.142525,1.142595,1.142525,1.14254
1783571400,1.142535,1.1427,1.142535,1.14265
1783571700,1.142645,1.14267,1.142525,1.142525
1783572000,1.142535,1.142575,1.14251,1.142565
1783572300,1.14256,1.142625,1.14253,1.14261
1783572600,1.14261,1.14272,1.142595,1.14271
1783572900,1.142705,1.142725,1.142645,1.142675
1783573200,1.142675,1.142805,1.142645,1.142685
1783573500,1.142685,1.14276,1.14264,1.1427
1783573800,1.142705,1.143385,1.142695,1.143205
1783574100,1.143195,1.143305,1.14297,1.14304
1783574400,1.143045,1.143045,1.14291,1.143025
1783574700,1.143025,1.143265,1.143025,1.143245
1783575000,1.14324,1.143335,1.143085,1.143325
1783575300,1.143325,1.143345,1.143215,1.143335
1783575600,1.14333,1.143335,1.142995,1.14317
1783575900,1.143165,1.14329,1.143165,1.14329
1783576200,1.14329,1.14337,1.143205,1.143275
1783576500,1.143275,1.143275,1.143055,1.14307
1783576800,1.143075,1.143685,1.143075,1.14359
1783577100,1.143585,1.14363,1.14345,1.143595
1783577400,1.143595,1.14361,1.143345,1.143435
1783577700,1.14343,1.143685,1.14337,1.143605
1783578000,1.14361,1.14455,1.143565,1.144415
1783578300,1.144415,1.144765,1.144365,1.144685
1783578600,1.14467,1.144925,1.144535,1.14489
1783578900,1.144895,1.144905,1.14424,1.14448
1783579200,1.144475,1.144555,1.144165,1.144555
1783579500,1.144555,1.144595,1.14435,1.14436
1783579800,1.14435,1.14447,1.144085,1.144085
1783580100,1.144085,1.144235,1.143965,1.1442
1783580400,1.14421,1.14423,1.143845,1.143865
1783580700,1.143855,1.14387,1.143515,1.143775
1783581000,1.143775,1.143875,1.143585,1.143695
1783581300,1.14369,1.14392,1.143605,1.14377
1783581600,1.143775,1.14388,1.143625,1.143735
1783581900,1.143725,1.14386,1.14369,1.143785
1783582200,1.143795,1.143845,1.143535,1.143585
1783582500,1.14357,1.143725,1.14351,1.143645
1783582800,1.143635,1.143685,1.143465,1.14356
1783583100,1.14356,1.14356,1.14326,1.143425
1783583400,1.14342,1.14351,1.143315,1.143435
1783583700,1.14343,1.14359,1.143275,1.143555
1783584000,1.14355,1.14359,1.14336,1.143495
1783584300,1.143505,1.1438,1.143425,1.14373
1783584600,1.143725,1.143825,1.143385,1.143575
1783584900,1.143565,1.143755,1.143515,1.14373
1783585200,1.14373,1.143775,1.1435,1.1436
1783585500,1.143605,1.1437,1.143435,1.143665
1783585800,1.143655,1.143725,1.143375,1.143435
1783586100,1.143435,1.14357,1.143325,1.14336
1783586400,1.143355,1.14336,1.143115,1.143225
1783586700,1.143225,1.143275,1.142905,1.142935
1783587000,1.142935,1.143055,1.142845,1.143045
1783587300,1.143045,1.143065,1.142555,1.142675
1783587600,1.142665,1.14286,1.14265,1.14278
1783587900,1.142775,1.142795,1.142435,1.142485
1783588200,1.14248,1.142685,1.142375,1.142595
1783588500,1.1426,1.142755,1.142535,1.142645
1783588800,1.142645,1.142835,1.142605,1.142615
1783589100,1.14262,1.14281,1.14257,1.142735
1783589400,1.14274,1.142775,1.142505,1.142555
1783589700,1.142555,1.142745,1.14251,1.142705
1783590000,1.142695,1.14277,1.142415,1.142635
1783590300,1.142635,1.14276,1.14257,1.142725
1783590600,1.142735,1.142955,1.142735,1.142955
1783590900,1.142945,1.143155,1.14289,1.14309
1783591200,1.143085,1.14311,1.14282,1.14291
1783591500,1.142905,1.14295,1.14274,1.142895
1783591800,1.142895,1.142965,1.14281,1.14292
1783592100,1.14292,1.143015,1.142735,1.142795
1783592400,1.1428,1.142855,1.14269,1.142705
1783592700,1.14271,1.14275,1.142625,1.142715
1783593000,1.14272,1.14295,1.142665,1.14294
1783593300,1.142935,1.143175,1.14288,1.14288
1783593600,1.14288,1.1429,1.14269,1.142745
1783593900,1.14274,1.14284,1.142655,1.142815
1783594200,1.142815,1.142815,1.14212,1.142385
1783594500,1.14238,1.142385,1.14212,1.142335
1783594800,1.142345,1.142475,1.142205,1.142345
1783595100,1.14234,1.142425,1.142215,1.142415
1783595400,1.142415,1.142595,1.142355,1.142595
1783595700,1.142585,1.14265,1.142465,1.1425
1783596000,1.1425,1.14254,1.14236,1.142415
1783596300,1.142415,1.142515,1.142325,1.142365
1783596600,1.142365,1.14259,1.1422,1.14257
1783596900,1.142565,1.14266,1.14245,1.142645
1783597200,1.14264,1.14268,1.142575,1.142585
1783597500,1.142585,1.142745,1.14251,1.142645
1783597800,1.142645,1.142995,1.142485,1.14298
1783598100,1.142975,1.142995,1.142845,1.142955
1783598400,1.14296,1.143295,1.14296,1.1432
1783598700,1.1432,1.14353,1.143045,1.143455
1783599000,1.143455,1.1436,1.1433,1.143395
1783599300,1.1434,1.143515,1.14337,1.14345
1783599600,1.143445,1.14346,1.14315,1.14321
1783599900,1.143215,1.1433,1.143105,1.143265
1783600200,1.143275,1.143545,1.143185,1.143285
1783600500,1.143295,1.14331,1.14296,1.14299
1783600800,1.142995,1.14314,1.142685,1.142845
1783601100,1.14284,1.142845,1.142565,1.142685
1783601400,1.14269,1.142845,1.14248,1.14254
1783601700,1.142545,1.142765,1.142275,1.14249
1783602000,1.142485,1.14271,1.14238,1.142615
1783602300,1.142615,1.143055,1.14255,1.142985
1783602600,1.14299,1.143045,1.142795,1.143045
1783602900,1.14305,1.14367,1.14304,1.143265
1783603200,1.143255,1.143325,1.143095,1.143285
1783603500,1.14329,1.14356,1.143275,1.143435
1783603800,1.143455,1.143665,1.143155,1.14328
1783604100,1.143285,1.143425,1.143215,1.14325
1783604400,1.143255,1.143695,1.143215,1.143485
1783604700,1.14349,1.14376,1.143345,1.143705
1783605000,1.14371,1.14386,1.14357,1.1436
1783605300,1.143605,1.14393,1.14359,1.14392
1783605600,1.143925,1.144595,1.14392,1.14458
1783605900,1.14458,1.144585,1.14399,1.144015
1783606200,1.14402,1.144275,1.14399,1.144095
1783606500,1.14409,1.14409,1.143645,1.14371
1783606800,1.143705,1.1441,1.143685,1.144045
1783607100,1.14404,1.14405,1.14379,1.14392
1783607400,1.1439,1.144175,1.143585,1.144165
1783607700,1.14418,1.144295,1.143735,1.143815
1783608000,1.143805,1.143825,1.143585,1.143655
1783608300,1.14366,1.143695,1.143515,1.143555
1783608600,1.143555,1.14359,1.143295,1.143345
1783608900,1.143335,1.14343,1.143135,1.143295
1783609200,1.143295,1.143345,1.142915,1.143105
1783609500,1.14311,1.143595,1.14309,1.143585
1783609800,1.14359,1.14362,1.14307,1.143145
1783610100,1.14315,1.14333,1.14304,1.143045
1783610400,1.14305,1.14316,1.14293,1.14311
1783610700,1.14312,1.143455,1.143115,1.143335
1783611000,1.143335,1.143405,1.143095,1.143225
1783611300,1.143235,1.143345,1.14311,1.143345
1783611600,1.143355,1.143745,1.143325,1.143745
1783611900,1.143745,1.143885,1.14359,1.143705
1783612200,1.143725,1.144065,1.143725,1.144015
1783612500,1.144015,1.144025,1.14379,1.143875
1783612800,1.14389,1.144045,1.14388,1.143995
1783613100,1.143995,1.14402,1.143855,1.14393
1783613400,1.14393,1.144045,1.143735,1.143955
1783613700,1.143955,1.144135,1.143735,1.143755
1783614000,1.14376,1.143765,1.143585,1.143635
1783614300,1.14363,1.143825,1.143605,1.14371
1783614600,1.143705,1.143765,1.143515,1.143515
1783614900,1.14352,1.14399,1.143515,1.14392
1783615200,1.14392,1.14406,1.143815,1.143975
1783615500,1.143975,1.14408,1.143965,1.143975
1783615800,1.143975,1.144005,1.143855,1.143875
1783616100,1.143875,1.143895,1.14365,1.143685
1783616400,1.14369,1.1438,1.143595,1.143655
1783616700,1.143665,1.143745,1.14353,1.14359
1783617000,1.143595,1.143665,1.14341,1.14364
1783617300,1.143645,1.143975,1.14355,1.143965
1783617600,1.143965,1.144065,1.143905,1.143965
1783617900,1.143965,1.14404,1.143905,1.14401
1783618200,1.144005,1.14408,1.14381,1.143845
1783618500,1.14385,1.143915,1.143685,1.143705
1783618800,1.143705,1.143705,1.1436,1.143695
1783619100,1.143695,1.143805,1.14367,1.143745
1783619400,1.143745,1.143825,1.1437,1.14371
1783619700,1.143715,1.1438,1.143665,1.14376
1783620000,1.143765,1.14382,1.1436,1.14361
1783620300,1.14361,1.14371,1.14354,1.143615
1783620600,1.143615,1.143675,1.14347,1.143515
1783620900,1.14352,1.14359,1.14341,1.14341
1783621200,1.14341,1.143445,1.143265,1.143295
1783621500,1.1433,1.143365,1.14319,1.14321
1783621800,1.143215,1.14333,1.14318,1.14325
1783622100,1.143245,1.143275,1.143145,1.143165
1783622400,1.143165,1.14338,1.14316,1.14331
1783622700,1.143305,1.14344,1.143235,1.14343
1783623000,1.143425,1.143445,1.143225,1.143335
1783623300,1.143335,1.14342,1.143335,1.143355
1783623600,1.143355,1.143435,1.1432,1.143245
1783623900,1.143245,1.143305,1.14315,1.143155
1783624200,1.143155,1.143165,1.143075,1.143155
1783624500,1.14315,1.143235,1.143125,1.143195
1783624800,1.143205,1.14324,1.143015,1.143015
1783625100,1.143015,1.143025,1.142875,1.14291
1783625400,1.142915,1.14294,1.14272,1.142725
1783625700,1.14273,1.142925,1.142725,1.14285
1783626000,1.14285,1.14291,1.14274,1.14274
1783626300,1.142735,1.14276,1.14265,1.142705
1783626600,1.142695,1.14276,1.142655,1.142665
1783626900,1.142665,1.142855,1.14256,1.142775
1783627200,1.142775,1.142885,1.142735,1.142805
1783627500,1.1428,1.142915,1.14278,1.14291
1783627800,1.142905,1.142995,1.142865,1.14296
1783628100,1.14296,1.14301,1.14291,1.14299
1783628400,1.142995,1.143005,1.142955,1.142965
1783628700,1.14296,1.14302,1.142865,1.142895
1783629000,1.142895,1.14298,1.142895,1.142975
1783629300,1.142965,1.143005,1.142935,1.14297
1783629600,1.142975,1.142985,1.142965,1.142975
1783629900,1.14297,1.14297,1.142865,1.142925
1783630200,1.14292,1.14296,1.142855,1.14294
1783630500,1.142935,1.14304,1.142925,1.143
1783630800,1.142995,1.143245,1.142995,1.143245
1783631100,1.143225,1.143225,1.143105,1.143175
1783631400,1.143175,1.1432,1.143165,1.14319
1783631700,1.143195,1.143245,1.14304,1.14304
1783632000,1.143045,1.143235,1.143045,1.14307
1783632300,1.14307,1.14326,1.142965,1.143125
1783632600,1.143055,1.14311,1.142945,1.14304
1783632900,1.14304,1.14317,1.14294,1.14317
1783633200,1.14317,1.143175,1.14308,1.143175
1783633500,1.14316,1.14318,1.1429,1.143135
1783633800,1.143145,1.14315,1.14304,1.14315
1783634100,1.143155,1.14317,1.143,1.143055
1783634400,1.14299,1.143085,1.14293,1.143075
1783634700,1.14308,1.143365,1.14308,1.143295
1783635000,1.143295,1.143315,1.14327,1.143295
1783635300,1.14329,1.14334,1.14327,1.143335
1783635600,1.143335,1.143335,1.1433,1.1433
1783635900,1.1433,1.14331,1.143295,1.143305
1783636200,1.143305,1.143315,1.1433,1.143305
1783636500,1.143305,1.14332,1.14329,1.14331
1783636800,1.14331,1.14332,1.1433,1.14331
1783637100,1.14331,1.14334,1.1433,1.14332
1783637400,1.14332,1.143365,1.14332,1.143345
1783637700,1.143345,1.14336,1.143325,1.14335
1783638000,1.14335,1.14337,1.143325,1.14336
1783638300,1.14336,1.1434,1.14334,1.14336
1783638600,1.14336,1.14339,1.143355,1.14339
1783638900,1.143385,1.14339,1.14334,1.143345
1783639200,1.143345,1.143345,1.143195,1.143205
1783639500,1.143205,1.14321,1.143145,1.1432
1783639800,1.1432,1.14321,1.143185,1.143195
1783640100,1.143195,1.14331,1.143185,1.143275
1783640400,1.143275,1.14333,1.14326,1.14331
1783640700,1.143315,1.14336,1.14328,1.1433
1783641000,1.1433,1.14331,1.14321,1.143255
1783641300,1.143255,1.143315,1.14324,1.14331
1783641600,1.143315,1.14342,1.143205,1.143335
1783641900,1.14334,1.143415,1.143265,1.143305
1783642200,1.143295,1.143355,1.143175,1.143205
1783642500,1.1432,1.143295,1.143195,1.143215
1783642800,1.143215,1.143215,1.143085,1.143125
1783643100,1.143125,1.143155,1.143095,1.14314
1783643400,1.14314,1.143155,1.14304,1.143065
1783643700,1.143065,1.143285,1.143065,1.14327
1783644000,1.14327,1.143535,1.143255,1.143505
1783644300,1.143495,1.14378,1.143495,1.143765
1783644600,1.143765,1.14391,1.143655,1.1439
1783644900,1.143905,1.14421,1.143865,1.144025
1783645200,1.144005,1.144045,1.1438,1.143965
1783645500,1.143965,1.144275,1.14381,1.14419
1783645800,1.144185,1.144485,1.14416,1.144465
1783646100,1.144475,1.144725,1.14446,1.144695
1783646400,1.144695,1.144715,1.144225,1.144305
1783646700,1.14431,1.14435,1.14415,1.14426
1783647000,1.14425,1.144465,1.14421,1.144455
1783647300,1.14446,1.144575,1.144235,1.144385
1783647600,1.144385,1.1445,1.144265,1.14433
1783647900,1.14434,1.144605,1.144205,1.144585
1783648200,1.144585,1.14477,1.14449,1.144695
1783648500,1.144695,1.14499,1.144695,1.14473
1783648800,1.144735,1.1449,1.1447,1.14486
1783649100,1.14486,1.1455,1.14486,1.145335
1783649400,1.14534,1.145605,1.14531,1.145565
1783649700,1.14557,1.145995,1.145545,1.145915
1783650000,1.145915,1.14597,1.14562,1.145735
1783650300,1.145725,1.14594,1.145695,1.145715
1783650600,1.145715,1.145795,1.145615,1.14569
1783650900,1.145685,1.145705,1.14548,1.14565
1783651200,1.14565,1.14592,1.145625,1.14586
1783651500,1.145865,1.146,1.145735,1.145835
1783651800,1.145835,1.146075,1.145835,1.14602
1783652100,1.146015,1.146015,1.145815,1.145825
1783652400,1.14583,1.145935,1.145725,1.145785
1783652700,1.14576,1.145885,1.1457,1.14585
1783653000,1.145855,1.145855,1.14558,1.145595
1783653300,1.1456,1.145625,1.14553,1.14557
1783653600,1.14557,1.145575,1.145365,1.14538
1783653900,1.14538,1.14557,1.14538,1.145565
1783654200,1.14556,1.14568,1.14554,1.14564
1783654500,1.14564,1.14565,1.145365,1.14548
1783654800,1.14548,1.145485,1.145345,1.14542
1783655100,1.145415,1.145415,1.145135,1.14514
1783655400,1.145145,1.14528,1.14502,1.14503
1783655700,1.145025,1.145075,1.144745,1.144945
1783656000,1.144935,1.144935,1.14479,1.14483
1783656300,1.144825,1.14486,1.14472,1.144765
1783656600,1.144765,1.14491,1.144705,1.14489
1783656900,1.14489,1.1449,1.144645,1.144685
1783657200,1.144685,1.144695,1.144435,1.14444
1783657500,1.14444,1.14459,1.144425,1.144585
1783657800,1.144585,1.144585,1.14446,1.144515
1783658100,1.144505,1.144525,1.14441,1.144455
1783658400,1.144455,1.144455,1.144185,1.14419
1783658700,1.14418,1.144245,1.144085,1.14412
1783659000,1.14411,1.14414,1.144015,1.14402
1783659300,1.144015,1.144285,1.14396,1.144285
1783659600,1.144285,1.14437,1.144245,1.144355
1783659900,1.144345,1.14445,1.14423,1.144235
1783660200,1.144225,1.144245,1.144035,1.14405
1783660500,1.14405,1.144105,1.14395,1.14395
1783660800,1.143945,1.143955,1.14376,1.143815
1783661100,1.143815,1.14386,1.14374,1.143805
1783661400,1.143805,1.143815,1.14371,1.14375
1783661700,1.14375,1.14384,1.14365,1.143655
1783662000,1.14366,1.14379,1.14356,1.143755
1783662300,1.143755,1.14398,1.14375,1.143965
1783662600,1.14396,1.14413,1.143915,1.143955
1783662900,1.14393,1.144045,1.143875,1.143975
1783663200,1.143975,1.144095,1.143935,1.144035
1783663500,1.144045,1.144215,1.144005,1.144155
1783663800,1.144155,1.144425,1.144155,1.144295
1783664100,1.1443,1.144615,1.144045,1.144595
1783664400,1.14459,1.14475,1.144445,1.144565
1783664700,1.144575,1.14459,1.1442,1.1442
1783665000,1.144195,1.1444,1.14415,1.144395
1783665300,1.14439,1.14462,1.144385,1.1445
1783665600,1.1445,1.14451,1.14402,1.144025
1783665900,1.14402,1.14407,1.143905,1.143935
1783666200,1.14393,1.14418,1.14391,1.14409
1783666500,1.14408,1.14431,1.14405,1.144205
1783666800,1.14421,1.144245,1.143855,1.143915
1783667100,1.14391,1.14397,1.143815,1.14387
1783667400,1.14387,1.143995,1.14376,1.143835
1783667700,1.14384,1.144165,1.143735,1.144165
1783668000,1.144165,1.14423,1.143975,1.144025
1783668300,1.14402,1.144075,1.143765,1.143965
1783668600,1.143945,1.144105,1.14383,1.14385
1783668900,1.143845,1.14396,1.143735,1.143825
1783669200,1.14381,1.144125,1.14377,1.14401
1783669500,1.144005,1.14405,1.143675,1.143975
1783669800,1.143975,1.14416,1.14381,1.14381
1783670100,1.143815,1.14385,1.143645,1.143725
1783670400,1.14372,1.14422,1.143525,1.144
1783670700,1.144005,1.144225,1.14388,1.14406
1783671000,1.14407,1.14409,1.14369,1.143715
1783671300,1.143705,1.143705,1.1435,1.143545
1783671600,1.14355,1.143575,1.143315,1.143325
1783671900,1.143325,1.143495,1.143215,1.143405
1783672200,1.14341,1.143595,1.143405,1.143505
1783672500,1.1435,1.143535,1.143175,1.143285
1783672800,1.143285,1.143545,1.14317,1.143525
1783673100,1.14353,1.143535,1.143205,1.143405
1783673400,1.143395,1.143425,1.143055,1.143175
1783673700,1.143165,1.143355,1.143035,1.143055
1783674000,1.14306,1.143435,1.14304,1.14342
1783674300,1.143415,1.143415,1.1432,1.14322
1783674600,1.143225,1.143405,1.143125,1.143325
1783674900,1.143325,1.14338,1.143135,1.14317
1783675200,1.143165,1.143235,1.14308,1.143235
1783675500,1.143245,1.14335,1.143185,1.14326
1783675800,1.143255,1.143325,1.143065,1.143065
1783676100,1.14307,1.14322,1.14298,1.143185
1783676400,1.14319,1.14331,1.142945,1.142955
1783676700,1.14296,1.143075,1.142845,1.142895
1783677000,1.1429,1.14297,1.14267,1.142835
1783677300,1.14284,1.142955,1.14271,1.142715
1783677600,1.14272,1.14287,1.142675,1.142815
1783677900,1.14282,1.14292,1.142775,1.142805
1783678200,1.142805,1.142925,1.142765,1.142885
1783678500,1.14288,1.14315,1.142835,1.143145
1783678800,1.143135,1.143355,1.143105,1.143315
1783679100,1.14332,1.14337,1.143155,1.14333
1783679400,1.143325,1.14337,1.14307,1.14311
1783679700,1.14311,1.143385,1.143095,1.14327
1783680000,1.143265,1.14327,1.143035,1.143185
1783680300,1.143195,1.143325,1.14305,1.143255
1783680600,1.143255,1.14353,1.143235,1.143495
1783680900,1.143495,1.14355,1.143205,1.14334
1783681200,1.143335,1.14353,1.143285,1.143445
1783681500,1.14344,1.143455,1.1431,1.143145
1783681800,1.143145,1.143245,1.143035,1.143055
1783682100,1.143055,1.143095,1.142955,1.143065
1783682400,1.143065,1.143195,1.143055,1.143145
1783682700,1.143145,1.143145,1.14272,1.143025
1783683000,1.143025,1.143075,1.142825,1.14291
1783683300,1.142905,1.142945,1.14266,1.142705
1783683600,1.142715,1.14311,1.14268,1.14296
1783683900,1.142955,1.14303,1.1429,1.143015
1783684200,1.143015,1.1432,1.14295,1.142955
1783684500,1.14295,1.14315,1.142895,1.143105
1783684800,1.143105,1.143185,1.142665,1.14274
1783685100,1.142745,1.143075,1.14271,1.143
1783685400,1.143,1.1442,1.14293,1.14354
1783685700,1.143545,1.143645,1.14323,1.14334
1783686000,1.143335,1.143335,1.14301,1.143115
1783686300,1.1431,1.14314,1.14288,1.142895
1783686600,1.14289,1.143035,1.142545,1.142575
1783686900,1.142595,1.142945,1.14252,1.142925
1783687200,1.14293,1.142995,1.142525,1.142615
1783687500,1.14261,1.142675,1.142325,1.142525
1783687800,1.142525,1.14264,1.14237,1.142525
1783688100,1.142525,1.14295,1.1425,1.142915
1783688400,1.142915,1.142955,1.142285,1.1423
1783688700,1.142295,1.142445,1.141975,1.142195
1783689000,1.14219,1.14236,1.141985,1.142215
1783689300,1.14222,1.142255,1.141965,1.1422
1783689600,1.142205,1.142325,1.142035,1.14205
1783689900,1.142045,1.1422,1.14197,1.14201
1783690200,1.14202,1.14233,1.141965,1.142065
1783690500,1.14206,1.14245,1.14196,1.142405
1783690800,1.1424,1.14267,1.142305,1.142585
1783691100,1.142585,1.1426,1.142135,1.142155
1783691400,1.142145,1.14246,1.142115,1.142195
1783691700,1.14221,1.14221,1.141955,1.142075
1783692000,1.142085,1.142085,1.14167,1.141855
1783692300,1.14185,1.14205,1.141765,1.14202
1783692600,1.142025,1.14237,1.14192,1.14236
1783692900,1.142365,1.14237,1.142045,1.14229
1783693200,1.1423,1.1426,1.142235,1.14244
1783693500,1.142435,1.14267,1.142405,1.142615
1783693800,1.14262,1.142835,1.141185,1.142
1783694100,1.142015,1.1424,1.141775,1.14206
1783694400,1.142065,1.142275,1.14201,1.142055
1783694700,1.14205,1.14231,1.14196,1.142165
1783695000,1.14217,1.142255,1.142015,1.14223
1783695300,1.142225,1.142275,1.141845,1.142235
1783695600,1.142225,1.142495,1.142135,1.14238
1783695900,1.142375,1.14277,1.142295,1.14267
1783696200,1.142675,1.14288,1.142585,1.142645
1783696500,1.142655,1.14324,1.142655,1.143145
1783696800,1.14315,1.143475,1.143105,1.143185
1783697100,1.143195,1.1434,1.143115,1.143315
1783697400,1.14332,1.14339,1.143205,1.143345
1783697700,1.14334,1.14349,1.143175,1.143485
1783698000,1.14348,1.14348,1.143145,1.143145
1783698300,1.143155,1.143395,1.143155,1.14332
1783698600,1.14333,1.143595,1.143285,1.143585
1783698900,1.143585,1.1439,1.14354,1.143775
1783699200,1.143775,1.14386,1.143625,1.14374
1783699500,1.143735,1.143875,1.14363,1.143835
1783699800,1.14384,1.14405,1.1437,1.143975
1783700100,1.14397,1.14413,1.143705,1.14373
1783700400,1.143725,1.143875,1.14359,1.14383
1783700700,1.14384,1.143955,1.14382,1.143925
1783701000,1.14392,1.143945,1.143675,1.14368
1783701300,1.14368,1.14378,1.14358,1.143675
1783701600,1.143685,1.14382,1.14346,1.14346
1783701900,1.14346,1.14354,1.14337,1.143395
1783702200,1.1434,1.143565,1.14318,1.14326
1783702500,1.143265,1.143315,1.142945,1.142945
1783702800,1.14294,1.143125,1.14277,1.1428
1783703100,1.142805,1.142855,1.142615,1.14264
1783703400,1.142635,1.142825,1.14261,1.142735
1783703700,1.14273,1.14277,1.14241,1.14245
1783704000,1.14245,1.14251,1.142295,1.142295
1783704300,1.14229,1.14249,1.14223,1.14249
1783704600,1.14248,1.14248,1.142265,1.14231
1783704900,1.14231,1.142315,1.142025,1.14206
1783705200,1.14205,1.14223,1.14203,1.142175
1783705500,1.14217,1.14228,1.14215,1.142215
1783705800,1.142215,1.14227,1.14207,1.142115
1783706100,1.14211,1.142155,1.141665,1.14177
1783706400,1.14178,1.141815,1.1416,1.141705
1783706700,1.141705,1.14174,1.141575,1.14163
1783707000,1.141625,1.14181,1.14162,1.141665
1783707300,1.14166,1.141695,1.14157,1.14162
1783707600,1.141615,1.14171,1.14142,1.14143
1783707900,1.141425,1.14168,1.14142,1.14146
1783708200,1.141455,1.141595,1.14136,1.141555
1783708500,1.14155,1.14164,1.14136,1.14142
1783708800,1.14142,1.141425,1.14118,1.141295
1783709100,1.1413,1.141535,1.1413,1.141525
1783709400,1.14152,1.141625,1.141465,1.14155
1783709700,1.141545,1.14166,1.14141,1.141655
1783710000,1.14165,1.14166,1.14147,1.14149
1783710300,1.14149,1.141555,1.141435,1.141515
1783710600,1.141515,1.141525,1.141395,1.141505
1783710900,1.1415,1.14165,1.141475,1.141605
1783711200,1.14161,1.141645,1.141555,1.141615
1783711500,1.141615,1.141645,1.141545,1.141595
1783711800,1.14159,1.14171,1.141505,1.141515
1783712100,1.14151,1.14161,1.141475,1.141485
1783712400,1.141485,1.14162,1.14147,1.14149
1783712700,1.141495,1.141535,1.141395,1.14142
1783713000,1.141435,1.14149,1.141415,1.141475
1783713300,1.14148,1.141685,1.14146,1.14158
1783713600,1.141595,1.14182,1.141575,1.14178
1783713900,1.141785,1.141825,1.14143,1.14143
1783714200,1.141435,1.141585,1.141435,1.141585
1783714500,1.141585,1.141685,1.14155,1.141665
1783714800,1.141675,1.141705,1.141575,1.141595
1783715100,1.141585,1.141585,1.14139,1.141465
1783715400,1.14145,1.14145,1.141315,1.141315
1783715700,1.14132,1.14133,1.141155,1.141215
1783716000,1.14121,1.141345,1.141205,1.141295
1783716300,1.14129,1.141435,1.141285,1.14134
1783716600,1.141325,1.141475,1.14132,1.141435
1783716900,1.14145,1.141575,1.14138,1.141575
1783890000,1.1402,1.1403,1.1402,1.1403
1783890300,1.140295,1.1404,1.140165,1.140305
1783890600,1.140305,1.140765,1.140305,1.140655
1783890900,1.140655,1.14069,1.14048,1.14048
1783891200,1.14048,1.1405,1.14045,1.1405
1783891500,1.1405,1.14065,1.14049,1.14062
1783891800,1.14062,1.140625,1.140295,1.1403
1783892100,1.1403,1.140365,1.1403,1.140355
1783892400,1.140355,1.14036,1.14035,1.140355
1783892700,1.140355,1.14069,1.140355,1.14068
1783893000,1.14068,1.14069,1.14045,1.14045
1783893300,1.14045,1.14047,1.140355,1.14038
1783893600,1.14039,1.140495,1.139265,1.139695
1783893900,1.139655,1.139655,1.13897,1.13926
1783894200,1.13926,1.1394,1.138845,1.139035
1783894500,1.13904,1.13939,1.13893,1.13932
1783894800,1.139325,1.139435,1.1393,1.13943
1783895100,1.139425,1.13964,1.13939,1.13949
1783895400,1.139485,1.13958,1.13939,1.13947
1783895700,1.13947,1.13956,1.13938,1.139455
1783896000,1.139455,1.13948,1.13937,1.13942
1783896300,1.139425,1.13957,1.13941,1.139565
1783896600,1.139565,1.13959,1.139395,1.13949
1783896900,1.139485,1.13952,1.13942,1.13947
1783897200,1.139465,1.13947,1.139305,1.13938
1783897500,1.139375,1.139515,1.13936,1.1395
1783897800,1.1395,1.139715,1.13945,1.13969
1783898100,1.13969,1.139745,1.13963,1.13974
1783898400,1.139745,1.139855,1.13974,1.1398
1783898700,1.1398,1.13984,1.13975,1.13984
1783899000,1.139835,1.139865,1.13962,1.139655
1783899300,1.13966,1.139765,1.139635,1.139765
1783899600,1.139765,1.139915,1.139755,1.139855
1783899900,1.139855,1.140295,1.139845,1.140045
1783900200,1.140045,1.140225,1.140035,1.140135
1783900500,1.14013,1.140425,1.13999,1.140425
1783900800,1.140435,1.140465,1.14011,1.140285
1783901100,1.14029,1.140445,1.140205,1.14023
1783901400,1.140225,1.14028,1.140035,1.140075
1783901700,1.140065,1.14013,1.13977,1.139815
1783902000,1.13982,1.14055,1.13982,1.140405
1783902300,1.14041,1.14041,1.140155,1.140155
1783902600,1.14016,1.14033,1.139915,1.139925
1783902900,1.13993,1.14007,1.13961,1.139645
1783903200,1.139645,1.13981,1.139545,1.1397
1783903500,1.139695,1.139835,1.139655,1.139655
1783903800,1.139665,1.13979,1.139525,1.13964
1783904100,1.139635,1.13974,1.139475,1.13955
1783904400,1.139545,1.139555,1.139195,1.139245
1783904700,1.13925,1.139305,1.13905,1.13909
1783905000,1.139085,1.1392,1.13904,1.139055
1783905300,1.13905,1.139245,1.139045,1.139135
1783905600,1.13913,1.139185,1.138425,1.13864
1783905900,1.138635,1.138975,1.13863,1.13897
1783906200,1.138975,1.13922,1.13891,1.139025
1783906500,1.139025,1.13951,1.139005,1.13936
1783906800,1.139355,1.13952,1.139285,1.139515
1783907100,1.13952,1.139725,1.139475,1.13971
1783907400,1.139715,1.139755,1.139445,1.139475
1783907700,1.139475,1.139755,1.13936,1.139745
1783908000,1.139745,1.13983,1.13934,1.13943
1783908300,1.139435,1.13957,1.139405,1.139525
1783908600,1.139525,1.13958,1.13949,1.1395
1783908900,1.13949,1.139605,1.13943,1.13951
1783909200,1.13951,1.13962,1.139455,1.139515
1783909500,1.139515,1.139575,1.139425,1.139545
1783909800,1.139545,1.139585,1.139425,1.139525
1783910100,1.13954,1.139925,1.13954,1.139855
1783910400,1.13985,1.13998,1.139795,1.13997
1783910700,1.13997,1.13998,1.13966,1.13971
1783911000,1.139705,1.139705,1.139485,1.13953
1783911300,1.139535,1.139595,1.13942,1.13942
1783911600,1.139415,1.139535,1.139225,1.139285
1783911900,1.139285,1.139285,1.139125,1.13924
1783912200,1.13924,1.139345,1.139065,1.139345
1783912500,1.13934,1.139505,1.13931,1.139485
1783912800,1.139495,1.139575,1.13947,1.13951
1783913100,1.139515,1.139535,1.139385,1.139525
1783913400,1.139505,1.139705,1.139475,1.13953
1783913700,1.13953,1.139585,1.139495,1.13956
1783914000,1.13956,1.139635,1.13955,1.139615
1783914300,1.139615,1.139745,1.13961,1.139735
1783914600,1.13973,1.139775,1.139565,1.13963
1783914900,1.139635,1.139905,1.139605,1.13989
1783915200,1.139885,1.139895,1.139695,1.139735
1783915500,1.13974,1.13985,1.139685,1.139795
1783915800,1.13979,1.13992,1.139705,1.13992
1783916100,1.13991,1.14,1.13984,1.139985
1783916400,1.13998,1.14001,1.139865,1.13989
1783916700,1.139895,1.140155,1.139895,1.14015
1783917000,1.140145,1.14019,1.14009,1.140145
1783917300,1.14015,1.14027,1.140115,1.14027
1783917600,1.140265,1.14027,1.14009,1.140115
1783917900,1.140115,1.140205,1.140095,1.140115
1783918200,1.14012,1.14033,1.140095,1.140315
1783918500,1.14032,1.14051,1.140315,1.14038
1783918800,1.140385,1.14055,1.14036,1.14054
1783919100,1.14054,1.140735,1.14048,1.140725
1783919400,1.14072,1.14092,1.14065,1.140815
1783919700,1.14081,1.14084,1.14049,1.140495
1783920000,1.1405,1.140535,1.140205,1.140285
1783920300,1.14029,1.140345,1.140105,1.140155
1783920600,1.14015,1.14026,1.13996,1.14023
1783920900,1.140225,1.14035,1.1402,1.140255
1783921200,1.14026,1.140315,1.140105,1.14012
1783921500,1.140115,1.140325,1.14002,1.14031
1783921800,1.14032,1.140415,1.13997,1.14003
1783922100,1.14002,1.14009,1.139685,1.13985
1783922400,1.139865,1.139945,1.13964,1.1398
1783922700,1.139805,1.13991,1.13958,1.139745
1783923000,1.139745,1.139905,1.139575,1.13966
1783923300,1.139655,1.14,1.13965,1.13999
1783923600,1.139985,1.14025,1.139925,1.14009
1783923900,1.14009,1.14039,1.140085,1.14037
1783924200,1.140365,1.14075,1.14027,1.140495
1783924500,1.140495,1.14074,1.140465,1.140705
1783924800,1.14071,1.140765,1.14042,1.140485
1783925100,1.14048,1.140545,1.14031,1.14052
1783925400,1.140515,1.140695,1.140185,1.140315
1783925700,1.14032,1.14032,1.140015,1.1401
1783926000,1.140105,1.14063,1.140095,1.140575
1783926300,1.14057,1.14083,1.14041,1.14078
1783926600,1.140785,1.14106,1.1407,1.140825
1783926900,1.14083,1.14085,1.14066,1.14075
1783927200,1.140755,1.140955,1.140675,1.14081
1783927500,1.140805,1.140935,1.14066,1.140925
1783927800,1.14092,1.14107,1.140685,1.14103
1783928100,1.14102,1.14222,1.14102,1.141965
1783928400,1.14196,1.14199,1.141635,1.141675
1783928700,1.14168,1.142255,1.14166,1.142195
1783929000,1.14219,1.142625,1.14212,1.142565
1783929300,1.14256,1.142605,1.1423,1.14247
1783929600,1.142465,1.142875,1.142405,1.14283
1783929900,1.142825,1.14354,1.142725,1.14353
1783930200,1.143525,1.144335,1.143415,1.14397
1783930500,1.143965,1.14458,1.14395,1.144165
1783930800,1.14417,1.14424,1.14399,1.143995
1783931100,1.14399,1.14409,1.143715,1.143845
1783931400,1.143855,1.143985,1.143645,1.14382
1783931700,1.143815,1.143855,1.143575,1.143805
1783932000,1.1438,1.144075,1.14375,1.14394
1783932300,1.143935,1.143985,1.1438,1.14395
1783932600,1.14395,1.143965,1.143705,1.143865
1783932900,1.14386,1.14387,1.14357,1.143595
1783933200,1.1436,1.14366,1.14339,1.143635
1783933500,1.14364,1.143735,1.143345,1.143355
1783933800,1.14335,1.14339,1.143095,1.14315
1783934100,1.143145,1.14345,1.143035,1.143105
1783934400,1.143105,1.14315,1.14285,1.14296
1783934700,1.142965,1.14327,1.14292,1.143175
1783935000,1.14318,1.143315,1.14298,1.143005
1783935300,1.143005,1.14303,1.142835,1.142845
1783935600,1.14285,1.143065,1.14276,1.14296
1783935900,1.142965,1.14311,1.142805,1.14288
1783936200,1.142875,1.14297,1.14273,1.14296
1783936500,1.142965,1.14315,1.142955,1.14315
1783936800,1.143145,1.14328,1.143055,1.143265
1783937100,1.14327,1.14348,1.14309,1.14338
1783937400,1.143375,1.143435,1.14316,1.14318
1783937700,1.143175,1.14318,1.14294,1.14303
1783938000,1.143025,1.143045,1.142915,1.14296
1783938300,1.142965,1.14308,1.14278,1.142915
1783938600,1.14292,1.143,1.142745,1.142755
1783938900,1.14276,1.143015,1.142595,1.14299
1783939200,1.142995,1.14316,1.1429,1.14291
1783939500,1.14291,1.143315,1.14283,1.143315
1783939800,1.14331,1.143485,1.14325,1.14344
1783940100,1.143445,1.143565,1.143365,1.14356
1783940400,1.143565,1.14359,1.143235,1.143495
1783940700,1.1435,1.14374,1.142995,1.143015
1783941000,1.14301,1.14303,1.14276,1.143005
1783941300,1.143,1.14302,1.14263,1.142675
1783941600,1.14268,1.14275,1.14251,1.14274
1783941900,1.142735,1.143035,1.14272,1.1429
1783942200,1.142905,1.143095,1.14285,1.14301
1783942500,1.143015,1.143015,1.14267,1.142705
1783942800,1.1427,1.14302,1.1427,1.14301
1783943100,1.143015,1.14302,1.14284,1.14297
1783943400,1.142965,1.14301,1.14276,1.142825
1783943700,1.14282,1.14288,1.142665,1.14275
1783944000,1.142745,1.143065,1.14263,1.142705
1783944300,1.14271,1.142785,1.14219,1.14235
1783944600,1.142345,1.14264,1.142045,1.142235
1783944900,1.14224,1.142425,1.14219,1.14231
1783945200,1.142305,1.142445,1.142085,1.14244
1783945500,1.142445,1.142525,1.142125,1.14241
1783945800,1.142405,1.142675,1.1423,1.142675
1783946100,1.142675,1.14286,1.142605,1.142655
1783946400,1.14266,1.14286,1.142525,1.14254
1783946700,1.142535,1.14283,1.14249,1.142605
1783947000,1.142605,1.14263,1.142175,1.142525
1783947300,1.14253,1.143085,1.14253,1.143085
1783947600,1.14309,1.143335,1.142965,1.143085
1783947900,1.143085,1.143115,1.14289,1.143
1783948200,1.143005,1.143045,1.14259,1.14265
1783948500,1.142655,1.14271,1.142485,1.14255
1783948800,1.142555,1.142735,1.14249,1.142525
1783949100,1.14253,1.142595,1.142275,1.14245
1783949400,1.142455,1.14265,1.14239,1.14255
1783949700,1.142555,1.14297,1.14229,1.14231
1783950000,1.142305,1.14242,1.141955,1.142085
1783950300,1.14208,1.14223,1.14182,1.14183
1783950600,1.14184,1.14191,1.141565,1.141865
1783950900,1.14186,1.141915,1.141435,1.141455
1783951200,1.14146,1.141605,1.141075,1.141405
1783951500,1.1414,1.141575,1.141345,1.141515
1783951800,1.14151,1.141525,1.141285,1.141385
1783952100,1.14138,1.1415,1.14007,1.140405
1783952400,1.1404,1.140755,1.14018,1.14066
1783952700,1.140655,1.140885,1.14053,1.14079
1783953000,1.140795,1.140935,1.14052,1.14052
1783953300,1.140525,1.140545,1.14019,1.14023
1783953600,1.140225,1.14031,1.13997,1.1403
1783953900,1.140305,1.14073,1.14016,1.14036
1783954200,1.140365,1.14038,1.13991,1.13995
1783954500,1.139945,1.14062,1.13982,1.14062
1783954800,1.140625,1.140665,1.140145,1.1402
1783955100,1.14019,1.140475,1.14016,1.140285
1783955400,1.14029,1.140295,1.13974,1.139815
1783955700,1.13982,1.14008,1.13965,1.140075
1783956000,1.14007,1.1402,1.140055,1.14008
1783956300,1.140075,1.14008,1.139885,1.13995
1783956600,1.139955,1.139995,1.139655,1.139685
1783956900,1.13969,1.1399,1.13965,1.139775
1783957200,1.13978,1.14011,1.13975,1.139975
1783957500,1.139975,1.14,1.13969,1.139805
1783957800,1.139805,1.140105,1.13975,1.140105
1783958100,1.1401,1.140395,1.14002,1.14015
1783958400,1.140155,1.1402,1.13999,1.14012
1783958700,1.140115,1.14022,1.14001,1.14013
1783959000,1.140125,1.14027,1.14005,1.140145
1783959300,1.14015,1.140175,1.13976,1.13981
1783959600,1.139805,1.13981,1.139555,1.13956
1783959900,1.139565,1.139665,1.13891,1.13911
1783960200,1.139115,1.139145,1.13829,1.138405
1783960500,1.13841,1.13875,1.13828,1.13874
1783960800,1.13873,1.139045,1.13848,1.138985
1783961100,1.13899,1.139225,1.13858,1.138725
1783961400,1.13873,1.13887,1.138325,1.13862
1783961700,1.138625,1.13888,1.1385,1.138865
1783962000,1.13887,1.138945,1.138535,1.13883
1783962300,1.13883,1.13908,1.13882,1.13903
1783962600,1.139035,1.139035,1.138675,1.138715
1783962900,1.13871,1.138865,1.1386,1.138775
1783963200,1.138765,1.138915,1.138715,1.13872
1783963500,1.138725,1.138835,1.138565,1.13875
1783963800,1.138755,1.1388,1.138605,1.13879
1783964100,1.138795,1.138805,1.1386,1.13866
1783964400,1.138655,1.138895,1.138545,1.13886
1783964700,1.138865,1.139015,1.13876,1.138795
1783965000,1.13879,1.13884,1.13859,1.138705
1783965300,1.13871,1.13878,1.138615,1.138625
1783965600,1.13863,1.13874,1.138475,1.13851
1783965900,1.138505,1.13888,1.13848,1.138835
1783966200,1.138835,1.138835,1.13859,1.138665
1783966500,1.13866,1.13874,1.13851,1.13864
1783966800,1.138645,1.138705,1.13856,1.138645
1783967100,1.13865,1.138795,1.138625,1.138685
1783967400,1.13869,1.13878,1.13861,1.13867
1783967700,1.13867,1.13889,1.13866,1.13876
1783968000,1.13876,1.13889,1.138685,1.138785
1783968300,1.13879,1.138825,1.138635,1.138655
1783968600,1.138655,1.138795,1.138645,1.13872
1783968900,1.13872,1.138815,1.13858,1.13875
1783969200,1.13876,1.1388,1.1386,1.13874
1783969500,1.13874,1.13877,1.138495,1.138515
1783969800,1.13851,1.138515,1.1382,1.138215
1783970100,1.13822,1.13838,1.13818,1.138315
1783970400,1.13832,1.13844,1.138295,1.138405
1783970700,1.1384,1.13847,1.138275,1.138305
1783971000,1.1383,1.138465,1.138295,1.13843
1783971300,1.138425,1.13843,1.138245,1.138335
1783971600,1.13834,1.13842,1.13832,1.13834
1783971900,1.138335,1.13834,1.13826,1.13832
1783972200,1.138325,1.138335,1.13826,1.138275
1783972500,1.13828,1.1384,1.138225,1.138355
1783972800,1.13835,1.138455,1.13829,1.138415
1783973100,1.138415,1.13844,1.13829,1.13829
1783973400,1.138295,1.138305,1.13794,1.13798
1783973700,1.137985,1.138005,1.137795,1.137935
1783974000,1.137935,1.13796,1.137745,1.137755
1783974300,1.13775,1.137995,1.13775,1.137965
1783974600,1.13796,1.13802,1.1379,1.137975
1783974900,1.137975,1.138,1.137835,1.13793
1783975200,1.137935,1.138025,1.137885,1.137965
1783975500,1.13797,1.13799,1.137935,1.137965
1783975800,1.137975,1.138005,1.137915,1.137935
1783976100,1.137935,1.138255,1.13792,1.138215
1783976400,1.13821,1.13838,1.13821,1.13837
1783976700,1.138355,1.138375,1.138325,1.138355
1783977000,1.138355,1.138405,1.138145,1.138225
1783977300,1.13822,1.13829,1.138135,1.138175
1783977600,1.138175,1.13851,1.138135,1.138485
1783977900,1.138485,1.138525,1.13831,1.138435
1783978200,1.138645,1.13882,1.138235,1.138445
1783978500,1.138445,1.13864,1.13813,1.138475
1783978800,1.13846,1.13862,1.138395,1.138465
1783979100,1.138465,1.13854,1.138355,1.13844
1783979400,1.13843,1.13869,1.138355,1.13864
1783979700,1.13864,1.13869,1.13826,1.138395
1783980000,1.138415,1.13866,1.138165,1.13834
1783980300,1.138345,1.13843,1.138155,1.13817
1783980600,1.13817,1.138305,1.138165,1.1383
1783980900,1.138295,1.138395,1.13828,1.138375
1783981200,1.13837,1.138385,1.13834,1.13836
1783981500,1.13836,1.13839,1.138325,1.13839
1783981800,1.138395,1.138425,1.138365,1.138375
1783982100,1.13838,1.13841,1.138315,1.138345
1783982400,1.138345,1.138495,1.138305,1.138495
1783982700,1.138495,1.1385,1.138305,1.138305
1783983000,1.13831,1.138315,1.138155,1.138215
1783983300,1.138215,1.138225,1.138105,1.138105
1783983600,1.138105,1.13818,1.13801,1.138175
1783983900,1.138175,1.138305,1.138175,1.138275
1783984200,1.138275,1.138275,1.13812,1.138145
1783984500,1.13814,1.138145,1.138055,1.13808
1783984800,1.13808,1.13816,1.138015,1.138155
1783985100,1.138155,1.13821,1.138085,1.13811
1783985400,1.138115,1.138195,1.138035,1.13816
1783985700,1.13816,1.13824,1.138145,1.13822
1783986000,1.13822,1.13836,1.13822,1.13825
1783986300,1.138255,1.1384,1.138165,1.13827
1783986600,1.138275,1.138375,1.13816,1.138295
1783986900,1.138295,1.138365,1.138175,1.138345
1783987200,1.13835,1.138405,1.138115,1.138205
1783987500,1.13821,1.13847,1.138175,1.138445
1783987800,1.13845,1.138655,1.138415,1.138475
1783988100,1.138475,1.138485,1.137935,1.137935
1783988400,1.13794,1.13817,1.137825,1.137985
1783988700,1.13799,1.13808,1.137905,1.138035
1783989000,1.138035,1.138425,1.13797,1.13831
1783989300,1.138315,1.138575,1.138305,1.138485
1783989600,1.13848,1.138825,1.138415,1.13876
1783989900,1.138755,1.13887,1.13863,1.138805
1783990200,1.13881,1.13893,1.138765,1.13885
1783990500,1.13886,1.13896,1.13847,1.138485
1783990800,1.13848,1.13872,1.13845,1.13864
1783991100,1.138635,1.13874,1.138615,1.13868
1783991400,1.138675,1.138735,1.13861,1.13866
1783991700,1.13867,1.13895,1.13867,1.1389
1783992000,1.138905,1.13902,1.13883,1.13891
1783992300,1.138905,1.138925,1.138505,1.138515
1783992600,1.138515,1.138755,1.1385,1.138715
1783992900,1.138715,1.138715,1.138505,1.13862
1783993200,1.138615,1.138865,1.138595,1.13879
1783993500,1.138785,1.13882,1.13865,1.13876
1783993800,1.138765,1.13896,1.138735,1.13888
1783994100,1.138875,1.139065,1.138805,1.138885
1783994400,1.13889,1.13908,1.13889,1.139065
1783994700,1.13906,1.139135,1.13896,1.13898
1783995000,1.13897,1.139085,1.138905,1.13906
1783995300,1.139065,1.139285,1.13905,1.139265
1783995600,1.13927,1.13933,1.13925,1.13933
1783995900,1.139325,1.139405,1.139305,1.139365
1783996200,1.13937,1.13943,1.13925,1.13926
1783996500,1.139265,1.1394,1.139255,1.139365
1783996800,1.13936,1.13943,1.13924,1.139265
1783997100,1.139265,1.13931,1.13919,1.139215
1783997400,1.13921,1.13921,1.139105,1.13914
1783997700,1.139135,1.13917,1.13907,1.139075
1783998000,1.13908,1.139215,1.138835,1.13886
1783998300,1.138855,1.13902,1.138835,1.138985
1783998600,1.13898,1.139235,1.138955,1.139135
1783998900,1.13913,1.139225,1.138945,1.13899
1783999200,1.138995,1.13911,1.13887,1.139045
1783999500,1.13904,1.13932,1.13904,1.1393
1783999800,1.139305,1.13948,1.13926,1.139295
1784000100,1.13929,1.13968,1.13929,1.139545
1784000400,1.13955,1.139565,1.139375,1.1394
1784000700,1.1394,1.139515,1.139395,1.13941
1784001000,1.13941,1.139515,1.13941,1.13944
1784001300,1.139435,1.139455,1.139315,1.13936
1784001600,1.139365,1.139455,1.139315,1.139405
1784001900,1.139405,1.13942,1.13915,1.139215
1784002200,1.139215,1.13932,1.139055,1.139295
1784002500,1.1393,1.13941,1.1393,1.139395
1784002800,1.1394,1.139465,1.13936,1.139395
1784003100,1.13939,1.139405,1.13926,1.139265
1784003400,1.13927,1.139405,1.139225,1.13937
1784003700,1.139375,1.1394,1.1392,1.139315
1784004000,1.139315,1.13932,1.13918,1.13921
1784004300,1.139205,1.13921,1.13896,1.13897
1784004600,1.138965,1.139035,1.138745,1.138995
1784004900,1.139,1.1391,1.138995,1.13906
1784005200,1.13907,1.139295,1.139055,1.139165
1784005500,1.13917,1.13929,1.13915,1.13921
1784005800,1.13921,1.13932,1.139195,1.13927
1784006100,1.13927,1.13941,1.13926,1.1394
1784006400,1.1394,1.139475,1.139365,1.13937
1784006700,1.13938,1.139465,1.139325,1.139405
1784007000,1.1394,1.13959,1.1394,1.1395
1784007300,1.139505,1.139595,1.139255,1.139295
1784007600,1.13929,1.139455,1.13928,1.139405
1784007900,1.13941,1.139425,1.1393,1.139345
1784008200,1.13934,1.13938,1.139225,1.139355
1784008500,1.13935,1.13935,1.1391,1.13918
1784008800,1.139185,1.139265,1.1389,1.13892
1784009100,1.138925,1.13911,1.13889,1.139
1784009400,1.13901,1.13918,1.138805,1.138845
1784009700,1.138845,1.13896,1.138685,1.13878
1784010000,1.138775,1.13887,1.13874,1.138825
1784010300,1.13882,1.13882,1.138615,1.138725
1784010600,1.13872,1.139395,1.138665,1.139195
1784010900,1.1392,1.139315,1.13897,1.13902
1784011200,1.139015,1.13902,1.138845,1.13885
1784011500,1.138845,1.13886,1.138555,1.13856
1784011800,1.138555,1.13877,1.13846,1.13866
1784012100,1.138655,1.13884,1.13858,1.138615
1784012400,1.13862,1.138815,1.13841,1.138785
1784012700,1.13879,1.13903,1.138765,1.138905
1784013000,1.1389,1.13892,1.13865,1.138665
1784013300,1.13866,1.138905,1.13864,1.13888
1784013600,1.138875,1.139195,1.13875,1.139115
1784013900,1.13912,1.13948,1.13911,1.139375
1784014200,1.13937,1.13939,1.1389,1.13902
1784014500,1.139015,1.13926,1.13892,1.13912
1784014800,1.139115,1.139185,1.13897,1.13917
1784015100,1.139175,1.139765,1.13917,1.13973
1784015400,1.139725,1.13973,1.139425,1.1396
1784015700,1.139595,1.139615,1.139365,1.1396
1784016000,1.139605,1.139835,1.139325,1.139565
1784016300,1.139565,1.1398,1.13947,1.13978
1784016600,1.139775,1.139825,1.13957,1.139665
1784016900,1.13966,1.13974,1.13955,1.13972
1784017200,1.13971,1.13981,1.139635,1.13977
1784017500,1.139765,1.140065,1.139745,1.14001
1784017800,1.140015,1.140235,1.13983,1.13986
1784018100,1.139855,1.140165,1.13983,1.14007
1784018400,1.140065,1.140595,1.140045,1.14055
1784018700,1.140555,1.140575,1.140045,1.140135
1784019000,1.14014,1.140275,1.13997,1.140135
1784019300,1.14013,1.14017,1.13991,1.13996
1784019600,1.139955,1.140345,1.139925,1.14032
1784019900,1.140315,1.14037,1.14005,1.140065
1784020200,1.14006,1.140375,1.14006,1.140335
1784020500,1.140335,1.14034,1.13982,1.139975
1784020800,1.139975,1.139995,1.13976,1.139865
1784021100,1.13986,1.139955,1.13981,1.139825
1784021400,1.13983,1.13993,1.13966,1.139675
1784021700,1.13968,1.139855,1.13967,1.13979
1784022000,1.13978,1.13985,1.1395,1.13953
1784022300,1.13953,1.14002,1.139495,1.13999
1784022600,1.139995,1.140295,1.139925,1.14021
1784022900,1.140205,1.140295,1.14005,1.1401
1784023200,1.140105,1.140165,1.13999,1.14008
1784023500,1.14008,1.14008,1.13979,1.13979
1784023800,1.13979,1.13985,1.139685,1.13977
1784024100,1.139775,1.139915,1.13969,1.13973
1784024400,1.139735,1.13975,1.1395,1.139515
1784024700,1.13952,1.1396,1.139405,1.139515
1784025000,1.13951,1.139625,1.13941,1.13954
1784025300,1.13954,1.13972,1.13941,1.139505
1784025600,1.1395,1.139555,1.13934,1.13948
1784025900,1.13948,1.13957,1.139375,1.13949
1784026200,1.139485,1.139555,1.13936,1.139395
1784026500,1.13939,1.13942,1.139105,1.13918
1784026800,1.139175,1.13921,1.13898,1.13903
1784027100,1.13904,1.13933,1.13904,1.13932
1784027400,1.139325,1.139475,1.13908,1.13942
1784027700,1.139425,1.139445,1.139255,1.13937
1784028000,1.13937,1.13969,1.13937,1.139675
1784028300,1.13968,1.13971,1.13951,1.139545
1784028600,1.139535,1.139955,1.139525,1.13983
1784028900,1.139835,1.140115,1.13982,1.140075
1784029200,1.14008,1.140145,1.139975,1.140125
1784029500,1.140125,1.140675,1.14011,1.140565
1784029800,1.14057,1.14094,1.14046,1.1408
1784030100,1.140795,1.14084,1.14058,1.14066
1784030400,1.140655,1.14075,1.140555,1.14059
1784030700,1.14059,1.140675,1.14039,1.14049
1784031000,1.140485,1.14076,1.140485,1.14062
1784031300,1.140615,1.14073,1.14042,1.140555
1784031600,1.14054,1.14134,1.14054,1.14131
1784031900,1.141305,1.141525,1.14127,1.141395
1784032200,1.141385,1.146235,1.14073,1.14496
1784032500,1.14495,1.145245,1.14378,1.14434
1784032800,1.144345,1.145895,1.14431,1.145785
1784033100,1.14579,1.14592,1.145065,1.145225
1784033400,1.14521,1.14528,1.1442,1.144285
1784033700,1.14429,1.14465,1.14412,1.1446
1784034000,1.144605,1.14546,1.14443,1.14491
1784034300,1.144895,1.14552,1.14477,1.144845
1784034600,1.14485,1.145145,1.14415,1.14454
1784034900,1.14453,1.14507,1.1444,1.14478
1784035200,1.14477,1.14525,1.14439,1.145035
1784035500,1.14503,1.14535,1.144965,1.145005
1784035800,1.145,1.14531,1.14468,1.145055
1784036100,1.14505,1.145295,1.14496,1.145115
1784036400,1.145125,1.14539,1.144905,1.14528
1784036700,1.14526,1.145295,1.144785,1.145235
1784037000,1.14524,1.14537,1.144795,1.145285
1784037300,1.145305,1.14544,1.145055,1.14515
1784037600,1.145145,1.14559,1.145045,1.14534
1784037900,1.14535,1.145865,1.14528,1.14552
1784038200,1.14553,1.145895,1.145475,1.14551
1784038500,1.145515,1.145535,1.14496,1.14533
1784038800,1.145335,1.14544,1.14478,1.144845
1784039100,1.14485,1.14491,1.14436,1.144425
1784039400,1.14442,1.14586,1.144105,1.14486
1784039700,1.144855,1.14503,1.14464,1.144645
1784040000,1.14464,1.144845,1.144455,1.144805
1784040300,1.144815,1.14496,1.144635,1.144755
1784040600,1.144755,1.144785,1.143995,1.144195
1784040900,1.14419,1.144665,1.144095,1.14451
1784041200,1.144505,1.14537,1.1442,1.145025
1784041500,1.14502,1.145245,1.1447,1.14503
1784041800,1.145045,1.145065,1.14475,1.144845
1784042100,1.14484,1.144935,1.144505,1.14458
1784042400,1.144575,1.14459,1.144215,1.14423
1784042700,1.144225,1.144265,1.14409,1.14416
1784043000,1.144155,1.144375,1.14394,1.144125
1784043300,1.14413,1.14417,1.14376,1.14378
1784043600,1.143785,1.143815,1.143025,1.143315
1784043900,1.14332,1.143635,1.143205,1.14322
1784044200,1.14322,1.143235,1.1427,1.142915
1784044500,1.1429,1.142935,1.14258,1.14271
1784044800,1.142715,1.142795,1.142495,1.142585
1784045100,1.14259,1.14263,1.142415,1.14257
1784045400,1.142585,1.1429,1.142565,1.142815
1784045700,1.14281,1.142955,1.142655,1.14273
1784046000,1.14273,1.14293,1.14271,1.14289
1784046300,1.14289,1.143085,1.142875,1.143035
1784046600,1.14304,1.143235,1.14304,1.143205
1784046900,1.143205,1.143445,1.143205,1.1434
1784047200,1.14341,1.14341,1.143195,1.14324
1784047500,1.143245,1.14331,1.14298,1.14309
1784047800,1.143095,1.143335,1.14306,1.143285
1784048100,1.14329,1.143315,1.143145,1.14318
1784048400,1.14319,1.14333,1.14292,1.14293
1784048700,1.142935,1.142955,1.142615,1.14268
1784049000,1.142675,1.142725,1.14228,1.142305
1784049300,1.14231,1.14235,1.14196,1.141995
1784049600,1.14199,1.14233,1.14192,1.142235
1784049900,1.14223,1.14265,1.14223,1.142595
1784050200,1.14259,1.142685,1.142485,1.1425
1784050500,1.1425,1.142575,1.142405,1.142495
1784050800,1.1425,1.14261,1.142445,1.14259
1784051100,1.142595,1.142795,1.1425,1.142775
1784051400,1.142775,1.14283,1.14267,1.142735
1784051700,1.14274,1.14276,1.14228,1.14233
1784052000,1.142335,1.142515,1.1423,1.14247
1784052300,1.14246,1.142505,1.14237,1.142405
1784052600,1.1424,1.142435,1.142305,1.142415
1784052900,1.142415,1.14263,1.142415,1.14254
1784053200,1.14254,1.14254,1.14209,1.142135
1784053500,1.142135,1.142265,1.14202,1.142145
1784053800,1.14214,1.14231,1.14212,1.1423
1784054100,1.142305,1.14232,1.1419,1.14201
1784054400,1.142015,1.14202,1.141605,1.141905
1784054700,1.14191,1.142085,1.141895,1.14201
1784055000,1.142015,1.142115,1.141915,1.14211
1784055300,1.142115,1.1424,1.142065,1.142335
1784055600,1.14234,1.142485,1.142315,1.14241
1784055900,1.142415,1.142465,1.142345,1.1424
1784056200,1.1424,1.142615,1.14229,1.142545
1784056500,1.14255,1.1426,1.142395,1.1425
1784056800,1.142505,1.14252,1.142315,1.14242
1784057100,1.142415,1.142505,1.14237,1.14245
1784057400,1.142455,1.142465,1.14211,1.142295
1784057700,1.14229,1.142345,1.1422,1.142265
1784058000,1.14226,1.142305,1.142185,1.14228
1784058300,1.14228,1.14241,1.14226,1.142265
1784058600,1.14227,1.14237,1.14224,1.14233
1784058900,1.142335,1.142345,1.14203,1.14203
1784059200,1.142035,1.14206,1.141845,1.14195
1784059500,1.14195,1.14201,1.14189,1.141995
1784059800,1.14199,1.14226,1.141945,1.142055
1784060100,1.14205,1.14205,1.141935,1.141955
1784060400,1.14196,1.14201,1.14194,1.141975
1784060700,1.14197,1.14211,1.141915,1.141945
1784061000,1.141945,1.142065,1.14192,1.141945
1784061300,1.141945,1.14215,1.141945,1.14214
1784061600,1.142145,1.142145,1.14203,1.142035
1784061900,1.14203,1.14203,1.141935,1.141995
1784062200,1.142,1.14214,1.141965,1.142115
1784062500,1.14211,1.142155,1.142055,1.14208
1784062800,1.14208,1.142245,1.141935,1.14221
1784063100,1.14225,1.142275,1.142055,1.142065
1784063400,1.14206,1.142195,1.14206,1.142155
1784063700,1.142155,1.142295,1.142045,1.14215
1784064000,1.142155,1.142185,1.14211,1.14212
1784064300,1.14212,1.1424,1.142115,1.142165
1784064600,1.14214,1.142365,1.14206,1.142235
1784064900,1.142325,1.142425,1.142005,1.142045
1784065200,1.142045,1.142155,1.142025,1.142105
1784065500,1.142115,1.142165,1.14194,1.142005
1784065800,1.142005,1.142005,1.14191,1.14194
1784066100,1.14194,1.14199,1.14192,1.141935
1784066400,1.14196,1.14222,1.141885,1.141955
1784066700,1.141955,1.14196,1.14175,1.14188
1784067000,1.14188,1.141935,1.141745,1.1419
1784067300,1.141895,1.14193,1.14182,1.14186
1784067600,1.141855,1.14205,1.14185,1.14194
1784067900,1.141935,1.14205,1.141875,1.142035
1784068200,1.14203,1.142115,1.141985,1.1421
1784068500,1.142095,1.142185,1.142055,1.14216
1784068800,1.14216,1.14216,1.142095,1.14211
1784069100,1.142115,1.142115,1.14196,1.14201
1784069400,1.14201,1.14203,1.14195,1.14195
1784069700,1.14195,1.142065,1.14193,1.142065
1784070000,1.14206,1.14212,1.142,1.14207
1784070300,1.142065,1.14222,1.14205,1.14222
1784070600,1.142225,1.14223,1.14215,1.14219
1784070900,1.142195,1.1422,1.142055,1.14209
1784071200,1.14209,1.142155,1.14207,1.14212
1784071500,1.142115,1.142265,1.142115,1.142265
1784071800,1.14226,1.142335,1.14215,1.142245
1784072100,1.142235,1.14232,1.142235,1.142295
1784072400,1.142295,1.142465,1.142295,1.14244
1784072700,1.142445,1.14246,1.14236,1.14246
1784073000,1.14246,1.142475,1.142335,1.142475
1784073300,1.142485,1.14249,1.142365,1.142445
1784073600,1.142455,1.142715,1.142395,1.142705
1784073900,1.142715,1.142715,1.142535,1.142695
1784074200,1.142695,1.142765,1.14253,1.142565
1784074500,1.14256,1.142745,1.14256,1.14267
1784074800,1.142665,1.142745,1.14262,1.142695
1784075100,1.14269,1.143035,1.14267,1.142955
1784075400,1.14296,1.143005,1.142845,1.142855
1784075700,1.142855,1.1429,1.142715,1.142785
1784076000,1.14279,1.142795,1.142635,1.14271
1784076300,1.142705,1.142925,1.1427,1.14292
1784076600,1.142915,1.143205,1.142915,1.14315
1784076900,1.143155,1.14342,1.143145,1.143305
1784077200,1.1433,1.143435,1.14324,1.143395
1784077500,1.143395,1.143545,1.143345,1.14348
1784077800,1.143485,1.14357,1.143395,1.143545
1784078100,1.143545,1.14375,1.143535,1.14372
1784078400,1.143715,1.14376,1.143615,1.143625
1784078700,1.143625,1.14372,1.14351,1.1436
1784079000,1.1436,1.143695,1.14348,1.143575
1784079300,1.143575,1.14366,1.14346,1.143615
1784079600,1.143615,1.143645,1.143315,1.143385
1784079900,1.143385,1.143445,1.143285,1.143365
1784080200,1.143355,1.14339,1.143265,1.143335
1784080500,1.143345,1.14358,1.143305,1.143555
1784080800,1.143555,1.143755,1.143415,1.143735
1784081100,1.14373,1.14391,1.14366,1.14385
1784081400,1.143855,1.14392,1.14359,1.143615
1784081700,1.14362,1.14362,1.1434,1.143405
1784082000,1.14341,1.1435,1.143315,1.1434
1784082300,1.143395,1.14354,1.143385,1.14351
1784082600,1.143515,1.143645,1.14349,1.143635
1784082900,1.14362,1.1437,1.14354,1.14363
1784083200,1.14363,1.14412,1.14363,1.144095
1784083500,1.144095,1.14415,1.14404,1.14413
1784083800,1.14413,1.144165,1.143945,1.14406
1784084100,1.144055,1.14423,1.144025,1.144025
1784084400,1.14403,1.14423,1.14401,1.1442
1784084700,1.144205,1.14421,1.143945,1.14406
1784085000,1.14406,1.14407,1.143755,1.14376
1784085300,1.143765,1.14377,1.143355,1.14338
1784085600,1.143375,1.14346,1.14333,1.143395
1784085900,1.1434,1.14355,1.1434,1.143495
1784086200,1.14349,1.1437,1.14345,1.14368
1784086500,1.143675,1.1437,1.14358,1.143665
1784086800,1.143665,1.143695,1.14339,1.14342
1784087100,1.143415,1.143585,1.143415,1.143585
1784087400,1.14358,1.143765,1.14358,1.14371
1784087700,1.143715,1.14385,1.14366,1.1438
1784088000,1.143805,1.143915,1.143735,1.14381
1784088300,1.143815,1.14387,1.14372,1.14376
1784088600,1.143755,1.143805,1.143685,1.143745
1784088900,1.14374,1.143865,1.143705,1.143845
1784089200,1.14384,1.143865,1.14379,1.143865
1784089500,1.14386,1.14404,1.14384,1.14394
1784089800,1.143935,1.144045,1.143905,1.14401
1784090100,1.14401,1.14408,1.14392,1.143945
1784090400,1.143945,1.143955,1.143765,1.14382
1784090700,1.14382,1.143975,1.143795,1.143905
1784091000,1.1439,1.143945,1.143805,1.143805
1784091300,1.1438,1.143855,1.143655,1.143705
1784091600,1.14371,1.143735,1.14354,1.143615
1784091900,1.14361,1.1438,1.14352,1.1436
1784092200,1.143595,1.143705,1.14353,1.14368
1784092500,1.143675,1.143795,1.14365,1.14377
1784092800,1.14377,1.143845,1.14374,1.143755
1784093100,1.14375,1.14381,1.143695,1.14376
1784093400,1.14375,1.143945,1.14373,1.143925
1784093700,1.143925,1.14398,1.14383,1.143955
1784094000,1.14395,1.1441,1.14389,1.144095
1784094300,1.14409,1.144335,1.144055,1.14433
1784094600,1.144325,1.144325,1.144195,1.144315
1784094900,1.14431,1.14431,1.144035,1.144055
1784095200,1.14406,1.14426,1.144035,1.14415
1784095500,1.14415,1.144155,1.14394,1.144115
1784095800,1.14412,1.144135,1.14394,1.143995
1784096100,1.14399,1.14435,1.14397,1.14434
1784096400,1.144335,1.14434,1.144175,1.14427
1784096700,1.144275,1.144385,1.14418,1.144185
1784097000,1.14419,1.1442,1.143875,1.144095
1784097300,1.14409,1.1441,1.14393,1.143995
1784097600,1.143995,1.14403,1.143765,1.14387
1784097900,1.14386,1.143875,1.143455,1.143515
1784098200,1.143515,1.143675,1.14329,1.143485
1784098500,1.14348,1.143615,1.142805,1.142875
1784098800,1.142885,1.14312,1.142775,1.142875
1784099100,1.14287,1.142985,1.142605,1.142845
1784099400,1.14287,1.1432,1.14287,1.14302
1784099700,1.143015,1.14306,1.142445,1.1426
1784100000,1.142605,1.1427,1.14231,1.142385
1784100300,1.14239,1.142405,1.141985,1.14226
1784100600,1.142265,1.14248,1.14212,1.14226
1784100900,1.142265,1.14231,1.14213,1.14225
1784101200,1.142255,1.14245,1.14217,1.14239
1784101500,1.142395,1.14241,1.14216,1.142365
1784101800,1.14236,1.14249,1.14229,1.14243
1784102100,1.14243,1.142525,1.142255,1.14234
1784102400,1.142345,1.142755,1.142295,1.14268
1784102700,1.142675,1.14271,1.142295,1.142305
1784103000,1.14231,1.14238,1.14214,1.142275
1784103300,1.142285,1.142435,1.14223,1.14239
1784103600,1.142395,1.14249,1.142335,1.142485
1784103900,1.142485,1.14255,1.142295,1.142535
1784104200,1.14253,1.142675,1.142495,1.142555
1784104500,1.142555,1.14265,1.14245,1.142555
1784104800,1.142555,1.142555,1.142375,1.142465
1784105100,1.14246,1.14255,1.14226,1.142355
1784105400,1.142355,1.142355,1.14213,1.142225
1784105700,1.14222,1.14245,1.142105,1.142445
1784106000,1.14245,1.14252,1.14203,1.142325
1784106300,1.14232,1.142425,1.14224,1.14235
1784106600,1.142345,1.14259,1.142345,1.14243
1784106900,1.142425,1.1425,1.14228,1.14228
1784107200,1.142285,1.142515,1.14228,1.142465
1784107500,1.14247,1.142485,1.142175,1.142185
1784107800,1.14219,1.14226,1.141795,1.141885
1784108100,1.14188,1.142075,1.14183,1.1419
1784108400,1.141905,1.14215,1.141905,1.142065
1784108700,1.142065,1.14222,1.14198,1.14201
1784109000,1.142005,1.142105,1.14175,1.142095
1784109300,1.1421,1.142145,1.14165,1.14169
1784109600,1.141685,1.141795,1.1416,1.14173
1784109900,1.141735,1.14181,1.14135,1.14152
1784110200,1.141515,1.141585,1.141365,1.141495
1784110500,1.14149,1.141725,1.14142,1.141565
1784110800,1.14155,1.141835,1.141215,1.14126
1784111100,1.141265,1.14133,1.141235,1.14132
1784111400,1.141325,1.14146,1.141185,1.141185
1784111700,1.141175,1.14142,1.14116,1.141325
1784112000,1.14132,1.141325,1.141075,1.141275
1784112300,1.141265,1.141485,1.14125,1.14128
1784112600,1.141275,1.14136,1.14123,1.141345
1784112900,1.141345,1.141605,1.14119,1.14159
1784113200,1.141585,1.141775,1.14154,1.14176
1784113500,1.14176,1.141945,1.141625,1.14183
1784113800,1.14183,1.141945,1.141675,1.14171
1784114100,1.141715,1.141795,1.14157,1.141655
1784114400,1.14166,1.14186,1.14165,1.14177
1784114700,1.141775,1.141825,1.14152,1.14159
1784115000,1.141595,1.14179,1.14153,1.14176
1784115300,1.141755,1.141915,1.1417,1.14172
1784115600,1.141725,1.141755,1.14146,1.14147
1784115900,1.141475,1.14152,1.14131,1.141335
1784116200,1.14133,1.14156,1.14103,1.141185
1784116500,1.141175,1.14128,1.14101,1.141185
1784116800,1.14119,1.14146,1.141005,1.141025
1784117100,1.14103,1.14107,1.140605,1.140605
1784117400,1.14061,1.141025,1.1406,1.14093
1784117700,1.140935,1.14109,1.140785,1.14079
1784118000,1.140805,1.141405,1.140775,1.141395
1784118300,1.1414,1.14151,1.141195,1.141415
1784118600,1.14139,1.14244,1.141365,1.14214
1784118900,1.142145,1.142185,1.141725,1.141935
1784119200,1.14193,1.142545,1.1419,1.142525
1784119500,1.14252,1.14283,1.14245,1.14273
1784119800,1.142725,1.14273,1.14248,1.14262
1784120100,1.142625,1.14303,1.14244,1.14284
1784120400,1.142845,1.143265,1.14281,1.143205
1784120700,1.1432,1.143375,1.143115,1.14322
1784121000,1.14323,1.143245,1.1427,1.14271
1784121300,1.142705,1.143355,1.142695,1.143275
1784121600,1.14327,1.143275,1.14265,1.14274
1784121900,1.142735,1.142765,1.142355,1.14245
1784122200,1.14244,1.14276,1.1424,1.14271
1784122500,1.142715,1.142815,1.142565,1.14271
1784122800,1.1427,1.14275,1.1426,1.142655
1784123100,1.14267,1.14305,1.142515,1.143005
1784123400,1.143,1.143175,1.142665,1.14277
1784123700,1.142775,1.14356,1.14262,1.143015
1784124000,1.14302,1.143305,1.143015,1.143235
1784124300,1.14324,1.143555,1.143095,1.1432
1784124600,1.143195,1.143385,1.14303,1.143185
1784124900,1.14319,1.143545,1.14318,1.14351
1784125200,1.143525,1.143555,1.14314,1.143285
1784125500,1.14329,1.143325,1.14302,1.14323
1784125800,1.14324,1.14369,1.14323,1.143605
1784126100,1.14361,1.143745,1.143445,1.1435
1784126400,1.143505,1.14393,1.14339,1.14388
1784126700,1.143875,1.144155,1.143735,1.14415
1784127000,1.144145,1.14415,1.14339,1.1436
1784127300,1.14359,1.14373,1.14328,1.1437
1784127600,1.143705,1.144085,1.143705,1.14399
1784127900,1.144,1.144155,1.143935,1.144055
1784128200,1.14405,1.14412,1.14355,1.14355
1784128500,1.143545,1.14367,1.14333,1.143585
1784128800,1.14358,1.143855,1.14354,1.143775
1784129100,1.14378,1.144005,1.14368,1.143935
1784129400,1.14394,1.14395,1.143635,1.14379
1784129700,1.143775,1.14381,1.14318,1.14325
1784130000,1.143255,1.14355,1.14325,1.143445
1784130300,1.14345,1.143715,1.14342,1.14343
1784130600,1.14343,1.14354,1.143175,1.14342
1784130900,1.14343,1.143625,1.143295,1.143525
1784131200,1.14353,1.14362,1.14314,1.143245
1784131500,1.14325,1.143355,1.143025,1.14329
1784131800,1.14329,1.143605,1.143275,1.14345
1784132100,1.143445,1.14371,1.1434,1.143455
1784132400,1.14346,1.1437,1.14341,1.143665
1784132700,1.143665,1.143985,1.143665,1.143895
1784133000,1.14389,1.143925,1.143645,1.14371
1784133300,1.14371,1.143725,1.14343,1.143595
1784133600,1.1436,1.143705,1.143455,1.14353
1784133900,1.143535,1.14412,1.14346,1.143715
1784134200,1.14372,1.1442,1.143665,1.14405
1784134500,1.144055,1.144235,1.14387,1.144225
1784134800,1.14423,1.14476,1.1442,1.144655
1784135100,1.14465,1.145,1.14457,1.14491
1784135400,1.144905,1.145015,1.144835,1.144965
1784135700,1.144955,1.14519,1.144795,1.145165
1784136000,1.14516,1.145425,1.1451,1.145385
1784136300,1.14538,1.14559,1.14537,1.145585
1784136600,1.14558,1.14659,1.14556,1.146395
1784136900,1.14639,1.146695,1.14634,1.14667
1784137200,1.14668,1.147095,1.146635,1.147055
1784137500,1.14705,1.147465,1.146685,1.14745
1784137800,1.14744,1.14744,1.147055,1.14717
1784138100,1.147165,1.147485,1.147155,1.14733
1784138400,1.147335,1.147695,1.14729,1.14762
1784138700,1.147615,1.14769,1.14738,1.14738
1784139000,1.147385,1.14749,1.147225,1.14732
1784139300,1.14732,1.147745,1.147225,1.147735
1784139600,1.14774,1.147755,1.1476,1.14763
1784139900,1.147635,1.14787,1.147615,1.14784
1784140200,1.147845,1.148255,1.147835,1.14805
1784140500,1.148045,1.148045,1.147795,1.147935
1784140800,1.147935,1.147935,1.147315,1.14733
1784141100,1.147325,1.14744,1.14712,1.147135
1784141400,1.14713,1.14719,1.146815,1.1469
1784141700,1.146905,1.147005,1.1466,1.146665
1784142000,1.14666,1.147035,1.146575,1.147
1784142300,1.147005,1.14733,1.146985,1.14728
1784142600,1.14728,1.14739,1.1472,1.14739
1784142900,1.14738,1.14747,1.147045,1.147145
1784143200,1.14715,1.14734,1.147015,1.14724
1784143500,1.14724,1.147365,1.14719,1.14728
1784143800,1.147275,1.147275,1.146465,1.146515
1784144100,1.146505,1.14663,1.146235,1.146435
1784144400,1.146465,1.146495,1.14628,1.146305
1784144700,1.14631,1.146385,1.1462,1.14621
1784145000,1.14622,1.14635,1.146145,1.146195
1784145300,1.1462,1.146485,1.1462,1.14639
1784145600,1.146385,1.146445,1.146305,1.146335
1784145900,1.146335,1.146375,1.14609,1.14614
1784146200,1.14614,1.14619,1.146125,1.146145
1784146500,1.146155,1.14624,1.14613,1.146235
1784146800,1.146235,1.14642,1.146235,1.146355
1784147100,1.146345,1.146395,1.146235,1.146365
1784147400,1.14637,1.14639,1.146105,1.14624
1784147700,1.14624,1.14628,1.14618,1.14619
1784148000,1.146185,1.1463,1.146185,1.146255
1784148300,1.14625,1.146295,1.146225,1.146285
1784148600,1.14629,1.14639,1.14625,1.146375
1784148900,1.14638,1.146405,1.14627,1.14635
1784149200,1.14645,1.14673,1.14645,1.146645
1784149500,1.146615,1.146615,1.14643,1.146585
1784149800,1.146585,1.1466,1.146475,1.146495
1784150100,1.146495,1.14654,1.14625,1.14644
1784150400,1.14644,1.146645,1.14644,1.146625
1784150700,1.146625,1.14666,1.146585,1.14666
1784151000,1.14666,1.146685,1.146585,1.14667
1784151300,1.14667,1.14671,1.14654,1.146615
1784151600,1.14662,1.146655,1.146535,1.146555
1784151900,1.14657,1.146665,1.146425,1.146505
1784152200,1.146505,1.146655,1.1465,1.14659
1784152500,1.14659,1.146625,1.146385,1.14647
1784152800,1.14641,1.14683,1.14641,1.146625
1784153100,1.146625,1.146635,1.14659,1.146615
1784153400,1.146615,1.146685,1.14661,1.146655
1784153700,1.14665,1.14666,1.146545,1.14662
1784154000,1.146625,1.146625,1.14657,1.146595
1784154300,1.146595,1.14674,1.14658,1.146735
1784154600,1.14674,1.14676,1.14664,1.14664
1784154900,1.146645,1.146715,1.146625,1.1467
1784155200,1.146705,1.146725,1.14665,1.146675
1784155500,1.146675,1.14668,1.146635,1.14665
1784155800,1.14665,1.14671,1.146525,1.146585
1784156100,1.14659,1.146705,1.14659,1.146705
1784156400,1.1467,1.146775,1.146695,1.146705
1784156700,1.146705,1.146775,1.14666,1.146775
1784157000,1.146775,1.146885,1.146765,1.146885
1784157300,1.14688,1.146955,1.146765,1.14692
1784157600,1.146915,1.14692,1.146805,1.146815
1784157900,1.146815,1.14697,1.146815,1.146935
1784158200,1.14693,1.14694,1.146845,1.14694
1784158500,1.14694,1.146975,1.146885,1.146965
1784158800,1.146965,1.147075,1.14692,1.147055
1784159100,1.147055,1.147085,1.14701,1.147085
1784159400,1.14708,1.147085,1.146945,1.14699
1784159700,1.14699,1.14704,1.14691,1.146975
1784160000,1.14698,1.14723,1.14692,1.147045
1784160300,1.14705,1.14715,1.14699,1.14711
1784160600,1.147115,1.1474,1.14709,1.14739
1784160900,1.14738,1.147395,1.147135,1.14723
1784161200,1.14723,1.14724,1.14701,1.14723
1784161500,1.14723,1.14728,1.14716,1.147185
1784161800,1.14719,1.147235,1.146855,1.14691
1784162100,1.146915,1.14694,1.1468,1.14689
1784162400,1.14689,1.1471,1.146855,1.14698
1784162700,1.146975,1.147055,1.146725,1.146785
1784163000,1.14678,1.147175,1.146755,1.146935
1784163300,1.14693,1.14746,1.14686,1.147375
1784163600,1.147365,1.1474,1.14726,1.147285
1784163900,1.14729,1.14729,1.147085,1.147125
1784164200,1.147125,1.147285,1.14705,1.147285
1784164500,1.147285,1.147305,1.14686,1.14693
1784164800,1.146935,1.147225,1.1469,1.147155
1784165100,1.147155,1.147245,1.146935,1.14695
1784165400,1.146965,1.147065,1.146655,1.14671
1784165700,1.146705,1.146715,1.146515,1.14667
1784166000,1.14667,1.146755,1.146605,1.14669
1784166300,1.146695,1.14672,1.146615,1.146665
1784166600,1.14667,1.146685,1.14656,1.146565
1784166900,1.14656,1.146585,1.1465,1.146585
1784167200,1.146585,1.146585,1.14641,1.14645
1784167500,1.146445,1.14648,1.14636,1.146415
1784167800,1.14641,1.14652,1.14604,1.14607
1784168100,1.146075,1.146265,1.14601,1.146245
1784168400,1.14624,1.14647,1.146225,1.14641
1784168700,1.14641,1.14643,1.146255,1.14643
1784169000,1.146425,1.146515,1.14633,1.14642
1784169300,1.146425,1.146455,1.14625,1.146285
1784169600,1.14629,1.14633,1.146205,1.146315
1784169900,1.146315,1.146355,1.14622,1.146235
1784170200,1.14624,1.146315,1.146155,1.14631
1784170500,1.146315,1.146485,1.146265,1.14647
1784170800,1.146465,1.14648,1.146335,1.14642
1784171100,1.14642,1.14666,1.146415,1.146615
1784171400,1.14662,1.146685,1.14648,1.14658
1784171700,1.146575,1.14672,1.146565,1.14667
1784172000,1.146665,1.146775,1.14665,1.146735
1784172300,1.146735,1.14683,1.14673,1.1468
1784172600,1.146795,1.14688,1.14676,1.14686
1784172900,1.146855,1.14688,1.146815,1.146815
1784173200,1.146815,1.146855,1.146705,1.146715
1784173500,1.146715,1.146755,1.14665,1.1467
1784173800,1.146705,1.146705,1.14656,1.14657
1784174100,1.146565,1.14666,1.146555,1.146655
1784174400,1.14666,1.14667,1.146515,1.14652
1784174700,1.14652,1.14657,1.14638,1.14638
1784175000,1.146385,1.146555,1.14638,1.14651
1784175300,1.14651,1.146515,1.146375,1.146385
1784175600,1.14638,1.14647,1.146375,1.146465
1784175900,1.14646,1.14646,1.14631,1.14632
1784176200,1.14632,1.146445,1.146315,1.14642
1784176500,1.146425,1.146595,1.146395,1.146585
1784176800,1.14658,1.14673,1.14657,1.1466
1784177100,1.1466,1.14667,1.146595,1.14662
1784177400,1.146615,1.146675,1.146585,1.146675
1784177700,1.14667,1.14667,1.146515,1.14662
1784178000,1.146625,1.14669,1.14661,1.146635
1784178300,1.146635,1.146675,1.146565,1.14664
1784178600,1.14664,1.146755,1.14663,1.14673
1784178900,1.14673,1.14684,1.146725,1.146745
1784179200,1.14675,1.14678,1.14668,1.146705
1784179500,1.1467,1.146765,1.146625,1.14667
1784179800,1.146665,1.14688,1.14661,1.146855
1784180100,1.146845,1.146845,1.146655,1.14667
1784180400,1.14667,1.14678,1.14666,1.14671
1784180700,1.146715,1.14672,1.14645,1.14645
1784181000,1.146455,1.146555,1.14638,1.146435
1784181300,1.14643,1.14654,1.146215,1.14633
1784181600,1.146335,1.14678,1.14633,1.14656
1784181900,1.14656,1.146845,1.146435,1.146765
1784182200,1.14677,1.146945,1.14667,1.1469
1784182500,1.146895,1.146895,1.146575,1.14666
1784182800,1.146665,1.146945,1.146615,1.146865
1784183100,1.146865,1.146945,1.14678,1.14682
1784183400,1.146815,1.14683,1.14659,1.14661
1784183700,1.146615,1.14671,1.14652,1.146665
1784184000,1.14667,1.14668,1.146505,1.14667
1784184300,1.14667,1.14683,1.146625,1.146795
1784184600,1.146795,1.1469,1.14674,1.14686
1784184900,1.146855,1.147095,1.146815,1.14685
1784185200,1.14686,1.147025,1.14678,1.14701
1784185500,1.147015,1.147015,1.14667,1.146815
1784185800,1.14681,1.14697,1.14673,1.14682
1784186100,1.146825,1.147175,1.146795,1.14712
1784186400,1.14711,1.147245,1.14693,1.14708
1784186700,1.14707,1.147095,1.146775,1.146915
1784187000,1.14691,1.146965,1.14673,1.14691
1784187300,1.146925,1.1472,1.14687,1.1471
1784187600,1.147105,1.1472,1.14701,1.14714
1784187900,1.14714,1.14764,1.147135,1.147625
1784188200,1.14762,1.14762,1.14706,1.147215
1784188500,1.14722,1.14734,1.146865,1.14692
1784188800,1.146925,1.147195,1.14673,1.146805
1784189100,1.1468,1.146825,1.14651,1.146615
1784189400,1.14661,1.146695,1.14635,1.14643
1784189700,1.146435,1.146505,1.14626,1.14633
1784190000,1.146335,1.146445,1.14625,1.14632
1784190300,1.146325,1.14664,1.1463,1.146495
1784190600,1.14649,1.14678,1.14649,1.14671
1784190900,1.146715,1.146785,1.14662,1.146685
1784191200,1.14668,1.14684,1.146625,1.14672
1784191500,1.146725,1.146735,1.146555,1.14662
1784191800,1.14662,1.14676,1.14636,1.14643
1784192100,1.146435,1.146605,1.146275,1.14659
1784192400,1.14659,1.14659,1.14627,1.14632
1784192700,1.14632,1.146475,1.146305,1.14633
1784193000,1.14633,1.146595,1.14633,1.146515
1784193300,1.146515,1.14669,1.14643,1.146595
1784193600,1.1466,1.14661,1.146375,1.146405
1784193900,1.146405,1.146495,1.146275,1.146345
1784194200,1.14634,1.146395,1.146085,1.146145
1784194500,1.146145,1.14639,1.146065,1.14629
1784194800,1.146295,1.14654,1.14624,1.14652
1784195100,1.146525,1.146735,1.14651,1.146715
1784195400,1.14671,1.146785,1.146525,1.14678
1784195700,1.146785,1.14683,1.146565,1.14662
1784196000,1.146625,1.14663,1.146425,1.146505
1784196300,1.14651,1.14661,1.14644,1.14657
1784196600,1.146565,1.146635,1.14648,1.14657
1784196900,1.146565,1.146745,1.146565,1.14665
1784197200,1.146645,1.146845,1.146625,1.146735
1784197500,1.14674,1.14679,1.1465,1.146535
1784197800,1.14653,1.146555,1.146205,1.14629
1784198100,1.146285,1.146395,1.146235,1.146245
1784198400,1.146245,1.146515,1.14624,1.146465
1784198700,1.146465,1.14663,1.146455,1.146535
1784199000,1.14653,1.146555,1.146325,1.14645
1784199300,1.146455,1.146455,1.145935,1.14599
1784199600,1.145985,1.146235,1.145885,1.146045
1784199900,1.14604,1.1462,1.14597,1.14617
1784200200,1.146175,1.146195,1.14598,1.146035
1784200500,1.14604,1.14621,1.14582,1.146185
1784200800,1.14619,1.14632,1.14611,1.146285
1784201100,1.146285,1.146305,1.14588,1.146025
1784201400,1.14602,1.14629,1.146015,1.146275
1784201700,1.14628,1.14638,1.146215,1.14638
1784202000,1.146385,1.14665,1.14627,1.14646
1784202300,1.14646,1.146695,1.14583,1.14612
1784202600,1.14613,1.14647,1.145645,1.14639
1784202900,1.146385,1.1469,1.14637,1.146855
1784203200,1.14686,1.14702,1.146705,1.14692
1784203500,1.146915,1.14707,1.146715,1.14674
1784203800,1.146735,1.14676,1.14636,1.146465
1784204100,1.14647,1.14654,1.146215,1.146515
1784204400,1.14651,1.146515,1.14611,1.14624
1784204700,1.146235,1.146435,1.145985,1.14639
1784205000,1.146385,1.146515,1.145755,1.145825
1784205300,1.14583,1.145945,1.14527,1.145625
1784205600,1.14563,1.145745,1.14512,1.145265
1784205900,1.14526,1.145605,1.145145,1.14542
1784206200,1.145415,1.145525,1.145145,1.145195
1784206500,1.14519,1.145225,1.144695,1.144755
1784206800,1.14476,1.14491,1.144445,1.14453
1784207100,1.144535,1.14505,1.14453,1.14505
1784207400,1.145045,1.145365,1.145,1.145345
1784207700,1.14533,1.14538,1.145085,1.145375
1784208000,1.14537,1.145565,1.145335,1.14549
1784208300,1.14547,1.145845,1.14539,1.14582
1784208600,1.145825,1.145925,1.145645,1.145685
1784208900,1.14568,1.145815,1.145445,1.14571
1784209200,1.145715,1.14589,1.14533,1.145355
1784209500,1.14536,1.14538,1.1452,1.14534
1784209800,1.145335,1.145615,1.14523,1.145525
1784210100,1.14552,1.14552,1.144955,1.14497
1784210400,1.144975,1.145395,1.144925,1.145385
1784210700,1.14539,1.145395,1.14503,1.14503
1784211000,1.145025,1.145025,1.1445,1.14482
1784211300,1.144825,1.145145,1.14469,1.14514
1784211600,1.145135,1.145245,1.144895,1.145005
1784211900,1.145,1.1452,1.144905,1.14493
1784212200,1.144935,1.14524,1.14491,1.145155
1784212500,1.14515,1.14515,1.14435,1.14441
1784212800,1.144415,1.14448,1.14424,1.144475
1784213100,1.144485,1.14463,1.14419,1.14427
1784213400,1.144275,1.14436,1.144,1.144145
1784213700,1.144135,1.14452,1.144,1.144295
1784214000,1.14429,1.14431,1.14365,1.14378
1784214300,1.143785,1.14402,1.14377,1.143895
1784214600,1.1439,1.144195,1.143895,1.14419
1784214900,1.14419,1.14434,1.14415,1.144175
1784215200,1.14418,1.1444,1.144,1.144
1784215500,1.144005,1.14419,1.14399,1.14405
1784215800,1.144055,1.144515,1.144015,1.1445
1784216100,1.144495,1.14454,1.1443,1.14451
1784216400,1.1445,1.144685,1.144445,1.14466
1784216700,1.144655,1.14489,1.14456,1.14486
1784217000,1.144855,1.14497,1.14471,1.14495
1784217300,1.144945,1.144965,1.14455,1.144705
1784217600,1.1447,1.14472,1.144345,1.14438
1784217900,1.144385,1.144415,1.144105,1.14415
1784218200,1.144145,1.14431,1.14408,1.1442
1784218500,1.144195,1.144295,1.144045,1.144065
1784218800,1.14407,1.14407,1.14361,1.143695
1784219100,1.143695,1.143775,1.143555,1.143615
1784219400,1.14362,1.143865,1.14357,1.143805
1784219700,1.1438,1.14385,1.143655,1.14369
1784220000,1.14369,1.14375,1.14346,1.1437
1784220300,1.1437,1.14376,1.143595,1.143705
1784220600,1.143705,1.14381,1.143535,1.14356
1784220900,1.143555,1.14369,1.14342,1.14348
1784221200,1.143475,1.14352,1.143145,1.14324
1784221500,1.14324,1.143245,1.14313,1.143195
1784221800,1.1432,1.143265,1.143095,1.1432
1784222100,1.14321,1.143395,1.143185,1.14339
1784222400,1.143395,1.14347,1.14336,1.14345
1784222700,1.14345,1.143535,1.1434,1.14352
1784223000,1.14351,1.14358,1.143355,1.14339
1784223300,1.143395,1.14341,1.14327,1.14336
1784223600,1.143355,1.143515,1.143345,1.14346
1784223900,1.143465,1.1437,1.143435,1.14365
1784224200,1.143655,1.14384,1.143615,1.143765
1784224500,1.143765,1.143825,1.14365,1.143655
1784224800,1.14365,1.143685,1.143505,1.14351
1784225100,1.143505,1.14369,1.143495,1.14362
1784225400,1.14362,1.1438,1.14362,1.143765
1784225700,1.14377,1.14384,1.143755,1.1438
1784226000,1.143805,1.14392,1.14369,1.14371
1784226300,1.143705,1.14376,1.143645,1.143665
1784226600,1.14366,1.143755,1.14361,1.143615
1784226900,1.14361,1.14367,1.14357,1.14366
1784227200,1.143665,1.14378,1.143625,1.143765
1784227500,1.143765,1.143865,1.14372,1.14372
1784227800,1.143715,1.14378,1.14368,1.143755
1784228100,1.14375,1.143875,1.14372,1.14385
1784228400,1.143845,1.14401,1.14379,1.143955
1784228700,1.14395,1.143955,1.143835,1.14386
1784229000,1.14386,1.14389,1.143735,1.143745
1784229300,1.14374,1.143775,1.143605,1.14371
1784229600,1.143715,1.143765,1.143525,1.143535
1784229900,1.14354,1.1436,1.14343,1.143515
1784230200,1.14352,1.143665,1.143505,1.1436
1784230500,1.143605,1.143765,1.143565,1.143715
1784230800,1.14372,1.1438,1.1437,1.14372
1784231100,1.143725,1.1439,1.14371,1.14389
1784231400,1.143895,1.14415,1.14383,1.144145
1784231700,1.14415,1.14417,1.14399,1.14404
1784232000,1.144045,1.1442,1.143985,1.14419
1784232300,1.144195,1.1442,1.144105,1.14411
1784232600,1.144115,1.144135,1.14401,1.14403
1784232900,1.14403,1.14407,1.144025,1.144025
1784233200,1.14402,1.14402,1.143885,1.14389
1784233500,1.143885,1.143965,1.14385,1.143965
1784233800,1.14397,1.14442,1.143945,1.144265
1784234100,1.144265,1.144385,1.144265,1.14438
1784234400,1.144385,1.144385,1.144275,1.14429
1784234700,1.14429,1.14439,1.144285,1.14434
1784235000,1.144335,1.144435,1.144335,1.144365
1784235300,1.144375,1.14445,1.144175,1.144175
1784235600,1.14409,1.14415,1.14409,1.14413
1784235900,1.144145,1.144165,1.144135,1.144165
1784236200,1.144165,1.144375,1.144155,1.144375
1784236500,1.14436,1.14438,1.144245,1.14427
1784236800,1.14427,1.14434,1.14415,1.144155
1784237100,1.144155,1.1443,1.144115,1.14429
1784237400,1.144285,1.14433,1.14423,1.144235
1784237700,1.144235,1.14437,1.14419,1.144245
1784238000,1.144245,1.14432,1.144175,1.1443
1784238300,1.14428,1.144365,1.144265,1.1443
1784238600,1.1443,1.144345,1.144265,1.1443
1784238900,1.1443,1.144345,1.14426,1.144275
1784239200,1.14428,1.1445,1.14422,1.1445
1784239500,1.144505,1.144505,1.1444,1.144445
1784239800,1.144445,1.144495,1.144425,1.144435
1784240100,1.144435,1.144445,1.14438,1.144395
1784240400,1.1444,1.1444,1.144375,1.14439
1784240700,1.14439,1.144395,1.144345,1.144385
1784241000,1.144385,1.14441,1.14434,1.144345
1784241300,1.144345,1.144345,1.14431,1.144345
1784241600,1.144345,1.14435,1.144325,1.144325
1784241900,1.144325,1.144325,1.144235,1.144245
1784242200,1.144245,1.14426,1.144245,1.144245
1784242500,1.144245,1.144355,1.144245,1.14434
1784242800,1.144335,1.144395,1.14432,1.14437
1784243100,1.144365,1.14437,1.1443,1.14432
1784243400,1.144325,1.144445,1.14427,1.14442
1784243700,1.14442,1.144455,1.14439,1.144405
1784244000,1.144405,1.144405,1.1444,1.1444
1784244300,1.1444,1.144555,1.1444,1.144485
1784244600,1.14448,1.144515,1.144445,1.144495
1784244900,1.144495,1.14465,1.144495,1.144645
1784245200,1.144645,1.144645,1.14452,1.144525
1784245500,1.144525,1.144535,1.14442,1.14444
1784245800,1.14444,1.144445,1.144375,1.144385
1784246100,1.144385,1.144535,1.144385,1.144515
1784246400,1.144535,1.14463,1.144445,1.144525
1784246700,1.14453,1.14459,1.14449,1.1445
1784247000,1.1445,1.144525,1.14439,1.14444
1784247300,1.144435,1.144595,1.144435,1.144435
1784247600,1.144425,1.14445,1.1443,1.144305
1784247900,1.1443,1.14435,1.14418,1.144205
1784248200,1.144205,1.144315,1.14413,1.144195
1784248500,1.144195,1.144335,1.14419,1.144235
1784248800,1.144235,1.144245,1.144135,1.144145
1784249100,1.14414,1.144295,1.14414,1.144295
1784249400,1.14429,1.14455,1.14427,1.144515
1784249700,1.14452,1.14469,1.14442,1.144685
1784250000,1.14469,1.14481,1.144625,1.144655
1784250300,1.14465,1.144745,1.1445,1.14458
1784250600,1.144575,1.144585,1.14435,1.144455
1784250900,1.144455,1.14467,1.14445,1.144595
1784251200,1.14459,1.14467,1.144495,1.144545
1784251500,1.144545,1.144565,1.14433,1.144355
1784251800,1.14435,1.144445,1.144285,1.14436
1784252100,1.144355,1.144355,1.14417,1.144205
1784252400,1.144205,1.144355,1.14418,1.14433
1784252700,1.144325,1.144325,1.144045,1.144055
1784253000,1.14405,1.14411,1.14374,1.14378
1784253300,1.143785,1.14393,1.14374,1.14391
1784253600,1.14391,1.144155,1.143895,1.143945
1784253900,1.14394,1.14408,1.143905,1.14403
1784254200,1.14403,1.14413,1.14403,1.144105
1784254500,1.1441,1.14415,1.144055,1.144105
1784254800,1.1441,1.144115,1.14394,1.144055
1784255100,1.14405,1.144065,1.143895,1.1439
1784255400,1.1439,1.144005,1.143735,1.143755
1784255700,1.14376,1.143855,1.143665,1.143775
1784256000,1.14377,1.14382,1.143695,1.143805
1784256300,1.143805,1.1439,1.14376,1.14389
1784256600,1.143885,1.14396,1.14371,1.14371
1784256900,1.143705,1.14379,1.14366,1.14369
1784257200,1.143695,1.14383,1.14364,1.143785
1784257500,1.14379,1.14402,1.14379,1.14384
1784257800,1.14384,1.14384,1.14374,1.143785
1784258100,1.143785,1.144015,1.143785,1.14395
1784258400,1.143945,1.14401,1.143855,1.143855
1784258700,1.14385,1.143945,1.143825,1.143935
1784259000,1.14393,1.14399,1.14378,1.14386
1784259300,1.14386,1.14389,1.14366,1.14366
1784259600,1.143665,1.143715,1.14359,1.14364
1784259900,1.14364,1.143695,1.14359,1.143685
1784260200,1.14369,1.143925,1.14366,1.14391
1784260500,1.14391,1.143955,1.14389,1.143935
1784260800,1.14393,1.14395,1.14381,1.143845
1784261100,1.143845,1.143865,1.143775,1.143785
1784261400,1.143785,1.14383,1.14378,1.143795
1784261700,1.143795,1.143835,1.14374,1.14381
1784262000,1.14381,1.14384,1.143735,1.14374
1784262300,1.143735,1.143745,1.143605,1.14364
1784262600,1.14363,1.14377,1.14359,1.14371
1784262900,1.143715,1.143815,1.14371,1.14378
1784263200,1.143775,1.14379,1.14363,1.143685
1784263500,1.143685,1.14379,1.14361,1.14361
1784263800,1.143605,1.14362,1.143465,1.14361
1784264100,1.14361,1.14367,1.143595,1.143615
1784264400,1.14362,1.143695,1.14357,1.14368
1784264700,1.14368,1.143705,1.1436,1.143665
1784265000,1.14366,1.143725,1.143635,1.143665
1784265300,1.143665,1.143815,1.14357,1.143705
1784265600,1.143705,1.14379,1.14359,1.143605
1784265900,1.143605,1.143745,1.14358,1.143705
1784266200,1.1437,1.143965,1.1437,1.14389
1784266500,1.1439,1.14419,1.14388,1.14417
1784266800,1.144175,1.14436,1.14409,1.14418
1784267100,1.14418,1.14427,1.144085,1.144245
1784267400,1.144245,1.14435,1.144155,1.14426
1784267700,1.144255,1.144255,1.14392,1.14398
1784268000,1.14397,1.144245,1.14394,1.14423
1784268300,1.14423,1.14427,1.144015,1.14408
1784268600,1.144075,1.1446,1.144025,1.1446
1784268900,1.144595,1.14488,1.14457,1.144795
1784269200,1.1448,1.145075,1.144625,1.14507
1784269500,1.145075,1.145135,1.144845,1.14485
1784269800,1.144855,1.145055,1.144775,1.144975
1784270100,1.14498,1.14503,1.144905,1.144985
1784270400,1.14499,1.145165,1.144905,1.14495
1784270700,1.144945,1.145125,1.144835,1.144885
1784271000,1.14489,1.145045,1.14485,1.14495
1784271300,1.14494,1.145225,1.144885,1.144985
1784271600,1.14499,1.145225,1.144975,1.14516
1784271900,1.145165,1.145215,1.14476,1.144825
1784272200,1.144835,1.14492,1.14473,1.1449
1784272500,1.144895,1.144915,1.14455,1.14458
1784272800,1.144575,1.14459,1.144425,1.14451
1784273100,1.144505,1.14471,1.14448,1.14468
1784273400,1.144685,1.145,1.14455,1.144595
1784273700,1.14459,1.144645,1.14444,1.14464
1784274000,1.14464,1.144695,1.144435,1.14469
1784274300,1.144685,1.14492,1.14463,1.14486
1784274600,1.144855,1.14496,1.1447,1.14478
1784274900,1.144775,1.144805,1.14447,1.14448
1784275200,1.144485,1.144795,1.14448,1.144725
1784275500,1.14473,1.14476,1.14458,1.144615
1784275800,1.14461,1.144645,1.14401,1.14408
1784276100,1.144085,1.14409,1.143575,1.14362
1784276400,1.14362,1.14405,1.14362,1.143945
1784276700,1.14394,1.144095,1.143785,1.144015
1784277000,1.14403,1.144375,1.143965,1.14431
1784277300,1.144305,1.144345,1.144165,1.14419
1784277600,1.14418,1.144275,1.143965,1.14426
1784277900,1.144255,1.14432,1.144075,1.144235
1784278200,1.14423,1.14425,1.143925,1.143975
1784278500,1.144,1.144245,1.144,1.144125
1784278800,1.14412,1.144195,1.143855,1.144
1784279100,1.14399,1.14424,1.143925,1.14418
1784279400,1.144175,1.14421,1.143715,1.14387
1784279700,1.143865,1.143945,1.143745,1.143855
1784280000,1.14385,1.1441,1.14383,1.14409
1784280300,1.14409,1.14425,1.144055,1.144185
1784280600,1.144185,1.14419,1.14377,1.14378
1784280900,1.143775,1.143835,1.143635,1.14369
1784281200,1.143685,1.14384,1.143645,1.14378
1784281500,1.14377,1.143995,1.143755,1.14394
1784281800,1.143935,1.144005,1.14375,1.144
1784282100,1.143995,1.14406,1.14393,1.14405
1784282400,1.144045,1.14405,1.14356,1.143725
1784282700,1.14373,1.14389,1.143705,1.143775
1784283000,1.143775,1.143965,1.143745,1.143925
1784283300,1.14392,1.144045,1.143525,1.143535
1784283600,1.14353,1.143655,1.143255,1.14333
1784283900,1.143325,1.14334,1.143125,1.143235
1784284200,1.14323,1.143385,1.14313,1.14326
1784284500,1.143255,1.1433,1.14318,1.143215
1784284800,1.14321,1.14331,1.1431,1.143265
1784285100,1.14327,1.14332,1.143095,1.14321
1784285400,1.143205,1.14321,1.142675,1.14317
1784285700,1.14316,1.143245,1.142615,1.142675
1784286000,1.14267,1.142895,1.14253,1.14259
1784286300,1.142595,1.142895,1.14246,1.142895
1784286600,1.142895,1.143035,1.1428,1.142905
1784286900,1.14291,1.14307,1.142735,1.14302
1784287200,1.143015,1.14306,1.14279,1.14289
1784287500,1.14289,1.14309,1.14279,1.143045
1784287800,1.14304,1.143285,1.143,1.14328
1784288100,1.14328,1.143605,1.14326,1.14354
1784288400,1.143545,1.143605,1.14332,1.143345
1784288700,1.14335,1.14349,1.14312,1.143135
1784289000,1.143135,1.143285,1.142935,1.143225
1784289300,1.14322,1.14322,1.142935,1.143015
1784289600,1.14302,1.143415,1.143005,1.14326
1784289900,1.14326,1.14353,1.1432,1.143475
1784290200,1.143485,1.143535,1.14312,1.143295
1784290500,1.14329,1.143315,1.1431,1.14319
1784290800,1.1432,1.14337,1.14309,1.143315
1784291100,1.14332,1.143445,1.14323,1.14344
1784291400,1.143435,1.14344,1.142805,1.14283
1784291700,1.142835,1.142995,1.142745,1.14279
1784292000,1.142785,1.142805,1.142595,1.142695
1784292300,1.14269,1.14295,1.142485,1.142855
1784292600,1.14286,1.142905,1.14266,1.142675
1784292900,1.14268,1.14293,1.14268,1.142915
1784293200,1.14292,1.143025,1.142575,1.142745
1784293500,1.14275,1.14286,1.142575,1.142795
1784293800,1.1428,1.143185,1.142745,1.14295
1784294100,1.142945,1.142985,1.142445,1.142595
1784294400,1.14259,1.142845,1.14247,1.142615
1784294700,1.14262,1.14281,1.142505,1.142535
1784295000,1.14254,1.143,1.142485,1.14293
1784295300,1.142935,1.143305,1.142925,1.143185
1784295600,1.14318,1.143245,1.14294,1.14321
1784295900,1.1432,1.14336,1.14302,1.14334
1784296200,1.143335,1.143705,1.14331,1.14354
1784296500,1.14355,1.143655,1.143445,1.1436
1784296800,1.143605,1.14374,1.143295,1.14353
1784297100,1.143525,1.14375,1.143475,1.143615
1784297400,1.14361,1.143755,1.14355,1.143645
1784297700,1.14364,1.144095,1.14364,1.144075
1784298000,1.14407,1.14411,1.14391,1.14391
1784298300,1.143905,1.144015,1.14344,1.143545
1784298600,1.143545,1.14386,1.143495,1.143645
1784298900,1.14364,1.143905,1.143555,1.14386
1784299200,1.143855,1.144255,1.143805,1.14421
1784299500,1.144215,1.144415,1.14411,1.14415
1784299800,1.144155,1.144235,1.14398,1.14409
1784300100,1.144085,1.1441,1.1438,1.14397
1784300400,1.143975,1.144195,1.143895,1.144195
1784300700,1.1442,1.14433,1.14414,1.144185
1784301000,1.14418,1.144235,1.14387,1.14394
1784301300,1.143945,1.14413,1.143925,1.14406
1784301600,1.144065,1.144445,1.144055,1.14423
1784301900,1.14423,1.14427,1.144125,1.144155
1784302200,1.14416,1.14426,1.143965,1.144005
1784302500,1.14401,1.1442,1.143875,1.144035
1784302800,1.14404,1.144055,1.14371,1.14373
1784303100,1.143735,1.144115,1.143735,1.143965
1784303400,1.143965,1.144085,1.1439,1.14395
1784303700,1.14396,1.14407,1.143855,1.144
1784304000,1.144005,1.14407,1.14341,1.14362
1784304300,1.143625,1.14397,1.143485,1.143955
1784304600,1.14396,1.14401,1.143755,1.14399
1784304900,1.143995,1.14403,1.14383,1.14385
1784305200,1.143855,1.14395,1.143795,1.143935
1784305500,1.14393,1.14417,1.14384,1.144095
1784305800,1.144095,1.144155,1.144035,1.14408
1784306100,1.144085,1.1441,1.143885,1.14394
1784306400,1.143935,1.14405,1.143935,1.143985
1784306700,1.14398,1.14399,1.14371,1.143835
1784307000,1.14384,1.143935,1.143785,1.143925
1784307300,1.14393,1.14393,1.14373,1.14383
1784307600,1.143835,1.143885,1.14368,1.143735
1784307900,1.14373,1.143765,1.14354,1.143575
1784308200,1.14357,1.14363,1.143425,1.143465
1784308500,1.14346,1.143555,1.143335,1.14337
1784308800,1.143365,1.143495,1.14333,1.143405
1784309100,1.143405,1.143615,1.143395,1.14358
1784309400,1.14358,1.1436,1.14347,1.1436
1784309700,1.143595,1.143615,1.14348,1.143505
1784310000,1.1435,1.1435,1.14338,1.143395
1784310300,1.1434,1.14349,1.14338,1.143485
1784310600,1.143485,1.143505,1.143425,1.143485
1784310900,1.143485,1.143495,1.143395,1.143435
1784311200,1.14344,1.14344,1.14336,1.143435
1784311500,1.14343,1.143525,1.14338,1.14347
1784311800,1.143475,1.14362,1.14343,1.14353
1784312100,1.143525,1.143675,1.14344,1.14361
1784312400,1.1436,1.143735,1.143535,1.14355
1784312700,1.143555,1.14369,1.14353,1.14369
1784313000,1.143685,1.143745,1.143635,1.1437
1784313300,1.143705,1.143715,1.143595,1.143635
1784313600,1.14364,1.14364,1.14355,1.14358
1784313900,1.143585,1.143635,1.1435,1.14351
1784314200,1.143505,1.14362,1.14348,1.1436
1784314500,1.143605,1.143645,1.14353,1.143535
1784314800,1.14353,1.14364,1.143505,1.143585
1784315100,1.14359,1.14365,1.14359,1.143635
1784315400,1.143635,1.143655,1.143575,1.143595
1784315700,1.143595,1.1436,1.14348,1.143535
1784316000,1.14353,1.143715,1.14349,1.14349
1784316300,1.143495,1.14364,1.143375,1.143585
1784316600,1.14359,1.14366,1.14358,1.14362
1784316900,1.14362,1.14364,1.14342,1.143425
1784317200,1.143425,1.14391,1.14339,1.14381
1784317500,1.143805,1.14388,1.14378,1.143805
1784317800,1.14381,1.143935,1.14378,1.143915
1784318100,1.14392,1.14414,1.14387,1.144085
1784318400,1.14409,1.14424,1.14409,1.144115
1784318700,1.14411,1.14418,1.14402,1.14404
1784319000,1.14404,1.14404,1.143915,1.14392
1784319300,1.143925,1.143975,1.143905,1.143925
1784319600,1.14392,1.14392,1.143625,1.14375
1784319900,1.143745,1.1438,1.143685,1.143775
1784320200,1.14378,1.143855,1.143775,1.143785
1784320500,1.14379,1.14379,1.143705,1.143735
1784320800,1.143735,1.143755,1.143675,1.143755
1784321100,1.14375,1.14381,1.14363,1.14378
1784321400,1.143785,1.14386,1.14374,1.1438
1784321700,1.143805,1.14399,1.1437,1.14395
1784494800,1.14395,1.14395,1.142605,1.14271
1784495100,1.142675,1.142985,1.142675,1.14298
1784495400,1.14298,1.143105,1.142895,1.1431
1784495700,1.143095,1.1431,1.142925,1.14294
1784496000,1.14294,1.143025,1.142915,1.143
1784496300,1.143,1.143025,1.142985,1.142995
1784496600,1.142995,1.14306,1.14295,1.14298
1784496900,1.14298,1.143215,1.14298,1.143145
1784497200,1.14314,1.143215,1.14309,1.143115
1784497500,1.14312,1.143215,1.143115,1.143115
1784497800,1.143135,1.143135,1.14311,1.14313
1784498100,1.14313,1.14314,1.142875,1.142965
1784498400,1.14295,1.14303,1.142475,1.14262
1784498700,1.142625,1.14295,1.142625,1.14295
1784499000,1.142945,1.14311,1.14284,1.14298
1784499300,1.14297,1.143145,1.142755,1.14291
1784499600,1.142905,1.142975,1.14278,1.142785
1784499900,1.142785,1.142805,1.142635,1.142745
1784500200,1.14274,1.143,1.14264,1.14288
1784500500,1.14288,1.142905,1.142835,1.142855
1784500800,1.142855,1.14291,1.142785,1.142825
1784501100,1.14283,1.142835,1.142755,1.142795
1784501400,1.142795,1.1428,1.14265,1.142665
1784501700,1.142675,1.142715,1.142635,1.14265
1784502000,1.142655,1.1427,1.14254,1.14254
1784502300,1.14254,1.142625,1.14254,1.1426
1784502600,1.142605,1.142635,1.14251,1.142535
1784502900,1.142535,1.14259,1.142395,1.142435
1784503200,1.142435,1.142495,1.142365,1.14249
1784503500,1.14249,1.142575,1.14246,1.142555
1784503800,1.142555,1.142555,1.142475,1.142495
1784504100,1.142495,1.14264,1.14249,1.142545
1784504400,1.142545,1.142705,1.142545,1.142675
1784504700,1.14268,1.142715,1.142525,1.142685
1784505000,1.14268,1.142755,1.142535,1.142595
1784505300,1.142605,1.142755,1.142595,1.142745
1784505600,1.14275,1.14295,1.142645,1.14291
1784505900,1.14291,1.143115,1.142905,1.14305
1784506200,1.143045,1.143105,1.14295,1.142975
1784506500,1.14298,1.143205,1.14298,1.143155
1784506800,1.14315,1.14328,1.143055,1.14324
1784507100,1.143235,1.143285,1.14315,1.14324
1784507400,1.143235,1.143235,1.14309,1.143115
1784507700,1.14311,1.14316,1.143035,1.143075
1784508000,1.143075,1.1432,1.14307,1.14316
1784508300,1.143165,1.143265,1.143165,1.143205
1784508600,1.143205,1.14334,1.143195,1.1433
1784508900,1.143305,1.143355,1.143275,1.143345
1784509200,1.143345,1.143565,1.143345,1.143515
1784509500,1.143515,1.143555,1.143385,1.143515
1784509800,1.143515,1.143515,1.143125,1.143195
1784510100,1.143205,1.143315,1.143155,1.14321
1784510400,1.143215,1.143335,1.143155,1.143325
1784510700,1.143315,1.143455,1.1433,1.143455
1784511000,1.143455,1.143565,1.143425,1.14347
1784511300,1.143465,1.143485,1.143395,1.143425
1784511600,1.143425,1.14349,1.143165,1.143295
1784511900,1.1433,1.14338,1.14324,1.143345
1784512200,1.14335,1.143415,1.14326,1.143355
1784512500,1.14336,1.143645,1.14336,1.143605
1784512800,1.143605,1.143715,1.14346,1.143655
1784513100,1.14366,1.143775,1.143585,1.14369
1784513400,1.14369,1.14381,1.143585,1.14364
1784513700,1.143645,1.14371,1.143615,1.14364
1784514000,1.143635,1.143705,1.14363,1.143695
1784514300,1.143695,1.14392,1.143695,1.1439
1784514600,1.143905,1.143925,1.143825,1.143845
1784514900,1.14385,1.14402,1.143795,1.14395
1784515200,1.143945,1.144295,1.143925,1.144075
1784515500,1.14408,1.144195,1.143965,1.14419
1784515800,1.14419,1.14425,1.144185,1.144225
1784516100,1.144225,1.14423,1.144085,1.144095
1784516400,1.1441,1.14414,1.144005,1.144075
1784516700,1.144065,1.144085,1.14397,1.143995
1784517000,1.143995,1.144125,1.143985,1.14407
1784517300,1.144065,1.1441,1.144015,1.144095
1784517600,1.144095,1.14415,1.14408,1.1441
1784517900,1.1441,1.144115,1.144045,1.144095
1784518200,1.1441,1.14414,1.144075,1.144105
1784518500,1.14411,1.144135,1.144045,1.14411
1784518800,1.144115,1.14426,1.144085,1.14423
1784519100,1.144235,1.14424,1.144195,1.144195
1784519400,1.144195,1.14426,1.144175,1.144245
1784519700,1.14425,1.144255,1.14417,1.14419
1784520000,1.144185,1.144255,1.14415,1.144195
1784520300,1.144195,1.144215,1.144135,1.144185
1784520600,1.14419,1.144295,1.144185,1.144245
1784520900,1.144255,1.144335,1.144255,1.144285
1784521200,1.144285,1.144345,1.144245,1.144345
1784521500,1.144345,1.144465,1.144345,1.14446
1784521800,1.144455,1.14446,1.14437,1.144445
1784522100,1.144445,1.14451,1.144385,1.144415
1784522400,1.14441,1.144505,1.144405,1.144485
1784522700,1.14449,1.14449,1.14441,1.144425
1784523000,1.144425,1.14451,1.14442,1.144475
1784523300,1.14447,1.144475,1.144405,1.144445
1784523600,1.144445,1.1445,1.14431,1.14435
1784523900,1.14435,1.1444,1.144335,1.14435
1784524200,1.14435,1.14438,1.144235,1.144305
1784524500,1.144305,1.144375,1.144265,1.14429
1784524800,1.14429,1.144295,1.144235,1.14429
1784525100,1.144295,1.144295,1.144175,1.1442
1784525400,1.144195,1.14421,1.144115,1.144135
1784525700,1.144135,1.14415,1.144025,1.14405
1784526000,1.14405,1.144125,1.14404,1.14404
1784526300,1.144045,1.14411,1.14401,1.144025
1784526600,1.14402,1.14423,1.144005,1.14423
1784526900,1.144225,1.14423,1.144005,1.14401
1784527200,1.144015,1.14422,1.14398,1.14413
1784527500,1.144125,1.14413,1.14377,1.143785
1784527800,1.14378,1.14378,1.143615,1.143695
1784528100,1.1437,1.143945,1.14367,1.14378
1784528400,1.143775,1.143935,1.14377,1.14378
1784528700,1.143775,1.143785,1.143625,1.14365
1784529000,1.143655,1.14369,1.14341,1.14355
1784529300,1.143545,1.143825,1.143455,1.14379
1784529600,1.143795,1.143925,1.14353,1.14358
1784529900,1.143575,1.14395,1.143565,1.143765
1784530200,1.14377,1.143855,1.14365,1.14374
1784530500,1.143735,1.143845,1.14349,1.143515
1784530800,1.143525,1.14395,1.14345,1.143915
1784531100,1.143925,1.143935,1.143615,1.143635
1784531400,1.14364,1.14364,1.143425,1.14348
1784531700,1.14348,1.14372,1.14344,1.1437
1784532000,1.143695,1.144195,1.14362,1.144095
1784532300,1.14409,1.144255,1.14399,1.14425
1784532600,1.144255,1.14496,1.14419,1.144895
1784532900,1.14489,1.14493,1.14464,1.14479
1784533200,1.144785,1.14493,1.14468,1.1448
1784533500,1.144795,1.144885,1.144595,1.144675
1784533800,1.14467,1.144695,1.144315,1.14433
1784534100,1.144325,1.144455,1.14421,1.14441
1784534400,1.144415,1.14456,1.144305,1.14432
1784534700,1.144315,1.144365,1.14422,1.144315
1784535000,1.14431,1.144325,1.14417,1.144235
1784535300,1.14423,1.144315,1.144055,1.14406
1784535600,1.144055,1.144075,1.14392,1.14401
1784535900,1.144015,1.144075,1.14378,1.14381
1784536200,1.143815,1.143945,1.143735,1.1439
1784536500,1.143895,1.144265,1.14386,1.14426
1784536800,1.144255,1.14437,1.144055,1.144095
1784537100,1.14409,1.14415,1.14401,1.144145
1784537400,1.144145,1.14415,1.14376,1.144065
1784537700,1.14407,1.144165,1.14383,1.143895
1784538000,1.14389,1.14397,1.14362,1.14365
1784538300,1.14364,1.14365,1.14332,1.14336
1784538600,1.143365,1.14351,1.143355,1.14343
1784538900,1.14343,1.143535,1.14322,1.14323
1784539200,1.14323,1.14345,1.143185,1.143435
1784539500,1.14343,1.143455,1.14305,1.143075
1784539800,1.14307,1.14326,1.14306,1.143135
1784540100,1.14313,1.14322,1.143015,1.143035
1784540400,1.143035,1.143245,1.14292,1.14317
1784540700,1.143165,1.143165,1.142945,1.142995
1784541000,1.14299,1.14312,1.142935,1.14297
1784541300,1.142965,1.143035,1.142745,1.14301
1784541600,1.14302,1.143065,1.14288,1.142925
1784541900,1.142925,1.14319,1.142835,1.14314
1784542200,1.143135,1.143335,1.14312,1.14317
1784542500,1.143165,1.14323,1.14312,1.143165
1784542800,1.143165,1.14324,1.143115,1.143185
1784543100,1.14318,1.143285,1.143165,1.14318
1784543400,1.143175,1.14338,1.14312,1.14336
1784543700,1.14336,1.143595,1.14336,1.143585
1784544000,1.14358,1.143625,1.1434,1.14346
1784544300,1.14345,1.143505,1.143315,1.143355
1784544600,1.14335,1.14341,1.143245,1.14332
1784544900,1.143325,1.14346,1.14305,1.143115
1784545200,1.143125,1.143365,1.14308,1.143115
1784545500,1.14311,1.14315,1.14293,1.143005
1784545800,1.143005,1.143095,1.14286,1.14304
1784546100,1.14304,1.14316,1.14301,1.143125
1784546400,1.143125,1.143195,1.143055,1.14312
1784546700,1.143115,1.143355,1.14308,1.143345
1784547000,1.14334,1.14406,1.14334,1.14386
1784547300,1.143855,1.14391,1.143445,1.1436
1784547600,1.143605,1.143695,1.14347,1.1435
1784547900,1.1435,1.143525,1.14332,1.143415
1784548200,1.143415,1.14343,1.14328,1.1433
1784548500,1.143305,1.143305,1.1428,1.14294
1784548800,1.142935,1.142945,1.14252,1.142865
1784549100,1.142865,1.14302,1.1425,1.14257
1784549400,1.142575,1.142625,1.142095,1.14224
1784549700,1.14225,1.14225,1.141845,1.141925
1784550000,1.14192,1.14199,1.14172,1.141975
1784550300,1.14197,1.14199,1.141725,1.14193
1784550600,1.141925,1.142035,1.1417,1.14194
1784550900,1.14195,1.14237,1.141935,1.142245
1784551200,1.14224,1.14225,1.14197,1.141995
1784551500,1.142,1.14241,1.142,1.14239
1784551800,1.142385,1.142795,1.14236,1.142605
1784552100,1.1426,1.142735,1.14234,1.14237
1784552400,1.142375,1.14246,1.142015,1.142055
1784552700,1.14206,1.14209,1.14178,1.141935
1784553000,1.14193,1.142025,1.14188,1.14196
1784553300,1.14196,1.14199,1.1417,1.14177
1784553600,1.141775,1.14198,1.141745,1.141975
1784553900,1.141975,1.142075,1.14176,1.14193
1784554200,1.141935,1.142,1.141795,1.14187
1784554500,1.141875,1.1419,1.141635,1.141715
1784554800,1.14171,1.14183,1.14146,1.14151
1784555100,1.141515,1.14182,1.141435,1.141775
1784555400,1.14178,1.14182,1.141595,1.141725
1784555700,1.14172,1.141855,1.141515,1.14152
1784556000,1.14152,1.141615,1.14144,1.141525
1784556300,1.141535,1.141635,1.141365,1.141375
1784556600,1.141365,1.141485,1.141205,1.14143
1784556900,1.141445,1.141775,1.141405,1.141675
1784557200,1.14167,1.141675,1.14132,1.14137
1784557500,1.141365,1.141735,1.14126,1.141635
1784557800,1.14164,1.14164,1.14109,1.141205
1784558100,1.14121,1.14121,1.140945,1.14103
1784558400,1.141035,1.141035,1.14063,1.140655
1784558700,1.14066,1.14105,1.14056,1.14097
1784559000,1.140965,1.14097,1.140555,1.140565
1784559300,1.14056,1.14077,1.140245,1.14066
1784559600,1.14067,1.140895,1.140475,1.14089
1784559900,1.140885,1.141055,1.140755,1.14099
1784560200,1.140985,1.14104,1.14072,1.140745
1784560500,1.14075,1.140755,1.14054,1.14058
1784560800,1.140575,1.140895,1.140535,1.14088
1784561100,1.14088,1.14098,1.14082,1.14094
1784561400,1.140945,1.141085,1.14092,1.140975
1784561700,1.14098,1.14114,1.14078,1.14087
1784562000,1.140875,1.140945,1.14071,1.14082
1784562300,1.140825,1.14116,1.14081,1.141115
1784562600,1.14111,1.14125,1.14096,1.141025
1784562900,1.14103,1.14123,1.141015,1.14114
1784563200,1.14113,1.14138,1.141085,1.14124
1784563500,1.141235,1.14152,1.141185,1.141495
1784563800,1.14149,1.14159,1.14147,1.14158
1784564100,1.141575,1.14171,1.14154,1.141585
1784564400,1.14158,1.14163,1.141485,1.14153
1784564700,1.141525,1.14157,1.141335,1.1414
1784565000,1.141405,1.14153,1.14135,1.141355
1784565300,1.141355,1.14143,1.141315,1.14133
1784565600,1.141325,1.14136,1.14073,1.14112
1784565900,1.141115,1.14116,1.14097,1.14111
1784566200,1.141105,1.141155,1.14099,1.141115
1784566500,1.14112,1.141185,1.141045,1.141155
1784566800,1.14115,1.1414,1.14115,1.14126
1784567100,1.14126,1.14147,1.14126,1.14147
1784567400,1.14146,1.14147,1.141125,1.141185
1784567700,1.14118,1.141415,1.141175,1.1414
1784568000,1.141395,1.14151,1.14134,1.14143
1784568300,1.141425,1.141545,1.14141,1.141485
1784568600,1.14148,1.14151,1.14141,1.14144
1784568900,1.141435,1.141455,1.14132,1.141325
1784569200,1.141325,1.141365,1.14128,1.14133
1784569500,1.141335,1.14138,1.14126,1.141365
1784569800,1.14136,1.141435,1.141325,1.14137
1784570100,1.141375,1.141475,1.14137,1.141395
1784570400,1.1414,1.14155,1.1414,1.141525
1784570700,1.14152,1.141655,1.14144,1.141625
1784571000,1.141625,1.14168,1.14158,1.141675
1784571300,1.14167,1.141895,1.14167,1.141825
1784571600,1.14182,1.141845,1.14164,1.141655
1784571900,1.14165,1.141775,1.141625,1.14173
1784572200,1.141735,1.14174,1.141515,1.141535
1784572500,1.141535,1.14162,1.141525,1.14157
1784572800,1.14157,1.14157,1.14138,1.14141
1784573100,1.141415,1.141485,1.14132,1.141425
1784573400,1.14142,1.141485,1.141375,1.14143
1784573700,1.141425,1.141565,1.141315,1.14154
1784574000,1.141545,1.14165,1.14148,1.141545
1784574300,1.14154,1.1416,1.141515,1.141595
1784574600,1.14159,1.14159,1.14138,1.14143
1784574900,1.141425,1.141485,1.141345,1.141485
1784575200,1.14149,1.141575,1.141445,1.14156
1784575500,1.141555,1.14179,1.141475,1.141725
1784575800,1.14173,1.14182,1.141655,1.14166
1784576100,1.141665,1.14172,1.141555,1.141645
1784576400,1.141645,1.141695,1.14161,1.14163
1784576700,1.141635,1.14173,1.141565,1.14172
1784577000,1.14171,1.14175,1.141615,1.141675
1784577300,1.14168,1.14168,1.141465,1.14157
1784577600,1.141565,1.1417,1.14152,1.141575
1784577900,1.14157,1.14158,1.141365,1.14142
1784578200,1.141425,1.141445,1.14139,1.14141
1784578500,1.14141,1.141415,1.14127,1.141315
1784578800,1.14131,1.14145,1.14131,1.14145
1784579100,1.141445,1.141505,1.141415,1.141475
1784579400,1.14148,1.141485,1.14142,1.141435
1784579700,1.141435,1.14144,1.14128,1.14129
1784580000,1.141295,1.141395,1.141295,1.141335
1784580300,1.14133,1.141365,1.141285,1.141325
1784580600,1.141335,1.141365,1.141285,1.141335
1784580900,1.141335,1.141545,1.14132,1.141545
1784581200,1.14149,1.14163,1.14144,1.14144
1784581500,1.14145,1.141715,1.14145,1.141465
1784581800,1.141465,1.14161,1.14143,1.1416
1784582100,1.1416,1.14167,1.1413,1.141365
1784582400,1.141365,1.141365,1.14126,1.14126
1784582700,1.14126,1.14134,1.14118,1.14134
1784583000,1.14134,1.14135,1.141085,1.14109
1784583300,1.14109,1.141225,1.14109,1.14109
1784583600,1.14109,1.141225,1.14109,1.14114
1784583900,1.14115,1.141165,1.1411,1.141115
1784584200,1.141115,1.14117,1.141105,1.14115
1784584500,1.14115,1.1412,1.141075,1.14119
1784584800,1.141175,1.141195,1.14105,1.141075
1784585100,1.14107,1.141245,1.141025,1.141185
1784585400,1.141185,1.14123,1.14118,1.141205
1784585700,1.14121,1.141225,1.14118,1.14121
1784586000,1.14121,1.14127,1.14121,1.141265
1784586300,1.141265,1.141265,1.14116,1.1412
1784586600,1.1412,1.14121,1.141185,1.14119
1784586900,1.14119,1.14123,1.14116,1.141215
1784587200,1.141215,1.141225,1.14115,1.141225
1784587500,1.141225,1.14138,1.141225,1.14129
1784587800,1.141295,1.141325,1.14126,1.141325
1784588100,1.14133,1.14134,1.141265,1.14132
1784588400,1.14132,1.141335,1.14126,1.14127
1784588700,1.14127,1.141325,1.141255,1.141315
1784589000,1.141315,1.14137,1.14131,1.14136
1784589300,1.14136,1.14141,1.141325,1.141365
1784589600,1.141365,1.14137,1.14128,1.14131
1784589900,1.14131,1.141335,1.141295,1.141315
1784590200,1.141315,1.14137,1.141315,1.141365
1784590500,1.141365,1.14137,1.14132,1.14132
1784590800,1.14132,1.14134,1.141315,1.14132
1784591100,1.14132,1.14138,1.14131,1.141375
1784591400,1.14138,1.141455,1.14134,1.141455
1784591700,1.141455,1.14161,1.14142,1.14159
1784592000,1.141585,1.141835,1.141525,1.141725
1784592300,1.14173,1.14173,1.141545,1.141625
1784592600,1.14162,1.141685,1.14154,1.1416
1784592900,1.141605,1.141625,1.141475,1.141515
1784593200,1.141515,1.14153,1.14122,1.141225
1784593500,1.14123,1.141315,1.14122,1.14128
1784593800,1.14128,1.14128,1.14114,1.14122
1784594100,1.141215,1.14128,1.14118,1.14123
1784594400,1.141225,1.14143,1.141225,1.141425
1784594700,1.14143,1.141625,1.14141,1.14157
1784595000,1.141565,1.141585,1.14141,1.14147
1784595300,1.141465,1.141565,1.14131,1.14133
1784595600,1.141325,1.14141,1.14122,1.141375
1784595900,1.14138,1.14154,1.14138,1.1414
1784596200,1.141405,1.141505,1.14132,1.14133
1784596500,1.141325,1.141665,1.1413,1.1416
1784596800,1.141595,1.141625,1.141315,1.14137
1784597100,1.141365,1.14154,1.1413,1.14146
1784597400,1.141465,1.1416,1.141305,1.141515
1784597700,1.14152,1.14156,1.14126,1.14132
1784598000,1.141315,1.14162,1.14131,1.14159
1784598300,1.141585,1.14163,1.141485,1.141555
1784598600,1.14156,1.14156,1.14143,1.141505
1784598900,1.1415,1.14154,1.141425,1.141465
1784599200,1.14147,1.14157,1.14147,1.14151
1784599500,1.14151,1.14161,1.14147,1.14151
1784599800,1.14151,1.14158,1.141475,1.141505
1784600100,1.141505,1.141505,1.141405,1.14143
1784600400,1.14143,1.141625,1.141395,1.141605
1784600700,1.14161,1.14161,1.14135,1.14135
1784601000,1.141355,1.141465,1.141355,1.141405
1784601300,1.141405,1.141525,1.1414,1.141435
1784601600,1.141435,1.141455,1.141355,1.141355
1784601900,1.141355,1.141355,1.14126,1.14126
1784602200,1.14126,1.14126,1.14105,1.14106
1784602500,1.141065,1.141165,1.141065,1.141115
1784602800,1.14111,1.14126,1.14093,1.140965
1784603100,1.140965,1.14101,1.14089,1.14101
1784603400,1.141015,1.1411,1.14093,1.14097
1784603700,1.14097,1.14109,1.14095,1.141085
1784604000,1.14108,1.14117,1.14102,1.14108
1784604300,1.14108,1.14112,1.14103,1.14111
1784604600,1.141115,1.14127,1.14111,1.14127
1784604900,1.141265,1.141275,1.141175,1.14127
1784605200,1.141265,1.14132,1.14123,1.14129
1784605500,1.14129,1.141545,1.14129,1.14152
1784605800,1.141525,1.14153,1.141375,1.14138
1784606100,1.141375,1.14138,1.14124,1.14124
1784606400,1.141235,1.14132,1.14122,1.14127
1784606700,1.141275,1.141425,1.14126,1.14142
1784607000,1.141425,1.141525,1.141415,1.14149
1784607300,1.141485,1.141575,1.14147,1.141495
1784607600,1.1415,1.141565,1.141485,1.141535
1784607900,1.141535,1.141555,1.14145,1.141465
1784608200,1.14147,1.14158,1.141465,1.141535
1784608500,1.14153,1.141615,1.14153,1.141605
1784608800,1.141605,1.14169,1.141515,1.141655
1784609100,1.14166,1.141705,1.14163,1.14167
1784609400,1.141665,1.141745,1.141605,1.14172
1784609700,1.141725,1.141815,1.141725,1.141795
1784610000,1.14179,1.141805,1.141655,1.14173
1784610300,1.14173,1.14193,1.14168,1.14192
1784610600,1.141915,1.14192,1.14158,1.14161
1784610900,1.141615,1.141765,1.1416,1.14172
1784611200,1.14172,1.141765,1.141615,1.141665
1784611500,1.141665,1.14175,1.14166,1.141735
1784611800,1.14173,1.141935,1.14173,1.14188
1784612100,1.141875,1.14198,1.141865,1.14196
1784612400,1.141965,1.14218,1.141965,1.14216
1784612700,1.14215,1.14216,1.141905,1.141905
1784613000,1.14191,1.14202,1.141815,1.141905
1784613300,1.1419,1.1419,1.14171,1.141775
1784613600,1.141765,1.142055,1.141725,1.14202
1784613900,1.14202,1.14203,1.1418,1.14196
1784614200,1.141955,1.14199,1.141855,1.14192
1784614500,1.141925,1.14202,1.141865,1.14197
1784614800,1.141965,1.1422,1.141885,1.14215
1784615100,1.142155,1.142205,1.141935,1.14201
1784615400,1.142015,1.142055,1.14191,1.14201
1784615700,1.14201,1.14224,1.141965,1.14204
1784616000,1.142035,1.14227,1.142015,1.142215
1784616300,1.14221,1.142385,1.14219,1.14227
1784616600,1.142265,1.142285,1.142055,1.142065
1784616900,1.14206,1.14228,1.14201,1.142125
1784617200,1.14213,1.142575,1.14213,1.14252
1784617500,1.142515,1.142665,1.142485,1.142485
1784617800,1.14248,1.14248,1.14219,1.1422
1784618100,1.142205,1.14261,1.14219,1.14261
1784618400,1.1426,1.14277,1.14253,1.14253
1784618700,1.142525,1.14268,1.14242,1.142435
1784619000,1.14244,1.142505,1.14221,1.142445
1784619300,1.14244,1.1425,1.14235,1.14245
1784619600,1.142445,1.142525,1.142215,1.14227
1784619900,1.142265,1.142325,1.142205,1.142295
1784620200,1.1423,1.1423,1.142055,1.142145
1784620500,1.142135,1.142355,1.142105,1.14229
1784620800,1.142295,1.14238,1.14213,1.142255
1784621100,1.14225,1.142395,1.14219,1.14233
1784621400,1.142335,1.14238,1.14224,1.142325
1784621700,1.14232,1.14256,1.142205,1.142505
1784622000,1.1425,1.14263,1.14237,1.14247
1784622300,1.142475,1.14252,1.142235,1.14226
1784622600,1.142255,1.142265,1.1421,1.14214
1784622900,1.14214,1.14225,1.141825,1.14214
1784623200,1.142145,1.14235,1.14211,1.14232
1784623500,1.14232,1.142355,1.142095,1.14215
1784623800,1.142145,1.142305,1.14212,1.142175
1784624100,1.14217,1.142185,1.14204,1.142105
1784624400,1.14211,1.142325,1.142085,1.14225
1784624700,1.142255,1.14233,1.14222,1.142225
1784625000,1.142225,1.142255,1.142105,1.14223
1784625300,1.142225,1.142495,1.14221,1.14247
1784625600,1.142475,1.14252,1.142255,1.14226
1784625900,1.142255,1.14232,1.142075,1.142105
1784626200,1.1421,1.142345,1.14202,1.14232
1784626500,1.14232,1.142885,1.14228,1.142535
1784626800,1.14254,1.14254,1.142335,1.14236
1784627100,1.14236,1.14247,1.142285,1.142435
1784627400,1.14243,1.142545,1.142405,1.1425
1784627700,1.142505,1.14251,1.14224,1.142245
1784628000,1.14224,1.142455,1.14218,1.14229
1784628300,1.142285,1.142425,1.142215,1.14239
1784628600,1.142395,1.142765,1.14239,1.142445
1784628900,1.14245,1.14253,1.1424,1.142465
1784629200,1.142465,1.142555,1.142415,1.14251
1784629500,1.142505,1.142745,1.1425,1.142705
1784629800,1.14271,1.14277,1.142665,1.14275
1784630100,1.142745,1.14286,1.1426,1.142605
1784630400,1.14261,1.14261,1.14243,1.14247
1784630700,1.142465,1.142465,1.14224,1.142265
1784631000,1.14226,1.14226,1.14205,1.142225
1784631300,1.14222,1.142265,1.142005,1.142015
1784631600,1.14202,1.14212,1.141975,1.142065
1784631900,1.142065,1.14212,1.14172,1.141815
1784632200,1.14181,1.14205,1.141655,1.141975
1784632500,1.14197,1.142165,1.14192,1.142
1784632800,1.142005,1.14205,1.14183,1.14205
1784633100,1.14205,1.142125,1.14195,1.142055
1784633400,1.14205,1.14222,1.14201,1.14202
1784633700,1.142025,1.142295,1.142015,1.142275
1784634000,1.14228,1.142295,1.142115,1.14227
1784634300,1.14226,1.14226,1.142105,1.142205
1784634600,1.14221,1.14226,1.141795,1.14181
1784634900,1.141805,1.141935,1.141775,1.14191
1784635200,1.141905,1.142055,1.14164,1.14174
1784635500,1.14174,1.142015,1.14174,1.14176
1784635800,1.141755,1.1418,1.141595,1.14172
1784636100,1.14172,1.14177,1.14151,1.14174
1784636400,1.141745,1.141765,1.141645,1.14169
1784636700,1.141685,1.14174,1.141475,1.141565
1784637000,1.14157,1.141885,1.14156,1.1418
1784637300,1.141795,1.141825,1.14162,1.1417
1784637600,1.141705,1.141715,1.14133,1.14152
1784637900,1.141525,1.141855,1.14152,1.14182
1784638200,1.14182,1.14182,1.141495,1.14167
1784638500,1.141675,1.14176,1.141505,1.14172
1784638800,1.14173,1.14177,1.141365,1.14161
1784639100,1.14161,1.14174,1.141565,1.14157
1784639400,1.14157,1.14182,1.14156,1.141655
1784639700,1.14166,1.141665,1.141275,1.141345
1784640000,1.14135,1.14141,1.14107,1.141115
1784640300,1.14112,1.14114,1.140945,1.141065
1784640600,1.14106,1.14136,1.14102,1.14119
1784640900,1.141185,1.141185,1.140575,1.14074
1784641200,1.140745,1.14087,1.140555,1.14064
1784641500,1.140635,1.141265,1.140595,1.14122
1784641800,1.14123,1.141235,1.14085,1.14109
1784642100,1.141085,1.1412,1.140995,1.141135
1784642400,1.14114,1.141525,1.141135,1.14149
1784642700,1.141495,1.141715,1.14149,1.141505
1784643000,1.1415,1.14197,1.14146,1.141895
1784643300,1.14189,1.14189,1.141475,1.14149
1784643600,1.141485,1.14156,1.14128,1.141345
1784643900,1.141345,1.141435,1.14096,1.14101
1784644200,1.141,1.14111,1.14061,1.14061
1784644500,1.14061,1.14069,1.140375,1.14054
1784644800,1.14054,1.140865,1.14054,1.140785
1784645100,1.14079,1.140885,1.140435,1.14064
1784645400,1.140635,1.14064,1.140265,1.140455
1784645700,1.14046,1.14073,1.140425,1.14059
1784646000,1.140585,1.140605,1.14032,1.14049
1784646300,1.140495,1.140585,1.14027,1.140425
1784646600,1.14043,1.14063,1.14042,1.140535
1784646900,1.14054,1.140885,1.14053,1.140875
1784647200,1.14088,1.1411,1.140785,1.14094
1784647500,1.14093,1.141155,1.14088,1.140885
1784647800,1.14089,1.14109,1.14078,1.14109
1784648100,1.141085,1.141165,1.14076,1.140785
1784648400,1.14079,1.14085,1.140575,1.14059
1784648700,1.140595,1.14066,1.140395,1.14045
1784649000,1.140455,1.140635,1.140455,1.14056
1784649300,1.140565,1.14074,1.1405,1.14074
1784649600,1.140735,1.140865,1.140695,1.14086
1784649900,1.140855,1.140945,1.14081,1.140855
1784650200,1.140855,1.14097,1.140745,1.1408
1784650500,1.140805,1.14086,1.14075,1.140795
1784650800,1.140795,1.14091,1.140735,1.14086
1784651100,1.140865,1.140895,1.140735,1.140835
1784651400,1.14083,1.14095,1.140695,1.140805
1784651700,1.14081,1.14086,1.14074,1.14085
1784652000,1.140845,1.14109,1.140845,1.141
1784652300,1.141,1.141005,1.14091,1.140975
1784652600,1.14097,1.140975,1.140785,1.14082
1784652900,1.14082,1.140945,1.14078,1.140815
1784653200,1.14082,1.140945,1.140775,1.14079
1784653500,1.14079,1.140835,1.140735,1.14077
1784653800,1.140775,1.14093,1.14072,1.1409
1784654100,1.1409,1.14092,1.140795,1.14085
1784654400,1.140845,1.140935,1.140845,1.140935
1784654700,1.14093,1.141025,1.1409,1.141025
1784655000,1.14102,1.14105,1.140935,1.14094
1784655300,1.14094,1.14094,1.14082,1.14084
1784655600,1.140835,1.14084,1.140695,1.14077
1784655900,1.140775,1.14078,1.140665,1.1407
1784656200,1.140695,1.14084,1.14068,1.140785
1784656500,1.14079,1.1408,1.14064,1.14068
1784656800,1.140685,1.140705,1.14029,1.14029
1784657100,1.140295,1.140375,1.140105,1.14036
1784657400,1.140365,1.140445,1.140185,1.14019
1784657700,1.14018,1.14019,1.14003,1.14007
1784658000,1.14007,1.14007,1.13986,1.14004
1784658300,1.140035,1.140335,1.14003,1.14026
1784658600,1.14025,1.14029,1.14002,1.140025
1784658900,1.14002,1.14003,1.13992,1.140025
1784659200,1.14002,1.14015,1.13999,1.14012
1784659500,1.140125,1.14025,1.14009,1.14014
1784659800,1.14014,1.140245,1.14008,1.14019
1784660100,1.140185,1.140305,1.14012,1.140305
1784660400,1.14031,1.14041,1.14021,1.14022
1784660700,1.140215,1.140295,1.140185,1.140205
1784661000,1.1402,1.1403,1.140095,1.14018
1784661300,1.14018,1.14024,1.14016,1.14023
1784661600,1.14023,1.14038,1.14022,1.140335
1784661900,1.14034,1.1404,1.14028,1.140315
1784662200,1.140315,1.140345,1.14024,1.140305
1784662500,1.140305,1.140305,1.140035,1.140115
1784662800,1.140115,1.140195,1.1401,1.14011
1784663100,1.140105,1.140215,1.14008,1.14019
1784663400,1.14018,1.140305,1.14015,1.14029
1784663700,1.14029,1.14029,1.140125,1.14016
1784664000,1.140165,1.14028,1.1401,1.14026
1784664300,1.14027,1.14031,1.140165,1.14017
1784664600,1.14017,1.140185,1.140115,1.140115
1784664900,1.140115,1.14012,1.139985,1.139995
1784665200,1.14,1.140075,1.13996,1.140065
1784665500,1.14006,1.14013,1.140035,1.140115
1784665800,1.14012,1.140135,1.14006,1.14007
1784666100,1.14007,1.1401,1.140065,1.140085
1784666400,1.14008,1.140115,1.14005,1.140065
1784666700,1.14007,1.14011,1.14005,1.140055
1784667000,1.140045,1.14008,1.139885,1.139885
1784667300,1.139895,1.139915,1.13974,1.139865
1784667600,1.139835,1.13987,1.139705,1.139865
1784667900,1.13988,1.139925,1.139825,1.13988
1784668200,1.13988,1.139895,1.13987,1.13988
1784668500,1.13988,1.13989,1.139825,1.13983
1784668800,1.13983,1.139865,1.13981,1.139835
1784669100,1.139835,1.13984,1.13981,1.139835
1784669400,1.139855,1.139955,1.139845,1.139845
1784669700,1.139845,1.14008,1.139845,1.140055
1784670000,1.140055,1.140275,1.140045,1.140125
1784670300,1.140135,1.140135,1.140065,1.140075
1784670600,1.140075,1.14011,1.140065,1.140095
1784670900,1.140095,1.14011,1.14008,1.14011
1784671200,1.140105,1.14011,1.13995,1.139975
1784671500,1.13998,1.139985,1.139955,1.139965
1784671800,1.139965,1.140015,1.139905,1.139925
1784672100,1.139925,1.139935,1.139915,1.139925
1784672400,1.139925,1.13997,1.13992,1.13992
1784672700,1.139925,1.14005,1.139915,1.140015
1784673000,1.14002,1.140035,1.139965,1.140025
1784673300,1.140025,1.140055,1.13998,1.13998
1784673600,1.13998,1.140025,1.13998,1.140015
1784673900,1.140015,1.14002,1.13992,1.13995
1784674200,1.13995,1.139975,1.139925,1.13993
1784674500,1.139935,1.139945,1.13992,1.139935
1784674800,1.13993,1.13997,1.13986,1.13988
1784675100,1.13988,1.13994,1.13981,1.13992
1784675400,1.13992,1.139945,1.139885,1.13992
1784675700,1.139925,1.13997,1.13991,1.13996
1784676000,1.13996,1.13996,1.139875,1.139915
1784676300,1.139915,1.13996,1.139895,1.13991
1784676600,1.13992,1.13999,1.13992,1.139975
1784676900,1.139975,1.14003,1.13997,1.14002
1784677200,1.14002,1.140085,1.13998,1.140075
1784677500,1.14007,1.140075,1.14003,1.14003
1784677800,1.140035,1.14021,1.13999,1.140205
1784678100,1.1402,1.14025,1.14017,1.14023
1784678400,1.140225,1.140405,1.140115,1.14039
1784678700,1.140395,1.140405,1.14016,1.14028
1784679000,1.140275,1.1404,1.14024,1.140365
1784679300,1.140365,1.14058,1.14034,1.14058
1784679600,1.140575,1.14071,1.14055,1.14064
1784679900,1.140635,1.140695,1.14061,1.14068
1784680200,1.140685,1.14072,1.140565,1.14059
1784680500,1.140585,1.140605,1.14029,1.1403
1784680800,1.140305,1.14035,1.140255,1.14033
1784681100,1.140325,1.140365,1.14025,1.14032
1784681400,1.14032,1.14038,1.14021,1.140255
1784681700,1.14025,1.140445,1.140165,1.1404
1784682000,1.140395,1.14065,1.140395,1.140505
1784682300,1.14051,1.140675,1.14051,1.140635
1784682600,1.14064,1.140655,1.14055,1.140585
1784682900,1.14058,1.140625,1.14037,1.140385
1784683200,1.140385,1.14048,1.14026,1.14028
1784683500,1.140285,1.140365,1.14023,1.140365
1784683800,1.14037,1.140375,1.139945,1.14
1784684100,1.14,1.140085,1.13987,1.14006
1784684400,1.140055,1.140125,1.140015,1.140115
1784684700,1.14012,1.140275,1.14011,1.14023
1784685000,1.140235,1.14028,1.14017,1.140245
1784685300,1.14024,1.140305,1.1402,1.140295
1784685600,1.1403,1.14035,1.14013,1.14019
1784685900,1.14019,1.14032,1.140115,1.14029
1784686200,1.14029,1.140505,1.14027,1.14047
1784686500,1.140465,1.140485,1.1404,1.140405
1784686800,1.140405,1.140645,1.140405,1.140625
1784687100,1.14063,1.141005,1.140615,1.140775
1784687400,1.14078,1.14083,1.140655,1.14076
1784687700,1.140765,1.140765,1.140615,1.140665
1784688000,1.14066,1.14081,1.140655,1.14072
1784688300,1.14072,1.14073,1.140565,1.140565
1784688600,1.14057,1.140695,1.140555,1.140675
1784688900,1.14068,1.140855,1.14056,1.140565
1784689200,1.14056,1.14072,1.140545,1.14067
1784689500,1.14067,1.14074,1.140525,1.140525
1784689800,1.140525,1.14061,1.14043,1.140575
1784690100,1.14057,1.140685,1.140565,1.140625
1784690400,1.140625,1.1407,1.140615,1.140665
1784690700,1.140665,1.140805,1.140665,1.14076
1784691000,1.140765,1.14078,1.14063,1.14068
1784691300,1.140675,1.14069,1.14057,1.14065
1784691600,1.14065,1.14068,1.140595,1.140635
1784691900,1.140635,1.140705,1.140595,1.140645
1784692200,1.14064,1.14066,1.14058,1.14062
1784692500,1.140615,1.14075,1.14059,1.140745
1784692800,1.14074,1.14076,1.140635,1.140635
1784693100,1.14064,1.140725,1.140615,1.140675
1784693400,1.14067,1.14067,1.14049,1.14058
1784693700,1.140585,1.140695,1.14058,1.140635
1784694000,1.140635,1.14069,1.14057,1.14068
1784694300,1.14068,1.140745,1.140615,1.140735
1784694600,1.140735,1.14078,1.14071,1.14076
1784694900,1.14076,1.14077,1.140715,1.14076
1784695200,1.14076,1.140855,1.140755,1.140825
1784695500,1.140825,1.14083,1.140755,1.14077
1784695800,1.14076,1.140795,1.14073,1.140765
1784696100,1.14076,1.14084,1.140745,1.14084
1784696400,1.140845,1.14094,1.14076,1.140915
1784696700,1.140915,1.14093,1.140785,1.14081
1784697000,1.14081,1.140945,1.140765,1.14081
1784697300,1.140815,1.14084,1.14073,1.14081
1784697600,1.140805,1.140965,1.1408,1.14087
1784697900,1.14087,1.140885,1.140705,1.14072
1784698200,1.140725,1.14074,1.140555,1.140625
1784698500,1.14062,1.14071,1.14061,1.14069
1784698800,1.14069,1.140755,1.14055,1.14073
1784699100,1.14073,1.14074,1.140605,1.140665
1784699400,1.140665,1.14084,1.14062,1.14076
1784699700,1.14077,1.140965,1.140715,1.14095
1784700000,1.14093,1.14138,1.140885,1.14123
1784700300,1.141225,1.141225,1.14102,1.14106
1784700600,1.141055,1.14125,1.14098,1.14112
1784700900,1.14111,1.141175,1.141045,1.14114
1784701200,1.14115,1.141255,1.141025,1.141065
1784701500,1.141065,1.14109,1.14076,1.14084
1784701800,1.140835,1.141125,1.140705,1.141065
1784702100,1.141065,1.14115,1.1409,1.14091
1784702400,1.14091,1.141175,1.14088,1.141115
1784702700,1.14112,1.14122,1.14104,1.14116
1784703000,1.141165,1.141215,1.140945,1.14104
1784703300,1.141035,1.141235,1.14082,1.1412
1784703600,1.141195,1.14124,1.140865,1.14101
1784703900,1.141,1.1412,1.1409,1.1412
1784704200,1.14119,1.141305,1.14109,1.141255
1784704500,1.14126,1.14139,1.141075,1.14135
1784704800,1.141355,1.14152,1.14122,1.141235
1784705100,1.14123,1.141375,1.141215,1.1413
1784705400,1.141295,1.14184,1.14129,1.14139
1784705700,1.141385,1.141515,1.1411,1.1411
1784706000,1.141105,1.14114,1.14056,1.140665
1784706300,1.14066,1.14068,1.140345,1.140575
1784706600,1.14057,1.141,1.14054,1.14098
1784706900,1.140975,1.141115,1.14089,1.14093
1784707200,1.140935,1.14103,1.140715,1.140765
1784707500,1.14076,1.140815,1.14054,1.14067
1784707800,1.140665,1.140735,1.140525,1.140525
1784708100,1.14052,1.140695,1.140395,1.14055
1784708400,1.140565,1.140895,1.14052,1.140885
1784708700,1.14088,1.14098,1.14063,1.140835
1784709000,1.14084,1.141195,1.14083,1.141035
1784709300,1.14104,1.14116,1.14098,1.14104
1784709600,1.141045,1.141245,1.141045,1.141145
1784709900,1.141145,1.14123,1.140885,1.14093
1784710200,1.14092,1.140945,1.14081,1.14092
1784710500,1.140925,1.14105,1.14085,1.141005
1784710800,1.14099,1.14118,1.14098,1.141125
1784711100,1.14113,1.141235,1.14102,1.141165
1784711400,1.14117,1.141195,1.140815,1.140965
1784711700,1.140965,1.14099,1.140835,1.14097
1784712000,1.140975,1.14101,1.140765,1.140905
1784712300,1.14091,1.140965,1.14083,1.14092
1784712600,1.140915,1.14134,1.14084,1.14128
1784712900,1.141285,1.141295,1.141125,1.14114
1784713200,1.14114,1.141175,1.14085,1.140865
1784713500,1.14087,1.14095,1.14068,1.14071
1784713800,1.140705,1.140705,1.140455,1.14064
1784714100,1.140645,1.140685,1.140425,1.14049
1784714400,1.1405,1.140595,1.140145,1.14016
1784714700,1.140165,1.14034,1.140045,1.14015
1784715000,1.14015,1.140405,1.140145,1.140305
1784715300,1.1403,1.140605,1.14022,1.1406
1784715600,1.1406,1.140765,1.14059,1.140675
1784715900,1.14068,1.14068,1.140505,1.14051
1784716200,1.140515,1.14062,1.140425,1.14052
1784716500,1.14052,1.140605,1.14036,1.14052
1784716800,1.140515,1.140525,1.140345,1.140515
1784717100,1.140515,1.140625,1.14046,1.140605
1784717400,1.1406,1.14071,1.14054,1.140565
1784717700,1.14057,1.14067,1.14028,1.14036
1784718000,1.140365,1.140505,1.14024,1.14031
1784718300,1.14031,1.14046,1.14028,1.14045
1784718600,1.14046,1.140495,1.140395,1.14046
1784718900,1.140455,1.140645,1.14032,1.140345
1784719200,1.140345,1.140555,1.140345,1.140405
1784719500,1.140405,1.14047,1.140255,1.140415
1784719800,1.14041,1.140625,1.14038,1.140535
1784720100,1.14053,1.140665,1.140445,1.14064
1784720400,1.14064,1.14066,1.140335,1.140505
1784720700,1.14049,1.140735,1.14039,1.14054
1784721000,1.140535,1.14061,1.14043,1.1405
1784721300,1.14049,1.140725,1.14045,1.140685
1784721600,1.1407,1.140935,1.140665,1.14082
1784721900,1.140825,1.141035,1.14074,1.14079
1784722200,1.140795,1.141145,1.140795,1.141145
1784722500,1.14115,1.141165,1.140985,1.14105
1784722800,1.141055,1.14109,1.140885,1.140935
1784723100,1.14094,1.14107,1.1409,1.141015
1784723400,1.14101,1.14137,1.141,1.14129
1784723700,1.141285,1.141375,1.14119,1.141235
1784724000,1.14123,1.141235,1.14108,1.141135
1784724300,1.14113,1.14114,1.14068,1.140865
1784724600,1.14086,1.1411,1.140805,1.14106
1784724900,1.141055,1.14106,1.14038,1.14079
1784725200,1.140785,1.14113,1.14074,1.14101
1784725500,1.14101,1.141255,1.14096,1.14122
1784725800,1.141215,1.14126,1.14095,1.141005
1784726100,1.141,1.14128,1.1409,1.141245
1784726400,1.14124,1.1416,1.14112,1.14159
1784726700,1.14159,1.1417,1.141495,1.141525
1784727000,1.14153,1.142165,1.14153,1.14164
1784727300,1.141635,1.141935,1.141555,1.141745
1784727600,1.14174,1.14192,1.1416,1.14179
1784727900,1.141795,1.141855,1.14153,1.14155
1784728200,1.141545,1.14177,1.141445,1.141595
1784728500,1.14159,1.141615,1.141185,1.141345
1784728800,1.14135,1.141555,1.14133,1.14145
1784729100,1.141445,1.14149,1.14106,1.141185
1784729400,1.14118,1.14175,1.14111,1.141635
1784729700,1.14163,1.141845,1.14158,1.14159
1784730000,1.141585,1.141745,1.141275,1.14134
1784730300,1.141335,1.141395,1.14108,1.141145
1784730600,1.14115,1.141335,1.141,1.141285
1784730900,1.14128,1.14131,1.14106,1.14122
1784731200,1.141225,1.14128,1.14105,1.141115
1784731500,1.14111,1.14124,1.141065,1.14119
1784731800,1.14118,1.14131,1.14104,1.1412
1784732100,1.141195,1.1412,1.140785,1.14092
1784732400,1.140925,1.14114,1.140825,1.141025
1784732700,1.14102,1.14114,1.140965,1.14112
1784733000,1.141115,1.141145,1.140985,1.140995
1784733300,1.140995,1.1411,1.140835,1.140905
1784733600,1.14091,1.141315,1.14091,1.14124
1784733900,1.141245,1.1414,1.14124,1.141365
1784734200,1.141375,1.141385,1.14083,1.140835
1784734500,1.14083,1.14104,1.14076,1.140795
1784734800,1.1408,1.141035,1.14075,1.141025
1784735100,1.14102,1.1413,1.140975,1.141285
1784735400,1.14129,1.14135,1.141065,1.14114
1784735700,1.141135,1.141395,1.14099,1.14138
1784736000,1.14137,1.14141,1.141145,1.141155
1784736300,1.14115,1.141195,1.140935,1.14099
1784736600,1.140995,1.14102,1.14064,1.140745
1784736900,1.140745,1.140845,1.140615,1.14081
1784737200,1.140805,1.1411,1.140745,1.14109
1784737500,1.141095,1.14118,1.140945,1.1411
1784737800,1.141105,1.14123,1.140895,1.140905
1784738100,1.14091,1.141045,1.14078,1.14078
1784738400,1.140785,1.14089,1.14075,1.14088
1784738700,1.14088,1.140935,1.14076,1.140915
1784739000,1.14091,1.14095,1.140875,1.140915
1784739300,1.14091,1.141,1.140885,1.14093
1784739600,1.140925,1.14106,1.14088,1.14105
1784739900,1.141045,1.14113,1.141015,1.141095
1784740200,1.1411,1.141255,1.1411,1.14114
1784740500,1.141145,1.14128,1.14107,1.141105
1784740800,1.141105,1.14126,1.141085,1.141155
1784741100,1.141155,1.14124,1.14111,1.141155
1784741400,1.14115,1.14116,1.14099,1.141
1784741700,1.141005,1.14102,1.140845,1.1409
1784742000,1.140905,1.141015,1.140805,1.14098
1784742300,1.140985,1.14107,1.140935,1.141035
1784742600,1.141035,1.141135,1.14099,1.14099
1784742900,1.140985,1.14105,1.14089,1.141
1784743200,1.141005,1.14107,1.140895,1.14095
1784743500,1.140955,1.14099,1.140825,1.140835
1784743800,1.14083,1.1409,1.1408,1.14088
1784744100,1.14088,1.14095,1.14084,1.14094
1784744400,1.14093,1.141075,1.1409,1.141015
1784744700,1.14102,1.141075,1.140985,1.141035
1784745000,1.14104,1.141045,1.140905,1.14098
1784745300,1.14098,1.141105,1.14095,1.14109
1784745600,1.14109,1.1411,1.1409,1.140925
1784745900,1.14092,1.140995,1.140905,1.140985
1784746200,1.14098,1.141095,1.140935,1.141055
1784746500,1.141055,1.141135,1.141035,1.1411
1784746800,1.141105,1.1412,1.141045,1.141185
1784747100,1.141185,1.14123,1.141045,1.141045
1784747400,1.141045,1.14105,1.14097,1.14098
1784747700,1.14098,1.1411,1.140965,1.14109
1784748000,1.141085,1.14119,1.14108,1.14114
1784748300,1.14114,1.141145,1.14107,1.141115
1784748600,1.14111,1.14111,1.141025,1.14108
1784748900,1.14108,1.141125,1.141025,1.141085
1784749200,1.141085,1.141135,1.14107,1.141115
1784749500,1.14112,1.14121,1.14107,1.14109
1784749800,1.141095,1.14112,1.140995,1.141025
1784750100,1.14101,1.14116,1.14093,1.14113
1784750400,1.141135,1.141285,1.14106,1.1411
1784750700,1.141095,1.141245,1.14107,1.141225
1784751000,1.14123,1.141235,1.14117,1.141175
1784751300,1.14118,1.141195,1.141145,1.14118
1784751600,1.141175,1.14126,1.14116,1.14118
1784751900,1.141185,1.141255,1.14116,1.14117
1784752200,1.14116,1.14119,1.141095,1.141105
1784752500,1.141105,1.1412,1.141085,1.141195
1784752800,1.14119,1.14125,1.14119,1.14123
1784753100,1.141235,1.14125,1.141145,1.14116
1784753400,1.141155,1.14121,1.14115,1.141195
1784753700,1.14119,1.14126,1.14117,1.14117
1784754000,1.14115,1.14115,1.14082,1.14102
1784754300,1.140935,1.14095,1.140865,1.14087
1784754600,1.14087,1.14095,1.14087,1.14088
1784754900,1.14088,1.140925,1.140745,1.14075
1784755200,1.14075,1.140945,1.14075,1.14088
1784755500,1.14088,1.140885,1.14079,1.14086
1784755800,1.14086,1.140995,1.140795,1.140845
1784756100,1.140845,1.14089,1.1407,1.14077
1784756400,1.14078,1.140815,1.140735,1.140745
1784756700,1.140715,1.14087,1.1407,1.14081
1784757000,1.14081,1.14093,1.14079,1.140795
1784757300,1.14079,1.14095,1.14079,1.14094
1784757600,1.140945,1.140985,1.14075,1.14084
1784757900,1.14084,1.140925,1.14082,1.14082
1784758200,1.14082,1.14082,1.14072,1.140785
1784758500,1.14078,1.14083,1.14073,1.140755
1784758800,1.14076,1.1408,1.140745,1.14078
1784759100,1.14078,1.14081,1.140755,1.14077
1784759400,1.14077,1.140815,1.140755,1.140755
1784759700,1.140755,1.140765,1.140685,1.14069
1784760000,1.14069,1.14069,1.140605,1.14065
1784760300,1.14065,1.1407,1.140615,1.1407
1784760600,1.1407,1.14082,1.14066,1.14081
1784760900,1.14081,1.140835,1.14076,1.140815
1784761200,1.14082,1.14092,1.14082,1.140875
1784761500,1.140875,1.1409,1.14085,1.140865
1784761800,1.14087,1.140975,1.14082,1.140935
1784762100,1.140935,1.14103,1.14089,1.141005
1784762400,1.14101,1.141045,1.14096,1.14096
1784762700,1.14096,1.141015,1.14096,1.14101
1784763000,1.14101,1.141075,1.140995,1.141045
1784763300,1.141045,1.141065,1.14101,1.14101
1784763600,1.141015,1.14112,1.14098,1.1411
1784763900,1.141095,1.141135,1.141005,1.141095
1784764200,1.141095,1.141105,1.14104,1.141065
1784764500,1.141065,1.141175,1.141065,1.141155
1784764800,1.14116,1.14137,1.141145,1.14134
1784765100,1.141335,1.14134,1.14124,1.141265
1784765400,1.141265,1.141265,1.14111,1.14114
1784765700,1.14114,1.141185,1.14105,1.141115
1784766000,1.141115,1.141365,1.141095,1.14136
1784766300,1.14136,1.14141,1.14117,1.141195
1784766600,1.141185,1.14127,1.14118,1.141235
1784766900,1.14123,1.14133,1.14123,1.14129
1784767200,1.141295,1.14139,1.141255,1.14135
1784767500,1.141345,1.141445,1.14122,1.14125
1784767800,1.141255,1.141455,1.141175,1.141425
1784768100,1.14143,1.141765,1.14136,1.141725
1784768400,1.14173,1.14204,1.14173,1.14176
1784768700,1.141755,1.141875,1.141705,1.14185
1784769000,1.141845,1.141875,1.141715,1.141735
1784769300,1.14174,1.141815,1.14166,1.141735
1784769600,1.14173,1.141845,1.14168,1.14177
1784769900,1.14177,1.14187,1.14174,1.141765
1784770200,1.1418,1.142,1.14174,1.14198
1784770500,1.141985,1.14203,1.141725,1.141755
1784770800,1.14176,1.142,1.1417,1.141755
1784771100,1.141755,1.14177,1.1416,1.14169
1784771400,1.141685,1.141805,1.141615,1.14174
1784771700,1.141745,1.14176,1.14161,1.14163
1784772000,1.14163,1.141785,1.141615,1.14177
1784772300,1.141765,1.14187,1.14169,1.141805
1784772600,1.141805,1.14187,1.141735,1.141835
1784772900,1.14184,1.14188,1.14178,1.141865
1784773200,1.141865,1.142045,1.141835,1.142025
1784773500,1.14202,1.14204,1.14196,1.142035
1784773800,1.14203,1.142405,1.142025,1.14232
1784774100,1.142325,1.142475,1.142295,1.14242
1784774400,1.142415,1.142605,1.14241,1.14256
1784774700,1.14256,1.14277,1.142545,1.14264
1784775000,1.14264,1.14268,1.142575,1.14267
1784775300,1.142665,1.14283,1.142645,1.14276
1784775600,1.142775,1.14292,1.14266,1.14266
1784775900,1.14266,1.14269,1.14257,1.142675
1784776200,1.142675,1.142695,1.14235,1.14235
1784776500,1.142355,1.142685,1.142325,1.14268
1784776800,1.14268,1.14282,1.14266,1.142815
1784777100,1.142815,1.14289,1.14275,1.14286
1784777400,1.142855,1.142965,1.14278,1.14295
1784777700,1.142945,1.142995,1.142905,1.142945
1784778000,1.14295,1.143005,1.14293,1.14297
1784778300,1.142975,1.143055,1.142865,1.14297
1784778600,1.14297,1.143,1.142925,1.142985
1784778900,1.14298,1.143035,1.14289,1.14292
1784779200,1.142915,1.142975,1.14283,1.14292
1784779500,1.142925,1.143425,1.142865,1.14342
1784779800,1.143415,1.14356,1.143335,1.14339
1784780100,1.14339,1.143425,1.14307,1.143085
1784780400,1.143085,1.14326,1.143065,1.14325
1784780700,1.14325,1.143505,1.14324,1.14349
1784781000,1.14349,1.143575,1.14339,1.143475
1784781300,1.143475,1.14349,1.14335,1.143355
1784781600,1.14336,1.143375,1.14319,1.1432
1784781900,1.1432,1.143425,1.143185,1.14325
1784782200,1.143255,1.14328,1.143135,1.14318
1784782500,1.143175,1.14328,1.14298,1.143255
1784782800,1.14326,1.14351,1.14325,1.14336
1784783100,1.14337,1.143455,1.14331,1.14341
1784783400,1.14341,1.143455,1.14324,1.14324
1784783700,1.14324,1.14324,1.14299,1.14303
1784784000,1.14303,1.143095,1.14287,1.14296
1784784300,1.142955,1.143055,1.14292,1.143045
1784784600,1.14304,1.14306,1.142895,1.14298
1784784900,1.142985,1.1431,1.142895,1.14297
1784785200,1.14297,1.143015,1.1429,1.142995
1784785500,1.14299,1.143075,1.14298,1.14298
1784785800,1.14298,1.14299,1.142935,1.142945
1784786100,1.14294,1.14317,1.142925,1.14299
1784786400,1.14298,1.1433,1.142925,1.143075
1784786700,1.14307,1.14314,1.142835,1.14289
1784787000,1.142895,1.143165,1.14288,1.143145
1784787300,1.14314,1.14318,1.1429,1.142915
1784787600,1.14292,1.143005,1.142875,1.14296
1784787900,1.142955,1.14296,1.14278,1.14286
1784788200,1.142865,1.142865,1.142655,1.142695
1784788500,1.1427,1.142745,1.14253,1.14255
1784788800,1.142555,1.142725,1.14244,1.14265
1784789100,1.142645,1.142795,1.14261,1.14274
1784789400,1.142745,1.14276,1.14255,1.14259
1784789700,1.14259,1.142605,1.142375,1.14254
1784790000,1.14255,1.14266,1.142205,1.142205
1784790300,1.14221,1.142415,1.142205,1.142365
1784790600,1.142365,1.1427,1.1423,1.142695
1784790900,1.14269,1.14276,1.14257,1.1427
1784791200,1.142695,1.142715,1.14239,1.1424
1784791500,1.142415,1.142605,1.14238,1.14256
1784791800,1.142555,1.14275,1.142495,1.142665
1784792100,1.14267,1.142695,1.14251,1.14256
1784792400,1.14256,1.14261,1.142215,1.142255
1784792700,1.142255,1.142405,1.141965,1.14238
1784793000,1.142375,1.14256,1.1422,1.14226
1784793300,1.142255,1.14255,1.142185,1.14245
1784793600,1.14247,1.14251,1.14224,1.14225
1784793900,1.142245,1.142425,1.14214,1.142285
1784794200,1.142285,1.14234,1.14193,1.141945
1784794500,1.141945,1.14195,1.14168,1.14171
1784794800,1.14171,1.141905,1.14168,1.14171
1784795100,1.141715,1.141755,1.14159,1.14171
1784795400,1.14171,1.14171,1.141235,1.14124
1784795700,1.141245,1.14135,1.140975,1.141015
1784796000,1.14101,1.14106,1.140695,1.14092
1784796300,1.140915,1.141075,1.140855,1.14089
1784796600,1.140895,1.14117,1.14087,1.14116
1784796900,1.141155,1.1412,1.141045,1.14106
1784797200,1.141055,1.141495,1.141015,1.141495
1784797500,1.1415,1.141525,1.141275,1.141355
1784797800,1.14135,1.14142,1.141075,1.14108
1784798100,1.141085,1.141325,1.14107,1.141215
1784798400,1.14122,1.14127,1.14107,1.141165
1784798700,1.14117,1.14122,1.140975,1.14101
1784799000,1.141005,1.14113,1.14096,1.14108
1784799300,1.141075,1.141235,1.14105,1.141175
1784799600,1.14117,1.141445,1.141095,1.141415
1784799900,1.14142,1.14148,1.141185,1.14126
1784800200,1.141255,1.14138,1.14116,1.141375
1784800500,1.14138,1.14143,1.141225,1.1413
1784800800,1.141295,1.141335,1.141165,1.141205
1784801100,1.1412,1.14128,1.140955,1.141015
1784801400,1.14101,1.14107,1.140875,1.141015
1784801700,1.14102,1.141055,1.140755,1.14076
1784802000,1.14076,1.14083,1.140585,1.140695
1784802300,1.1407,1.14082,1.14069,1.14077
1784802600,1.140775,1.14101,1.140655,1.140765
1784802900,1.14077,1.140875,1.14066,1.14086
1784803200,1.14085,1.14086,1.14063,1.14068
1784803500,1.140685,1.140705,1.140365,1.14049
1784803800,1.140495,1.140775,1.140315,1.140765
1784804100,1.140755,1.140825,1.1404,1.140445
1784804400,1.14044,1.140455,1.140245,1.140395
1784804700,1.1404,1.14049,1.14025,1.140445
1784805000,1.14045,1.14067,1.140395,1.140575
1784805300,1.14058,1.1406,1.140225,1.14026
1784805600,1.140255,1.14026,1.139895,1.139945
1784805900,1.13995,1.14005,1.13972,1.1398
1784806200,1.139805,1.139865,1.13907,1.139165
1784806500,1.13916,1.13916,1.1386,1.13868
1784806800,1.138685,1.138775,1.138325,1.13873
1784807100,1.138735,1.139235,1.138735,1.13913
1784807400,1.139125,1.139635,1.13912,1.139245
1784807700,1.13924,1.13952,1.139155,1.13947
1784808000,1.13946,1.139495,1.139015,1.139165
1784808300,1.13917,1.13934,1.13906,1.139245
1784808600,1.13924,1.13953,1.13922,1.139485
1784808900,1.13947,1.13959,1.138585,1.138685
1784809200,1.13869,1.13869,1.1381,1.13825
1784809500,1.138255,1.13864,1.13812,1.13847
1784809800,1.138465,1.138575,1.13817,1.138455
1784810100,1.13845,1.138525,1.13799,1.1382
1784810400,1.138195,1.1382,1.13769,1.137835
1784810700,1.13784,1.13809,1.137555,1.138005
1784811000,1.138,1.138205,1.137765,1.1382
1784811300,1.138205,1.13859,1.13816,1.138515
1784811600,1.13852,1.138635,1.13796,1.13808
1784811900,1.138085,1.138155,1.13738,1.13745
1784812200,1.137455,1.13754,1.13679,1.13689
1784812500,1.13688,1.137315,1.136815,1.13721
1784812800,1.137215,1.1375,1.137195,1.13745
1784813100,1.137455,1.137885,1.13735,1.137825
1784813400,1.13783,1.13823,1.13774,1.13823
1784813700,1.138225,1.138565,1.13811,1.138215
1784814000,1.138215,1.138325,1.137845,1.137865
1784814300,1.13786,1.13794,1.1376,1.13794
1784814600,1.137945,1.137965,1.13763,1.137775
1784814900,1.13777,1.13791,1.137215,1.13725
1784815200,1.13726,1.13761,1.13694,1.136955
1784815500,1.13696,1.137305,1.136765,1.137005
1784815800,1.13701,1.137225,1.13684,1.13717
1784816100,1.137175,1.137265,1.13646,1.136555
1784816400,1.13655,1.13691,1.136395,1.1369
1784816700,1.136895,1.137055,1.13678,1.137045
1784817000,1.13704,1.13727,1.136895,1.13711
1784817300,1.137115,1.137365,1.13696,1.13728
1784817600,1.137275,1.13737,1.136745,1.136755
1784817900,1.13676,1.136965,1.13658,1.136605
1784818200,1.1366,1.136755,1.13645,1.136495
1784818500,1.13649,1.13716,1.136465,1.13715
1784818800,1.137155,1.13745,1.13705,1.13741
1784819100,1.137415,1.137545,1.13704,1.13708
1784819400,1.137085,1.137435,1.13703,1.137365
1784819700,1.13736,1.137565,1.13717,1.137195
1784820000,1.1372,1.13727,1.136805,1.137025
1784820300,1.13703,1.13735,1.13701,1.13714
1784820600,1.137145,1.137145,1.13667,1.13683
1784820900,1.136825,1.13741,1.13659,1.137345
1784821200,1.13735,1.137615,1.137295,1.137345
1784821500,1.137345,1.137365,1.137095,1.137295
1784821800,1.1373,1.13749,1.137125,1.13747
1784822100,1.137475,1.137555,1.13706,1.13728
1784822400,1.137285,1.137605,1.13725,1.13742
1784822700,1.13743,1.137495,1.137295,1.13735
1784823000,1.137345,1.13779,1.137345,1.13774
1784823300,1.137745,1.13785,1.137285,1.137385
1784823600,1.13739,1.137565,1.137365,1.13748
1784823900,1.13748,1.137835,1.137475,1.13783
1784824200,1.137835,1.137975,1.13774,1.137785
1784824500,1.13779,1.137845,1.13759,1.137695
1784824800,1.137695,1.137945,1.137585,1.137835
1784825100,1.13783,1.13794,1.137685,1.137905
1784825400,1.1379,1.138,1.13784,1.137865
1784825700,1.13787,1.138035,1.137865,1.138005
1784826000,1.13801,1.1381,1.13783,1.13794
1784826300,1.13794,1.138065,1.137685,1.13784
1784826600,1.137835,1.137835,1.137675,1.13769
1784826900,1.137685,1.137845,1.13762,1.137755
1784827200,1.13776,1.13785,1.13763,1.137685
1784827500,1.13769,1.13771,1.13755,1.137595
1784827800,1.13759,1.13763,1.13746,1.13755
1784828100,1.13754,1.13756,1.137405,1.13756
1784828400,1.13756,1.13757,1.137375,1.137395
1784828700,1.137395,1.13748,1.137315,1.13739
1784829000,1.13739,1.13752,1.13734,1.13745
1784829300,1.137445,1.13745,1.13712,1.13714
1784829600,1.137145,1.137295,1.13711,1.13725
1784829900,1.137235,1.13746,1.13723,1.137395
1784830200,1.13739,1.137515,1.137345,1.137415
1784830500,1.13741,1.13754,1.13728,1.13732
1784830800,1.137325,1.137365,1.13728,1.13731
1784831100,1.13731,1.137545,1.1373,1.13751
1784831400,1.137505,1.137635,1.137495,1.137565
1784831700,1.13757,1.137595,1.137455,1.13748
1784832000,1.13748,1.13749,1.137385,1.13745
1784832300,1.137455,1.13754,1.137405,1.13749
1784832600,1.137505,1.137515,1.137445,1.13746
1784832900,1.137465,1.13765,1.137425,1.13761
1784833200,1.137625,1.13782,1.137585,1.137645
1784833500,1.13765,1.137675,1.137535,1.13757
1784833800,1.137585,1.13763,1.137505,1.137515
1784834100,1.13751,1.13758,1.13741,1.13741
1784834400,1.137415,1.13748,1.137385,1.13746
1784834700,1.137465,1.1377,1.137445,1.1377
1784835000,1.137695,1.137995,1.137695,1.13774
1784835300,1.13774,1.13777,1.137685,1.13773
1784835600,1.137725,1.13774,1.137585,1.1376
1784835900,1.137605,1.13764,1.137505,1.13761
1784836200,1.137615,1.1378,1.137615,1.137785
1784836500,1.13779,1.137875,1.13771,1.137745
1784836800,1.13775,1.13795,1.137745,1.137915
1784837100,1.137915,1.13794,1.13786,1.13789
1784837400,1.137885,1.137895,1.13779,1.137815
1784837700,1.137815,1.137825,1.137715,1.137735
1784838000,1.13774,1.137795,1.137735,1.137785
1784838300,1.13778,1.137935,1.13777,1.13793
1784838600,1.137925,1.138,1.137745,1.137765
1784838900,1.137765,1.137765,1.137685,1.13772
1784839200,1.137725,1.1378,1.13769,1.137785
1784839500,1.13779,1.13784,1.13774,1.137755
1784839800,1.13775,1.137755,1.13767,1.137725
1784840100,1.137725,1.13778,1.13765,1.13768
1784840400,1.13755,1.13764,1.137505,1.13759
1784840700,1.137535,1.13767,1.1375,1.13765
1784841000,1.137665,1.13774,1.13762,1.13774
1784841300,1.13774,1.13774,1.13769,1.137705
1784841600,1.137705,1.13773,1.1377,1.13771
1784841900,1.13771,1.13775,1.137695,1.13775
1784842200,1.13773,1.137755,1.13768,1.137745
1784842500,1.137745,1.137755,1.137645,1.13765
1784842800,1.137645,1.13792,1.13761,1.13784
1784843100,1.13784,1.137995,1.137835,1.137885
1784843400,1.137885,1.137905,1.137875,1.13788
1784843700,1.13788,1.138035,1.137535,1.13768
1784844000,1.13764,1.13788,1.13764,1.1378
1784844300,1.1378,1.13791,1.137795,1.137845
1784844600,1.137825,1.137825,1.137785,1.137805
1784844900,1.137795,1.13781,1.13779,1.13779
1784845200,1.13779,1.13794,1.13779,1.137935
1784845500,1.137935,1.137935,1.137765,1.137785
1784845800,1.13779,1.137795,1.13771,1.137795
1784846100,1.137795,1.13783,1.137785,1.137795
1784846400,1.137795,1.13786,1.13779,1.13784
1784846700,1.137845,1.137895,1.137845,1.137885
1784847000,1.137885,1.13799,1.137885,1.13795
1784847300,1.13795,1.13799,1.13794,1.13796
1784847600,1.137965,1.137985,1.137885,1.13789
1784847900,1.137895,1.137905,1.13788,1.13789
1784848200,1.13789,1.137935,1.137875,1.13788
1784848500,1.137885,1.13791,1.137885,1.137895
1784848800,1.137895,1.137935,1.13789,1.1379
1784849100,1.1379,1.13792,1.137885,1.137885
1784849400,1.137885,1.137985,1.13788,1.13792
1784849700,1.13792,1.13793,1.137865,1.137875
1784850000,1.137875,1.137875,1.13763,1.13773
1784850300,1.13773,1.13789,1.137725,1.137765
1784850600,1.137775,1.13779,1.13758,1.137585
1784850900,1.137585,1.137725,1.137585,1.13765
1784851200,1.137645,1.13789,1.137515,1.13768
1784851500,1.137685,1.138035,1.137585,1.137965
1784851800,1.13796,1.138035,1.13786,1.137895
1784852100,1.1379,1.137945,1.13782,1.13789
1784852400,1.13789,1.138025,1.13784,1.137975
1784852700,1.13797,1.138005,1.137875,1.137965
1784853000,1.13797,1.137975,1.13784,1.13786
1784853300,1.137855,1.137915,1.13781,1.137815
1784853600,1.137815,1.137815,1.13771,1.13773
1784853900,1.13773,1.13781,1.137655,1.137775
1784854200,1.137775,1.137895,1.137735,1.13781
1784854500,1.13782,1.138425,1.137805,1.138425
1784854800,1.13843,1.13863,1.138355,1.138435
1784855100,1.138435,1.138435,1.13824,1.13832
1784855400,1.138325,1.13846,1.138295,1.13839
1784855700,1.13839,1.138545,1.138315,1.138525
1784856000,1.13852,1.1386,1.13845,1.138575
1784856300,1.13857,1.13857,1.13819,1.1382
1784856600,1.138195,1.138465,1.13818,1.13843
1784856900,1.138445,1.138595,1.13841,1.138465
1784857200,1.13847,1.13864,1.138465,1.13861
1784857500,1.138595,1.13873,1.138575,1.138715
1784857800,1.13871,1.13871,1.13854,1.13865
1784858100,1.138655,1.138655,1.138345,1.138395
1784858400,1.1384,1.13849,1.13833,1.13842
1784858700,1.138415,1.13844,1.13829,1.13835
1784859000,1.138345,1.13849,1.138305,1.138475
1784859300,1.13847,1.13851,1.138345,1.13842
1784859600,1.13842,1.138565,1.138385,1.1384
1784859900,1.13839,1.138495,1.13837,1.13844
1784860200,1.138435,1.13876,1.138425,1.138655
1784860500,1.13866,1.13866,1.1385,1.13851
1784860800,1.138515,1.13856,1.13845,1.13848
1784861100,1.138485,1.13851,1.13819,1.13821
1784861400,1.138215,1.138355,1.13818,1.13819
1784861700,1.138195,1.13829,1.13808,1.138085
1784862000,1.13809,1.13814,1.138015,1.138035
1784862300,1.13803,1.13808,1.13792,1.137925
1784862600,1.13794,1.13794,1.137785,1.137845
1784862900,1.13785,1.137945,1.13783,1.137835
1784863200,1.13784,1.137905,1.137785,1.137785
1784863500,1.13779,1.13795,1.137785,1.13789
1784863800,1.137895,1.13816,1.137885,1.13816
1784864100,1.138155,1.138245,1.138095,1.13813
1784864400,1.138135,1.138245,1.13813,1.138205
1784864700,1.13821,1.138215,1.13809,1.13811
1784865000,1.138115,1.13825,1.1381,1.138195
1784865300,1.13819,1.13825,1.13807,1.138235
1784865600,1.13824,1.13834,1.138215,1.138305
1784865900,1.138305,1.13834,1.138215,1.138325
1784866200,1.138325,1.138355,1.138225,1.13834
1784866500,1.138345,1.138395,1.138255,1.138295
1784866800,1.13829,1.1383,1.13813,1.138135
1784867100,1.138135,1.138135,1.13807,1.138075
1784867400,1.13808,1.13815,1.138,1.13804
1784867700,1.13804,1.138085,1.137985,1.13804
1784868000,1.138045,1.138045,1.13778,1.13778
1784868300,1.137785,1.137845,1.1377,1.13773
1784868600,1.13773,1.13779,1.13767,1.13773
1784868900,1.137735,1.137935,1.137735,1.13792
1784869200,1.137925,1.13798,1.13783,1.13795
1784869500,1.137955,1.138075,1.137945,1.138055
1784869800,1.13805,1.138125,1.13797,1.138035
1784870100,1.138035,1.13815,1.13803,1.13813
1784870400,1.13813,1.13824,1.138115,1.13817
1784870700,1.138165,1.13825,1.138155,1.138175
1784871000,1.13818,1.138345,1.13813,1.13823
1784871300,1.138225,1.13825,1.138115,1.13817
1784871600,1.138175,1.13824,1.138045,1.138095
1784871900,1.1381,1.13815,1.13802,1.138085
1784872200,1.13809,1.1381,1.137805,1.13784
1784872500,1.13786,1.13791,1.137655,1.13779
1784872800,1.137785,1.137965,1.13773,1.137795
1784873100,1.1378,1.13795,1.137765,1.13788
1784873400,1.137875,1.137995,1.13777,1.137995
1784873700,1.13799,1.13836,1.13799,1.138345
1784874000,1.13835,1.138555,1.13833,1.13854
1784874300,1.138545,1.13866,1.13847,1.13856
1784874600,1.138555,1.13865,1.138355,1.138625
1784874900,1.13863,1.13865,1.13852,1.13857
1784875200,1.13858,1.138605,1.138335,1.138385
1784875500,1.13838,1.138565,1.13837,1.138435
1784875800,1.13844,1.13856,1.138315,1.138345
1784876100,1.13834,1.1387,1.138315,1.13869
1784876400,1.138695,1.13894,1.138635,1.138845
1784876700,1.13884,1.139365,1.138825,1.139345
1784877000,1.13934,1.13959,1.13931,1.139385
1784877300,1.13939,1.13955,1.139025,1.13924
1784877600,1.13923,1.139655,1.13923,1.139655
1784877900,1.13965,1.13996,1.13964,1.139755
1784878200,1.13975,1.14012,1.139605,1.1397
1784878500,1.139705,1.13977,1.13912,1.139185
1784878800,1.13918,1.13935,1.13898,1.139285
1784879100,1.13928,1.139285,1.139035,1.139145
1784879400,1.13914,1.1392,1.138985,1.13918
1784879700,1.139185,1.139285,1.138925,1.13899
1784880000,1.138995,1.139055,1.138715,1.13873
1784880300,1.138735,1.13879,1.13859,1.13878
1784880600,1.13878,1.13891,1.138725,1.1388
1784880900,1.138795,1.13884,1.138475,1.138595
1784881200,1.13859,1.138655,1.138365,1.1385
1784881500,1.138495,1.1388,1.13844,1.138745
1784881800,1.13876,1.13878,1.138565,1.13858
1784882100,1.138585,1.138735,1.13847,1.13866
1784882400,1.138665,1.13875,1.138535,1.13859
1784882700,1.138585,1.13862,1.138155,1.138155
1784883000,1.13815,1.1384,1.13813,1.138365
1784883300,1.13837,1.13838,1.13818,1.138355
1784883600,1.13835,1.138505,1.13825,1.13829
1784883900,1.138285,1.13867,1.138265,1.138665
1784884200,1.13866,1.138665,1.13845,1.138525
1784884500,1.13852,1.13871,1.138375,1.13868
1784884800,1.13867,1.138695,1.13834,1.138465
1784885100,1.13846,1.13877,1.13844,1.138705
1784885400,1.138705,1.13874,1.13858,1.13862
1784885700,1.13861,1.1387,1.13846,1.1385
1784886000,1.138495,1.13869,1.138355,1.13861
1784886300,1.138615,1.13871,1.138535,1.138595
1784886600,1.13859,1.13874,1.138545,1.138695
1784886900,1.13869,1.138925,1.138645,1.138915
1784887200,1.13891,1.139075,1.138725,1.13901
1784887500,1.13901,1.13901,1.13877,1.138915
1784887800,1.13891,1.138985,1.13876,1.13881
1784888100,1.138805,1.13898,1.138755,1.13893
1784888400,1.138935,1.139165,1.13887,1.139155
1784888700,1.13916,1.139295,1.13899,1.139005
1784889000,1.139,1.13918,1.13896,1.139085
1784889300,1.139085,1.139145,1.138955,1.13896
1784889600,1.13896,1.13896,1.138695,1.13872
1784889900,1.13871,1.138805,1.13861,1.138665
1784890200,1.13867,1.13868,1.13822,1.13824
1784890500,1.138245,1.138425,1.138095,1.138305
1784890800,1.13831,1.1385,1.13815,1.13846
1784891100,1.138465,1.138555,1.138355,1.13854
1784891400,1.13854,1.138815,1.138505,1.138815
1784891700,1.13881,1.13882,1.13857,1.13858
1784892000,1.138585,1.13863,1.138465,1.138465
1784892300,1.138465,1.13853,1.13822,1.13822
1784892600,1.138225,1.138285,1.13813,1.138185
1784892900,1.138195,1.138215,1.13794,1.137965
1784893200,1.13797,1.13799,1.137835,1.13798
1784893500,1.13799,1.13811,1.1379,1.137985
1784893800,1.137985,1.13801,1.137565,1.137645
1784894100,1.13764,1.13764,1.13712,1.13747
1784894400,1.137475,1.137675,1.13718,1.13732
1784894700,1.13733,1.137795,1.137225,1.13772
1784895000,1.137715,1.13783,1.13758,1.137765
1784895300,1.13777,1.137795,1.13758,1.137685
1784895600,1.13768,1.13769,1.137475,1.13756
1784895900,1.13757,1.13758,1.137245,1.137405
1784896200,1.13741,1.13762,1.137025,1.13703
1784896500,1.137035,1.13728,1.137035,1.1372
1784896800,1.137195,1.137195,1.136745,1.136825
1784897100,1.136825,1.13716,1.13677,1.136885
1784897400,1.13688,1.13705,1.136775,1.13695
1784897700,1.136955,1.13706,1.13674,1.136975
1784898000,1.13698,1.13715,1.13671,1.1368
1784898300,1.136795,1.13685,1.136635,1.13669
1784898600,1.13669,1.13727,1.136485,1.137045
1784898900,1.13704,1.13727,1.13692,1.137215
1784899200,1.13721,1.13741,1.137035,1.13714
1784899500,1.13715,1.13721,1.136925,1.13706
1784899800,1.13705,1.137105,1.136775,1.13687
1784900100,1.136875,1.13726,1.136815,1.137255
1784900400,1.13726,1.13735,1.13717,1.137195
1784900700,1.13719,1.137205,1.13696,1.137005
1784901000,1.13701,1.13733,1.136875,1.137315
1784901300,1.13731,1.13768,1.137185,1.13767
1784901600,1.137675,1.137945,1.13761,1.13761
1784901900,1.137615,1.137665,1.137045,1.13736
1784902200,1.137355,1.13752,1.137135,1.137215
1784902500,1.13722,1.13748,1.1372,1.13729
1784902800,1.137285,1.13764,1.13727,1.137535
1784903100,1.13754,1.13784,1.137525,1.137545
1784903400,1.13755,1.13789,1.13747,1.13788
1784903700,1.137885,1.13791,1.137635,1.137655
1784904000,1.13765,1.137755,1.13758,1.137605
1784904300,1.137605,1.137885,1.137585,1.13784
1784904600,1.137845,1.137885,1.1375,1.13771
1784904900,1.137705,1.13809,1.13769,1.13782
1784905200,1.13783,1.138035,1.137705,1.13793
1784905500,1.137935,1.138345,1.13787,1.138295
1784905800,1.1383,1.13893,1.13829,1.13873
1784906100,1.13872,1.13908,1.138505,1.13858
1784906400,1.138585,1.138735,1.138515,1.138535
1784906700,1.13854,1.13869,1.138435,1.13847
1784907000,1.138475,1.13872,1.13837,1.13853
1784907300,1.138535,1.13892,1.13846,1.13889
1784907600,1.138895,1.13894,1.1384,1.138455
1784907900,1.13846,1.13864,1.13844,1.13853
1784908200,1.138535,1.13866,1.138435,1.138485
1784908500,1.138485,1.138555,1.138255,1.13846
1784908800,1.138455,1.138465,1.138165,1.13828
1784909100,1.13827,1.138535,1.13818,1.138435
1784909400,1.13843,1.1386,1.13839,1.138525
1784909700,1.13853,1.13865,1.138475,1.13854
1784910000,1.138535,1.138555,1.13828,1.138335
1784910300,1.13834,1.138345,1.13818,1.13833
1784910600,1.138335,1.13839,1.13814,1.13834
1784910900,1.138345,1.138385,1.138035,1.13805
1784911200,1.138055,1.13812,1.137955,1.13804
1784911500,1.138035,1.13805,1.13785,1.13794
1784911800,1.137935,1.137955,1.13785,1.137935
1784912100,1.137935,1.13807,1.13777,1.137775
1784912400,1.13777,1.137795,1.13764,1.137655
1784912700,1.13765,1.137675,1.13703,1.13723
1784913000,1.13723,1.13723,1.13703,1.13713
1784913300,1.13713,1.137245,1.13698,1.13698
1784913600,1.13698,1.13704,1.136865,1.136975
1784913900,1.13698,1.137195,1.136975,1.137185
1784914200,1.13718,1.13726,1.137095,1.137115
1784914500,1.13712,1.13714,1.13692,1.13696
1784914800,1.13696,1.136985,1.136835,1.13692
1784915100,1.136915,1.13694,1.136815,1.136845
1784915400,1.136845,1.136885,1.136755,1.13688
1784915700,1.136885,1.137035,1.136885,1.136955
1784916000,1.13696,1.13699,1.136785,1.136875
1784916300,1.13688,1.13703,1.13685,1.137025
1784916600,1.13703,1.13707,1.13695,1.13698
1784916900,1.13698,1.137125,1.13697,1.13698
1784917200,1.13698,1.136985,1.136785,1.13692
1784917500,1.13692,1.136985,1.13688,1.13692
1784917800,1.136925,1.136985,1.13676,1.13677
1784918100,1.136775,1.136935,1.13674,1.13687
1784918400,1.13687,1.13692,1.136775,1.13689
1784918700,1.13689,1.137075,1.136885,1.136955
1784919000,1.13696,1.13699,1.136925,1.136935
1784919300,1.136935,1.137025,1.13693,1.13699
1784919600,1.136995,1.137125,1.136975,1.13703
1784919900,1.137025,1.13708,1.136975,1.13703
1784920200,1.13703,1.137125,1.137,1.137035
1784920500,1.13704,1.137065,1.13698,1.13702
1784920800,1.13703,1.13708,1.13687,1.136895
1784921100,1.13689,1.136915,1.1368,1.13686
1784921400,1.136865,1.13701,1.13682,1.136915
1784921700,1.136915,1.137225,1.136895,1.13716
1784922000,1.13716,1.13722,1.13711,1.137125
1784922300,1.137135,1.13716,1.13703,1.1371
1784922600,1.137115,1.13713,1.13702,1.13706
1784922900,1.137065,1.137095,1.136995,1.137
1784923200,1.136995,1.13707,1.136995,1.13704
1784923500,1.137045,1.13705,1.136965,1.137005
1784923800,1.137,1.13701,1.13698,1.136985
1784924100,1.13699,1.136995,1.13689,1.13689
1784924400,1.136885,1.13692,1.136865,1.13691
1784924700,1.1369,1.13691,1.13681,1.13685
1784925000,1.136855,1.13686,1.136755,1.13676
1784925300,1.13676,1.136815,1.136755,1.136765
1784925600,1.136765,1.13692,1.136755,1.136875
1784925900,1.13687,1.137065,1.13686,1.13703
1784926200,1.137035,1.13712,1.136975,1.137005
1784926500,1.13702,1.137365,1.136555,1.136555
1785099600,1.136555,1.139695,1.136555,1.139545
1785099900,1.139545,1.13957,1.13917,1.139235
1785100200,1.139235,1.13938,1.139095,1.13938
1785100500,1.13938,1.13965,1.13938,1.13951
1785100800,1.13951,1.13958,1.139335,1.13954
1785101100,1.139565,1.139595,1.13931,1.13936
1785101400,1.13935,1.13946,1.13916,1.139295
1785101700,1.139295,1.13958,1.13911,1.139365
1785102000,1.13936,1.13951,1.13935,1.139365
1785102300,1.139355,1.1397,1.13929,1.139485
1785102600,1.139485,1.139555,1.13915,1.139335
1785102900,1.139335,1.139335,1.138945,1.13908
1785103200,1.13909,1.14,1.13898,1.139785
1785103500,1.139795,1.140005,1.139575,1.13959
1785103800,1.139585,1.139675,1.139215,1.13934
1785104100,1.13934,1.13939,1.13919,1.139345
1785104400,1.13935,1.13943,1.139125,1.139165
1785104700,1.13916,1.139205,1.13907,1.139175
1785105000,1.139175,1.13918,1.139065,1.13912
1785105300,1.13912,1.13917,1.139075,1.13912
1785105600,1.139125,1.13921,1.139075,1.139195
1785105900,1.139195,1.139195,1.13899,1.139025
1785106200,1.13903,1.139145,1.13903,1.139045
1785106500,1.13904,1.13904,1.138825,1.13893
1785106800,1.13893,1.139045,1.13891,1.138975
1785107100,1.13898,1.13912,1.13898,1.139075
1785107400,1.139075,1.139075,1.138905,1.13891
1785107700,1.138915,1.13901,1.13888,1.138905
1785108000,1.138905,1.138975,1.138855,1.138855
1785108300,1.13886,1.138955,1.138835,1.13891
1785108600,1.138915,1.139085,1.13891,1.13908
1785108900,1.13908,1.139185,1.13907,1.139125
1785109200,1.13912,1.13932,1.13912,1.139265
1785109500,1.139265,1.13932,1.139175,1.139265
1785109800,1.13926,1.139265,1.139135,1.139165
1785110100,1.13916,1.139525,1.139155,1.13946
1785110400,1.139465,1.139835,1.139465,1.139755
1785110700,1.13976,1.139865,1.139645,1.13984
1785111000,1.139835,1.140375,1.13981,1.140365
1785111300,1.14035,1.14045,1.140125,1.14038
1785111600,1.14038,1.14077,1.14028,1.140715
1785111900,1.140715,1.141245,1.14069,1.141095
1785112200,1.141105,1.141305,1.14099,1.141125
1785112500,1.141125,1.14114,1.140475,1.140525
1785112800,1.140525,1.140635,1.14042,1.14045
1785113100,1.140445,1.140535,1.14037,1.140405
1785113400,1.1404,1.14041,1.140055,1.140055
1785113700,1.140065,1.14023,1.140055,1.14017
1785114000,1.14018,1.140595,1.140175,1.140365
1785114300,1.140375,1.140725,1.140365,1.140615
1785114600,1.140615,1.140705,1.140535,1.140535
1785114900,1.140535,1.140685,1.140505,1.14063
1785115200,1.14063,1.140765,1.14048,1.14055
1785115500,1.140545,1.140615,1.140485,1.140615
1785115800,1.140625,1.140875,1.140625,1.14066
1785116100,1.140655,1.140655,1.14035,1.140455
1785116400,1.14045,1.140775,1.140445,1.140755
1785116700,1.14076,1.141015,1.14076,1.141005
1785117000,1.141015,1.14103,1.140785,1.14087
1785117300,1.14087,1.14144,1.14086,1.141435
1785117600,1.14144,1.14144,1.141175,1.1412
1785117900,1.141215,1.141305,1.141105,1.141125
1785118200,1.141125,1.141185,1.140985,1.14101
1785118500,1.141015,1.14107,1.14075,1.140815
1785118800,1.140815,1.140915,1.140775,1.140915
1785119100,1.140915,1.141095,1.140915,1.141025
1785119400,1.14103,1.14103,1.140805,1.140985
1785119700,1.140985,1.141065,1.14078,1.140785
1785120000,1.140795,1.140915,1.140785,1.14086
1785120300,1.14086,1.14089,1.140725,1.140775
1785120600,1.140775,1.140865,1.140715,1.140825
1785120900,1.140805,1.140805,1.140555,1.140555
1785121200,1.140555,1.140715,1.140455,1.140505
1785121500,1.140505,1.14057,1.140415,1.140445
1785121800,1.140445,1.14046,1.1403,1.140355
1785122100,1.140355,1.14047,1.140305,1.140415
1785122400,1.14042,1.14042,1.140305,1.140375
1785122700,1.14038,1.140465,1.140345,1.140365
1785123000,1.140365,1.140365,1.140125,1.14021
1785123300,1.14021,1.14031,1.140185,1.14028
1785123600,1.14028,1.140395,1.14025,1.14033
1785123900,1.14033,1.140415,1.14033,1.140375
1785124200,1.140375,1.14047,1.140365,1.140365
1785124500,1.140365,1.140425,1.140325,1.140365
1785124800,1.140365,1.140485,1.140315,1.140405
1785125100,1.140405,1.14045,1.140375,1.140375
1785125400,1.140375,1.140455,1.140315,1.140455
1785125700,1.14046,1.14052,1.140385,1.140505
1785126000,1.140505,1.140505,1.14032,1.14032
1785126300,1.140325,1.14035,1.140255,1.140315
1785126600,1.140315,1.140365,1.140305,1.140355
1785126900,1.140355,1.140365,1.140305,1.140355
1785127200,1.14035,1.140485,1.14031,1.14033
1785127500,1.140335,1.140365,1.140305,1.140315
1785127800,1.140315,1.14032,1.14021,1.140255
1785128100,1.14025,1.14044,1.14023,1.140355
1785128400,1.14036,1.140375,1.14026,1.14032
1785128700,1.140315,1.140475,1.140275,1.140455
1785129000,1.140455,1.14071,1.140415,1.140705
1785129300,1.1407,1.14077,1.140645,1.14069
1785129600,1.14069,1.1407,1.140545,1.140545
1785129900,1.14054,1.140625,1.14046,1.14061
1785130200,1.140615,1.140685,1.14036,1.140425
1785130500,1.14042,1.140525,1.140375,1.140465
1785130800,1.140465,1.140525,1.14041,1.14047
1785131100,1.14047,1.140555,1.14037,1.140485
1785131400,1.14048,1.14072,1.14047,1.140695
1785131700,1.140695,1.14073,1.14058,1.14063
1785132000,1.14062,1.14112,1.14056,1.141065
1785132300,1.14106,1.14108,1.14087,1.14102
1785132600,1.141025,1.141385,1.141025,1.14121
1785132900,1.141225,1.14127,1.14085,1.14086
1785133200,1.140865,1.141095,1.140735,1.14109
1785133500,1.141085,1.141345,1.14105,1.141295
1785133800,1.141295,1.141325,1.14095,1.141235
1785134100,1.14123,1.1415,1.14106,1.14149
1785134400,1.141485,1.14184,1.141375,1.14152
1785134700,1.14152,1.14152,1.14106,1.141075
1785135000,1.141075,1.1411,1.14088,1.140895
1785135300,1.14089,1.140995,1.140715,1.14081
1785135600,1.140805,1.140975,1.140465,1.14064
1785135900,1.140635,1.140785,1.14056,1.140615
1785136200,1.140615,1.140985,1.14049,1.14098
1785136500,1.140985,1.141,1.140575,1.14071
1785136800,1.140705,1.14097,1.14057,1.14073
1785137100,1.140725,1.140885,1.140615,1.140715
1785137400,1.14071,1.14071,1.14035,1.14053
1785137700,1.140535,1.1407,1.140255,1.140315
1785138000,1.14031,1.140485,1.140125,1.14026
1785138300,1.140265,1.140305,1.140055,1.14008
1785138600,1.140085,1.140235,1.139975,1.140215
1785138900,1.14022,1.140265,1.139615,1.13964
1785139200,1.13963,1.139855,1.1396,1.139665
1785139500,1.13966,1.13995,1.139565,1.139585
1785139800,1.13959,1.139765,1.13953,1.13964
1785140100,1.139635,1.139735,1.139515,1.13968
1785140400,1.139685,1.13973,1.139465,1.139655
1785140700,1.13965,1.139685,1.139485,1.139545
1785141000,1.139555,1.139685,1.13955,1.13959
1785141300,1.13959,1.139945,1.13959,1.139845
1785141600,1.13985,1.140145,1.13983,1.139885
1785141900,1.139885,1.14,1.13975,1.139755
1785142200,1.13976,1.140205,1.13966,1.14019
1785142500,1.14018,1.14033,1.140175,1.140225
1785142800,1.14022,1.14034,1.140115,1.1403
1785143100,1.140295,1.140335,1.14008,1.14009
1785143400,1.140085,1.140095,1.13977,1.1398
1785143700,1.139795,1.13989,1.139665,1.139795
1785144000,1.139795,1.13991,1.139725,1.13982
1785144300,1.139815,1.139955,1.139525,1.13953
1785144600,1.139525,1.1398,1.13946,1.13971
1785144900,1.13971,1.13984,1.139655,1.139835
1785145200,1.139835,1.139845,1.139685,1.13973
1785145500,1.13973,1.13987,1.13967,1.13971
1785145800,1.139715,1.139785,1.13958,1.139725
1785146100,1.13973,1.13983,1.1396,1.13964
1785146400,1.139635,1.140135,1.13957,1.1401
1785146700,1.140105,1.140125,1.13979,1.139795
1785147000,1.13979,1.13984,1.13934,1.13953
1785147300,1.13952,1.13988,1.13952,1.139765
1785147600,1.13977,1.139995,1.13965,1.13988
1785147900,1.139875,1.13993,1.139715,1.13976
1785148200,1.139755,1.13994,1.13974,1.139835
1785148500,1.139835,1.13987,1.13967,1.13972
1785148800,1.13972,1.140145,1.139705,1.14006
1785149100,1.14006,1.14006,1.139805,1.13993
1785149400,1.13993,1.139935,1.139725,1.139925
1785149700,1.13993,1.140015,1.13945,1.13953
1785150000,1.139535,1.139595,1.13936,1.139395
1785150300,1.13939,1.13939,1.139145,1.13927
1785150600,1.139265,1.139315,1.139155,1.13917
1785150900,1.139175,1.13944,1.13913,1.139335
1785151200,1.13933,1.139375,1.13918,1.13918
1785151500,1.13918,1.13943,1.13912,1.13913
1785151800,1.139135,1.13951,1.13909,1.13931
1785152100,1.13932,1.13953,1.13922,1.13928
1785152400,1.13928,1.139535,1.13916,1.13917
1785152700,1.13917,1.13924,1.138855,1.13896
1785153000,1.138955,1.13899,1.138765,1.13882
1785153300,1.138825,1.138825,1.138515,1.13866
1785153600,1.138665,1.13899,1.13866,1.138935
1785153900,1.13893,1.13904,1.13886,1.13893
1785154200,1.13892,1.13892,1.13836,1.138415
1785154500,1.13842,1.138635,1.138415,1.13854
1785154800,1.138535,1.13858,1.13837,1.13837
1785155100,1.138375,1.1385,1.13833,1.13834
1785155400,1.138335,1.138385,1.138105,1.13832
1785155700,1.13833,1.13835,1.137755,1.13782
1785156000,1.137815,1.138095,1.13763,1.13805
1785156300,1.13806,1.138295,1.13799,1.13807
1785156600,1.138065,1.138435,1.13802,1.138325
1785156900,1.13833,1.13856,1.138305,1.13833
1785157200,1.138335,1.13837,1.13793,1.137985
1785157500,1.13798,1.13856,1.13792,1.13855
1785157800,1.138555,1.138655,1.13837,1.13837
1785158100,1.13838,1.13839,1.138125,1.13815
1785158400,1.138145,1.13823,1.137965,1.137965
1785158700,1.13797,1.138035,1.137735,1.13794
1785159000,1.13795,1.138345,1.13787,1.138005
1785159300,1.13801,1.138155,1.137885,1.13804
1785159600,1.138035,1.138165,1.137895,1.138055
1785159900,1.13805,1.13813,1.137845,1.137995
1785160200,1.13799,1.138065,1.137625,1.13763
1785160500,1.137625,1.137645,1.13724,1.13742
1785160800,1.137425,1.1376,1.137105,1.13747
1785161100,1.137475,1.137685,1.13746,1.13749
1785161400,1.137485,1.13762,1.137405,1.137605
1785161700,1.13761,1.13762,1.13727,1.13737
1785162000,1.13737,1.13743,1.137275,1.137415
1785162300,1.13741,1.13743,1.137045,1.137045
1785162600,1.13704,1.137235,1.13697,1.137065
1785162900,1.13706,1.137365,1.136975,1.13733
1785163200,1.137325,1.13745,1.137015,1.137125
1785163500,1.13713,1.137505,1.13713,1.137335
1785163800,1.13734,1.137445,1.136925,1.136975
1785164100,1.13698,1.13729,1.1369,1.13724
1785164400,1.137235,1.137335,1.13706,1.137295
1785164700,1.1373,1.13733,1.137035,1.137045
1785165000,1.137045,1.13714,1.13684,1.13714
1785165300,1.137135,1.137365,1.13711,1.137325
1785165600,1.13732,1.13758,1.13731,1.137515
1785165900,1.137515,1.13767,1.13738,1.137625
1785166200,1.13762,1.137635,1.13736,1.13741
1785166500,1.137415,1.137645,1.13738,1.13754
1785166800,1.137535,1.13761,1.13743,1.137535
1785167100,1.13753,1.13754,1.137345,1.13742
1785167400,1.137415,1.137775,1.137415,1.13763
1785167700,1.137625,1.137825,1.137505,1.13751
1785168000,1.137505,1.137715,1.13736,1.137635
1785168300,1.137635,1.13769,1.137505,1.13763
1785168600,1.137625,1.13775,1.13756,1.13763
1785168900,1.137635,1.13807,1.13762,1.13802
1785169200,1.13802,1.138225,1.138015,1.13815
1785169500,1.138155,1.13839,1.138105,1.13824
1785169800,1.138245,1.13847,1.13818,1.13846
1785170100,1.138465,1.138515,1.13833,1.13841
1785170400,1.138405,1.138485,1.138235,1.13827
1785170700,1.13827,1.138275,1.13802,1.138025
1785171000,1.138025,1.1381,1.137965,1.13801
1785171300,1.138015,1.13802,1.137865,1.137975
1785171600,1.13797,1.13797,1.137255,1.137335
1785171900,1.13733,1.13759,1.137235,1.137435
1785172200,1.13743,1.13757,1.13734,1.137345
1785172500,1.13735,1.137365,1.13713,1.13717
1785172800,1.13717,1.137235,1.13705,1.13707
1785173100,1.13707,1.13712,1.13695,1.137015
1785173400,1.13702,1.137285,1.13692,1.137175
1785173700,1.137175,1.137185,1.136955,1.13696
1785174000,1.136955,1.137015,1.136875,1.136935
1785174300,1.136935,1.137015,1.136875,1.137005
1785174600,1.137,1.137225,1.136995,1.137225
1785174900,1.137225,1.13728,1.137155,1.13723
1785175200,1.13723,1.1373,1.13712,1.137275
1785175500,1.13728,1.13737,1.13725,1.13731
1785175800,1.13731,1.13734,1.137225,1.137285
1785176100,1.137285,1.13729,1.13713,1.137175
1785176400,1.13717,1.13717,1.13697,1.13703
1785176700,1.137025,1.13706,1.13692,1.137045
1785177000,1.13705,1.13715,1.13695,1.13696
1785177300,1.136955,1.137045,1.136895,1.136895
1785177600,1.136895,1.13729,1.136825,1.13698
1785177900,1.13698,1.13704,1.136825,1.136835
1785178200,1.13683,1.13693,1.13678,1.13691
1785178500,1.1369,1.136995,1.13674,1.136845
1785178800,1.13684,1.137005,1.136785,1.136795
1785179100,1.13679,1.136895,1.13678,1.136835
1785179400,1.136835,1.13694,1.13673,1.13678
1785179700,1.13677,1.13685,1.13673,1.13681
1785180000,1.136815,1.13695,1.136815,1.13692
1785180300,1.136915,1.137055,1.136895,1.137055
1785180600,1.13705,1.1372,1.137035,1.137125
1785180900,1.13713,1.13729,1.137095,1.13729
1785181200,1.137285,1.13734,1.13715,1.13724
1785181500,1.13724,1.137295,1.13703,1.13704
1785181800,1.137045,1.137115,1.13704,1.13707
1785182100,1.137065,1.137105,1.136985,1.137
1785182400,1.136995,1.137145,1.13698,1.137065
1785182700,1.137065,1.137125,1.13702,1.13712
1785183000,1.137125,1.137215,1.1371,1.1372
1785183300,1.1372,1.13722,1.13709,1.13709
1785183600,1.13709,1.1371,1.13703,1.13709
1785183900,1.137085,1.137145,1.13706,1.137065
1785184200,1.13706,1.13706,1.136795,1.136825
1785184500,1.13682,1.136835,1.13678,1.136805
1785184800,1.13681,1.136835,1.1367,1.136735
1785185100,1.136725,1.13675,1.13671,1.13674
1785185400,1.13675,1.136805,1.13674,1.136785
1785185700,1.13678,1.136875,1.136735,1.136875
1785186000,1.136775,1.13736,1.136775,1.136905
1785186300,1.136895,1.13735,1.13687,1.137225
1785186600,1.137225,1.137325,1.13712,1.13725
1785186900,1.137205,1.13735,1.1372,1.137295
1785187200,1.137295,1.13744,1.137215,1.137295
1785187500,1.137295,1.137345,1.13724,1.13732
1785187800,1.13729,1.13729,1.137095,1.13716
1785188100,1.13716,1.137245,1.13705,1.13709
1785188400,1.13708,1.13733,1.137055,1.13727
1785188700,1.137265,1.137305,1.13715,1.137235
1785189000,1.13724,1.137265,1.13717,1.13718
1785189300,1.13718,1.137335,1.13718,1.13726
1785189600,1.137255,1.1373,1.136955,1.137095
1785189900,1.1371,1.137205,1.137045,1.137065
1785190200,1.137065,1.137065,1.136895,1.137
1785190500,1.137,1.137125,1.136975,1.13709
1785190800,1.137095,1.1371,1.136925,1.136935
1785191100,1.13694,1.13696,1.136935,1.13694
1785191400,1.13694,1.13697,1.13693,1.13696
1785191700,1.136965,1.137045,1.13696,1.13699
1785192000,1.13699,1.136995,1.13693,1.13693
1785192300,1.136935,1.136945,1.136915,1.13693
1785192600,1.136925,1.136945,1.136915,1.136935
1785192900,1.136935,1.136935,1.13689,1.136935
1785193200,1.136935,1.13695,1.136835,1.13694
1785193500,1.136945,1.13705,1.136945,1.13705
1785193800,1.13705,1.13705,1.13697,1.136985
1785194100,1.136985,1.137045,1.136985,1.13703
1785194400,1.13703,1.137035,1.13697,1.13699
1785194700,1.13699,1.137045,1.13699,1.137045
1785195000,1.137045,1.137045,1.136945,1.13699
1785195300,1.13697,1.136985,1.136885,1.13691
1785195600,1.13691,1.13699,1.13691,1.13697
1785195900,1.136975,1.13702,1.13678,1.13683
1785196200,1.136835,1.13689,1.136795,1.136805
1785196500,1.136805,1.13694,1.1368,1.13692
1785196800,1.136925,1.136935,1.13673,1.13673
1785197100,1.13673,1.13689,1.13667,1.136885
1785197400,1.136885,1.136895,1.136835,1.136845
1785197700,1.13684,1.13706,1.136805,1.13704
1785198000,1.137045,1.13715,1.137045,1.137105
1785198300,1.137105,1.137295,1.137105,1.137215
1785198600,1.13722,1.13733,1.13719,1.13723
1785198900,1.13723,1.137375,1.137185,1.137315
1785199200,1.13732,1.137325,1.13717,1.137235
1785199500,1.13723,1.137305,1.13718,1.137265
1785199800,1.137265,1.137265,1.13702,1.137055
1785200100,1.13705,1.13746,1.137,1.137435
1785200400,1.13744,1.13773,1.13742,1.137535
1785200700,1.13753,1.137715,1.13753,1.137715
1785201000,1.13771,1.13771,1.137485,1.137535
1785201300,1.13753,1.137545,1.137375,1.137465
1785201600,1.13747,1.137575,1.137465,1.13754
1785201900,1.13754,1.137575,1.13744,1.13753
1785202200,1.137535,1.137595,1.137465,1.137515
1785202500,1.13752,1.137565,1.137435,1.137465
1785202800,1.13746,1.13749,1.1373,1.13734
1785203100,1.13734,1.137415,1.137245,1.13725
1785203400,1.137245,1.13728,1.137055,1.13721
1785203700,1.137225,1.137335,1.13721,1.13731
1785204000,1.137315,1.13735,1.13719,1.137265
1785204300,1.13727,1.137465,1.137265,1.137445
1785204600,1.13744,1.137465,1.137355,1.137405
1785204900,1.137405,1.13743,1.137345,1.13742
1785205200,1.137425,1.13753,1.137375,1.137455
1785205500,1.13745,1.13745,1.13718,1.13718
1785205800,1.137175,1.137275,1.13711,1.13718
1785206100,1.13718,1.13724,1.137165,1.13721
1785206400,1.137205,1.137325,1.137185,1.13732
1785206700,1.13732,1.137465,1.137265,1.13746
1785207000,1.13746,1.13787,1.137455,1.137835
1785207300,1.13784,1.13787,1.1377,1.13771
1785207600,1.137715,1.137775,1.13765,1.13771
1785207900,1.13771,1.13774,1.137605,1.137625
1785208200,1.13762,1.13762,1.1375,1.137565
1785208500,1.137565,1.137745,1.137535,1.137695
1785208800,1.137695,1.13779,1.137665,1.137785
1785209100,1.137785,1.1378,1.13775,1.137765
1785209400,1.13777,1.138025,1.13777,1.13799
1785209700,1.13799,1.13799,1.137635,1.13772
1785210000,1.137715,1.137735,1.13757,1.13762
1785210300,1.137615,1.13762,1.13752,1.13754
1785210600,1.13754,1.13755,1.13743,1.137495
1785210900,1.1375,1.1375,1.137385,1.13746
1785211200,1.137455,1.13746,1.13711,1.137185
1785211500,1.13719,1.13725,1.13712,1.13718
1785211800,1.137185,1.137225,1.13706,1.13707
1785212100,1.13707,1.1372,1.13701,1.137175
1785212400,1.13718,1.137185,1.137025,1.137085
1785212700,1.13708,1.13709,1.13697,1.13708
1785213000,1.137085,1.137115,1.137,1.13709
1785213300,1.13709,1.137115,1.13701,1.13704
1785213600,1.13704,1.137095,1.137015,1.137095
1785213900,1.137095,1.13715,1.137025,1.137045
1785214200,1.13705,1.137095,1.13683,1.136835
1785214500,1.13684,1.13689,1.136805,1.13686
1785214800,1.136865,1.13689,1.13672,1.1368
1785215100,1.136805,1.13681,1.136355,1.136415
1785215400,1.13641,1.13641,1.136175,1.13623
1785215700,1.136225,1.13634,1.136175,1.13627
1785216000,1.13627,1.136345,1.13619,1.136235
1785216300,1.13624,1.13653,1.13623,1.13652
1785216600,1.136535,1.13663,1.13649,1.136495
1785216900,1.136485,1.13655,1.136315,1.136415
1785217200,1.13641,1.136635,1.13632,1.136545
1785217500,1.13654,1.1366,1.13641,1.13641
1785217800,1.136415,1.13654,1.13641,1.1365
1785218100,1.136495,1.13665,1.13648,1.13659
1785218400,1.136595,1.136805,1.136535,1.136685
1785218700,1.13668,1.136705,1.136495,1.13659
1785219000,1.136595,1.136795,1.136555,1.136685
1785219300,1.136685,1.13683,1.13668,1.136735
1785219600,1.136735,1.1369,1.136675,1.1369
1785219900,1.13691,1.137115,1.13685,1.13708
1785220200,1.137085,1.137295,1.137025,1.137075
1785220500,1.13707,1.13713,1.136985,1.13704
1785220800,1.137045,1.137165,1.13689,1.13697
1785221100,1.13697,1.136975,1.136805,1.13683
1785221400,1.136835,1.13715,1.136825,1.13714
1785221700,1.13714,1.137155,1.13673,1.13687
1785222000,1.13686,1.13694,1.1367,1.136785
1785222300,1.136785,1.137255,1.1367,1.13719
1785222600,1.137195,1.137355,1.13709,1.13731
1785222900,1.13731,1.13736,1.13717,1.137185
1785223200,1.13718,1.137285,1.136995,1.136995
1785223500,1.137,1.13715,1.13694,1.136995
1785223800,1.136995,1.137095,1.136965,1.13705
1785224100,1.137055,1.1372,1.13696,1.13708
1785224400,1.13708,1.13713,1.13685,1.13691
1785224700,1.13691,1.136925,1.136625,1.13666
1785225000,1.136655,1.136655,1.136325,1.13651
1785225300,1.136515,1.13664,1.136455,1.13649
1785225600,1.136495,1.136835,1.136475,1.13679
1785225900,1.136795,1.137045,1.13675,1.13694
1785226200,1.136945,1.136965,1.13666,1.13681
1785226500,1.13681,1.13708,1.13681,1.136935
1785226800,1.13693,1.13723,1.13692,1.137135
1785227100,1.13713,1.137135,1.13681,1.137005
1785227400,1.13701,1.137045,1.136825,1.136955
1785227700,1.136955,1.137155,1.13694,1.137
1785228000,1.136995,1.137145,1.13694,1.13712
1785228300,1.137125,1.137255,1.137015,1.137215
1785228600,1.13722,1.13727,1.137055,1.13711
1785228900,1.13711,1.13727,1.137085,1.137255
1785229200,1.13726,1.13731,1.137125,1.13714
1785229500,1.137135,1.137185,1.13677,1.13685
1785229800,1.136855,1.136855,1.13664,1.13669
1785230100,1.13669,1.136805,1.136685,1.136745
1785230400,1.13675,1.136805,1.13662,1.136695
1785230700,1.1367,1.136725,1.136585,1.136595
1785231000,1.13659,1.13659,1.136345,1.13645
1785231300,1.136455,1.136495,1.136365,1.13644
1785231600,1.13644,1.13652,1.136235,1.13624
1785231900,1.13624,1.136265,1.13602,1.136105
1785232200,1.13611,1.13613,1.135825,1.135945
1785232500,1.13594,1.13596,1.1356,1.135645
1785232800,1.13564,1.13568,1.13553,1.135595
1785233100,1.1356,1.135605,1.135425,1.13543
1785233400,1.13543,1.135745,1.135335,1.135675
1785233700,1.13568,1.135705,1.13548,1.135535
1785234000,1.135545,1.135755,1.13548,1.13571
1785234300,1.13572,1.13577,1.13564,1.13564
1785234600,1.135635,1.13602,1.13561,1.136005
1785234900,1.136,1.136115,1.13579,1.13608
1785235200,1.136085,1.136105,1.13573,1.135735
1785235500,1.13573,1.13597,1.13573,1.13589
1785235800,1.13589,1.13621,1.135855,1.13619
1785236100,1.1362,1.13631,1.13603,1.136075
1785236400,1.13608,1.13612,1.135905,1.135975
1785236700,1.13597,1.136025,1.13572,1.13574
1785237000,1.135745,1.1359,1.135675,1.13584
1785237300,1.135835,1.136255,1.135835,1.13619
1785237600,1.136185,1.136455,1.136175,1.13644
1785237900,1.136445,1.13659,1.13636,1.13655
1785238200,1.136545,1.136555,1.13633,1.136405
1785238500,1.1364,1.13668,1.1364,1.13662
1785238800,1.136615,1.136655,1.13633,1.13635
1785239100,1.13636,1.13642,1.13618,1.136185
1785239400,1.13618,1.1365,1.136115,1.136425
1785239700,1.13643,1.13679,1.13639,1.13653
1785240000,1.136525,1.13661,1.13618,1.136375
1785240300,1.13638,1.13676,1.13637,1.13668
1785240600,1.136675,1.13668,1.13639,1.13652
1785240900,1.136525,1.136635,1.13643,1.136515
1785241200,1.13651,1.13659,1.136365,1.13638
1785241500,1.13638,1.13639,1.136235,1.13628
1785241800,1.13628,1.136325,1.136085,1.13627
1785242100,1.136265,1.13642,1.13615,1.13628
1785242400,1.136275,1.136515,1.136185,1.136465
1785242700,1.136465,1.136745,1.136455,1.13674
1785243000,1.136745,1.136855,1.13649,1.136545
1785243300,1.136545,1.136745,1.136545,1.13659
1785243600,1.13659,1.136905,1.136585,1.13678
1785243900,1.13678,1.136975,1.136735,1.13696
1785244200,1.136955,1.13707,1.136675,1.13669
1785244500,1.1367,1.13686,1.13662,1.136845
1785244800,1.13684,1.13707,1.136785,1.13684
1785245100,1.136845,1.13686,1.136695,1.13674
1785245400,1.136735,1.13705,1.13672,1.136925
1785245700,1.13693,1.13704,1.13674,1.136855
1785246000,1.13685,1.13708,1.136835,1.136935
1785246300,1.13694,1.137415,1.136825,1.137305
1785246600,1.13731,1.1374,1.137155,1.137285
1785246900,1.13728,1.137285,1.13703,1.137255
1785247200,1.137245,1.13743,1.13711,1.13741
1785247500,1.137405,1.137565,1.137175,1.13747
1785247800,1.13748,1.137595,1.13733,1.137395
1785248100,1.1374,1.1374,1.137155,1.13723
1785248400,1.137225,1.13748,1.137225,1.137445
1785248700,1.13744,1.13783,1.13744,1.13781
1785249000,1.137805,1.137905,1.137685,1.137695
1785249300,1.1377,1.13777,1.13759,1.13771
1785249600,1.13771,1.13799,1.137705,1.1379
1785249900,1.137895,1.1379,1.137615,1.13776
1785250200,1.137755,1.13833,1.137725,1.138295
1785250500,1.13829,1.13865,1.138265,1.138575
1785250800,1.13857,1.13873,1.138405,1.13844
1785251100,1.138435,1.13882,1.138395,1.138745
1785251400,1.13874,1.1396,1.138685,1.13944
1785251700,1.139445,1.139585,1.13927,1.139585
1785252000,1.13958,1.139935,1.139475,1.13949
1785252300,1.139495,1.139815,1.139415,1.139595
1785252600,1.13959,1.139825,1.13942,1.13969
1785252900,1.139695,1.139845,1.1395,1.139575
1785253200,1.13959,1.140215,1.139575,1.140145
1785253500,1.140145,1.14015,1.13988,1.13992
1785253800,1.139925,1.140015,1.139635,1.13993
1785254100,1.139935,1.140065,1.13986,1.14004
1785254400,1.140045,1.14025,1.14,1.14008
1785254700,1.140085,1.14019,1.13988,1.140175
1785255000,1.14018,1.14033,1.140005,1.140225
1785255300,1.14023,1.1404,1.140225,1.140345
1785255600,1.140345,1.14041,1.14016,1.140345
1785255900,1.14034,1.14053,1.14034,1.1405
1785256200,1.140495,1.140505,1.14023,1.14041
1785256500,1.14041,1.140445,1.14021,1.14022
1785256800,1.14022,1.14022,1.14002,1.14003
1785257100,1.140035,1.140085,1.13972,1.13972
1785257400,1.13972,1.13988,1.139715,1.1398
1785257700,1.139795,1.13984,1.13957,1.13959
1785258000,1.139595,1.139735,1.13954,1.13968
1785258300,1.13968,1.139745,1.139505,1.13952
1785258600,1.139515,1.13952,1.139345,1.139405
1785258900,1.13941,1.139515,1.13937,1.139435
1785259200,1.139435,1.13979,1.13932,1.13933
1785259500,1.13934,1.139425,1.13929,1.139305
1785259800,1.139305,1.139415,1.139235,1.1394
1785260100,1.1394,1.1394,1.139225,1.139345
1785260400,1.139345,1.139345,1.13917,1.1392
1785260700,1.1392,1.13924,1.139055,1.13913
1785261000,1.139125,1.13913,1.13901,1.139075
1785261300,1.13908,1.139115,1.13883,1.13892
1785261600,1.138925,1.13908,1.138865,1.13891
1785261900,1.13891,1.138985,1.13885,1.138965
1785262200,1.138975,1.13901,1.138785,1.13893
1785262500,1.13893,1.139155,1.138925,1.13909
1785262800,1.139085,1.13909,1.13888,1.13888
1785263100,1.13888,1.138885,1.138725,1.138785
1785263400,1.13878,1.13886,1.13876,1.13877
1785263700,1.13877,1.138915,1.138765,1.13884
1785264000,1.138835,1.138885,1.1388,1.13883
1785264300,1.13883,1.13883,1.13862,1.13869
1785264600,1.138695,1.13878,1.13867,1.13868
1785264900,1.13868,1.138765,1.13863,1.13867
1785265200,1.138675,1.13884,1.138625,1.13884
1785265500,1.13884,1.139045,1.13884,1.13894
1785265800,1.13894,1.13896,1.13877,1.13882
1785266100,1.13882,1.138995,1.138795,1.138995
1785266400,1.138995,1.13908,1.138965,1.138995
1785266700,1.13899,1.139045,1.13889,1.1389
1785267000,1.1389,1.13906,1.13887,1.139005
1785267300,1.13901,1.13901,1.13889,1.138955
1785267600,1.138955,1.139015,1.13892,1.13901
1785267900,1.139005,1.1392,1.139005,1.139165
1785268200,1.139165,1.139165,1.139005,1.139115
1785268500,1.13912,1.13912,1.138725,1.138735
1785268800,1.13873,1.13885,1.13869,1.138765
1785269100,1.13877,1.13877,1.138685,1.13877
1785269400,1.13877,1.138855,1.13877,1.13885
1785269700,1.13885,1.13892,1.138785,1.138785
1785270000,1.138785,1.13881,1.13872,1.13875
1785270300,1.13875,1.13876,1.13855,1.138645
1785270600,1.138645,1.138665,1.13856,1.138665
1785270900,1.138665,1.138725,1.13856,1.1386
1785271200,1.1386,1.138745,1.13855,1.138745
1785271500,1.138735,1.13874,1.13866,1.138685
1785271800,1.13869,1.13878,1.138655,1.138685
1785272100,1.13869,1.13869,1.138595,1.13867
1785272400,1.139,1.139055,1.13886,1.138985
1785272700,1.138985,1.13914,1.138985,1.139035
1785273000,1.139035,1.139145,1.139035,1.139145
1785273300,1.139145,1.139225,1.139045,1.139205
1785273600,1.139175,1.13924,1.13908,1.1392
1785273900,1.1392,1.139225,1.139155,1.139155
1785274200,1.139155,1.139165,1.139115,1.139115
1785274500,1.139115,1.139245,1.139105,1.139225
1785274800,1.139225,1.13932,1.13921,1.13928
1785275100,1.13929,1.139305,1.13908,1.139245
1785275400,1.139245,1.139245,1.13914,1.139145
1785275700,1.139145,1.139175,1.13905,1.139075
1785276000,1.13907,1.13907,1.138905,1.139
1785276300,1.138995,1.13905,1.138955,1.139025
1785276600,1.139025,1.1391,1.138775,1.1388
1785276900,1.138805,1.138865,1.138645,1.138655
1785277200,1.13864,1.138645,1.138415,1.138445
1785277500,1.138455,1.13859,1.13843,1.138495
1785277800,1.138505,1.13865,1.138505,1.138645
1785278100,1.13864,1.138645,1.138465,1.13847
1785278400,1.138475,1.138575,1.13846,1.138525
1785278700,1.138525,1.138535,1.138435,1.138485
1785279000,1.13849,1.13853,1.138435,1.138505
1785279300,1.138505,1.138535,1.138485,1.138515
1785279600,1.13852,1.13852,1.138315,1.138425
1785279900,1.138425,1.13843,1.138215,1.138235
1785280200,1.138235,1.13844,1.13823,1.138435
1785280500,1.138435,1.13847,1.1384,1.138445
1785280800,1.138445,1.13853,1.138375,1.13851
1785281100,1.13851,1.13853,1.138445,1.138525
1785281400,1.138525,1.13853,1.13845,1.138465
1785281700,1.138465,1.138525,1.13846,1.13847
1785282000,1.13847,1.13864,1.13846,1.138615
1785282300,1.13862,1.13862,1.1384,1.13857
1785282600,1.13857,1.138625,1.138535,1.13854
1785282900,1.13854,1.138645,1.138525,1.138605
1785283200,1.13861,1.13865,1.138335,1.138535
1785283500,1.138525,1.138595,1.13839,1.138395
1785283800,1.1384,1.13841,1.138285,1.138375
1785284100,1.138375,1.138695,1.13836,1.13866
1785284400,1.138655,1.13898,1.138655,1.13881
1785284700,1.13881,1.13902,1.138805,1.13893
1785285000,1.138935,1.139005,1.13886,1.13891
1785285300,1.13891,1.138945,1.138815,1.138885
1785285600,1.138885,1.138905,1.13881,1.138895
1785285900,1.138895,1.138995,1.13876,1.138765
1785286200,1.13877,1.1389,1.1387,1.13889
1785286500,1.138885,1.13915,1.138775,1.1391
1785286800,1.1391,1.13917,1.13901,1.139045
1785287100,1.13904,1.139125,1.138895,1.138925
1785287400,1.13893,1.138985,1.138815,1.138855
1785287700,1.13885,1.13914,1.138785,1.13913
1785288000,1.139135,1.139255,1.13913,1.13919
1785288300,1.139185,1.13919,1.13901,1.139015
1785288600,1.13901,1.139055,1.138635,1.13904
1785288900,1.139045,1.139075,1.13858,1.1387
1785289200,1.138695,1.138705,1.13854,1.138615
1785289500,1.138615,1.138845,1.138565,1.138835
1785289800,1.13884,1.13902,1.138805,1.13897
1785290100,1.138975,1.139165,1.138975,1.13915
1785290400,1.13914,1.139175,1.139035,1.139095
1785290700,1.139095,1.139285,1.139085,1.13926
1785291000,1.139265,1.139485,1.139245,1.13935
1785291300,1.13935,1.139435,1.13925,1.1393
1785291600,1.139305,1.13957,1.139305,1.13951
1785291900,1.13952,1.139575,1.13933,1.13939
1785292200,1.139385,1.139475,1.13935,1.13945
1785292500,1.139455,1.139595,1.139435,1.139545
1785292800,1.13955,1.139555,1.139415,1.13946
1785293100,1.13946,1.13946,1.1393,1.13933
1785293400,1.13933,1.13937,1.13925,1.13925
1785293700,1.139255,1.13957,1.139255,1.13948
1785294000,1.139465,1.13959,1.13944,1.13953
1785294300,1.139535,1.13963,1.139505,1.13956
1785294600,1.13956,1.139645,1.139505,1.139555
1785294900,1.139555,1.13978,1.139555,1.139745
1785295200,1.13975,1.13992,1.139725,1.139905
1785295500,1.13991,1.139935,1.139835,1.139905
1785295800,1.13991,1.13999,1.13986,1.139935
1785296100,1.139935,1.14003,1.13988,1.139965
1785296400,1.13996,1.13999,1.13991,1.13993
1785296700,1.13993,1.14003,1.13993,1.14001
1785297000,1.14001,1.140075,1.13986,1.13991
1785297300,1.13991,1.13991,1.139635,1.139705
1785297600,1.1397,1.139845,1.139625,1.13983
1785297900,1.13983,1.13993,1.13979,1.13991
1785298200,1.13991,1.140005,1.13983,1.139965
1785298500,1.13996,1.140155,1.13996,1.140085
1785298800,1.14009,1.14025,1.140055,1.14011
1785299100,1.14011,1.1402,1.13986,1.13992
1785299400,1.13992,1.140095,1.13983,1.14008
1785299700,1.14008,1.14022,1.140065,1.14018
1785300000,1.14018,1.14035,1.140175,1.14028
1785300300,1.140275,1.140375,1.13993,1.139935
1785300600,1.139935,1.14004,1.139905,1.139915
1785300900,1.139915,1.14016,1.139905,1.140115
1785301200,1.14012,1.14027,1.140055,1.14025
1785301500,1.140255,1.1403,1.14023,1.14023
1785301800,1.140225,1.14028,1.140195,1.14024
1785302100,1.14024,1.14027,1.14017,1.140185
1785302400,1.140185,1.140205,1.140095,1.14018
1785302700,1.14018,1.140185,1.13995,1.139965
1785303000,1.13996,1.139975,1.13976,1.139845
1785303300,1.139845,1.13989,1.13981,1.139845
1785303600,1.139845,1.140025,1.139835,1.139995
1785303900,1.139995,1.14003,1.139935,1.14002
1785304200,1.14002,1.140165,1.13993,1.14009
1785304500,1.140095,1.140165,1.139765,1.13983
1785304800,1.139825,1.140085,1.13982,1.139935
1785305100,1.13993,1.139955,1.139625,1.13966
1785305400,1.139665,1.13977,1.139515,1.13977
1785305700,1.139765,1.13991,1.139515,1.139525
1785306000,1.13952,1.139525,1.139405,1.13944
1785306300,1.139435,1.139465,1.139305,1.139395
1785306600,1.13939,1.139495,1.139295,1.139455
1785306900,1.13945,1.13949,1.13931,1.139405
1785307200,1.139405,1.139495,1.139335,1.139435
1785307500,1.13943,1.13943,1.13901,1.139045
1785307800,1.13905,1.13926,1.13904,1.139225
1785308100,1.13922,1.13926,1.138995,1.13921
1785308400,1.139205,1.139495,1.13902,1.139395
1785308700,1.13939,1.139635,1.139365,1.13961
1785309000,1.139605,1.13966,1.139285,1.13938
1785309300,1.139385,1.139615,1.13935,1.139555
1785309600,1.13956,1.139705,1.13945,1.13969
1785309900,1.139695,1.13972,1.139595,1.139695
1785310200,1.1397,1.139765,1.139585,1.139745
1785310500,1.13974,1.1401,1.13974,1.140055
1785310800,1.14006,1.14006,1.13974,1.13974
1785311100,1.139735,1.140015,1.13967,1.14001
1785311400,1.140005,1.14011,1.13996,1.13999
1785311700,1.139985,1.140005,1.13967,1.139785
1785312000,1.13978,1.13989,1.13971,1.13984
1785312300,1.139845,1.139975,1.139645,1.13965
1785312600,1.139645,1.13984,1.13953,1.139595
1785312900,1.13959,1.13979,1.139535,1.13979
1785313200,1.13979,1.13979,1.139505,1.13957
1785313500,1.139565,1.1396,1.13942,1.13959
1785313800,1.13959,1.139595,1.139325,1.139335
1785314100,1.139335,1.139535,1.13932,1.13948
1785314400,1.139485,1.13979,1.139485,1.13978
1785314700,1.13978,1.14,1.139715,1.139975
1785315000,1.139975,1.140055,1.13977,1.13981
1785315300,1.139805,1.139845,1.13954,1.139645
1785315600,1.13965,1.13966,1.13945,1.13964
1785315900,1.139645,1.13969,1.13953,1.139685
1785316200,1.13969,1.1397,1.139575,1.1396
1785316500,1.139595,1.139645,1.13943,1.13949
1785316800,1.139485,1.13956,1.13937,1.139525
1785317100,1.13952,1.139575,1.139425,1.139535
1785317400,1.13953,1.13964,1.139415,1.13962
1785317700,1.13962,1.13962,1.13924,1.139245
1785318000,1.13924,1.13949,1.139185,1.139455
1785318300,1.13946,1.13964,1.13938,1.139595
1785318600,1.13959,1.139615,1.139435,1.139495
1785318900,1.1395,1.13958,1.13917,1.13919
1785319200,1.139185,1.139275,1.13904,1.139235
1785319500,1.13923,1.139295,1.13908,1.13919
1785319800,1.13919,1.1392,1.13904,1.139125
1785320100,1.139125,1.139155,1.138765,1.138845
1785320400,1.13884,1.138945,1.138745,1.13875
1785320700,1.138745,1.13906,1.1387,1.139045
1785321000,1.13904,1.139225,1.138935,1.13895
1785321300,1.138945,1.139045,1.13889,1.13892
1785321600,1.13892,1.13892,1.13872,1.13882
1785321900,1.13882,1.13883,1.13855,1.138555
1785322200,1.13856,1.138575,1.138355,1.138355
1785322500,1.138355,1.138545,1.13834,1.13854
1785322800,1.138545,1.138795,1.13854,1.13876
1785323100,1.138755,1.13876,1.13856,1.13861
1785323400,1.13861,1.13881,1.138575,1.13869
1785323700,1.13869,1.138845,1.13864,1.13875
1785324000,1.138745,1.13875,1.138515,1.13858
1785324300,1.13858,1.138735,1.138565,1.138725
1785324600,1.13872,1.1388,1.13854,1.13865
1785324900,1.138645,1.138675,1.138485,1.13854
1785325200,1.13854,1.13854,1.13815,1.138205
1785325500,1.13821,1.138445,1.13819,1.138385
1785325800,1.138385,1.13847,1.138265,1.138275
1785326100,1.13828,1.13835,1.138025,1.138205
1785326400,1.13821,1.1383,1.13803,1.13824
1785326700,1.138235,1.138245,1.13792,1.137955
1785327000,1.13796,1.138035,1.137785,1.137885
1785327300,1.137885,1.13791,1.13746,1.13763
1785327600,1.137635,1.137985,1.137625,1.13794
1785327900,1.137935,1.13795,1.13766,1.137685
1785328200,1.13769,1.137845,1.137465,1.13783
1785328500,1.137825,1.13801,1.13774,1.13798
1785328800,1.137985,1.13804,1.13784,1.137915
1785329100,1.137915,1.138025,1.137885,1.13792
1785329400,1.13793,1.138035,1.137885,1.137945
1785329700,1.13795,1.13798,1.137665,1.13783
1785330000,1.137825,1.13797,1.1377,1.13788
1785330300,1.13788,1.13794,1.137655,1.1379
1785330600,1.137895,1.138015,1.13783,1.138005
1785330900,1.138005,1.138295,1.13796,1.13809
1785331200,1.138095,1.138555,1.138085,1.138505
1785331500,1.1385,1.138705,1.138425,1.138555
1785331800,1.13856,1.138715,1.13835,1.138445
1785332100,1.13844,1.138695,1.13834,1.138625
1785332400,1.13862,1.13876,1.138435,1.138745
1785332700,1.13875,1.139115,1.13869,1.139075
1785333000,1.13907,1.139245,1.13887,1.139195
1785333300,1.1392,1.13923,1.138935,1.139185
1785333600,1.13919,1.13935,1.13916,1.139235
1785333900,1.139235,1.13929,1.138935,1.13894
1785334200,1.138935,1.13897,1.138805,1.13884
1785334500,1.13884,1.139095,1.138655,1.13909
1785334800,1.139095,1.13923,1.138855,1.139225
1785335100,1.139225,1.139465,1.139185,1.13944
1785335400,1.139445,1.13965,1.13942,1.13952
1785335700,1.13952,1.139705,1.13936,1.13963
1785336000,1.139635,1.1397,1.13896,1.139245
1785336300,1.13924,1.139305,1.13868,1.138695
1785336600,1.13869,1.138815,1.13828,1.13865
1785336900,1.138645,1.13877,1.138075,1.138085
1785337200,1.13808,1.138405,1.13794,1.138405
1785337500,1.13841,1.13851,1.13823,1.13849
1785337800,1.13848,1.13855,1.13837,1.13849
1785338100,1.138485,1.138555,1.13806,1.138085
1785338400,1.13808,1.138155,1.137855,1.13804
1785338700,1.138035,1.13806,1.137855,1.137985
1785339000,1.13798,1.13804,1.13785,1.13792
1785339300,1.137925,1.138155,1.13792,1.13793
1785339600,1.137935,1.138165,1.13779,1.13814
1785339900,1.138135,1.13829,1.138095,1.138235
1785340200,1.13824,1.138295,1.138145,1.138285
1785340500,1.138285,1.138345,1.13817,1.13829
1785340800,1.1383,1.13836,1.13807,1.13808
1785341100,1.138085,1.138145,1.137805,1.138085
1785341400,1.13808,1.13808,1.137795,1.137815
1785341700,1.13782,1.137895,1.13768,1.137835
1785342000,1.13784,1.138135,1.137835,1.138035
1785342300,1.13803,1.13827,1.138025,1.138235
1785342600,1.13823,1.13825,1.13793,1.13801
1785342900,1.138015,1.13814,1.137985,1.138105
1785343200,1.13811,1.138255,1.13811,1.138245
1785343500,1.138245,1.138355,1.13819,1.1383
1785343800,1.1383,1.1385,1.1383,1.138415
1785344100,1.13841,1.138595,1.13841,1.138515
1785344400,1.13851,1.138665,1.13845,1.138595
1785344700,1.1386,1.13904,1.13848,1.138965
1785345000,1.13896,1.13901,1.138835,1.138975
1785345300,1.13897,1.13914,1.13888,1.13906
1785345600,1.13906,1.139315,1.13904,1.1392
1785345900,1.1392,1.13927,1.138935,1.139115
1785346200,1.13911,1.139375,1.139015,1.139355
1785346500,1.139355,1.13939,1.139125,1.139185
1785346800,1.13918,1.1397,1.13918,1.139585
1785347100,1.13959,1.13981,1.13953,1.1398
1785347400,1.139805,1.139995,1.139655,1.13968
1785347700,1.13969,1.139715,1.139505,1.139615
1785348000,1.13957,1.143075,1.139,1.14152
1785348300,1.141505,1.142425,1.141465,1.141865
1785348600,1.14187,1.142825,1.1416,1.142775
1785348900,1.14278,1.14298,1.1423,1.14245
1785349200,1.142445,1.142465,1.14185,1.14186
1785349500,1.141855,1.142245,1.14152,1.14224
1785349800,1.142245,1.142785,1.140675,1.141545
1785350100,1.14155,1.14276,1.141,1.142555
1785350400,1.14256,1.143675,1.14243,1.143545
1785350700,1.143535,1.144895,1.143345,1.144745
1785351000,1.144735,1.145055,1.1442,1.14493
1785351300,1.144925,1.145245,1.14447,1.14519
1785351600,1.145195,1.145565,1.144635,1.144845
1785351900,1.14484,1.145035,1.144215,1.144355
1785352200,1.14435,1.145265,1.14398,1.145165
1785352500,1.14517,1.14667,1.14502,1.14649
1785352800,1.146495,1.14651,1.14513,1.145475
1785353100,1.14547,1.145555,1.14494,1.14526
1785353400,1.145265,1.14533,1.144575,1.144855
1785353700,1.144845,1.14544,1.144695,1.1452
1785354000,1.145205,1.14587,1.144985,1.14577
1785354300,1.14578,1.145815,1.14547,1.14577
1785354600,1.145755,1.145765,1.145075,1.14515
1785354900,1.145145,1.145265,1.14477,1.14478
1785355200,1.144785,1.145145,1.144685,1.144945
1785355500,1.14495,1.145085,1.14479,1.1449
1785355800,1.1449,1.14527,1.144705,1.14515
1785356100,1.14515,1.14517,1.14488,1.14511
1785356400,1.145115,1.145265,1.145015,1.145205
1785356700,1.14521,1.145625,1.145155,1.145555
1785357000,1.14555,1.1463,1.14553,1.14629
1785357300,1.146295,1.146495,1.14617,1.14625
1785357600,1.14625,1.146595,1.146245,1.14659
1785357900,1.146585,1.1471,1.146535,1.14669
1785358200,1.146695,1.14683,1.146455,1.14661
1785358500,1.14662,1.14697,1.14662,1.14676
1785358800,1.14676,1.14676,1.145805,1.14603
1785359100,1.146185,1.146405,1.1457,1.14582
1785359400,1.14582,1.146185,1.14578,1.145855
1785359700,1.145855,1.146285,1.145855,1.14628
1785360000,1.14628,1.14636,1.14624,1.14625
1785360300,1.14626,1.14647,1.14622,1.146425
1785360600,1.14642,1.146485,1.146415,1.14648
1785360900,1.146485,1.146495,1.146445,1.146455
1785361200,1.146455,1.14648,1.14644,1.146465
1785361500,1.14647,1.146485,1.146215,1.146315
1785361800,1.14631,1.146405,1.14622,1.14623
1785362100,1.146255,1.146265,1.146135,1.14626
1785362400,1.146255,1.14688,1.14611,1.14682
1785362700,1.14683,1.146895,1.14659,1.146785
1785363000,1.146795,1.14684,1.146705,1.1468
1785363300,1.1468,1.146915,1.14675,1.14683
1785363600,1.14683,1.146905,1.14678,1.1468
1785363900,1.1468,1.146825,1.146735,1.146795
1785364200,1.14679,1.14685,1.146775,1.14685
1785364500,1.14685,1.146905,1.146815,1.14685
1785364800,1.146855,1.146955,1.14685,1.146955
1785365100,1.146955,1.14702,1.146945,1.14702
1785365400,1.147015,1.147035,1.14696,1.147015
1785365700,1.147015,1.147135,1.147015,1.147125
1785366000,1.147135,1.147325,1.147135,1.147305
1785366300,1.147305,1.14749,1.14722,1.147425
1785366600,1.147425,1.147425,1.14702,1.147045
1785366900,1.14704,1.147045,1.14691,1.146975
1785367200,1.146975,1.146995,1.14678,1.14678
1785367500,1.14678,1.146785,1.146685,1.14669
1785367800,1.146695,1.146745,1.146535,1.14674
1785368100,1.14674,1.14674,1.14663,1.14664
1785368400,1.14664,1.1467,1.146465,1.14648
1785368700,1.14648,1.14676,1.14643,1.14674
1785369000,1.14674,1.146945,1.14671,1.14678
1785369300,1.14678,1.1468,1.146655,1.146685
1785369600,1.14669,1.146805,1.14645,1.14653
1785369900,1.146525,1.146745,1.146355,1.146625
1785370200,1.146615,1.14674,1.146495,1.14667
1785370500,1.146675,1.146755,1.1463,1.146315
1785370800,1.146315,1.146325,1.146105,1.14619
1785371100,1.146185,1.14619,1.145615,1.145695
1785371400,1.145695,1.14583,1.14567,1.145715
1785371700,1.145715,1.145795,1.145585,1.14561
1785372000,1.14562,1.1458,1.14558,1.14574
1785372300,1.145745,1.14583,1.14573,1.145745
1785372600,1.145755,1.145795,1.1456,1.145715
1785372900,1.145725,1.145815,1.14568,1.145795
1785373200,1.1458,1.14607,1.14575,1.145935
1785373500,1.145935,1.146105,1.145875,1.145895
1785373800,1.145895,1.14599,1.14578,1.14593
1785374100,1.145925,1.145945,1.145695,1.145735
1785374400,1.145735,1.145785,1.14535,1.145445
1785374700,1.145445,1.14553,1.14534,1.14553
1785375000,1.145525,1.14592,1.145385,1.145785
1785375300,1.145785,1.145875,1.1457,1.14578
1785375600,1.14578,1.14588,1.145605,1.14561
1785375900,1.14561,1.14585,1.14555,1.145645
1785376200,1.145645,1.145665,1.14534,1.145385
1785376500,1.14539,1.145405,1.145235,1.145325
1785376800,1.14532,1.1455,1.145315,1.145445
1785377100,1.145445,1.14545,1.14529,1.145355
1785377400,1.145355,1.14541,1.14517,1.145225
1785377700,1.14523,1.145245,1.14513,1.145175
1785378000,1.145175,1.1453,1.145165,1.14525
1785378300,1.14526,1.14528,1.14522,1.145245
1785378600,1.14525,1.145435,1.145225,1.14541
1785378900,1.145405,1.14549,1.14538,1.14547
1785379200,1.145475,1.14549,1.145385,1.145415
1785379500,1.14542,1.1455,1.145415,1.145455
1785379800,1.14546,1.145525,1.1454,1.14542
1785380100,1.14542,1.145435,1.14527,1.145275
1785380400,1.14527,1.14543,1.145265,1.14539
1785380700,1.14539,1.1454,1.14523,1.14526
1785381000,1.14526,1.145265,1.14513,1.145175
1785381300,1.14518,1.1452,1.14503,1.145055
1785381600,1.14505,1.1451,1.14478,1.145025
1785381900,1.145025,1.14509,1.144955,1.145
1785382200,1.145005,1.145195,1.144925,1.14519
1785382500,1.14519,1.14527,1.145155,1.14516
1785382800,1.145165,1.14523,1.14513,1.14518
1785383100,1.14518,1.14523,1.145105,1.14517
1785383400,1.145165,1.14518,1.14507,1.14512
1785383700,1.14512,1.14512,1.14495,1.14497
1785384000,1.14498,1.14513,1.144905,1.145065
1785384300,1.145065,1.145135,1.14505,1.145125
1785384600,1.145125,1.145295,1.145125,1.145285
1785384900,1.145285,1.14534,1.14524,1.145265
1785385200,1.145265,1.145335,1.145255,1.145285
1785385500,1.145285,1.145305,1.14523,1.145285
1785385800,1.14528,1.14534,1.14526,1.145335
1785386100,1.145335,1.145335,1.14524,1.14526
1785386400,1.14526,1.145405,1.14525,1.145285
1785386700,1.14528,1.14534,1.145155,1.145185
1785387000,1.145185,1.1452,1.14507,1.145095
1785387300,1.145095,1.14511,1.14498,1.145095
1785387600,1.1451,1.145275,1.14502,1.145225
1785387900,1.14523,1.145395,1.14517,1.14536
1785388200,1.14536,1.145505,1.14536,1.14549
1785388500,1.14549,1.14551,1.14543,1.14546
1785388800,1.145465,1.14562,1.14543,1.14554
1785389100,1.14554,1.14568,1.145475,1.14557
1785389400,1.145575,1.14561,1.14539,1.14542
1785389700,1.145415,1.14545,1.14526,1.14529
1785390000,1.145295,1.145375,1.14515,1.145255
1785390300,1.145255,1.14554,1.14521,1.14532
1785390600,1.145315,1.14534,1.14517,1.145255
1785390900,1.14525,1.14525,1.1449,1.145005
1785391200,1.145,1.14513,1.144725,1.14485
1785391500,1.144855,1.14497,1.144665,1.14469
1785391800,1.144695,1.14491,1.14438,1.14448
1785392100,1.14449,1.144645,1.144455,1.144535
1785392400,1.14453,1.144585,1.144385,1.144505
1785392700,1.1445,1.14457,1.14437,1.144495
1785393000,1.1445,1.144615,1.14432,1.14451
1785393300,1.14451,1.144845,1.144435,1.14479
1785393600,1.1448,1.144825,1.14454,1.1446
1785393900,1.144605,1.144905,1.14458,1.144865
1785394200,1.144865,1.145125,1.144865,1.144965
1785394500,1.14497,1.1451,1.144635,1.144685
1785394800,1.1447,1.14512,1.144425,1.144975
1785395100,1.14498,1.14501,1.144585,1.144645
1785395400,1.14465,1.144745,1.14424,1.14427
1785395700,1.14427,1.1445,1.14416,1.14417
1785396000,1.14418,1.14434,1.144125,1.144195
1785396300,1.144195,1.14422,1.143645,1.143735
1785396600,1.14373,1.14379,1.14343,1.143515
1785396900,1.143515,1.14382,1.14349,1.143805
1785397200,1.14381,1.143895,1.14367,1.14369
1785397500,1.143695,1.143785,1.143625,1.143695
1785397800,1.14369,1.14385,1.14365,1.14367
1785398100,1.143665,1.14389,1.14362,1.14376
1785398400,1.143765,1.14434,1.14371,1.14418
1785398700,1.144175,1.1445,1.144175,1.14438
1785399000,1.14438,1.14474,1.14438,1.144585
1785399300,1.144585,1.14492,1.14458,1.144785
1785399600,1.144785,1.145145,1.14478,1.14502
1785399900,1.14502,1.145485,1.14498,1.14544
1785400200,1.145435,1.145555,1.145105,1.145115
1785400500,1.14511,1.145145,1.14462,1.14462
1785400800,1.144615,1.145175,1.144545,1.14514
1785401100,1.145145,1.145425,1.14508,1.1451
1785401400,1.145105,1.14516,1.144865,1.145
1785401700,1.145005,1.14516,1.14467,1.14483
1785402000,1.14482,1.14545,1.14481,1.14537
1785402300,1.145365,1.14577,1.145255,1.145745
1785402600,1.14574,1.14584,1.14558,1.145745
1785402900,1.14575,1.145975,1.145645,1.14594
1785403200,1.14595,1.146185,1.14594,1.146115
1785403500,1.14611,1.14639,1.146035,1.14615
1785403800,1.146155,1.146205,1.14596,1.14616
1785404100,1.146155,1.1464,1.14615,1.14621
1785404400,1.14621,1.146315,1.146205,1.146285
1785404700,1.14628,1.146745,1.146085,1.14674
1785405000,1.146735,1.14677,1.14624,1.14636
1785405300,1.146365,1.146615,1.14635,1.14648
1785405600,1.146475,1.14659,1.146185,1.146195
1785405900,1.14619,1.146605,1.146135,1.146565
1785406200,1.14657,1.14729,1.14657,1.147195
1785406500,1.1472,1.14797,1.147155,1.147335
1785406800,1.14734,1.147355,1.146875,1.14699
1785407100,1.146985,1.147455,1.14693,1.14723
1785407400,1.14723,1.1476,1.1472,1.1474
1785407700,1.147395,1.1475,1.14731,1.14745
1785408000,1.147445,1.14842,1.147405,1.14806
1785408300,1.14806,1.14837,1.148045,1.14821
1785408600,1.14822,1.14824,1.147645,1.14768
1785408900,1.147685,1.147765,1.147275,1.14728
1785409200,1.147285,1.14781,1.147285,1.147645
1785409500,1.14765,1.14769,1.147375,1.14753
1785409800,1.147525,1.14759,1.147185,1.147205
1785410100,1.14721,1.147305,1.147015,1.147015
1785410400,1.14702,1.147045,1.14653,1.146745
1785410700,1.14675,1.14684,1.146665,1.146765
1785411000,1.14677,1.14679,1.14659,1.1466
1785411300,1.1466,1.146745,1.14657,1.146685
1785411600,1.146685,1.1467,1.146505,1.146535
1785411900,1.146535,1.14691,1.146535,1.14686
1785412200,1.146865,1.147285,1.14686,1.14726
1785412500,1.147265,1.1476,1.147085,1.1476
1785412800,1.147595,1.147815,1.14754,1.147745
1785413100,1.14775,1.147915,1.14756,1.147575
1785413400,1.14758,1.148125,1.14756,1.148065
1785413700,1.14806,1.148065,1.14743,1.14761
1785414000,1.1476,1.147795,1.14747,1.147605
1785414300,1.14759,1.147845,1.147545,1.14763
1785414600,1.14764,1.148295,1.147245,1.147575
1785414900,1.14757,1.148345,1.14749,1.148265
1785415200,1.14826,1.148275,1.147565,1.148095
1785415500,1.14809,1.148155,1.14749,1.147605
1785415800,1.14761,1.1477,1.147065,1.14721
1785416100,1.147215,1.147595,1.14694,1.14725
1785416400,1.14726,1.14752,1.14695,1.1471
1785416700,1.147105,1.14763,1.147095,1.147235
1785417000,1.14724,1.14751,1.147085,1.147245
1785417300,1.14724,1.147505,1.14715,1.14743
1785417600,1.14743,1.14799,1.14733,1.14798
1785417900,1.147985,1.148095,1.14783,1.14802
1785418200,1.148015,1.14829,1.1479,1.148045
1785418500,1.14805,1.14941,1.14793,1.14922
1785418800,1.149235,1.15037,1.14874,1.150115
1785419100,1.15012,1.150905,1.14982,1.150295
1785419400,1.1503,1.15148,1.14988,1.15145
1785419700,1.151455,1.152405,1.15124,1.15237
1785420000,1.152375,1.1537,1.1522,1.15347
1785420300,1.153475,1.153655,1.15175,1.152295
1785420600,1.1523,1.153085,1.152265,1.15279
1785420900,1.152785,1.153235,1.15233,1.15284
1785421200,1.152845,1.153025,1.152015,1.15214
1785421500,1.152145,1.15243,1.15189,1.15213
1785421800,1.152145,1.152305,1.15157,1.151875
1785422100,1.15188,1.15195,1.151295,1.151435
1785422400,1.15144,1.151755,1.150965,1.151225
1785422700,1.151235,1.151495,1.15098,1.151195
1785423000,1.15119,1.151225,1.15073,1.15088
1785423300,1.150875,1.150985,1.15025,1.1503
1785423600,1.150295,1.15049,1.150045,1.15005
1785423900,1.150055,1.150715,1.149975,1.15029
1785424200,1.150295,1.150735,1.149855,1.15069
1785424500,1.150685,1.151165,1.150665,1.151095
1785424800,1.1511,1.151485,1.1511,1.15126
1785425100,1.151265,1.15161,1.15115,1.151565
1785425400,1.15157,1.151965,1.15133,1.15193
1785425700,1.15192,1.152155,1.151815,1.15211
1785426000,1.15212,1.152255,1.151955,1.15218
1785426300,1.152175,1.15242,1.15209,1.15238
1785426600,1.152385,1.15249,1.15205,1.1521
1785426900,1.152105,1.15236,1.15205,1.152115
1785427200,1.15211,1.152825,1.152105,1.15272
1785427500,1.152715,1.15281,1.152405,1.15278
1785427800,1.152785,1.1528,1.15234,1.15244
1785428100,1.152445,1.15289,1.15235,1.152835
1785428400,1.15284,1.15302,1.152705,1.152775
1785428700,1.15278,1.15303,1.15262,1.15298
1785429000,1.152985,1.15306,1.15283,1.152835
1785429300,1.15284,1.15299,1.15267,1.15288
1785429600,1.15287,1.152905,1.152525,1.152525
1785429900,1.15253,1.15257,1.152425,1.15244
1785430200,1.15244,1.152505,1.152255,1.15238
1785430500,1.152385,1.152855,1.152385,1.152855
1785430800,1.15286,1.15304,1.1524,1.152435
1785431100,1.15244,1.152605,1.152395,1.152585
1785431400,1.152585,1.15265,1.152065,1.152095
1785431700,1.1521,1.1521,1.151875,1.152005
1785432000,1.152005,1.15201,1.15187,1.151995
1785432300,1.152,1.15201,1.151885,1.151905
1785432600,1.151905,1.152005,1.151605,1.15161
1785432900,1.151615,1.152525,1.151375,1.1525
1785433200,1.152505,1.15301,1.152255,1.15295
1785433500,1.152945,1.152965,1.15256,1.15256
1785433800,1.152565,1.153095,1.152565,1.152675
1785434100,1.15268,1.15297,1.15255,1.15296
1785434400,1.152965,1.153215,1.152925,1.15319
1785434700,1.15319,1.153445,1.15294,1.15335
1785435000,1.153355,1.153555,1.15329,1.1535
1785435300,1.153505,1.153515,1.15305,1.15307
1785435600,1.153075,1.153145,1.152795,1.1528
1785435900,1.152805,1.15304,1.152745,1.153015
1785436200,1.15302,1.15337,1.153005,1.153265
1785436500,1.15326,1.153305,1.15294,1.152955
1785436800,1.15296,1.153165,1.152905,1.15314
1785437100,1.15314,1.15332,1.153135,1.15331
1785437400,1.153305,1.15338,1.153165,1.153295
1785437700,1.153295,1.15355,1.15325,1.153545
1785438000,1.15354,1.15357,1.153315,1.153355
1785438300,1.153355,1.15353,1.15319,1.15322
1785438600,1.15322,1.153275,1.152855,1.15292
1785438900,1.152925,1.1533,1.15279,1.153295
1785439200,1.15329,1.153435,1.15325,1.15335
1785439500,1.15335,1.153405,1.15315,1.153205
1785439800,1.1532,1.153255,1.153055,1.1531
1785440100,1.153105,1.15315,1.15299,1.15306
1785440400,1.153055,1.153135,1.15301,1.153105
1785440700,1.153105,1.15324,1.153105,1.153205
1785441000,1.1532,1.153215,1.15289,1.1529
1785441300,1.152905,1.1532,1.15286,1.15311
1785441600,1.153115,1.15326,1.15294,1.15325
1785441900,1.153255,1.15328,1.15301,1.15315
1785442200,1.153145,1.15318,1.153075,1.15308
1785442500,1.153085,1.1531,1.15295,1.153
1785442800,1.153,1.15301,1.1528,1.15282
1785443100,1.152815,1.152915,1.15276,1.152775
1785443400,1.15278,1.15301,1.152725,1.15277
1785443700,1.15277,1.15278,1.15264,1.15276
1785444000,1.152755,1.152785,1.152685,1.15269
1785444300,1.152695,1.15277,1.15268,1.152735
1785444600,1.152725,1.15285,1.152705,1.152845
1785444900,1.15285,1.15294,1.152685,1.152755
1785445200,1.152795,1.15292,1.152555,1.152615
1785445500,1.152615,1.15286,1.152615,1.15264
1785445800,1.152655,1.15277,1.15252,1.152545
1785446100,1.15255,1.152565,1.15248,1.152505
1785446400,1.152505,1.15254,1.152465,1.152505
1785446700,1.152505,1.152505,1.15245,1.15249
1785447000,1.15248,1.152515,1.15244,1.152485
1785447300,1.152505,1.15252,1.152475,1.15252
1785447600,1.15252,1.15254,1.15245,1.15246
1785447900,1.152465,1.152565,1.152465,1.152565
1785448200,1.152565,1.15258,1.152525,1.152535
1785448500,1.152535,1.15256,1.15251,1.152535
1785448800,1.15253,1.15291,1.15252,1.15291
1785449100,1.152905,1.152915,1.152695,1.1527
1785449400,1.152695,1.152725,1.152535,1.15268
1785449700,1.152685,1.15282,1.15267,1.15275
1785450000,1.152745,1.152745,1.15261,1.15262
1785450300,1.152625,1.15271,1.15257,1.15271
1785450600,1.15269,1.15274,1.15261,1.15274
1785450900,1.152735,1.15313,1.152705,1.153025
1785451200,1.153025,1.15308,1.152905,1.153025
1785451500,1.15303,1.15308,1.152925,1.153
1785451800,1.153005,1.153005,1.152865,1.15291
1785452100,1.152905,1.15291,1.152815,1.15287
1785452400,1.152865,1.153085,1.152645,1.152715
1785452700,1.152715,1.152785,1.15266,1.152675
1785453000,1.152675,1.1527,1.152465,1.152555
1785453300,1.152545,1.15258,1.152355,1.15258
1785453600,1.15258,1.152675,1.15254,1.15261
1785453900,1.15261,1.15272,1.1524,1.152415
1785454200,1.152415,1.152505,1.15241,1.15243
1785454500,1.152425,1.152425,1.152225,1.15236
1785454800,1.15236,1.15248,1.15234,1.15247
1785455100,1.152475,1.152625,1.15246,1.152475
1785455400,1.152475,1.152485,1.15232,1.152335
1785455700,1.15234,1.15243,1.152295,1.152305
1785456000,1.15231,1.152475,1.15223,1.152395
1785456300,1.1524,1.15244,1.15206,1.152145
1785456600,1.15214,1.152405,1.152115,1.152255
1785456900,1.15225,1.152385,1.152175,1.152315
1785457200,1.152315,1.15265,1.15218,1.15253
1785457500,1.152525,1.152525,1.15228,1.152285
1785457800,1.15228,1.152335,1.15191,1.151915
1785458100,1.151915,1.15195,1.15172,1.15173
1785458400,1.151725,1.151745,1.151535,1.15173
1785458700,1.151725,1.151825,1.1516,1.151775
1785459000,1.151775,1.15202,1.151775,1.151855
1785459300,1.15185,1.15199,1.151775,1.15179
1785459600,1.151805,1.152005,1.151765,1.151885
1785459900,1.15189,1.151935,1.151635,1.15179
1785460200,1.151785,1.151995,1.15153,1.15166
1785460500,1.151665,1.151695,1.151535,1.151585
1785460800,1.15158,1.1518,1.151535,1.151775
1785461100,1.15177,1.1519,1.15173,1.15173
1785461400,1.15173,1.152145,1.151665,1.151995
1785461700,1.15199,1.15199,1.15145,1.15147
1785462000,1.151475,1.151575,1.15142,1.151445
1785462300,1.151445,1.1515,1.151085,1.151155
1785462600,1.151155,1.15121,1.151025,1.15112
1785462900,1.151115,1.151205,1.150995,1.151005
1785463200,1.151015,1.1513,1.15101,1.15125
1785463500,1.151255,1.151635,1.151245,1.151405
1785463800,1.1514,1.151645,1.15135,1.15152
1785464100,1.15152,1.15152,1.151385,1.151415
1785464400,1.15141,1.15156,1.15133,1.15136
1785464700,1.15137,1.151395,1.15128,1.15133
1785465000,1.151325,1.151485,1.151325,1.15139
1785465300,1.15139,1.15139,1.151235,1.151315
1785465600,1.151315,1.151325,1.151205,1.15125
1785465900,1.151245,1.151285,1.15113,1.15119
1785466200,1.15119,1.15128,1.15105,1.15114
1785466500,1.151135,1.15122,1.151075,1.151205
1785466800,1.1512,1.151215,1.15102,1.151055
1785467100,1.15106,1.15128,1.15105,1.151245
1785467400,1.151245,1.15134,1.15089,1.15106
1785467700,1.151065,1.15113,1.15082,1.15088
1785468000,1.150885,1.151,1.150835,1.15098
1785468300,1.15098,1.15108,1.15082,1.15089
1785468600,1.15089,1.15103,1.15083,1.150885
1785468900,1.150885,1.15093,1.15073,1.150755
1785469200,1.15076,1.150815,1.15063,1.15078
1785469500,1.15078,1.151115,1.15078,1.151035
1785469800,1.15103,1.15124,1.151025,1.15119
1785470100,1.151195,1.15137,1.15119,1.15134
1785470400,1.151335,1.15139,1.15121,1.15136
1785470700,1.151365,1.151425,1.151265,1.151365
1785471000,1.15136,1.15141,1.151235,1.151315
1785471300,1.151315,1.151315,1.15119,1.151285
1785471600,1.15128,1.151385,1.151215,1.15135
1785471900,1.151355,1.151405,1.1511,1.1511
1785472200,1.1511,1.151115,1.150855,1.15094
1785472500,1.150945,1.15104,1.15073,1.15081
1785472800,1.150805,1.150815,1.15059,1.15062
1785473100,1.150625,1.150635,1.150435,1.15046
1785473400,1.150465,1.15078,1.150465,1.150745
1785473700,1.15074,1.150845,1.150615,1.15083
1785474000,1.150835,1.15086,1.150635,1.15074
1785474300,1.150735,1.150755,1.15064,1.15071
1785474600,1.15071,1.150935,1.15059,1.15061
1785474900,1.150615,1.150755,1.150575,1.150665
1785475200,1.150665,1.150695,1.150485,1.15057
1785475500,1.150575,1.150615,1.15051,1.15052
1785475800,1.150525,1.150945,1.1505,1.15083
1785476100,1.15084,1.1509,1.15073,1.150825
1785476400,1.15083,1.150965,1.15066,1.15075
1785476700,1.150745,1.150745,1.15047,1.1505
1785477000,1.150495,1.150695,1.15049,1.15061
1785477300,1.150605,1.15073,1.15054,1.15063
1785477600,1.150635,1.15112,1.150535,1.1511
1785477900,1.1511,1.15158,1.151095,1.15151
1785478200,1.1515,1.151705,1.15127,1.151665
1785478500,1.15167,1.15179,1.151485,1.151675
1785478800,1.15167,1.15177,1.15138,1.151765
1785479100,1.15176,1.152165,1.151715,1.152045
1785479400,1.15204,1.152045,1.151435,1.151485
1785479700,1.151485,1.1516,1.151085,1.151285
1785480000,1.15129,1.15137,1.15113,1.151275
1785480300,1.151285,1.151905,1.151285,1.15186
1785480600,1.151865,1.152235,1.15175,1.1519
1785480900,1.15189,1.151935,1.151655,1.15171
1785481200,1.151705,1.15175,1.151475,1.15163
1785481500,1.151635,1.1517,1.15138,1.151555
1785481800,1.151565,1.151765,1.15145,1.151715
1785482100,1.15171,1.151735,1.15134,1.15155
1785482400,1.15156,1.151585,1.15123,1.15139
1785482700,1.151395,1.15163,1.151325,1.151395
1785483000,1.151395,1.15144,1.151185,1.15129
1785483300,1.151295,1.1516,1.151155,1.1516
1785483600,1.1516,1.15195,1.15157,1.151875
1785483900,1.15188,1.152425,1.151795,1.152345
1785484200,1.15235,1.15249,1.15159,1.15159
1785484500,1.151595,1.151625,1.1512,1.151435
1785484800,1.15144,1.151605,1.151245,1.15146
1785485100,1.15146,1.15146,1.150815,1.150935
1785485400,1.15094,1.151065,1.150845,1.151065
1785485700,1.15106,1.151205,1.15097,1.151195
1785486000,1.1512,1.151315,1.150975,1.15099
1785486300,1.150995,1.15111,1.15075,1.15075
1785486600,1.150755,1.150785,1.150505,1.15055
1785486900,1.150545,1.15076,1.15045,1.150605
1785487200,1.15061,1.15102,1.15061,1.150915
1785487500,1.15092,1.151505,1.15091,1.15146
1785487800,1.151465,1.151625,1.151315,1.15135
1785488100,1.151345,1.15263,1.15128,1.15217
1785488400,1.15214,1.1525,1.151765,1.15186
1785488700,1.151865,1.15221,1.15161,1.151735
1785489000,1.15174,1.15187,1.151475,1.15167
1785489300,1.151675,1.151745,1.15139,1.15157
1785489600,1.151565,1.151865,1.151425,1.15146
1785489900,1.15146,1.151475,1.150905,1.150915
1785490200,1.15092,1.151245,1.1508,1.15085
1785490500,1.150845,1.15091,1.150535,1.150695
1785490800,1.15069,1.15075,1.150325,1.15036
1785491100,1.150355,1.15091,1.150355,1.150895
1785491400,1.15089,1.15092,1.15074,1.15075
1785491700,1.150755,1.15082,1.15044,1.150545
1785492000,1.150545,1.15075,1.15035,1.150705
1785492300,1.15071,1.150815,1.150625,1.15071
1785492600,1.15071,1.15081,1.15061,1.15069
1785492900,1.150695,1.150705,1.1503,1.15035
1785493200,1.15035,1.15042,1.15022,1.150235
1785493500,1.15024,1.15035,1.15014,1.15019
1785493800,1.150185,1.150345,1.150105,1.15034
1785494100,1.15034,1.15044,1.15012,1.15019
1785494400,1.150185,1.15038,1.150155,1.150295
1785494700,1.15029,1.15041,1.15025,1.15038
1785495000,1.15038,1.15041,1.15017,1.15021
1785495300,1.150215,1.150315,1.15013,1.150185
1785495600,1.15018,1.15018,1.14972,1.15003
1785495900,1.150035,1.150205,1.149875,1.150085
1785496200,1.150085,1.150125,1.14984,1.14984
1785496500,1.14984,1.149845,1.149405,1.14943
1785496800,1.149435,1.14955,1.14923,1.14942
1785497100,1.149415,1.149605,1.14929,1.149305
1785497400,1.14931,1.14936,1.14904,1.14916
1785497700,1.149165,1.149335,1.14898,1.14913
1785498000,1.149135,1.14923,1.148945,1.14904
1785498300,1.14904,1.149105,1.14861,1.148785
1785498600,1.14878,1.148955,1.148715,1.14882
1785498900,1.148815,1.14885,1.14846,1.14852
1785499200,1.148525,1.148535,1.14814,1.14837
1785499500,1.148365,1.14866,1.148365,1.148505
1785499800,1.1485,1.148695,1.148375,1.14868
1785500100,1.14867,1.148805,1.148555,1.14868
1785500400,1.14869,1.14877,1.1486,1.148615
1785500700,1.14862,1.14877,1.14839,1.14843
1785501000,1.148435,1.14871,1.14815,1.14866
1785501300,1.148665,1.148695,1.14845,1.14857
1785501600,1.148565,1.148625,1.14844,1.148525
1785501900,1.148525,1.148815,1.14837,1.148745
1785502200,1.14874,1.14899,1.148605,1.14896
1785502500,1.148965,1.149085,1.148805,1.148825
1785502800,1.14882,1.149185,1.1488,1.149015
1785503100,1.149025,1.149085,1.148845,1.14903
1785503400,1.149025,1.14913,1.148665,1.14879
1785503700,1.148795,1.149185,1.148405,1.149175
1785504000,1.14917,1.15038,1.149165,1.15033
1785504300,1.150325,1.15038,1.14986,1.150045
1785504600,1.15003,1.150135,1.148945,1.14896
1785504900,1.148965,1.149135,1.14584,1.14586
1785505200,1.145855,1.147195,1.14551,1.147095
1785505500,1.1471,1.147375,1.146505,1.146575
1785505800,1.14657,1.14732,1.146555,1.14721
1785506100,1.147205,1.14751,1.14666,1.146675
1785506400,1.14668,1.147045,1.146245,1.14668
1785506700,1.146675,1.146785,1.146325,1.14652
1785507000,1.146525,1.14748,1.146485,1.14747
1785507300,1.14746,1.147815,1.14724,1.147385
1785507600,1.14738,1.14777,1.14722,1.14762
1785507900,1.147625,1.148025,1.147565,1.14797
1785508200,1.147975,1.148345,1.14796,1.148325
1785508500,1.14832,1.14884,1.148265,1.148835
1785508800,1.14884,1.14923,1.14881,1.14922
1785509100,1.149215,1.149715,1.149165,1.149435
1785509400,1.14943,1.15046,1.148935,1.15006
1785509700,1.15005,1.15064,1.14978,1.150465
1785510000,1.15047,1.15067,1.14975,1.149865
1785510300,1.14987,1.150755,1.149865,1.149995
1785510600,1.15,1.15038,1.14972,1.15037
1785510900,1.150375,1.150775,1.150005,1.150095
1785511200,1.15009,1.15053,1.14992,1.150315
1785511500,1.15032,1.150795,1.15026,1.150385
1785511800,1.15039,1.15048,1.15014,1.15026
1785512100,1.150255,1.151035,1.15022,1.15084
1785512400,1.15084,1.15102,1.15069,1.15089
1785512700,1.1509,1.15132,1.150875,1.151295
1785513000,1.1513,1.151725,1.15128,1.151615
1785513300,1.15162,1.15188,1.15146,1.15182
1785513600,1.151825,1.151865,1.1513,1.151495
1785513900,1.15148,1.15152,1.151335,1.15147
1785514200,1.15147,1.15192,1.15128,1.151705
1785514500,1.1517,1.15184,1.15149,1.15161
1785514800,1.151615,1.15176,1.151285,1.15136
1785515100,1.151365,1.15157,1.15124,1.151355
1785515400,1.15136,1.15164,1.151295,1.15161
1785515700,1.15161,1.151765,1.151535,1.15156
1785516000,1.15156,1.1517,1.15139,1.1514
1785516300,1.151405,1.151615,1.151395,1.151605
1785516600,1.151605,1.151805,1.151555,1.15165
1785516900,1.151645,1.15178,1.15153,1.151715
1785517200,1.15172,1.15197,1.151695,1.15186
1785517500,1.151865,1.15194,1.151745,1.15177
1785517800,1.151765,1.15233,1.151765,1.152265
1785518100,1.152265,1.152325,1.152065,1.152065
1785518400,1.15206,1.15267,1.152,1.1524
1785518700,1.152395,1.152795,1.15215,1.152725
1785519000,1.15273,1.153315,1.152725,1.15317
1785519300,1.15316,1.15336,1.153015,1.15335
1785519600,1.153355,1.15359,1.153215,1.153565
1785519900,1.15357,1.153595,1.152755,1.15325
1785520200,1.153255,1.1537,1.153175,1.15362
1785520500,1.153615,1.15376,1.15332,1.153345
1785520800,1.15334,1.153635,1.1532,1.15336
1785521100,1.153365,1.153415,1.153145,1.15329
1785521400,1.153285,1.15329,1.152785,1.15281
1785521700,1.15281,1.15302,1.15263,1.152945
1785522000,1.152945,1.153055,1.152805,1.153005
1785522300,1.15301,1.15307,1.15278,1.152955
1785522600,1.15296,1.152965,1.15276,1.15281
1785522900,1.15281,1.15302,1.152725,1.152865
1785523200,1.152865,1.15304,1.152715,1.15272
1785523500,1.152715,1.15274,1.152435,1.152555
1785523800,1.15255,1.15278,1.15252,1.15274
1785524100,1.15273,1.15311,1.152725,1.153075
1785524400,1.15308,1.15343,1.153075,1.153405
1785524700,1.15341,1.153415,1.153195,1.15332
1785525000,1.153315,1.153395,1.153205,1.15326
1785525300,1.153255,1.15326,1.15301,1.153105
1785525600,1.15311,1.15315,1.152995,1.15305
1785525900,1.15305,1.153135,1.15299,1.1531
1785526200,1.153105,1.153105,1.152775,1.152855
1785526500,1.152855,1.1529,1.1527,1.152895
1785526800,1.15289,1.15341,1.15289,1.153395
1785527100,1.15339,1.153515,1.153225,1.153365
1785527400,1.15334,1.15352,1.153265,1.153415
1785527700,1.15342,1.153615,1.153085,1.153125
1785528000,1.153135,1.153135,1.152865,1.152905
1785528300,1.15291,1.152945,1.15245,1.15256
1785528600,1.152555,1.153075,1.152385,1.15306
1785528900,1.153055,1.1535,1.15296,1.153455
1785529200,1.153465,1.15386,1.153415,1.15375
1785529500,1.153745,1.1538,1.1533,1.15362
1785529800,1.153615,1.15393,1.153345,1.153355
1785530100,1.15336,1.15391,1.15333,1.153665
1785530400,1.153675,1.154015,1.153575,1.153995
1785530700,1.15399,1.15441,1.15396,1.1543
1785531000,1.154305,1.154755,1.15326,1.15399
1785531300,1.153985,1.15415,1.152465,1.152465
1785704400,1.152465,1.155075,1.152465,1.154895
1785704700,1.1549,1.15492,1.15482,1.15483
1785705000,1.15483,1.154865,1.154715,1.15472
1785705300,1.15472,1.154945,1.154655,1.15466
1785705600,1.15466,1.15481,1.15456,1.15465
1785705900,1.15465,1.154695,1.15458,1.15462
1785706200,1.15462,1.15475,1.15452,1.154615
1785706500,1.154615,1.154715,1.15458,1.154645
1785706800,1.154645,1.15492,1.15464,1.15489
1785707100,1.154915,1.15507,1.15484,1.154895
1785707400,1.15488,1.15504,1.1547,1.154725
1785707700,1.154725,1.154975,1.154625,1.15497
1785708000,1.15498,1.15534,1.154895,1.155265
1785708300,1.15525,1.155425,1.15505,1.155375
1785708600,1.15537,1.155865,1.1553,1.155795
1785708900,1.1558,1.15589,1.154885,1.155
1785709200,1.154995,1.15518,1.154845,1.15488
1785709500,1.154885,1.155105,1.15477,1.15505
1785709800,1.15506,1.15513,1.154885,1.154905
1785710100,1.15491,1.155165,1.154895,1.155035
1785710400,1.155035,1.155155,1.15477,1.15487
1785710700,1.154865,1.15515,1.15479,1.15514
1785711000,1.15514,1.1552,1.15506,1.155065
1785711300,1.155065,1.155065,1.154805,1.154845
1785711600,1.15484,1.155125,1.154515,1.15474
1785711900,1.154735,1.154735,1.154415,1.15446
1785712200,1.154465,1.154615,1.154335,1.154525
1785712500,1.154525,1.154575,1.15436,1.154415
1785712800,1.15441,1.154445,1.15428,1.154365
1785713100,1.154365,1.154535,1.15433,1.154465
1785713400,1.154465,1.154575,1.154305,1.154385
1785713700,1.154385,1.1546,1.15435,1.154365
1785714000,1.15437,1.154465,1.154245,1.154445
1785714300,1.154445,1.154455,1.1542,1.154365
1785714600,1.154365,1.15443,1.154255,1.15432
1785714900,1.15432,1.154465,1.15427,1.154375
1785715200,1.1544,1.15442,1.153505,1.153865
1785715500,1.15386,1.154005,1.15372,1.15375
1785715800,1.153755,1.153835,1.153565,1.153665
1785716100,1.15366,1.15398,1.153605,1.153825
1785716400,1.153835,1.15397,1.153575,1.153955
1785716700,1.153955,1.154835,1.153805,1.154725
1785717000,1.15472,1.155165,1.154605,1.155135
1785717300,1.15514,1.155315,1.15478,1.155085
1785717600,1.155075,1.155535,1.154925,1.1554
1785717900,1.15543,1.15561,1.15464,1.154705
1785718200,1.1547,1.15496,1.154455,1.154475
1785718500,1.15447,1.154505,1.1541,1.154255
1785718800,1.15425,1.154595,1.153865,1.154195
1785719100,1.1542,1.15427,1.153795,1.15387
1785719400,1.153875,1.15394,1.15362,1.153625
1785719700,1.15363,1.153805,1.15339,1.153415
1785720000,1.15342,1.153515,1.15329,1.153395
1785720300,1.1534,1.15354,1.153205,1.15321
1785720600,1.153205,1.15339,1.153035,1.15318
1785720900,1.153195,1.153245,1.153085,1.15311
1785721200,1.153105,1.15335,1.15309,1.153215
1785721500,1.15322,1.153325,1.1531,1.153185
1785721800,1.153185,1.153235,1.153015,1.15306
1785722100,1.153055,1.15324,1.153005,1.153225
1785722400,1.153215,1.15337,1.153155,1.15329
1785722700,1.153285,1.153415,1.15312,1.153175
1785723000,1.153165,1.15322,1.152955,1.153005
1785723300,1.153005,1.15326,1.152845,1.153245
1785723600,1.15324,1.15324,1.15303,1.153125
1785723900,1.153135,1.153335,1.153115,1.15329
1785724200,1.153285,1.153365,1.153195,1.15326
1785724500,1.153265,1.153545,1.15323,1.153495
1785724800,1.153505,1.153525,1.15318,1.15319
1785725100,1.15319,1.153295,1.15314,1.15328
1785725400,1.153275,1.153315,1.153145,1.153155
1785725700,1.153155,1.1532,1.15308,1.153105
1785726000,1.153105,1.153115,1.152905,1.15294
1785726300,1.15294,1.15304,1.152905,1.152915
1785726600,1.152905,1.152905,1.15272,1.152815
1785726900,1.1528,1.152855,1.15271,1.152855
1785727200,1.152855,1.152925,1.15276,1.152915
1785727500,1.152905,1.152965,1.152855,1.15292
1785727800,1.152915,1.15293,1.15274,1.152765
1785728100,1.152765,1.152945,1.152715,1.152745
1785728400,1.152745,1.152805,1.152695,1.152755
1785728700,1.152755,1.15285,1.152705,1.152795
1785729000,1.152795,1.15289,1.15275,1.152785
1785729300,1.15278,1.153045,1.15278,1.152995
1785729600,1.152995,1.15318,1.152995,1.15304
1785729900,1.15304,1.15309,1.152935,1.152945
1785730200,1.152945,1.153155,1.152905,1.153155
1785730500,1.153155,1.15325,1.153105,1.153245
1785730800,1.153245,1.153305,1.15313,1.15314
1785731100,1.153135,1.153305,1.153135,1.153275
1785731400,1.153285,1.153315,1.153175,1.153305
1785731700,1.15331,1.153495,1.153285,1.153445
1785732000,1.15345,1.153605,1.153375,1.153605
1785732300,1.1536,1.15361,1.153395,1.15346
1785732600,1.15346,1.15346,1.15328,1.15333
1785732900,1.153335,1.153445,1.153295,1.153425
1785733200,1.153435,1.153565,1.153385,1.15341
1785733500,1.153405,1.153485,1.15317,1.153205
1785733800,1.153205,1.153355,1.153175,1.15333
1785734100,1.153325,1.153405,1.153265,1.153345
1785734400,1.153345,1.153435,1.153245,1.153305
1785734700,1.153305,1.153375,1.15322,1.153365
1785735000,1.153355,1.15357,1.15333,1.15357
1785735300,1.153565,1.15357,1.15344,1.153445
1785735600,1.153445,1.15361,1.15333,1.15359
1785735900,1.15359,1.153705,1.153525,1.153545
1785736200,1.153535,1.15362,1.15349,1.15361
1785736500,1.153625,1.15376,1.153625,1.15372
1785736800,1.153715,1.15385,1.153625,1.153705
1785737100,1.153705,1.15388,1.153475,1.153505
1785737400,1.153505,1.15366,1.15328,1.153285
1785737700,1.15329,1.153595,1.15321,1.153465
1785738000,1.153455,1.153585,1.15314,1.153335
1785738300,1.153325,1.153395,1.15313,1.153395
1785738600,1.153395,1.15346,1.15297,1.153035
1785738900,1.15304,1.15305,1.15254,1.152585
1785739200,1.15257,1.152645,1.152415,1.152545
1785739500,1.152545,1.152595,1.152375,1.152495
1785739800,1.152495,1.152795,1.152465,1.152705
1785740100,1.15269,1.15285,1.152575,1.152695
1785740400,1.15269,1.15303,1.152505,1.152595
1785740700,1.152595,1.152705,1.15223,1.152585
1785741000,1.152585,1.15299,1.152585,1.152955
1785741300,1.15295,1.153065,1.15206,1.15245
1785741600,1.15246,1.15269,1.15241,1.152545
1785741900,1.152545,1.152945,1.152535,1.152885
1785742200,1.152895,1.15322,1.152895,1.153185
1785742500,1.15318,1.153225,1.152625,1.152695
1785742800,1.152695,1.152725,1.152355,1.15264
1785743100,1.152635,1.152715,1.152505,1.152525
1785743400,1.15253,1.15269,1.15234,1.152645
1785743700,1.15265,1.152745,1.15241,1.15261
1785744000,1.15262,1.15266,1.15237,1.15244
1785744300,1.152435,1.15261,1.15235,1.152395
1785744600,1.152385,1.15275,1.152315,1.15271
1785744900,1.152705,1.152745,1.152285,1.152335
1785745200,1.15232,1.152695,1.15218,1.152665
1785745500,1.15267,1.152685,1.152375,1.152445
1785745800,1.152455,1.152545,1.152335,1.152435
1785746100,1.152435,1.152775,1.15233,1.152485
1785746400,1.152495,1.15256,1.152395,1.152495
1785746700,1.1525,1.152555,1.152375,1.152445
1785747000,1.152445,1.152475,1.1521,1.152285
1785747300,1.152285,1.152425,1.152195,1.152275
1785747600,1.15227,1.1525,1.152175,1.152185
1785747900,1.15219,1.152435,1.15199,1.152255
1785748200,1.15226,1.15265,1.152255,1.152455
1785748500,1.15245,1.152455,1.152095,1.152165
1785748800,1.152165,1.152365,1.152155,1.15227
1785749100,1.15226,1.152405,1.152125,1.152385
1785749400,1.15239,1.15258,1.152375,1.152445
1785749700,1.152445,1.15263,1.152335,1.152595
1785750000,1.152595,1.152895,1.152595,1.15285
1785750300,1.152845,1.15304,1.152695,1.152885
1785750600,1.152875,1.15298,1.152745,1.15278
1785750900,1.152785,1.152845,1.152195,1.152225
1785751200,1.152215,1.152465,1.152135,1.152435
1785751500,1.15244,1.152455,1.152195,1.15229
1785751800,1.152295,1.152385,1.152115,1.15229
1785752100,1.15229,1.152435,1.15168,1.151905
1785752400,1.1519,1.152225,1.151845,1.15221
1785752700,1.152205,1.152395,1.152095,1.15231
1785753000,1.15231,1.152345,1.152035,1.152295
1785753300,1.15229,1.15236,1.152185,1.152255
1785753600,1.152255,1.15228,1.152065,1.152095
1785753900,1.152095,1.152155,1.152,1.152145
1785754200,1.15214,1.152475,1.15209,1.152265
1785754500,1.152265,1.15242,1.152205,1.15221
1785754800,1.152215,1.152615,1.152205,1.15253
1785755100,1.15253,1.152675,1.152505,1.152575
1785755400,1.152575,1.152665,1.152525,1.152545
1785755700,1.15254,1.15257,1.152385,1.152455
1785756000,1.152445,1.15251,1.152075,1.15208
1785756300,1.15208,1.152305,1.152075,1.1522
1785756600,1.152205,1.152605,1.15213,1.15254
1785756900,1.152535,1.152545,1.152325,1.152415
1785757200,1.152425,1.152605,1.152395,1.15257
1785757500,1.152575,1.152825,1.15257,1.152825
1785757800,1.15283,1.15297,1.15271,1.15286
1785758100,1.152855,1.15326,1.152815,1.15325
1785758400,1.153245,1.15343,1.15315,1.153335
1785758700,1.15332,1.15352,1.153215,1.153445
1785759000,1.153445,1.153515,1.153065,1.15315
1785759300,1.153145,1.15331,1.152975,1.15305
1785759600,1.153045,1.153165,1.1529,1.15305
1785759900,1.153055,1.15315,1.15294,1.15297
1785760200,1.152975,1.153325,1.15293,1.153295
1785760500,1.15329,1.1533,1.15262,1.15279
1785760800,1.1528,1.15284,1.152395,1.152455
1785761100,1.15246,1.15253,1.152335,1.1524
1785761400,1.1524,1.152725,1.15227,1.15266
1785761700,1.152665,1.152905,1.152555,1.15281
1785762000,1.152815,1.153125,1.15281,1.153115
1785762300,1.15311,1.153215,1.15284,1.15311
1785762600,1.15311,1.15336,1.152905,1.15295
1785762900,1.15296,1.153,1.15264,1.15276
1785763200,1.152775,1.15306,1.152485,1.15261
1785763500,1.1526,1.153155,1.152485,1.153155
1785763800,1.15315,1.15351,1.152975,1.153025
1785764100,1.15302,1.15315,1.152545,1.15266
1785764400,1.152655,1.152935,1.152545,1.15274
1785764700,1.152735,1.153065,1.15257,1.15268
1785765000,1.152675,1.152855,1.15245,1.152545
1785765300,1.15255,1.15277,1.15217,1.15276
1785765600,1.152745,1.152745,1.15202,1.15216
1785765900,1.152165,1.152485,1.15187,1.15187
1785766200,1.151885,1.152095,1.15163,1.151635
1785766500,1.15163,1.15233,1.151615,1.15164
1785766800,1.15164,1.15209,1.15163,1.1519
1785767100,1.151895,1.151955,1.151465,1.15153
1785767400,1.151525,1.15176,1.15145,1.151715
1785767700,1.15171,1.151795,1.151455,1.15151
1785768000,1.151515,1.15153,1.15102,1.151375
1785768300,1.15137,1.151445,1.151135,1.151345
1785768600,1.15135,1.151625,1.15113,1.15134
1785768900,1.15135,1.1516,1.151205,1.1514
1785769200,1.151405,1.15143,1.150775,1.15079
1785769500,1.150795,1.15112,1.15051,1.150595
1785769800,1.15059,1.15068,1.15024,1.150325
1785770100,1.150335,1.150525,1.150285,1.150505
1785770400,1.15051,1.150725,1.15041,1.150645
1785770700,1.15065,1.150665,1.15029,1.150405
1785771000,1.15041,1.150565,1.150035,1.150485
1785771300,1.15049,1.15059,1.15009,1.15039
1785771600,1.150385,1.150525,1.150285,1.150345
1785771900,1.15034,1.15058,1.15033,1.15048
1785772200,1.15048,1.150785,1.15043,1.150785
1785772500,1.15078,1.15097,1.150695,1.150955
1785772800,1.15096,1.15105,1.15084,1.150905
1785773100,1.15091,1.15099,1.15059,1.150895
1785773400,1.1509,1.15105,1.150735,1.150825
1785773700,1.150825,1.150885,1.150465,1.15055
1785774000,1.15056,1.15077,1.150555,1.150705
1785774300,1.15071,1.15089,1.15056,1.15056
1785774600,1.150555,1.15071,1.150435,1.15065
1785774900,1.15064,1.15073,1.15058,1.15073
1785775200,1.15074,1.15082,1.150655,1.150715
1785775500,1.15072,1.15076,1.15051,1.15058
1785775800,1.15059,1.150795,1.150535,1.150745
1785776100,1.15074,1.150855,1.150615,1.15069
1785776400,1.150685,1.15069,1.1504,1.150455
1785776700,1.150455,1.15056,1.15035,1.15037
1785777000,1.150375,1.150415,1.150315,1.150385
1785777300,1.15038,1.15038,1.150195,1.150275
1785777600,1.15028,1.150375,1.15027,1.15029
1785777900,1.150295,1.15038,1.15028,1.15035
1785778200,1.150355,1.15048,1.15032,1.15043
1785778500,1.150435,1.150465,1.150275,1.15033
1785778800,1.150335,1.15043,1.150315,1.15038
1785779100,1.150375,1.1506,1.150375,1.150485
1785779400,1.15049,1.150495,1.15028,1.150305
1785779700,1.150305,1.150365,1.150135,1.150205
1785780000,1.15021,1.150295,1.150155,1.15026
1785780300,1.15026,1.15056,1.15025,1.150555
1785780600,1.15056,1.150645,1.150455,1.15051
1785780900,1.15051,1.150975,1.15051,1.15095
1785781200,1.150955,1.151015,1.15088,1.15089
1785781500,1.15089,1.15102,1.150865,1.15095
1785781800,1.150945,1.151055,1.15093,1.15095
1785782100,1.150945,1.151005,1.150835,1.15089
1785782400,1.150895,1.151225,1.15088,1.151185
1785782700,1.15118,1.151305,1.151115,1.1513
1785783000,1.151295,1.15145,1.15125,1.151405
1785783300,1.15141,1.15148,1.15126,1.151365
1785783600,1.15136,1.151475,1.1513,1.15146
1785783900,1.151455,1.151475,1.15127,1.151345
1785784200,1.15135,1.15142,1.15129,1.151365
1785784500,1.15136,1.1514,1.151235,1.15126
1785784800,1.15126,1.151335,1.151225,1.15131
1785785100,1.15131,1.15135,1.15123,1.151235
1785785400,1.15124,1.15125,1.151095,1.15124
1785785700,1.15125,1.151295,1.151195,1.15121
1785786000,1.15121,1.151305,1.151185,1.15126
1785786300,1.151255,1.15129,1.151155,1.15129
1785786600,1.151295,1.151295,1.151165,1.151185
1785786900,1.151185,1.1512,1.150945,1.15103
1785787200,1.151025,1.15108,1.150925,1.151045
1785787500,1.15104,1.15105,1.150935,1.150945
1785787800,1.150955,1.151005,1.150695,1.150755
1785788100,1.15076,1.150765,1.150635,1.150745
1785788400,1.150745,1.150925,1.15068,1.150925
1785788700,1.150905,1.15091,1.150625,1.15074
1785789000,1.150745,1.15093,1.150705,1.15093
1785789300,1.150925,1.15098,1.15086,1.15087
1785789600,1.150865,1.15096,1.150855,1.15094
1785789900,1.150945,1.15097,1.150885,1.15094
1785790200,1.150945,1.15095,1.15081,1.150845
1785790500,1.15085,1.15092,1.150825,1.15084
1785790800,1.15084,1.151335,1.15084,1.151185
1785791100,1.151185,1.151185,1.150945,1.151175
1785791400,1.151115,1.15117,1.151015,1.151045
1785791700,1.15069,1.15097,1.150685,1.150945
1785792000,1.15094,1.151165,1.15091,1.15101
1785792300,1.15101,1.151055,1.15095,1.151035
1785792600,1.15103,1.151065,1.15092,1.15097
1785792900,1.15097,1.151075,1.15092,1.150995
1785793200,1.150985,1.151055,1.15094,1.150965
1785793500,1.150965,1.15103,1.150945,1.150995
1785793800,1.150995,1.151225,1.150955,1.15097
1785794100,1.15097,1.15122,1.15096,1.151165
1785794400,1.15119,1.15119,1.150705,1.150775
1785794700,1.150775,1.1508,1.15073,1.15077
1785795000,1.15077,1.15084,1.15069,1.150735
1785795300,1.150735,1.150835,1.15069,1.150795
1785795600,1.1508,1.15081,1.150765,1.150785
1785795900,1.150785,1.15079,1.150695,1.150705
1785796200,1.150705,1.150815,1.150685,1.150745
1785796500,1.15075,1.150795,1.150735,1.150735
1785796800,1.150735,1.150865,1.150735,1.150805
1785797100,1.150805,1.15087,1.15078,1.15086
1785797400,1.15086,1.15096,1.15084,1.150935
1785797700,1.150935,1.150935,1.150855,1.15089
1785798000,1.15089,1.150945,1.150825,1.150835
1785798300,1.150835,1.150935,1.150835,1.150895
1785798600,1.150895,1.150995,1.15088,1.15099
1785798900,1.150985,1.15104,1.15096,1.15098
1785799200,1.15098,1.15099,1.15093,1.15093
1785799500,1.15093,1.151,1.15091,1.15094
1785799800,1.15094,1.15095,1.150895,1.150935
1785800100,1.150935,1.150935,1.15077,1.150845
1785800400,1.150845,1.150855,1.150735,1.15079
1785800700,1.15079,1.15081,1.15064,1.150765
1785801000,1.15076,1.15081,1.15064,1.150665
1785801300,1.150665,1.150745,1.15064,1.1507
1785801600,1.150705,1.151145,1.15069,1.15103
1785801900,1.151035,1.151295,1.15092,1.151295
1785802200,1.151295,1.15138,1.15092,1.150975
1785802500,1.150975,1.151125,1.150945,1.15109
1785802800,1.151095,1.15124,1.151065,1.1512
1785803100,1.15119,1.151245,1.151135,1.151185
1785803400,1.15119,1.151395,1.151095,1.151365
1785803700,1.151365,1.1515,1.15127,1.151445
1785804000,1.151445,1.15145,1.151215,1.151255
1785804300,1.15126,1.15126,1.150945,1.150975
1785804600,1.15098,1.151075,1.150835,1.150985
1785804900,1.15099,1.151,1.150485,1.150565
1785805200,1.15056,1.15056,1.15022,1.15042
1785805500,1.150425,1.15051,1.15033,1.150395
1785805800,1.150395,1.150585,1.150385,1.150495
1785806100,1.15051,1.150855,1.15049,1.150845
1785806400,1.15084,1.150915,1.15074,1.150865
1785806700,1.150865,1.150935,1.150785,1.15083
1785807000,1.150835,1.151235,1.150825,1.151195
1785807300,1.1512,1.15123,1.151075,1.1512
1785807600,1.151195,1.151445,1.151165,1.151435
1785807900,1.151435,1.151455,1.151285,1.151295
1785808200,1.151295,1.15138,1.1512,1.15134
1785808500,1.151345,1.151405,1.15122,1.151235
1785808800,1.15123,1.151385,1.150975,1.150975
1785809100,1.150975,1.151265,1.150945,1.15117
1785809400,1.15117,1.151355,1.151075,1.151225
1785809700,1.151225,1.151295,1.151195,1.151195
1785810000,1.151195,1.151235,1.15092,1.15092
1785810300,1.150935,1.151035,1.15078,1.15093
1785810600,1.150935,1.151015,1.15088,1.15099
1785810900,1.15099,1.15119,1.150955,1.151125
1785811200,1.151125,1.151155,1.15103,1.151135
1785811500,1.151135,1.15126,1.15111,1.15117
1785811800,1.151175,1.151195,1.15106,1.151065
1785812100,1.151065,1.151065,1.150765,1.150815
1785812400,1.150805,1.151125,1.150805,1.15089
1785812700,1.150885,1.15091,1.150765,1.150885
1785813000,1.150885,1.151,1.150885,1.150935
1785813300,1.150935,1.151115,1.150925,1.151065
1785813600,1.151065,1.1512,1.151065,1.15118
1785813900,1.151185,1.151255,1.15116,1.151215
1785814200,1.151205,1.151275,1.151125,1.151225
1785814500,1.15122,1.151415,1.15092,1.15092
1785814800,1.15092,1.150925,1.15075,1.15085
1785815100,1.150845,1.15091,1.1508,1.15087
1785815400,1.15087,1.151005,1.15087,1.150985
1785815700,1.150975,1.150975,1.15077,1.150805
1785816000,1.1508,1.150865,1.150715,1.150765
1785816300,1.150765,1.15077,1.150625,1.150695
1785816600,1.1507,1.150735,1.15058,1.150685
1785816900,1.150685,1.150805,1.15066,1.15077
1785817200,1.150775,1.15083,1.150725,1.150805
1785817500,1.15081,1.15087,1.15077,1.150815
1785817800,1.150815,1.150935,1.150815,1.15088
1785818100,1.15088,1.15095,1.150835,1.15091
1785818400,1.150915,1.151,1.150865,1.150905
1785818700,1.150905,1.15103,1.150905,1.15095
1785819000,1.150955,1.151035,1.15086,1.15102
1785819300,1.15102,1.151105,1.15101,1.151035
1785819600,1.151045,1.151045,1.1509,1.15097
1785819900,1.15097,1.15104,1.150865,1.150885
1785820200,1.150885,1.150915,1.1507,1.15073
1785820500,1.150755,1.150785,1.15071,1.150775
1785820800,1.150775,1.150865,1.15069,1.150855
1785821100,1.150855,1.150985,1.15084,1.15093
1785821400,1.150935,1.15104,1.15079,1.15081
1785821700,1.150815,1.15084,1.150625,1.15066
1785822000,1.150655,1.15069,1.150535,1.15055
1785822300,1.15055,1.15056,1.15038,1.150525
1785822600,1.150525,1.150565,1.15044,1.15045
1785822900,1.150455,1.150765,1.150455,1.15073
1785823200,1.150735,1.15078,1.15049,1.150515
1785823500,1.150515,1.150665,1.150475,1.150665
1785823800,1.150665,1.150765,1.150425,1.150765
1785824100,1.150775,1.15085,1.15058,1.15068
1785824400,1.150675,1.15099,1.15067,1.150955
1785824700,1.150955,1.15106,1.1506,1.15061
1785825000,1.150605,1.1508,1.15055,1.150745
1785825300,1.150745,1.15082,1.150545,1.150545
1785825600,1.150535,1.150595,1.15038,1.150465
1785825900,1.15046,1.15071,1.15039,1.150645
1785826200,1.150645,1.15066,1.150405,1.150415
1785826500,1.15041,1.150765,1.15039,1.150745
1785826800,1.15075,1.151005,1.15064,1.150985
1785827100,1.150985,1.15106,1.150635,1.15091
1785827400,1.150905,1.150995,1.15086,1.150915
1785827700,1.150915,1.151305,1.15087,1.15127
1785828000,1.151265,1.151715,1.151245,1.15168
1785828300,1.151685,1.151715,1.15126,1.15126
1785828600,1.15126,1.15141,1.15106,1.151405
1785828900,1.15141,1.151495,1.151005,1.15118
1785829200,1.151185,1.15132,1.150985,1.150995
1785829500,1.150995,1.151065,1.150875,1.15094
1785829800,1.150935,1.15132,1.15089,1.15125
1785830100,1.151245,1.151285,1.151035,1.151085
1785830400,1.15109,1.151365,1.15105,1.15125
1785830700,1.151255,1.151445,1.151105,1.15123
1785831000,1.151235,1.151235,1.150885,1.150955
1785831300,1.150955,1.15105,1.150885,1.150965
1785831600,1.15097,1.151125,1.150885,1.150945
1785831900,1.15096,1.15123,1.15078,1.151205
1785832200,1.151195,1.151195,1.15063,1.15076
1785832500,1.15076,1.1509,1.15063,1.150885
1785832800,1.150875,1.151085,1.150845,1.150955
1785833100,1.15096,1.150975,1.15064,1.150895
1785833400,1.150895,1.150955,1.150745,1.1508
1785833700,1.150795,1.150865,1.15064,1.150795
1785834000,1.1508,1.15082,1.150575,1.150625
1785834300,1.15063,1.150655,1.15033,1.1505
1785834600,1.150505,1.15076,1.150405,1.150695
1785834900,1.1507,1.15081,1.150685,1.15073
1785835200,1.150725,1.15093,1.150705,1.150855
1785835500,1.15085,1.15112,1.15081,1.15104
1785835800,1.151045,1.15111,1.15084,1.151075
1785836100,1.15108,1.151125,1.150795,1.15081
1785836400,1.15081,1.15091,1.15075,1.150815
1785836700,1.15081,1.15091,1.150675,1.15084
1785837000,1.15084,1.15086,1.150555,1.150655
1785837300,1.15066,1.150815,1.150625,1.150805
1785837600,1.15081,1.15099,1.150755,1.15088
1785837900,1.15088,1.15101,1.1508,1.15092
1785838200,1.150915,1.15111,1.150895,1.15101
1785838500,1.151015,1.15102,1.150795,1.15083
1785838800,1.150835,1.151,1.1508,1.150935
1785839100,1.150935,1.151055,1.15086,1.150955
1785839400,1.15096,1.15111,1.15091,1.150965
1785839700,1.15096,1.151065,1.150865,1.151015
1785840000,1.15101,1.15175,1.150965,1.151435
1785840300,1.15144,1.151895,1.15139,1.15156
1785840600,1.151565,1.151565,1.151365,1.151395
1785840900,1.15139,1.15154,1.151265,1.15139
1785841200,1.151395,1.151445,1.151155,1.151245
1785841500,1.151245,1.151485,1.1512,1.151455
1785841800,1.151455,1.151655,1.151385,1.151635
1785842100,1.151635,1.151795,1.151585,1.151725
1785842400,1.15173,1.151975,1.15173,1.151835
1785842700,1.15182,1.152,1.15178,1.15199
1785843000,1.151985,1.1521,1.15184,1.151855
1785843300,1.15186,1.15223,1.15183,1.1522
1785843600,1.152195,1.15235,1.151745,1.15228
1785843900,1.152285,1.152295,1.151785,1.151835
1785844200,1.15183,1.151945,1.151525,1.15159
1785844500,1.151585,1.15197,1.151495,1.15162
1785844800,1.151625,1.15184,1.15156,1.151685
1785845100,1.15169,1.15187,1.15143,1.151445
1785845400,1.15145,1.15157,1.15137,1.151425
1785845700,1.15142,1.15152,1.151335,1.151435
1785846000,1.151445,1.151705,1.151375,1.151695
1785846300,1.151695,1.151795,1.151415,1.15144
1785846600,1.151445,1.15201,1.151445,1.151965
1785846900,1.15196,1.15221,1.151955,1.15213
1785847200,1.15213,1.15233,1.15209,1.15217
1785847500,1.152175,1.152185,1.15187,1.151935
1785847800,1.15193,1.151935,1.15157,1.15158
1785848100,1.151585,1.15169,1.15145,1.15148
1785848400,1.15148,1.151515,1.15108,1.15113
1785848700,1.151135,1.15132,1.15109,1.15125
1785849000,1.15125,1.15144,1.151225,1.15129
1785849300,1.1513,1.151345,1.15097,1.15098
1785849600,1.150985,1.15195,1.15093,1.15164
1785849900,1.15165,1.151905,1.151515,1.151545
1785850200,1.15155,1.15194,1.15149,1.151935
1785850500,1.15194,1.1525,1.15189,1.152495
1785850800,1.1525,1.15252,1.15214,1.15234
1785851100,1.152335,1.15261,1.152135,1.15238
1785851400,1.152385,1.152485,1.152295,1.15239
1785851700,1.152395,1.15248,1.15216,1.152365
1785852000,1.15238,1.152605,1.152205,1.152535
1785852300,1.152535,1.152875,1.152385,1.15281
1785852600,1.152815,1.15304,1.15278,1.15296
1785852900,1.152955,1.15309,1.15274,1.152745
1785853200,1.15274,1.152935,1.152615,1.15282
1785853500,1.15282,1.15288,1.152645,1.15269
1785853800,1.152685,1.152855,1.15257,1.15269
1785854100,1.152685,1.15286,1.15233,1.15264
1785854400,1.15263,1.152845,1.152325,1.152345
1785854700,1.15234,1.15234,1.151885,1.15213
1785855000,1.152125,1.152455,1.152025,1.152225
1785855300,1.15223,1.152345,1.15197,1.15231
1785855600,1.152305,1.152545,1.15217,1.15249
1785855900,1.152485,1.152535,1.15212,1.15218
1785856200,1.152185,1.15223,1.15185,1.15185
1785856500,1.151845,1.151865,1.1514,1.15142
1785856800,1.151425,1.15173,1.151425,1.15172
1785857100,1.15172,1.151805,1.151645,1.151785
1785857400,1.15178,1.15189,1.15159,1.15172
1785857700,1.151715,1.15228,1.15134,1.152085
1785858000,1.15208,1.152145,1.15198,1.152125
1785858300,1.15212,1.152265,1.152025,1.15219
1785858600,1.152185,1.1525,1.15211,1.15248
1785858900,1.15248,1.152655,1.1524,1.15262
1785859200,1.152625,1.15266,1.15233,1.15233
1785859500,1.152335,1.15234,1.15209,1.152225
1785859800,1.15223,1.15253,1.15217,1.152185
1785860100,1.152185,1.152185,1.151945,1.15209
1785860400,1.152085,1.152225,1.152065,1.152075
1785860700,1.152075,1.152135,1.151935,1.151945
1785861000,1.15194,1.15199,1.151745,1.15177
1785861300,1.15177,1.15179,1.151675,1.151705
1785861600,1.15171,1.151875,1.1517,1.151875
1785861900,1.151875,1.15197,1.15168,1.151785
1785862200,1.151785,1.151875,1.151645,1.1517
1785862500,1.15169,1.1519,1.15165,1.151865
1785862800,1.15187,1.15223,1.15186,1.152195
1785863100,1.152195,1.152265,1.1521,1.15212
1785863400,1.15212,1.152245,1.15204,1.152235
1785863700,1.152235,1.15224,1.151975,1.15212
1785864000,1.152115,1.152245,1.151965,1.152085
1785864300,1.15209,1.152245,1.152075,1.15209
1785864600,1.15209,1.152155,1.152045,1.152135
1785864900,1.152135,1.152285,1.15213,1.15228
1785865200,1.15228,1.152585,1.15228,1.152565
1785865500,1.15257,1.15264,1.15248,1.152585
1785865800,1.152585,1.152595,1.15242,1.152485
1785866100,1.15248,1.15265,1.15241,1.15241
1785866400,1.152405,1.15252,1.152395,1.152505
1785866700,1.15251,1.15267,1.152505,1.152525
1785867000,1.15252,1.15252,1.152325,1.15243
1785867300,1.15243,1.152435,1.15228,1.15237
1785867600,1.152365,1.15256,1.15233,1.15254
1785867900,1.152535,1.15257,1.152445,1.152495
1785868200,1.152495,1.152575,1.15243,1.15251
1785868500,1.15251,1.152595,1.1525,1.152595
1785868800,1.15259,1.15273,1.1525,1.15273
1785869100,1.152735,1.152805,1.15269,1.15276
1785869400,1.152755,1.15327,1.15274,1.15313
1785869700,1.153135,1.153385,1.15311,1.153285
1785870000,1.15329,1.153335,1.15312,1.15312
1785870300,1.15312,1.15335,1.153115,1.15328
1785870600,1.153275,1.15332,1.15307,1.15308
1785870900,1.153075,1.153155,1.153025,1.15303
1785871200,1.153035,1.1531,1.152965,1.15303
1785871500,1.15303,1.15323,1.153,1.15323
1785871800,1.153235,1.153265,1.153055,1.153065
1785872100,1.153065,1.15321,1.153035,1.15318
1785872400,1.153175,1.153195,1.153115,1.15313
1785872700,1.153125,1.153145,1.153045,1.153125
1785873000,1.153125,1.153145,1.152955,1.153035
1785873300,1.153035,1.153155,1.152975,1.153075
1785873600,1.15308,1.153175,1.153065,1.153155
1785873900,1.15316,1.15322,1.153105,1.15315
1785874200,1.153155,1.15321,1.1531,1.153165
1785874500,1.15315,1.153325,1.153145,1.15321
1785874800,1.15321,1.153415,1.153195,1.153345
1785875100,1.153345,1.153375,1.153235,1.153255
1785875400,1.15325,1.15327,1.1532,1.153245
1785875700,1.15325,1.153255,1.153125,1.153125
1785876000,1.15313,1.15316,1.153075,1.153085
1785876300,1.153085,1.153195,1.153065,1.153185
1785876600,1.15318,1.15323,1.15309,1.15321
1785876900,1.153205,1.15341,1.15315,1.153155
1785877200,1.153155,1.15319,1.152755,1.15283
1785877500,1.152845,1.15287,1.15283,1.152855
1785877800,1.152855,1.15292,1.152835,1.1529
1785878100,1.1529,1.15307,1.152885,1.153005
1785878400,1.153,1.153,1.152885,1.152895
1785878700,1.152895,1.15297,1.15288,1.152965
1785879000,1.152965,1.153165,1.152945,1.15316
1785879300,1.15316,1.15319,1.15296,1.152975
1785879600,1.152975,1.152975,1.152935,1.15295
1785879900,1.15295,1.15304,1.15295,1.152995
1785880200,1.152995,1.15305,1.15295,1.15295
1785880500,1.15295,1.153055,1.152945,1.15297
1785880800,1.15298,1.153115,1.15296,1.15301
1785881100,1.15301,1.153105,1.15297,1.153055
1785881400,1.153055,1.15314,1.153055,1.15313
1785881700,1.153125,1.153135,1.153065,1.153075
1785882000,1.153075,1.153085,1.15302,1.153065
1785882300,1.15306,1.153085,1.153025,1.153085
1785882600,1.15309,1.153215,1.15309,1.153215
1785882900,1.15321,1.153245,1.153175,1.15324
1785883200,1.15324,1.153275,1.153235,1.153245
1785883500,1.15325,1.153295,1.153095,1.153195
1785883800,1.15319,1.15326,1.15317,1.153245
1785884100,1.153245,1.15329,1.153215,1.153285
1785884400,1.15328,1.153285,1.15302,1.15317
1785884700,1.153175,1.15333,1.153145,1.15329
1785885000,1.153285,1.15329,1.153155,1.153205
1785885300,1.153205,1.153205,1.153085,1.15309
1785885600,1.15309,1.15314,1.15308,1.15309
1785885900,1.153095,1.15314,1.15302,1.153035
1785886200,1.15304,1.15312,1.153035,1.153075
1785886500,1.153075,1.153085,1.15301,1.15307
1785886800,1.15307,1.153085,1.15299,1.153025
1785887100,1.153015,1.153145,1.153015,1.153145
1785887400,1.15315,1.15318,1.153075,1.153085
1785887700,1.153085,1.153255,1.153065,1.1532
1785888000,1.153205,1.15342,1.153125,1.15334
1785888300,1.15335,1.15348,1.153335,1.15336
1785888600,1.15335,1.15335,1.15319,1.153295
1785888900,1.153295,1.153415,1.153245,1.15329
1785889200,1.153295,1.15353,1.15327,1.15344
1785889500,1.15344,1.15348,1.153395,1.153465
1785889800,1.15345,1.153555,1.15338,1.15339
1785890100,1.153385,1.15344,1.153295,1.15343
1785890400,1.15343,1.15352,1.153245,1.153245
1785890700,1.153245,1.153265,1.15298,1.15298
1785891000,1.152985,1.153305,1.15297,1.15329
1785891300,1.15328,1.15333,1.15309,1.15314
1785891600,1.153145,1.153165,1.152875,1.152925
1785891900,1.152915,1.15316,1.152915,1.15314
1785892200,1.15314,1.15317,1.152895,1.15301
1785892500,1.153015,1.153175,1.153005,1.153155
1785892800,1.15316,1.15316,1.152765,1.15278
1785893100,1.152775,1.152825,1.15268,1.152825
1785893400,1.152825,1.152875,1.152725,1.152845
1785893700,1.152835,1.15285,1.152705,1.152755
1785894000,1.15276,1.152805,1.152715,1.1528
1785894300,1.1528,1.15287,1.15271,1.15275
1785894600,1.152745,1.15288,1.152695,1.152765
1785894900,1.15277,1.152805,1.15269,1.15271
1785895200,1.152715,1.1531,1.15267,1.152895
1785895500,1.152915,1.15315,1.15287,1.152995
1785895800,1.152995,1.15302,1.152825,1.152975
1785896100,1.152975,1.153095,1.152915,1.153095
1785896400,1.153075,1.153345,1.15307,1.15328
1785896700,1.15328,1.153525,1.15328,1.153365
1785897000,1.153365,1.15348,1.153315,1.153445
1785897300,1.153445,1.15377,1.153385,1.15364
1785897600,1.153645,1.154055,1.15364,1.154045
1785897900,1.154035,1.15406,1.15375,1.153765
1785898200,1.15377,1.1538,1.153635,1.15375
1785898500,1.15374,1.153785,1.153475,1.153485
1785898800,1.15349,1.153735,1.153465,1.153715
1785899100,1.153715,1.154025,1.153705,1.154005
1785899400,1.154015,1.15404,1.15394,1.153955
1785899700,1.153955,1.15403,1.15391,1.15392
1785900000,1.153915,1.15394,1.15385,1.15388
1785900300,1.153885,1.153885,1.15372,1.153765
1785900600,1.153775,1.153775,1.153625,1.153685
1785900900,1.153675,1.15368,1.15359,1.1536
1785901200,1.153595,1.15361,1.15352,1.153555
1785901500,1.153555,1.153665,1.15355,1.15366
1785901800,1.15366,1.15374,1.15365,1.15369
1785902100,1.15369,1.15376,1.153605,1.153725
1785902400,1.15373,1.15388,1.15372,1.153835
1785902700,1.153825,1.15393,1.153815,1.15388
1785903000,1.15388,1.153915,1.153825,1.15385
1785903300,1.153855,1.153985,1.15382,1.153935
1785903600,1.15394,1.15403,1.15393,1.153985
1785903900,1.15399,1.15401,1.15391,1.153925
1785904200,1.153925,1.15399,1.15385,1.15385
1785904500,1.153845,1.153935,1.15373,1.153795
1785904800,1.1538,1.153885,1.15369,1.1537
1785905100,1.153695,1.1538,1.15365,1.15365
1785905400,1.153655,1.1537,1.15351,1.153535
1785905700,1.15354,1.15365,1.15346,1.15362
1785906000,1.153615,1.153615,1.153185,1.15323
1785906300,1.15324,1.15334,1.153205,1.153265
1785906600,1.153265,1.15339,1.15322,1.153385
1785906900,1.153395,1.153425,1.153315,1.153425
1785907200,1.153415,1.153435,1.153325,1.153415
1785907500,1.153415,1.153555,1.153405,1.153455
1785907800,1.153455,1.15369,1.153455,1.153495
1785908100,1.153495,1.153675,1.153475,1.153635
1785908400,1.153615,1.153665,1.153595,1.1536
1785908700,1.153605,1.15381,1.15358,1.153645
1785909000,1.153645,1.153705,1.153435,1.153555
1785909300,1.15357,1.153715,1.15354,1.153565
1785909600,1.15357,1.153715,1.153495,1.153695
1785909900,1.1537,1.153755,1.15359,1.153665
1785910200,1.153655,1.153765,1.153625,1.153645
1785910500,1.153635,1.153635,1.15324,1.1534
1785910800,1.153405,1.153575,1.15332,1.153445
1785911100,1.153445,1.153535,1.15337,1.153535
1785911400,1.153535,1.153535,1.153255,1.153515
1785911700,1.153525,1.154025,1.15349,1.154005
1785912000,1.15398,1.154235,1.153955,1.154205
1785912300,1.15421,1.15459,1.154205,1.15445
1785912600,1.154445,1.15457,1.154345,1.15435
1785912900,1.154355,1.154555,1.15435,1.154475
1785913200,1.15447,1.154675,1.15425,1.15427
1785913500,1.154265,1.154375,1.154015,1.154175
1785913800,1.15418,1.154225,1.153775,1.153835
1785914100,1.153835,1.154,1.153835,1.15388
1785914400,1.153875,1.154165,1.153805,1.153805
1785914700,1.1538,1.15383,1.153395,1.153425
1785915000,1.153415,1.153745,1.153415,1.153645
1785915300,1.15364,1.153695,1.153555,1.153655
1785915600,1.153655,1.15379,1.153545,1.15358
1785915900,1.153585,1.15365,1.153475,1.153635
1785916200,1.153635,1.15378,1.15354,1.15359
1785916500,1.153585,1.15398,1.153585,1.153805
1785916800,1.153805,1.154035,1.153775,1.153945
1785917100,1.153945,1.153955,1.153625,1.153695
1785917400,1.153695,1.153955,1.153585,1.153655
1785917700,1.153665,1.15414,1.153665,1.154065
1785918000,1.15407,1.15425,1.15405,1.15415
1785918300,1.15414,1.15434,1.154055,1.15434
1785918600,1.154355,1.15446,1.15416,1.154195
1785918900,1.154195,1.1543,1.15381,1.15382
1785919200,1.153825,1.15383,1.15332,1.1535
1785919500,1.153495,1.153495,1.15312,1.153335
1785919800,1.153335,1.153455,1.15327,1.153405
1785920100,1.153405,1.153715,1.153345,1.153575
1785920400,1.15358,1.1538,1.15336,1.153435
1785920700,1.153435,1.153845,1.153425,1.153765
1785921000,1.153755,1.153825,1.15361,1.153725
1785921300,1.153735,1.153955,1.15366,1.15394
1785921600,1.153945,1.154065,1.153815,1.15394
1785921900,1.153935,1.154165,1.153925,1.15396
1785922200,1.153965,1.154125,1.15381,1.15405
1785922500,1.154045,1.15426,1.15403,1.154205
1785922800,1.1542,1.15425,1.15412,1.154165
1785923100,1.154165,1.154185,1.154055,1.15406
1785923400,1.15406,1.154135,1.15401,1.154115
1785923700,1.154135,1.154135,1.153965,1.153975
1785924000,1.15397,1.154015,1.153765,1.154005
1785924300,1.15401,1.154015,1.1538,1.153805
1785924600,1.153805,1.15381,1.153505,1.15363
1785924900,1.153635,1.154045,1.15358,1.15404
1785925200,1.15404,1.1541,1.153755,1.153785
1785925500,1.153785,1.15384,1.153655,1.15378
1785925800,1.15378,1.153935,1.153645,1.15368
1785926100,1.153685,1.153865,1.15365,1.153825
1785926400,1.153825,1.153905,1.153645,1.15379
1785926700,1.153795,1.153845,1.153635,1.153685
1785927000,1.15369,1.153785,1.153605,1.15374
1785927300,1.153735,1.154085,1.15372,1.15396
1785927600,1.153955,1.15422,1.153955,1.154175
1785927900,1.15418,1.15433,1.15413,1.154325
1785928200,1.154325,1.15463,1.15426,1.154585
1785928500,1.154585,1.154745,1.154365,1.15474
1785928800,1.15474,1.15488,1.154715,1.15474
1785929100,1.154735,1.15512,1.15473,1.154785
1785929400,1.154785,1.15519,1.154655,1.155115
1785929700,1.155125,1.155475,1.155105,1.155355
1785930000,1.15535,1.155515,1.15523,1.15528
1785930300,1.155275,1.155355,1.15495,1.154955
1785930600,1.15496,1.15507,1.15489,1.15503
1785930900,1.155035,1.155365,1.154995,1.155265
1785931200,1.15527,1.155475,1.155195,1.15538
1785931500,1.15538,1.15551,1.15525,1.155375
1785931800,1.15538,1.155415,1.155115,1.155195
1785932100,1.15519,1.155695,1.15519,1.155535
1785932400,1.15552,1.15571,1.15547,1.15562
1785932700,1.15562,1.15563,1.155345,1.15538
1785933000,1.155385,1.155485,1.155,1.155025
1785933300,1.15503,1.155425,1.155,1.15525
1785933600,1.15525,1.15526,1.154765,1.15479
1785933900,1.154785,1.15493,1.154725,1.154915
1785934200,1.154915,1.155015,1.154665,1.15468
1785934500,1.154685,1.15474,1.15448,1.154565
1785934800,1.15456,1.15473,1.15422,1.15464
1785935100,1.154645,1.15474,1.15452,1.154565
1785935400,1.154565,1.15469,1.15451,1.15462
1785935700,1.154615,1.154915,1.154565,1.154725
1785936000,1.15472,1.155005,1.154575,1.154985
1785936300,1.15498,1.15534,1.15496,1.155225
1785936600,1.155225,1.1554,1.155045,1.15521
1785936900,1.155215,1.15526,1.154505,1.154985
1785937200,1.15499,1.155015,1.154545,1.15456
1785937500,1.154565,1.15457,1.154025,1.154215
1785937800,1.154225,1.15446,1.15401,1.15446
1785938100,1.154455,1.15465,1.154135,1.15437
1785938400,1.15436,1.154835,1.154225,1.15473
1785938700,1.154725,1.155565,1.154725,1.155205
1785939000,1.155215,1.15548,1.15495,1.155325
1785939300,1.155315,1.155695,1.155265,1.15556
1785939600,1.15556,1.155655,1.155195,1.155325
1785939900,1.15533,1.155495,1.155005,1.155015
1785940200,1.15502,1.155075,1.154735,1.154775
1785940500,1.154765,1.154985,1.15473,1.154845
1785940800,1.154855,1.155275,1.154765,1.155155
1785941100,1.155155,1.155215,1.15489,1.15504
1785941400,1.155035,1.15519,1.15453,1.154755
1785941700,1.15475,1.15538,1.15452,1.155345
1785942000,1.155345,1.155655,1.155,1.155165
1785942300,1.15517,1.155265,1.154975,1.155135
1785942600,1.15514,1.15515,1.154945,1.154945
1785942900,1.154935,1.154935,1.154535,1.15462
1785943200,1.154615,1.154855,1.15456,1.154585
1785943500,1.154585,1.15489,1.154575,1.15474
1785943800,1.154735,1.154785,1.154465,1.15449
1785944100,1.154485,1.15503,1.154445,1.155025
1785944400,1.155025,1.155095,1.154895,1.15493
1785944700,1.154925,1.154975,1.15428,1.15429
1785945000,1.154295,1.15459,1.154295,1.154575
1785945300,1.15458,1.15472,1.15448,1.154615
1785945600,1.154605,1.154795,1.154375,1.154435
1785945900,1.154435,1.154635,1.154285,1.154625
1785946200,1.154625,1.15478,1.15451,1.154705
1785946500,1.154705,1.15484,1.154615,1.154785
1785946800,1.154785,1.154925,1.154715,1.15473
1785947100,1.154725,1.154815,1.15462,1.15476
1785947400,1.154765,1.154775,1.154595,1.154605
1785947700,1.154605,1.154615,1.154415,1.15443
1785948000,1.15443,1.15458,1.154385,1.154565
1785948300,1.15455,1.15458,1.154375,1.154485
1785948600,1.154485,1.154695,1.154475,1.154665
1785948900,1.154675,1.154695,1.154445,1.15459
1785949200,1.154595,1.154745,1.15445,1.15448
1785949500,1.15448,1.154505,1.154275,1.154305
1785949800,1.154305,1.15445,1.154305,1.154425
1785950100,1.154425,1.154595,1.154425,1.154565
1785950400,1.154565,1.154575,1.154445,1.15455
1785950700,1.15454,1.154945,1.15453,1.15489
1785951000,1.154885,1.15503,1.154765,1.15502
1785951300,1.15503,1.15525,1.155005,1.155225
1785951600,1.155225,1.15541,1.155135,1.15536
1785951900,1.15536,1.155545,1.15536,1.15544
1785952200,1.15544,1.15552,1.155375,1.15552
1785952500,1.15552,1.155735,1.155475,1.155625
1785952800,1.15563,1.15579,1.155525,1.155765
1785953100,1.15576,1.155865,1.155575,1.15563
1785953400,1.155635,1.15579,1.155515,1.155515
1785953700,1.155515,1.155645,1.15542,1.155635
1785954000,1.155635,1.155805,1.155625,1.15572
1785954300,1.15571,1.15595,1.15568,1.155915
1785954600,1.155905,1.155945,1.155555,1.15558
1785954900,1.155585,1.155625,1.155505,1.155565
1785955200,1.155565,1.15558,1.155335,1.155375
1785955500,1.155375,1.155535,1.155325,1.155485
1785955800,1.155485,1.15549,1.155335,1.155435
1785956100,1.15543,1.15557,1.155375,1.155375
1785956400,1.15538,1.155485,1.155325,1.15538
1785956700,1.155375,1.15539,1.155225,1.15526
1785957000,1.155265,1.15527,1.155095,1.155135
1785957300,1.155135,1.155145,1.154865,1.15489
1785957600,1.154885,1.15497,1.15484,1.15486
1785957900,1.154855,1.154945,1.154755,1.15479
1785958200,1.154785,1.154985,1.154785,1.154975
1785958500,1.15498,1.154995,1.154865,1.154915
1785958800,1.15492,1.155085,1.15488,1.154985
1785959100,1.15498,1.15511,1.154865,1.15492
1785959400,1.154925,1.15507,1.154885,1.15504
1785959700,1.155045,1.155235,1.15503,1.15509
1785960000,1.155085,1.155315,1.155085,1.155195
1785960300,1.1552,1.15525,1.155155,1.155185
1785960600,1.15518,1.155185,1.155005,1.155015
1785960900,1.155025,1.15504,1.154965,1.154995
1785961200,1.154995,1.155075,1.154915,1.155045
1785961500,1.15504,1.155155,1.155015,1.155085
1785961800,1.155085,1.15541,1.15506,1.155365
1785962100,1.155365,1.15539,1.15532,1.15536
1785962400,1.155355,1.15537,1.15516,1.15518
1785962700,1.15519,1.15526,1.155135,1.155145
1785963000,1.15515,1.1553,1.15515,1.155275
1785963300,1.15527,1.15538,1.15523,1.155355
1785963600,1.15535,1.155485,1.15533,1.15545
1785963900,1.15548,1.15556,1.155385,1.155555
1785964200,1.155555,1.15568,1.155545,1.1556
1785964500,1.1556,1.15564,1.155525,1.155525
1785964800,1.155575,1.155575,1.155475,1.15549
1785965100,1.15549,1.15567,1.155255,1.15544
1785965400,1.15544,1.155485,1.15523,1.155255
1785965700,1.155255,1.15534,1.15522,1.155285
1785966000,1.155285,1.15534,1.15525,1.15531
1785966300,1.15529,1.15537,1.15527,1.155305
1785966600,1.155305,1.155525,1.155275,1.15538
1785966900,1.15538,1.155495,1.155225,1.15543
1785967200,1.155445,1.155515,1.15528,1.15532
1785967500,1.155325,1.155335,1.15508,1.155235
1785967800,1.15526,1.15546,1.155235,1.155345
1785968100,1.155345,1.15549,1.15534,1.155425
1785968400,1.155425,1.15544,1.155415,1.155415
1785968700,1.15541,1.155435,1.15538,1.1554
1785969000,1.1554,1.15547,1.155335,1.15547
1785969300,1.15547,1.15548,1.155405,1.15542
1785969600,1.15542,1.155455,1.15541,1.155455
1785969900,1.155455,1.15551,1.155455,1.15546
1785970200,1.15546,1.15546,1.15541,1.155415
1785970500,1.15542,1.15551,1.15541,1.155485
1785970800,1.155485,1.15549,1.155425,1.15544
1785971100,1.15544,1.155465,1.155415,1.15543
1785971400,1.15543,1.15559,1.15543,1.15557
1785971700,1.155565,1.155575,1.155525,1.155555
1785972000,1.155545,1.155555,1.155505,1.155555
1785972300,1.155555,1.155555,1.15547,1.155475
1785972600,1.155485,1.155515,1.15546,1.155475
1785972900,1.155475,1.15556,1.15546,1.155555
1785973200,1.155555,1.155575,1.155495,1.15556
1785973500,1.155565,1.15576,1.155565,1.155745
1785973800,1.15574,1.155775,1.155705,1.155715
1785974100,1.1557,1.155715,1.15557,1.1557
1785974400,1.155705,1.155765,1.155525,1.155595
1785974700,1.155595,1.15561,1.15547,1.155525
1785975000,1.155525,1.155605,1.155455,1.15553
1785975300,1.15554,1.155655,1.155525,1.15559
1785975600,1.15559,1.155815,1.155555,1.155805
1785975900,1.1558,1.1558,1.155625,1.155645
1785976200,1.15564,1.155745,1.155615,1.15573
1785976500,1.155735,1.15581,1.15568,1.15571
1785976800,1.155715,1.15575,1.15561,1.15565
1785977100,1.155655,1.15577,1.15565,1.155665
1785977400,1.155665,1.155965,1.15566,1.155835
1785977700,1.155845,1.155885,1.155635,1.155645
1785978000,1.155645,1.15572,1.155445,1.155525
1785978300,1.155525,1.155605,1.155415,1.15558
1785978600,1.15558,1.15561,1.15535,1.15555
1785978900,1.155545,1.15556,1.1554,1.1555
1785979200,1.1555,1.15561,1.15544,1.155565
1785979500,1.155555,1.15575,1.155455,1.15552
1785979800,1.15551,1.15561,1.155455,1.155555
1785980100,1.15556,1.155695,1.155525,1.155685
1785980400,1.155685,1.155685,1.1556,1.155675
1785980700,1.15567,1.15567,1.15545,1.155475
1785981000,1.155475,1.155585,1.155455,1.155505
1785981300,1.155505,1.15557,1.155425,1.155495
1785981600,1.15549,1.155625,1.155475,1.155555
1785981900,1.155555,1.155735,1.155545,1.155695
1785982200,1.15569,1.155755,1.15552,1.155595
1785982500,1.155595,1.15572,1.15556,1.155645
1785982800,1.155645,1.155795,1.155645,1.15568
1785983100,1.155685,1.15571,1.155455,1.155605
1785983400,1.155595,1.155635,1.15549,1.155565
1785983700,1.155565,1.155725,1.155545,1.155685
1785984000,1.155695,1.15576,1.155615,1.155735
1785984300,1.155735,1.155775,1.155525,1.155575
1785984600,1.155575,1.155595,1.155545,1.155585
1785984900,1.15556,1.15556,1.155265,1.155375
1785985200,1.155375,1.15538,1.155275,1.155305
1785985500,1.155305,1.155395,1.15527,1.155275
1785985800,1.15527,1.155285,1.155195,1.15521
1785986100,1.15521,1.155235,1.15514,1.15519
1785986400,1.155195,1.155205,1.154975,1.154995
1785986700,1.154985,1.155095,1.154925,1.155005
1785987000,1.154995,1.15509,1.154955,1.155055
1785987300,1.15505,1.15505,1.15489,1.1549
1785987600,1.1549,1.154915,1.154755,1.154775
1785987900,1.15478,1.15486,1.15471,1.154855
1785988200,1.154855,1.154885,1.15475,1.15476
1785988500,1.154755,1.15488,1.15469,1.154875
1785988800,1.154875,1.15497,1.154845,1.154945
1785989100,1.154945,1.154945,1.154835,1.154855
1785989400,1.15486,1.154955,1.15479,1.154915
1785989700,1.154915,1.154935,1.154845,1.15485
1785990000,1.15485,1.15486,1.154755,1.154815
1785990300,1.154815,1.154875,1.15479,1.154845
1785990600,1.154835,1.15492,1.154815,1.154875
1785990900,1.154885,1.15489,1.154765,1.154775
1785991200,1.154775,1.154845,1.15476,1.154765
1785991500,1.154765,1.154825,1.1547,1.154815
1785991800,1.154815,1.15489,1.15476,1.154765
1785992100,1.15477,1.15492,1.154745,1.15491
1785992400,1.154915,1.154915,1.154675,1.15473
1785992700,1.154735,1.154745,1.154625,1.154655
1785993000,1.15465,1.154665,1.154455,1.154525
1785993300,1.154525,1.15457,1.154505,1.15456
1785993600,1.15456,1.154615,1.154515,1.15458
1785993900,1.15458,1.15462,1.15455,1.15455
1785994200,1.154555,1.154695,1.15452,1.154685
1785994500,1.15469,1.154885,1.154675,1.15484
1785994800,1.154845,1.15488,1.154795,1.154855
1785995100,1.154855,1.15492,1.15479,1.15491
1785995400,1.15491,1.155055,1.15487,1.15502
1785995700,1.15502,1.155035,1.15488,1.154945
1785996000,1.154945,1.155175,1.154925,1.155045
1785996300,1.155045,1.1551,1.15475,1.154755
1785996600,1.154755,1.15476,1.154565,1.154665
1785996900,1.15467,1.15476,1.15456,1.154705
1785997200,1.154705,1.154775,1.154605,1.154755
1785997500,1.154745,1.15475,1.1545,1.15464
1785997800,1.154635,1.15467,1.15447,1.154505
1785998100,1.15451,1.15452,1.154415,1.15446
1785998400,1.154455,1.154565,1.154305,1.15456
1785998700,1.154575,1.15471,1.154505,1.154525
1785999000,1.154525,1.154525,1.154355,1.15441
1785999300,1.1544,1.15448,1.15431,1.154475
1785999600,1.15448,1.15453,1.154335,1.15441
1785999900,1.154405,1.154525,1.15422,1.15427
1786000200,1.154265,1.154595,1.15424,1.15446
1786000500,1.154465,1.154665,1.154405,1.15443
1786000800,1.154425,1.154575,1.154335,1.154335
1786001100,1.154335,1.15448,1.154295,1.15447
1786001400,1.15447,1.154515,1.154365,1.154495
1786001700,1.15449,1.15451,1.154315,1.154345
1786002000,1.154345,1.154615,1.154315,1.154485
1786002300,1.154485,1.154485,1.154115,1.15418
1786002600,1.154185,1.15445,1.154175,1.154445
1786002900,1.15444,1.154515,1.15435,1.154415
1786003200,1.15442,1.154475,1.153885,1.154255
1786003500,1.154255,1.154395,1.154205,1.154395
1786003800,1.154395,1.15452,1.154295,1.154305
1786004100,1.15431,1.154475,1.154285,1.154445
1786004400,1.154455,1.154455,1.154205,1.154255
1786004700,1.154255,1.154295,1.154055,1.1541
1786005000,1.154105,1.154265,1.154005,1.154245
1786005300,1.15425,1.15432,1.154045,1.154105
1786005600,1.154105,1.154435,1.154105,1.15432
1786005900,1.15432,1.15436,1.154095,1.154115
1786006200,1.154115,1.154445,1.15411,1.154255
1786006500,1.154255,1.15436,1.154205,1.15433
1786006800,1.154325,1.154345,1.154165,1.154265
1786007100,1.154265,1.1544,1.154065,1.154105
1786007400,1.1541,1.154375,1.154095,1.15437
1786007700,1.15437,1.15437,1.154015,1.154155
1786008000,1.15416,1.15433,1.154095,1.154255
1786008300,1.154255,1.15427,1.154165,1.154225
1786008600,1.154225,1.15431,1.154065,1.154075
1786008900,1.154075,1.154085,1.15376,1.153965
1786009200,1.153965,1.15397,1.153725,1.15378
1786009500,1.153785,1.153945,1.153655,1.153935
1786009800,1.153935,1.153985,1.153915,1.153965
1786010100,1.15397,1.154025,1.153795,1.15384
1786010400,1.153845,1.153895,1.15371,1.153855
1786010700,1.153855,1.154025,1.153815,1.154005
1786011000,1.15401,1.154085,1.15365,1.15368
1786011300,1.153675,1.153785,1.153645,1.153775
1786011600,1.153775,1.154015,1.153775,1.154015
1786011900,1.15401,1.154225,1.15396,1.154125
1786012200,1.15413,1.154275,1.154105,1.15418
1786012500,1.154175,1.154195,1.154095,1.154125
1786012800,1.154135,1.15417,1.15402,1.154075
1786013100,1.15408,1.154215,1.15401,1.154205
1786013400,1.154205,1.154225,1.153975,1.15401
1786013700,1.154015,1.154125,1.153915,1.154095
1786014000,1.154095,1.154395,1.154095,1.154245
1786014300,1.154245,1.154505,1.154215,1.154465
1786014600,1.15447,1.154485,1.15428,1.15429
1786014900,1.15429,1.154435,1.15422,1.15443
1786015200,1.154435,1.154515,1.154285,1.15449
1786015500,1.154485,1.154695,1.154485,1.154525
1786015800,1.154525,1.15456,1.15435,1.15439
1786016100,1.154385,1.154385,1.153965,1.15399
1786016400,1.153985,1.154055,1.153845,1.153855
1786016700,1.153855,1.154025,1.153765,1.154015
1786017000,1.15401,1.154275,1.153915,1.15416
1786017300,1.154165,1.154515,1.15402,1.154505
1786017600,1.154515,1.15456,1.15432,1.154345
1786017900,1.154345,1.154375,1.15413,1.154185
1786018200,1.154175,1.154245,1.153915,1.153955
1786018500,1.153965,1.15423,1.153965,1.15423
1786018800,1.15424,1.154275,1.1541,1.154155
1786019100,1.15416,1.154375,1.15415,1.15425
1786019400,1.15426,1.154525,1.154065,1.154465
1786019700,1.154455,1.154485,1.154145,1.154165
1786020000,1.154165,1.15429,1.154005,1.154175
1786020300,1.15418,1.15423,1.15374,1.153815
1786020600,1.153815,1.154035,1.153685,1.153945
1786020900,1.15397,1.154105,1.15382,1.153855
1786021200,1.15385,1.154115,1.15385,1.15408
1786021500,1.154075,1.154095,1.153685,1.153745
1786021800,1.153755,1.15381,1.153565,1.153805
1786022100,1.153805,1.15395,1.153665,1.153895
1786022400,1.153885,1.15409,1.153845,1.153955
1786022700,1.153955,1.154025,1.1538,1.15387
1786023000,1.153875,1.154,1.15377,1.15396
1786023300,1.15396,1.154175,1.153865,1.154145
1786023600,1.154155,1.154365,1.154125,1.15424
1786023900,1.154245,1.154245,1.153875,1.153905
1786024200,1.153905,1.154365,1.153905,1.154225
1786024500,1.15422,1.154505,1.154205,1.154285
1786024800,1.15429,1.154405,1.15403,1.15403
1786025100,1.154025,1.154045,1.15329,1.153425
1786025400,1.15342,1.15356,1.15326,1.153455
1786025700,1.15346,1.153885,1.153395,1.153765
1786026000,1.15377,1.15381,1.153455,1.153725
1786026300,1.15372,1.153725,1.153385,1.153475
1786026600,1.153475,1.153675,1.153465,1.153605
1786026900,1.15361,1.153755,1.153405,1.153405
1786027200,1.153405,1.15366,1.15336,1.153575
1786027500,1.153565,1.153565,1.153175,1.15322
1786027800,1.153215,1.15334,1.153055,1.15328
1786028100,1.153275,1.153545,1.153195,1.153515
1786028400,1.15352,1.153575,1.15325,1.153385
1786028700,1.153375,1.15357,1.153205,1.153285
1786029000,1.15329,1.153335,1.15274,1.152815
1786029300,1.15282,1.152865,1.1522,1.15222
1786029600,1.15223,1.152345,1.152125,1.152345
1786029900,1.152345,1.152685,1.152295,1.152365
1786030200,1.15237,1.152415,1.15216,1.15216
1786030500,1.15216,1.15224,1.151995,1.152075
1786030800,1.152075,1.152345,1.15197,1.152265
1786031100,1.152265,1.15245,1.152265,1.152335
1786031400,1.152335,1.15243,1.15191,1.151975
1786031700,1.15198,1.152285,1.151935,1.152075
1786032000,1.152075,1.15219,1.151945,1.152135
1786032300,1.152125,1.15222,1.15206,1.152095
1786032600,1.152095,1.15216,1.15191,1.152015
1786032900,1.152005,1.152015,1.15147,1.15156
1786033200,1.15157,1.15168,1.151475,1.151665
1786033500,1.151665,1.15199,1.151655,1.15194
1786033800,1.151935,1.15199,1.151805,1.15193
1786034100,1.151925,1.15205,1.151825,1.15204
1786034400,1.15204,1.15207,1.151685,1.151785
1786034700,1.151785,1.15192,1.151775,1.151895
1786035000,1.1519,1.15223,1.1519,1.152215
1786035300,1.15221,1.15228,1.151985,1.152065
1786035600,1.15207,1.152225,1.152035,1.152135
1786035900,1.15214,1.152175,1.151945,1.152095
1786036200,1.152105,1.152185,1.151925,1.15197
1786036500,1.151965,1.15197,1.151765,1.151935
1786036800,1.151935,1.152085,1.151925,1.152015
1786037100,1.15202,1.1521,1.15191,1.15201
1786037400,1.152005,1.15207,1.151865,1.15198
1786037700,1.15198,1.151995,1.151755,1.151915
1786038000,1.15192,1.151945,1.151835,1.151905
1786038300,1.151905,1.15209,1.151865,1.152025
1786038600,1.152025,1.152235,1.15202,1.152165
1786038900,1.152165,1.152295,1.152165,1.152285
1786039200,1.152285,1.15235,1.15224,1.152345
1786039500,1.152345,1.15248,1.152325,1.152425
1786039800,1.15243,1.152445,1.152345,1.152345
1786040100,1.152345,1.15243,1.15229,1.15233
1786040400,1.152335,1.15236,1.15222,1.152245
1786040700,1.152245,1.15225,1.15219,1.152225
1786041000,1.152225,1.152335,1.152215,1.15228
1786041300,1.15228,1.15228,1.152165,1.152215
1786041600,1.152215,1.15227,1.152165,1.152215
1786041900,1.152225,1.15239,1.152225,1.152335
1786042200,1.152335,1.152365,1.15218,1.152235
1786042500,1.152225,1.15238,1.152225,1.152375
1786042800,1.15238,1.15256,1.15235,1.152525
1786043100,1.15252,1.152575,1.15249,1.152525
1786043400,1.15253,1.152565,1.152205,1.15226
1786043700,1.15226,1.15235,1.152245,1.152285
1786044000,1.152285,1.15239,1.15198,1.152025
1786044300,1.15202,1.1521,1.15172,1.151885
1786044600,1.15188,1.1521,1.15178,1.15206
1786044900,1.15206,1.15206,1.151885,1.151905
1786045200,1.151905,1.15193,1.151815,1.15187
1786045500,1.151865,1.151965,1.15183,1.15196
1786045800,1.15195,1.152565,1.15195,1.15251
1786046100,1.152505,1.152525,1.152225,1.152315
1786046400,1.152315,1.152355,1.152215,1.15233
1786046700,1.152355,1.152395,1.152165,1.15217
1786047000,1.152175,1.152195,1.152105,1.15213
1786047300,1.15213,1.152135,1.15205,1.15205
1786047600,1.152055,1.152065,1.15195,1.151955
1786047900,1.15195,1.152075,1.151885,1.15206
1786048200,1.152055,1.152185,1.152055,1.15215
1786048500,1.15215,1.15223,1.15211,1.152125
1786048800,1.15213,1.152215,1.15203,1.15221
1786049100,1.152215,1.15228,1.152195,1.152235
1786049400,1.152245,1.152295,1.152215,1.152275
1786049700,1.152285,1.15244,1.152245,1.15244
1786050000,1.15244,1.15263,1.152305,1.152375
1786050300,1.15237,1.15237,1.152255,1.15234
1786050600,1.15234,1.152345,1.1523,1.152315
1786050900,1.152315,1.152325,1.1523,1.15231
1786051200,1.15231,1.15232,1.15219,1.15224
1786051500,1.15224,1.15225,1.15221,1.15221
1786051800,1.15219,1.15222,1.15216,1.1522
1786052100,1.1522,1.15226,1.152065,1.152105
1786052400,1.152105,1.152135,1.15208,1.152135
1786052700,1.1521,1.15213,1.152015,1.152085
1786053000,1.152095,1.152125,1.152045,1.152095
1786053300,1.152095,1.152155,1.151985,1.15207
1786053600,1.15209,1.1523,1.15208,1.15218
1786053900,1.15218,1.1522,1.152125,1.15213
1786054200,1.15212,1.152225,1.15208,1.15219
1786054500,1.152185,1.152235,1.152175,1.152225
1786054800,1.152225,1.152245,1.152165,1.152215
1786055100,1.152215,1.152255,1.152195,1.15222
1786055400,1.15222,1.15224,1.15218,1.15224
1786055700,1.15224,1.152275,1.152225,1.152225
1786056000,1.152225,1.15225,1.152215,1.15222
1786056300,1.152215,1.15226,1.15221,1.15221
1786056600,1.15221,1.15223,1.152185,1.15221
1786056900,1.15221,1.15223,1.15217,1.15219
1786057200,1.152195,1.152265,1.15219,1.15226
1786057500,1.15226,1.15231,1.15226,1.152285
1786057800,1.152285,1.15236,1.152265,1.152345
1786058100,1.152345,1.15237,1.15231,1.152315
1786058400,1.152315,1.152315,1.152265,1.152305
1786058700,1.152305,1.15235,1.152295,1.152315
1786059000,1.152315,1.152315,1.152245,1.152255
1786059300,1.152255,1.152265,1.152245,1.152255
1786059600,1.152255,1.15237,1.152255,1.152365
1786059900,1.15237,1.15244,1.15236,1.152415
1786060200,1.152415,1.152415,1.152345,1.15237
1786060500,1.15237,1.15242,1.15236,1.15241
1786060800,1.152405,1.15242,1.15227,1.152295
1786061100,1.15229,1.152355,1.152255,1.15226
1786061400,1.15226,1.15226,1.152095,1.152135
1786061700,1.152135,1.15217,1.15201,1.152105
1786062000,1.152105,1.152125,1.15203,1.152065
1786062300,1.152065,1.152225,1.15205,1.152155
1786062600,1.15216,1.152255,1.15215,1.152185
1786062900,1.152185,1.152205,1.15206,1.15211
1786063200,1.152105,1.152115,1.15204,1.15208
1786063500,1.152085,1.15214,1.15203,1.152065
1786063800,1.152065,1.152195,1.152035,1.152075
1786064100,1.15208,1.15217,1.151815,1.151915
1786064400,1.15192,1.152075,1.151845,1.151915
1786064700,1.151915,1.152155,1.15187,1.1521
1786065000,1.152105,1.152255,1.152065,1.152205
1786065300,1.152205,1.152205,1.15209,1.15211
1786065600,1.15211,1.152215,1.1521,1.15217
1786065900,1.15217,1.152225,1.152085,1.152155
1786066200,1.15215,1.1522,1.152005,1.15211
1786066500,1.15211,1.152225,1.152105,1.152195
1786066800,1.152195,1.152575,1.152175,1.15247
1786067100,1.152465,1.15252,1.152275,1.152305
1786067400,1.15231,1.15232,1.152195,1.152225
1786067700,1.152225,1.152245,1.152125,1.15216
1786068000,1.152155,1.152295,1.152145,1.15221
1786068300,1.152215,1.152265,1.15214,1.152195
1786068600,1.152195,1.152265,1.152155,1.152165
1786068900,1.152155,1.152195,1.15207,1.152085
1786069200,1.152085,1.15231,1.152085,1.15229
1786069500,1.152285,1.152295,1.152215,1.152245
1786069800,1.15225,1.152275,1.152125,1.152155
1786070100,1.152155,1.152205,1.15208,1.152195
1786070400,1.152195,1.15222,1.152115,1.152145
1786070700,1.152145,1.15235,1.152105,1.152345
1786071000,1.152345,1.152345,1.152225,1.152245
1786071300,1.152245,1.152245,1.152105,1.152155
1786071600,1.152155,1.152255,1.152125,1.152175
1786071900,1.152175,1.15219,1.152015,1.152015
1786072200,1.152015,1.152115,1.15198,1.152105
1786072500,1.15211,1.152125,1.152025,1.152105
1786072800,1.152105,1.15218,1.152065,1.152145
1786073100,1.152145,1.152175,1.152135,1.152145
1786073400,1.15215,1.152215,1.152105,1.152175
1786073700,1.152175,1.152225,1.152165,1.152185
1786074000,1.15219,1.152205,1.15211,1.152145
1786074300,1.152145,1.15223,1.15213,1.152225
1786074600,1.152225,1.152265,1.152145,1.152255
1786074900,1.152255,1.152325,1.152235,1.152325
1786075200,1.152315,1.152335,1.152215,1.152225
1786075500,1.152225,1.15227,1.152185,1.152215
1786075800,1.152215,1.152245,1.152165,1.152215
1786076100,1.152215,1.15225,1.15217,1.152195
1786076400,1.152195,1.1523,1.152175,1.15227
1786076700,1.15227,1.152275,1.15218,1.152205
1786077000,1.15221,1.152355,1.152165,1.15234
1786077300,1.15233,1.152345,1.152275,1.15229
1786077600,1.152285,1.152425,1.15223,1.15241
1786077900,1.152405,1.15241,1.15228,1.152305
1786078200,1.15231,1.152435,1.15231,1.15243
1786078500,1.15243,1.15243,1.15235,1.15235
1786078800,1.152355,1.15243,1.152345,1.15243
1786079100,1.152425,1.152435,1.15235,1.152435
1786079400,1.152435,1.15254,1.152425,1.152475
1786079700,1.15248,1.152505,1.152365,1.152375
1786080000,1.152375,1.152375,1.15224,1.152245
1786080300,1.15224,1.152335,1.152145,1.152155
1786080600,1.152175,1.1523,1.152075,1.152255
1786080900,1.152255,1.152405,1.15224,1.152395
1786081200,1.152405,1.152405,1.15231,1.152345
1786081500,1.152345,1.152425,1.15222,1.152415
1786081800,1.152415,1.152485,1.15232,1.15236
1786082100,1.15236,1.15236,1.152225,1.152235
1786082400,1.152225,1.15244,1.152155,1.152155
1786082700,1.152155,1.152315,1.1521,1.15221
1786083000,1.15221,1.15236,1.152205,1.152355
1786083300,1.15236,1.152425,1.152135,1.152245
1786083600,1.152245,1.1525,1.152215,1.152495
1786083900,1.15249,1.15249,1.1523,1.152415
1786084200,1.15242,1.152425,1.152245,1.152265
1786084500,1.152265,1.152415,1.15221,1.152295
1786084800,1.1523,1.152345,1.15215,1.15222
1786085100,1.15222,1.152315,1.15219,1.152205
1786085400,1.15221,1.15242,1.152155,1.15239
1786085700,1.152395,1.15248,1.152195,1.152215
1786086000,1.152215,1.152235,1.151955,1.151955
1786086300,1.15193,1.152145,1.151775,1.152025
1786086600,1.152035,1.152345,1.152035,1.152275
1786086900,1.152275,1.152435,1.15218,1.15227
1786087200,1.152255,1.15233,1.1522,1.152285
1786087500,1.15228,1.152355,1.152185,1.152255
1786087800,1.152255,1.152335,1.15211,1.152115
1786088100,1.152105,1.15218,1.152025,1.152105
1786088400,1.1521,1.152185,1.15196,1.152015
1786088700,1.152015,1.152185,1.152005,1.15211
1786089000,1.15212,1.15227,1.15212,1.15225
1786089300,1.152245,1.15232,1.152205,1.152245
1786089600,1.152255,1.15229,1.152055,1.152165
1786089900,1.152155,1.15221,1.152035,1.152055
1786090200,1.152055,1.15208,1.151805,1.15187
1786090500,1.15187,1.152095,1.151865,1.152085
1786090800,1.152085,1.15213,1.151975,1.152015
1786091100,1.15202,1.15206,1.151925,1.151935
1786091400,1.151925,1.152235,1.151905,1.152155
1786091700,1.15216,1.152285,1.15204,1.152225
1786092000,1.152235,1.152435,1.152235,1.152415
1786092300,1.15241,1.15253,1.152255,1.152295
1786092600,1.152295,1.152465,1.152285,1.152355
1786092900,1.152355,1.152495,1.152345,1.152365
1786093200,1.152365,1.152565,1.15231,1.152365
1786093500,1.15237,1.152525,1.152355,1.152485
1786093800,1.152475,1.152885,1.152465,1.152855
1786094100,1.15285,1.152925,1.152835,1.15287
1786094400,1.15287,1.15295,1.15284,1.152885
1786094700,1.152895,1.152955,1.152695,1.15274
1786095000,1.152735,1.152735,1.152585,1.152625
1786095300,1.152635,1.15267,1.15256,1.152605
1786095600,1.1526,1.15282,1.1526,1.152765
1786095900,1.15277,1.15294,1.152765,1.15294
1786096200,1.15294,1.153075,1.15287,1.153065
1786096500,1.153065,1.153125,1.15287,1.1529
1786096800,1.152895,1.152925,1.15269,1.15274
1786097100,1.152745,1.152895,1.15268,1.152755
1786097400,1.15276,1.152795,1.152595,1.15267
1786097700,1.152665,1.15285,1.152605,1.152765
1786098000,1.15277,1.152855,1.152745,1.15281
1786098300,1.1528,1.15282,1.152625,1.152765
1786098600,1.152765,1.152845,1.15272,1.15276
1786098900,1.152765,1.152815,1.152615,1.15275
1786099200,1.152745,1.1528,1.15257,1.152595
1786099500,1.152595,1.152785,1.152585,1.152765
1786099800,1.15277,1.152905,1.152715,1.152745
1786100100,1.15275,1.15283,1.15269,1.152705
1786100400,1.15271,1.152995,1.152705,1.15296
1786100700,1.152955,1.152995,1.15275,1.15296
1786101000,1.152955,1.15297,1.152815,1.15282
1786101300,1.15283,1.15287,1.15272,1.15286
1786101600,1.152865,1.15296,1.15265,1.1527
1786101900,1.152705,1.15277,1.15265,1.15267
1786102200,1.152665,1.15299,1.15264,1.15291
1786102500,1.152915,1.15302,1.15283,1.15302
1786102800,1.15302,1.153225,1.152985,1.15321
1786103100,1.153205,1.153265,1.153145,1.15325
1786103400,1.15326,1.153295,1.153155,1.15316
1786103700,1.153165,1.153325,1.15314,1.1533
1786104000,1.153305,1.153675,1.1533,1.15357
1786104300,1.15357,1.15358,1.15344,1.15351
1786104600,1.153505,1.15378,1.153415,1.15342
1786104900,1.153415,1.153465,1.153265,1.1533
1786105200,1.153305,1.153415,1.15292,1.15303
1786105500,1.153025,1.1531,1.15268,1.152805
1786105800,1.15281,1.15724,1.152765,1.157205
1786106100,1.15721,1.157395,1.15619,1.157335
1786106400,1.15734,1.15772,1.157,1.157355
1786106700,1.15735,1.158095,1.15724,1.15795
1786107000,1.157945,1.157945,1.15736,1.15766
1786107300,1.157655,1.157695,1.157075,1.15728
1786107600,1.157275,1.15743,1.15672,1.15673
1786107900,1.156735,1.15731,1.15673,1.157095
1786108200,1.1571,1.157495,1.15679,1.157455
1786108500,1.15745,1.15748,1.156745,1.156855
1786108800,1.156845,1.15737,1.15668,1.15735
1786109100,1.15736,1.157545,1.15698,1.157005
1786109400,1.15701,1.157145,1.156195,1.156395
1786109700,1.15639,1.15704,1.156285,1.157015
1786110000,1.15701,1.157465,1.15701,1.157205
1786110300,1.15721,1.157235,1.15648,1.156545
1786110600,1.15655,1.1566,1.15629,1.156465
1786110900,1.15647,1.15656,1.15565,1.15576
1786111200,1.155755,1.15585,1.15533,1.15534
1786111500,1.155335,1.155825,1.155205,1.155665
1786111800,1.15566,1.155835,1.155505,1.15578
1786112100,1.155785,1.156375,1.155625,1.156305
1786112400,1.1563,1.156435,1.156065,1.156225
1786112700,1.156225,1.15624,1.15565,1.155705
1786113000,1.15571,1.15604,1.15543,1.15592
1786113300,1.155925,1.15597,1.155645,1.15588
1786113600,1.155875,1.155955,1.155045,1.15522
1786113900,1.15522,1.155415,1.1551,1.155245
1786114200,1.15524,1.15559,1.155165,1.155455
1786114500,1.15546,1.155535,1.1552,1.15531
1786114800,1.15529,1.155525,1.15502,1.155075
1786115100,1.15508,1.155665,1.15505,1.155655
1786115400,1.15566,1.1561,1.15564,1.15608
1786115700,1.156075,1.15631,1.15596,1.156265
1786116000,1.15626,1.156375,1.15604,1.15606
1786116300,1.156065,1.15613,1.15568,1.1557
1786116600,1.155695,1.155745,1.15543,1.155505
1786116900,1.15551,1.15605,1.15551,1.1559
1786117200,1.155895,1.15626,1.155895,1.15614
1786117500,1.156155,1.15632,1.155885,1.15591
1786117800,1.155915,1.15597,1.155665,1.15579
1786118100,1.155795,1.156075,1.15575,1.155865
1786118400,1.15586,1.15606,1.155745,1.156015
1786118700,1.15601,1.15632,1.156005,1.156105
1786119000,1.15611,1.156525,1.15611,1.15652
1786119300,1.156525,1.156525,1.156295,1.156315
1786119600,1.15631,1.15659,1.156015,1.156245
1786119900,1.15625,1.15639,1.156165,1.156245
1786120200,1.15625,1.156405,1.15614,1.156155
1786120500,1.15616,1.156295,1.156115,1.156295
1786120800,1.156295,1.15638,1.15621,1.1563
1786121100,1.1563,1.156735,1.156295,1.15672
1786121400,1.15672,1.15672,1.15607,1.1561
1786121700,1.156095,1.156125,1.15587,1.1559
1786122000,1.155895,1.156015,1.155755,1.155955
1786122300,1.155955,1.15604,1.155905,1.155995
1786122600,1.156,1.15613,1.155955,1.156115
1786122900,1.156115,1.15617,1.155945,1.15602
1786123200,1.15602,1.15619,1.15597,1.156165
1786123500,1.156165,1.156305,1.156095,1.156105
1786123800,1.15611,1.156325,1.156025,1.15611
1786124100,1.15611,1.15629,1.155995,1.15626
1786124400,1.15626,1.156355,1.15625,1.156275
1786124700,1.156275,1.156315,1.15621,1.156215
1786125000,1.156215,1.156335,1.1562,1.156275
1786125300,1.15627,1.156315,1.1561,1.156115
1786125600,1.15612,1.156135,1.155885,1.15595
1786125900,1.155945,1.15626,1.15593,1.15624
1786126200,1.15624,1.156335,1.156115,1.156125
1786126500,1.15613,1.156235,1.156075,1.156115
1786126800,1.156115,1.156165,1.156,1.156065
1786127100,1.156065,1.156275,1.156055,1.15623
1786127400,1.156225,1.156375,1.15621,1.156355
1786127700,1.15636,1.156385,1.15629,1.156315
1786128000,1.156325,1.156425,1.156305,1.156405
1786128300,1.156405,1.156615,1.15637,1.15661
1786128600,1.156615,1.15663,1.156535,1.156565
1786128900,1.15657,1.15657,1.15639,1.15651
1786129200,1.156515,1.156815,1.15646,1.156565
1786129500,1.156565,1.15666,1.1565,1.15666
1786129800,1.156655,1.15667,1.1564,1.156445
1786130100,1.15644,1.156745,1.15639,1.156565
1786130400,1.156565,1.156885,1.156565,1.156875
1786130700,1.156875,1.15702,1.156815,1.15696
1786131000,1.156955,1.157,1.156815,1.15693
1786131300,1.15693,1.15694,1.15672,1.156755
1786131600,1.15676,1.156785,1.156585,1.156585
1786131900,1.156595,1.1567,1.156555,1.15657
1786132200,1.156575,1.156585,1.156325,1.156365
1786132500,1.156365,1.156375,1.15609,1.156155
1786132800,1.156155,1.15618,1.156055,1.15611
1786133100,1.156105,1.15614,1.155945,1.155975
1786133400,1.155975,1.155975,1.155865,1.1559
1786133700,1.1559,1.155915,1.15575,1.155755
1786134000,1.155755,1.155795,1.155645,1.155695
1786134300,1.155695,1.155725,1.155595,1.15567
1786134600,1.155675,1.155725,1.15556,1.155715
1786134900,1.15572,1.155865,1.155695,1.155855
1786135200,1.155855,1.15594,1.155745,1.155785
1786135500,1.155795,1.15582,1.15563,1.15563
1786135800,1.155635,1.155825,1.155635,1.15576
1786136100,1.15578,1.15603,1.155715,1.15585
1786309200,1.15585,1.15658,1.15585,1.156555
1786309500,1.156555,1.15662,1.156355,1.15662
1786309800,1.15662,1.15672,1.15651,1.15658
1786310100,1.156635,1.156635,1.156455,1.156535
1786310400,1.156535,1.156535,1.15648,1.156485
1786310700,1.156485,1.1565,1.1564,1.156485
1786311000,1.156485,1.156485,1.15623,1.15624
1786311300,1.15624,1.156325,1.15607,1.15609
1786311600,1.15609,1.156145,1.156075,1.156085
1786311900,1.156085,1.156155,1.15608,1.15614
1786312200,1.15613,1.15614,1.156105,1.15613
1786312500,1.15613,1.15616,1.1561,1.156155
1786312800,1.15615,1.156205,1.15568,1.15576
1786313100,1.15576,1.15576,1.15559,1.15572
1786313400,1.15572,1.155755,1.15561,1.155645
1786313700,1.155645,1.15571,1.155575,1.155585
1786314000,1.15558,1.155615,1.15554,1.155595
1786314300,1.1556,1.15565,1.155485,1.155505
1786314600,1.155505,1.15562,1.1555,1.15557
1786314900,1.15557,1.155705,1.15557,1.155695
1786315200,1.155695,1.155715,1.1556,1.15565
1786315500,1.15565,1.15571,1.155645,1.155675
1786315800,1.155675,1.1557,1.155525,1.155555
1786316100,1.15555,1.155585,1.155515,1.155545
1786316400,1.155545,1.155715,1.155545,1.155715
1786316700,1.155715,1.155795,1.15565,1.15572
1786317000,1.155725,1.155805,1.155665,1.155775
1786317300,1.155775,1.15579,1.1557,1.15573
1786317600,1.15573,1.155765,1.1557,1.155745
1786317900,1.155745,1.15583,1.155735,1.155735
1786318200,1.155735,1.15576,1.15554,1.155595
1786318500,1.155595,1.1556,1.15542,1.15554
1786318800,1.155555,1.15578,1.155555,1.155765
1786319100,1.155765,1.15582,1.155655,1.155715
1786319400,1.155715,1.155815,1.155695,1.15576
1786319700,1.155765,1.15577,1.155545,1.155545
1786320000,1.155555,1.155865,1.15555,1.155765
1786320300,1.15576,1.155865,1.155705,1.155775
1786320600,1.15577,1.155905,1.155635,1.155865
1786320900,1.155865,1.155865,1.155585,1.15559
1786321200,1.15559,1.155645,1.15556,1.155605
1786321500,1.155605,1.15566,1.1555,1.15558
1786321800,1.155585,1.15559,1.155475,1.155555
1786322100,1.155565,1.155615,1.15543,1.15548
1786322400,1.155485,1.15552,1.155435,1.155445
1786322700,1.155445,1.15571,1.155405,1.155705
1786323000,1.15571,1.15589,1.155695,1.15579
1786323300,1.155785,1.15588,1.155735,1.15582
1786323600,1.15581,1.155905,1.15534,1.15551
1786323900,1.15551,1.15552,1.15527,1.155385
1786324200,1.15538,1.15553,1.15533,1.15549
1786324500,1.1555,1.155655,1.15546,1.155525
1786324800,1.155525,1.155595,1.155385,1.155555
1786325100,1.155555,1.15561,1.15545,1.15545
1786325400,1.155455,1.155455,1.15527,1.155355
1786325700,1.155345,1.155405,1.1552,1.155385
1786326000,1.155385,1.15549,1.15537,1.155405
1786326300,1.155385,1.155535,1.155315,1.155475
1786326600,1.155475,1.155495,1.15533,1.15538
1786326900,1.15539,1.155445,1.155285,1.155395
1786327200,1.15541,1.15549,1.155375,1.155465
1786327500,1.155465,1.155465,1.155325,1.155335
1786327800,1.155335,1.15538,1.15526,1.155355
1786328100,1.155355,1.155505,1.155355,1.155465
1786328400,1.155465,1.155465,1.15533,1.155345
1786328700,1.155345,1.155455,1.155285,1.155415
1786329000,1.155415,1.15552,1.155395,1.155425
1786329300,1.155425,1.155435,1.15529,1.15529
1786329600,1.155295,1.155315,1.155215,1.155215
1786329900,1.155215,1.155255,1.15519,1.155245
1786330200,1.155245,1.15529,1.15516,1.155215
1786330500,1.155215,1.155245,1.155095,1.155175
1786330800,1.155165,1.1552,1.154965,1.15505
1786331100,1.155045,1.15505,1.154945,1.15495
1786331400,1.15495,1.155105,1.15493,1.155095
1786331700,1.155095,1.155105,1.155005,1.155095
1786332000,1.1551,1.15529,1.155095,1.15521
1786332300,1.15521,1.15525,1.15497,1.155115
1786332600,1.155115,1.15513,1.154975,1.155005
1786332900,1.155005,1.155045,1.15494,1.154945
1786333200,1.15495,1.15505,1.154885,1.154945
1786333500,1.154945,1.15507,1.154945,1.155045
1786333800,1.15504,1.155045,1.154935,1.15499
1786334100,1.154995,1.155,1.154885,1.154905
1786334400,1.154905,1.154975,1.15488,1.154935
1786334700,1.154935,1.15494,1.154805,1.154855
1786335000,1.154855,1.154975,1.15483,1.154945
1786335300,1.154945,1.154955,1.15486,1.154895
1786335600,1.154895,1.154955,1.154875,1.154935
1786335900,1.154935,1.15502,1.154935,1.154965
1786336200,1.154975,1.154995,1.154915,1.15493
1786336500,1.15492,1.15493,1.154835,1.15488
1786336800,1.15488,1.15501,1.15488,1.15501
1786337100,1.15501,1.15519,1.155005,1.15519
1786337400,1.1552,1.155255,1.155185,1.1552
1786337700,1.155195,1.15526,1.155125,1.155145
1786338000,1.15515,1.155305,1.155105,1.155295
1786338300,1.15529,1.155315,1.15515,1.155155
1786338600,1.155155,1.15516,1.155005,1.15511
1786338900,1.15511,1.155165,1.15506,1.15506
1786339200,1.155055,1.15515,1.155045,1.155145
1786339500,1.155145,1.155195,1.15508,1.155145
1786339800,1.15515,1.15519,1.155025,1.15515
1786340100,1.155145,1.155325,1.155125,1.155275
1786340400,1.155275,1.155335,1.15512,1.15516
1786340700,1.155165,1.15532,1.155145,1.15529
1786341000,1.155295,1.15552,1.155295,1.15548
1786341300,1.155485,1.15563,1.15544,1.155475
1786341600,1.15547,1.155505,1.155245,1.15529
1786341900,1.15529,1.15546,1.15526,1.15544
1786342200,1.155435,1.155505,1.155285,1.155405
1786342500,1.1554,1.15576,1.155365,1.15554
1786342800,1.15552,1.155625,1.155415,1.155515
1786343100,1.15551,1.15563,1.155435,1.1556
1786343400,1.155595,1.155605,1.15544,1.155465
1786343700,1.155465,1.155585,1.155435,1.15549
1786344000,1.155485,1.15564,1.15539,1.15546
1786344300,1.155465,1.155515,1.15539,1.155415
1786344600,1.15541,1.155415,1.155245,1.155305
1786344900,1.15531,1.155545,1.15528,1.155495
1786345200,1.15549,1.15551,1.155205,1.15526
1786345500,1.155255,1.15559,1.155235,1.15546
1786345800,1.15545,1.155605,1.15536,1.15536
1786346100,1.15537,1.15561,1.15533,1.155545
1786346400,1.15554,1.15574,1.15539,1.15571
1786346700,1.15571,1.155795,1.155525,1.15561
1786347000,1.155605,1.155735,1.15555,1.155665
1786347300,1.155665,1.15611,1.155665,1.15596
1786347600,1.15596,1.15632,1.15596,1.15632
1786347900,1.15631,1.156565,1.15608,1.156145
1786348200,1.15614,1.156205,1.15583,1.155875
1786348500,1.15588,1.15615,1.155875,1.15609
1786348800,1.1561,1.156155,1.15595,1.156095
1786349100,1.156095,1.156275,1.15606,1.156255
1786349400,1.15626,1.15654,1.15625,1.156505
1786349700,1.156505,1.15657,1.15637,1.15645
1786350000,1.156455,1.15652,1.156385,1.156405
1786350300,1.156405,1.156485,1.15634,1.156465
1786350600,1.15647,1.156505,1.156175,1.156245
1786350900,1.15625,1.15638,1.156205,1.15631
1786351200,1.156305,1.156405,1.156255,1.156265
1786351500,1.15627,1.156275,1.15614,1.156145
1786351800,1.15614,1.156265,1.156085,1.15611
1786352100,1.156115,1.156195,1.15607,1.15609
1786352400,1.156095,1.1561,1.155935,1.15598
1786352700,1.15599,1.15625,1.15599,1.15621
1786353000,1.156205,1.156365,1.156135,1.15634
1786353300,1.156345,1.156365,1.15613,1.156135
1786353600,1.156135,1.15629,1.1561,1.15629
1786353900,1.156285,1.156285,1.156145,1.15625
1786354200,1.156245,1.156255,1.155975,1.15601
1786354500,1.15601,1.15604,1.15568,1.155745
1786354800,1.15574,1.15607,1.15569,1.156015
1786355100,1.15601,1.156085,1.155905,1.15597
1786355400,1.155965,1.156065,1.155845,1.156055
1786355700,1.15606,1.156115,1.15567,1.15569
1786356000,1.155695,1.155745,1.155495,1.155515
1786356300,1.155515,1.155675,1.15544,1.15561
1786356600,1.155615,1.155655,1.15549,1.155535
1786356900,1.15553,1.15562,1.1555,1.155605
1786357200,1.155615,1.1558,1.15559,1.155685
1786357500,1.15568,1.155725,1.155615,1.155665
1786357800,1.15566,1.15573,1.155555,1.1557
1786358100,1.1557,1.15574,1.155455,1.1556
1786358400,1.155595,1.155685,1.15545,1.15566
1786358700,1.155665,1.15568,1.15553,1.15557
1786359000,1.155575,1.155705,1.15555,1.155565
1786359300,1.15557,1.155645,1.15549,1.155535
1786359600,1.15553,1.15565,1.15549,1.15556
1786359900,1.155555,1.155595,1.155355,1.155395
1786360200,1.15539,1.1554,1.15508,1.155235
1786360500,1.15523,1.155295,1.15515,1.15517
1786360800,1.15516,1.15529,1.15509,1.15516
1786361100,1.155155,1.15525,1.154995,1.15515
1786361400,1.15515,1.15522,1.15503,1.15513
1786361700,1.15513,1.15526,1.15509,1.155205
1786362000,1.1552,1.155315,1.155055,1.155075
1786362300,1.15507,1.15516,1.15496,1.155005
1786362600,1.155,1.155015,1.154905,1.155
1786362900,1.155005,1.155245,1.154935,1.155235
1786363200,1.15524,1.155275,1.155085,1.15519
1786363500,1.15518,1.155515,1.15515,1.15547
1786363800,1.155475,1.155505,1.1551,1.155155
1786364100,1.15516,1.15516,1.15494,1.15499
1786364400,1.154995,1.15518,1.15492,1.15501
1786364700,1.155015,1.155055,1.15468,1.15486
1786365000,1.154855,1.155015,1.154745,1.154755
1786365300,1.15475,1.154845,1.154685,1.15478
1786365600,1.154775,1.15479,1.154585,1.15459
1786365900,1.15459,1.154855,1.15452,1.154815
1786366200,1.154805,1.15491,1.1547,1.15471
1786366500,1.154705,1.154815,1.154695,1.15471
1786366800,1.154705,1.15484,1.154645,1.15465
1786367100,1.15465,1.15492,1.15455,1.154915
1786367400,1.15491,1.15523,1.154865,1.15521
1786367700,1.155205,1.15533,1.15509,1.155245
1786368000,1.15524,1.15538,1.15496,1.15506
1786368300,1.155065,1.1553,1.15505,1.155255
1786368600,1.155265,1.15536,1.15502,1.155155
1786368900,1.15515,1.155245,1.15487,1.154905
1786369200,1.15491,1.155175,1.15479,1.154805
1786369500,1.154805,1.155105,1.154685,1.154705
1786369800,1.15471,1.15477,1.15438,1.154495
1786370100,1.15449,1.15469,1.15441,1.154495
1786370400,1.1545,1.15464,1.154435,1.15456
1786370700,1.154565,1.15487,1.154565,1.154795
1786371000,1.1548,1.155045,1.154695,1.15491
1786371300,1.154905,1.15515,1.15476,1.155045
1786371600,1.15504,1.155115,1.154955,1.15501
1786371900,1.155015,1.1554,1.15501,1.155285
1786372200,1.15528,1.15531,1.15512,1.15527
1786372500,1.15527,1.155475,1.155235,1.1554
1786372800,1.155405,1.15547,1.15527,1.15534
1786373100,1.155345,1.15558,1.15534,1.15541
1786373400,1.155405,1.155405,1.155,1.155165
1786373700,1.15517,1.15531,1.155065,1.155195
1786374000,1.15519,1.15523,1.154755,1.154845
1786374300,1.15484,1.15505,1.154785,1.15482
1786374600,1.154825,1.155125,1.154785,1.15511
1786374900,1.1551,1.15534,1.155085,1.1552
1786375200,1.15521,1.155255,1.15506,1.15506
1786375500,1.155075,1.155085,1.154655,1.154865
1786375800,1.15487,1.15497,1.15464,1.15467
1786376100,1.154665,1.154815,1.15464,1.1547
1786376400,1.154695,1.15483,1.154635,1.15471
1786376700,1.154705,1.154875,1.154675,1.154715
1786377000,1.154715,1.15505,1.154715,1.15502
1786377300,1.15502,1.155215,1.154925,1.155175
1786377600,1.15518,1.15532,1.155165,1.15527
1786377900,1.155275,1.155345,1.155215,1.15531
1786378200,1.15531,1.155425,1.155235,1.155255
1786378500,1.155255,1.15527,1.15505,1.15512
1786378800,1.155115,1.15516,1.15496,1.15499
1786379100,1.154985,1.155265,1.15491,1.155265
1786379400,1.15526,1.15533,1.154725,1.155155
1786379700,1.15515,1.15527,1.155135,1.155145
1786380000,1.155145,1.15517,1.15466,1.15468
1786380300,1.154685,1.154705,1.154505,1.154595
1786380600,1.15459,1.15488,1.15459,1.15479
1786380900,1.154785,1.15481,1.154675,1.154705
1786381200,1.15471,1.154765,1.154445,1.15455
1786381500,1.15455,1.15457,1.154395,1.154485
1786381800,1.15449,1.15451,1.15436,1.15447
1786382100,1.154465,1.154485,1.154245,1.15427
1786382400,1.154265,1.15432,1.154105,1.154315
1786382700,1.15431,1.15443,1.15417,1.154365
1786383000,1.15436,1.154675,1.15436,1.154565
1786383300,1.154565,1.15463,1.154515,1.15455
1786383600,1.15455,1.154605,1.154455,1.154465
1786383900,1.15447,1.15447,1.15429,1.15441
1786384200,1.1544,1.15447,1.154265,1.154265
1786384500,1.15427,1.15429,1.154205,1.154285
1786384800,1.15429,1.154395,1.154265,1.154375
1786385100,1.154375,1.154435,1.15435,1.15442
1786385400,1.154425,1.15448,1.15436,1.15437
1786385700,1.154365,1.15438,1.15424,1.15424
1786386000,1.154245,1.15428,1.154115,1.15427
1786386300,1.15427,1.154295,1.154205,1.15422
1786386600,1.154215,1.15448,1.15411,1.15435
1786386900,1.154345,1.15441,1.154285,1.154405
1786387200,1.15441,1.154485,1.154365,1.154465
1786387500,1.154465,1.154475,1.154325,1.154365
1786387800,1.15437,1.154375,1.154015,1.15402
1786388100,1.154015,1.154275,1.154,1.154215
1786388400,1.15421,1.15426,1.154065,1.15407
1786388700,1.154075,1.154145,1.15406,1.15408
1786389000,1.15408,1.154155,1.15403,1.15415
1786389300,1.154145,1.154155,1.154045,1.154145
1786389600,1.15415,1.15431,1.15415,1.15422
1786389900,1.154215,1.154245,1.15416,1.15421
1786390200,1.15422,1.15431,1.154105,1.15412
1786390500,1.15412,1.154275,1.154115,1.15416
1786390800,1.15416,1.154315,1.15416,1.15426
1786391100,1.154265,1.154295,1.15422,1.154285
1786391400,1.154275,1.154315,1.154205,1.154265
1786391700,1.154255,1.154255,1.15411,1.154155
1786392000,1.154165,1.154265,1.154145,1.154215
1786392300,1.154215,1.154305,1.15419,1.15426
1786392600,1.15426,1.154325,1.15426,1.154315
1786392900,1.154315,1.15432,1.15426,1.154275
1786393200,1.154275,1.154275,1.15418,1.154205
1786393500,1.1542,1.15422,1.154155,1.154165
1786393800,1.154165,1.154175,1.15416,1.154165
1786394100,1.154165,1.154265,1.154165,1.154245
1786394400,1.154235,1.15427,1.154225,1.154255
1786394700,1.154225,1.154245,1.154195,1.15424
1786395000,1.154235,1.154255,1.15422,1.154225
1786395300,1.154225,1.154395,1.154225,1.154395
1786395600,1.154395,1.154575,1.154285,1.154325
1786395900,1.15433,1.15439,1.15426,1.154365
1786396200,1.15436,1.154405,1.154265,1.154265
1786396500,1.154265,1.15434,1.154265,1.154305
1786396800,1.154305,1.154305,1.154255,1.154265
1786397100,1.15431,1.154385,1.1543,1.154325
1786397400,1.154325,1.15438,1.154305,1.154345
1786397700,1.154345,1.154415,1.154315,1.154365
1786398000,1.154365,1.154395,1.154275,1.15436
1786398300,1.15436,1.154385,1.15427,1.154325
1786398600,1.154325,1.154335,1.154265,1.1543
1786398900,1.1543,1.15438,1.154235,1.1543
1786399200,1.15429,1.154445,1.15429,1.154355
1786399500,1.154345,1.15437,1.15429,1.1543
1786399800,1.154295,1.15433,1.154275,1.154295
1786400100,1.15429,1.15431,1.154265,1.154305
1786400400,1.154305,1.154315,1.154235,1.15425
1786400700,1.15425,1.154305,1.15424,1.15429
1786401000,1.15429,1.154305,1.154245,1.15429
1786401300,1.154295,1.154375,1.15426,1.154345
1786401600,1.154345,1.154345,1.154315,1.154345
1786401900,1.154345,1.154385,1.15433,1.15434
1786402200,1.15434,1.15437,1.15433,1.154365
1786402500,1.154365,1.154395,1.15435,1.154385
1786402800,1.154395,1.15442,1.154305,1.15434
1786403100,1.15434,1.154365,1.154305,1.15431
1786403400,1.154305,1.15433,1.154295,1.15432
1786403700,1.15431,1.15432,1.15429,1.154315
1786404000,1.154315,1.154355,1.154295,1.154305
1786404300,1.154305,1.154335,1.154255,1.1543
1786404600,1.154295,1.1543,1.154245,1.154245
1786404900,1.15424,1.15434,1.154235,1.1543
1786405200,1.1543,1.154335,1.15426,1.15432
1786405500,1.154315,1.15447,1.154315,1.154435
1786405800,1.154435,1.154445,1.154395,1.154405
1786406100,1.1544,1.15467,1.154395,1.15461
1786406400,1.154615,1.154715,1.15457,1.154675
1786406700,1.15468,1.15471,1.154525,1.15465
1786407000,1.154645,1.15473,1.15464,1.154705
1786407300,1.154705,1.154815,1.15463,1.1547
1786407600,1.154695,1.154825,1.15469,1.15472
1786407900,1.15472,1.154855,1.15472,1.154805
1786408200,1.154805,1.15486,1.1547,1.154725
1786408500,1.154725,1.15479,1.154685,1.15478
1786408800,1.15478,1.154975,1.15477,1.154885
1786409100,1.154885,1.154905,1.154765,1.154775
1786409400,1.154775,1.154865,1.154725,1.15474
1786409700,1.154745,1.154815,1.154605,1.154615
1786410000,1.154615,1.154615,1.15431,1.154355
1786410300,1.154355,1.15466,1.154335,1.154625
1786410600,1.15463,1.154735,1.154545,1.154735
1786410900,1.154735,1.154895,1.154705,1.154845
1786411200,1.154845,1.154925,1.15477,1.15477
1786411500,1.15477,1.154865,1.154715,1.15484
1786411800,1.15484,1.154965,1.154815,1.154965
1786412100,1.154965,1.154975,1.154815,1.154845
1786412400,1.154845,1.15489,1.154635,1.154645
1786412700,1.154645,1.154845,1.154625,1.154835
1786413000,1.154835,1.15486,1.154755,1.154855
1786413300,1.15486,1.15487,1.154625,1.15463
1786413600,1.154635,1.154635,1.154505,1.1546
1786413900,1.154595,1.154635,1.154385,1.154405
1786414200,1.154405,1.1545,1.15433,1.154485
1786414500,1.15448,1.1545,1.154335,1.15435
1786414800,1.154345,1.15436,1.15407,1.15408
1786415100,1.154075,1.154305,1.15404,1.1541
1786415400,1.154105,1.154205,1.15406,1.154205
1786415700,1.1542,1.154205,1.154095,1.15412
1786416000,1.154115,1.15423,1.154095,1.15416
1786416300,1.154155,1.154175,1.153955,1.154035
1786416600,1.154035,1.15405,1.153935,1.15394
1786416900,1.15394,1.15406,1.15387,1.15399
1786417200,1.15399,1.154075,1.15396,1.15403
1786417500,1.15403,1.1542,1.15401,1.154125
1786417800,1.154125,1.15423,1.154115,1.154225
1786418100,1.154215,1.15432,1.154195,1.15431
1786418400,1.154305,1.154365,1.154185,1.154245
1786418700,1.15425,1.15445,1.15423,1.154435
1786419000,1.15444,1.154515,1.154425,1.154475
1786419300,1.154475,1.15451,1.15436,1.154365
1786419600,1.154365,1.154405,1.154335,1.15434
1786419900,1.15434,1.154355,1.154285,1.1543
1786420200,1.1543,1.154305,1.154205,1.154305
1786420500,1.154305,1.154345,1.154265,1.154295
1786420800,1.1543,1.154405,1.15427,1.154385
1786421100,1.154385,1.15441,1.154355,1.154365
1786421400,1.154365,1.15441,1.154345,1.15439
1786421700,1.154385,1.154495,1.15438,1.154425
1786422000,1.15442,1.15443,1.15438,1.15441
1786422300,1.15441,1.15448,1.154385,1.154465
1786422600,1.154465,1.154535,1.154275,1.15428
1786422900,1.15428,1.154285,1.154195,1.154235
1786423200,1.15424,1.154255,1.15403,1.154105
1786423500,1.1541,1.15432,1.15395,1.153955
1786423800,1.15396,1.15413,1.15393,1.15409
1786424100,1.154095,1.154295,1.154095,1.15429
1786424400,1.15429,1.154295,1.15414,1.15417
1786424700,1.15417,1.154195,1.15409,1.154195
1786425000,1.15419,1.154215,1.154045,1.1541
1786425300,1.154095,1.154145,1.15406,1.15407
1786425600,1.15407,1.154145,1.154,1.154115
1786425900,1.15411,1.154145,1.15404,1.15412
1786426200,1.154125,1.15417,1.15399,1.15417
1786426500,1.15417,1.154235,1.15409,1.15421
1786426800,1.154215,1.154295,1.154165,1.15427
1786427100,1.154275,1.154275,1.15413,1.15415
1786427400,1.15415,1.154155,1.153875,1.15391
1786427700,1.153915,1.154115,1.15389,1.154105
1786428000,1.15411,1.15435,1.154075,1.15422
1786428300,1.154215,1.15422,1.15407,1.154115
1786428600,1.15411,1.154155,1.15401,1.15404
1786428900,1.154035,1.154115,1.153815,1.15384
1786429200,1.153835,1.153835,1.15346,1.15346
1786429500,1.153465,1.1538,1.153455,1.15368
1786429800,1.15367,1.153745,1.15329,1.15345
1786430100,1.153445,1.153715,1.15339,1.153705
1786430400,1.153705,1.153795,1.15358,1.15366
1786430700,1.153665,1.153665,1.1535,1.1536
1786431000,1.153605,1.153655,1.153405,1.15346
1786431300,1.153465,1.1537,1.1534,1.1537
1786431600,1.153705,1.153955,1.153695,1.15387
1786431900,1.153875,1.154015,1.15379,1.153865
1786432200,1.15386,1.153915,1.153755,1.15386
1786432500,1.153855,1.15388,1.153665,1.153815
1786432800,1.15381,1.15385,1.15354,1.153665
1786433100,1.15367,1.153795,1.15364,1.153765
1786433400,1.15376,1.15387,1.15369,1.1537
1786433700,1.153685,1.15376,1.153415,1.153435
1786434000,1.153425,1.15345,1.153265,1.153275
1786434300,1.15328,1.153465,1.153255,1.15341
1786434600,1.153415,1.153515,1.15329,1.15341
1786434900,1.153405,1.153465,1.15318,1.1532
1786435200,1.153195,1.15331,1.153145,1.15329
1786435500,1.15328,1.15336,1.153145,1.15336
1786435800,1.153365,1.15343,1.15314,1.15327
1786436100,1.153275,1.15338,1.15324,1.15326
1786436400,1.15326,1.15341,1.15326,1.15334
1786436700,1.153335,1.15343,1.15324,1.153425
1786437000,1.15342,1.15356,1.15339,1.153495
1786437300,1.1535,1.153715,1.153395,1.153685
1786437600,1.15368,1.153875,1.153665,1.15381
1786437900,1.15381,1.153825,1.15363,1.153715
1786438200,1.153715,1.15377,1.15352,1.153545
1786438500,1.153545,1.1537,1.153525,1.15363
1786438800,1.153635,1.15364,1.153485,1.153595
1786439100,1.153595,1.1536,1.15337,1.153425
1786439400,1.153425,1.15352,1.15341,1.15341
1786439700,1.15341,1.153515,1.15339,1.153465
1786440000,1.153465,1.15351,1.15333,1.15335
1786440300,1.15335,1.153435,1.15329,1.153385
1786440600,1.15338,1.15347,1.15332,1.153395
1786440900,1.15339,1.15342,1.153315,1.15335
1786441200,1.153345,1.153435,1.153295,1.15341
1786441500,1.153415,1.15364,1.15339,1.153615
1786441800,1.153615,1.15362,1.153545,1.153605
1786442100,1.15361,1.153745,1.15361,1.153715
1786442400,1.15371,1.15371,1.153435,1.15364
1786442700,1.153645,1.153855,1.15359,1.153665
1786443000,1.15367,1.153795,1.15359,1.15359
1786443300,1.15359,1.153615,1.15337,1.15337
1786443600,1.153375,1.153655,1.153335,1.153445
1786443900,1.15344,1.153815,1.15341,1.153665
1786444200,1.15366,1.153735,1.15353,1.15372
1786444500,1.153705,1.153845,1.1537,1.153765
1786444800,1.153765,1.153845,1.153605,1.153605
1786445100,1.153605,1.153645,1.153555,1.1536
1786445400,1.1536,1.153635,1.153455,1.15346
1786445700,1.15346,1.153655,1.153445,1.153655
1786446000,1.15365,1.154365,1.153455,1.154145
1786446300,1.15415,1.15437,1.153935,1.154015
1786446600,1.15402,1.154235,1.154015,1.154175
1786446900,1.15418,1.15421,1.153905,1.15394
1786447200,1.153945,1.153985,1.153835,1.15387
1786447500,1.153875,1.154005,1.153835,1.153905
1786447800,1.15391,1.153965,1.15365,1.153865
1786448100,1.15387,1.153915,1.153805,1.15385
1786448400,1.15385,1.153855,1.15361,1.15363
1786448700,1.153635,1.153685,1.15349,1.15354
1786449000,1.153545,1.153775,1.15354,1.15361
1786449300,1.153615,1.15374,1.15355,1.153645
1786449600,1.15365,1.153805,1.153555,1.15367
1786449900,1.153665,1.154045,1.153615,1.15398
1786450200,1.153985,1.154005,1.153735,1.153785
1786450500,1.15378,1.15382,1.15366,1.153815
1786450800,1.15381,1.15395,1.15338,1.15352
1786451100,1.153525,1.153755,1.15352,1.15369
1786451400,1.153695,1.154185,1.153655,1.15401
1786451700,1.15401,1.15402,1.15384,1.153895
1786452000,1.1539,1.15406,1.15379,1.15405
1786452300,1.15405,1.154195,1.153995,1.154185
1786452600,1.15418,1.15423,1.154055,1.154115
1786452900,1.15412,1.154415,1.15404,1.15416
1786453200,1.15414,1.154505,1.15414,1.15425
1786453500,1.154255,1.1544,1.15421,1.154295
1786453800,1.154295,1.154395,1.154185,1.154185
1786454100,1.154185,1.15438,1.15409,1.1541
1786454400,1.154095,1.154505,1.15408,1.15444
1786454700,1.154435,1.154435,1.15415,1.15416
1786455000,1.154155,1.15418,1.153905,1.154065
1786455300,1.15408,1.154365,1.154,1.15434
1786455600,1.15435,1.15447,1.154245,1.154455
1786455900,1.15446,1.15473,1.154455,1.15461
1786456200,1.154615,1.15485,1.154495,1.1545
1786456500,1.15451,1.15461,1.15437,1.154415
1786456800,1.15441,1.15442,1.15401,1.15413
1786457100,1.154135,1.15433,1.154045,1.154055
1786457400,1.15406,1.15417,1.15391,1.154155
1786457700,1.15416,1.154245,1.15401,1.154215
1786458000,1.15422,1.15427,1.154005,1.154105
1786458300,1.1541,1.154175,1.153775,1.15393
1786458600,1.153925,1.15415,1.15385,1.15412
1786458900,1.154125,1.154255,1.153995,1.15416
1786459200,1.154155,1.15427,1.15408,1.15424
1786459500,1.154235,1.154295,1.15401,1.15405
1786459800,1.154045,1.154305,1.15401,1.15426
1786460100,1.154265,1.154295,1.1541,1.15426
1786460400,1.15427,1.15447,1.15415,1.154335
1786460700,1.15433,1.15433,1.153975,1.154065
1786461000,1.15406,1.154155,1.153745,1.153745
1786461300,1.15374,1.1538,1.153645,1.15375
1786461600,1.15375,1.15412,1.153735,1.15391
1786461900,1.153905,1.154055,1.153905,1.15403
1786462200,1.154025,1.15412,1.15365,1.153755
1786462500,1.15375,1.15392,1.15374,1.15386
1786462800,1.153865,1.15389,1.153685,1.153815
1786463100,1.15381,1.15402,1.1538,1.153945
1786463400,1.15394,1.154105,1.153835,1.154105
1786463700,1.1541,1.15436,1.1541,1.154305
1786464000,1.15431,1.154375,1.1541,1.154105
1786464300,1.1541,1.154205,1.15399,1.154205
1786464600,1.15421,1.15426,1.15409,1.154105
1786464900,1.154105,1.15411,1.153915,1.153935
1786465200,1.153935,1.15403,1.153925,1.153985
1786465500,1.15399,1.15416,1.153985,1.154145
1786465800,1.15414,1.154165,1.15407,1.154105
1786466100,1.154105,1.154195,1.154105,1.15415
1786466400,1.15415,1.15428,1.15409,1.15414
1786466700,1.154135,1.15415,1.154045,1.15406
1786467000,1.154055,1.15411,1.15393,1.15395
1786467300,1.15395,1.154025,1.15392,1.15395
1786467600,1.153955,1.154025,1.153885,1.15396
1786467900,1.153955,1.15396,1.15358,1.153605
1786468200,1.1536,1.15365,1.153545,1.153555
1786468500,1.15355,1.1537,1.15351,1.15369
1786468800,1.153685,1.15379,1.15361,1.15363
1786469100,1.15363,1.153635,1.15343,1.15353
1786469400,1.15353,1.15362,1.15348,1.153485
1786469700,1.153485,1.153675,1.15348,1.153655
1786470000,1.15365,1.1538,1.153635,1.153755
1786470300,1.153755,1.153895,1.153745,1.15387
1786470600,1.153875,1.153895,1.15382,1.153845
1786470900,1.15385,1.153855,1.153715,1.153805
1786471200,1.1538,1.15383,1.15366,1.15372
1786471500,1.15372,1.153725,1.15363,1.15364
1786471800,1.15364,1.153675,1.15361,1.15365
1786472100,1.15365,1.153665,1.15355,1.153615
1786472400,1.153615,1.15364,1.15356,1.15362
1786472700,1.15362,1.153725,1.15362,1.15369
1786473000,1.153695,1.153985,1.153655,1.153955
1786473300,1.15396,1.154095,1.153905,1.154055
1786473600,1.15405,1.154155,1.15398,1.154105
1786473900,1.154105,1.154225,1.154095,1.154105
1786474200,1.1541,1.15413,1.15395,1.15395
1786474500,1.153955,1.15409,1.153945,1.15405
1786474800,1.154055,1.154135,1.15404,1.15404
1786475100,1.15404,1.15422,1.15402,1.15417
1786475400,1.154175,1.15425,1.154145,1.154195
1786475700,1.154195,1.1542,1.153995,1.154035
1786476000,1.15404,1.154205,1.15401,1.1542
1786476300,1.154205,1.154255,1.15414,1.15424
1786476600,1.15425,1.154285,1.1542,1.15428
1786476900,1.15428,1.15428,1.15416,1.15428
1786477200,1.15428,1.154295,1.154195,1.15421
1786477500,1.154205,1.154265,1.15416,1.154265
1786477800,1.15425,1.15427,1.15424,1.15424
1786478100,1.15423,1.1543,1.15421,1.154295
1786478400,1.154285,1.154375,1.15425,1.1543
1786478700,1.154305,1.15436,1.1543,1.154335
1786479000,1.154335,1.154355,1.15421,1.154235
1786479300,1.154235,1.154235,1.15418,1.154185
1786479600,1.15419,1.15419,1.154175,1.154175
1786479900,1.154175,1.15418,1.15408,1.154145
1786480200,1.154145,1.154155,1.15412,1.15413
1786480500,1.15413,1.15414,1.15408,1.15408
1786480800,1.154085,1.154085,1.15394,1.15395
1786481100,1.153955,1.15415,1.153945,1.154145
1786481400,1.15415,1.154185,1.154145,1.154175
1786481700,1.15417,1.154315,1.15417,1.154285
1786482000,1.154285,1.154285,1.15411,1.15411
1786482300,1.154105,1.15416,1.154105,1.15414
1786482600,1.154145,1.154165,1.15412,1.15413
1786482900,1.154125,1.154145,1.154105,1.15411
1786483200,1.15412,1.15415,1.154085,1.154095
1786483500,1.154095,1.15412,1.153945,1.15402
1786483800,1.15402,1.154085,1.15395,1.15401
1786484100,1.15401,1.1541,1.15401,1.15409
1786484400,1.15409,1.15409,1.15405,1.15406
1786484700,1.15406,1.15409,1.154045,1.154055
1786485000,1.154055,1.15408,1.154025,1.154035
1786485300,1.154035,1.154055,1.154035,1.15404
1786485600,1.154035,1.15431,1.154035,1.15431
1786485900,1.154295,1.154325,1.154255,1.15426
1786486200,1.15426,1.154315,1.154225,1.15428
1786486500,1.15428,1.154285,1.154235,1.154255
1786486800,1.154255,1.154285,1.154235,1.15426
1786487100,1.15426,1.154315,1.154245,1.154315
1786487400,1.154315,1.15432,1.15422,1.15423
1786487700,1.15423,1.154235,1.15417,1.154185
1786488000,1.154185,1.15423,1.154185,1.154225
1786488300,1.154225,1.15427,1.154225,1.154245
1786488600,1.15424,1.154285,1.15424,1.15428
1786488900,1.15428,1.154345,1.15428,1.154345
1786489200,1.15435,1.15437,1.154295,1.154295
1786489500,1.154295,1.15436,1.154295,1.154345
1786489800,1.154345,1.15435,1.154245,1.154245
1786490100,1.154245,1.154265,1.154235,1.154235
1786490400,1.154235,1.154295,1.154235,1.154295
1786490700,1.154295,1.154315,1.154185,1.15419
1786491000,1.15419,1.154215,1.15412,1.15416
1786491300,1.154155,1.154255,1.15415,1.154235
1786491600,1.15423,1.15434,1.15422,1.15434
1786491900,1.15433,1.15433,1.154225,1.154255
1786492200,1.154255,1.154335,1.15425,1.154335
1786492500,1.15434,1.15437,1.15432,1.154345
1786492800,1.154355,1.15445,1.15423,1.154405
1786493100,1.154395,1.154425,1.154255,1.154415
1786493400,1.154415,1.15447,1.154365,1.154385
1786493700,1.154375,1.154465,1.154345,1.154455
1786494000,1.15446,1.154475,1.154405,1.15444
1786494300,1.15444,1.15447,1.154355,1.154415
1786494600,1.15442,1.15442,1.15428,1.154325
1786494900,1.154325,1.154335,1.15425,1.154315
1786495200,1.15432,1.154435,1.154255,1.154265
1786495500,1.154265,1.15429,1.154085,1.154135
1786495800,1.154135,1.15415,1.153955,1.154035
1786496100,1.154015,1.154195,1.15398,1.154075
1786496400,1.15408,1.154095,1.153795,1.15389
1786496700,1.15389,1.153935,1.153775,1.153815
1786497000,1.153815,1.153815,1.15366,1.153785
1786497300,1.153785,1.153865,1.153705,1.153815
1786497600,1.153815,1.153845,1.153695,1.153755
1786497900,1.153755,1.153855,1.15368,1.153835
1786498200,1.153835,1.15394,1.153815,1.153845
1786498500,1.153845,1.153885,1.153755,1.153875
1786498800,1.153865,1.153985,1.153855,1.153975
1786499100,1.15398,1.15404,1.15393,1.15399
1786499400,1.153995,1.154025,1.153825,1.153895
1786499700,1.15389,1.153895,1.153785,1.15383
1786500000,1.153835,1.15384,1.15369,1.15374
1786500300,1.15374,1.15383,1.15373,1.153815
1786500600,1.15381,1.15384,1.15368,1.153685
1786500900,1.15369,1.15369,1.153525,1.153555
1786501200,1.15355,1.153685,1.15355,1.153625
1786501500,1.153625,1.15371,1.153625,1.15369
1786501800,1.153695,1.15392,1.15369,1.153855
1786502100,1.153855,1.15401,1.1538,1.15388
1786502400,1.15388,1.153905,1.153775,1.15389
1786502700,1.15389,1.153915,1.153745,1.153825
1786503000,1.153825,1.153845,1.153765,1.153785
1786503300,1.15379,1.15387,1.15373,1.153845
1786503600,1.153845,1.15385,1.153715,1.153715
1786503900,1.153715,1.153795,1.153695,1.15379
1786504200,1.153795,1.15386,1.15374,1.15374
1786504500,1.15374,1.153755,1.153695,1.153735
1786504800,1.153735,1.153795,1.153715,1.153735
1786505100,1.15374,1.15374,1.153645,1.153665
1786505400,1.153665,1.153715,1.153655,1.153665
1786505700,1.153665,1.153775,1.15365,1.153665
1786506000,1.153665,1.153685,1.153615,1.153615
1786506300,1.153615,1.15362,1.15357,1.15361
1786506600,1.15361,1.15361,1.15353,1.15354
1786506900,1.153535,1.153565,1.153505,1.15354
1786507200,1.15354,1.153595,1.15352,1.153595
1786507500,1.153595,1.153635,1.15356,1.153575
1786507800,1.153565,1.153565,1.15342,1.153455
1786508100,1.153455,1.15348,1.153295,1.15336
1786508400,1.15336,1.15342,1.15333,1.15339
1786508700,1.15339,1.15347,1.153325,1.15339
1786509000,1.153395,1.153465,1.15339,1.15344
1786509300,1.15344,1.153475,1.153405,1.153475
1786509600,1.153475,1.15364,1.153475,1.153595
1786509900,1.153595,1.153595,1.15354,1.15354
1786510200,1.15354,1.15355,1.15349,1.153505
1786510500,1.153505,1.15365,1.1535,1.15358
1786510800,1.153585,1.15359,1.15345,1.15345
1786511100,1.15345,1.153455,1.15339,1.15344
1786511400,1.15344,1.153455,1.15333,1.15334
1786511700,1.153335,1.153345,1.15329,1.15333
1786512000,1.15333,1.153345,1.153225,1.15325
1786512300,1.15325,1.15336,1.15324,1.153345
1786512600,1.15335,1.153535,1.153345,1.153385
1786512900,1.153385,1.15349,1.15338,1.15348
1786513200,1.153475,1.15349,1.1534,1.153435
1786513500,1.153435,1.153435,1.153285,1.15331
1786513800,1.153305,1.153405,1.15328,1.1534
1786514100,1.153405,1.15346,1.15334,1.15338
1786514400,1.153375,1.153485,1.15333,1.1534
1786514700,1.153405,1.153515,1.153385,1.15339
1786515000,1.153395,1.15356,1.15339,1.153505
1786515300,1.153505,1.153605,1.153445,1.153535
1786515600,1.15354,1.15358,1.15348,1.153545
1786515900,1.15355,1.153595,1.15351,1.153545
1786516200,1.15354,1.153605,1.1534,1.153555
1786516500,1.15356,1.1536,1.153455,1.153465
1786516800,1.153465,1.15362,1.153455,1.153485
1786517100,1.153485,1.153555,1.153445,1.15351
1786517400,1.15351,1.15353,1.153415,1.15344
1786517700,1.153445,1.153735,1.153435,1.15372
1786518000,1.153715,1.15379,1.1536,1.153605
1786518300,1.15361,1.15387,1.1536,1.153865
1786518600,1.15386,1.15393,1.153755,1.153835
1786518900,1.15383,1.153945,1.15381,1.153895
1786519200,1.153895,1.153915,1.153735,1.153795
1786519500,1.15379,1.15384,1.15372,1.153725
1786519800,1.153725,1.15385,1.15371,1.15374
1786520100,1.15374,1.1539,1.153705,1.1539
1786520400,1.1539,1.153905,1.153735,1.153735
1786520700,1.153735,1.153815,1.15373,1.15379
1786521000,1.153795,1.15384,1.15376,1.1538
1786521300,1.153795,1.15381,1.153595,1.153745
1786521600,1.153745,1.15376,1.153465,1.15348
1786521900,1.153475,1.15373,1.153465,1.15369
1786522200,1.15369,1.153755,1.153605,1.153685
1786522500,1.153685,1.153845,1.153585,1.15384
1786522800,1.15384,1.15397,1.15375,1.15377
1786523100,1.153765,1.153815,1.15371,1.15379
1786523400,1.15378,1.15384,1.15365,1.1537
1786523700,1.153695,1.15386,1.153665,1.15385
1786524000,1.153845,1.154005,1.15379,1.154
1786524300,1.153995,1.154,1.15371,1.15389
1786524600,1.15389,1.153955,1.15381,1.15381
1786524900,1.153815,1.153825,1.15367,1.153715
1786525200,1.153725,1.153935,1.15369,1.153925
1786525500,1.15393,1.15394,1.15369,1.153805
1786525800,1.153805,1.154125,1.153795,1.15412
1786526100,1.15412,1.154205,1.154035,1.15413
1786526400,1.15413,1.154985,1.15402,1.154715
1786526700,1.15472,1.15472,1.1542,1.15428
1786527000,1.15429,1.15446,1.15425,1.154335
1786527300,1.15434,1.154375,1.15397,1.15404
1786527600,1.154045,1.154155,1.153835,1.15385
1786527900,1.15385,1.153905,1.153735,1.15374
1786528200,1.153745,1.15402,1.153475,1.15368
1786528500,1.15367,1.15371,1.15354,1.153615
1786528800,1.15361,1.15373,1.153525,1.15372
1786529100,1.153715,1.153895,1.153605,1.153685
1786529400,1.153685,1.153765,1.15361,1.153615
1786529700,1.153615,1.15382,1.153565,1.153775
1786530000,1.15378,1.153855,1.153705,1.153745
1786530300,1.15375,1.153915,1.153715,1.15379
1786530600,1.15379,1.15379,1.153585,1.153705
1786530900,1.1537,1.153745,1.153595,1.15371
1786531200,1.15372,1.15374,1.153625,1.15371
1786531500,1.15371,1.15382,1.153245,1.153435
1786531800,1.15343,1.15353,1.153285,1.15349
1786532100,1.153495,1.15363,1.15343,1.153495
1786532400,1.15349,1.15364,1.15341,1.15356
1786532700,1.153555,1.15371,1.153465,1.153465
1786533000,1.15346,1.153595,1.153395,1.15346
1786533300,1.15346,1.15362,1.15345,1.15357
1786533600,1.15357,1.15376,1.15349,1.15375
1786533900,1.153755,1.15392,1.153665,1.153895
1786534200,1.15389,1.15398,1.15382,1.153835
1786534500,1.153835,1.153985,1.153805,1.15394
1786534800,1.15395,1.154075,1.15393,1.15406
1786535100,1.154065,1.1542,1.15405,1.15416
1786535400,1.154165,1.154515,1.15412,1.15447
1786535700,1.154475,1.154555,1.15434,1.15435
1786536000,1.154355,1.15455,1.15423,1.15445
1786536300,1.15445,1.154585,1.15435,1.15454
1786536600,1.15454,1.15456,1.15439,1.15451
1786536900,1.154505,1.15456,1.154235,1.15429
1786537200,1.154295,1.15446,1.154235,1.1543
1786537500,1.15429,1.15482,1.15412,1.154575
1786537800,1.154585,1.156305,1.153265,1.154895
1786538100,1.15489,1.155505,1.15466,1.155465
1786538400,1.15546,1.155965,1.155155,1.15579
1786538700,1.155795,1.1558,1.15518,1.155625
1786539000,1.15562,1.155885,1.15547,1.15579
1786539300,1.155795,1.155985,1.155495,1.15595
1786539600,1.155955,1.156085,1.155595,1.155665
1786539900,1.15566,1.15629,1.155635,1.15606
1786540200,1.15605,1.15614,1.15502,1.15505
1786540500,1.155055,1.15559,1.15493,1.15533
1786540800,1.15534,1.1554,1.15499,1.155235
1786541100,1.15524,1.155445,1.15513,1.155445
1786541400,1.15545,1.155665,1.155375,1.1555
1786541700,1.155505,1.155535,1.15487,1.155035
1786542000,1.15503,1.15503,1.154615,1.15467
1786542300,1.154675,1.15509,1.1546,1.15494
1786542600,1.154935,1.155355,1.154935,1.15516
1786542900,1.155165,1.155325,1.15512,1.15522
1786543200,1.155215,1.155395,1.15507,1.15539
1786543500,1.155395,1.1554,1.154975,1.15499
1786543800,1.154985,1.155105,1.15493,1.15501
1786544100,1.155015,1.15526,1.15493,1.1551
1786544400,1.15509,1.155445,1.15507,1.155195
1786544700,1.15519,1.15531,1.1548,1.154895
1786545000,1.15489,1.15513,1.15432,1.154705
1786545300,1.15471,1.154955,1.154655,1.154835
1786545600,1.15482,1.154945,1.154435,1.154495
1786545900,1.154495,1.15473,1.15414,1.154345
1786546200,1.154335,1.154395,1.153895,1.154245
1786546500,1.15425,1.154355,1.154105,1.154305
1786546800,1.1543,1.154355,1.15383,1.153885
1786547100,1.15389,1.15424,1.15385,1.15419
1786547400,1.154195,1.1544,1.15409,1.15424
1786547700,1.15424,1.154265,1.153965,1.15411
1786548000,1.154115,1.154195,1.15405,1.15416
1786548300,1.154155,1.15422,1.15391,1.153965
1786548600,1.15396,1.154055,1.153865,1.15395
1786548900,1.153955,1.154055,1.15384,1.154
1786549200,1.153995,1.154,1.15359,1.15368
1786549500,1.15369,1.15369,1.153525,1.15365
1786549800,1.153645,1.153845,1.15355,1.153845
1786550100,1.15385,1.15403,1.153795,1.153945
1786550400,1.153945,1.15402,1.153655,1.15379
1786550700,1.15378,1.15378,1.15335,1.153485
1786551000,1.15348,1.1537,1.153435,1.15359
1786551300,1.153585,1.153605,1.153245,1.15329
1786551600,1.153305,1.15332,1.15316,1.15325
1786551900,1.15324,1.15337,1.15317,1.15317
1786552200,1.15317,1.15324,1.152865,1.1529
1786552500,1.152895,1.153005,1.152835,1.15299
1786552800,1.15299,1.153105,1.152945,1.15301
1786553100,1.15301,1.15306,1.152485,1.15253
1786553400,1.15253,1.152775,1.15245,1.15277
1786553700,1.152765,1.152895,1.152665,1.152805
1786554000,1.152805,1.15307,1.152795,1.15288
1786554300,1.152875,1.15304,1.152815,1.152935
1786554600,1.152935,1.152935,1.1528,1.152805
1786554900,1.1528,1.152825,1.15267,1.152715
1786555200,1.152715,1.15285,1.15263,1.15269
1786555500,1.15269,1.15281,1.15269,1.15279
1786555800,1.152795,1.152885,1.152685,1.152785
1786556100,1.152765,1.15279,1.152535,1.15255
1786556400,1.152545,1.1527,1.152235,1.152265
1786556700,1.15226,1.152535,1.152255,1.15246
1786557000,1.152455,1.152455,1.1523,1.152315
1786557300,1.152315,1.152325,1.15214,1.152155
1786557600,1.152155,1.152195,1.15199,1.15218
1786557900,1.15217,1.15223,1.15209,1.152215
1786558200,1.15222,1.152555,1.15222,1.152445
1786558500,1.152445,1.152475,1.15239,1.15242
1786558800,1.15242,1.15255,1.15242,1.152515
1786559100,1.152515,1.152695,1.15246,1.152485
1786559400,1.15248,1.152505,1.15231,1.15243
1786559700,1.15243,1.152515,1.152365,1.152385
1786560000,1.15238,1.15241,1.152315,1.152365
1786560300,1.15237,1.152425,1.15226,1.15236
1786560600,1.15236,1.15238,1.15221,1.152265
1786560900,1.15227,1.15227,1.15199,1.15211
1786561200,1.152115,1.152325,1.15207,1.15211
1786561500,1.152105,1.152205,1.15209,1.152165
1786561800,1.15216,1.152275,1.152145,1.15226
1786562100,1.152265,1.15236,1.152205,1.15235
1786562400,1.152345,1.15247,1.152305,1.15231
1786562700,1.15231,1.152355,1.152195,1.15221
1786563000,1.152215,1.152235,1.15211,1.15217
1786563300,1.15217,1.152275,1.152105,1.15222
1786563600,1.152225,1.152305,1.152115,1.152255
1786563900,1.152255,1.15229,1.152165,1.152215
1786564200,1.15222,1.152225,1.152095,1.15211
1786564500,1.152105,1.152255,1.151995,1.152255
1786564800,1.15225,1.152355,1.152215,1.152265
1786565100,1.152275,1.152435,1.15226,1.15228
1786565400,1.15228,1.152285,1.152195,1.152215
1786565700,1.15222,1.15226,1.152195,1.152205
1786566000,1.152205,1.152235,1.152155,1.152235
1786566300,1.152235,1.152295,1.152215,1.152265
1786566600,1.15226,1.152315,1.152235,1.152295
1786566900,1.15229,1.15246,1.15229,1.15241
1786567200,1.152405,1.15246,1.15239,1.152455
1786567500,1.15245,1.152615,1.152435,1.152585
1786567800,1.152585,1.152625,1.15249,1.15249
1786568100,1.15248,1.152545,1.152385,1.15254
1786568400,1.15254,1.153155,1.15254,1.152645
1786568700,1.152455,1.15256,1.15242,1.152535
1786569000,1.152535,1.152535,1.152235,1.152245
1786569300,1.152265,1.15231,1.15224,1.15225
1786569600,1.15225,1.15229,1.152245,1.152275
1786569900,1.15228,1.152295,1.15225,1.152295
1786570200,1.152295,1.15232,1.152265,1.152265
1786570500,1.152265,1.152315,1.15225,1.152285
1786570800,1.15226,1.15233,1.15226,1.15226
1786571100,1.15226,1.15228,1.152255,1.152275
1786571400,1.152275,1.15229,1.15225,1.15227
1786571700,1.15227,1.15233,1.15226,1.15231
1786572000,1.152305,1.152515,1.15229,1.15246
1786572300,1.152455,1.152485,1.152435,1.152435
1786572600,1.152435,1.1525,1.15236,1.15249
1786572900,1.152485,1.1525,1.15248,1.15249
1786573200,1.15249,1.152505,1.152485,1.152495
1786573500,1.152495,1.152525,1.152435,1.152495
1786573800,1.152495,1.152535,1.15248,1.152505
1786574100,1.152505,1.15254,1.152505,1.152535
1786574400,1.152535,1.152585,1.15253,1.152575
1786574700,1.152575,1.152585,1.15256,1.15258
1786575000,1.152585,1.152645,1.15258,1.152635
1786575300,1.152635,1.152685,1.152625,1.15268
1786575600,1.15268,1.152735,1.152675,1.15269
1786575900,1.15269,1.152695,1.152655,1.152685
1786576200,1.152685,1.152685,1.152635,1.152685
1786576500,1.152685,1.152745,1.152685,1.15269
1786576800,1.15269,1.15274,1.15267,1.15272
1786577100,1.152725,1.152745,1.152695,1.152695
1786577400,1.152705,1.15273,1.152655,1.15267
1786577700,1.15267,1.152685,1.152635,1.15265
1786578000,1.15265,1.1527,1.15264,1.152685
1786578300,1.15269,1.15273,1.152685,1.15269
1786578600,1.15269,1.152755,1.15263,1.152755
1786578900,1.152755,1.152805,1.15273,1.152785
1786579200,1.152795,1.15302,1.152785,1.15291
1786579500,1.15291,1.152985,1.152895,1.152955
1786579800,1.15296,1.152965,1.152845,1.152845
1786580100,1.152845,1.152975,1.152835,1.152955
1786580400,1.15296,1.152995,1.15289,1.15298
1786580700,1.15298,1.15299,1.15288,1.152955
1786581000,1.15296,1.15312,1.152955,1.15308
1786581300,1.153085,1.15314,1.15299,1.15299
1786581600,1.152995,1.153085,1.152995,1.153055
1786581900,1.153055,1.153055,1.152795,1.152805
1786582200,1.152805,1.152865,1.15273,1.152775
1786582500,1.152775,1.15292,1.15266,1.152895
1786582800,1.1529,1.15297,1.15279,1.15281
1786583100,1.15281,1.152865,1.152725,1.152855
1786583400,1.15284,1.152945,1.152835,1.15288
1786583700,1.15287,1.153035,1.15287,1.152955
1786584000,1.152955,1.153005,1.152885,1.152965
1786584300,1.15297,1.153005,1.1529,1.152965
1786584600,1.152965,1.153105,1.152935,1.15305
1786584900,1.15305,1.15308,1.152905,1.152925
1786585200,1.152925,1.152945,1.152795,1.152805
1786585500,1.152805,1.152805,1.152625,1.152705
1786585800,1.152685,1.152685,1.15238,1.15241
1786586100,1.152415,1.152505,1.152355,1.152485
1786586400,1.152475,1.152555,1.152455,1.1525
1786586700,1.1525,1.152555,1.1525,1.152545
1786587000,1.152545,1.15255,1.15238,1.1524
1786587300,1.152405,1.152405,1.15232,1.152325
1786587600,1.152325,1.15238,1.152275,1.15228
1786587900,1.152275,1.152325,1.152175,1.15219
1786588200,1.15219,1.152275,1.152055,1.152085
1786588500,1.152085,1.152105,1.151985,1.15206
1786588800,1.15206,1.152175,1.15203,1.152175
1786589100,1.152175,1.152215,1.152105,1.152215
1786589400,1.152215,1.152225,1.15214,1.152165
1786589700,1.152165,1.152245,1.152155,1.152185
1786590000,1.15219,1.152255,1.152085,1.152245
1786590300,1.152235,1.152435,1.15223,1.152285
1786590600,1.15229,1.15237,1.152115,1.152225
1786590900,1.15222,1.15223,1.152085,1.152095
1786591200,1.152095,1.152195,1.15201,1.152135
1786591500,1.15214,1.15223,1.15208,1.15219
1786591800,1.152195,1.15228,1.15216,1.152245
1786592100,1.152245,1.152305,1.15222,1.15229
1786592400,1.15229,1.152335,1.15228,1.15231
1786592700,1.15231,1.152315,1.15216,1.152195
1786593000,1.152195,1.1523,1.152185,1.152235
1786593300,1.152225,1.152275,1.15219,1.152265
1786593600,1.152255,1.152255,1.152155,1.152175
1786593900,1.15217,1.152225,1.152155,1.152175
1786594200,1.152175,1.152175,1.15207,1.152115
1786594500,1.152115,1.152145,1.15207,1.152075
1786594800,1.152075,1.152095,1.151995,1.152095
1786595100,1.152095,1.152165,1.15209,1.15216
1786595400,1.152165,1.15219,1.152135,1.152165
1786595700,1.152165,1.152165,1.15211,1.152145
1786596000,1.15215,1.1522,1.152145,1.15215
1786596300,1.15215,1.15244,1.15215,1.15237
1786596600,1.15237,1.152435,1.15231,1.152345
1786596900,1.15235,1.1527,1.15234,1.15259
1786597200,1.152595,1.15263,1.152525,1.152585
1786597500,1.15259,1.15265,1.152505,1.15255
1786597800,1.152555,1.152595,1.15247,1.15259
1786598100,1.15259,1.152635,1.15256,1.15258
1786598400,1.15258,1.15266,1.15255,1.15265
1786598700,1.15265,1.15271,1.152625,1.152645
1786599000,1.15265,1.15266,1.15246,1.152485
1786599300,1.152485,1.15253,1.152455,1.152515
1786599600,1.152515,1.15253,1.152395,1.15241
1786599900,1.152415,1.15242,1.152325,1.152385
1786600200,1.15238,1.152535,1.15236,1.152475
1786600500,1.15248,1.152575,1.15241,1.152505
1786600800,1.15251,1.15262,1.152325,1.152335
1786601100,1.15233,1.15238,1.15216,1.15221
1786601400,1.15221,1.15222,1.15204,1.152055
1786601700,1.15206,1.152175,1.152025,1.15212
1786602000,1.152115,1.152245,1.15201,1.152015
1786602300,1.152015,1.152055,1.151745,1.151805
1786602600,1.1518,1.151805,1.15118,1.15124
1786602900,1.15123,1.151545,1.151205,1.15143
1786603200,1.15144,1.15167,1.151435,1.15165
1786603500,1.151655,1.151715,1.15157,1.15171
1786603800,1.151715,1.15183,1.15166,1.151765
1786604100,1.15177,1.151855,1.151665,1.15182
1786604400,1.151815,1.151995,1.151755,1.15185
1786604700,1.151845,1.151925,1.15179,1.151905
1786605000,1.151905,1.151945,1.1517,1.151795
1786605300,1.1518,1.151955,1.15177,1.15191
1786605600,1.151905,1.15213,1.151885,1.1521
1786605900,1.152105,1.1522,1.152035,1.15216
1786606200,1.152155,1.152265,1.152025,1.152125
1786606500,1.15213,1.15239,1.15213,1.152305
1786606800,1.1523,1.15251,1.15228,1.152505
1786607100,1.1525,1.152665,1.15244,1.152455
1786607400,1.15246,1.15273,1.152425,1.152705
1786607700,1.152705,1.15278,1.152555,1.15257
1786608000,1.152575,1.15266,1.15227,1.15234
1786608300,1.15234,1.15252,1.15229,1.152515
1786608600,1.1525,1.152635,1.15243,1.152555
1786608900,1.152555,1.15256,1.15238,1.15244
1786609200,1.152445,1.152495,1.152385,1.152405
1786609500,1.15241,1.152545,1.152365,1.152495
1786609800,1.15249,1.152635,1.152485,1.15258
1786610100,1.152585,1.15263,1.15247,1.15262
1786610400,1.15262,1.15275,1.15259,1.15269
1786610700,1.152685,1.152865,1.15266,1.15279
1786611000,1.152785,1.152805,1.15253,1.15257
1786611300,1.152565,1.152565,1.152385,1.152405
1786611600,1.15241,1.15245,1.15233,1.15239
1786611900,1.15239,1.15265,1.15232,1.152565
1786612200,1.15256,1.152805,1.152535,1.152795
1786612500,1.152795,1.152975,1.15276,1.15291
1786612800,1.152905,1.15306,1.152905,1.153045
1786613100,1.153045,1.153215,1.15304,1.15312
1786613400,1.153115,1.15326,1.15299,1.15314
1786613700,1.153135,1.15326,1.15313,1.15323
1786614000,1.153225,1.15323,1.15308,1.15314
1786614300,1.153145,1.15322,1.15308,1.153105
1786614600,1.1531,1.15323,1.15306,1.1532
1786614900,1.153205,1.15348,1.153205,1.153445
1786615200,1.15344,1.153555,1.153415,1.15354
1786615500,1.153535,1.15365,1.153455,1.15351
1786615800,1.15351,1.153575,1.15347,1.15349
1786616100,1.153495,1.153595,1.15338,1.153555
1786616400,1.15355,1.15371,1.15355,1.153565
1786616700,1.15356,1.153745,1.15354,1.15374
1786617000,1.153745,1.15386,1.15372,1.15375
1786617300,1.15375,1.153845,1.15368,1.153805
1786617600,1.15381,1.153845,1.15369,1.1537
1786617900,1.153695,1.153725,1.15355,1.153595
1786618200,1.1536,1.153635,1.153565,1.1536
1786618500,1.153595,1.15367,1.15347,1.153585
1786618800,1.15358,1.15365,1.153465,1.153545
1786619100,1.153545,1.153705,1.153545,1.153655
1786619400,1.153655,1.153875,1.153655,1.15386
1786619700,1.153865,1.15387,1.153595,1.15368
1786620000,1.15368,1.15386,1.15366,1.15375
1786620300,1.153755,1.15382,1.153715,1.153755
1786620600,1.15375,1.153755,1.15363,1.15368
1786620900,1.15368,1.153715,1.153595,1.153665
1786621200,1.153665,1.153665,1.15351,1.15359
1786621500,1.15359,1.153625,1.153535,1.1536
1786621800,1.1536,1.153675,1.153445,1.15348
1786622100,1.153485,1.153485,1.15326,1.153405
1786622400,1.15341,1.15349,1.153245,1.153315
1786622700,1.15332,1.15349,1.153275,1.15337
1786623000,1.15336,1.153455,1.15325,1.15327
1786623300,1.153265,1.15328,1.153015,1.15307
1786623600,1.153075,1.153185,1.153035,1.153095
1786623900,1.153085,1.15319,1.153035,1.15319
1786624200,1.153195,1.153545,1.15257,1.152985
1786624500,1.15298,1.15316,1.15282,1.15313
1786624800,1.153125,1.153285,1.153,1.15313
1786625100,1.153135,1.154,1.153115,1.15374
1786625400,1.153745,1.153915,1.15339,1.153595
1786625700,1.15359,1.15444,1.15359,1.154385
1786626000,1.15439,1.154535,1.1541,1.15437
1786626300,1.15438,1.154405,1.154005,1.154025
1786626600,1.15403,1.15409,1.15378,1.153975
1786626900,1.15399,1.15415,1.153905,1.15392
1786627200,1.153915,1.154195,1.153725,1.153745
1786627500,1.15374,1.15378,1.153465,1.15352
1786627800,1.15351,1.15362,1.15328,1.153335
1786628100,1.15333,1.15346,1.153065,1.15339
1786628400,1.153385,1.15353,1.15325,1.15342
1786628700,1.153415,1.15357,1.153215,1.15324
1786629000,1.153245,1.15363,1.15307,1.153455
1786629300,1.15346,1.15362,1.153245,1.15343
1786629600,1.153435,1.15381,1.15314,1.153345
1786629900,1.15334,1.15382,1.1532,1.1536
1786630200,1.153595,1.15417,1.153585,1.154145
1786630500,1.15415,1.15455,1.15406,1.15454
1786630800,1.154535,1.154555,1.153985,1.154105
1786631100,1.1541,1.154105,1.15386,1.153865
1786631400,1.15386,1.15421,1.15372,1.153975
1786631700,1.15397,1.15411,1.153705,1.15403
1786632000,1.154025,1.15419,1.153975,1.154035
1786632300,1.15404,1.15421,1.15389,1.15393
1786632600,1.153935,1.154295,1.153905,1.154085
1786632900,1.15409,1.154515,1.15406,1.154385
1786633200,1.15439,1.154555,1.15429,1.15439
1786633500,1.1544,1.154485,1.15413,1.15416
1786633800,1.15417,1.154215,1.153775,1.15381
1786634100,1.1538,1.15385,1.15346,1.153535
1786634400,1.15354,1.15374,1.153475,1.153705
1786634700,1.15371,1.15385,1.15327,1.15337
1786635000,1.153375,1.153485,1.15328,1.153335
1786635300,1.153345,1.153615,1.153245,1.15356
1786635600,1.153555,1.153645,1.153285,1.15329
1786635900,1.153295,1.15349,1.15329,1.1534
1786636200,1.153395,1.153435,1.15311,1.15311
1786636500,1.153115,1.15322,1.15302,1.15306
1786636800,1.153065,1.15322,1.152995,1.15319
1786637100,1.15319,1.153285,1.15304,1.15304
1786637400,1.15304,1.153055,1.15279,1.152865
1786637700,1.15287,1.152915,1.152485,1.152485
1786638000,1.15249,1.152735,1.152425,1.152735
1786638300,1.15273,1.15281,1.152605,1.152635
1786638600,1.152635,1.152755,1.152525,1.152745
1786638900,1.15275,1.15285,1.152725,1.152765
1786639200,1.152765,1.15295,1.15271,1.15289
1786639500,1.15288,1.152985,1.15288,1.15298
1786639800,1.152975,1.15305,1.15292,1.153025
1786640100,1.15303,1.15304,1.15289,1.15295
1786640400,1.152945,1.153165,1.15282,1.15287
1786640700,1.152865,1.15295,1.15276,1.15279
1786641000,1.152795,1.15296,1.152765,1.152775
1786641300,1.152775,1.152915,1.15273,1.15273
1786641600,1.152735,1.15281,1.15271,1.152725
1786641900,1.152735,1.152765,1.15258,1.152645
1786642200,1.15265,1.152745,1.152615,1.152715
1786642500,1.152715,1.152935,1.152685,1.152905
1786642800,1.1529,1.15296,1.152825,1.15294
1786643100,1.15294,1.15294,1.152815,1.152865
1786643400,1.15287,1.1529,1.152765,1.15288
1786643700,1.15288,1.15295,1.15278,1.152785
1786644000,1.15279,1.152875,1.152645,1.152725
1786644300,1.152725,1.15284,1.15269,1.15283
1786644600,1.152825,1.15323,1.152815,1.15314
1786644900,1.15314,1.153145,1.15304,1.153055
1786645200,1.153055,1.15306,1.15284,1.152885
1786645500,1.152885,1.15295,1.15284,1.152915
1786645800,1.15292,1.153,1.15283,1.15289
1786646100,1.15289,1.153085,1.15286,1.153055
1786646400,1.15306,1.15308,1.15299,1.153005
1786646700,1.152995,1.153045,1.15292,1.15299
1786647000,1.152995,1.15302,1.15294,1.15301
1786647300,1.153015,1.153055,1.15288,1.1529
1786647600,1.152905,1.152995,1.15289,1.152975
1786647900,1.15297,1.15301,1.15291,1.153
1786648200,1.153005,1.153065,1.152905,1.153
1786648500,1.153005,1.1531,1.152985,1.15309
1786648800,1.15309,1.153135,1.153075,1.153105
1786649100,1.153105,1.153155,1.15307,1.15313
1786649400,1.153135,1.153135,1.152985,1.153035
1786649700,1.153035,1.15313,1.15297,1.153
1786650000,1.153,1.15303,1.15279,1.152835
1786650300,1.152835,1.152855,1.15276,1.152835
1786650600,1.15283,1.152935,1.15281,1.152915
1786650900,1.152925,1.152935,1.152795,1.15288
1786651200,1.152885,1.15294,1.1528,1.152905
1786651500,1.152905,1.152905,1.15274,1.15278
1786651800,1.152775,1.152785,1.15263,1.152705
1786652100,1.152705,1.15274,1.15267,1.152685
1786652400,1.152685,1.15273,1.15268,1.152695
1786652700,1.1527,1.15284,1.1527,1.15283
1786653000,1.15282,1.15282,1.15273,1.152785
1786653300,1.15279,1.15285,1.152785,1.152815
1786653600,1.152805,1.15283,1.152785,1.152785
1786653900,1.15279,1.152915,1.15279,1.152845
1786654200,1.152855,1.15296,1.152835,1.152955
1786654500,1.152955,1.15301,1.152895,1.152965
1786654800,1.152965,1.152965,1.15268,1.1528
1786655100,1.152795,1.152875,1.152795,1.15283
1786655400,1.15283,1.15283,1.15263,1.152675
1786655700,1.152675,1.152845,1.152675,1.15284
1786656000,1.15284,1.15285,1.152835,1.15284
1786656300,1.15284,1.152905,1.152835,1.152905
1786656600,1.152915,1.152995,1.152915,1.15299
1786656900,1.15299,1.153155,1.152985,1.153105
1786657200,1.153105,1.153105,1.15289,1.152895
1786657500,1.152895,1.152895,1.15278,1.152795
1786657800,1.152795,1.152845,1.152785,1.15284
1786658100,1.15284,1.152845,1.15282,1.152845
1786658400,1.15283,1.15309,1.15283,1.153035
1786658700,1.15303,1.15305,1.15302,1.153025
1786659000,1.15303,1.15303,1.152905,1.15293
1786659300,1.152925,1.153045,1.152915,1.153045
1786659600,1.153045,1.153145,1.153045,1.1531
1786659900,1.1531,1.1531,1.153045,1.153075
1786660200,1.153075,1.153095,1.15304,1.15304
1786660500,1.15304,1.153095,1.15303,1.153085
1786660800,1.153085,1.153165,1.15308,1.153155
1786661100,1.153155,1.153165,1.153105,1.153115
1786661400,1.15311,1.153175,1.15311,1.153165
1786661700,1.153165,1.153185,1.15315,1.15316
1786662000,1.153155,1.153355,1.153155,1.15335
1786662300,1.15335,1.15335,1.153285,1.153315
1786662600,1.153315,1.15332,1.15329,1.153295
1786662900,1.153295,1.1533,1.153245,1.15327
1786663200,1.15327,1.15329,1.15325,1.153275
1786663500,1.15327,1.153285,1.153245,1.153265
1786663800,1.153265,1.153305,1.15325,1.153305
1786664100,1.153305,1.153315,1.153275,1.153305
1786664400,1.153305,1.15338,1.153305,1.153345
1786664700,1.153345,1.153445,1.153345,1.15337
1786665000,1.153365,1.153405,1.15334,1.153385
1786665300,1.153385,1.153405,1.153375,1.153395
1786665600,1.15339,1.153585,1.153355,1.153465
1786665900,1.153465,1.15356,1.15346,1.153515
1786666200,1.153515,1.153545,1.15339,1.153495
1786666500,1.153495,1.15359,1.153465,1.15357
1786666800,1.15357,1.153725,1.153545,1.153685
1786667100,1.15369,1.153695,1.153605,1.153685
1786667400,1.153685,1.153735,1.15365,1.153715
1786667700,1.153715,1.15378,1.153645,1.153645
1786668000,1.153645,1.153665,1.153625,1.153665
1786668300,1.15367,1.153705,1.153595,1.153595
1786668600,1.1536,1.153855,1.153595,1.15384
1786668900,1.153835,1.153925,1.153705,1.153845
1786669200,1.153835,1.153835,1.1536,1.15367
1786669500,1.153665,1.153665,1.15349,1.153525
1786669800,1.153515,1.153535,1.15334,1.153355
1786670100,1.153355,1.153555,1.15331,1.153355
1786670400,1.15335,1.15339,1.15323,1.153245
1786670700,1.15324,1.15345,1.153205,1.153395
1786671000,1.153395,1.153665,1.153355,1.153645
1786671300,1.153645,1.153805,1.153635,1.153725
1786671600,1.15372,1.15374,1.15359,1.153645
1786671900,1.153645,1.15371,1.153595,1.15364
1786672200,1.153645,1.153745,1.153645,1.153695
1786672500,1.153685,1.15374,1.1534,1.153405
1786672800,1.1534,1.153565,1.1534,1.153515
1786673100,1.15351,1.15359,1.153465,1.15357
1786673400,1.15357,1.15362,1.153565,1.153595
1786673700,1.153605,1.15366,1.153595,1.153635
1786674000,1.153635,1.153635,1.153495,1.153585
1786674300,1.153585,1.153705,1.153585,1.153605
1786674600,1.153605,1.15374,1.153575,1.15369
1786674900,1.153685,1.15369,1.153635,1.153685
1786675200,1.153685,1.153725,1.15368,1.153715
1786675500,1.153715,1.153725,1.15355,1.153575
1786675800,1.153575,1.153625,1.15343,1.15343
1786676100,1.15342,1.153525,1.15336,1.153435
1786676400,1.15343,1.153545,1.153385,1.153545
1786676700,1.153545,1.15358,1.15349,1.1535
1786677000,1.153495,1.153555,1.153425,1.15355
1786677300,1.153555,1.15365,1.153515,1.153645
1786677600,1.153645,1.153935,1.153635,1.15374
1786677900,1.15374,1.153835,1.153645,1.15382
1786678200,1.153825,1.153855,1.153765,1.15381
1786678500,1.15381,1.153835,1.153695,1.153755
1786678800,1.153755,1.15378,1.153705,1.15374
1786679100,1.15374,1.15376,1.15368,1.153745
1786679400,1.15374,1.15376,1.153655,1.153675
1786679700,1.153675,1.153775,1.153615,1.153725
1786680000,1.153725,1.153855,1.153705,1.153845
1786680300,1.153855,1.153975,1.15382,1.15396
1786680600,1.15396,1.154035,1.15394,1.15394
1786680900,1.153935,1.153975,1.15388,1.153885
1786681200,1.153885,1.153895,1.153805,1.153865
1786681500,1.153865,1.153875,1.153685,1.15371
1786681800,1.153705,1.153935,1.153685,1.15391
1786682100,1.15391,1.153965,1.153835,1.153935
1786682400,1.153935,1.15396,1.153825,1.15384
1786682700,1.15384,1.15387,1.153795,1.15381
1786683000,1.15381,1.15396,1.1538,1.15395
1786683300,1.15395,1.15399,1.15387,1.153875
1786683600,1.15388,1.153985,1.15383,1.15393
1786683900,1.153935,1.153985,1.15391,1.153965
1786684200,1.153965,1.154015,1.15395,1.153995
1786684500,1.15399,1.15405,1.15398,1.15404
1786684800,1.15403,1.15403,1.15394,1.15398
1786685100,1.153985,1.154125,1.15395,1.154105
1786685400,1.1541,1.154165,1.154015,1.15412
1786685700,1.15412,1.15413,1.15405,1.154095
1786686000,1.15409,1.1543,1.154085,1.154095
1786686300,1.15409,1.15416,1.154065,1.154085
1786686600,1.15408,1.15416,1.15406,1.154105
1786686900,1.15411,1.15419,1.15403,1.154185
1786687200,1.15418,1.154375,1.15418,1.154315
1786687500,1.154315,1.154415,1.15418,1.154185
1786687800,1.154185,1.154265,1.154075,1.154135
1786688100,1.15413,1.154175,1.153975,1.154075
1786688400,1.15408,1.15417,1.153925,1.15393
1786688700,1.153925,1.15403,1.15388,1.15398
1786689000,1.153975,1.15414,1.15397,1.154135
1786689300,1.154135,1.154285,1.154095,1.15421
1786689600,1.154205,1.154285,1.154075,1.154265
1786689900,1.15427,1.15437,1.15417,1.1543
1786690200,1.154305,1.15436,1.154095,1.15418
1786690500,1.154185,1.154455,1.154145,1.154445
1786690800,1.15445,1.15467,1.154425,1.1545
1786691100,1.1545,1.1545,1.154315,1.154495
1786691400,1.1545,1.15472,1.154465,1.154525
1786691700,1.154525,1.1547,1.15446,1.15466
1786692000,1.154655,1.154745,1.15443,1.154465
1786692300,1.15447,1.15471,1.154445,1.1546
1786692600,1.154605,1.154665,1.15452,1.154525
1786692900,1.15452,1.15478,1.15448,1.15477
1786693200,1.15477,1.15491,1.154725,1.154835
1786693500,1.15484,1.155115,1.15484,1.155105
1786693800,1.155105,1.155105,1.154825,1.154925
1786694100,1.15493,1.155135,1.154905,1.155095
1786694400,1.1551,1.155395,1.155065,1.15524
1786694700,1.155235,1.155545,1.155235,1.15551
1786695000,1.155515,1.15552,1.15534,1.1554
1786695300,1.155395,1.15542,1.15516,1.155205
1786695600,1.1552,1.15528,1.15504,1.155265
1786695900,1.15526,1.155415,1.155235,1.1553
1786696200,1.155295,1.155335,1.15506,1.15517
1786696500,1.15517,1.15567,1.15517,1.15567
1786696800,1.15568,1.15577,1.155395,1.155455
1786697100,1.15545,1.15546,1.15523,1.15532
1786697400,1.155315,1.155505,1.155225,1.155455
1786697700,1.15546,1.155595,1.155415,1.15558
1786698000,1.15557,1.155695,1.155485,1.155495
1786698300,1.155495,1.15564,1.155445,1.15554
1786698600,1.15554,1.155585,1.15543,1.155475
1786698900,1.15547,1.15557,1.155415,1.15542
1786699200,1.155415,1.15543,1.15535,1.155425
1786699500,1.15543,1.15551,1.155375,1.155385
1786699800,1.15538,1.15551,1.15518,1.1552
1786700100,1.155195,1.155285,1.155105,1.15524
1786700400,1.15524,1.15528,1.155125,1.15522
1786700700,1.155225,1.15532,1.15518,1.155225
1786701000,1.15522,1.155375,1.15514,1.15536
1786701300,1.155365,1.155505,1.15522,1.155465
1786701600,1.15547,1.15548,1.15521,1.15523
1786701900,1.15523,1.15539,1.15523,1.155375
1786702200,1.155375,1.15555,1.155375,1.155445
1786702500,1.15545,1.15551,1.15545,1.15549
1786702800,1.155485,1.155535,1.15544,1.15549
1786703100,1.15549,1.15549,1.155305,1.15533
1786703400,1.15533,1.15542,1.15528,1.15535
1786703700,1.15535,1.155445,1.155305,1.15542
1786704000,1.15542,1.155515,1.155315,1.155515
1786704300,1.15552,1.155575,1.155435,1.15544
1786704600,1.155435,1.155615,1.155435,1.155495
1786704900,1.15549,1.15557,1.15541,1.15556
1786705200,1.15557,1.155805,1.155565,1.155725
1786705500,1.155725,1.15574,1.155565,1.15562
1786705800,1.155615,1.15588,1.155605,1.15588
1786706100,1.155885,1.156255,1.155875,1.156205
1786706400,1.1562,1.156385,1.156185,1.156345
1786706700,1.15635,1.15639,1.156215,1.15627
1786707000,1.15628,1.15678,1.15621,1.156745
1786707300,1.15674,1.157035,1.156685,1.15698
1786707600,1.15697,1.157185,1.15683,1.156925
1786707900,1.15692,1.156925,1.15666,1.156905
1786708200,1.156905,1.15703,1.156655,1.15677
1786708500,1.156765,1.1568,1.1565,1.15654
1786708800,1.156545,1.15695,1.156545,1.1568
1786709100,1.156805,1.157105,1.156665,1.156665
1786709400,1.15666,1.156675,1.15626,1.15642
1786709700,1.156415,1.156765,1.156395,1.15676
1786710000,1.156765,1.157165,1.156715,1.15701
1786710300,1.157005,1.15703,1.156675,1.157015
1786710600,1.157025,1.15787,1.157025,1.15728
1786710900,1.157285,1.15736,1.15676,1.15682
1786711200,1.15681,1.156865,1.156595,1.156605
1786711500,1.1566,1.156995,1.15656,1.15674
1786711800,1.15673,1.156895,1.156695,1.15682
1786712100,1.15681,1.15684,1.15636,1.1566
1786712400,1.156605,1.15668,1.1562,1.156375
1786712700,1.15638,1.15646,1.156205,1.156455
1786713000,1.15644,1.15653,1.156285,1.15631
1786713300,1.156315,1.156445,1.156255,1.156305
1786713600,1.15631,1.15669,1.15622,1.15669
1786713900,1.156685,1.15695,1.156655,1.15676
1786714200,1.156775,1.15718,1.156665,1.157135
1786714500,1.15714,1.158145,1.15714,1.158145
1786714800,1.15815,1.158255,1.15773,1.15816
1786715100,1.158165,1.1584,1.158135,1.158245
1786715400,1.158245,1.15847,1.15781,1.15787
1786715700,1.15786,1.158055,1.157595,1.158045
1786716000,1.158035,1.15844,1.15778,1.15812
1786716300,1.158115,1.15812,1.15786,1.157975
1786716600,1.15797,1.15815,1.1579,1.15793
1786716900,1.157925,1.158245,1.15771,1.157735
1786717200,1.15774,1.15817,1.157735,1.15813
1786717500,1.158125,1.15854,1.158115,1.158345
1786717800,1.15835,1.15841,1.157945,1.15797
1786718100,1.157975,1.158185,1.15785,1.15816
1786718400,1.158165,1.15833,1.1578,1.158245
1786718700,1.15824,1.15824,1.15788,1.157915
1786719000,1.15791,1.158165,1.15781,1.15792
1786719300,1.157915,1.15812,1.157815,1.158075
1786719600,1.15807,1.158465,1.15801,1.158265
1786719900,1.158265,1.158405,1.158105,1.158135
1786720200,1.158135,1.158275,1.15807,1.15809
1786720500,1.15809,1.158285,1.15794,1.157975
1786720800,1.15798,1.15799,1.15771,1.15775
1786721100,1.157745,1.15812,1.157705,1.158105
1786721400,1.15811,1.15849,1.158085,1.158235
1786721700,1.15824,1.15852,1.158185,1.15824
1786722000,1.158245,1.158245,1.15801,1.15815
1786722300,1.158155,1.158515,1.15809,1.158465
1786722600,1.158465,1.15847,1.15813,1.15814
1786722900,1.158145,1.15833,1.157965,1.158025
1786723200,1.15802,1.158195,1.1579,1.15805
1786723500,1.15805,1.158145,1.157795,1.15782
1786723800,1.157825,1.15784,1.157625,1.157675
1786724100,1.15767,1.158015,1.157645,1.15791
1786724400,1.15791,1.157995,1.15779,1.157835
1786724700,1.15784,1.15784,1.157555,1.15756
1786725000,1.157565,1.15771,1.15743,1.15767
1786725300,1.157665,1.157835,1.15763,1.15774
1786725600,1.15774,1.157755,1.15737,1.157425
1786725900,1.15743,1.157495,1.15735,1.157355
1786726200,1.157355,1.157355,1.15717,1.157205
1786726500,1.157205,1.157205,1.157015,1.15711
1786726800,1.157115,1.15715,1.156905,1.15691
1786727100,1.156915,1.156975,1.15675,1.15675
1786727400,1.156755,1.15676,1.156605,1.15671
1786727700,1.15671,1.156815,1.156415,1.15643
1786728000,1.156425,1.15651,1.1564,1.15644
1786728300,1.156435,1.156555,1.156395,1.15652
1786728600,1.156515,1.156535,1.156365,1.15653
1786728900,1.156525,1.15662,1.15651,1.156555
1786729200,1.156555,1.156605,1.156365,1.15637
1786729500,1.156365,1.15642,1.156295,1.156355
1786729800,1.156355,1.156475,1.15631,1.15642
1786730100,1.15642,1.156475,1.15635,1.156475
1786730400,1.15648,1.156505,1.156345,1.156435
1786730700,1.15643,1.156605,1.156415,1.156575
1786731000,1.15658,1.156585,1.15633,1.156335
1786731300,1.15633,1.156415,1.156315,1.156395
1786731600,1.156395,1.1565,1.156365,1.156445
1786731900,1.156445,1.156665,1.15644,1.15663
1786732200,1.156635,1.156645,1.156445,1.156515
1786732500,1.15652,1.15659,1.15649,1.156535
1786732800,1.15653,1.156605,1.15653,1.156545
1786733100,1.15655,1.156565,1.15645,1.15653
1786733400,1.15654,1.15666,1.156525,1.156635
1786733700,1.15663,1.1567,1.15653,1.156545
1786734000,1.15655,1.156685,1.15648,1.156505
1786734300,1.156505,1.15675,1.156445,1.15674
1786734600,1.156735,1.15681,1.15668,1.156705
1786734900,1.1567,1.156765,1.15664,1.156695
1786735200,1.156695,1.156835,1.156695,1.15674
1786735500,1.15674,1.156905,1.156735,1.156805
1786735800,1.1568,1.156915,1.15678,1.15679
1786736100,1.156795,1.156855,1.156535,1.156745
1786736400,1.156745,1.15679,1.15664,1.15664
1786736700,1.15664,1.156745,1.156605,1.156745
1786737000,1.156745,1.15688,1.156685,1.15673
1786737300,1.156725,1.156855,1.15662,1.156845
1786737600,1.15684,1.156935,1.15678,1.15691
1786737900,1.156905,1.156935,1.156765,1.156925
1786738200,1.156925,1.156935,1.156775,1.156805
1786738500,1.156795,1.156825,1.15674,1.15678
1786738800,1.156785,1.15684,1.156775,1.15684
1786739100,1.15684,1.156945,1.156805,1.15691
1786739400,1.156905,1.15699,1.156845,1.156845
1786739700,1.15684,1.15689,1.156835,1.15684
1786740000,1.15684,1.156885,1.156735,1.15677
1786740300,1.156775,1.15688,1.156715,1.156785
1786740600,1.156805,1.156935,1.15676,1.156915
1786740900,1.15693,1.15706,1.156925,1.15702
1786914000,1.15702,1.15704,1.156345,1.156455
1786914300,1.156615,1.15664,1.156475,1.15664
1786914600,1.15664,1.15666,1.156585,1.156605
1786914900,1.15661,1.156655,1.156605,1.156605
1786915200,1.156605,1.156735,1.156605,1.15661
1786915500,1.156605,1.156735,1.15657,1.156595
1786915800,1.15671,1.156735,1.15658,1.15671
1786916100,1.15671,1.15672,1.15653,1.156685
1786916400,1.156685,1.156695,1.15668,1.156695
1786916700,1.156695,1.156735,1.156525,1.156585
1786917000,1.15659,1.15659,1.156505,1.156535
1786917300,1.156535,1.15663,1.15647,1.156575
1786917600,1.156645,1.156835,1.15659,1.156695
1786917900,1.156695,1.156695,1.15658,1.15663
1786918200,1.156625,1.156695,1.15658,1.156675
1786918500,1.156675,1.15674,1.156665,1.15674
1786918800,1.15674,1.156965,1.15673,1.15693
1786919100,1.15693,1.156945,1.156885,1.156945
1786919400,1.156935,1.157105,1.15693,1.157095
1786919700,1.15709,1.15723,1.15707,1.157185
1786920000,1.157185,1.157205,1.157135,1.15718
1786920300,1.157175,1.157245,1.15714,1.157195
1786920600,1.157195,1.15738,1.157195,1.15732
1786920900,1.157315,1.157525,1.157225,1.15749
1786921200,1.157485,1.15754,1.15744,1.157495
1786921500,1.157485,1.1575,1.157435,1.157485
1786921800,1.157485,1.157545,1.15747,1.157485
1786922100,1.157485,1.15749,1.15743,1.15744
1786922400,1.15744,1.15744,1.157415,1.15743
1786922700,1.15743,1.157485,1.15742,1.15744
1786923000,1.15744,1.15745,1.157365,1.157435
1786923300,1.157435,1.157485,1.15739,1.15747
1786923600,1.15747,1.157515,1.15747,1.15749
1786923900,1.157485,1.15758,1.157475,1.15758
1786924200,1.157575,1.157575,1.157255,1.157275
1786924500,1.157275,1.15739,1.157275,1.15737
1786924800,1.15738,1.15784,1.15738,1.157835
1786925100,1.15784,1.157995,1.15777,1.15788
1786925400,1.15788,1.15799,1.157855,1.157975
1786925700,1.157955,1.158015,1.157855,1.15789
1786926000,1.157885,1.157955,1.157805,1.157935
1786926300,1.157935,1.158055,1.157925,1.157955
1786926600,1.157955,1.1581,1.15795,1.158065
1786926900,1.158065,1.158085,1.157835,1.15793
1786927200,1.157925,1.15798,1.157875,1.157925
1786927500,1.15792,1.157995,1.15789,1.15791
1786927800,1.15791,1.158055,1.157835,1.15788
1786928100,1.157885,1.158045,1.157875,1.15802
1786928400,1.158015,1.158085,1.157815,1.158015
1786928700,1.15802,1.15807,1.157875,1.15788
1786929000,1.157875,1.157995,1.15784,1.15796
1786929300,1.157955,1.157995,1.157875,1.1579
1786929600,1.157895,1.158295,1.157875,1.158165
1786929900,1.158165,1.158295,1.158155,1.158195
1786930200,1.158195,1.15822,1.157845,1.157885
1786930500,1.157885,1.158025,1.157815,1.158015
1786930800,1.15801,1.158245,1.157955,1.158235
1786931100,1.158225,1.15832,1.158185,1.158235
1786931400,1.158225,1.158355,1.15817,1.158315
1786931700,1.15831,1.15835,1.158225,1.15835
1786932000,1.15835,1.158415,1.15832,1.158375
1786932300,1.158375,1.15841,1.158275,1.15829
1786932600,1.15829,1.15833,1.158175,1.158325
1786932900,1.158325,1.15841,1.15821,1.15838
1786933200,1.15838,1.15838,1.158315,1.158315
1786933500,1.158315,1.15844,1.15831,1.158435
1786933800,1.158425,1.15845,1.158065,1.15807
1786934100,1.158075,1.158215,1.15804,1.158165
1786934400,1.158165,1.158275,1.158115,1.158115
1786934700,1.158115,1.158175,1.158075,1.15812
1786935000,1.15812,1.15812,1.158,1.158025
1786935300,1.158025,1.158025,1.1579,1.157975
1786935600,1.157975,1.158035,1.157855,1.15787
1786935900,1.157875,1.158035,1.157855,1.15794
1786936200,1.15794,1.157955,1.15788,1.157915
1786936500,1.15792,1.158055,1.157915,1.15801
1786936800,1.158005,1.158045,1.15799,1.15804
1786937100,1.15804,1.15804,1.15797,1.15798
1786937400,1.157985,1.158055,1.157975,1.157975
1786937700,1.15798,1.15798,1.157855,1.157935
1786938000,1.157935,1.158,1.157935,1.157975
1786938300,1.157975,1.158055,1.157975,1.158025
1786938600,1.158025,1.15813,1.15797,1.158125
1786938900,1.158135,1.15837,1.15809,1.15835
1786939200,1.158345,1.158425,1.15827,1.158395
1786939500,1.15839,1.158695,1.15839,1.158675
1786939800,1.158675,1.158805,1.158645,1.158715
1786940100,1.158715,1.158735,1.15865,1.158665
1786940400,1.158665,1.158685,1.15854,1.158665
1786940700,1.158665,1.158735,1.158665,1.15867
1786941000,1.158665,1.15871,1.158525,1.15857
1786941300,1.15857,1.158705,1.15856,1.15865
1786941600,1.15865,1.15872,1.158625,1.15867
1786941900,1.158675,1.158715,1.158605,1.15861
1786942200,1.15861,1.15865,1.15851,1.158515
1786942500,1.15852,1.15856,1.158445,1.15848
1786942800,1.158475,1.158605,1.158475,1.15855
1786943100,1.15856,1.15856,1.15846,1.158475
1786943400,1.158475,1.15849,1.15827,1.158325
1786943700,1.15833,1.15856,1.158315,1.158545
1786944000,1.158545,1.158745,1.158535,1.1587
1786944300,1.158695,1.15874,1.15864,1.15872
1786944600,1.158715,1.15878,1.158575,1.15861
1786944900,1.15861,1.158745,1.158515,1.15874
1786945200,1.158735,1.158775,1.15863,1.15872
1786945500,1.15872,1.15884,1.158685,1.15883
1786945800,1.15883,1.158935,1.15864,1.158645
1786946100,1.15865,1.158835,1.15865,1.15873
1786946400,1.158725,1.158945,1.158725,1.158775
1786946700,1.15877,1.158935,1.15857,1.15859
1786947000,1.158595,1.15862,1.15836,1.15849
1786947300,1.1585,1.15869,1.158475,1.15867
1786947600,1.158675,1.158725,1.15851,1.15854
1786947900,1.158535,1.15923,1.158515,1.159215
1786948200,1.15921,1.15923,1.15891,1.15896
1786948500,1.158955,1.15912,1.158815,1.159105
1786948800,1.159105,1.159115,1.158925,1.159085
1786949100,1.15909,1.15943,1.159075,1.15934
1786949400,1.15935,1.15955,1.15935,1.15948
1786949700,1.159475,1.159685,1.15942,1.15957
1786950000,1.159575,1.15967,1.159275,1.159465
1786950300,1.15946,1.159705,1.15936,1.15967
1786950600,1.159675,1.159775,1.159635,1.15971
1786950900,1.159715,1.16032,1.15967,1.16011
1786951200,1.160115,1.160395,1.15997,1.160225
1786951500,1.160225,1.160645,1.160165,1.16063
1786951800,1.16063,1.16114,1.160595,1.160815
1786952100,1.16081,1.160885,1.16064,1.160835
1786952400,1.160845,1.161195,1.16079,1.1609
1786952700,1.160895,1.160955,1.16068,1.16068
1786953000,1.160685,1.160895,1.160565,1.16066
1786953300,1.160655,1.160785,1.16059,1.16066
1786953600,1.160655,1.16077,1.160385,1.16046
1786953900,1.16046,1.160615,1.1604,1.160555
1786954200,1.16056,1.16076,1.160465,1.160625
1786954500,1.16062,1.16092,1.16062,1.160805
1786954800,1.1608,1.16118,1.160795,1.161145
1786955100,1.16114,1.16141,1.16113,1.161395
1786955400,1.1614,1.161415,1.16101,1.16108
1786955700,1.161075,1.16111,1.16075,1.1609
1786956000,1.16091,1.160935,1.16053,1.16056
1786956300,1.16056,1.160685,1.16035,1.16035
1786956600,1.16037,1.16041,1.159625,1.159635
1786956900,1.15963,1.16005,1.159545,1.159895
1786957200,1.15989,1.16003,1.15971,1.159955
1786957500,1.15996,1.160105,1.159905,1.159995
1786957800,1.16,1.160015,1.159825,1.15988
1786958100,1.159885,1.160235,1.159835,1.16009
1786958400,1.16009,1.16016,1.159835,1.160025
1786958700,1.16002,1.16019,1.15994,1.16016
1786959000,1.160155,1.16018,1.160045,1.1601
1786959300,1.1601,1.1601,1.159875,1.16
1786959600,1.160005,1.160245,1.15999,1.16001
1786959900,1.160005,1.1601,1.1599,1.159925
1786960200,1.15992,1.15994,1.15973,1.15987
1786960500,1.15988,1.1599,1.159595,1.15969
1786960800,1.15969,1.159695,1.15946,1.15953
1786961100,1.15953,1.15955,1.15926,1.159265
1786961400,1.15927,1.159615,1.159245,1.15948
1786961700,1.159475,1.159685,1.15946,1.159535
1786962000,1.15954,1.159635,1.15939,1.15963
1786962300,1.159625,1.15981,1.159365,1.15975
1786962600,1.159755,1.159845,1.159265,1.15937
1786962900,1.159365,1.159445,1.15913,1.159165
1786963200,1.15917,1.15929,1.159125,1.15927
1786963500,1.15926,1.15936,1.15916,1.15927
1786963800,1.15927,1.159315,1.159065,1.159085
1786964100,1.15908,1.15919,1.158955,1.159045
1786964400,1.159055,1.159285,1.159,1.159215
1786964700,1.15922,1.159545,1.159205,1.15938
1786965000,1.159385,1.15941,1.159055,1.159075
1786965300,1.159075,1.15912,1.15878,1.15882
1786965600,1.158825,1.15889,1.15876,1.15886
1786965900,1.15887,1.159065,1.158855,1.159015
1786966200,1.15901,1.159185,1.158945,1.15909
1786966500,1.159095,1.159155,1.158955,1.15903
1786966800,1.159025,1.1591,1.15886,1.158885
1786967100,1.15889,1.15893,1.158795,1.15881
1786967400,1.15881,1.159175,1.15881,1.159165
1786967700,1.15916,1.159275,1.159055,1.15924
1786968000,1.159245,1.159545,1.159155,1.159535
1786968300,1.15954,1.159635,1.159295,1.159295
1786968600,1.1593,1.159525,1.15916,1.159255
1786968900,1.15926,1.15933,1.158955,1.159175
1786969200,1.15918,1.15948,1.15909,1.159475
1786969500,1.15948,1.1596,1.158725,1.15907
1786969800,1.15908,1.159215,1.158905,1.15911
1786970100,1.159105,1.15919,1.158995,1.15912
1786970400,1.15911,1.159435,1.15909,1.15941
1786970700,1.159405,1.159475,1.159095,1.159195
1786971000,1.1592,1.15951,1.15908,1.15946
1786971300,1.159465,1.15978,1.15942,1.159755
1786971600,1.15977,1.15986,1.15958,1.159645
1786971900,1.15964,1.159875,1.15964,1.159845
1786972200,1.15984,1.15998,1.159555,1.159575
1786972500,1.15957,1.159855,1.1595,1.159815
1786972800,1.159815,1.159925,1.159645,1.159695
1786973100,1.159685,1.159785,1.15947,1.159585
1786973400,1.15958,1.159895,1.159495,1.159815
1786973700,1.15981,1.159915,1.15936,1.15941
1786974000,1.159405,1.15944,1.159045,1.15905
1786974300,1.159055,1.15924,1.158765,1.15924
1786974600,1.159235,1.159505,1.159235,1.15933
1786974900,1.15933,1.159545,1.159315,1.15947
1786975200,1.159475,1.15968,1.159255,1.159655
1786975500,1.15966,1.159685,1.159415,1.159555
1786975800,1.15956,1.159685,1.159405,1.15963
1786976100,1.159635,1.159925,1.159615,1.159775
1786976400,1.159785,1.159885,1.15964,1.15981
1786976700,1.1598,1.15987,1.159115,1.15931
1786977000,1.159305,1.159385,1.159105,1.15911
1786977300,1.15911,1.159175,1.158695,1.158825
1786977600,1.158825,1.159045,1.158805,1.158875
1786977900,1.15887,1.158945,1.1587,1.158875
1786978200,1.158875,1.15908,1.15861,1.15869
1786978500,1.158695,1.158875,1.1586,1.158685
1786978800,1.15869,1.15872,1.1585,1.158525
1786979100,1.15853,1.15856,1.158315,1.158405
1786979400,1.1584,1.158565,1.15838,1.158475
1786979700,1.158475,1.158535,1.15818,1.15838
1786980000,1.15838,1.15841,1.158225,1.15837
1786980300,1.15837,1.158575,1.158285,1.158475
1786980600,1.15848,1.158625,1.158335,1.158385
1786980900,1.15838,1.15851,1.15827,1.158405
1786981200,1.15841,1.158435,1.158175,1.15821
1786981500,1.158205,1.158675,1.15817,1.15866
1786981800,1.15865,1.158925,1.158595,1.158915
1786982100,1.15892,1.15902,1.15887,1.159
1786982400,1.159005,1.15902,1.15858,1.15862
1786982700,1.15862,1.15887,1.15851,1.15868
1786983000,1.158685,1.158795,1.1586,1.15871
1786983300,1.15871,1.158985,1.158675,1.15891
1786983600,1.15891,1.15906,1.1589,1.158995
1786983900,1.159,1.159045,1.15884,1.158865
1786984200,1.15887,1.15893,1.15885,1.158865
1786984500,1.158865,1.15913,1.158835,1.15912
1786984800,1.15912,1.15918,1.15902,1.159115
1786985100,1.15912,1.15913,1.15896,1.159
1786985400,1.15899,1.15902,1.1588,1.158845
1786985700,1.15884,1.15892,1.158805,1.15883
1786986000,1.158835,1.158975,1.15881,1.15893
1786986300,1.158925,1.158925,1.158705,1.15879
1786986600,1.158795,1.15881,1.15863,1.158635
1786986900,1.158635,1.158655,1.15843,1.15846
1786987200,1.15846,1.158505,1.158285,1.158295
1786987500,1.15829,1.158465,1.158255,1.15846
1786987800,1.158465,1.15855,1.15826,1.158275
1786988100,1.15828,1.15829,1.157695,1.157695
1786988400,1.15769,1.157965,1.1576,1.15796
1786988700,1.157965,1.158095,1.15791,1.15796
1786989000,1.15796,1.157975,1.157805,1.157865
1786989300,1.15787,1.157895,1.15769,1.157725
1786989600,1.15773,1.157775,1.1576,1.157715
1786989900,1.157715,1.15783,1.157585,1.15766
1786990200,1.157655,1.157775,1.157535,1.157765
1786990500,1.157765,1.157845,1.15772,1.157725
1786990800,1.157725,1.157725,1.15752,1.157525
1786991100,1.157525,1.157525,1.157315,1.157435
1786991400,1.157435,1.157435,1.15711,1.15718
1786991700,1.15718,1.157275,1.1571,1.15723
1786992000,1.15723,1.15735,1.15717,1.15722
1786992300,1.157215,1.15729,1.15712,1.157245
1786992600,1.157245,1.157395,1.15724,1.15729
1786992900,1.157295,1.157335,1.15717,1.157255
1786993200,1.15726,1.157455,1.15721,1.157385
1786993500,1.157385,1.157415,1.157295,1.15737
1786993800,1.157375,1.157705,1.157315,1.157685
1786994100,1.15769,1.157835,1.15768,1.15779
1786994400,1.15779,1.15789,1.15778,1.15784
1786994700,1.15784,1.15793,1.157805,1.1579
1786995000,1.157895,1.15792,1.157715,1.157765
1786995300,1.15775,1.15797,1.157735,1.15794
1786995600,1.15793,1.15805,1.15793,1.158035
1786995900,1.15804,1.15804,1.157925,1.157945
1786996200,1.15794,1.157995,1.15781,1.15783
1786996500,1.157825,1.1579,1.15772,1.15789
1786996800,1.157885,1.15799,1.157845,1.157945
1786997100,1.157945,1.157945,1.15775,1.157785
1786997400,1.157785,1.1578,1.15777,1.15777
1786997700,1.15777,1.15786,1.15777,1.15786
1786998000,1.15786,1.15789,1.157795,1.1578
1786998300,1.15779,1.15779,1.15776,1.157775
1786998600,1.157765,1.15781,1.15773,1.15781
1786998900,1.15781,1.1579,1.15778,1.15778
1786999200,1.157785,1.157845,1.15778,1.157835
1786999500,1.15783,1.15785,1.15781,1.15782
1786999800,1.15782,1.15789,1.15781,1.15789
1787000100,1.157895,1.15807,1.15781,1.158015
1787000400,1.15818,1.15843,1.158145,1.158225
1787000700,1.158215,1.158285,1.15782,1.157835
1787001000,1.157835,1.157855,1.157815,1.157835
1787001300,1.157835,1.1582,1.157835,1.15792
1787001600,1.15792,1.15793,1.15786,1.157865
1787001900,1.157865,1.157895,1.15783,1.15784
1787002200,1.15784,1.157895,1.157815,1.157855
1787002500,1.157855,1.157895,1.157855,1.157895
1787002800,1.157895,1.157905,1.15786,1.15788
1787003100,1.157875,1.15788,1.1578,1.157805
1787003400,1.157805,1.157935,1.157805,1.15781
1787003700,1.15781,1.15785,1.15778,1.157845
1787004000,1.157845,1.157995,1.157795,1.157925
1787004300,1.15793,1.15793,1.15786,1.15786
1787004600,1.15786,1.15788,1.15781,1.157875
1787004900,1.157875,1.157915,1.157785,1.157785
1787005200,1.15778,1.157875,1.15778,1.15787
1787005500,1.15787,1.15803,1.15787,1.15799
1787005800,1.157985,1.157985,1.15788,1.15788
1787006100,1.157885,1.157915,1.15783,1.157845
1787006400,1.157845,1.157925,1.157845,1.157895
1787006700,1.157895,1.15795,1.15789,1.15793
1787007000,1.157925,1.15794,1.15787,1.15789
1787007300,1.157895,1.157905,1.15785,1.157885
1787007600,1.15789,1.15789,1.157825,1.157885
1787007900,1.157885,1.158035,1.15788,1.15803
1787008200,1.15803,1.158045,1.15798,1.15802
1787008500,1.15802,1.158025,1.15798,1.158015
1787008800,1.15802,1.15807,1.15801,1.15804
1787009100,1.15804,1.15812,1.15802,1.15812
1787009400,1.158115,1.1582,1.158095,1.158175
1787009700,1.158175,1.15818,1.158155,1.15817
1787010000,1.15817,1.158315,1.158165,1.158285
1787010300,1.158285,1.15836,1.15828,1.158355
1787010600,1.15835,1.158355,1.158255,1.15828
1787010900,1.158275,1.158295,1.15822,1.158275
1787011200,1.15827,1.15845,1.15822,1.15839
1787011500,1.15839,1.1585,1.158315,1.158315
1787011800,1.15832,1.158335,1.15818,1.158265
1787012100,1.15826,1.15834,1.15822,1.158295
1787012400,1.15829,1.1583,1.158135,1.15814
1787012700,1.15814,1.15816,1.157935,1.15798
1787013000,1.15798,1.158,1.15777,1.157945
1787013300,1.15794,1.1582,1.15788,1.15817
1787013600,1.15817,1.15817,1.158065,1.15812
1787013900,1.15812,1.15812,1.15797,1.158065
1787014200,1.15807,1.15818,1.15804,1.158075
1787014500,1.15807,1.158275,1.15806,1.15825
1787014800,1.158255,1.158325,1.15814,1.158195
1787015100,1.15819,1.1584,1.15818,1.158385
1787015400,1.158385,1.15859,1.158365,1.15854
1787015700,1.158535,1.158545,1.158135,1.15822
1787016000,1.15822,1.15827,1.158075,1.158175
1787016300,1.15817,1.158235,1.15796,1.15818
1787016600,1.158185,1.158305,1.15817,1.158305
1787016900,1.1583,1.158425,1.15828,1.15832
1787017200,1.158325,1.158345,1.1581,1.15812
1787017500,1.158115,1.15813,1.1579,1.157965
1787017800,1.15797,1.158145,1.15796,1.158075
1787018100,1.15807,1.15812,1.15788,1.15797
1787018400,1.157965,1.15797,1.157725,1.15787
1787018700,1.157875,1.15796,1.15775,1.157785
1787019000,1.157785,1.157795,1.157665,1.157685
1787019300,1.157685,1.15776,1.15762,1.15767
1787019600,1.157665,1.1577,1.157595,1.15764
1787019900,1.15765,1.15775,1.15761,1.157715
1787020200,1.157715,1.15774,1.157525,1.157695
1787020500,1.157695,1.157725,1.15762,1.157635
1787020800,1.15764,1.157685,1.157615,1.15767
1787021100,1.15767,1.157875,1.15766,1.157865
1787021400,1.157865,1.15799,1.15785,1.15799
1787021700,1.157985,1.158045,1.15792,1.158025
1787022000,1.158025,1.158025,1.15781,1.157885
1787022300,1.157885,1.15789,1.15777,1.15783
1787022600,1.157825,1.157865,1.15775,1.157765
1787022900,1.157765,1.157765,1.15759,1.1576
1787023200,1.157595,1.157625,1.15749,1.157515
1787023500,1.15751,1.15759,1.15747,1.157585
1787023800,1.15758,1.15758,1.1574,1.1574
1787024100,1.157405,1.15742,1.157225,1.157255
1787024400,1.15725,1.15733,1.1572,1.15729
1787024700,1.15729,1.15729,1.15716,1.15718
1787025000,1.15718,1.15727,1.157165,1.15723
1787025300,1.15723,1.157415,1.157225,1.157335
1787025600,1.15733,1.157405,1.15728,1.157315
1787025900,1.157315,1.15734,1.157175,1.157175
1787026200,1.15718,1.157215,1.15703,1.15706
1787026500,1.157065,1.1571,1.156975,1.157075
1787026800,1.157075,1.15721,1.15702,1.15721
1787027100,1.157205,1.157315,1.157155,1.157235
1787027400,1.157235,1.15726,1.157075,1.15709
1787027700,1.157095,1.15724,1.157095,1.15718
1787028000,1.15718,1.157325,1.15718,1.15729
1787028300,1.157295,1.15749,1.157205,1.15748
1787028600,1.157475,1.15749,1.157375,1.157405
1787028900,1.1574,1.15742,1.15714,1.15715
1787029200,1.157155,1.157185,1.156995,1.15706
1787029500,1.157065,1.157075,1.15693,1.157035
1787029800,1.15704,1.15708,1.156955,1.156985
1787030100,1.15698,1.157095,1.156935,1.15704
1787030400,1.15704,1.15716,1.157035,1.15714
1787030700,1.157135,1.157295,1.15711,1.157265
1787031000,1.15726,1.15729,1.15716,1.15718
1787031300,1.157175,1.157245,1.15712,1.15716
1787031600,1.15716,1.15727,1.15703,1.15724
1787031900,1.15724,1.15741,1.15721,1.15741
1787032200,1.15742,1.15743,1.157255,1.15733
1787032500,1.157325,1.15739,1.157275,1.1573
1787032800,1.157305,1.15748,1.15678,1.156825
1787033100,1.15683,1.15693,1.1567,1.156925
1787033400,1.15692,1.157145,1.156875,1.156965
1787033700,1.15696,1.157125,1.156885,1.15698
1787034000,1.15697,1.157085,1.15688,1.15705
1787034300,1.157045,1.157255,1.157035,1.15724
1787034600,1.157235,1.15725,1.1569,1.1569
1787034900,1.156905,1.157015,1.156665,1.156865
1787035200,1.156865,1.15709,1.15686,1.15707
1787035500,1.157075,1.157075,1.15689,1.157015
1787035800,1.15702,1.157085,1.15681,1.157015
1787036100,1.15701,1.157215,1.1569,1.15721
1787036400,1.157205,1.157415,1.1571,1.157415
1787036700,1.157415,1.157435,1.15724,1.15741
1787037000,1.157405,1.157405,1.15706,1.15709
1787037300,1.157085,1.157205,1.156945,1.15711
1787037600,1.157115,1.15735,1.15711,1.157345
1787037900,1.157345,1.15761,1.15734,1.15746
1787038200,1.157455,1.15757,1.15734,1.157355
1787038500,1.15736,1.157655,1.15736,1.15757
1787038800,1.15757,1.157715,1.1575,1.15757
1787039100,1.157565,1.157715,1.157525,1.15768
1787039400,1.15767,1.15776,1.15749,1.157525
1787039700,1.157525,1.15758,1.15736,1.15739
1787040000,1.157395,1.15741,1.15711,1.157285
1787040300,1.15728,1.157325,1.157015,1.15713
1787040600,1.15713,1.157235,1.15706,1.157175
1787040900,1.157175,1.157205,1.157025,1.157105
1787041200,1.15711,1.157115,1.156915,1.156985
1787041500,1.15699,1.157145,1.156955,1.157145
1787041800,1.15714,1.15732,1.157135,1.157255
1787042100,1.157255,1.15737,1.15717,1.157315
1787042400,1.15731,1.157485,1.157285,1.157485
1787042700,1.157485,1.157585,1.15744,1.157585
1787043000,1.157585,1.15759,1.15747,1.157565
1787043300,1.15757,1.15777,1.15757,1.15762
1787043600,1.15762,1.15762,1.157445,1.157535
1787043900,1.15754,1.157565,1.15742,1.157475
1787044200,1.157475,1.15749,1.157365,1.15742
1787044500,1.157415,1.157475,1.15726,1.15747
1787044800,1.15747,1.15769,1.15745,1.15755
1787045100,1.157545,1.15778,1.157545,1.157725
1787045400,1.15772,1.15793,1.1577,1.15782
1787045700,1.157815,1.157885,1.157625,1.15771
1787046000,1.157705,1.157725,1.15742,1.157605
1787046300,1.157605,1.157765,1.157555,1.15772
1787046600,1.157725,1.1578,1.15766,1.157785
1787046900,1.15779,1.15799,1.15773,1.157925
1787047200,1.15792,1.15793,1.15763,1.157675
1787047500,1.157675,1.157765,1.157605,1.15771
1787047800,1.15771,1.157745,1.15747,1.15748
1787048100,1.157485,1.15765,1.15744,1.15759
1787048400,1.157585,1.15759,1.15752,1.157565
1787048700,1.157565,1.157675,1.1574,1.157665
1787049000,1.157665,1.15768,1.157495,1.157515
1787049300,1.15752,1.15757,1.15745,1.15753
1787049600,1.157525,1.15756,1.15746,1.15753
1787049900,1.15753,1.157685,1.15752,1.15764
1787050200,1.157645,1.15766,1.15745,1.15752
1787050500,1.157515,1.15767,1.157495,1.15761
1787050800,1.157615,1.15766,1.157505,1.15752
1787051100,1.157515,1.157575,1.157445,1.15755
1787051400,1.15754,1.15757,1.157425,1.157425
1787051700,1.157425,1.157475,1.15737,1.15742
1787052000,1.15742,1.157525,1.157415,1.157525
1787052300,1.15752,1.15752,1.15727,1.157295
1787052600,1.1573,1.15745,1.157255,1.157265
1787052900,1.15726,1.15754,1.15726,1.15742
1787053200,1.157415,1.15758,1.15736,1.15741
1787053500,1.157415,1.157465,1.157335,1.157425
1787053800,1.157425,1.157425,1.157305,1.157395
1787054100,1.15739,1.15769,1.157355,1.15766
1787054400,1.157655,1.157935,1.157495,1.157865
1787054700,1.15786,1.157875,1.15758,1.15763
1787055000,1.15763,1.15776,1.15755,1.15776
1787055300,1.15776,1.157775,1.15756,1.15777
1787055600,1.157785,1.157935,1.15765,1.15766
1787055900,1.157655,1.15779,1.15738,1.15742
1787056200,1.157425,1.157575,1.15727,1.15728
1787056500,1.157285,1.15736,1.157165,1.157285
1787056800,1.157295,1.1575,1.15721,1.15749
1787057100,1.157505,1.15763,1.157365,1.157615
1787057400,1.157615,1.15779,1.157605,1.15777
1787057700,1.157775,1.15783,1.1574,1.1574
1787058000,1.157395,1.15795,1.157395,1.15793
1787058300,1.15793,1.157935,1.15757,1.15775
1787058600,1.157755,1.157925,1.1577,1.15789
1787058900,1.157885,1.15792,1.157625,1.15764
1787059200,1.157645,1.157765,1.157505,1.15758
1787059500,1.157575,1.15767,1.1574,1.157515
1787059800,1.15751,1.158065,1.15707,1.157985
1787060100,1.15798,1.15849,1.157855,1.15842
1787060400,1.158415,1.1585,1.158015,1.158045
1787060700,1.15805,1.15824,1.157855,1.15817
1787061000,1.158165,1.158315,1.1578,1.15787
1787061300,1.157875,1.15807,1.15786,1.158055
1787061600,1.15804,1.158345,1.15803,1.15825
1787061900,1.158255,1.158485,1.15808,1.15848
1787062200,1.158475,1.1587,1.158315,1.158315
1787062500,1.15832,1.158805,1.15821,1.15867
1787062800,1.158675,1.15884,1.15854,1.15871
1787063100,1.158715,1.15878,1.15838,1.158515
1787063400,1.15851,1.158525,1.15829,1.15841
1787063700,1.15841,1.15842,1.15805,1.158165
1787064000,1.15817,1.158515,1.158125,1.15847
1787064300,1.158465,1.158605,1.15838,1.15851
1787064600,1.15851,1.15884,1.158125,1.158325
1787064900,1.158315,1.15858,1.15807,1.158095
1787065200,1.1581,1.158575,1.1579,1.15854
1787065500,1.158545,1.15863,1.157905,1.157915
1787065800,1.15792,1.158065,1.15773,1.15774
1787066100,1.157735,1.157945,1.15771,1.15787
1787066400,1.157865,1.15815,1.15776,1.15781
1787066700,1.157805,1.15794,1.157675,1.15781
1787067000,1.157815,1.15786,1.15763,1.157795
1787067300,1.157805,1.15804,1.157755,1.15793
1787067600,1.157935,1.158035,1.1578,1.157905
1787067900,1.1579,1.158125,1.15788,1.15811
1787068200,1.15812,1.158175,1.157955,1.15801
1787068500,1.158005,1.158045,1.157885,1.15792
1787068800,1.157925,1.158125,1.15785,1.158065
1787069100,1.158065,1.158305,1.15802,1.15825
1787069400,1.158255,1.15844,1.15825,1.158325
1787069700,1.15833,1.158485,1.15828,1.15841
1787070000,1.15841,1.15856,1.15841,1.158475
1787070300,1.15848,1.15853,1.158095,1.15811
1787070600,1.158105,1.1582,1.15794,1.158
1787070900,1.158,1.158025,1.15786,1.15797
1787071200,1.15797,1.15819,1.157955,1.158175
1787071500,1.158175,1.158275,1.158115,1.158165
1787071800,1.158165,1.158195,1.15805,1.158125
1787072100,1.15812,1.15812,1.157955,1.15796
1787072400,1.15796,1.15803,1.15774,1.15776
1787072700,1.157765,1.157765,1.157565,1.15765
1787073000,1.157645,1.15765,1.15758,1.15763
1787073300,1.157625,1.15772,1.157575,1.157665
1787073600,1.157665,1.157815,1.15766,1.15775
1787073900,1.15776,1.15777,1.15755,1.157715
1787074200,1.15771,1.157715,1.15743,1.157565
1787074500,1.15756,1.15761,1.15744,1.157575
1787074800,1.15757,1.15772,1.15757,1.157625
1787075100,1.157625,1.15769,1.157575,1.15758
1787075400,1.15758,1.15769,1.15757,1.157585
1787075700,1.157585,1.15767,1.157535,1.157655
1787076000,1.157655,1.157655,1.15748,1.157485
1787076300,1.15749,1.157685,1.157485,1.157685
1787076600,1.157685,1.15775,1.15759,1.157735
1787076900,1.15774,1.15783,1.15774,1.157825
1787077200,1.15782,1.157885,1.15773,1.15776
1787077500,1.157765,1.157785,1.15771,1.157715
1787077800,1.15771,1.157735,1.15763,1.157675
1787078100,1.15768,1.1577,1.15756,1.157625
1787078400,1.15761,1.15761,1.157435,1.15744
1787078700,1.157435,1.157485,1.15742,1.15744
1787079000,1.15744,1.15753,1.15744,1.157485
1787079300,1.15748,1.157625,1.15747,1.157565
1787079600,1.15757,1.1576,1.157485,1.15752
1787079900,1.157525,1.15756,1.157475,1.15752
1787080200,1.15752,1.15779,1.157515,1.15768
1787080500,1.157675,1.15774,1.157605,1.15766
1787080800,1.157665,1.15774,1.15763,1.15772
1787081100,1.15772,1.15772,1.157585,1.15766
1787081400,1.157655,1.1578,1.157625,1.157795
1787081700,1.157795,1.157925,1.157735,1.15791
1787082000,1.15791,1.158075,1.15787,1.15788
1787082300,1.15788,1.157925,1.1577,1.157795
1787082600,1.157785,1.15783,1.157635,1.157675
1787082900,1.157685,1.157705,1.157395,1.157475
1787083200,1.157475,1.15749,1.157225,1.157265
1787083500,1.157265,1.157285,1.157195,1.157215
1787083800,1.157205,1.15732,1.157185,1.157295
1787084100,1.15729,1.157315,1.15726,1.157305
1787084400,1.1573,1.157325,1.15721,1.1573
1787084700,1.157295,1.157335,1.157225,1.157325
1787085000,1.157325,1.157445,1.157295,1.157445
1787085300,1.157445,1.15748,1.157425,1.157425
1787085600,1.157425,1.157475,1.157385,1.157395
1787085900,1.15739,1.15744,1.15729,1.15741
1787086200,1.157405,1.157475,1.157365,1.157475
1787086500,1.15748,1.15766,1.157415,1.15755
1787086800,1.15755,1.15773,1.15755,1.15764
1787087100,1.15764,1.157705,1.15762,1.157655
1787087400,1.157655,1.15777,1.15764,1.157765
1787087700,1.157765,1.157775,1.15774,1.157765
1787088000,1.157765,1.157835,1.157765,1.15782
1787088300,1.15783,1.157835,1.157785,1.157805
1787088600,1.157805,1.15784,1.15772,1.15777
1787088900,1.15777,1.15781,1.157735,1.157745
1787089200,1.157745,1.15776,1.1575,1.157565
1787089500,1.157565,1.157565,1.15748,1.15749
1787089800,1.15749,1.157515,1.15744,1.1575
1787090100,1.1575,1.157575,1.15744,1.15754
1787090400,1.15753,1.157655,1.157465,1.15764
1787090700,1.15764,1.15764,1.157595,1.1576
1787091000,1.1576,1.1576,1.15741,1.15746
1787091300,1.15746,1.157615,1.157455,1.15759
1787091600,1.15759,1.15762,1.157515,1.15752
1787091900,1.15752,1.157535,1.15748,1.15748
1787092200,1.157485,1.157575,1.157465,1.15755
1787092500,1.15755,1.157585,1.15752,1.15753
1787092800,1.15753,1.15753,1.15748,1.157505
1787093100,1.157505,1.15763,1.1575,1.157625
1787093400,1.157625,1.15768,1.15762,1.157675
1787093700,1.157675,1.157675,1.15762,1.15763
1787094000,1.15764,1.157835,1.15764,1.157815
1787094300,1.15782,1.157835,1.15777,1.15778
1787094600,1.15778,1.157815,1.15767,1.15768
1787094900,1.15768,1.15772,1.15766,1.15766
1787095200,1.157665,1.157705,1.15766,1.15767
1787095500,1.15767,1.157685,1.15745,1.157505
1787095800,1.157505,1.157565,1.157435,1.157475
1787096100,1.157475,1.15749,1.157335,1.157345
1787096400,1.157345,1.157455,1.157345,1.15741
1787096700,1.15741,1.15748,1.157355,1.157425
1787097000,1.15743,1.157475,1.15734,1.157465
1787097300,1.157465,1.157615,1.157405,1.157615
1787097600,1.15764,1.157985,1.157535,1.157955
1787097900,1.157955,1.1581,1.157885,1.157935
1787098200,1.157925,1.15817,1.157865,1.15804
1787098500,1.15804,1.15817,1.15801,1.15803
1787098800,1.158035,1.158115,1.15796,1.15803
1787099100,1.15803,1.15804,1.157885,1.157925
1787099400,1.157925,1.157965,1.15752,1.15763
1787099700,1.157635,1.15773,1.157555,1.15772
1787100000,1.157715,1.15778,1.1575,1.15753
1787100300,1.157535,1.157555,1.15743,1.15747
1787100600,1.15747,1.15783,1.15746,1.157685
1787100900,1.1577,1.15777,1.15734,1.157415
1787101200,1.15742,1.15746,1.15715,1.15742
1787101500,1.1574,1.15744,1.157265,1.15728
1787101800,1.157285,1.1574,1.157215,1.15723
1787102100,1.157235,1.15733,1.157025,1.15723
1787102400,1.157235,1.157385,1.15718,1.157335
1787102700,1.157335,1.1574,1.157275,1.157375
1787103000,1.15738,1.157565,1.157375,1.157525
1787103300,1.157525,1.157695,1.157515,1.157695
1787103600,1.157685,1.157775,1.157675,1.157685
1787103900,1.157685,1.157725,1.157615,1.157635
1787104200,1.15763,1.157635,1.15752,1.157615
1787104500,1.157625,1.157785,1.157615,1.157715
1787104800,1.15772,1.157775,1.157655,1.15775
1787105100,1.15775,1.158035,1.15775,1.158035
1787105400,1.158035,1.158035,1.157865,1.157915
1787105700,1.1579,1.1585,1.15775,1.15827
1787106000,1.158265,1.158525,1.15812,1.158315
1787106300,1.158315,1.158365,1.158125,1.158215
1787106600,1.15823,1.158285,1.158075,1.15813
1787106900,1.15813,1.158405,1.15813,1.158315
1787107200,1.15832,1.158515,1.158215,1.158475
1787107500,1.158475,1.15872,1.15845,1.15849
1787107800,1.158485,1.15852,1.15808,1.158195
1787108100,1.158195,1.158245,1.15804,1.158235
1787108400,1.15824,1.15845,1.158215,1.15837
1787108700,1.158365,1.158365,1.158155,1.158265
1787109000,1.158265,1.15847,1.158245,1.158435
1787109300,1.15844,1.158485,1.158365,1.158375
1787109600,1.158375,1.158395,1.158305,1.15834
1787109900,1.15835,1.158435,1.158335,1.158385
1787110200,1.158375,1.158425,1.158225,1.15823
1787110500,1.158235,1.158275,1.158205,1.15823
1787110800,1.15823,1.15827,1.15816,1.15827
1787111100,1.158265,1.158345,1.158225,1.15832
1787111400,1.15832,1.158345,1.1582,1.1582
1787111700,1.158195,1.158195,1.158105,1.158125
1787112000,1.15813,1.158255,1.1581,1.158135
1787112300,1.15814,1.158145,1.1581,1.158135
1787112600,1.15814,1.15837,1.15806,1.158365
1787112900,1.158365,1.158375,1.158305,1.158365
1787113200,1.158365,1.158415,1.158305,1.158365
1787113500,1.158365,1.158385,1.1583,1.15833
1787113800,1.15834,1.158585,1.158335,1.158465
1787114100,1.15847,1.158525,1.158335,1.158335
1787114400,1.158335,1.15834,1.158215,1.15834
1787114700,1.15834,1.158465,1.158285,1.15844
1787115000,1.158435,1.158465,1.15838,1.158435
1787115300,1.158435,1.158685,1.15841,1.158585
1787115600,1.158575,1.15871,1.158565,1.15862
1787115900,1.158615,1.15862,1.158465,1.158485
1787116200,1.158485,1.158635,1.15847,1.158625
1787116500,1.158625,1.158765,1.15859,1.158685
1787116800,1.158685,1.158725,1.158635,1.15868
1787117100,1.15869,1.158695,1.15856,1.15864
1787117400,1.158645,1.158725,1.158535,1.158715
1787117700,1.15873,1.158745,1.15859,1.1587
1787118000,1.158695,1.158775,1.158615,1.158755
1787118300,1.158755,1.158855,1.15864,1.1588
1787118600,1.158805,1.15889,1.15872,1.15876
1787118900,1.158765,1.15895,1.15874,1.158855
1787119200,1.15885,1.159025,1.15878,1.158985
1787119500,1.15899,1.159085,1.158865,1.159065
1787119800,1.159075,1.15915,1.158985,1.15899
1787120100,1.158985,1.159495,1.158965,1.15947
1787120400,1.15947,1.159815,1.15942,1.159745
1787120700,1.15974,1.15987,1.159595,1.15978
1787121000,1.159785,1.15984,1.15945,1.159515
1787121300,1.15951,1.159595,1.15946,1.15955
1787121600,1.159545,1.159725,1.159515,1.159595
1787121900,1.159595,1.159675,1.159455,1.15967
1787122200,1.15968,1.159725,1.15951,1.159615
1787122500,1.15961,1.159635,1.159405,1.15946
1787122800,1.159455,1.15964,1.159405,1.15941
1787123100,1.159415,1.15957,1.159315,1.15938
1787123400,1.159375,1.159425,1.159185,1.159335
1787123700,1.159335,1.15942,1.15915,1.159345
1787124000,1.15934,1.159505,1.159295,1.15937
1787124300,1.159365,1.15947,1.159335,1.159465
1787124600,1.15947,1.15967,1.15945,1.15964
1787124900,1.15964,1.159725,1.159585,1.159665
1787125200,1.159665,1.15969,1.1593,1.159395
1787125500,1.159395,1.15949,1.15939,1.159455
1787125800,1.15945,1.159665,1.15937,1.159605
1787126100,1.159595,1.159765,1.159555,1.15966
1787126400,1.159655,1.15974,1.159555,1.159715
1787126700,1.15972,1.160105,1.15967,1.160075
1787127000,1.160085,1.160455,1.160085,1.160355
1787127300,1.16035,1.160525,1.160295,1.16036
1787127600,1.16035,1.16035,1.15995,1.160025
1787127900,1.16002,1.16003,1.1597,1.159835
1787128200,1.159835,1.159875,1.15966,1.159805
1787128500,1.159805,1.15986,1.159695,1.159775
1787128800,1.159775,1.16031,1.15975,1.16021
1787129100,1.160205,1.160315,1.16012,1.160235
1787129400,1.160235,1.160235,1.15999,1.160055
1787129700,1.160045,1.160065,1.159695,1.159805
1787130000,1.15981,1.16006,1.15965,1.160005
1787130300,1.160005,1.16001,1.15986,1.15987
1787130600,1.15986,1.16006,1.159815,1.15996
1787130900,1.15996,1.16017,1.15984,1.160095
1787131200,1.1601,1.160465,1.16001,1.160415
1787131500,1.160405,1.160475,1.160255,1.16041
1787131800,1.16041,1.16052,1.16036,1.1605
1787132100,1.160505,1.16065,1.160385,1.160405
1787132400,1.160405,1.16055,1.16038,1.160505
1787132700,1.160505,1.16065,1.160445,1.16065
1787133000,1.16065,1.160815,1.160625,1.160655
1787133300,1.16068,1.160715,1.160565,1.160645
1787133600,1.160645,1.160665,1.160525,1.160575
1787133900,1.160575,1.160765,1.160525,1.16071
1787134200,1.160705,1.16105,1.16066,1.160955
1787134500,1.160965,1.161075,1.16085,1.161015
1787134800,1.16102,1.16116,1.16094,1.161055
1787135100,1.16105,1.161065,1.160845,1.16104
1787135400,1.161035,1.161085,1.160965,1.16105
1787135700,1.16105,1.16109,1.160945,1.16101
1787136000,1.161015,1.16115,1.161,1.161095
1787136300,1.161095,1.161185,1.161045,1.161045
1787136600,1.161045,1.161055,1.160725,1.160735
1787136900,1.160735,1.160745,1.160565,1.160655
1787137200,1.16065,1.160855,1.160585,1.160615
1787137500,1.160615,1.16068,1.160325,1.160355
1787137800,1.160355,1.160595,1.160285,1.16057
1787138100,1.16057,1.160615,1.160505,1.16052
1787138400,1.16052,1.160625,1.16044,1.160605
1787138700,1.160605,1.160665,1.160445,1.160475
1787139000,1.160475,1.160615,1.160365,1.16061
1787139300,1.16061,1.160635,1.16016,1.160255
1787139600,1.16027,1.160295,1.159945,1.160075
1787139900,1.16008,1.16055,1.16007,1.160465
1787140200,1.16046,1.16053,1.16029,1.16042
1787140500,1.160415,1.16046,1.160225,1.160285
1787140800,1.16029,1.160465,1.160245,1.160315
1787141100,1.16032,1.1606,1.160305,1.160485
1787141400,1.160485,1.160565,1.160415,1.160565
1787141700,1.16056,1.160795,1.160555,1.160795
1787142000,1.16079,1.16102,1.16072,1.16085
1787142300,1.16085,1.16091,1.160555,1.160665
1787142600,1.16066,1.16198,1.16058,1.161915
1787142900,1.16191,1.16299,1.16161,1.1625
1787143200,1.162495,1.16289,1.16215,1.16289
1787143500,1.1629,1.163815,1.162565,1.16377
1787143800,1.163775,1.164095,1.163115,1.164075
1787144100,1.16407,1.16436,1.163535,1.163555
1787144400,1.16356,1.164295,1.16356,1.164165
1787144700,1.16415,1.164715,1.1639,1.16469
1787145000,1.164705,1.16502,1.16455,1.164855
1787145300,1.16487,1.16494,1.1645,1.16484
1787145600,1.164845,1.165005,1.164695,1.164715
1787145900,1.16471,1.165275,1.164405,1.165265
1787146200,1.16526,1.16592,1.16526,1.16544
1787146500,1.165445,1.165645,1.1648,1.16559
1787146800,1.165595,1.16571,1.16499,1.165545
1787147100,1.16554,1.16571,1.16518,1.165245
1787147400,1.16525,1.1658,1.16498,1.16579
1787147700,1.165785,1.16597,1.165465,1.16565
1787148000,1.16564,1.165945,1.16538,1.165845
1787148300,1.16584,1.166,1.165645,1.16587
1787148600,1.16588,1.16679,1.16584,1.166405
1787148900,1.1664,1.16679,1.166305,1.166705
1787149200,1.166705,1.16689,1.166295,1.16648
1787149500,1.166485,1.16721,1.16648,1.1672
1787149800,1.167205,1.167505,1.16705,1.16709
1787150100,1.167085,1.16773,1.16708,1.1677
1787150400,1.167695,1.167705,1.167355,1.167635
1787150700,1.167635,1.167635,1.16663,1.1667
1787151000,1.166705,1.16685,1.16618,1.16618
1787151300,1.166185,1.16665,1.166075,1.16634
1787151600,1.166345,1.16649,1.16604,1.166345
1787151900,1.16635,1.166575,1.16607,1.16609
1787152200,1.166085,1.16647,1.16592,1.166425
1787152500,1.166435,1.16661,1.16609,1.16617
1787152800,1.166165,1.1664,1.16569,1.165735
1787153100,1.16573,1.16609,1.165675,1.166025
1787153400,1.166035,1.1664,1.16594,1.166365
1787153700,1.16637,1.16681,1.166345,1.16658
1787154000,1.166585,1.166765,1.16632,1.166735
1787154300,1.166735,1.166805,1.166375,1.16649
1787154600,1.166485,1.16649,1.1661,1.16617
1787154900,1.16617,1.1664,1.16609,1.16639
1787155200,1.166395,1.166655,1.16636,1.166625
1787155500,1.166615,1.16698,1.166425,1.16696
1787155800,1.166955,1.16716,1.16686,1.16704
1787156100,1.16704,1.16716,1.166605,1.16668
1787156400,1.16668,1.167015,1.166625,1.16694
1787156700,1.16694,1.167085,1.16667,1.166755
1787157000,1.16676,1.167135,1.166725,1.16704
1787157300,1.16704,1.167065,1.16683,1.166925
1787157600,1.16693,1.167,1.16682,1.16691
1787157900,1.166915,1.167095,1.166835,1.16694
1787158200,1.166935,1.16718,1.16693,1.167115
1787158500,1.16711,1.16721,1.16683,1.166845
1787158800,1.16685,1.16722,1.166785,1.166795
1787159100,1.16679,1.166865,1.16645,1.166595
1787159400,1.1666,1.16671,1.16638,1.166545
1787159700,1.166545,1.166545,1.16629,1.166365
1787160000,1.16638,1.16649,1.166315,1.166455
1787160300,1.16645,1.166455,1.166225,1.16639
1787160600,1.166395,1.16645,1.166155,1.166285
1787160900,1.16628,1.166315,1.166085,1.166135
1787161200,1.16613,1.1664,1.16611,1.16618
1787161500,1.16617,1.16622,1.16608,1.16608
1787161800,1.166085,1.16618,1.165925,1.16599
1787162100,1.165985,1.166095,1.16585,1.165935
1787162400,1.165925,1.166905,1.16588,1.1669
1787162700,1.166905,1.16707,1.166455,1.16684
1787163000,1.166835,1.16715,1.166805,1.166945
1787163300,1.16694,1.166975,1.166605,1.1668
1787163600,1.166795,1.1668,1.1662,1.16623
1787163900,1.166225,1.166225,1.165995,1.166125
1787164200,1.16612,1.16669,1.16609,1.166645
1787164500,1.16665,1.166995,1.16665,1.16697
1787164800,1.166975,1.16743,1.166975,1.16721
1787165100,1.167205,1.167365,1.16713,1.16736
1787165400,1.16734,1.16742,1.167155,1.167405
1787165700,1.16741,1.16752,1.167305,1.16735
1787166000,1.167355,1.16747,1.167045,1.16707
1787166300,1.167075,1.16768,1.16699,1.167615
1787166600,1.16762,1.16764,1.16729,1.167355
1787166900,1.167355,1.16761,1.16734,1.167525
1787167200,1.16752,1.167615,1.16746,1.16757
1787167500,1.167565,1.16787,1.16754,1.167785
1787167800,1.16779,1.167925,1.16771,1.16776
1787168100,1.167765,1.16777,1.167285,1.167455
1787168400,1.16746,1.167525,1.167305,1.16735
1787168700,1.167345,1.1674,1.16718,1.167365
1787169000,1.16737,1.167715,1.167345,1.167715
1787169300,1.1677,1.167795,1.16754,1.167725
1787169600,1.16774,1.167835,1.167685,1.16778
1787169900,1.167775,1.167785,1.16761,1.16774
1787170200,1.16774,1.16774,1.16756,1.16758
1787170500,1.16758,1.16762,1.167525,1.16756
1787170800,1.16756,1.167725,1.16756,1.167725
1787171100,1.167725,1.167775,1.167505,1.167545
1787171400,1.167545,1.167795,1.167525,1.167755
1787171700,1.167755,1.16782,1.167705,1.16782
1787172000,1.167815,1.16787,1.167785,1.167835
1787172300,1.16783,1.16791,1.167795,1.16791
1787172600,1.1679,1.16791,1.167805,1.167815
1787172900,1.16781,1.167825,1.167735,1.167745
1787173200,1.167745,1.16776,1.16765,1.167655
1787173500,1.16768,1.16768,1.16763,1.16763
1787173800,1.16763,1.16763,1.167595,1.167595
1787174100,1.16757,1.167575,1.167555,1.16757
1787174400,1.16757,1.167605,1.167535,1.167545
1787174700,1.167545,1.16756,1.167525,1.167535
1787175000,1.167535,1.16757,1.167535,1.167565
1787175300,1.16756,1.167585,1.167545,1.16756
1787175600,1.16756,1.16758,1.16754,1.167565
1787175900,1.167565,1.167705,1.167565,1.16768
1787176200,1.167685,1.167865,1.167675,1.16784
1787176500,1.167845,1.16786,1.167655,1.167655
1787176800,1.167645,1.168075,1.167645,1.168
1787177100,1.168,1.168005,1.16794,1.16799
1787177400,1.16799,1.168005,1.1678,1.167915
1787177700,1.167915,1.16794,1.1678,1.1678
1787178000,1.1678,1.16786,1.167775,1.16781
1787178300,1.167805,1.16781,1.16776,1.16779
1787178600,1.167795,1.167835,1.16764,1.167705
1787178900,1.167705,1.167755,1.167605,1.167715
1787179200,1.167715,1.16773,1.167625,1.16772
1787179500,1.167705,1.167715,1.167625,1.167645
1787179800,1.167645,1.16769,1.16758,1.1676
1787180100,1.167605,1.167635,1.16751,1.16753
1787180400,1.16753,1.167645,1.16744,1.16763
1787180700,1.16763,1.16775,1.167615,1.167625
1787181000,1.167625,1.167645,1.16754,1.167565
1787181300,1.167565,1.167595,1.16747,1.167505
1787181600,1.16751,1.167545,1.167445,1.16749
1787181900,1.16749,1.167515,1.16737,1.16747
1787182200,1.167465,1.167535,1.167365,1.167365
1787182500,1.167365,1.167495,1.167365,1.167475
1787182800,1.167475,1.167475,1.16731,1.167315
1787183100,1.167315,1.167415,1.167285,1.167355
1787183400,1.16735,1.167415,1.167335,1.167355
1787183700,1.16736,1.16744,1.167305,1.167435
1787184000,1.16744,1.167975,1.16744,1.167895
1787184300,1.16789,1.167965,1.16745,1.167475
1787184600,1.16747,1.16776,1.16744,1.167715
1787184900,1.167715,1.16797,1.167655,1.16784
1787185200,1.16784,1.16784,1.16741,1.167455
1787185500,1.167455,1.167535,1.167395,1.167515
1787185800,1.167515,1.16774,1.167475,1.167595
1787186100,1.1676,1.16776,1.167505,1.167535
1787186400,1.167535,1.1676,1.167475,1.1675
1787186700,1.167495,1.1675,1.16726,1.167335
1787187000,1.16733,1.16742,1.167235,1.167405
1787187300,1.16741,1.16759,1.16734,1.16744
1787187600,1.167435,1.167505,1.167075,1.16711
1787187900,1.167105,1.16724,1.167005,1.167185
1787188200,1.167185,1.167265,1.16702,1.16724
1787188500,1.16725,1.16762,1.16725,1.1676
1787188800,1.167595,1.167885,1.16759,1.167875
1787189100,1.167865,1.168015,1.167695,1.16792
1787189400,1.167925,1.168275,1.16746,1.16798
1787189700,1.167985,1.16821,1.167905,1.16809
1787190000,1.16808,1.16809,1.167825,1.167835
1787190300,1.167835,1.167945,1.1675,1.167515
1787190600,1.16751,1.16755,1.167365,1.16748
1787190900,1.167485,1.16766,1.167415,1.16765
1787191200,1.167655,1.168395,1.16755,1.16811
1787191500,1.168115,1.168265,1.167795,1.167795
1787191800,1.167795,1.16786,1.16768,1.167715
1787192100,1.16772,1.167725,1.167405,1.167425
1787192400,1.16742,1.16762,1.167285,1.167565
1787192700,1.16757,1.167615,1.167485,1.167545
1787193000,1.167545,1.167635,1.16748,1.16756
1787193300,1.167555,1.16762,1.167435,1.167595
1787193600,1.1676,1.167835,1.16756,1.167605
1787193900,1.167605,1.167705,1.167525,1.16753
1787194200,1.167525,1.167585,1.167475,1.167515
1787194500,1.16752,1.167535,1.167405,1.167495
1787194800,1.1675,1.1676,1.16744,1.16748
1787195100,1.16748,1.16753,1.167425,1.167475
1787195400,1.167475,1.167895,1.167445,1.167815
1787195700,1.167815,1.167815,1.167565,1.16771
1787196000,1.16771,1.168015,1.16771,1.167975
1787196300,1.167975,1.16801,1.16768,1.1677
1787196600,1.167705,1.167855,1.167695,1.167785
1787196900,1.167775,1.167785,1.167545,1.167685
1787197200,1.16769,1.167835,1.16764,1.167795
1787197500,1.16779,1.16791,1.16777,1.167825
1787197800,1.167825,1.167955,1.167785,1.16795
1787198100,1.167965,1.167985,1.167895,1.167955
1787198400,1.16795,1.168015,1.167915,1.16792
1787198700,1.16792,1.168005,1.16782,1.167985
1787199000,1.167985,1.168025,1.16793,1.167945
1787199300,1.16794,1.16797,1.167825,1.16786
1787199600,1.167855,1.167895,1.167685,1.1677
1787199900,1.1677,1.167765,1.16766,1.16771
1787200200,1.16771,1.167775,1.167635,1.167695
1787200500,1.167695,1.16776,1.167605,1.16774
1787200800,1.167735,1.167745,1.167595,1.167605
1787201100,1.167605,1.167645,1.167565,1.167625
1787201400,1.167625,1.167695,1.167615,1.16764
1787201700,1.167635,1.167735,1.16717,1.16728
1787202000,1.167285,1.167535,1.16726,1.167505
1787202300,1.167505,1.16755,1.16742,1.16744
1787202600,1.167445,1.167465,1.16729,1.16738
1787202900,1.16738,1.167425,1.167225,1.167335
1787203200,1.167335,1.16751,1.16732,1.167465
1787203500,1.16746,1.167465,1.167135,1.16715
1787203800,1.167155,1.167365,1.167095,1.167185
1787204100,1.167185,1.16725,1.167105,1.16713
1787204400,1.167125,1.16718,1.16702,1.16709
1787204700,1.16708,1.167285,1.16702,1.16724
1787205000,1.167235,1.167295,1.167075,1.167115
1787205300,1.16711,1.167745,1.16709,1.167615
1787205600,1.16762,1.16779,1.16738,1.167435
1787205900,1.167445,1.167635,1.16734,1.167605
1787206200,1.167605,1.168025,1.16758,1.16794
1787206500,1.167945,1.167995,1.16784,1.167895
1787206800,1.167895,1.167905,1.167685,1.167785
1787207100,1.16778,1.16787,1.167665,1.167725
1787207400,1.16772,1.167785,1.16761,1.167725
1787207700,1.167725,1.168,1.167705,1.167985
1787208000,1.16799,1.168015,1.16798,1.167995
1787208300,1.168,1.168765,1.168,1.168515
1787208600,1.16851,1.168545,1.168315,1.1685
1787208900,1.168505,1.168845,1.168495,1.168805
1787209200,1.16879,1.168835,1.168195,1.168305
1787209500,1.168305,1.16838,1.168095,1.16815
1787209800,1.168165,1.168345,1.168105,1.168175
1787210100,1.16818,1.168335,1.168015,1.16821
1787210400,1.16821,1.16822,1.16789,1.167995
1787210700,1.16799,1.16803,1.167825,1.167975
1787211000,1.167985,1.16862,1.167985,1.168595
1787211300,1.1686,1.16881,1.168535,1.168805
1787211600,1.168805,1.169355,1.16875,1.169045
1787211900,1.169045,1.169115,1.168655,1.168745
1787212200,1.16875,1.168945,1.168585,1.168925
1787212500,1.16893,1.16935,1.168905,1.169265
1787212800,1.169265,1.169385,1.169075,1.169195
1787213100,1.169195,1.169395,1.169095,1.16936
1787213400,1.169375,1.169505,1.169345,1.169455
1787213700,1.169455,1.169475,1.169075,1.169155
1787214000,1.16916,1.169455,1.16915,1.16935
1787214300,1.169345,1.16945,1.169005,1.169125
1787214600,1.16913,1.16914,1.168885,1.16912
1787214900,1.169115,1.16943,1.169065,1.169405
1787215200,1.169395,1.16998,1.169395,1.169765
1787215500,1.169765,1.169855,1.169485,1.169585
1787215800,1.169585,1.169945,1.169535,1.169865
1787216100,1.169875,1.169985,1.169655,1.169865
1787216400,1.16985,1.16994,1.169625,1.16965
1787216700,1.169655,1.16996,1.169555,1.16994
1787217000,1.169935,1.170485,1.169935,1.170405
1787217300,1.170405,1.170695,1.17036,1.17053
1787217600,1.170525,1.17098,1.170515,1.17062
1787217900,1.170625,1.170755,1.170475,1.170625
1787218200,1.17063,1.170745,1.170445,1.170455
1787218500,1.170455,1.170485,1.170125,1.17013
1787218800,1.170135,1.17059,1.17013,1.170465
1787219100,1.170465,1.170465,1.17007,1.170175
1787219400,1.17017,1.170725,1.170145,1.17072
1787219700,1.170725,1.1708,1.17052,1.170705
1787220000,1.1707,1.17075,1.17039,1.17065
1787220300,1.170655,1.170985,1.17059,1.17098
1787220600,1.170975,1.17106,1.170815,1.17082
1787220900,1.170815,1.171005,1.170815,1.170895
1787221200,1.170895,1.1709,1.1705,1.170635
1787221500,1.17064,1.170935,1.17053,1.170885
1787221800,1.17089,1.170895,1.17069,1.17075
1787222100,1.17075,1.170885,1.17041,1.170415
1787222400,1.17042,1.170445,1.17023,1.17025
1787222700,1.170255,1.170285,1.16995,1.170065
1787223000,1.17007,1.170125,1.169465,1.169525
1787223300,1.16952,1.169745,1.16942,1.169695
1787223600,1.169705,1.16983,1.169525,1.169575
1787223900,1.16957,1.16958,1.16924,1.16929
1787224200,1.169285,1.169305,1.16903,1.16904
1787224500,1.169045,1.16911,1.16888,1.16907
1787224800,1.169065,1.169405,1.169015,1.169385
1787225100,1.16938,1.16969,1.169125,1.169135
1787225400,1.169135,1.16953,1.169015,1.169525
1787225700,1.16952,1.16959,1.1693,1.16941
1787226000,1.169415,1.16949,1.16875,1.168785
1787226300,1.16879,1.168825,1.168355,1.168665
1787226600,1.16866,1.16874,1.16827,1.16843
1787226900,1.168425,1.16861,1.168275,1.168465
1787227200,1.16846,1.1686,1.16815,1.1683
1787227500,1.168295,1.168325,1.16779,1.16809
1787227800,1.168095,1.168555,1.168095,1.168395
1787228100,1.16839,1.168765,1.16835,1.168645
1787228400,1.16864,1.169025,1.168585,1.168835
1787228700,1.16883,1.16889,1.16853,1.16863
1787229000,1.16866,1.16877,1.167885,1.167925
1787229300,1.16793,1.16843,1.16793,1.168335
1787229600,1.16833,1.16889,1.168185,1.16883
1787229900,1.168825,1.168925,1.168515,1.168865
1787230200,1.16886,1.16896,1.16847,1.168475
1787230500,1.16848,1.16903,1.16848,1.168865
1787230800,1.16886,1.169475,1.16886,1.16924
1787231100,1.16925,1.16942,1.16902,1.169115
1787231400,1.16912,1.169295,1.16867,1.168755
1787231700,1.16876,1.16901,1.16863,1.168935
1787232000,1.16894,1.169085,1.168635,1.1688
1787232300,1.168795,1.168805,1.168435,1.16869
1787232600,1.168695,1.168855,1.16825,1.16833
1787232900,1.168335,1.16877,1.16833,1.168355
1787233200,1.16835,1.168385,1.168155,1.16829
1787233500,1.168295,1.16837,1.16758,1.167585
1787233800,1.16758,1.168055,1.16758,1.16788
1787234100,1.167885,1.1681,1.16749,1.167535
1787234400,1.167535,1.167945,1.16746,1.16753
1787234700,1.167535,1.16759,1.1674,1.16744
1787235000,1.167435,1.16758,1.1672,1.167215
1787235300,1.16721,1.167505,1.16707,1.167485
1787235600,1.16748,1.16808,1.167475,1.16786
1787235900,1.167865,1.168,1.167495,1.167895
1787236200,1.16789,1.168165,1.16788,1.168155
1787236500,1.16816,1.16826,1.168045,1.16811
1787236800,1.168105,1.16825,1.16799,1.168155
1787237100,1.168155,1.168485,1.168145,1.168465
1787237400,1.168475,1.168525,1.168225,1.168405
1787237700,1.1684,1.16841,1.16803,1.16829
1787238000,1.168295,1.16938,1.168005,1.16896
1787238300,1.168945,1.168955,1.16776,1.16807
1787238600,1.168065,1.168495,1.167825,1.168365
1787238900,1.16836,1.16844,1.1681,1.16828
1787239200,1.168285,1.168455,1.16777,1.167895
1787239500,1.16789,1.168495,1.167645,1.168495
1787239800,1.1685,1.16855,1.16797,1.167985
1787240100,1.16799,1.16811,1.167705,1.167785
1787240400,1.16779,1.167955,1.16722,1.16734
1787240700,1.167335,1.167775,1.16722,1.1676
1787241000,1.167595,1.16781,1.16748,1.16769
1787241300,1.167695,1.168015,1.167675,1.167905
1787241600,1.16792,1.16801,1.16779,1.16788
1787241900,1.167875,1.16794,1.16759,1.16781
1787242200,1.16782,1.167915,1.16739,1.16746
1787242500,1.167465,1.16767,1.1673,1.16761
1787242800,1.167605,1.16761,1.167405,1.16756
1787243100,1.16756,1.167625,1.16724,1.16726
1787243400,1.167255,1.16729,1.16697,1.167195
1787243700,1.1672,1.16733,1.16693,1.167025
1787244000,1.16703,1.16723,1.166985,1.16705
1787244300,1.16704,1.16734,1.167005,1.1673
1787244600,1.167305,1.167345,1.16702,1.167075
1787244900,1.16707,1.167435,1.16706,1.16733
1787245200,1.167335,1.16752,1.16728,1.16744
1787245500,1.167445,1.16747,1.167145,1.167235
1787245800,1.16723,1.16723,1.167055,1.167125
1787246100,1.16713,1.16723,1.16704,1.167075
1787246400,1.167075,1.167195,1.167,1.16714
1787246700,1.16714,1.167365,1.16713,1.16736
1787247000,1.16735,1.16743,1.16716,1.16731
1787247300,1.16731,1.167375,1.16718,1.167195
1787247600,1.16719,1.16725,1.167055,1.16723
1787247900,1.16723,1.167345,1.16719,1.167305
1787248200,1.1673,1.167395,1.167285,1.167385
1787248500,1.167385,1.16746,1.16725,1.16745
1787248800,1.167455,1.16753,1.167295,1.16748
1787249100,1.167485,1.1676,1.16729,1.167365
1787249400,1.16736,1.1674,1.167165,1.16726
1787249700,1.167255,1.167265,1.16708,1.16726
1787250000,1.167255,1.167315,1.167215,1.167215
1787250300,1.167215,1.167315,1.167145,1.167215
1787250600,1.16722,1.16737,1.16721,1.16735
1787250900,1.167345,1.167485,1.167335,1.167405
1787251200,1.1674,1.1675,1.16735,1.167375
1787251500,1.16737,1.167535,1.16736,1.16751
1787251800,1.167515,1.167615,1.16742,1.16761
1787252100,1.167615,1.167655,1.16749,1.16761
1787252400,1.167605,1.167615,1.167325,1.16739
1787252700,1.16739,1.167465,1.16738,1.16743
1787253000,1.16743,1.167655,1.167395,1.167645
1787253300,1.167645,1.167695,1.167565,1.16765
1787253600,1.167645,1.167735,1.167595,1.167705
1787253900,1.1677,1.16776,1.16761,1.16761
1787254200,1.167605,1.16776,1.16756,1.167615
1787254500,1.167605,1.167745,1.167575,1.167685
1787254800,1.167685,1.167685,1.16751,1.167555
1787255100,1.16755,1.167645,1.167485,1.16764
1787255400,1.16764,1.16774,1.167635,1.167705
1787255700,1.16772,1.167855,1.16762,1.1678
1787256000,1.167795,1.16791,1.167795,1.16782
1787256300,1.16782,1.167875,1.16765,1.16768
1787256600,1.167685,1.16775,1.16768,1.167715
1787256900,1.167725,1.16773,1.167655,1.16766
1787257200,1.167665,1.167665,1.167595,1.167635
1787257500,1.167635,1.167785,1.167635,1.1677
1787257800,1.167695,1.16778,1.167695,1.167755
1787258100,1.167755,1.167835,1.167755,1.16783
1787258400,1.167825,1.16792,1.167825,1.167885
1787258700,1.16789,1.16798,1.167885,1.167965
1787259000,1.16796,1.167965,1.16778,1.167785
1787259300,1.16779,1.16793,1.16779,1.16783
1787259600,1.16783,1.16794,1.16781,1.16787
1787259900,1.167865,1.16788,1.167825,1.167855
1787260200,1.167855,1.167885,1.167745,1.16775
1787260500,1.16775,1.16779,1.16773,1.16778
1787260800,1.16778,1.16782,1.16777,1.167815
1787261100,1.167815,1.167875,1.16774,1.16786
1787261400,1.167855,1.167885,1.16784,1.167855
1787261700,1.167855,1.167895,1.167835,1.167885
1787262000,1.167885,1.167895,1.167845,1.16785
1787262300,1.16785,1.167875,1.16781,1.16783
1787262600,1.16783,1.16786,1.1678,1.167815
1787262900,1.167815,1.16783,1.16774,1.16779
1787263200,1.167795,1.168255,1.16779,1.168205
1787263500,1.168205,1.168205,1.16808,1.16808
1787263800,1.16808,1.168185,1.16807,1.16816
1787264100,1.168155,1.16823,1.168095,1.168135
1787264400,1.168135,1.1682,1.168135,1.1682
1787264700,1.1682,1.16841,1.168195,1.16833
1787265000,1.168325,1.168325,1.168185,1.168205
1787265300,1.168205,1.168245,1.168195,1.168245
1787265600,1.168245,1.16826,1.16819,1.16819
1787265900,1.168195,1.168285,1.168195,1.168285
1787266200,1.168285,1.168435,1.16828,1.16834
1787266500,1.168345,1.16835,1.16828,1.168335
1787266800,1.16833,1.1686,1.16833,1.16859
1787267100,1.16859,1.16859,1.16838,1.168445
1787267400,1.168445,1.16857,1.168445,1.168555
1787267700,1.168555,1.168705,1.16853,1.168705
1787268000,1.168705,1.168705,1.168685,1.168695
1787268300,1.168695,1.168695,1.16856,1.16859
1787268600,1.16859,1.168715,1.168435,1.168455
1787268900,1.168455,1.168595,1.168455,1.16853
1787269200,1.16853,1.168695,1.16853,1.168655
1787269500,1.168655,1.16874,1.168585,1.16874
1787269800,1.16874,1.16874,1.168635,1.16869
1787270100,1.16869,1.1688,1.168665,1.168755
1787270400,1.168755,1.16884,1.16855,1.16865
1787270700,1.168645,1.168655,1.16843,1.168535
1787271000,1.16853,1.168915,1.168505,1.168895
1787271300,1.16889,1.168975,1.16874,1.168915
1787271600,1.168915,1.168955,1.168795,1.16884
1787271900,1.16882,1.168975,1.16868,1.168785
1787272200,1.168785,1.168805,1.168555,1.168665
1787272500,1.168665,1.16882,1.16856,1.168615
1787272800,1.168615,1.168645,1.1684,1.168505
1787273100,1.168505,1.168565,1.168415,1.16852
1787273400,1.168525,1.16862,1.16842,1.168485
1787273700,1.168495,1.168545,1.168305,1.16832
1787274000,1.16833,1.168545,1.16829,1.168395
1787274300,1.1684,1.168525,1.16835,1.16849
1787274600,1.168485,1.168735,1.16838,1.16865
1787274900,1.168655,1.168955,1.168595,1.168845
1787275200,1.16884,1.169085,1.16882,1.16898
1787275500,1.168975,1.16912,1.16883,1.16909
1787275800,1.1691,1.169305,1.16909,1.16924
1787276100,1.169245,1.16927,1.168935,1.168955
1787276400,1.168955,1.16899,1.16886,1.168905
1787276700,1.16891,1.16907,1.16888,1.16904
1787277000,1.169045,1.169075,1.168805,1.16888
1787277300,1.16888,1.16905,1.16888,1.16904
1787277600,1.169045,1.16916,1.16893,1.16894
1787277900,1.168945,1.169065,1.16881,1.16906
1787278200,1.169055,1.169245,1.169015,1.16924
1787278500,1.16924,1.16927,1.16911,1.169185
1787278800,1.16918,1.169695,1.169125,1.16966
1787279100,1.169665,1.1697,1.1694,1.16948
1787279400,1.169485,1.169665,1.169435,1.169495
1787279700,1.16949,1.169555,1.169455,1.169505
1787280000,1.16951,1.16967,1.169465,1.16967
1787280300,1.16967,1.17003,1.16967,1.169995
1787280600,1.16999,1.17009,1.169845,1.16995
1787280900,1.169955,1.16997,1.16959,1.1696
1787281200,1.169605,1.16976,1.169545,1.16957
1787281500,1.16956,1.1698,1.169515,1.169715
1787281800,1.169715,1.16983,1.169685,1.169785
1787282100,1.169785,1.16982,1.169645,1.16969
1787282400,1.16969,1.16975,1.169615,1.169615
1787282700,1.169615,1.169615,1.169465,1.169475
1787283000,1.16947,1.169505,1.16936,1.16945
1787283300,1.169445,1.16945,1.1692,1.169245
1787283600,1.169245,1.169335,1.169165,1.16929
1787283900,1.169295,1.16933,1.169175,1.169205
1787284200,1.169205,1.16934,1.16916,1.16934
1787284500,1.169345,1.16946,1.169315,1.169425
1787284800,1.16943,1.16943,1.169295,1.169415
1787285100,1.169415,1.16954,1.16938,1.169425
1787285400,1.169425,1.16947,1.16935,1.16939
1787285700,1.16939,1.169495,1.169345,1.169485
1787286000,1.169475,1.169475,1.169295,1.169335
1787286300,1.16933,1.16935,1.169235,1.169315
1787286600,1.169315,1.16937,1.169245,1.169345
1787286900,1.169345,1.169345,1.16923,1.169245
1787287200,1.16924,1.16927,1.16911,1.1692
1787287500,1.1692,1.16928,1.16915,1.16916
1787287800,1.16916,1.169235,1.169115,1.169195
1787288100,1.169185,1.169375,1.169185,1.169315
1787288400,1.169315,1.16932,1.16911,1.169265
1787288700,1.169265,1.169295,1.1692,1.169245
1787289000,1.169245,1.169325,1.169235,1.169255
1787289300,1.16925,1.16934,1.169185,1.1692
1787289600,1.1692,1.16921,1.16914,1.16919
1787289900,1.16919,1.169205,1.169085,1.169125
1787290200,1.169125,1.16935,1.16902,1.16933
1787290500,1.169325,1.16961,1.16931,1.16959
1787290800,1.16959,1.169675,1.169435,1.169675
1787291100,1.169675,1.169755,1.169555,1.16975
1787291400,1.16974,1.16994,1.169675,1.169735
1787291700,1.16973,1.169905,1.169635,1.169795
1787292000,1.1698,1.169845,1.169345,1.169405
1787292300,1.169395,1.16945,1.16923,1.169325
1787292600,1.169325,1.169325,1.169165,1.16921
1787292900,1.169215,1.169495,1.169205,1.16944
1787293200,1.16943,1.16944,1.16902,1.169035
1787293500,1.169045,1.169385,1.169035,1.169205
1787293800,1.169205,1.169585,1.16919,1.16958
1787294100,1.16958,1.169645,1.169355,1.16944
1787294400,1.169435,1.169465,1.169325,1.169385
1787294700,1.16939,1.169615,1.169185,1.169595
1787295000,1.169585,1.16974,1.169535,1.169615
1787295300,1.16962,1.16981,1.169475,1.1698
1787295600,1.169795,1.170045,1.169645,1.169905
1787295900,1.16986,1.16986,1.169445,1.169515
1787296200,1.169515,1.169715,1.16948,1.16967
1787296500,1.169665,1.16993,1.169485,1.169875
1787296800,1.16988,1.1699,1.169455,1.16951
1787297100,1.169505,1.16952,1.169195,1.169355
1787297400,1.16936,1.169655,1.16899,1.16959
1787297700,1.169585,1.169635,1.16934,1.169405
1787298000,1.169395,1.169495,1.16892,1.16898
1787298300,1.16898,1.169015,1.16868,1.168975
1787298600,1.168985,1.169095,1.168735,1.168845
1787298900,1.168835,1.169095,1.168765,1.169085
1787299200,1.169085,1.169315,1.168985,1.169175
1787299500,1.169175,1.169245,1.168925,1.16922
1787299800,1.169225,1.16955,1.169165,1.16945
1787300100,1.16945,1.169545,1.16925,1.16934
1787300400,1.169335,1.169335,1.16915,1.169285
1787300700,1.169285,1.169665,1.169285,1.16958
1787301000,1.169575,1.169785,1.16949,1.16967
1787301300,1.169675,1.169845,1.16961,1.169835
1787301600,1.169835,1.170485,1.16976,1.1704
1787301900,1.170395,1.170645,1.170175,1.170235
1787302200,1.170235,1.17058,1.170225,1.170465
1787302500,1.17047,1.1706,1.170335,1.170535
1787302800,1.170535,1.17073,1.170345,1.17046
1787303100,1.170465,1.17101,1.17025,1.17099
1787303400,1.170985,1.17116,1.170815,1.170945
1787303700,1.170955,1.17114,1.17081,1.17087
1787304000,1.170865,1.17098,1.17056,1.17064
1787304300,1.170635,1.170635,1.170295,1.17047
1787304600,1.170465,1.17063,1.170365,1.170585
1787304900,1.170585,1.170785,1.1704,1.170615
1787305200,1.170605,1.170645,1.170375,1.170465
1787305500,1.170465,1.170475,1.170235,1.170415
1787305800,1.170415,1.170475,1.170315,1.170425
1787306100,1.170425,1.170465,1.17001,1.17002
1787306400,1.170035,1.17041,1.16991,1.17032
1787306700,1.170315,1.170355,1.170045,1.17016
1787307000,1.17016,1.170335,1.170075,1.170275
1787307300,1.17027,1.17065,1.17019,1.170505
1787307600,1.170505,1.170675,1.170395,1.170675
1787307900,1.17067,1.17086,1.170635,1.170845
1787308200,1.170845,1.170845,1.17065,1.170775
1787308500,1.17077,1.171075,1.170735,1.170885
1787308800,1.170885,1.170885,1.170675,1.17073
1787309100,1.170735,1.17079,1.17053,1.17056
1787309400,1.170555,1.170555,1.170165,1.170285
1787309700,1.17029,1.170415,1.170045,1.170195
1787310000,1.170195,1.170345,1.17016,1.17029
1787310300,1.170285,1.170335,1.170015,1.17024
1787310600,1.17022,1.17046,1.170215,1.1704
1787310900,1.170405,1.170535,1.170365,1.170425
1787311200,1.170425,1.170985,1.170335,1.170805
1787311500,1.170805,1.170975,1.17048,1.170885
1787311800,1.170875,1.170925,1.16969,1.169875
1787312100,1.169875,1.170255,1.169855,1.169955
1787312400,1.16995,1.169965,1.169665,1.169915
1787312700,1.16991,1.169925,1.169775,1.169855
1787313000,1.169855,1.169885,1.169625,1.169795
1787313300,1.16979,1.17008,1.16976,1.17007
1787313600,1.170075,1.170305,1.169915,1.16998
1787313900,1.169985,1.170285,1.169885,1.169925
1787314200,1.16992,1.16995,1.16971,1.16974
1787314500,1.169735,1.16995,1.169445,1.169615
1787314800,1.169615,1.169785,1.169515,1.169745
1787315100,1.169755,1.1698,1.169475,1.169475
1787315400,1.169475,1.169475,1.169185,1.169255
1787315700,1.169255,1.169275,1.16852,1.168555
1787316000,1.16854,1.16912,1.16851,1.168985
1787316300,1.16899,1.16908,1.168805,1.16886
1787316600,1.16886,1.168975,1.168735,1.168925
1787316900,1.168915,1.1691,1.168805,1.16906
1787317200,1.169055,1.169125,1.168725,1.168805
1787317500,1.168805,1.168845,1.168425,1.168665
1787317800,1.16867,1.168825,1.16857,1.16873
1787318100,1.16874,1.16882,1.16851,1.16852
1787318400,1.168525,1.16875,1.168215,1.168225
1787318700,1.16822,1.168455,1.168095,1.1684
1787319000,1.168395,1.16844,1.16787,1.16796
1787319300,1.16795,1.16825,1.16789,1.168195
1787319600,1.16819,1.168345,1.168135,1.16827
1787319900,1.168265,1.168385,1.167955,1.1681
1787320200,1.168105,1.168425,1.168085,1.168425
1787320500,1.168415,1.16856,1.1682,1.168335
1787320800,1.168335,1.168335,1.167835,1.168145
1787321100,1.168145,1.1682,1.167675,1.167795
1787321400,1.16779,1.16794,1.167665,1.167885
1787321700,1.167895,1.168105,1.167835,1.16784
1787322000,1.167835,1.167835,1.1675,1.167615
1787322300,1.167625,1.167725,1.16728,1.16728
1787322600,1.167275,1.16744,1.16712,1.167165
1787322900,1.167175,1.167335,1.166875,1.16703
1787323200,1.167025,1.16744,1.16689,1.1672
1787323500,1.16722,1.16754,1.167165,1.167525
1787323800,1.16754,1.16775,1.16714,1.16714
1787324100,1.167135,1.167365,1.166985,1.167305
1787324400,1.16731,1.167625,1.1671,1.167585
1787324700,1.167605,1.167605,1.16708,1.1672
1787325000,1.16721,1.167545,1.16721,1.167445
1787325300,1.16744,1.167505,1.167315,1.167445
1787325600,1.167445,1.167465,1.167245,1.167355
1787325900,1.16736,1.16775,1.167335,1.16764
1787326200,1.16765,1.16782,1.16755,1.167775
1787326500,1.16778,1.16793,1.167535,1.167725
1787326800,1.167725,1.168065,1.16762,1.16805
1787327100,1.168055,1.16816,1.16791,1.167945
1787327400,1.167945,1.168325,1.167945,1.1683
1787327700,1.168305,1.168395,1.168255,1.168325
1787328000,1.168315,1.16843,1.168215,1.168385
1787328300,1.16838,1.16844,1.16797,1.16809
1787328600,1.168095,1.168385,1.168025,1.168265
1787328900,1.16827,1.168305,1.16807,1.168075
1787329200,1.168075,1.168765,1.16807,1.168405
1787329500,1.168405,1.168515,1.168215,1.16833
1787329800,1.16833,1.168395,1.168205,1.16829
1787330100,1.16829,1.168445,1.16822,1.16843
1787330400,1.168425,1.168425,1.168085,1.168185
1787330700,1.16819,1.16836,1.16815,1.16826
1787331000,1.16826,1.16831,1.16814,1.168245
1787331300,1.16824,1.168245,1.168125,1.168175
1787331600,1.168175,1.16818,1.167975,1.167975
1787331900,1.16798,1.168035,1.167755,1.167945
1787332200,1.167945,1.16796,1.167715,1.167835
1787332500,1.167835,1.167965,1.167775,1.167935
1787332800,1.167935,1.168015,1.167885,1.16794
1787333100,1.167935,1.168195,1.1679,1.168115
1787333400,1.16812,1.168245,1.168015,1.168245
1787333700,1.168245,1.168305,1.168135,1.168135
1787334000,1.168135,1.168205,1.168035,1.168035
1787334300,1.168035,1.16805,1.16792,1.16794
1787334600,1.16794,1.168035,1.167895,1.168025
1787334900,1.168025,1.168105,1.167925,1.16803
1787335200,1.168035,1.168405,1.16803,1.16835
1787335500,1.16835,1.16836,1.168185,1.16823
1787335800,1.168235,1.168245,1.168105,1.168115
1787336100,1.16811,1.168225,1.168085,1.168205
1787336400,1.16819,1.168195,1.168005,1.168085
1787336700,1.16809,1.16828,1.16809,1.168235
1787337000,1.168235,1.16827,1.168125,1.168195
1787337300,1.168195,1.168325,1.168095,1.168265
1787337600,1.168265,1.168295,1.168225,1.168285
1787337900,1.168285,1.16834,1.168185,1.16819
1787338200,1.168195,1.168195,1.168015,1.16813
1787338500,1.168125,1.168295,1.168085,1.16829
1787338800,1.168295,1.168325,1.168085,1.168085
1787339100,1.168085,1.168125,1.167965,1.167965
1787339400,1.167965,1.168065,1.167935,1.16803
1787339700,1.16803,1.16803,1.16793,1.16797
1787340000,1.16797,1.16802,1.167935,1.167965
1787340300,1.167965,1.167965,1.167825,1.167875
1787340600,1.16787,1.167965,1.16781,1.16783
1787340900,1.16783,1.16798,1.167785,1.16796
1787341200,1.16796,1.167995,1.16789,1.167915
1787341500,1.167915,1.168145,1.167895,1.168135
1787341800,1.16812,1.168145,1.16778,1.167885
1787342100,1.167875,1.167905,1.167765,1.167885
1787342400,1.16789,1.16792,1.167795,1.167885
1787342700,1.167885,1.167895,1.16776,1.16786
1787343000,1.167865,1.167875,1.167735,1.16787
1787343300,1.16787,1.16792,1.167745,1.167765
1787343600,1.167765,1.167815,1.167745,1.16777
1787343900,1.167765,1.16778,1.167595,1.167605
1787344200,1.16759,1.16759,1.167425,1.16748
1787344500,1.16748,1.167615,1.167475,1.167515
1787344800,1.16751,1.167575,1.16743,1.16756
1787345100,1.167565,1.167735,1.167555,1.167695
1787345400,1.167675,1.167785,1.16758,1.167665
1787345700,1.16766,1.167855,1.16753,1.16777
1787518800,1.16777,1.16777,1.16731,1.167595
1787519100,1.167595,1.16768,1.16757,1.16765
1787519400,1.16765,1.167655,1.16764,1.16764
1787519700,1.167645,1.167805,1.167645,1.16775
1787520000,1.16775,1.167825,1.167705,1.16779
1787520300,1.16779,1.16783,1.16779,1.16783
1787520600,1.16783,1.167865,1.167755,1.167845
1787520900,1.167845,1.16785,1.167785,1.16781
1787521200,1.16781,1.16781,1.16777,1.16777
1787521500,1.16777,1.167805,1.167755,1.16779
1787521800,1.16779,1.167805,1.16771,1.167765
1787522100,1.167765,1.167795,1.16776,1.16777
1787522400,1.167765,1.16793,1.16727,1.16767
1787522700,1.16767,1.167895,1.16767,1.167895
1787523000,1.167895,1.16795,1.16784,1.167895
1787523300,1.167895,1.16791,1.16784,1.167895
1787523600,1.16789,1.167895,1.1678,1.16783
1787523900,1.16783,1.167885,1.167775,1.167885
1787524200,1.167885,1.167985,1.16778,1.16778
1787524500,1.167785,1.1678,1.16756,1.16756
1787524800,1.16756,1.167665,1.167555,1.16762
1787525100,1.167625,1.167625,1.16753,1.167565
1787525400,1.167565,1.16758,1.167535,1.16756
1787525700,1.16756,1.16762,1.167545,1.167565
1787526000,1.16757,1.167675,1.16748,1.167615
1787526300,1.167615,1.16763,1.16759,1.16763
1787526600,1.16763,1.16768,1.16756,1.167565
1787526900,1.167565,1.167565,1.16748,1.16753
1787527200,1.167525,1.16763,1.167525,1.167615
1787527500,1.167615,1.167615,1.16758,1.16758
1787527800,1.16758,1.16761,1.167525,1.167545
1787528100,1.167545,1.16764,1.167545,1.16758
1787528400,1.16758,1.167625,1.16751,1.167615
1787528700,1.167615,1.16775,1.167595,1.16775
1787529000,1.16775,1.16799,1.167705,1.167955
1787529300,1.167955,1.16825,1.167945,1.16824
1787529600,1.16822,1.16853,1.168195,1.168525
1787529900,1.168525,1.168605,1.168345,1.16835
1787530200,1.168355,1.168645,1.168355,1.168545
1787530500,1.16854,1.168665,1.168405,1.16845
1787530800,1.168445,1.168725,1.16837,1.168625
1787531100,1.168625,1.168655,1.16837,1.1684
1787531400,1.168395,1.16846,1.16829,1.16831
1787531700,1.168305,1.1684,1.16822,1.168335
1787532000,1.16833,1.168405,1.168255,1.168375
1787532300,1.168375,1.16842,1.168255,1.16842
1787532600,1.16843,1.16844,1.16827,1.16832
1787532900,1.168325,1.168575,1.16824,1.168515
1787533200,1.16851,1.16864,1.16831,1.168345
1787533500,1.16834,1.168535,1.168185,1.168305
1787533800,1.16831,1.168385,1.16808,1.16811
1787534100,1.168115,1.16813,1.16789,1.16802
1787534400,1.16802,1.16802,1.16785,1.167985
1787534700,1.16798,1.168,1.1677,1.16773
1787535000,1.167735,1.167785,1.16767,1.16778
1787535300,1.16779,1.16783,1.16768,1.167755
1787535600,1.167755,1.167875,1.16772,1.16786
1787535900,1.16786,1.16807,1.167835,1.16807
1787536200,1.16807,1.16822,1.16801,1.16817
1787536500,1.16817,1.168225,1.168125,1.168175
1787536800,1.16817,1.16832,1.1681,1.16821
1787537100,1.168205,1.168265,1.168055,1.16824
1787537400,1.168245,1.16843,1.16818,1.168385
1787537700,1.168385,1.16849,1.168325,1.168375
1787538000,1.16838,1.168395,1.168305,1.168365
1787538300,1.16837,1.16843,1.16823,1.16823
1787538600,1.16823,1.16824,1.16805,1.168065
1787538900,1.16807,1.16817,1.168035,1.168035
1787539200,1.168035,1.16815,1.16802,1.16813
1787539500,1.168135,1.168155,1.16795,1.16798
1787539800,1.16798,1.16817,1.16796,1.16815
1787540100,1.168145,1.1683,1.168145,1.16819
1787540400,1.16819,1.168215,1.16802,1.168175
1787540700,1.168175,1.168185,1.168045,1.16811
1787541000,1.168105,1.16814,1.167915,1.1681
1787541300,1.1681,1.168145,1.16804,1.16809
1787541600,1.16809,1.168185,1.168,1.168185
1787541900,1.16818,1.168185,1.168075,1.16811
1787542200,1.168105,1.16817,1.16806,1.168125
1787542500,1.168125,1.168125,1.168045,1.16808
1787542800,1.168085,1.168095,1.16795,1.167965
1787543100,1.167965,1.16802,1.16783,1.16784
1787543400,1.16784,1.168005,1.167805,1.167995
1787543700,1.16799,1.168035,1.16793,1.167985
1787544000,1.167985,1.16801,1.1678,1.1678
1787544300,1.167795,1.167795,1.1676,1.1676
1787544600,1.1676,1.167915,1.16754,1.167765
1787544900,1.167765,1.16782,1.16767,1.167775
1787545200,1.16778,1.16791,1.16773,1.16786
1787545500,1.16786,1.168165,1.167845,1.16808
1787545800,1.168075,1.1681,1.167995,1.16805
1787546100,1.16805,1.1681,1.16799,1.168045
1787546400,1.168045,1.16811,1.16803,1.168055
1787546700,1.16806,1.16814,1.167985,1.168035
1787547000,1.16804,1.168225,1.16802,1.16822
1787547300,1.168215,1.16829,1.168115,1.168285
1787547600,1.16829,1.16831,1.16806,1.1681
1787547900,1.1681,1.16814,1.16805,1.16806
1787548200,1.16807,1.168105,1.16799,1.16803
1787548500,1.16803,1.168195,1.16802,1.16809
1787548800,1.16809,1.168095,1.16785,1.167905
1787549100,1.1679,1.16801,1.16788,1.16791
1787549400,1.167905,1.167965,1.16782,1.167875
1787549700,1.16787,1.167985,1.16776,1.167765
1787550000,1.167765,1.167785,1.1676,1.167625
1787550300,1.167615,1.167765,1.16761,1.167745
1787550600,1.16775,1.16791,1.167715,1.167825
1787550900,1.16783,1.168125,1.16783,1.168065
1787551200,1.16806,1.168095,1.167905,1.16794
1787551500,1.16794,1.167955,1.167795,1.167935
1787551800,1.16794,1.16796,1.167675,1.16785
1787552100,1.167855,1.16791,1.16772,1.16777
1787552400,1.167775,1.16779,1.167475,1.16753
1787552700,1.167525,1.167615,1.167405,1.16749
1787553000,1.167495,1.167765,1.16746,1.167735
1787553300,1.16773,1.167875,1.167725,1.16774
1787553600,1.167745,1.16782,1.16762,1.167725
1787553900,1.167725,1.167825,1.16755,1.167765
1787554200,1.167775,1.16802,1.167775,1.16785
1787554500,1.167845,1.167885,1.1677,1.16776
1787554800,1.167755,1.16805,1.167745,1.16776
1787555100,1.167765,1.167765,1.167415,1.167655
1787555400,1.16765,1.167715,1.16728,1.16733
1787555700,1.167325,1.167325,1.167075,1.16723
1787556000,1.167235,1.16748,1.167225,1.16743
1787556300,1.16743,1.16758,1.167245,1.16757
1787556600,1.167565,1.167685,1.16737,1.167635
1787556900,1.167635,1.167645,1.167315,1.16733
1787557200,1.16733,1.16734,1.16659,1.166605
1787557500,1.16661,1.166775,1.16646,1.16658
1787557800,1.166585,1.16678,1.166535,1.16678
1787558100,1.166785,1.16698,1.16668,1.16673
1787558400,1.166735,1.166785,1.16644,1.166615
1787558700,1.16662,1.16685,1.166505,1.16659
1787559000,1.166595,1.1666,1.16634,1.16637
1787559300,1.16638,1.16648,1.16618,1.16641
1787559600,1.166415,1.16653,1.166315,1.16633
1787559900,1.166325,1.166345,1.166065,1.16608
1787560200,1.166075,1.16632,1.166055,1.16628
1787560500,1.166275,1.16647,1.16622,1.166455
1787560800,1.16645,1.1667,1.166405,1.166575
1787561100,1.16657,1.166695,1.16642,1.166685
1787561400,1.16668,1.16674,1.16651,1.1667
1787561700,1.16669,1.16671,1.166235,1.16632
1787562000,1.16631,1.166705,1.166305,1.16655
1787562300,1.166555,1.166585,1.16633,1.16636
1787562600,1.166355,1.16636,1.166125,1.166305
1787562900,1.166305,1.166375,1.16612,1.16616
1787563200,1.16616,1.16635,1.166145,1.166235
1787563500,1.16623,1.16631,1.16612,1.166305
1787563800,1.166305,1.166455,1.166165,1.166165
1787564100,1.16617,1.166245,1.166035,1.166225
1787564400,1.16622,1.16631,1.166105,1.16626
1787564700,1.166265,1.166485,1.16626,1.1664
1787565000,1.1664,1.16653,1.16638,1.166485
1787565300,1.16649,1.166575,1.16631,1.16644
1787565600,1.166445,1.16659,1.16639,1.16646
1787565900,1.16646,1.16656,1.166385,1.166555
1787566200,1.16656,1.16666,1.166485,1.16655
1787566500,1.166555,1.16669,1.16645,1.16664
1787566800,1.166645,1.166665,1.16652,1.16654
1787567100,1.16655,1.16665,1.166485,1.16658
1787567400,1.166575,1.16662,1.166465,1.16662
1787567700,1.166625,1.166635,1.16642,1.166455
1787568000,1.166455,1.16648,1.166225,1.166315
1787568300,1.166315,1.166395,1.16619,1.166335
1787568600,1.16634,1.166555,1.16634,1.16655
1787568900,1.166555,1.1667,1.16642,1.16643
1787569200,1.16642,1.1665,1.166285,1.166295
1787569500,1.1663,1.16656,1.1663,1.16654
1787569800,1.166535,1.16654,1.166365,1.16642
1787570100,1.166415,1.166555,1.166305,1.16645
1787570400,1.166445,1.166735,1.16643,1.1667
1787570700,1.1667,1.166815,1.166685,1.16673
1787571000,1.166745,1.16684,1.16656,1.166735
1787571300,1.16674,1.167375,1.166615,1.16665
1787571600,1.16665,1.16692,1.1665,1.166595
1787571900,1.16659,1.166815,1.16658,1.166695
1787572200,1.1667,1.166805,1.16643,1.166795
1787572500,1.16679,1.16683,1.16654,1.166685
1787572800,1.16669,1.16674,1.16647,1.16661
1787573100,1.1666,1.166605,1.166195,1.16643
1787573400,1.166435,1.16662,1.16632,1.1665
1787573700,1.166495,1.16682,1.166415,1.166815
1787574000,1.16681,1.16724,1.16667,1.16713
1787574300,1.167135,1.167355,1.167005,1.167325
1787574600,1.16733,1.16733,1.16645,1.16692
1787574900,1.166915,1.167185,1.166915,1.16709
1787575200,1.16709,1.16739,1.16674,1.16685
1787575500,1.166855,1.166975,1.16667,1.166945
1787575800,1.16695,1.16714,1.16692,1.167125
1787576100,1.16712,1.167145,1.16684,1.166945
1787576400,1.16694,1.167185,1.166935,1.166995
1787576700,1.167,1.167165,1.166815,1.167065
1787577000,1.16706,1.16736,1.16706,1.167315
1787577300,1.16731,1.167435,1.16726,1.16731
1787577600,1.167305,1.167485,1.167215,1.16729
1787577900,1.167295,1.16735,1.166985,1.167
1787578200,1.16701,1.167255,1.16692,1.16715
1787578500,1.167145,1.16721,1.16683,1.166975
1787578800,1.16698,1.16714,1.16666,1.16669
1787579100,1.166695,1.166995,1.16661,1.16694
1787579400,1.166945,1.167005,1.16659,1.166725
1787579700,1.16672,1.166735,1.166365,1.16652
1787580000,1.166525,1.166675,1.166305,1.166495
1787580300,1.1665,1.166635,1.166385,1.16654
1787580600,1.166535,1.16689,1.16636,1.16679
1787580900,1.166785,1.16681,1.16643,1.16681
1787581200,1.166815,1.16694,1.166665,1.166905
1787581500,1.166905,1.167175,1.166865,1.167125
1787581800,1.16713,1.167205,1.16694,1.16705
1787582100,1.167055,1.167185,1.166805,1.166835
1787582400,1.16684,1.166885,1.16652,1.16677
1787582700,1.16678,1.16704,1.166765,1.16704
1787583000,1.167035,1.16704,1.16641,1.16662
1787583300,1.166625,1.1668,1.166425,1.166555
1787583600,1.166565,1.166945,1.166505,1.16685
1787583900,1.166855,1.16691,1.166685,1.16678
1787584200,1.166775,1.16686,1.16669,1.166785
1787584500,1.16678,1.16685,1.16666,1.16677
1787584800,1.16677,1.166835,1.166665,1.166835
1787585100,1.16685,1.167245,1.16685,1.1671
1787585400,1.167095,1.16716,1.166765,1.166935
1787585700,1.16695,1.16709,1.16684,1.16686
1787586000,1.166865,1.166995,1.166815,1.16682
1787586300,1.166815,1.16693,1.166745,1.166835
1787586600,1.16684,1.166885,1.16664,1.166735
1787586900,1.166735,1.166735,1.166375,1.166465
1787587200,1.16646,1.16697,1.166285,1.16678
1787587500,1.166775,1.166975,1.16653,1.16659
1787587800,1.166585,1.16687,1.16655,1.16674
1787588100,1.166745,1.16685,1.166665,1.166735
1787588400,1.166735,1.166785,1.166655,1.16668
1787588700,1.166685,1.166785,1.16656,1.166625
1787589000,1.166615,1.16675,1.16652,1.166565
1787589300,1.166565,1.166835,1.166535,1.16663
1787589600,1.16662,1.16667,1.166515,1.166615
1787589900,1.16662,1.16665,1.166305,1.16643
1787590200,1.166435,1.16652,1.16636,1.166425
1787590500,1.166415,1.166555,1.166295,1.166485
1787590800,1.16649,1.16659,1.16629,1.166295
1787591100,1.1663,1.16668,1.16619,1.16637
1787591400,1.166365,1.166415,1.16618,1.166265
1787591700,1.16627,1.16636,1.166095,1.16623
1787592000,1.16623,1.166235,1.16565,1.16573
1787592300,1.165735,1.165915,1.165665,1.165855
1787592600,1.16585,1.166035,1.16579,1.16594
1787592900,1.165935,1.165955,1.165845,1.165895
1787593200,1.1659,1.16591,1.16577,1.16579
1787593500,1.16579,1.16581,1.165525,1.165685
1787593800,1.16569,1.165835,1.165575,1.165785
1787594100,1.16578,1.16595,1.16573,1.165945
1787594400,1.16595,1.16604,1.165865,1.16594
1787594700,1.16594,1.165945,1.16572,1.165855
1787595000,1.16585,1.16598,1.165825,1.16597
1787595300,1.16597,1.166205,1.16594,1.166145
1787595600,1.166135,1.166295,1.16613,1.166285
1787595900,1.16629,1.16652,1.166285,1.16649
1787596200,1.16648,1.16654,1.1662,1.16626
1787596500,1.16626,1.16629,1.166115,1.16621
1787596800,1.16621,1.166365,1.166205,1.166265
1787597100,1.166265,1.16632,1.16617,1.16621
1787597400,1.16621,1.166305,1.166155,1.166305
1787597700,1.166315,1.16646,1.166155,1.1664
1787598000,1.166395,1.166395,1.16618,1.16625
1787598300,1.166255,1.166265,1.16612,1.16616
1787598600,1.16616,1.16626,1.166155,1.166175
1787598900,1.16617,1.16618,1.166055,1.16611
1787599200,1.166105,1.1662,1.16601,1.16601
1787599500,1.16601,1.166045,1.165955,1.16597
1787599800,1.165965,1.16611,1.16593,1.16609
1787600100,1.16609,1.166115,1.165975,1.166
1787600400,1.166,1.16617,1.166,1.16616
1787600700,1.16617,1.16631,1.16616,1.16631
1787601000,1.16631,1.166335,1.166215,1.166245
1787601300,1.166235,1.166275,1.166065,1.16614
1787601600,1.166135,1.166225,1.166045,1.166155
1787601900,1.166155,1.166335,1.166155,1.166295
1787602200,1.16629,1.166335,1.166265,1.166305
1787602500,1.166305,1.16633,1.166285,1.166325
1787602800,1.16632,1.16639,1.166305,1.166355
1787603100,1.16635,1.166365,1.166285,1.16635
1787603400,1.166345,1.166365,1.1663,1.166315
1787603700,1.166315,1.166375,1.166275,1.166345
1787604000,1.166335,1.166345,1.16623,1.166275
1787604300,1.166275,1.166425,1.166275,1.16642
1787604600,1.166415,1.166455,1.166365,1.166385
1787604900,1.16639,1.166435,1.166345,1.16638
1787605200,1.16638,1.16638,1.166165,1.16622
1787605500,1.16622,1.16633,1.16619,1.16626
1787605800,1.16626,1.166345,1.16618,1.166285
1787606100,1.166285,1.166475,1.166245,1.16638
1787606400,1.16638,1.16643,1.166365,1.16643
1787606700,1.16643,1.16644,1.166415,1.166435
1787607000,1.166465,1.166465,1.16641,1.16642
1787607300,1.166395,1.166425,1.166375,1.166395
1787607600,1.166395,1.166475,1.166365,1.166465
1787607900,1.166465,1.166535,1.166465,1.166505
1787608200,1.166505,1.166555,1.16639,1.166405
1787608500,1.1664,1.16645,1.16638,1.166395
1787608800,1.1664,1.16651,1.166345,1.16648
1787609100,1.16648,1.166505,1.166455,1.16646
1787609400,1.166465,1.166465,1.166405,1.166465
1787609700,1.16646,1.166475,1.166425,1.16646
1787610000,1.16646,1.16652,1.166455,1.16647
1787610300,1.16647,1.166475,1.16641,1.16642
1787610600,1.16642,1.166465,1.16642,1.166455
1787610900,1.166455,1.166475,1.16645,1.16646
1787611200,1.16646,1.16649,1.166415,1.16648
1787611500,1.16648,1.166515,1.16645,1.16646
1787611800,1.16646,1.166475,1.16645,1.16646
1787612100,1.16646,1.166485,1.166455,1.166455
1787612400,1.16646,1.166545,1.16646,1.16648
1787612700,1.166475,1.16655,1.166465,1.166535
1787613000,1.16653,1.16655,1.166495,1.1665
1787613300,1.1665,1.16656,1.1665,1.16656
1787613600,1.16656,1.166585,1.166505,1.16651
1787613900,1.16651,1.16651,1.16645,1.166455
1787614200,1.16646,1.16647,1.166415,1.16646
1787614500,1.16646,1.1665,1.16645,1.166455
1787614800,1.16646,1.166515,1.16642,1.16651
1787615100,1.16651,1.16656,1.16651,1.16653
1787615400,1.166535,1.166855,1.166535,1.16682
1787615700,1.166825,1.166835,1.16676,1.1668
1787616000,1.166795,1.167015,1.16676,1.16677
1787616300,1.166765,1.16706,1.16676,1.166915
1787616600,1.166915,1.167095,1.16689,1.167045
1787616900,1.167045,1.16705,1.16687,1.166875
1787617200,1.166875,1.166905,1.166825,1.166875
1787617500,1.166865,1.166935,1.16679,1.16693
1787617800,1.166925,1.16697,1.166815,1.16695
1787618100,1.166955,1.167015,1.16686,1.16686
1787618400,1.166865,1.167005,1.166845,1.166945
1787618700,1.16694,1.16698,1.16677,1.166975
1787619000,1.16698,1.166995,1.16672,1.16676
1787619300,1.166765,1.166935,1.16676,1.166865
1787619600,1.16687,1.16688,1.166595,1.16668
1787619900,1.16668,1.166865,1.166645,1.166745
1787620200,1.16675,1.16678,1.166665,1.16672
1787620500,1.166715,1.16673,1.166545,1.16668
1787620800,1.16668,1.16668,1.16643,1.166435
1787621100,1.166435,1.16668,1.16638,1.16667
1787621400,1.166665,1.16669,1.16646,1.16646
1787621700,1.166465,1.166585,1.166415,1.16653
1787622000,1.166535,1.16665,1.1665,1.16653
1787622300,1.16653,1.16653,1.16637,1.16648
1787622600,1.16648,1.16648,1.16628,1.16632
1787622900,1.166325,1.16638,1.16618,1.16631
1787623200,1.166315,1.166335,1.166155,1.166205
1787623500,1.1662,1.16641,1.16615,1.1664
1787623800,1.1664,1.166415,1.166275,1.16629
1787624100,1.166295,1.166415,1.166275,1.16631
1787624400,1.16631,1.16644,1.16628,1.16642
1787624700,1.166425,1.166475,1.166335,1.166465
1787625000,1.16647,1.166475,1.16621,1.16623
1787625300,1.16623,1.16633,1.166205,1.1663
1787625600,1.1663,1.16638,1.16626,1.166275
1787625900,1.166275,1.16636,1.166245,1.16625
1787626200,1.166255,1.166285,1.166095,1.166125
1787626500,1.166115,1.16612,1.16589,1.166045
1787626800,1.16604,1.16611,1.16603,1.16608
1787627100,1.16608,1.16624,1.16605,1.166215
1787627400,1.16621,1.16622,1.166045,1.16608
1787627700,1.16608,1.166175,1.16607,1.16613
1787628000,1.16613,1.166135,1.16603,1.16605
1787628300,1.16606,1.16615,1.16586,1.165915
1787628600,1.165915,1.166025,1.16587,1.16598
1787628900,1.165985,1.166035,1.16598,1.165995
1787629200,1.166,1.1661,1.166,1.16603
1787629500,1.16603,1.166065,1.166015,1.16604
1787629800,1.166045,1.166045,1.165925,1.165995
1787630100,1.166,1.166095,1.165985,1.16605
1787630400,1.166045,1.16606,1.165905,1.16594
1787630700,1.16594,1.16594,1.16568,1.1657
1787631000,1.165705,1.165795,1.165575,1.165775
1787631300,1.165775,1.165775,1.16567,1.165685
1787631600,1.16569,1.1657,1.16558,1.16569
1787631900,1.16569,1.165695,1.16558,1.165595
1787632200,1.1656,1.165635,1.16552,1.16563
1787632500,1.165625,1.165635,1.16557,1.165625
1787632800,1.16563,1.165675,1.16561,1.16562
1787633100,1.165625,1.16564,1.16556,1.16559
1787633400,1.16559,1.16559,1.16549,1.165515
1787633700,1.16552,1.16559,1.1655,1.165585
1787634000,1.165585,1.16559,1.16548,1.165505
1787634300,1.165505,1.16562,1.16549,1.165595
1787634600,1.165595,1.16568,1.165495,1.16557
1787634900,1.165565,1.165595,1.16548,1.165535
1787635200,1.165545,1.165545,1.165475,1.1655
1787635500,1.1655,1.165685,1.1655,1.165655
1787635800,1.16566,1.16568,1.165565,1.1656
1787636100,1.165605,1.165655,1.165545,1.165565
1787636400,1.165565,1.16557,1.165465,1.165465
1787636700,1.165465,1.165495,1.165415,1.16543
1787637000,1.165425,1.16558,1.16539,1.165575
1787637300,1.165565,1.165615,1.16531,1.165365
1787637600,1.16536,1.165485,1.165315,1.16539
1787637900,1.16539,1.165455,1.165335,1.165405
1787638200,1.1654,1.165755,1.16539,1.16574
1787638500,1.165735,1.16575,1.165615,1.165695
1787638800,1.16569,1.16581,1.165615,1.165725
1787639100,1.165725,1.16579,1.16565,1.16577
1787639400,1.16577,1.16592,1.16573,1.165885
1787639700,1.16589,1.165895,1.16544,1.16546
1787640000,1.165465,1.165585,1.16534,1.16536
1787640300,1.16536,1.165395,1.1652,1.16538
1787640600,1.165385,1.16541,1.16517,1.16533
1787640900,1.165335,1.16542,1.16511,1.16528
1787641200,1.16527,1.16579,1.165255,1.165785
1787641500,1.16579,1.16585,1.16561,1.165715
1787641800,1.16571,1.165935,1.165625,1.16589
1787642100,1.16589,1.16631,1.16589,1.16627
1787642400,1.166265,1.16628,1.166125,1.16614
1787642700,1.16614,1.166165,1.165845,1.165865
1787643000,1.16587,1.165935,1.165765,1.165825
1787643300,1.165825,1.165905,1.1657,1.165795
1787643600,1.165795,1.165815,1.165725,1.165755
1787643900,1.16575,1.1659,1.16562,1.16579
1787644200,1.165795,1.166045,1.165755,1.165995
1787644500,1.16599,1.165995,1.16574,1.165865
1787644800,1.16587,1.166195,1.16585,1.165865
1787645100,1.16586,1.16603,1.165835,1.16584
1787645400,1.16584,1.166005,1.16575,1.165875
1787645700,1.16587,1.166065,1.16584,1.16589
1787646000,1.165885,1.16649,1.165815,1.166385
1787646300,1.16639,1.16651,1.16621,1.16621
1787646600,1.166195,1.1663,1.166125,1.16627
1787646900,1.166265,1.166615,1.16624,1.16645
1787647200,1.166445,1.166595,1.166395,1.16655
1787647500,1.166555,1.16674,1.166395,1.16644
1787647800,1.166435,1.166665,1.16643,1.16644
1787648100,1.16644,1.166785,1.16642,1.16675
1787648400,1.16674,1.166895,1.1666,1.16684
1787648700,1.16684,1.16719,1.166805,1.16719
1787649000,1.1672,1.16739,1.167075,1.16728
1787649300,1.167275,1.167295,1.16701,1.167015
1787649600,1.16702,1.167105,1.16694,1.166945
1787649900,1.16694,1.16696,1.166635,1.16668
1787650200,1.166675,1.1673,1.16665,1.167245
1787650500,1.167255,1.16729,1.16673,1.16678
1787650800,1.16679,1.167045,1.16678,1.16679
1787651100,1.166795,1.16705,1.16679,1.16699
1787651400,1.166995,1.16714,1.16683,1.16683
1787651700,1.166835,1.167085,1.16677,1.166805
1787652000,1.1668,1.166845,1.16661,1.166625
1787652300,1.16663,1.16681,1.1666,1.16666
1787652600,1.166665,1.166665,1.16641,1.166445
1787652900,1.16644,1.16659,1.16622,1.16624
1787653200,1.166235,1.166395,1.16612,1.166135
1787653500,1.16613,1.166245,1.16601,1.166035
1787653800,1.16604,1.16614,1.16593,1.16595
1787654100,1.16595,1.16635,1.16593,1.166325
1787654400,1.166325,1.16647,1.166215,1.166285
1787654700,1.16629,1.166305,1.166155,1.166185
1787655000,1.16619,1.16619,1.165995,1.16613
1787655300,1.166125,1.16634,1.1661,1.16624
1787655600,1.166235,1.16634,1.16616,1.166265
1787655900,1.16627,1.166275,1.16593,1.166175
1787656200,1.16618,1.166285,1.166055,1.166075
1787656500,1.16607,1.166105,1.165845,1.16598
1787656800,1.165985,1.16627,1.16588,1.165975
1787657100,1.16597,1.1662,1.165945,1.166195
1787657400,1.1662,1.166305,1.166145,1.166285
1787657700,1.16629,1.166325,1.16613,1.166235
1787658000,1.16623,1.166245,1.16599,1.166025
1787658300,1.166025,1.166305,1.166015,1.166295
1787658600,1.16629,1.166475,1.16626,1.166265
1787658900,1.16626,1.166275,1.165915,1.165985
1787659200,1.16598,1.16625,1.165965,1.16619
1787659500,1.166185,1.16644,1.166175,1.166185
1787659800,1.16619,1.16637,1.16605,1.16632
1787660100,1.166315,1.166325,1.16618,1.16625
1787660400,1.166255,1.16639,1.16616,1.166215
1787660700,1.166215,1.16644,1.166215,1.16643
1787661000,1.166435,1.166495,1.166215,1.16628
1787661300,1.166285,1.166315,1.166155,1.1662
1787661600,1.16619,1.16644,1.16613,1.166415
1787661900,1.16642,1.166495,1.16631,1.1664
1787662200,1.1664,1.16661,1.16629,1.16642
1787662500,1.16642,1.166645,1.166385,1.166635
1787662800,1.16663,1.1668,1.16643,1.166785
1787663100,1.16678,1.167155,1.16672,1.16705
1787663400,1.16705,1.167545,1.16704,1.16718
1787663700,1.16718,1.16733,1.16698,1.1671
1787664000,1.167095,1.167125,1.16687,1.167005
1787664300,1.16699,1.167235,1.166965,1.167195
1787664600,1.16719,1.167485,1.16695,1.167035
1787664900,1.167045,1.16716,1.166805,1.167145
1787665200,1.16715,1.167305,1.16696,1.16701
1787665500,1.167015,1.167115,1.16685,1.16709
1787665800,1.167095,1.167235,1.166915,1.16694
1787666100,1.166935,1.167445,1.166935,1.16738
1787666400,1.16739,1.167395,1.166875,1.1669
1787666700,1.166905,1.167495,1.16683,1.167335
1787667000,1.16733,1.167335,1.167195,1.167315
1787667300,1.167315,1.167425,1.167005,1.167135
1787667600,1.16713,1.167225,1.166965,1.167135
1787667900,1.16714,1.167145,1.16686,1.167085
1787668200,1.16709,1.167105,1.16661,1.16692
1787668500,1.166925,1.167205,1.16691,1.167065
1787668800,1.167065,1.167065,1.166695,1.16702
1787669100,1.167015,1.167455,1.166995,1.16734
1787669400,1.16734,1.16734,1.16677,1.16687
1787669700,1.166875,1.167065,1.16664,1.16696
1787670000,1.166965,1.16703,1.166815,1.166985
1787670300,1.16699,1.16715,1.16671,1.167135
1787670600,1.16713,1.16714,1.16698,1.167075
1787670900,1.16707,1.16711,1.166905,1.167085
1787671200,1.16709,1.16725,1.166975,1.167015
1787671500,1.167015,1.167105,1.16692,1.166925
1787671800,1.16693,1.16743,1.166915,1.167325
1787672100,1.167315,1.16759,1.167125,1.167205
1787672400,1.167205,1.16735,1.16707,1.16723
1787672700,1.167235,1.167395,1.167235,1.167245
1787673000,1.16724,1.167485,1.16722,1.16729
1787673300,1.167295,1.167315,1.167095,1.167315
1787673600,1.16731,1.167415,1.16713,1.16718
1787673900,1.167175,1.16723,1.16702,1.16702
1787674200,1.167015,1.167105,1.16698,1.16702
1787674500,1.16702,1.167025,1.16681,1.166845
1787674800,1.16685,1.16695,1.16683,1.16683
1787675100,1.166835,1.166985,1.166795,1.166945
1787675400,1.166945,1.1671,1.16694,1.166975
1787675700,1.166975,1.167195,1.16694,1.167095
1787676000,1.167095,1.167175,1.16704,1.16708
1787676300,1.167085,1.167175,1.167065,1.167115
1787676600,1.16711,1.167125,1.166975,1.166975
1787676900,1.16697,1.1672,1.166925,1.16715
1787677200,1.167145,1.167225,1.167075,1.167205
1787677500,1.167195,1.167265,1.166915,1.16693
1787677800,1.166935,1.16703,1.16691,1.167005
1787678100,1.167,1.167165,1.166965,1.167135
1787678400,1.16713,1.167175,1.16699,1.16699
1787678700,1.16699,1.167175,1.16693,1.167085
1787679000,1.167085,1.16714,1.166975,1.167025
1787679300,1.16703,1.167285,1.16703,1.16721
1787679600,1.16721,1.16723,1.167085,1.16713
1787679900,1.167125,1.16731,1.16712,1.167275
1787680200,1.167275,1.16733,1.16716,1.167285
1787680500,1.16728,1.16747,1.167275,1.167435
1787680800,1.16743,1.167435,1.167175,1.167255
1787681100,1.16726,1.167435,1.16726,1.167385
1787681400,1.16738,1.167525,1.167375,1.167385
1787681700,1.16738,1.167435,1.16735,1.16742
1787682000,1.167425,1.167445,1.16728,1.167305
1787682300,1.16731,1.167445,1.16731,1.1674
1787682600,1.1674,1.167455,1.167385,1.167445
1787682900,1.167445,1.16748,1.167345,1.167375
1787683200,1.167375,1.167415,1.16732,1.167375
1787683500,1.167375,1.167415,1.16729,1.16739
1787683800,1.167395,1.1674,1.167315,1.16734
1787684100,1.167335,1.16748,1.16731,1.167425
1787684400,1.167425,1.1675,1.16736,1.16748
1787684700,1.167475,1.16766,1.16747,1.16763
1787685000,1.16764,1.16771,1.167615,1.167685
1787685300,1.167675,1.16791,1.16764,1.1678
1787685600,1.167805,1.167815,1.167555,1.167575
1787685900,1.16758,1.167595,1.167365,1.167375
1787686200,1.16737,1.16737,1.16708,1.167105
1787686500,1.16711,1.16716,1.16687,1.167005
1787686800,1.167005,1.16707,1.16692,1.16702
1787687100,1.16702,1.167285,1.16701,1.167285
1787687400,1.167285,1.16757,1.1672,1.167505
1787687700,1.16752,1.167745,1.167305,1.167635
1787688000,1.16765,1.167675,1.16751,1.16755
1787688300,1.167555,1.1679,1.167555,1.16789
1787688600,1.167885,1.167965,1.16779,1.16779
1787688900,1.167795,1.167865,1.167665,1.167685
1787689200,1.167685,1.16769,1.16762,1.16764
1787689500,1.16763,1.16774,1.16752,1.16767
1787689800,1.167665,1.167725,1.16753,1.16753
1787690100,1.167535,1.16756,1.167475,1.167485
1787690400,1.16749,1.16751,1.16742,1.16747
1787690700,1.167465,1.1675,1.16743,1.16747
1787691000,1.167465,1.16759,1.16746,1.167555
1787691300,1.167555,1.16757,1.16734,1.167475
1787691600,1.167465,1.167555,1.167175,1.167385
1787691900,1.167355,1.16747,1.167335,1.16739
1787692200,1.16739,1.167475,1.16717,1.16731
1787692500,1.167315,1.16737,1.16726,1.16732
1787692800,1.16732,1.16741,1.16729,1.167395
1787693100,1.167395,1.16746,1.16736,1.167375
1787693400,1.167375,1.167435,1.167365,1.1674
1787693700,1.1674,1.167725,1.1674,1.16771
1787694000,1.16771,1.16773,1.16765,1.16765
1787694300,1.16765,1.1677,1.16745,1.16745
1787694600,1.16745,1.16751,1.167415,1.167435
1787694900,1.167435,1.167455,1.167225,1.167225
1787695200,1.167245,1.167575,1.167235,1.16755
1787695500,1.16755,1.16756,1.16748,1.167485
1787695800,1.16748,1.16749,1.16738,1.16746
1787696100,1.167465,1.16754,1.16746,1.16753
1787696400,1.167535,1.167625,1.167495,1.167585
1787696700,1.167585,1.167595,1.167505,1.16753
1787697000,1.16753,1.1676,1.167475,1.1676
1787697300,1.1676,1.167655,1.167555,1.167605
1787697600,1.1676,1.16769,1.167575,1.16769
1787697900,1.167685,1.167715,1.167665,1.16767
1787698200,1.167665,1.1677,1.16765,1.16769
1787698500,1.16769,1.1677,1.16766,1.16768
1787698800,1.16768,1.1677,1.16763,1.167655
1787699100,1.16765,1.167695,1.16759,1.16759
1787699400,1.16759,1.1676,1.167515,1.167545
1787699700,1.16755,1.1676,1.167535,1.16759
1787700000,1.16759,1.167595,1.16757,1.16757
1787700300,1.16757,1.16757,1.16741,1.167445
1787700600,1.16745,1.16745,1.16736,1.16738
1787700900,1.16738,1.16739,1.167375,1.16738
1787701200,1.16738,1.16738,1.16726,1.167345
1787701500,1.167345,1.167405,1.167335,1.16735
1787701800,1.16737,1.167435,1.16732,1.16739
1787702100,1.16739,1.16746,1.167355,1.16744
1787702400,1.167435,1.16749,1.16735,1.16739
1787702700,1.167385,1.16747,1.167285,1.167465
1787703000,1.16747,1.16751,1.16741,1.16748
1787703300,1.167485,1.16757,1.16742,1.16743
1787703600,1.167425,1.16744,1.167315,1.16733
1787703900,1.167335,1.16739,1.16733,1.16736
1787704200,1.16736,1.16749,1.16731,1.16733
1787704500,1.16733,1.16733,1.16711,1.16713
1787704800,1.16713,1.167385,1.16713,1.16736
1787705100,1.16736,1.167515,1.16733,1.167475
1787705400,1.16748,1.16752,1.16737,1.16747
1787705700,1.16748,1.16749,1.167235,1.167265
1787706000,1.16726,1.16742,1.16723,1.167255
1787706300,1.167245,1.16725,1.167085,1.16717
1787706600,1.16717,1.167195,1.16705,1.16708
1787706900,1.16708,1.16724,1.167065,1.16709
1787707200,1.16709,1.167185,1.167,1.167085
1787707500,1.167085,1.16717,1.167015,1.16703
1787707800,1.167035,1.16722,1.166915,1.16701
1787708100,1.16701,1.16711,1.16697,1.16705
1787708400,1.167045,1.16707,1.16689,1.16697
1787708700,1.16697,1.167045,1.166905,1.16703
1787709000,1.167025,1.167195,1.16698,1.167055
1787709300,1.16706,1.167125,1.16702,1.16702
1787709600,1.16702,1.167295,1.16701,1.167185
1787709900,1.16718,1.16724,1.1671,1.167145
1787710200,1.16714,1.16728,1.167125,1.16727
1787710500,1.16728,1.16728,1.16697,1.167025
1787710800,1.16703,1.16714,1.166955,1.16696
1787711100,1.16696,1.16696,1.16683,1.16691
1787711400,1.16691,1.166985,1.166875,1.166965
1787711700,1.16697,1.16698,1.16682,1.166875
1787712000,1.16688,1.167065,1.166815,1.16702
1787712300,1.167025,1.16704,1.166995,1.167005
1787712600,1.167005,1.167035,1.166875,1.166875
1787712900,1.16687,1.16689,1.166675,1.166745
1787713200,1.16675,1.16685,1.16674,1.16682
1787713500,1.16682,1.16682,1.16661,1.16666
1787713800,1.16666,1.1667,1.16663,1.16666
1787714100,1.16665,1.16669,1.16659,1.1666
1787714400,1.1666,1.166695,1.166545,1.16661
1787714700,1.166615,1.166835,1.166615,1.16663
1787715000,1.16663,1.16663,1.16638,1.16643
1787715300,1.16643,1.166615,1.16643,1.166605
1787715600,1.166615,1.166645,1.166595,1.166615
1787715900,1.166615,1.166615,1.166405,1.16643
1787716200,1.16643,1.16647,1.16641,1.16641
1787716500,1.166415,1.16647,1.166405,1.16647
1787716800,1.16647,1.166495,1.166405,1.16643
1787717100,1.16643,1.166475,1.1664,1.166435
1787717400,1.16643,1.166455,1.1664,1.166405
1787717700,1.166405,1.166405,1.16625,1.16628
1787718000,1.16628,1.166395,1.16626,1.16637
1787718300,1.166365,1.166485,1.166345,1.166415
1787718600,1.166415,1.166485,1.166365,1.166365
1787718900,1.16636,1.16637,1.166215,1.166225
1787719200,1.166225,1.16627,1.16619,1.16622
1787719500,1.166225,1.166235,1.166065,1.16612
1787719800,1.16612,1.16621,1.16611,1.16617
1787720100,1.166165,1.166265,1.166165,1.16621
1787720400,1.16621,1.16628,1.16619,1.166225
1787720700,1.16623,1.166235,1.166075,1.16618
1787721000,1.16618,1.166185,1.166065,1.16611
1787721300,1.166115,1.1665,1.16611,1.16645
1787721600,1.166445,1.16645,1.166375,1.16641
1787721900,1.166405,1.16648,1.166395,1.16644
1787722200,1.166445,1.16663,1.166435,1.16663
1787722500,1.16663,1.16668,1.16652,1.166595
1787722800,1.1666,1.166695,1.16658,1.16658
1787723100,1.166585,1.16665,1.166485,1.166505
1787723400,1.1665,1.1665,1.16638,1.16643
1787723700,1.16644,1.166535,1.1664,1.166435
1787724000,1.16643,1.166505,1.16626,1.166315
1787724300,1.16632,1.166415,1.166245,1.16641
1787724600,1.166405,1.16645,1.16618,1.166235
1787724900,1.166235,1.1665,1.16618,1.16648
1787725200,1.166485,1.166505,1.166225,1.1663
1787725500,1.166295,1.16639,1.16618,1.16618
1787725800,1.166175,1.166385,1.16614,1.166185
1787726100,1.16618,1.166185,1.16598,1.16615
1787726400,1.166145,1.166395,1.166125,1.166385
1787726700,1.16639,1.166485,1.166375,1.16642
1787727000,1.16642,1.166545,1.16641,1.16653
1787727300,1.166525,1.166755,1.166415,1.166695
1787727600,1.1667,1.166925,1.166695,1.166835
1787727900,1.166835,1.166855,1.16669,1.166835
1787728200,1.16683,1.167085,1.166785,1.16689
1787728500,1.166895,1.167145,1.16688,1.166935
1787728800,1.166925,1.167,1.166875,1.166945
1787729100,1.16694,1.16706,1.166915,1.166965
1787729400,1.16696,1.167205,1.16696,1.16714
1787729700,1.167135,1.167315,1.167115,1.16719
1787730000,1.167185,1.167195,1.16699,1.167025
1787730300,1.167025,1.167165,1.166975,1.166995
1787730600,1.167,1.167045,1.16678,1.166865
1787730900,1.16686,1.167125,1.166795,1.1671
1787731200,1.167095,1.16719,1.167015,1.167115
1787731500,1.16712,1.16736,1.167085,1.16732
1787731800,1.16731,1.16754,1.16731,1.16749
1787732100,1.167485,1.16764,1.16743,1.167555
1787732400,1.16756,1.167665,1.16745,1.16762
1787732700,1.16763,1.16769,1.16753,1.16768
1787733000,1.167675,1.16768,1.167405,1.16745
1787733300,1.167445,1.16749,1.16731,1.16737
1787733600,1.167375,1.16741,1.167175,1.16737
1787733900,1.167365,1.16739,1.16724,1.16737
1787734200,1.167365,1.167435,1.16719,1.167235
1787734500,1.16723,1.16728,1.16696,1.167115
1787734800,1.16712,1.16713,1.16685,1.167045
1787735100,1.16704,1.16704,1.166665,1.166675
1787735400,1.16668,1.166805,1.166635,1.166655
1787735700,1.16666,1.1667,1.1666,1.166655
1787736000,1.16665,1.166755,1.16655,1.166595
1787736300,1.16659,1.166595,1.16637,1.16642
1787736600,1.166415,1.16673,1.166415,1.166635
1787736900,1.16664,1.16673,1.16661,1.16661
1787737200,1.166615,1.16666,1.166485,1.16664
1787737500,1.166635,1.16677,1.16658,1.166655
1787737800,1.16665,1.16693,1.16664,1.166825
1787738100,1.16683,1.16688,1.1666,1.166615
1787738400,1.16661,1.166615,1.16645,1.16659
1787738700,1.166585,1.166615,1.166525,1.16653
1787739000,1.166535,1.166635,1.16653,1.16653
1787739300,1.16652,1.166565,1.166375,1.166455
1787739600,1.16645,1.1666,1.16636,1.16637
1787739900,1.166365,1.166395,1.166225,1.16633
1787740200,1.16634,1.16648,1.16631,1.16644
1787740500,1.16644,1.166585,1.16629,1.16649
1787740800,1.16649,1.166505,1.166335,1.166485
1787741100,1.16648,1.166495,1.166295,1.166365
1787741400,1.166365,1.1664,1.166275,1.166375
1787741700,1.16637,1.16637,1.16611,1.16619
1787742000,1.166185,1.166595,1.16618,1.16648
1787742300,1.166475,1.166565,1.16637,1.16638
1787742600,1.166385,1.16659,1.16638,1.16656
1787742900,1.16656,1.16656,1.16635,1.16636
1787743200,1.166355,1.16641,1.16605,1.166075
1787743500,1.16608,1.166335,1.16604,1.166225
1787743800,1.16624,1.166525,1.166195,1.166515
1787744100,1.16652,1.166585,1.16642,1.166465
1787744400,1.16646,1.16658,1.166435,1.166545
1787744700,1.166545,1.16671,1.16649,1.166645
1787745000,1.16665,1.16684,1.166605,1.166805
1787745300,1.1668,1.16693,1.166755,1.166905
1787745600,1.1669,1.167,1.166815,1.16697
1787745900,1.16698,1.16712,1.16693,1.16693
1787746200,1.166935,1.16733,1.166925,1.16728
1787746500,1.167285,1.167435,1.167205,1.16733
1787746800,1.167325,1.16747,1.16723,1.16724
1787747100,1.167245,1.167305,1.16706,1.16722
1787747400,1.16726,1.167525,1.16626,1.166535
1787747700,1.16654,1.166665,1.166335,1.166455
1787748000,1.16646,1.166635,1.166295,1.16634
1787748300,1.166345,1.16642,1.16612,1.16639
1787748600,1.166385,1.166545,1.16578,1.16608
1787748900,1.166085,1.16616,1.165555,1.16559
1787749200,1.165585,1.165685,1.16517,1.16522
1787749500,1.165215,1.16557,1.16517,1.165325
1787749800,1.165325,1.16575,1.16516,1.165675
1787750100,1.16568,1.165765,1.16536,1.16573
1787750400,1.165725,1.165745,1.16546,1.16573
1787750700,1.165725,1.165795,1.165535,1.16573
1787751000,1.165725,1.165895,1.16543,1.165445
1787751300,1.16543,1.165645,1.16531,1.16549
1787751600,1.165495,1.165685,1.16547,1.16554
1787751900,1.165545,1.165685,1.16544,1.165565
1787752200,1.165565,1.16574,1.16546,1.165545
1787752500,1.16555,1.165655,1.165245,1.165265
1787752800,1.165275,1.16534,1.164805,1.165165
1787753100,1.16517,1.1652,1.164845,1.16507
1787753400,1.165075,1.165195,1.165,1.165065
1787753700,1.16507,1.16508,1.164665,1.164665
1787754000,1.164665,1.16475,1.1644,1.16452
1787754300,1.164525,1.164575,1.16427,1.164285
1787754600,1.16428,1.16472,1.16421,1.16465
1787754900,1.164645,1.164955,1.16458,1.1649
1787755200,1.164895,1.16503,1.16478,1.16482
1787755500,1.164815,1.16484,1.16443,1.164515
1787755800,1.16451,1.164665,1.16448,1.164565
1787756100,1.16457,1.16474,1.1645,1.16451
1787756400,1.1645,1.164805,1.164475,1.164695
1787756700,1.1647,1.165165,1.164655,1.16515
1787757000,1.165155,1.16526,1.164985,1.16499
1787757300,1.164975,1.16513,1.16488,1.16512
1787757600,1.165115,1.16516,1.16493,1.165065
1787757900,1.16507,1.1652,1.164985,1.1652
1787758200,1.16519,1.165245,1.165005,1.16518
1787758500,1.16517,1.16535,1.16517,1.16534
1787758800,1.16533,1.165435,1.16523,1.165235
1787759100,1.165235,1.165435,1.165125,1.165345
1787759400,1.165345,1.16535,1.16477,1.16505
1787759700,1.165055,1.16514,1.164865,1.16504
1787760000,1.165035,1.165185,1.16489,1.16517
1787760300,1.165175,1.16535,1.16511,1.16513
1787760600,1.16513,1.16529,1.16508,1.165285
1787760900,1.16529,1.16537,1.165205,1.165335
1787761200,1.165335,1.16544,1.16527,1.16528
1787761500,1.16529,1.16534,1.165215,1.165255
1787761800,1.165265,1.165355,1.16513,1.165165
1787762100,1.16516,1.1652,1.164935,1.164945
1787762400,1.16495,1.165095,1.164915,1.165055
1787762700,1.165055,1.16527,1.164985,1.16527
1787763000,1.16527,1.16531,1.16495,1.164985
1787763300,1.16498,1.165135,1.164905,1.16497
1787763600,1.16497,1.16517,1.16497,1.165025
1787763900,1.16502,1.165025,1.164855,1.164915
1787764200,1.16491,1.16506,1.16488,1.16506
1787764500,1.165065,1.1652,1.16498,1.165165
1787764800,1.165165,1.165275,1.16512,1.165175
1787765100,1.165175,1.165335,1.165145,1.165315
1787765400,1.16532,1.165435,1.16526,1.165385
1787765700,1.165385,1.165445,1.165245,1.16526
1787766000,1.16526,1.16533,1.16523,1.16533
1787766300,1.165315,1.165315,1.165055,1.165085
1787766600,1.165085,1.16519,1.165085,1.165125
1787766900,1.16513,1.1653,1.165075,1.165285
1787767200,1.16529,1.165295,1.16517,1.16521
1787767500,1.165205,1.16536,1.1651,1.165345
1787767800,1.16534,1.165445,1.16532,1.16537
1787768100,1.16537,1.165425,1.165325,1.165355
1787768400,1.165355,1.165355,1.165175,1.165215
1787768700,1.16521,1.16527,1.165185,1.165215
1787769000,1.16521,1.165245,1.165135,1.16518
1787769300,1.165175,1.16519,1.16507,1.16512
1787769600,1.165115,1.165185,1.16509,1.165165
1787769900,1.16517,1.165285,1.165165,1.165235
1787770200,1.16524,1.165265,1.165115,1.165125
1787770500,1.16513,1.16519,1.165015,1.16513
1787770800,1.16514,1.16517,1.165015,1.165105
1787771100,1.1651,1.165195,1.16508,1.165165
1787771400,1.165165,1.16525,1.165165,1.165235
1787771700,1.16523,1.165245,1.165125,1.16515
1787772000,1.16515,1.16526,1.16513,1.165235
1787772300,1.16524,1.16532,1.16518,1.165255
1787772600,1.165255,1.165345,1.16516,1.165175
1787772900,1.165175,1.165265,1.16517,1.165245
1787773200,1.165245,1.165255,1.16519,1.165205
1787773500,1.165205,1.165275,1.16518,1.16519
1787773800,1.165185,1.165195,1.165085,1.165145
1787774100,1.165145,1.16538,1.165135,1.16535
1787774400,1.165345,1.165355,1.165235,1.16526
1787774700,1.165255,1.16538,1.165255,1.16527
1787775000,1.165265,1.165265,1.16516,1.16517
1787775300,1.165175,1.16521,1.16517,1.16521
1787775600,1.165205,1.165295,1.165195,1.16529
1787775900,1.16528,1.16537,1.165245,1.16527
1787776200,1.165265,1.165395,1.165265,1.16536
1787776500,1.165355,1.1655,1.165335,1.16546
1787776800,1.165455,1.165495,1.16544,1.16548
1787777100,1.165475,1.165475,1.16535,1.16538
1787777400,1.165385,1.165385,1.165325,1.165345
1787777700,1.16534,1.16541,1.16511,1.165115
1787778000,1.165095,1.16531,1.164825,1.165085
1787778300,1.16508,1.16513,1.164955,1.16507
1787778600,1.16507,1.165175,1.16507,1.16515
1787778900,1.165155,1.165405,1.165135,1.165405
1787779200,1.165405,1.16544,1.1654,1.165435
1787779500,1.165435,1.16544,1.165305,1.165325
1787779800,1.16534,1.165415,1.16521,1.165265
1787780100,1.165265,1.165395,1.16526,1.16535
1787780400,1.165345,1.165415,1.16534,1.1654
1787780700,1.165405,1.165405,1.16532,1.165325
1787781000,1.165325,1.165355,1.16529,1.16535
1787781300,1.165355,1.165375,1.1653,1.165335
1787781600,1.16533,1.16554,1.165315,1.165425
1787781900,1.16543,1.16543,1.165355,1.16538
1787782200,1.165375,1.165425,1.16537,1.16541
1787782500,1.16541,1.16548,1.16539,1.16546
1787782800,1.165455,1.165515,1.16542,1.165445
1787783100,1.16545,1.1655,1.16543,1.16549
1787783400,1.165485,1.1655,1.16544,1.165485
1787783700,1.165485,1.165485,1.165455,1.16548
1787784000,1.165475,1.16552,1.16544,1.16546
1787784300,1.16546,1.165475,1.16537,1.165415
1787784600,1.165415,1.165415,1.165385,1.165405
1787784900,1.165405,1.16544,1.16539,1.16543
1787785200,1.165435,1.16547,1.165395,1.165445
1787785500,1.16545,1.165465,1.165425,1.165455
1787785800,1.165455,1.165535,1.16544,1.165535
1787786100,1.16553,1.165615,1.16546,1.165585
1787786400,1.165585,1.16561,1.1655,1.165565
1787786700,1.16556,1.16558,1.165445,1.165475
1787787000,1.165475,1.165575,1.165465,1.16557
1787787300,1.16557,1.16563,1.165565,1.16562
1787787600,1.165625,1.165635,1.1656,1.165605
1787787900,1.16561,1.165635,1.165555,1.16557
1787788200,1.165565,1.165565,1.165465,1.16547
1787788500,1.16547,1.165565,1.165465,1.165555
1787788800,1.16556,1.165695,1.16546,1.165635
1787789100,1.16564,1.16565,1.16549,1.165535
1787789400,1.16553,1.165575,1.16549,1.165545
1787789700,1.165545,1.16559,1.165495,1.16558
1787790000,1.165585,1.165685,1.165585,1.16567
1787790300,1.16567,1.165795,1.165665,1.16579
1787790600,1.16579,1.16583,1.165725,1.165795
1787790900,1.165795,1.165795,1.165605,1.16563
1787791200,1.165615,1.165685,1.16552,1.165535
1787791500,1.16553,1.165665,1.16546,1.165655
1787791800,1.16566,1.165675,1.165395,1.16549
1787792100,1.1655,1.16579,1.1654,1.16565
1787792400,1.165645,1.165725,1.165535,1.16572
1787792700,1.16572,1.16575,1.165575,1.16561
1787793000,1.165615,1.16574,1.165605,1.16571
1787793300,1.16571,1.165815,1.165655,1.165795
1787793600,1.1658,1.165905,1.165735,1.165835
1787793900,1.16584,1.16584,1.165615,1.165735
1787794200,1.16574,1.165835,1.165715,1.165835
1787794500,1.16583,1.165915,1.16567,1.16568
1787794800,1.165685,1.16572,1.165605,1.16568
1787795100,1.165675,1.16578,1.16566,1.165715
1787795400,1.16572,1.165825,1.16569,1.16581
1787795700,1.16581,1.16586,1.165725,1.165795
1787796000,1.1658,1.165865,1.16575,1.165855
1787796300,1.16586,1.165955,1.165815,1.16592
1787796600,1.16592,1.165935,1.165755,1.16576
1787796900,1.16576,1.16578,1.16565,1.16567
1787797200,1.165675,1.16571,1.165555,1.165555
1787797500,1.16556,1.16557,1.165495,1.1655
1787797800,1.165495,1.16555,1.16544,1.16553
1787798100,1.16553,1.16568,1.165515,1.16555
1787798400,1.16555,1.1656,1.165525,1.165555
1787798700,1.165555,1.16561,1.16552,1.165535
1787799000,1.165535,1.165625,1.165505,1.165505
1787799300,1.16551,1.16558,1.16548,1.16556
1787799600,1.165565,1.16562,1.16552,1.165575
1787799900,1.16558,1.16562,1.16553,1.16556
1787800200,1.16556,1.16564,1.16556,1.16558
1787800500,1.16558,1.165605,1.16554,1.16555
1787800800,1.16555,1.165575,1.16546,1.16548
1787801100,1.16548,1.16548,1.165405,1.16542
1787801400,1.165415,1.16548,1.165375,1.16542
1787801700,1.165425,1.16543,1.165345,1.16536
1787802000,1.16536,1.16544,1.16536,1.165405
1787802300,1.165405,1.165565,1.165395,1.16552
1787802600,1.165525,1.16554,1.165495,1.165505
1787802900,1.165505,1.165505,1.1654,1.165425
1787803200,1.16543,1.165595,1.165425,1.165575
1787803500,1.165575,1.165585,1.165475,1.16548
1787803800,1.16548,1.16558,1.16548,1.165555
1787804100,1.16556,1.165595,1.165495,1.1655
1787804400,1.165495,1.165525,1.16541,1.165465
1787804700,1.165465,1.16561,1.16546,1.165535
1787805000,1.16553,1.165535,1.165465,1.16548
1787805300,1.165485,1.165495,1.16545,1.165485
1787805600,1.16548,1.16553,1.16546,1.16547
1787805900,1.16547,1.165495,1.16542,1.165485
1787806200,1.165485,1.165535,1.165465,1.16549
1787806500,1.165495,1.16557,1.16549,1.16557
1787806800,1.165575,1.16558,1.165445,1.165515
1787807100,1.165515,1.16563,1.1655,1.165575
1787807400,1.165575,1.165665,1.165575,1.16561
1787807700,1.165615,1.16563,1.16539,1.165465
1787808000,1.16546,1.165625,1.16546,1.165625
1787808300,1.16562,1.16573,1.165615,1.16572
1787808600,1.165725,1.16577,1.16562,1.165625
1787808900,1.165625,1.165645,1.165535,1.165555
1787809200,1.16555,1.16566,1.165545,1.165625
1787809500,1.16562,1.165665,1.16557,1.16558
1787809800,1.16558,1.165595,1.165195,1.16532
1787810100,1.165325,1.165455,1.1653,1.16544
1787810400,1.165435,1.16545,1.16521,1.16526
1787810700,1.165265,1.16539,1.165255,1.165335
1787811000,1.165335,1.165485,1.1653,1.16539
1787811300,1.16539,1.165395,1.16526,1.165385
1787811600,1.16539,1.165525,1.165355,1.16551
1787811900,1.165515,1.165575,1.165415,1.1655
1787812200,1.1655,1.16554,1.16535,1.165455
1787812500,1.16545,1.165465,1.16533,1.16534
1787812800,1.165335,1.165515,1.165295,1.16536
1787813100,1.16537,1.165505,1.16525,1.165265
1787813400,1.16526,1.165335,1.1652,1.16532
1787813700,1.165315,1.165425,1.165305,1.16535
1787814000,1.165345,1.16563,1.16534,1.165525
1787814300,1.165525,1.16554,1.16536,1.165485
1787814600,1.165485,1.165625,1.16546,1.165565
1787814900,1.165565,1.16557,1.165475,1.165555
1787815200,1.165555,1.165565,1.16534,1.16537
1787815500,1.165375,1.16539,1.16519,1.165215
1787815800,1.165215,1.165265,1.165175,1.1652
1787816100,1.16521,1.16546,1.16521,1.165315
1787816400,1.16531,1.16551,1.165255,1.16551
1787816700,1.165505,1.16555,1.16546,1.16546
1787817000,1.165465,1.16547,1.1652,1.165365
1787817300,1.165365,1.165565,1.165355,1.165495
1787817600,1.165485,1.165745,1.16543,1.16561
1787817900,1.16561,1.165795,1.165575,1.16572
1787818200,1.165715,1.16577,1.165455,1.165465
1787818500,1.165465,1.165585,1.165415,1.16542
1787818800,1.16542,1.16542,1.165115,1.165165
1787819100,1.16517,1.1653,1.164995,1.16507
1787819400,1.165065,1.16514,1.16492,1.16493
1787819700,1.164935,1.165115,1.164775,1.165
1787820000,1.165005,1.165215,1.16497,1.16517
1787820300,1.16516,1.165215,1.16501,1.165015
1787820600,1.165015,1.165175,1.16499,1.165025
1787820900,1.165025,1.16508,1.164815,1.164825
1787821200,1.16483,1.164855,1.16434,1.16439
1787821500,1.164395,1.16472,1.16434,1.16462
1787821800,1.16463,1.16478,1.164615,1.164675
1787822100,1.16468,1.16476,1.16447,1.1645
1787822400,1.164495,1.16462,1.164475,1.164545
1787822700,1.16454,1.164675,1.164465,1.16466
1787823000,1.164665,1.16467,1.16436,1.164375
1787823300,1.164375,1.164385,1.16404,1.164115
1787823600,1.16412,1.16433,1.16412,1.164185
1787823900,1.16419,1.16448,1.16417,1.16444
1787824200,1.164435,1.16462,1.164405,1.164495
1787824500,1.1645,1.164555,1.164065,1.16409
1787824800,1.164085,1.16417,1.1639,1.164035
1787825100,1.16404,1.16422,1.163945,1.16418
1787825400,1.164175,1.16443,1.164165,1.164425
1787825700,1.16443,1.16463,1.16428,1.16462
1787826000,1.164625,1.164825,1.16457,1.16465
1787826300,1.16465,1.16471,1.16452,1.164575
1787826600,1.16458,1.16461,1.164345,1.164345
1787826900,1.164345,1.164345,1.163855,1.16392
1787827200,1.163925,1.1642,1.16385,1.164195
1787827500,1.164195,1.164195,1.163945,1.16405
1787827800,1.164065,1.16412,1.164025,1.164105
1787828100,1.16411,1.16412,1.16397,1.163975
1787828400,1.16398,1.164035,1.1639,1.163905
1787828700,1.163905,1.16406,1.16389,1.163945
1787829000,1.16394,1.16394,1.163795,1.16391
1787829300,1.163915,1.16404,1.16388,1.163975
1787829600,1.16397,1.16415,1.16393,1.1641
1787829900,1.1641,1.164155,1.164025,1.16407
1787830200,1.164075,1.16443,1.163955,1.16397
1787830500,1.16397,1.164065,1.163755,1.164055
1787830800,1.16405,1.164185,1.16394,1.16395
1787831100,1.16395,1.164085,1.16365,1.16374
1787831400,1.163745,1.1643,1.1637,1.164295
1787831700,1.1643,1.16435,1.164075,1.164105
1787832000,1.16411,1.16453,1.16411,1.164315
1787832300,1.16432,1.16458,1.16422,1.164465
1787832600,1.16447,1.16449,1.164115,1.164185
1787832900,1.16418,1.16437,1.1641,1.164365
1787833200,1.16437,1.16445,1.16429,1.164385
1787833500,1.164395,1.164505,1.164245,1.16434
1787833800,1.164365,1.164425,1.16412,1.16414
1787834100,1.164135,1.164205,1.16397,1.164165
1787834400,1.16416,1.164375,1.164095,1.164265
1787834700,1.16426,1.164395,1.164165,1.16421
1787835000,1.16421,1.164285,1.164085,1.164145
1787835300,1.16414,1.164185,1.16398,1.16411
1787835600,1.164115,1.164615,1.164005,1.164455
1787835900,1.16445,1.164765,1.164445,1.16469
1787836200,1.164685,1.164895,1.16465,1.164835
1787836500,1.16483,1.165055,1.16467,1.165045
1787836800,1.16505,1.165845,1.165035,1.165765
1787837100,1.16577,1.165995,1.16563,1.165835
1787837400,1.16584,1.165965,1.165655,1.165655
1787837700,1.16566,1.165685,1.16535,1.165355
1787838000,1.16536,1.16541,1.16517,1.165265
1787838300,1.165265,1.165495,1.16504,1.16529
1787838600,1.165285,1.16549,1.165185,1.1654
1787838900,1.165405,1.165525,1.165295,1.165395
1787839200,1.1654,1.16542,1.16516,1.165275
1787839500,1.16527,1.165805,1.16516,1.16558
1787839800,1.165585,1.165595,1.16505,1.165155
1787840100,1.16516,1.165325,1.16511,1.16527
1787840400,1.165275,1.165315,1.1649,1.164925
1787840700,1.16492,1.164955,1.164815,1.16491
1787841000,1.164905,1.16521,1.164895,1.165195
1787841300,1.1652,1.165475,1.165095,1.165465
1787841600,1.16547,1.165525,1.165055,1.16511
1787841900,1.165115,1.165395,1.164945,1.16498
1787842200,1.164985,1.165105,1.16485,1.165005
1787842500,1.165,1.165,1.164465,1.16447
1787842800,1.164465,1.164945,1.16444,1.164795
1787843100,1.164795,1.165075,1.164775,1.16501
1787843400,1.165015,1.16526,1.16494,1.165085
1787843700,1.16508,1.16525,1.16497,1.16498
1787844000,1.164975,1.165115,1.164895,1.164955
1787844300,1.16496,1.16513,1.16491,1.16506
1787844600,1.165065,1.16524,1.16504,1.165205
1787844900,1.16521,1.16524,1.165045,1.165115
1787845200,1.16512,1.165125,1.165015,1.165045
1787845500,1.165045,1.165045,1.164815,1.165005
1787845800,1.165005,1.165305,1.16498,1.16526
1787846100,1.165275,1.16543,1.165215,1.16533
1787846400,1.165325,1.16536,1.16515,1.16515
1787846700,1.165145,1.16516,1.164955,1.16503
1787847000,1.16503,1.165195,1.16501,1.165115
1787847300,1.165115,1.165135,1.164935,1.165045
1787847600,1.16505,1.16532,1.16504,1.16522
1787847900,1.165225,1.16534,1.1652,1.165305
1787848200,1.16532,1.165435,1.16527,1.165415
1787848500,1.16542,1.165455,1.16532,1.165395
1787848800,1.1654,1.1654,1.165245,1.16536
1787849100,1.16535,1.165395,1.165145,1.165165
1787849400,1.165165,1.165295,1.165105,1.165115
1787849700,1.16512,1.165235,1.165075,1.16522
1787850000,1.165215,1.1654,1.16521,1.165385
1787850300,1.165385,1.165385,1.16521,1.16529
1787850600,1.16529,1.16529,1.165075,1.16509
1787850900,1.165085,1.16513,1.16499,1.165075
1787851200,1.16507,1.165165,1.16505,1.16509
1787851500,1.1651,1.165175,1.16506,1.16508
1787851800,1.16508,1.16512,1.16504,1.165055
1787852100,1.16505,1.165075,1.164945,1.165005
1787852400,1.165,1.165025,1.164825,1.16488
1787852700,1.164885,1.164915,1.1647,1.16479
1787853000,1.16479,1.16487,1.1647,1.164825
1787853300,1.164825,1.16498,1.16481,1.1649
1787853600,1.164905,1.164925,1.164655,1.164655
1787853900,1.16465,1.164735,1.16461,1.164655
1787854200,1.16466,1.164785,1.164605,1.16478
1787854500,1.164785,1.164845,1.16475,1.164775
1787854800,1.16477,1.164865,1.1647,1.16474
1787855100,1.16474,1.16476,1.164675,1.16469
1787855400,1.164685,1.16476,1.164665,1.164685
1787855700,1.164685,1.16477,1.164675,1.164715
1787856000,1.16471,1.164785,1.164705,1.164775
1787856300,1.164775,1.164885,1.164735,1.16483
1787856600,1.164825,1.16494,1.164815,1.164925
1787856900,1.16493,1.16501,1.16484,1.16489
1787857200,1.16491,1.165,1.16487,1.164885
1787857500,1.164885,1.165055,1.16487,1.16502
1787857800,1.16502,1.165025,1.164885,1.164935
1787858100,1.164935,1.16502,1.16491,1.16502
1787858400,1.16502,1.16503,1.164935,1.16494
1787858700,1.16494,1.16494,1.16485,1.16488
1787859000,1.164885,1.16494,1.16479,1.16488
1787859300,1.164875,1.16496,1.164865,1.164945
1787859600,1.164945,1.16496,1.164895,1.16495
1787859900,1.164945,1.164955,1.16487,1.16488
1787860200,1.164875,1.164905,1.164735,1.164835
1787860500,1.164825,1.165035,1.16479,1.164935
1787860800,1.16493,1.16504,1.16491,1.165025
1787861100,1.165025,1.165195,1.165025,1.16514
1787861400,1.165145,1.16525,1.16511,1.165145
1787861700,1.165145,1.16515,1.165035,1.16512
1787862000,1.16512,1.165145,1.1651,1.165115
1787862300,1.16512,1.16512,1.164985,1.165
1787862600,1.165,1.165095,1.164995,1.16509
1787862900,1.16509,1.165145,1.16509,1.165135
1787863200,1.16514,1.16515,1.16511,1.165145
1787863500,1.16514,1.165155,1.165115,1.16515
1787863800,1.16515,1.16518,1.16512,1.16517
1787864100,1.165165,1.165285,1.16515,1.165285
1787864400,1.165355,1.16536,1.16484,1.165145
1787864700,1.165015,1.16523,1.16491,1.165115
1787865000,1.165115,1.165225,1.16488,1.16522
1787865300,1.1652,1.165245,1.16519,1.16523
1787865600,1.16523,1.16537,1.165205,1.165365
1787865900,1.165365,1.165455,1.165345,1.16544
1787866200,1.165425,1.16547,1.165415,1.165435
1787866500,1.165435,1.16544,1.165415,1.165425
1787866800,1.165425,1.165475,1.16531,1.16533
1787867100,1.16533,1.16535,1.1653,1.16535
1787867400,1.16535,1.16538,1.165325,1.16533
1787867700,1.16533,1.165375,1.165185,1.1652
1787868000,1.165205,1.1654,1.165185,1.165265
1787868300,1.165265,1.16531,1.165185,1.165295
1787868600,1.165295,1.165405,1.16528,1.165405
1787868900,1.1654,1.165465,1.165375,1.165375
1787869200,1.165375,1.16538,1.165285,1.165325
1787869500,1.16532,1.16532,1.165225,1.165235
1787869800,1.165235,1.165305,1.16522,1.165285
1787870100,1.165285,1.16532,1.16528,1.1653
1787870400,1.1653,1.165315,1.165245,1.16525
1787870700,1.16525,1.165285,1.16522,1.16527
1787871000,1.165275,1.16531,1.16522,1.165295
1787871300,1.1653,1.165375,1.165295,1.165345
1787871600,1.165345,1.16536,1.165315,1.165345
1787871900,1.165345,1.165365,1.16534,1.16534
1787872200,1.165345,1.165455,1.16534,1.16543
1787872500,1.165425,1.16544,1.165365,1.165365
1787872800,1.165365,1.16537,1.165275,1.16531
1787873100,1.16531,1.16537,1.16527,1.16527
1787873400,1.165275,1.16532,1.16524,1.1653
1787873700,1.1653,1.165445,1.1653,1.165395
1787874000,1.16539,1.16539,1.16531,1.16534
1787874300,1.165345,1.165455,1.16534,1.165435
1787874600,1.165435,1.16549,1.16538,1.16545
1787874900,1.16545,1.16545,1.16533,1.165365
1787875200,1.16537,1.16544,1.16524,1.165275
1787875500,1.16528,1.16537,1.165225,1.16523
1787875800,1.165225,1.16533,1.165215,1.165275
1787876100,1.165275,1.16531,1.16514,1.16514
1787876400,1.16513,1.165255,1.165065,1.16525
1787876700,1.165245,1.165245,1.16512,1.16524
1787877000,1.165245,1.16525,1.165145,1.16521
1787877300,1.165215,1.16534,1.165175,1.165225
1787877600,1.16523,1.165305,1.16521,1.165285
1787877900,1.16529,1.165405,1.16526,1.165315
1787878200,1.16532,1.165355,1.16524,1.16529
1787878500,1.165295,1.16535,1.16525,1.16533
1787878800,1.16532,1.16539,1.165205,1.165375
1787879100,1.165375,1.165435,1.165325,1.16539
1787879400,1.165385,1.165395,1.16529,1.16534
1787879700,1.165335,1.165375,1.1653,1.16537
1787880000,1.165365,1.16541,1.16531,1.16531
1787880300,1.16531,1.16534,1.165275,1.165285
1787880600,1.1653,1.16535,1.16525,1.16533
1787880900,1.16534,1.16552,1.16533,1.165495
1787881200,1.1655,1.165535,1.16538,1.16538
1787881500,1.165375,1.16538,1.16511,1.165225
1787881800,1.165225,1.165275,1.16511,1.16512
1787882100,1.165125,1.16515,1.16494,1.16497
1787882400,1.16497,1.165035,1.16488,1.16492
1787882700,1.164925,1.165045,1.16491,1.16496
1787883000,1.164965,1.164995,1.16469,1.16476
1787883300,1.16476,1.16484,1.164625,1.16484
1787883600,1.16484,1.164985,1.164835,1.164985
1787883900,1.16498,1.165005,1.16477,1.16478
1787884200,1.164785,1.164865,1.16473,1.16482
1787884500,1.164825,1.164905,1.16482,1.16484
1787884800,1.164845,1.16486,1.164745,1.164755
1787885100,1.16476,1.1649,1.164725,1.16489
1787885400,1.164885,1.16505,1.164875,1.165035
1787885700,1.16503,1.16508,1.165,1.165075
1787886000,1.165075,1.165145,1.16507,1.16509
1787886300,1.165095,1.16512,1.165025,1.16506
1787886600,1.16506,1.16506,1.16499,1.165035
1787886900,1.16503,1.16509,1.16499,1.165
1787887200,1.165,1.165,1.164915,1.16493
1787887500,1.16493,1.16509,1.16493,1.165085
1787887800,1.16508,1.165095,1.164945,1.16496
1787888100,1.16495,1.164955,1.16487,1.164885
1787888400,1.164885,1.1649,1.164775,1.164785
1787888700,1.164785,1.164825,1.164745,1.164775
1787889000,1.164775,1.164795,1.16472,1.16473
1787889300,1.164735,1.164785,1.16455,1.16463
1787889600,1.16464,1.16467,1.16459,1.164595
1787889900,1.1646,1.16463,1.16454,1.16458
1787890200,1.164585,1.164595,1.16452,1.16453
1787890500,1.164535,1.16464,1.164525,1.164635
1787890800,1.16464,1.16464,1.164565,1.16457
1787891100,1.164565,1.164585,1.164525,1.16455
1787891400,1.164545,1.16455,1.16451,1.164535
1787891700,1.16454,1.16456,1.16452,1.16452
1787892000,1.164525,1.16463,1.16452,1.164575
1787892300,1.16458,1.16463,1.16458,1.16458
1787892600,1.164575,1.16458,1.164535,1.16457
1787892900,1.16457,1.16457,1.1645,1.164555
1787893200,1.164555,1.16458,1.164455,1.16447
1787893500,1.164475,1.164515,1.16441,1.164415
1787893800,1.16442,1.16442,1.16434,1.16436
1787894100,1.164355,1.16448,1.164355,1.164425
1787894400,1.16443,1.164465,1.164415,1.16442
1787894700,1.164415,1.164445,1.164365,1.164405
1787895000,1.1644,1.16447,1.16435,1.16444
1787895300,1.16444,1.16446,1.16434,1.164355
1787895600,1.164355,1.164385,1.16425,1.16428
1787895900,1.164285,1.16441,1.16427,1.164325
1787896200,1.164325,1.164405,1.1643,1.16438
1787896500,1.164385,1.164595,1.16438,1.164455
1787896800,1.16445,1.164645,1.164415,1.16448
1787897100,1.164485,1.16456,1.16442,1.16455
1787897400,1.16456,1.16465,1.164485,1.164485
1787897700,1.16448,1.16448,1.16431,1.16431
1787898000,1.164315,1.16463,1.164305,1.1645
1787898300,1.164495,1.1648,1.16448,1.164745
1787898600,1.16474,1.164795,1.164535,1.16469
1787898900,1.164695,1.16485,1.164465,1.16455
1787899200,1.164555,1.1648,1.16444,1.164755
1787899500,1.164765,1.164815,1.164585,1.16469
1787899800,1.164685,1.164795,1.164605,1.16474
1787900100,1.164735,1.16493,1.164735,1.164825
1787900400,1.16483,1.16488,1.164635,1.16467
1787900700,1.164675,1.164685,1.16438,1.164395
1787901000,1.1644,1.164605,1.16437,1.164475
1787901300,1.16448,1.164575,1.164225,1.164285
1787901600,1.164285,1.16436,1.164195,1.164265
1787901900,1.16427,1.164345,1.16417,1.164215
1787902200,1.16421,1.164545,1.16421,1.16448
1787902500,1.164485,1.16461,1.16436,1.16441
1787902800,1.164405,1.16455,1.16433,1.16446
1787903100,1.16446,1.164735,1.16432,1.164685
1787903400,1.16468,1.16472,1.164575,1.164625
1787903700,1.16463,1.164835,1.164585,1.16464
1787904000,1.164645,1.164885,1.16459,1.164695
1787904300,1.164695,1.16475,1.16462,1.164685
1787904600,1.16468,1.16477,1.16462,1.16462
1787904900,1.164625,1.164715,1.1645,1.16451
1787905200,1.16451,1.16459,1.164455,1.16446
1787905500,1.16446,1.16461,1.164415,1.164425
1787905800,1.16443,1.164715,1.164415,1.16465
1787906100,1.164655,1.16468,1.16445,1.16456
1787906400,1.16456,1.164565,1.16438,1.164385
1787906700,1.16439,1.1644,1.16418,1.1643
1787907000,1.164295,1.164485,1.164295,1.164415
1787907300,1.164425,1.164465,1.164285,1.164445
1787907600,1.16444,1.164515,1.164245,1.164315
1787907900,1.16432,1.164345,1.164185,1.16432
1787908200,1.164315,1.164345,1.164225,1.16423
1787908500,1.164235,1.164375,1.16418,1.164225
1787908800,1.164225,1.164395,1.164185,1.164315
1787909100,1.164315,1.164355,1.16418,1.16424
1787909400,1.164235,1.164405,1.164235,1.164345
1787909700,1.16434,1.16436,1.164115,1.164195
1787910000,1.16419,1.164215,1.164035,1.16415
1787910300,1.164145,1.16428,1.164105,1.164195
1787910600,1.16419,1.16422,1.16402,1.164065
1787910900,1.16407,1.164125,1.16396,1.16398
1787911200,1.163995,1.164075,1.16393,1.164035
1787911500,1.16404,1.164195,1.164025,1.164185
1787911800,1.16418,1.164225,1.164065,1.164065
1787912100,1.164065,1.164245,1.164,1.164205
1787912400,1.164205,1.16433,1.16404,1.164325
1787912700,1.16433,1.1644,1.16421,1.1644
1787913000,1.164395,1.164575,1.16438,1.16457
1787913300,1.164565,1.16466,1.164545,1.164605
1787913600,1.1646,1.1647,1.164515,1.164655
1787913900,1.164655,1.164675,1.164515,1.164585
1787914200,1.16459,1.16471,1.164525,1.16469
1787914500,1.164695,1.16492,1.164675,1.16492
1787914800,1.164925,1.16495,1.16473,1.164745
1787915100,1.164745,1.16485,1.16471,1.16484
1787915400,1.164835,1.16484,1.164655,1.164705
1787915700,1.164705,1.16471,1.164595,1.164615
1787916000,1.164615,1.16474,1.16454,1.164735
1787916300,1.164725,1.1648,1.16453,1.164625
1787916600,1.16463,1.164705,1.16453,1.164685
1787916900,1.164685,1.16481,1.164575,1.16467
1787917200,1.164665,1.16478,1.164625,1.16477
1787917500,1.16477,1.164825,1.16447,1.164575
1787917800,1.16457,1.16469,1.164465,1.16453
1787918100,1.164525,1.16461,1.164455,1.164525
1787918400,1.16452,1.164615,1.164455,1.164535
1787918700,1.16453,1.164575,1.16434,1.16434
1787919000,1.164335,1.16444,1.16426,1.16436
1787919300,1.164365,1.164425,1.16429,1.16432
1787919600,1.164325,1.16437,1.164265,1.164325
1787919900,1.164325,1.164365,1.16419,1.164235
1787920200,1.16423,1.16423,1.16404,1.16407
1787920500,1.164075,1.164135,1.16396,1.16398
1787920800,1.163975,1.16415,1.16394,1.16412
1787921100,1.164125,1.16433,1.164115,1.16423
1787921400,1.16423,1.164305,1.16413,1.16429
1787921700,1.164295,1.16504,1.164295,1.164905
1787922000,1.1649,1.165005,1.164785,1.16483
1787922300,1.16483,1.164845,1.164525,1.16474
1787922600,1.16473,1.164755,1.16442,1.164435
1787922900,1.16444,1.16454,1.16438,1.16453
1787923200,1.16452,1.16453,1.164275,1.16432
1787923500,1.164315,1.164375,1.164175,1.164335
1787923800,1.16434,1.16443,1.16427,1.164325
1787924100,1.16433,1.16436,1.164085,1.164315
1787924400,1.16432,1.16433,1.164065,1.16413
1787924700,1.164145,1.16428,1.16411,1.16414
1787925000,1.164135,1.16425,1.16401,1.164235
1787925300,1.16424,1.16471,1.16378,1.163885
1787925600,1.163805,1.166,1.16169,1.161985
1787925900,1.16199,1.162235,1.16102,1.161935
1787926200,1.16193,1.1621,1.161055,1.161165
1787926500,1.16116,1.161655,1.16054,1.16068
1787926800,1.160675,1.160955,1.160345,1.160445
1787927100,1.16044,1.16051,1.15946,1.160195
1787927400,1.16019,1.16106,1.160115,1.161055
1787927700,1.161055,1.16118,1.16048,1.160535
1787928000,1.16054,1.16111,1.160415,1.16076
1787928300,1.160755,1.16084,1.1602,1.160455
1787928600,1.16046,1.161525,1.160325,1.16139
1787928900,1.1614,1.16226,1.1614,1.16174
1787929200,1.161735,1.16207,1.161155,1.16134
1787929500,1.161335,1.16135,1.160595,1.161005
1787929800,1.161,1.161065,1.16058,1.160795
1787930100,1.16079,1.161065,1.16059,1.16059
1787930400,1.160595,1.16069,1.160365,1.16053
1787930700,1.160525,1.16085,1.160325,1.16043
1787931000,1.16044,1.160565,1.160205,1.160285
1787931300,1.16028,1.160455,1.159885,1.15994
1787931600,1.159945,1.16004,1.159635,1.160025
1787931900,1.16003,1.16027,1.159715,1.159805
1787932200,1.15981,1.16025,1.159785,1.15992
1787932500,1.159915,1.16002,1.15971,1.15977
1787932800,1.159775,1.159835,1.159495,1.15952
1787933100,1.159515,1.159545,1.1592,1.159305
1787933400,1.1593,1.1593,1.15898,1.159015
1787933700,1.15902,1.159075,1.158495,1.15851
1787934000,1.158515,1.15875,1.1585,1.158555
1787934300,1.15855,1.158745,1.15851,1.15857
1787934600,1.158575,1.158995,1.158565,1.158755
1787934900,1.158745,1.15885,1.15864,1.15881
1787935200,1.158805,1.158915,1.1585,1.15856
1787935500,1.158555,1.15877,1.15854,1.15873
1787935800,1.158735,1.15896,1.15864,1.158695
1787936100,1.1587,1.158745,1.15847,1.15869
1787936400,1.158695,1.15871,1.15846,1.15851
1787936700,1.1585,1.158655,1.158265,1.158515
1787937000,1.158505,1.158915,1.158495,1.15874
1787937300,1.158735,1.158755,1.158455,1.158615
1787937600,1.15862,1.158755,1.158605,1.15866
1787937900,1.15866,1.15866,1.15847,1.15855
1787938200,1.15855,1.158565,1.158365,1.1584
1787938500,1.158395,1.158535,1.158205,1.15821
1787938800,1.15821,1.15826,1.15783,1.15804
1787939100,1.158045,1.158055,1.15779,1.157985
1787939400,1.157985,1.15807,1.15798,1.158005
1787939700,1.158,1.15813,1.15794,1.15809
1787940000,1.15808,1.15813,1.157855,1.15786
1787940300,1.15785,1.158245,1.15785,1.158145
1787940600,1.15814,1.15815,1.15799,1.15801
1787940900,1.15801,1.158145,1.157905,1.157995
1787941200,1.157985,1.15827,1.157985,1.15822
1787941500,1.15821,1.158465,1.1582,1.15827
1787941800,1.15826,1.15831,1.15813,1.158235
1787942100,1.15824,1.1583,1.157985,1.157985
1787942400,1.157985,1.158,1.15782,1.15798
1787942700,1.15798,1.158035,1.15777,1.15789
1787943000,1.157895,1.15805,1.15788,1.15793
1787943300,1.157935,1.15811,1.15789,1.158045
1787943600,1.15804,1.1582,1.15797,1.158035
1787943900,1.15803,1.158215,1.158005,1.158205
1787944200,1.158205,1.15832,1.15817,1.158195
1787944500,1.15819,1.15826,1.158105,1.15825
1787944800,1.15825,1.158505,1.15825,1.15848
1787945100,1.15849,1.15864,1.158485,1.1586
1787945400,1.158595,1.158675,1.1585,1.158595
1787945700,1.1586,1.158675,1.158485,1.15867
1787946000,1.158675,1.15872,1.1586,1.15865
1787946300,1.158645,1.158695,1.158525,1.158595
1787946600,1.1586,1.15871,1.158555,1.158645
1787946900,1.15864,1.158785,1.15859,1.158595
1787947200,1.15859,1.15867,1.158545,1.15855
1787947500,1.158545,1.15858,1.15839,1.1584
1787947800,1.158395,1.158565,1.15835,1.15856
1787948100,1.15856,1.15861,1.158445,1.158465
1787948400,1.158465,1.15849,1.158345,1.15839
1787948700,1.158385,1.158495,1.158345,1.158485
1787949000,1.15848,1.15851,1.158255,1.158265
1787949300,1.15827,1.158335,1.158065,1.158065
1787949600,1.158065,1.158175,1.157945,1.15813
1787949900,1.15814,1.15819,1.158065,1.158145
1787950200,1.158145,1.15831,1.15814,1.158225
1787950500,1.15823,1.158535,1.1581,1.158355
1788123600,1.158355,1.158355,1.1581,1.15827
1788123900,1.15829,1.1583,1.15802,1.15808
1788124200,1.15808,1.158095,1.157975,1.158025
1788124500,1.15793,1.158045,1.15793,1.15802
1788124800,1.15802,1.158045,1.15797,1.158045
1788125100,1.158015,1.15806,1.15798,1.15801
1788125400,1.15801,1.15805,1.15793,1.15803
1788125700,1.15803,1.15808,1.15803,1.158075
1788126000,1.15806,1.15812,1.15804,1.158115
1788126300,1.158125,1.15813,1.15811,1.158115
1788126600,1.158115,1.158125,1.157945,1.157965
1788126900,1.157965,1.15798,1.15787,1.15793
1788127200,1.157905,1.158185,1.15786,1.158085
1788127500,1.158085,1.15823,1.15808,1.15819
1788127800,1.15819,1.158215,1.158035,1.15817
1788128100,1.15817,1.15823,1.15809,1.158185
1788128400,1.15819,1.15819,1.158135,1.15817
1788128700,1.15817,1.15822,1.158165,1.158175
1788129000,1.15818,1.15835,1.15814,1.158315
1788129300,1.15832,1.15851,1.158295,1.158465
1788129600,1.15847,1.15848,1.158335,1.15835
1788129900,1.15835,1.15849,1.158345,1.158435
1788130200,1.15844,1.15844,1.15837,1.158395
1788130500,1.158395,1.15848,1.15837,1.158435
1788130800,1.158435,1.158635,1.15843,1.15852
1788131100,1.15852,1.158635,1.15839,1.15839
1788131400,1.158385,1.15854,1.158365,1.158495
1788131700,1.1585,1.1586,1.15846,1.158575
1788132000,1.15858,1.158675,1.158575,1.15862
1788132300,1.15862,1.158635,1.15856,1.15856
1788132600,1.15856,1.15879,1.15855,1.15871
1788132900,1.15871,1.15883,1.1587,1.158815
1788133200,1.158815,1.15885,1.15875,1.158775
1788133500,1.15878,1.15879,1.158665,1.158675
1788133800,1.15868,1.15888,1.15868,1.15888
1788134100,1.158875,1.158935,1.158815,1.15887
1788134400,1.158885,1.15922,1.15887,1.15921
1788134700,1.15921,1.15933,1.15919,1.15928
1788135000,1.15927,1.159345,1.159055,1.159205
1788135300,1.15921,1.159295,1.15912,1.15916
1788135600,1.159155,1.159185,1.158895,1.158915
1788135900,1.15892,1.158925,1.15856,1.15867
1788136200,1.158665,1.158985,1.15866,1.158965
1788136500,1.15897,1.159165,1.15897,1.15914
1788136800,1.15914,1.15919,1.15906,1.15909
1788137100,1.159095,1.159205,1.159085,1.159145
1788137400,1.15914,1.15938,1.159095,1.159225
1788137700,1.15922,1.15938,1.159135,1.15923
1788138000,1.15923,1.15929,1.15888,1.159165
1788138300,1.159165,1.159175,1.15877,1.158805
1788138600,1.1588,1.158855,1.15872,1.15882
1788138900,1.15883,1.15889,1.15871,1.15878
1788139200,1.158785,1.15905,1.158745,1.159005
1788139500,1.159,1.159045,1.158895,1.159015
1788139800,1.15902,1.15919,1.159015,1.15908
1788140100,1.159075,1.15928,1.15903,1.159245
1788140400,1.15924,1.15946,1.15913,1.159335
1788140700,1.15933,1.15942,1.159225,1.15923
1788141000,1.15923,1.159265,1.159155,1.15921
1788141300,1.159205,1.159225,1.15906,1.159065
1788141600,1.15907,1.15912,1.158995,1.159075
1788141900,1.15907,1.159275,1.159065,1.15921
1788142200,1.15921,1.159235,1.15912,1.15918
1788142500,1.15918,1.159265,1.15891,1.15903
1788142800,1.159015,1.159175,1.15896,1.159145
1788143100,1.15915,1.15929,1.15915,1.159245
1788143400,1.15925,1.15928,1.15914,1.15917
1788143700,1.159175,1.159185,1.15894,1.159025
1788144000,1.159025,1.159035,1.158815,1.158925
1788144300,1.158925,1.1591,1.15892,1.15909
1788144600,1.15909,1.159255,1.15907,1.159205
1788144900,1.15921,1.159255,1.15913,1.15925
1788145200,1.159245,1.159295,1.159185,1.15919
1788145500,1.159195,1.159225,1.15916,1.15919
1788145800,1.159195,1.159265,1.159175,1.15919
1788146100,1.15919,1.159295,1.15918,1.159285
1788146400,1.15929,1.159375,1.159265,1.159305
1788146700,1.1593,1.15933,1.15919,1.159195
1788147000,1.15919,1.159195,1.159125,1.15914
1788147300,1.15914,1.159155,1.15893,1.158935
1788147600,1.15894,1.159125,1.15894,1.159075
1788147900,1.15907,1.159085,1.15898,1.15904
1788148200,1.15904,1.15908,1.158995,1.159
1788148500,1.159005,1.15917,1.15899,1.15913
1788148800,1.159135,1.159255,1.159135,1.159245
1788149100,1.15924,1.15928,1.159155,1.159255
1788149400,1.15925,1.15928,1.15922,1.159245
1788149700,1.15925,1.159265,1.15914,1.159155
1788150000,1.159155,1.159165,1.15898,1.158985
1788150300,1.158985,1.159035,1.15887,1.15889
1788150600,1.15889,1.159015,1.15887,1.158995
1788150900,1.159,1.159035,1.15896,1.158975
1788151200,1.15897,1.15909,1.158865,1.159085
1788151500,1.159085,1.15914,1.159025,1.15911
1788151800,1.15911,1.159125,1.159025,1.159115
1788152100,1.15912,1.15913,1.159005,1.159095
1788152400,1.1591,1.15912,1.158945,1.15895
1788152700,1.15895,1.15895,1.15886,1.15893
1788153000,1.158925,1.159085,1.158915,1.15905
1788153300,1.15905,1.1591,1.158985,1.159005
1788153600,1.159005,1.159025,1.15886,1.15893
1788153900,1.158925,1.159135,1.15891,1.15912
1788154200,1.159125,1.159135,1.158785,1.158875
1788154500,1.15888,1.158895,1.158765,1.158795
1788154800,1.1588,1.159025,1.15874,1.158925
1788155100,1.15893,1.159045,1.15881,1.15882
1788155400,1.158825,1.158895,1.158735,1.158785
1788155700,1.15879,1.15906,1.15877,1.15904
1788156000,1.159045,1.15906,1.15871,1.1588
1788156300,1.1588,1.158825,1.1587,1.15873
1788156600,1.158735,1.158915,1.15869,1.15889
1788156900,1.158875,1.15902,1.15886,1.158985
1788157200,1.158985,1.15913,1.15883,1.15884
1788157500,1.158845,1.1589,1.158685,1.15875
1788157800,1.158745,1.15884,1.15869,1.158785
1788158100,1.15878,1.15905,1.158755,1.15902
1788158400,1.15903,1.159135,1.158825,1.15884
1788158700,1.158835,1.158915,1.158775,1.15879
1788159000,1.158795,1.1588,1.15868,1.15872
1788159300,1.158715,1.158935,1.158475,1.158895
1788159600,1.158895,1.15897,1.158675,1.15883
1788159900,1.158825,1.158845,1.158475,1.15864
1788160200,1.158645,1.158915,1.15864,1.158855
1788160500,1.15886,1.15901,1.158575,1.158995
1788160800,1.15899,1.15961,1.158965,1.159555
1788161100,1.159555,1.15964,1.159275,1.1594
1788161400,1.159405,1.15971,1.159375,1.159655
1788161700,1.15965,1.15976,1.159565,1.159625
1788162000,1.15962,1.15996,1.159535,1.15991
1788162300,1.159905,1.16014,1.15989,1.160115
1788162600,1.16011,1.160185,1.16001,1.16009
1788162900,1.160095,1.160335,1.16008,1.160265
1788163200,1.16026,1.1606,1.16016,1.16039
1788163500,1.160385,1.16048,1.160005,1.16002
1788163800,1.160015,1.16004,1.159765,1.15982
1788164100,1.159815,1.15992,1.15971,1.15982
1788164400,1.15982,1.159875,1.15966,1.15967
1788164700,1.159675,1.15985,1.159635,1.159815
1788165000,1.15982,1.159935,1.15974,1.159855
1788165300,1.159855,1.159935,1.15975,1.15987
1788165600,1.159865,1.15988,1.15967,1.15974
1788165900,1.159735,1.159905,1.159665,1.159695
1788166200,1.159705,1.15975,1.15948,1.159525
1788166500,1.15952,1.15959,1.15931,1.15942
1788166800,1.159415,1.159885,1.159415,1.159885
1788167100,1.15988,1.159935,1.15972,1.159815
1788167400,1.15981,1.160025,1.15978,1.159995
1788167700,1.15999,1.16011,1.159945,1.15995
1788168000,1.15996,1.160045,1.15985,1.159855
1788168300,1.15986,1.159885,1.159715,1.159825
1788168600,1.15983,1.15992,1.159615,1.15962
1788168900,1.159625,1.15968,1.159555,1.15956
1788169200,1.159555,1.159815,1.159515,1.15972
1788169500,1.159715,1.159825,1.15966,1.15979
1788169800,1.159785,1.16,1.15969,1.159935
1788170100,1.15994,1.159995,1.15987,1.15992
1788170400,1.159925,1.160135,1.15986,1.16008
1788170700,1.16009,1.1602,1.160005,1.16007
1788171000,1.160065,1.16022,1.160015,1.160115
1788171300,1.16012,1.16014,1.159885,1.159995
1788171600,1.160005,1.16007,1.15992,1.15998
1788171900,1.159975,1.16021,1.15994,1.16018
1788172200,1.160185,1.160205,1.15996,1.15996
1788172500,1.15996,1.160015,1.159825,1.159875
1788172800,1.15988,1.159935,1.15973,1.15973
1788173100,1.159725,1.159745,1.15966,1.15972
1788173400,1.159715,1.16003,1.15971,1.15977
1788173700,1.159775,1.159895,1.159715,1.15972
1788174000,1.159715,1.15989,1.1596,1.159695
1788174300,1.1597,1.159845,1.159575,1.15978
1788174600,1.159775,1.159985,1.159695,1.15988
1788174900,1.15989,1.160085,1.159865,1.16007
1788175200,1.160065,1.160295,1.160055,1.160135
1788175500,1.160135,1.16029,1.160095,1.16022
1788175800,1.160225,1.16028,1.15999,1.16001
1788176100,1.16001,1.160075,1.159925,1.15995
1788176400,1.159955,1.16023,1.159955,1.16001
1788176700,1.16001,1.160035,1.15974,1.159775
1788177000,1.159775,1.159995,1.159725,1.15982
1788177300,1.159825,1.15993,1.15958,1.159645
1788177600,1.15965,1.159775,1.15956,1.159665
1788177900,1.15967,1.159845,1.15933,1.159625
1788178200,1.15963,1.159845,1.15956,1.159835
1788178500,1.15983,1.159955,1.159695,1.159895
1788178800,1.15989,1.160015,1.159625,1.159765
1788179100,1.159765,1.159885,1.159425,1.15967
1788179400,1.15967,1.15969,1.1594,1.15951
1788179700,1.15951,1.15953,1.159165,1.15934
1788180000,1.159345,1.159645,1.15927,1.15938
1788180300,1.159375,1.15945,1.15925,1.159295
1788180600,1.15929,1.159405,1.15926,1.159375
1788180900,1.15938,1.159655,1.15938,1.159535
1788181200,1.15954,1.159585,1.15937,1.15954
1788181500,1.159535,1.159815,1.159465,1.159795
1788181800,1.15979,1.1598,1.159595,1.159645
1788182100,1.15964,1.15983,1.159585,1.15978
1788182400,1.159785,1.159885,1.15958,1.15986
1788182700,1.15986,1.160105,1.159775,1.159985
1788183000,1.15999,1.16008,1.159805,1.159915
1788183300,1.15992,1.160115,1.15979,1.15998
1788183600,1.159985,1.16009,1.15953,1.159595
1788183900,1.1596,1.15974,1.159465,1.159585
1788184200,1.15959,1.159695,1.159475,1.159585
1788184500,1.15959,1.159985,1.159475,1.159975
1788184800,1.15998,1.15999,1.15952,1.159985
1788185100,1.15999,1.16009,1.159825,1.16006
1788185400,1.160055,1.160255,1.160015,1.16012
1788185700,1.16012,1.160385,1.15999,1.16034
1788186000,1.16033,1.16044,1.16026,1.160405
1788186300,1.16041,1.16055,1.160255,1.16027
1788186600,1.160275,1.160635,1.160155,1.160225
1788186900,1.160225,1.16074,1.160205,1.16058
1788187200,1.16058,1.16065,1.16038,1.160625
1788187500,1.16063,1.16123,1.1606,1.160625
1788187800,1.160625,1.161445,1.1606,1.161285
1788188100,1.16128,1.16182,1.16119,1.161415
1788188400,1.16141,1.16164,1.16127,1.161275
1788188700,1.16128,1.161725,1.16126,1.16164
1788189000,1.16164,1.161685,1.16128,1.161485
1788189300,1.16149,1.161505,1.161225,1.16126
1788189600,1.16127,1.161455,1.161245,1.161445
1788189900,1.16145,1.16167,1.161415,1.16166
1788190200,1.161655,1.162,1.16165,1.161785
1788190500,1.16178,1.161955,1.16175,1.16194
1788190800,1.16194,1.161975,1.16176,1.161765
1788191100,1.161765,1.16208,1.16176,1.161845
1788191400,1.16185,1.161955,1.16176,1.161815
1788191700,1.16181,1.161835,1.161565,1.16165
1788192000,1.161655,1.161785,1.161545,1.161625
1788192300,1.161625,1.161785,1.161575,1.161585
1788192600,1.161585,1.16174,1.161545,1.161605
1788192900,1.161605,1.161665,1.16152,1.161575
1788193200,1.16158,1.16179,1.16158,1.161725
1788193500,1.161725,1.161735,1.16161,1.161665
1788193800,1.16167,1.161695,1.16152,1.161635
1788194100,1.16163,1.161655,1.161455,1.161465
1788194400,1.161465,1.16163,1.161435,1.161465
1788194700,1.161455,1.161595,1.161385,1.16139
1788195000,1.161395,1.161695,1.161395,1.16158
1788195300,1.16159,1.161685,1.16144,1.161655
1788195600,1.16166,1.1617,1.161585,1.16163
1788195900,1.16163,1.16163,1.161475,1.161565
1788196200,1.16156,1.161745,1.161545,1.161695
1788196500,1.16169,1.16177,1.16163,1.161745
1788196800,1.16174,1.1618,1.1617,1.1617
1788197100,1.161705,1.16176,1.16154,1.161545
1788197400,1.16155,1.1616,1.16147,1.16148
1788197700,1.161485,1.161545,1.161465,1.161475
1788198000,1.161475,1.161655,1.161465,1.16161
1788198300,1.16161,1.16175,1.161575,1.161745
1788198600,1.16174,1.161745,1.161565,1.161615
1788198900,1.16162,1.161685,1.16153,1.161545
1788199200,1.16155,1.16163,1.161455,1.1616
1788199500,1.1616,1.16169,1.161565,1.16163
1788199800,1.16163,1.16175,1.161615,1.161745
1788200100,1.16174,1.16175,1.161635,1.161685
1788200400,1.161695,1.16174,1.16162,1.161685
1788200700,1.161685,1.161695,1.161565,1.161585
1788201000,1.16159,1.16159,1.161475,1.16158
1788201300,1.161575,1.16165,1.16151,1.16152
1788201600,1.161525,1.161625,1.161455,1.16151
1788201900,1.16151,1.161645,1.161495,1.16163
1788202200,1.161625,1.161765,1.161625,1.161715
1788202500,1.16171,1.16176,1.16155,1.16156
1788202800,1.161555,1.16168,1.16149,1.161655
1788203100,1.16165,1.16172,1.16162,1.161695
1788203400,1.1617,1.161735,1.16163,1.16163
1788203700,1.161625,1.161685,1.16159,1.161635
1788204000,1.161635,1.16174,1.16162,1.161735
1788204300,1.161735,1.161785,1.161625,1.161675
1788204600,1.16167,1.16177,1.16167,1.16169
1788204900,1.16169,1.16174,1.161545,1.16156
1788205200,1.161555,1.161555,1.16146,1.161525
1788205500,1.16152,1.16165,1.161485,1.16162
1788205800,1.161625,1.16183,1.16162,1.16183
1788206100,1.161835,1.16184,1.161505,1.16164
1788206400,1.161645,1.161785,1.16162,1.161745
1788206700,1.161745,1.161785,1.161635,1.16168
1788207000,1.16168,1.16173,1.161535,1.161535
1788207300,1.16153,1.16154,1.161465,1.16147
1788207600,1.161475,1.161485,1.161435,1.161445
1788207900,1.161445,1.16151,1.161435,1.161475
1788208200,1.161475,1.161495,1.161445,1.161455
1788208500,1.16145,1.16152,1.16144,1.161495
1788208800,1.1615,1.16163,1.161495,1.161575
1788209100,1.161585,1.16175,1.161585,1.161725
1788209400,1.16173,1.16173,1.161655,1.161665
1788209700,1.16167,1.16175,1.161655,1.161725
1788210000,1.161725,1.161765,1.161715,1.16173
1788210300,1.16177,1.161775,1.161715,1.16177
1788210600,1.16175,1.161765,1.16171,1.16173
1788210900,1.161725,1.161755,1.161655,1.161675
1788211200,1.161675,1.16171,1.161675,1.161705
1788211500,1.161705,1.161765,1.1617,1.161745
1788211800,1.16174,1.161815,1.16174,1.161785
1788212100,1.161785,1.16181,1.16176,1.161795
1788212400,1.16179,1.161815,1.161775,1.161805
1788212700,1.161805,1.16184,1.1618,1.161835
1788213000,1.161835,1.16187,1.161835,1.161845
1788213300,1.16183,1.16188,1.16182,1.16186
1788213600,1.161865,1.161915,1.161715,1.16179
1788213900,1.161785,1.161815,1.16176,1.161815
1788214200,1.16181,1.161815,1.161705,1.161725
1788214500,1.16172,1.161725,1.161665,1.161705
1788214800,1.16171,1.16176,1.161665,1.161675
1788215100,1.161675,1.161705,1.16166,1.161675
1788215400,1.161675,1.161715,1.161665,1.161675
1788215700,1.161675,1.1617,1.161615,1.16162
1788216000,1.16162,1.161625,1.161515,1.161515
1788216300,1.161515,1.161565,1.161435,1.161475
1788216600,1.161475,1.161495,1.161445,1.161455
1788216900,1.161455,1.1615,1.16144,1.16149
1788217200,1.161495,1.1615,1.16126,1.161275
1788217500,1.16127,1.161385,1.16127,1.161375
1788217800,1.161375,1.1614,1.16136,1.161365
1788218100,1.16136,1.16149,1.161315,1.161485
1788218400,1.161485,1.16149,1.16138,1.1614
1788218700,1.1614,1.16154,1.16139,1.16154
1788219000,1.16154,1.16164,1.16153,1.16158
1788219300,1.16158,1.16162,1.16152,1.16152
1788219600,1.16152,1.161755,1.161515,1.161695
1788219900,1.16169,1.16174,1.161665,1.161665
1788220200,1.161665,1.16179,1.161665,1.161775
1788220500,1.16177,1.161825,1.161675,1.161825
1788220800,1.16182,1.161825,1.16158,1.16168
1788221100,1.161675,1.16219,1.161675,1.162185
1788221400,1.162185,1.162245,1.16198,1.16202
1788221700,1.162025,1.16222,1.16195,1.162215
1788222000,1.162215,1.162395,1.162215,1.162285
1788222300,1.16228,1.16243,1.162255,1.16235
1788222600,1.162355,1.162455,1.162175,1.162425
1788222900,1.162425,1.16244,1.16219,1.16222
1788223200,1.16222,1.162365,1.162115,1.16215
1788223500,1.162155,1.162195,1.161915,1.162005
1788223800,1.162005,1.16219,1.16192,1.161945
1788224100,1.16195,1.161985,1.16176,1.161825
1788224400,1.161825,1.16189,1.16172,1.16175
1788224700,1.16175,1.16175,1.16147,1.161505
1788225000,1.1615,1.16151,1.161345,1.16141
1788225300,1.161415,1.16157,1.161285,1.161295
1788225600,1.16129,1.161345,1.1611,1.161105
1788225900,1.16111,1.16119,1.16107,1.161115
1788226200,1.161115,1.161185,1.161,1.161075
1788226500,1.161075,1.161195,1.161035,1.161055
1788226800,1.161085,1.16131,1.161015,1.161305
1788227100,1.1613,1.16132,1.161045,1.161065
1788227400,1.161065,1.16109,1.160765,1.160795
1788227700,1.16079,1.161045,1.16074,1.161005
1788228000,1.161,1.161025,1.160785,1.16082
1788228300,1.160825,1.160895,1.160615,1.16069
1788228600,1.160685,1.160845,1.160665,1.16079
1788228900,1.16079,1.160915,1.16078,1.160885
1788229200,1.16089,1.161075,1.160885,1.161025
1788229500,1.16103,1.16104,1.16097,1.16102
1788229800,1.161015,1.161015,1.160775,1.160785
1788230100,1.160785,1.16083,1.160695,1.160745
1788230400,1.160745,1.16092,1.16074,1.160795
1788230700,1.160785,1.160825,1.16073,1.160825
1788231000,1.160825,1.160965,1.160785,1.160925
1788231300,1.16092,1.161015,1.16092,1.160995
1788231600,1.160995,1.160995,1.160655,1.160715
1788231900,1.160715,1.160975,1.160715,1.16088
1788232200,1.160875,1.160945,1.160805,1.160925
1788232500,1.160925,1.160995,1.160875,1.160875
1788232800,1.16088,1.16088,1.16058,1.16061
1788233100,1.160615,1.16078,1.160605,1.16071
1788233400,1.160715,1.16079,1.1607,1.160765
1788233700,1.16076,1.16079,1.16062,1.16063
1788234000,1.16063,1.16075,1.16063,1.16069
1788234300,1.16069,1.16075,1.160665,1.160735
1788234600,1.160735,1.160745,1.160645,1.160695
1788234900,1.16069,1.160695,1.160565,1.160565
1788235200,1.160565,1.160675,1.160555,1.160675
1788235500,1.160675,1.1607,1.160495,1.160515
1788235800,1.16052,1.160565,1.160465,1.16052
1788236100,1.16052,1.160535,1.16042,1.16046
1788236400,1.160465,1.16052,1.160465,1.16051
1788236700,1.16051,1.16051,1.160345,1.160355
1788237000,1.160355,1.1604,1.16029,1.160375
1788237300,1.160375,1.160395,1.16029,1.16032
1788237600,1.160315,1.160475,1.16031,1.160465
1788237900,1.160465,1.16051,1.160375,1.1604
1788238200,1.1604,1.160575,1.16039,1.16053
1788238500,1.160525,1.160585,1.160405,1.16058
1788238800,1.160575,1.16093,1.16057,1.16092
1788239100,1.160915,1.160945,1.160765,1.160775
1788239400,1.160775,1.160855,1.160735,1.160825
1788239700,1.160825,1.160825,1.160625,1.16063
1788240000,1.16063,1.16071,1.160615,1.160695
1788240300,1.1607,1.160795,1.160685,1.160795
1788240600,1.16079,1.16083,1.160715,1.16078
1788240900,1.16078,1.160985,1.160755,1.160885
1788241200,1.16089,1.16095,1.16081,1.16085
1788241500,1.160855,1.161,1.160825,1.16096
1788241800,1.160955,1.16099,1.160765,1.160985
1788242100,1.16099,1.161015,1.1608,1.160845
1788242400,1.16084,1.160875,1.16063,1.160745
1788242700,1.16075,1.16086,1.16067,1.16077
1788243000,1.16077,1.160785,1.16059,1.160675
1788243300,1.16067,1.160825,1.16057,1.160595
1788243600,1.1606,1.16061,1.16044,1.16048
1788243900,1.160475,1.160505,1.160165,1.1602
1788244200,1.160205,1.16033,1.160085,1.16011
1788244500,1.16012,1.16024,1.16003,1.160215
1788244800,1.16022,1.16034,1.160185,1.160285
1788245100,1.16029,1.160345,1.16013,1.160255
1788245400,1.16025,1.160295,1.160165,1.16028
1788245700,1.160275,1.160505,1.160275,1.160505
1788246000,1.16049,1.1607,1.16042,1.16043
1788246300,1.16043,1.16048,1.1602,1.16036
1788246600,1.160355,1.160405,1.16015,1.160345
1788246900,1.16034,1.16034,1.160115,1.16014
1788247200,1.16013,1.160135,1.1598,1.15983
1788247500,1.159825,1.15998,1.159775,1.15979
1788247800,1.159795,1.15983,1.15962,1.15968
1788248100,1.159675,1.159715,1.15942,1.15944
1788248400,1.15944,1.159525,1.159215,1.159215
1788248700,1.15922,1.159505,1.1592,1.159475
1788249000,1.15947,1.1596,1.1594,1.159485
1788249300,1.15948,1.159595,1.15946,1.15954
1788249600,1.159535,1.15954,1.15915,1.1593
1788249900,1.1593,1.159765,1.15882,1.158865
1788250200,1.15887,1.159045,1.15884,1.1589
1788250500,1.158895,1.1592,1.1588,1.159185
1788250800,1.15919,1.15942,1.15912,1.159165
1788251100,1.15916,1.159295,1.15904,1.159195
1788251400,1.15919,1.159205,1.15896,1.15896
1788251700,1.15896,1.159305,1.158885,1.159285
1788252000,1.15928,1.15945,1.1591,1.159325
1788252300,1.15932,1.159455,1.15918,1.159415
1788252600,1.15942,1.159425,1.15921,1.159295
1788252900,1.15929,1.159465,1.15916,1.159415
1788253200,1.15942,1.159465,1.15926,1.15943
1788253500,1.15944,1.159805,1.15943,1.159645
1788253800,1.15965,1.15973,1.15959,1.159665
1788254100,1.15967,1.159795,1.159565,1.15967
1788254400,1.159675,1.15971,1.159505,1.15965
1788254700,1.159655,1.15975,1.159585,1.159625
1788255000,1.15962,1.15974,1.1596,1.15972
1788255300,1.15972,1.15984,1.15966,1.15983
1788255600,1.15983,1.16004,1.15979,1.15985
1788255900,1.159845,1.160135,1.159775,1.159795
1788256200,1.159805,1.159825,1.159515,1.159515
1788256500,1.15952,1.159565,1.15931,1.15933
1788256800,1.159325,1.159465,1.15922,1.15929
1788257100,1.159295,1.15945,1.159205,1.159295
1788257400,1.1593,1.15947,1.159245,1.15926
1788257700,1.159265,1.159465,1.15923,1.15933
1788258000,1.159335,1.159555,1.15931,1.15951
1788258300,1.15951,1.15957,1.1593,1.159345
1788258600,1.15934,1.159375,1.159115,1.159205
1788258900,1.1592,1.15933,1.15911,1.15912
1788259200,1.15912,1.15913,1.15904,1.15906
1788259500,1.15906,1.1593,1.159005,1.159275
1788259800,1.15928,1.159335,1.15911,1.15914
1788260100,1.159135,1.159255,1.159055,1.159215
1788260400,1.15921,1.15923,1.15901,1.15902
1788260700,1.15902,1.15922,1.159005,1.159205
1788261000,1.1592,1.15931,1.159115,1.15918
1788261300,1.159175,1.159345,1.15911,1.159325
1788261600,1.15933,1.15962,1.15917,1.159385
1788261900,1.159375,1.159545,1.159235,1.15951
1788262200,1.159515,1.159595,1.159415,1.159425
1788262500,1.15942,1.159555,1.159385,1.15951
1788262800,1.159515,1.159515,1.15931,1.15944
1788263100,1.15944,1.15955,1.15941,1.159425
1788263400,1.15941,1.159535,1.159385,1.1594
1788263700,1.159395,1.159395,1.15916,1.15928
1788264000,1.159275,1.15932,1.15907,1.159115
1788264300,1.15911,1.159115,1.1589,1.15895
1788264600,1.15895,1.15911,1.158825,1.15911
1788264900,1.15911,1.1593,1.159055,1.159265
1788265200,1.15927,1.159315,1.159085,1.159315
1788265500,1.159315,1.159455,1.159215,1.159225
1788265800,1.15923,1.159345,1.159185,1.15919
1788266100,1.159185,1.159355,1.15908,1.159085
1788266400,1.15908,1.15918,1.15902,1.15917
1788266700,1.15917,1.159445,1.159155,1.15923
1788267000,1.159225,1.159355,1.159205,1.15927
1788267300,1.15927,1.15939,1.15922,1.15931
1788267600,1.159305,1.159335,1.15897,1.158975
1788267900,1.15897,1.15925,1.15892,1.159125
1788268200,1.159125,1.159145,1.159025,1.159095
1788268500,1.159085,1.159265,1.15908,1.159265
1788268800,1.15926,1.159275,1.15904,1.1591
1788269100,1.159095,1.15927,1.15905,1.159255
1788269400,1.15926,1.159685,1.15926,1.15968
1788269700,1.159685,1.159945,1.159635,1.159815
1788270000,1.15982,1.1602,1.15982,1.160145
1788270300,1.16015,1.16015,1.15977,1.159925
1788270600,1.15992,1.160065,1.15987,1.159975
1788270900,1.15998,1.160235,1.15982,1.160135
1788271200,1.16012,1.160495,1.159905,1.16012
1788271500,1.16013,1.160605,1.16013,1.16052
1788271800,1.160515,1.160825,1.160445,1.160725
1788272100,1.16073,1.160785,1.16031,1.16051
1788272400,1.160515,1.160705,1.160465,1.160655
1788272700,1.16065,1.16067,1.16011,1.16011
1788273000,1.160115,1.160325,1.16001,1.160235
1788273300,1.16023,1.160315,1.160085,1.160145
1788273600,1.160155,1.16021,1.15996,1.16002
1788273900,1.160025,1.1602,1.159855,1.159865
1788274200,1.15987,1.160035,1.159725,1.159765
1788274500,1.159765,1.15987,1.159445,1.15963
1788274800,1.159635,1.159875,1.159465,1.15964
1788275100,1.159645,1.15987,1.15957,1.159775
1788275400,1.15977,1.15984,1.159415,1.15949
1788275700,1.159495,1.159545,1.15939,1.159465
1788276000,1.15947,1.15951,1.15922,1.159225
1788276300,1.15922,1.15939,1.15906,1.15938
1788276600,1.159385,1.1594,1.159135,1.159245
1788276900,1.159245,1.15934,1.15914,1.1592
1788277200,1.159205,1.1594,1.159075,1.159185
1788277500,1.159185,1.159195,1.15906,1.159145
1788277800,1.159145,1.15921,1.159045,1.159125
1788278100,1.15912,1.159255,1.158905,1.15923
1788278400,1.159225,1.159325,1.159115,1.15922
1788278700,1.159215,1.159245,1.15906,1.15913
1788279000,1.159135,1.15923,1.159035,1.159045
1788279300,1.15904,1.159175,1.1587,1.15878
1788279600,1.158775,1.15894,1.15849,1.15877
1788279900,1.158775,1.15889,1.15868,1.158735
1788280200,1.15873,1.15884,1.15857,1.15869
1788280500,1.158695,1.15902,1.158535,1.15899
1788280800,1.158995,1.1591,1.158715,1.158765
1788281100,1.158765,1.1588,1.15861,1.15867
1788281400,1.158675,1.158775,1.15858,1.158615
1788281700,1.158615,1.15871,1.158545,1.158565
1788282000,1.15857,1.1588,1.158495,1.15876
1788282300,1.158755,1.159035,1.15867,1.158985
1788282600,1.158985,1.159,1.15876,1.15886
1788282900,1.15886,1.158895,1.15877,1.158885
1788283200,1.158885,1.15909,1.158875,1.15909
1788283500,1.15909,1.15935,1.15879,1.159345
1788283800,1.15935,1.15956,1.15886,1.15887
1788284100,1.15887,1.159125,1.15887,1.15893
1788284400,1.15893,1.158935,1.158735,1.158835
1788284700,1.158835,1.158865,1.15862,1.158705
1788285000,1.158705,1.158785,1.15865,1.158755
1788285300,1.15876,1.1588,1.15864,1.158755
1788285600,1.15876,1.15899,1.15874,1.158935
1788285900,1.158935,1.15909,1.15892,1.15892
1788286200,1.158915,1.158915,1.15879,1.158815
1788286500,1.158815,1.158885,1.158715,1.158845
1788286800,1.158845,1.158965,1.15884,1.158875
1788287100,1.158875,1.158875,1.158745,1.158775
1788287400,1.15878,1.15881,1.1587,1.158775
1788287700,1.15878,1.1588,1.15853,1.158585
1788288000,1.158585,1.158685,1.158545,1.15866
1788288300,1.15866,1.15882,1.15866,1.15881
1788288600,1.158805,1.15895,1.15876,1.15887
1788288900,1.158865,1.159055,1.158765,1.15903
1788289200,1.159035,1.159145,1.15891,1.159145
1788289500,1.159145,1.15928,1.159095,1.159245
1788289800,1.159245,1.159295,1.159215,1.159245
1788290100,1.159245,1.159295,1.159205,1.159245
1788290400,1.159235,1.15924,1.15915,1.159165
1788290700,1.15916,1.15916,1.15904,1.159085
1788291000,1.159085,1.15922,1.15896,1.15898
1788291300,1.15898,1.15899,1.15888,1.15893
1788291600,1.15893,1.15898,1.15888,1.15888
1788291900,1.158885,1.158935,1.15881,1.158835
1788292200,1.158835,1.159005,1.158835,1.15891
1788292500,1.158905,1.15901,1.158905,1.15898
1788292800,1.158985,1.158985,1.158815,1.15888
1788293100,1.158885,1.15895,1.15887,1.15887
1788293400,1.158865,1.158865,1.158755,1.15877
1788293700,1.15877,1.158875,1.158735,1.158875
1788294000,1.158875,1.159025,1.15887,1.159015
1788294300,1.159015,1.15904,1.158925,1.158985
1788294600,1.15899,1.159005,1.15896,1.15897
1788294900,1.158975,1.15903,1.15897,1.15899
1788295200,1.159,1.159235,1.15899,1.15914
1788295500,1.159145,1.159305,1.159115,1.159205
1788295800,1.15921,1.159225,1.15915,1.15918
1788296100,1.159185,1.15931,1.159185,1.159285
1788296400,1.159075,1.159255,1.158995,1.159045
1788296700,1.158995,1.15911,1.158995,1.15906
1788297000,1.15906,1.15912,1.159035,1.15912
1788297300,1.15911,1.15912,1.15897,1.15898
1788297600,1.15898,1.15903,1.15896,1.15898
1788297900,1.15898,1.159115,1.15892,1.159015
1788298200,1.15896,1.15915,1.15891,1.158995
1788298500,1.158995,1.15916,1.158925,1.15904
1788298800,1.15904,1.159095,1.15898,1.15906
1788299100,1.159075,1.15911,1.159055,1.159105
1788299400,1.159105,1.15926,1.159095,1.15912
1788299700,1.15912,1.15925,1.15911,1.1592
1788300000,1.159205,1.15939,1.159205,1.159365
1788300300,1.15936,1.15942,1.15935,1.159415
1788300600,1.15942,1.15961,1.159415,1.159545
1788300900,1.15954,1.15954,1.15946,1.15953
1788301200,1.15953,1.15963,1.15952,1.15952
1788301500,1.15952,1.15952,1.15937,1.159385
1788301800,1.159385,1.15942,1.15935,1.15936
1788302100,1.159365,1.15939,1.15935,1.15936
1788302400,1.15936,1.159365,1.15926,1.159265
1788302700,1.159265,1.15928,1.159265,1.159275
1788303000,1.159275,1.15933,1.159225,1.15926
1788303300,1.15926,1.159315,1.15926,1.159275
1788303600,1.15927,1.15929,1.15924,1.15927
1788303900,1.15927,1.15928,1.15922,1.15926
1788304200,1.15926,1.15933,1.15926,1.1593
1788304500,1.1593,1.15931,1.15927,1.15927
1788304800,1.15927,1.15928,1.15926,1.15926
1788305100,1.15926,1.15926,1.159215,1.15922
1788305400,1.15922,1.159225,1.159155,1.15921
1788305700,1.15921,1.159295,1.1592,1.15927
1788306000,1.15927,1.15929,1.15926,1.15927
1788306300,1.15927,1.15932,1.15924,1.159285
1788306600,1.15929,1.159325,1.15922,1.15923
1788306900,1.159225,1.15924,1.15905,1.15905
1788307200,1.15906,1.15919,1.158965,1.15914
1788307500,1.159135,1.15918,1.158705,1.158805
1788307800,1.158795,1.158885,1.1587,1.15885
1788308100,1.158855,1.158975,1.158855,1.15887
1788308400,1.158875,1.159155,1.158765,1.15895
1788308700,1.15896,1.158975,1.158615,1.15868
1788309000,1.15869,1.15872,1.158575,1.158655
1788309300,1.158655,1.15876,1.158635,1.158695
1788309600,1.1587,1.158885,1.158615,1.15883
1788309900,1.15883,1.158835,1.158515,1.15852
1788310200,1.158515,1.158595,1.15844,1.15855
1788310500,1.158545,1.158615,1.15833,1.15833
1788310800,1.158325,1.15844,1.15826,1.15826
1788311100,1.158255,1.158285,1.158125,1.15814
1788311400,1.158145,1.158355,1.15814,1.158225
1788311700,1.15823,1.158405,1.1582,1.1583
1788312000,1.158305,1.158335,1.15822,1.158305
1788312300,1.15831,1.15833,1.15827,1.15827
1788312600,1.158265,1.15832,1.15804,1.158075
1788312900,1.158075,1.158075,1.1577,1.157785
1788313200,1.15779,1.15788,1.157765,1.1578
1788313500,1.1578,1.157845,1.15772,1.15783
1788313800,1.157835,1.157835,1.15771,1.15779
1788314100,1.15779,1.157925,1.157735,1.157905
1788314400,1.15791,1.157925,1.157625,1.15773
1788314700,1.157725,1.15774,1.157625,1.157715
1788315000,1.15771,1.15803,1.15771,1.158025
1788315300,1.15802,1.15813,1.158015,1.15805
1788315600,1.15805,1.158155,1.15777,1.157835
1788315900,1.15783,1.158055,1.157795,1.158025
1788316200,1.15803,1.158145,1.157915,1.158115
1788316500,1.15811,1.15817,1.158,1.158165
1788316800,1.158165,1.158315,1.15815,1.158175
1788317100,1.158175,1.1582,1.15811,1.15818
1788317400,1.15818,1.15819,1.158055,1.158125
1788317700,1.158125,1.158185,1.158105,1.15818
1788318000,1.158185,1.15827,1.158145,1.158175
1788318300,1.158175,1.158235,1.15807,1.158205
1788318600,1.1582,1.158205,1.15802,1.15804
1788318900,1.15804,1.158095,1.15801,1.15804
1788319200,1.15804,1.158085,1.1579,1.15798
1788319500,1.157975,1.15804,1.15786,1.15786
1788319800,1.157865,1.157935,1.15786,1.157875
1788320100,1.15786,1.15794,1.15781,1.15794
1788320400,1.15794,1.15794,1.15779,1.15783
1788320700,1.157835,1.157985,1.157825,1.157925
1788321000,1.15793,1.157935,1.157835,1.157885
1788321300,1.15789,1.158,1.15784,1.157995
1788321600,1.15799,1.158,1.157755,1.157785
1788321900,1.15779,1.15785,1.15766,1.157665
1788322200,1.15767,1.157725,1.15761,1.157675
1788322500,1.157675,1.157745,1.157495,1.157525
1788322800,1.157525,1.1576,1.15742,1.15759
1788323100,1.157595,1.157645,1.15757,1.15763
1788323400,1.157625,1.15772,1.15754,1.157585
1788323700,1.157585,1.15767,1.157585,1.15762
1788324000,1.157625,1.15768,1.157605,1.15764
1788324300,1.157645,1.15783,1.15752,1.15752
1788324600,1.15752,1.157685,1.15752,1.15767
1788324900,1.157665,1.15768,1.157565,1.15759
1788325200,1.15759,1.15764,1.15747,1.15749
1788325500,1.15749,1.157555,1.157365,1.1575
1788325800,1.157505,1.15771,1.157455,1.15768
1788326100,1.157675,1.157895,1.15767,1.15778
1788326400,1.157775,1.15784,1.15772,1.157815
1788326700,1.15782,1.157975,1.157725,1.157965
1788327000,1.15797,1.1581,1.157945,1.158075
1788327300,1.158075,1.158105,1.15791,1.15792
1788327600,1.157915,1.15799,1.15783,1.15797
1788327900,1.15797,1.1581,1.15797,1.158045
1788328200,1.15805,1.158125,1.15796,1.158115
1788328500,1.15811,1.1582,1.15798,1.158005
1788328800,1.158015,1.15831,1.157945,1.15809
1788329100,1.158085,1.15827,1.158015,1.15827
1788329400,1.158275,1.15851,1.158225,1.15825
1788329700,1.158245,1.158255,1.15771,1.157815
1788330000,1.15783,1.158135,1.15775,1.158105
1788330300,1.15811,1.15816,1.15774,1.15776
1788330600,1.15775,1.157855,1.157655,1.15773
1788330900,1.157735,1.15778,1.157455,1.157525
1788331200,1.15753,1.1578,1.15747,1.157755
1788331500,1.15776,1.15778,1.157305,1.15732
1788331800,1.15732,1.15737,1.157,1.15705
1788332100,1.157045,1.15711,1.15674,1.156785
1788332400,1.15678,1.157065,1.15673,1.156775
1788332700,1.15677,1.157035,1.156635,1.15701
1788333000,1.157005,1.15738,1.157005,1.157325
1788333300,1.15732,1.15744,1.15723,1.15743
1788333600,1.157425,1.157435,1.15715,1.157275
1788333900,1.15727,1.157445,1.157125,1.157355
1788334200,1.15735,1.1577,1.1573,1.157615
1788334500,1.15762,1.157855,1.15762,1.157685
1788334800,1.157675,1.157715,1.15756,1.15762
1788335100,1.157625,1.1578,1.157595,1.157715
1788335400,1.157715,1.157765,1.15758,1.157725
1788335700,1.15772,1.157905,1.15763,1.157795
1788336000,1.157795,1.158105,1.157745,1.158025
1788336300,1.15802,1.158035,1.157885,1.157965
1788336600,1.15796,1.158035,1.15779,1.15787
1788336900,1.15787,1.15803,1.157805,1.15792
1788337200,1.15792,1.158095,1.15788,1.15799
1788337500,1.15798,1.15802,1.15784,1.15793
1788337800,1.157935,1.15803,1.15788,1.157925
1788338100,1.15792,1.158195,1.157895,1.15817
1788338400,1.158165,1.158225,1.15802,1.158065
1788338700,1.158065,1.15813,1.15786,1.15797
1788339000,1.157975,1.157995,1.15768,1.15773
1788339300,1.157735,1.15783,1.157265,1.15734
1788339600,1.157335,1.157595,1.15722,1.15757
1788339900,1.157575,1.157795,1.157475,1.15762
1788340200,1.157615,1.15762,1.157435,1.15746
1788340500,1.157455,1.15762,1.1574,1.15755
1788340800,1.157545,1.15757,1.15742,1.15742
1788341100,1.15742,1.15764,1.157365,1.157575
1788341400,1.15758,1.15765,1.157475,1.157485
1788341700,1.15748,1.15764,1.15741,1.15747
1788342000,1.157475,1.157495,1.157305,1.1574
1788342300,1.157395,1.157435,1.15729,1.157295
1788342600,1.157305,1.157405,1.157095,1.15715
1788342900,1.15716,1.15728,1.157075,1.15715
1788343200,1.157145,1.15726,1.15694,1.15695
1788343500,1.156945,1.157235,1.15693,1.157215
1788343800,1.15721,1.157265,1.15707,1.15725
1788344100,1.157245,1.157285,1.157005,1.157015
1788344400,1.15702,1.157095,1.15691,1.157005
1788344700,1.157005,1.15727,1.156865,1.156945
1788345000,1.156955,1.156965,1.1567,1.15687
1788345300,1.156865,1.156935,1.156765,1.15688
1788345600,1.156885,1.15692,1.156775,1.156815
1788345900,1.15681,1.15691,1.156735,1.156805
1788346200,1.15681,1.15692,1.1567,1.15692
1788346500,1.156915,1.157275,1.15682,1.15725
1788346800,1.157255,1.15728,1.15711,1.157255
1788347100,1.157255,1.15751,1.157125,1.157375
1788347400,1.15737,1.157675,1.15717,1.157585
1788347700,1.15758,1.157655,1.15742,1.157585
1788348000,1.15759,1.157835,1.15752,1.157635
1788348300,1.15764,1.157655,1.157405,1.15741
1788348600,1.15741,1.15762,1.15729,1.157615
1788348900,1.157615,1.157925,1.15747,1.157835
1788349200,1.15782,1.15783,1.157485,1.1575
1788349500,1.1575,1.15779,1.1574,1.15756
1788349800,1.157565,1.157855,1.157455,1.157805
1788350100,1.1578,1.157815,1.157565,1.15773
1788350400,1.157725,1.15792,1.15767,1.157905
1788350700,1.15791,1.15815,1.157655,1.15783
1788351000,1.157835,1.157915,1.157755,1.15787
1788351300,1.157865,1.157975,1.157715,1.157735
1788351600,1.15774,1.15857,1.15768,1.15821
1788351900,1.158205,1.158475,1.15808,1.158235
1788352200,1.15823,1.15824,1.157955,1.157975
1788352500,1.15797,1.157985,1.15773,1.15783
1788352800,1.157825,1.15791,1.15757,1.157655
1788353100,1.157655,1.158295,1.157605,1.158015
1788353400,1.15801,1.15807,1.157825,1.1579
1788353700,1.157905,1.158,1.15776,1.15783
1788354000,1.157835,1.158125,1.157835,1.157985
1788354300,1.15798,1.158165,1.157935,1.158115
1788354600,1.158115,1.158125,1.15781,1.15787
1788354900,1.157875,1.158275,1.157795,1.15822
1788355200,1.158225,1.159065,1.1582,1.15903
1788355500,1.159025,1.16093,1.15899,1.15955
1788355800,1.159545,1.15975,1.159035,1.15907
1788356100,1.159075,1.15924,1.15885,1.158915
1788356400,1.15891,1.15976,1.158845,1.15973
1788356700,1.159725,1.15973,1.15921,1.15931
1788357000,1.159305,1.160045,1.159215,1.160005
1788357300,1.16001,1.1605,1.15991,1.16043
1788357600,1.160425,1.16043,1.15964,1.16017
1788357900,1.16018,1.1602,1.159495,1.15951
1788358200,1.159515,1.15985,1.15933,1.15941
1788358500,1.159415,1.15958,1.159095,1.159215
1788358800,1.15922,1.159295,1.158865,1.15904
1788359100,1.159045,1.15943,1.159045,1.159145
1788359400,1.15915,1.15933,1.15895,1.15917
1788359700,1.159165,1.159285,1.15906,1.159145
1788360000,1.15914,1.159445,1.158915,1.15907
1788360300,1.159075,1.15923,1.158915,1.15914
1788360600,1.159135,1.15953,1.15888,1.15914
1788360900,1.159145,1.159475,1.159125,1.15934
1788361200,1.159335,1.15971,1.15922,1.159365
1788361500,1.15937,1.159585,1.15931,1.15942
1788361800,1.159415,1.159445,1.159175,1.159265
1788362100,1.15926,1.159375,1.15915,1.159265
1788362400,1.15927,1.15928,1.15889,1.159165
1788362700,1.159155,1.159495,1.159155,1.159465
1788363000,1.15947,1.15964,1.15927,1.15927
1788363300,1.159265,1.159455,1.15917,1.159415
1788363600,1.15941,1.15949,1.159045,1.159045
1788363900,1.15904,1.159295,1.15895,1.159115
1788364200,1.15912,1.159175,1.15897,1.159
1788364500,1.159005,1.15931,1.15895,1.1592
1788364800,1.159205,1.159335,1.159125,1.15915
1788365100,1.159155,1.15927,1.15909,1.15913
1788365400,1.15913,1.159355,1.159105,1.159355
1788365700,1.15935,1.159355,1.159195,1.15931
1788366000,1.159305,1.159415,1.159055,1.15908
1788366300,1.15908,1.15916,1.158895,1.15892
1788366600,1.15891,1.15912,1.158885,1.15901
1788366900,1.15901,1.15913,1.159,1.15906
1788367200,1.159065,1.159075,1.15896,1.15901
1788367500,1.159015,1.15918,1.158915,1.158925
1788367800,1.158925,1.15914,1.15887,1.159105
1788368100,1.159095,1.159115,1.15872,1.15872
1788368400,1.158725,1.158915,1.1587,1.158765
1788368700,1.15876,1.15877,1.15859,1.158605
1788369000,1.158605,1.15867,1.158545,1.15861
1788369300,1.15861,1.15865,1.15834,1.158375
1788369600,1.158385,1.1585,1.158365,1.158465
1788369900,1.158465,1.158685,1.15845,1.158665
1788370200,1.15866,1.158665,1.15846,1.15862
1788370500,1.15862,1.15863,1.1585,1.15852
1788370800,1.15852,1.15885,1.1585,1.158675
1788371100,1.15868,1.158995,1.158625,1.15888
1788371400,1.158885,1.1589,1.158685,1.158695
1788371700,1.1587,1.158835,1.15865,1.15867
1788372000,1.158675,1.15877,1.158595,1.158735
1788372300,1.15873,1.15874,1.158605,1.15861
1788372600,1.15861,1.158675,1.158605,1.15866
1788372900,1.158655,1.158975,1.15844,1.158755
1788373200,1.158745,1.158885,1.158515,1.158535
1788373500,1.15853,1.15862,1.158515,1.15862
1788373800,1.158625,1.15871,1.158615,1.15866
1788374100,1.158665,1.158795,1.15866,1.158785
1788374400,1.158785,1.158795,1.15846,1.15846
1788374700,1.15846,1.15859,1.15846,1.158575
1788375000,1.158575,1.15867,1.158575,1.158625
1788375300,1.158625,1.15864,1.158475,1.15857
1788375600,1.158565,1.158625,1.1585,1.15856
1788375900,1.158555,1.158575,1.1584,1.158405
1788376200,1.158405,1.15842,1.158275,1.158275
1788376500,1.15827,1.15858,1.15827,1.15857
1788376800,1.15857,1.158645,1.158475,1.158515
1788377100,1.158515,1.158575,1.158435,1.158465
1788377400,1.158465,1.158545,1.158435,1.158525
1788377700,1.15853,1.158545,1.15845,1.158525
1788378000,1.15853,1.15856,1.15846,1.158535
1788378300,1.15853,1.15855,1.15834,1.15837
1788378600,1.158365,1.158465,1.15836,1.158455
1788378900,1.158465,1.15877,1.15845,1.15874
1788379200,1.158745,1.15901,1.15872,1.15889
1788379500,1.158885,1.159,1.15883,1.15889
1788379800,1.15889,1.15895,1.158855,1.158895
1788380100,1.15889,1.159,1.15883,1.158845
1788380400,1.158845,1.15894,1.15877,1.15893
1788380700,1.158925,1.15893,1.15877,1.15878
1788381000,1.158775,1.158875,1.158765,1.158875
1788381300,1.158875,1.158875,1.1588,1.15887
1788381600,1.158865,1.15894,1.158835,1.15891
1788381900,1.158915,1.15895,1.158885,1.15892
1788382200,1.15892,1.158925,1.158875,1.158875
1788382500,1.158865,1.15889,1.158725,1.15883
1788382800,1.158835,1.15888,1.158715,1.15888
1788383100,1.158835,1.158835,1.158745,1.15876
1788383400,1.15876,1.158805,1.15876,1.158765
1788383700,1.158765,1.1588,1.15876,1.15879
1788384000,1.15879,1.15883,1.158765,1.158795
1788384300,1.158795,1.158845,1.15876,1.15884
1788384600,1.15884,1.15888,1.158835,1.15885
1788384900,1.15885,1.15886,1.158795,1.158835
1788385200,1.158835,1.15886,1.158835,1.158845
1788385500,1.158845,1.158875,1.15878,1.15878
1788385800,1.15878,1.15883,1.158775,1.1588
1788386100,1.1588,1.15883,1.15878,1.15881
1788386400,1.15879,1.158955,1.158675,1.158675
1788386700,1.158665,1.1587,1.158645,1.158675
1788387000,1.158675,1.158715,1.15867,1.158695
1788387300,1.158695,1.158695,1.158565,1.15857
1788387600,1.158565,1.15869,1.15855,1.158655
1788387900,1.158655,1.158675,1.15863,1.15864
1788388200,1.158645,1.15868,1.158625,1.158675
1788388500,1.15868,1.158815,1.15868,1.15879
1788388800,1.158785,1.1588,1.15871,1.15871
1788389100,1.15871,1.15872,1.15864,1.15868
1788389400,1.158685,1.158795,1.15867,1.158705
1788389700,1.1587,1.158725,1.15869,1.15871
1788390000,1.158705,1.15874,1.158635,1.158685
1788390300,1.158685,1.158685,1.158575,1.15858
1788390600,1.158585,1.158595,1.158515,1.15855
1788390900,1.15855,1.15858,1.15852,1.158555
1788391200,1.158555,1.158615,1.158515,1.15861
1788391500,1.158615,1.15862,1.15854,1.15855
1788391800,1.158555,1.158555,1.158515,1.15853
1788392100,1.15853,1.15854,1.15844,1.15848
1788392400,1.15848,1.158555,1.158455,1.158515
1788392700,1.15852,1.158535,1.158465,1.15853
1788393000,1.15853,1.15854,1.15848,1.158485
1788393300,1.15848,1.15855,1.15848,1.158515
1788393600,1.15852,1.1587,1.15836,1.158655
1788393900,1.158655,1.15872,1.158485,1.158545
1788394200,1.15855,1.15867,1.158535,1.158545
1788394500,1.158545,1.158685,1.15854,1.15863
1788394800,1.158635,1.158805,1.15862,1.15879
1788395100,1.158785,1.159005,1.15878,1.158945
1788395400,1.15895,1.15897,1.15877,1.158895
1788395700,1.1589,1.158905,1.15876,1.158875
1788396000,1.15887,1.158905,1.1587,1.15876
1788396300,1.158755,1.159005,1.15869,1.15899
1788396600,1.158985,1.159095,1.158945,1.159
1788396900,1.15899,1.15902,1.158925,1.158955
1788397200,1.158955,1.159015,1.158905,1.15895
1788397500,1.158945,1.158985,1.158875,1.158975
1788397800,1.15898,1.159015,1.15893,1.158935
1788398100,1.15893,1.159055,1.158885,1.159
1788398400,1.159,1.15905,1.15875,1.158815
1788398700,1.15881,1.159165,1.158805,1.15915
1788399000,1.159145,1.15936,1.159105,1.15933
1788399300,1.15932,1.15934,1.15914,1.159215
1788399600,1.159215,1.159275,1.158995,1.159015
1788399900,1.15902,1.159075,1.15877,1.15886
1788400200,1.15886,1.15887,1.158685,1.15876
1788400500,1.15876,1.158775,1.158505,1.15862
1788400800,1.158625,1.158835,1.15857,1.158695
1788401100,1.158705,1.15874,1.158655,1.15867
1788401400,1.158675,1.158715,1.158525,1.158715
1788401700,1.158715,1.15879,1.15854,1.158635
1788402000,1.15863,1.15916,1.15863,1.159045
1788402300,1.15904,1.15907,1.15882,1.15898
1788402600,1.158985,1.1592,1.158925,1.159145
1788402900,1.15915,1.159495,1.15915,1.15946
1788403200,1.159455,1.159455,1.15907,1.159095
1788403500,1.15909,1.159235,1.15895,1.159195
1788403800,1.1592,1.15933,1.1591,1.15931
1788404100,1.15932,1.159355,1.15908,1.15911
1788404400,1.159115,1.15945,1.159095,1.159415
1788404700,1.15941,1.15959,1.15937,1.15958
1788405000,1.15958,1.159755,1.1595,1.159565
1788405300,1.159565,1.159595,1.159455,1.159515
1788405600,1.15951,1.15957,1.15945,1.15948
1788405900,1.15948,1.15962,1.159435,1.159555
1788406200,1.15956,1.15966,1.159445,1.15962
1788406500,1.15962,1.15965,1.159525,1.15965
1788406800,1.15965,1.159785,1.159625,1.15976
1788407100,1.159755,1.15976,1.1596,1.159675
1788407400,1.15968,1.159795,1.15965,1.159765
1788407700,1.15976,1.15976,1.159615,1.15966
1788408000,1.159655,1.15976,1.15958,1.159625
1788408300,1.159625,1.159635,1.15951,1.15962
1788408600,1.15962,1.15976,1.15961,1.159715
1788408900,1.15971,1.159725,1.159605,1.159625
1788409200,1.159625,1.159715,1.159625,1.159695
1788409500,1.159695,1.159755,1.159675,1.15975
1788409800,1.159745,1.159985,1.159705,1.15987
1788410100,1.15987,1.16,1.159815,1.159985
1788410400,1.159995,1.16003,1.1599,1.159965
1788410700,1.159965,1.15998,1.1598,1.15981
1788411000,1.159815,1.15984,1.15965,1.15966
1788411300,1.159655,1.15967,1.15945,1.15955
1788411600,1.159545,1.15962,1.15938,1.15945
1788411900,1.15945,1.15949,1.15935,1.15938
1788412200,1.15938,1.159505,1.15938,1.159445
1788412500,1.159445,1.15971,1.159435,1.159615
1788412800,1.15962,1.159795,1.159495,1.159775
1788413100,1.159775,1.159925,1.1597,1.159775
1788413400,1.15978,1.159805,1.159715,1.159765
1788413700,1.15976,1.159965,1.15976,1.159955
1788414000,1.159955,1.159985,1.159785,1.1598
1788414300,1.159805,1.15997,1.159765,1.15997
1788414600,1.159965,1.160055,1.15976,1.15983
1788414900,1.159835,1.160055,1.159835,1.16001
1788415200,1.160005,1.16003,1.15977,1.159895
1788415500,1.1599,1.16001,1.159795,1.15982
1788415800,1.159825,1.159835,1.15962,1.159755
1788416100,1.15976,1.15994,1.15969,1.159735
1788416400,1.15973,1.159805,1.15966,1.15969
1788416700,1.1597,1.160065,1.1597,1.16005
1788417000,1.16006,1.160785,1.16006,1.16062
1788417300,1.160615,1.160745,1.16043,1.16047
1788417600,1.160475,1.160775,1.160405,1.160695
1788417900,1.16069,1.16082,1.16061,1.16073
1788418200,1.16073,1.1608,1.16059,1.160675
1788418500,1.16067,1.160845,1.160445,1.160455
1788418800,1.16045,1.1614,1.160355,1.16131
1788419100,1.161315,1.16148,1.161165,1.16139
1788419400,1.161385,1.161405,1.16069,1.160695
1788419700,1.16069,1.160955,1.160605,1.160865
1788420000,1.16086,1.16104,1.16064,1.16087
1788420300,1.160865,1.160905,1.16047,1.160485
1788420600,1.16049,1.16063,1.16045,1.160545
1788420900,1.16055,1.160825,1.160195,1.1603
1788421200,1.160305,1.160425,1.160195,1.160255
1788421500,1.160255,1.160505,1.16019,1.16028
1788421800,1.160285,1.160525,1.160185,1.160475
1788422100,1.16047,1.16069,1.16032,1.1604
1788422400,1.160405,1.160635,1.16009,1.16039
1788422700,1.160395,1.160855,1.160365,1.160585
1788423000,1.16058,1.160585,1.159975,1.16012
1788423300,1.160115,1.16028,1.15998,1.16023
1788423600,1.160225,1.160385,1.160085,1.16022
1788423900,1.160215,1.160475,1.16021,1.16047
1788424200,1.160465,1.16048,1.16024,1.16031
1788424500,1.16031,1.160495,1.16021,1.16043
1788424800,1.16043,1.16067,1.160395,1.16066
1788425100,1.160665,1.160985,1.160655,1.16089
1788425400,1.16089,1.161145,1.160695,1.161115
1788425700,1.16111,1.16115,1.160815,1.160905
1788426000,1.1609,1.16124,1.16083,1.160885
1788426300,1.16088,1.160905,1.16055,1.16074
1788426600,1.16074,1.160825,1.16048,1.1605
1788426900,1.160495,1.16056,1.16038,1.160485
1788427200,1.16048,1.160675,1.16027,1.160375
1788427500,1.16037,1.160395,1.16021,1.160345
1788427800,1.16035,1.1604,1.160145,1.160205
1788428100,1.16021,1.16037,1.16014,1.16031
1788428400,1.160305,1.160505,1.16021,1.16044
1788428700,1.160435,1.16064,1.16042,1.160535
1788429000,1.160535,1.16062,1.16039,1.160505
1788429300,1.16051,1.160635,1.160345,1.160575
1788429600,1.16058,1.16071,1.16043,1.1606
1788429900,1.1606,1.16067,1.160305,1.160315
1788430200,1.16031,1.160405,1.16014,1.160155
1788430500,1.16015,1.16027,1.16005,1.160065
1788430800,1.16006,1.160235,1.159995,1.160155
1788431100,1.16016,1.1603,1.160045,1.16009
1788431400,1.160095,1.16015,1.15984,1.1599
1788431700,1.159895,1.160005,1.159805,1.159805
1788432000,1.159805,1.16002,1.15979,1.159875
1788432300,1.15987,1.16006,1.159845,1.160045
1788432600,1.16005,1.160255,1.15999,1.16024
1788432900,1.16025,1.160525,1.16025,1.160395
1788433200,1.1604,1.16045,1.1602,1.160325
1788433500,1.16033,1.160675,1.16019,1.160575
1788433800,1.16058,1.160805,1.160535,1.16076
1788434100,1.160755,1.16144,1.160745,1.16129
1788434400,1.161295,1.161325,1.16105,1.16106
1788434700,1.161055,1.161085,1.160845,1.161015
1788435000,1.16102,1.161075,1.160525,1.161005
1788435300,1.16101,1.16117,1.16089,1.16091
1788435600,1.160905,1.16102,1.16082,1.160905
1788435900,1.1609,1.161425,1.1608,1.16134
1788436200,1.16134,1.16145,1.161075,1.161165
1788436500,1.16116,1.161315,1.1611,1.161255
1788436800,1.16126,1.161565,1.161125,1.16144
1788437100,1.161435,1.1617,1.161395,1.161535
1788437400,1.16153,1.161535,1.16114,1.161335
1788437700,1.16134,1.161455,1.16128,1.16134
1788438000,1.161335,1.161355,1.1609,1.1611
1788438300,1.161095,1.161095,1.160835,1.161035
1788438600,1.161015,1.1625,1.16101,1.16206
1788438900,1.162055,1.16236,1.16157,1.16228
1788439200,1.162285,1.162295,1.16178,1.1619
1788439500,1.161905,1.16246,1.161765,1.16234
1788439800,1.162335,1.16303,1.1621,1.16286
1788440100,1.162855,1.162955,1.162425,1.16258
1788440400,1.162575,1.16288,1.1624,1.1626
1788440700,1.1626,1.162685,1.16225,1.16242
1788441000,1.162415,1.16272,1.16214,1.16265
1788441300,1.16266,1.16279,1.16201,1.162155
1788441600,1.16215,1.16237,1.16209,1.162215
1788441900,1.16221,1.16239,1.162095,1.16233
1788442200,1.162325,1.16236,1.162085,1.1622
1788442500,1.162205,1.162505,1.162135,1.162185
1788442800,1.16218,1.162365,1.16187,1.162315
1788443100,1.16232,1.16239,1.16174,1.161805
1788443400,1.16181,1.162205,1.161735,1.162145
1788443700,1.16215,1.162795,1.16212,1.1627
1788444000,1.16269,1.16269,1.16201,1.1622
1788444300,1.162195,1.162525,1.16202,1.16218
1788444600,1.162185,1.162765,1.16213,1.16247
1788444900,1.162455,1.162555,1.16233,1.162355
1788445200,1.16236,1.162495,1.16214,1.162355
1788445500,1.162345,1.162355,1.161995,1.16232
1788445800,1.16231,1.16241,1.161835,1.161855
1788446100,1.16185,1.16192,1.161555,1.161575
1788446400,1.16158,1.161635,1.161405,1.161405
1788446700,1.161405,1.161815,1.16133,1.161645
1788447000,1.16164,1.162045,1.161535,1.161905
1788447300,1.1619,1.162055,1.161535,1.16183
1788447600,1.161835,1.16228,1.161765,1.162165
1788447900,1.16216,1.16245,1.162105,1.162195
1788448200,1.1622,1.162435,1.162145,1.16235
1788448500,1.162345,1.162375,1.162125,1.162365
1788448800,1.16236,1.162475,1.162145,1.16227
1788449100,1.162275,1.16247,1.162235,1.162405
1788449400,1.16241,1.16275,1.16236,1.16249
1788449700,1.162485,1.16249,1.16194,1.16198
1788450000,1.16198,1.16211,1.161845,1.16198
1788450300,1.161985,1.162045,1.16183,1.16184
1788450600,1.161845,1.161905,1.16174,1.161795
1788450900,1.161805,1.162375,1.16177,1.1623
1788451200,1.162305,1.16252,1.16213,1.162315
1788451500,1.16232,1.16258,1.16228,1.16256
1788451800,1.162555,1.162755,1.162505,1.162725
1788452100,1.16273,1.163165,1.16273,1.163105
1788452400,1.16311,1.16333,1.163055,1.16331
1788452700,1.16332,1.16357,1.16325,1.163525
1788453000,1.16352,1.16368,1.163435,1.16354
1788453300,1.16353,1.16367,1.16339,1.16358
1788453600,1.163585,1.16375,1.163495,1.163715
1788453900,1.163715,1.163855,1.16369,1.16385
1788454200,1.16385,1.16413,1.163805,1.163815
1788454500,1.16381,1.16407,1.16367,1.16368
1788454800,1.163685,1.16388,1.163575,1.16359
1788455100,1.1636,1.163805,1.163535,1.16355
1788455400,1.163555,1.16369,1.16355,1.163655
1788455700,1.16365,1.1638,1.16359,1.163645
1788456000,1.16365,1.163825,1.16364,1.163765
1788456300,1.16376,1.16376,1.16354,1.1637
1788456600,1.163695,1.16378,1.163625,1.16374
1788456900,1.16374,1.16381,1.163645,1.163655
1788457200,1.16366,1.16372,1.16361,1.163665
1788457500,1.16366,1.163715,1.1636,1.163635
1788457800,1.16363,1.163635,1.16348,1.16353
1788458100,1.163535,1.16354,1.16327,1.163285
1788458400,1.16329,1.163445,1.163285,1.163385
1788458700,1.163385,1.163435,1.16318,1.16343
1788459000,1.163435,1.16354,1.163415,1.163455
1788459300,1.16345,1.163615,1.16343,1.163455
1788459600,1.163455,1.16354,1.16336,1.163455
1788459900,1.16345,1.16365,1.16339,1.16352
1788460200,1.163515,1.163545,1.16337,1.16339
1788460500,1.163395,1.163435,1.163335,1.16337
1788460800,1.16337,1.16341,1.16332,1.163325
1788461100,1.163325,1.16342,1.16322,1.16331
1788461400,1.163315,1.163485,1.163295,1.163385
1788461700,1.16339,1.16349,1.16336,1.163475
1788462000,1.163475,1.163525,1.163265,1.163275
1788462300,1.163285,1.16332,1.163195,1.16323
1788462600,1.16323,1.16332,1.16291,1.162915
1788462900,1.162905,1.16298,1.162755,1.162875
1788463200,1.162865,1.162865,1.162605,1.162635
1788463500,1.162635,1.162705,1.162555,1.16269
1788463800,1.162685,1.162775,1.16256,1.16256
1788464100,1.16256,1.16263,1.162535,1.16261
1788464400,1.162615,1.16273,1.162595,1.162725
1788464700,1.162725,1.162885,1.162725,1.162855
1788465000,1.16286,1.16289,1.16275,1.162755
1788465300,1.16276,1.16307,1.16276,1.162865
1788465600,1.162875,1.162995,1.16279,1.16296
1788465900,1.162955,1.163015,1.16292,1.162945
1788466200,1.162945,1.16298,1.16279,1.162795
1788466500,1.162795,1.162795,1.162615,1.162715
1788466800,1.162715,1.162795,1.162595,1.162615
1788467100,1.162615,1.162705,1.1626,1.162705
1788467400,1.162705,1.162755,1.162645,1.162655
1788467700,1.162655,1.162765,1.162595,1.16274
1788468000,1.162745,1.162755,1.16264,1.162665
1788468300,1.16267,1.162735,1.16264,1.162715
1788468600,1.16271,1.162755,1.16269,1.162695
1788468900,1.162705,1.16273,1.16255,1.162585
1788469200,1.162595,1.162595,1.162595,1.162595
1788469500,1.162595,1.162755,1.162595,1.16261
1788469800,1.16261,1.16304,1.16261,1.163005
1788470100,1.163005,1.163005,1.16271,1.1628
1788470400,1.1628,1.16288,1.162705,1.162745
1788470700,1.16275,1.162915,1.162505,1.162525
1788471000,1.162525,1.162535,1.1625,1.162505
1788471300,1.162505,1.162555,1.162505,1.16254
1788471600,1.16254,1.16259,1.162515,1.162515
1788471900,1.16251,1.162685,1.162495,1.16256
1788472200,1.16256,1.162645,1.16254,1.162585
1788472500,1.162585,1.16277,1.16255,1.1626
1788472800,1.162645,1.162715,1.16244,1.16255
1788473100,1.16255,1.16255,1.162495,1.16251
1788473400,1.162515,1.16271,1.162515,1.16265
1788473700,1.162645,1.162675,1.16258,1.16258
1788474000,1.162575,1.16261,1.162555,1.162605
1788474300,1.162605,1.162615,1.162595,1.1626
1788474600,1.162595,1.162655,1.162595,1.16261
1788474900,1.16261,1.16261,1.1625,1.16256
1788475200,1.162565,1.162575,1.16253,1.162535
1788475500,1.162535,1.162545,1.162405,1.162445
1788475800,1.162435,1.162445,1.16233,1.16235
1788476100,1.162345,1.162365,1.162285,1.162315
1788476400,1.16232,1.162385,1.16229,1.16236
1788476700,1.16236,1.162495,1.162345,1.162475
1788477000,1.162485,1.16249,1.162355,1.16239
1788477300,1.16239,1.16246,1.162385,1.16245
1788477600,1.16245,1.16255,1.16245,1.162535
1788477900,1.162535,1.16254,1.162485,1.162505
1788478200,1.162505,1.162755,1.162495,1.162565
1788478500,1.16257,1.16266,1.16256,1.162605
1788478800,1.162605,1.1627,1.16254,1.16264
1788479100,1.16264,1.16276,1.1626,1.16272
1788479400,1.16272,1.162845,1.162705,1.162815
1788479700,1.16281,1.162855,1.162775,1.162795
1788480000,1.1628,1.16303,1.162755,1.163005
1788480300,1.163,1.163145,1.16286,1.16286
1788480600,1.16286,1.162955,1.16276,1.16287
1788480900,1.16287,1.162915,1.16269,1.16275
1788481200,1.162745,1.162885,1.162675,1.162835
1788481500,1.162835,1.162835,1.162605,1.162605
1788481800,1.16259,1.16272,1.16259,1.162665
1788482100,1.162665,1.162755,1.16253,1.162605
1788482400,1.162605,1.162845,1.16258,1.162795
1788482700,1.1628,1.163015,1.1628,1.1629
1788483000,1.1629,1.16313,1.1629,1.163075
1788483300,1.16307,1.16312,1.162785,1.16279
1788483600,1.162805,1.16294,1.16273,1.16279
1788483900,1.1628,1.162945,1.162765,1.162855
1788484200,1.162855,1.16297,1.162755,1.162755
1788484500,1.16275,1.162905,1.16271,1.162845
1788484800,1.162845,1.16316,1.16282,1.16296
1788485100,1.162965,1.163045,1.162815,1.16293
1788485400,1.162925,1.16296,1.16278,1.16281
1788485700,1.16281,1.16296,1.16278,1.16281
1788486000,1.162815,1.162945,1.162795,1.162925
1788486300,1.16293,1.162955,1.16283,1.16289
1788486600,1.162885,1.162915,1.16281,1.162865
1788486900,1.16286,1.16301,1.162855,1.16301
1788487200,1.163015,1.16331,1.162985,1.16329
1788487500,1.16329,1.1633,1.162995,1.163015
1788487800,1.16302,1.16307,1.16295,1.163005
1788488100,1.16301,1.163045,1.162845,1.16286
1788488400,1.16286,1.162865,1.16267,1.162705
1788488700,1.162705,1.162755,1.162615,1.162745
1788489000,1.162745,1.16284,1.162695,1.16273
1788489300,1.16273,1.16289,1.162715,1.16287
1788489600,1.162865,1.16291,1.16279,1.162815
1788489900,1.162815,1.16287,1.162795,1.162865
1788490200,1.16287,1.162965,1.162815,1.162955
1788490500,1.16296,1.162985,1.16271,1.162755
1788490800,1.162755,1.16284,1.162695,1.162815
1788491100,1.16282,1.16282,1.16268,1.16274
1788491400,1.16274,1.162845,1.16269,1.162815
1788491700,1.162815,1.162865,1.162795,1.162795
1788492000,1.162795,1.162865,1.162765,1.162805
1788492300,1.162805,1.162805,1.162695,1.162725
1788492600,1.162725,1.162725,1.162545,1.16269
1788492900,1.16269,1.16271,1.162435,1.162475
1788493200,1.16248,1.162525,1.162305,1.162325
1788493500,1.162325,1.162395,1.16225,1.162315
1788493800,1.162315,1.16245,1.16227,1.162325
1788494100,1.16231,1.162395,1.162275,1.162295
1788494400,1.162295,1.162685,1.16229,1.162675
1788494700,1.16268,1.162775,1.162515,1.162545
1788495000,1.16254,1.16262,1.16249,1.162565
1788495300,1.162565,1.162585,1.162485,1.1625
1788495600,1.1625,1.162575,1.1624,1.16241
1788495900,1.16241,1.162555,1.162355,1.16251
1788496200,1.16251,1.16264,1.162475,1.162485
1788496500,1.162485,1.16278,1.162475,1.16275
1788496800,1.162755,1.16276,1.16267,1.162715
1788497100,1.162715,1.16276,1.1626,1.162665
1788497400,1.162665,1.162745,1.162605,1.162705
1788497700,1.162705,1.162755,1.16261,1.162665
1788498000,1.16267,1.16268,1.162515,1.162535
1788498300,1.162535,1.162665,1.162475,1.162555
1788498600,1.162555,1.16272,1.162545,1.162715
1788498900,1.162715,1.162785,1.162665,1.162725
1788499200,1.162725,1.16277,1.16265,1.16267
1788499500,1.16267,1.162775,1.16264,1.16274
1788499800,1.162745,1.16289,1.16273,1.162875
1788500100,1.16288,1.16288,1.162775,1.162805
1788500400,1.1628,1.1628,1.16264,1.16266
1788500700,1.16266,1.162735,1.162585,1.162705
1788501000,1.1627,1.162705,1.162515,1.162655
1788501300,1.16266,1.16284,1.16266,1.1628
1788501600,1.162795,1.163005,1.162745,1.162995
1788501900,1.163,1.163035,1.162955,1.16299
1788502200,1.162995,1.16303,1.16286,1.16299
1788502500,1.162995,1.162995,1.16279,1.1629
1788502800,1.162895,1.16298,1.162855,1.162875
1788503100,1.16286,1.162945,1.162815,1.162925
1788503400,1.16293,1.163,1.16271,1.16298
1788503700,1.16298,1.16298,1.162775,1.16285
1788504000,1.16285,1.16298,1.162825,1.162865
1788504300,1.162865,1.16296,1.162755,1.162845
1788504600,1.162845,1.162945,1.162825,1.162895
1788504900,1.16289,1.16293,1.1627,1.162745
1788505200,1.162755,1.162985,1.162675,1.162935
1788505500,1.16293,1.162995,1.162745,1.162775
1788505800,1.162775,1.162865,1.162605,1.162605
1788506100,1.16261,1.162665,1.162565,1.162665
1788506400,1.162675,1.162755,1.16259,1.162605
1788506700,1.162605,1.16286,1.162605,1.162835
1788507000,1.16283,1.1629,1.16277,1.162845
1788507300,1.162845,1.162865,1.16264,1.16267
1788507600,1.162665,1.162855,1.162605,1.162835
1788507900,1.16284,1.16287,1.162665,1.162775
1788508200,1.16278,1.16279,1.16229,1.162305
1788508500,1.16231,1.16237,1.162125,1.162275
1788508800,1.162265,1.162355,1.162115,1.162305
1788509100,1.16231,1.16231,1.161885,1.162015
1788509400,1.16202,1.162075,1.161905,1.16195
1788509700,1.161955,1.16218,1.16191,1.162165
1788510000,1.16217,1.162215,1.161995,1.16204
1788510300,1.16205,1.16232,1.162035,1.162305
1788510600,1.162325,1.162325,1.162115,1.162225
1788510900,1.16224,1.16236,1.162125,1.16231
1788511200,1.16232,1.162375,1.1622,1.162365
1788511500,1.162365,1.162485,1.162345,1.162425
1788511800,1.16243,1.162495,1.162275,1.162365
1788512100,1.16237,1.162555,1.16235,1.162525
1788512400,1.16252,1.16252,1.16224,1.162275
1788512700,1.162285,1.16235,1.16215,1.16225
1788513000,1.162245,1.16233,1.162155,1.16225
1788513300,1.16224,1.162405,1.162195,1.16235
1788513600,1.16235,1.16237,1.162205,1.162205
1788513900,1.162215,1.16226,1.16209,1.16218
1788514200,1.162185,1.162215,1.161895,1.161995
1788514500,1.162,1.162105,1.16192,1.162095
1788514800,1.162095,1.162255,1.162005,1.162015
1788515100,1.16202,1.16209,1.16193,1.16204
1788515400,1.16204,1.16205,1.16174,1.161875
1788515700,1.161875,1.162045,1.16162,1.161715
1788516000,1.16171,1.1619,1.161675,1.16179
1788516300,1.161795,1.16188,1.161735,1.161845
1788516600,1.16184,1.16193,1.161765,1.16191
1788516900,1.16191,1.16209,1.1619,1.162035
1788517200,1.162035,1.162035,1.161845,1.161885
1788517500,1.1619,1.162085,1.16175,1.161805
1788517800,1.16181,1.161975,1.161765,1.161855
1788518100,1.16186,1.16193,1.161705,1.161835
1788518400,1.16184,1.16204,1.161825,1.162015
1788518700,1.162015,1.162325,1.162005,1.162125
1788519000,1.16212,1.162235,1.16207,1.16217
1788519300,1.162165,1.162205,1.16207,1.162075
1788519600,1.16207,1.16227,1.162055,1.162185
1788519900,1.16218,1.16219,1.16204,1.162055
1788520200,1.16206,1.16228,1.162055,1.16219
1788520500,1.16219,1.162245,1.1621,1.16212
1788520800,1.162115,1.16238,1.162115,1.162315
1788521100,1.1623,1.1623,1.16218,1.16218
1788521400,1.162175,1.16218,1.162055,1.162115
1788521700,1.16212,1.162225,1.16207,1.16212
1788522000,1.16212,1.162175,1.161955,1.162175
1788522300,1.162175,1.16238,1.16211,1.16214
1788522600,1.162135,1.16239,1.1621,1.162225
1788522900,1.16223,1.16229,1.16202,1.162055
1788523200,1.16206,1.162415,1.16205,1.162315
1788523500,1.16231,1.16238,1.16215,1.162205
1788523800,1.16221,1.162295,1.162035,1.162195
1788524100,1.162195,1.16246,1.162195,1.162435
1788524400,1.16244,1.1625,1.162315,1.162355
1788524700,1.16235,1.162725,1.16233,1.1627
1788525000,1.162715,1.162725,1.158485,1.15947
1788525300,1.159465,1.16019,1.159155,1.15966
1788525600,1.159655,1.160085,1.159215,1.15991
1788525900,1.159915,1.16018,1.15904,1.16008
1788526200,1.16009,1.160455,1.159785,1.15997
1788526500,1.15998,1.16024,1.15964,1.160175
1788526800,1.16016,1.160395,1.1599,1.159905
1788527100,1.159915,1.16009,1.159695,1.15982
1788527400,1.159825,1.16011,1.15963,1.16006
1788527700,1.160055,1.160775,1.16004,1.160705
1788528000,1.1607,1.16112,1.160675,1.161115
1788528300,1.16112,1.16156,1.161065,1.161495
1788528600,1.1615,1.161835,1.161205,1.16125
1788528900,1.161245,1.161345,1.16097,1.16105
1788529200,1.161055,1.16153,1.161045,1.16148
1788529500,1.16149,1.16233,1.16142,1.161985
1788529800,1.16199,1.161995,1.161305,1.16149
1788530100,1.161495,1.16152,1.160885,1.161025
1788530400,1.161015,1.161215,1.16087,1.161015
1788530700,1.161025,1.161555,1.16095,1.16145
1788531000,1.161435,1.16144,1.16103,1.161335
1788531300,1.16133,1.16163,1.16114,1.16161
1788531600,1.1616,1.161765,1.161435,1.16146
1788531900,1.161465,1.16177,1.161445,1.16156
1788532200,1.161565,1.16213,1.161475,1.16202
1788532500,1.162015,1.16206,1.161755,1.1619
1788532800,1.161905,1.162175,1.161815,1.16201
1788533100,1.162015,1.162115,1.1616,1.16176
1788533400,1.161755,1.16178,1.16148,1.161555
1788533700,1.16156,1.16174,1.161355,1.16155
1788534000,1.161545,1.16182,1.161245,1.16169
1788534300,1.161685,1.161945,1.16167,1.161865
1788534600,1.16187,1.16223,1.161865,1.162215
1788534900,1.16222,1.162265,1.161995,1.162245
1788535200,1.162245,1.16227,1.162015,1.162105
1788535500,1.16211,1.162125,1.161935,1.16195
1788535800,1.161955,1.162205,1.16194,1.16197
1788536100,1.161975,1.162155,1.16191,1.16206
1788536400,1.16206,1.16227,1.161995,1.162005
1788536700,1.162005,1.162285,1.162005,1.16227
1788537000,1.162265,1.16232,1.161845,1.161845
1788537300,1.16185,1.16201,1.161765,1.161775
1788537600,1.16178,1.162115,1.16176,1.16207
1788537900,1.162075,1.16212,1.16183,1.161965
1788538200,1.161975,1.162265,1.16183,1.1622
1788538500,1.162195,1.16234,1.162175,1.16226
1788538800,1.162265,1.162475,1.16222,1.16222
1788539100,1.16222,1.16227,1.16206,1.162115
1788539400,1.16212,1.16233,1.162065,1.1623
1788539700,1.1623,1.16236,1.16211,1.162115
1788540000,1.162115,1.162215,1.162015,1.16217
1788540300,1.16217,1.16228,1.16211,1.16222
1788540600,1.162225,1.162275,1.16211,1.16211
1788540900,1.16211,1.16217,1.161915,1.162065
1788541200,1.16207,1.162075,1.161545,1.161555
1788541500,1.16156,1.161725,1.16151,1.161655
1788541800,1.16166,1.161685,1.161565,1.16159
1788542100,1.161595,1.161775,1.16159,1.161665
1788542400,1.16166,1.16176,1.16143,1.16155
1788542700,1.16155,1.161575,1.161335,1.16136
1788543000,1.16135,1.161495,1.16135,1.16146
1788543300,1.161455,1.161475,1.161325,1.16141
1788543600,1.161415,1.16142,1.16126,1.16127
1788543900,1.16128,1.161305,1.161195,1.16126
1788544200,1.161255,1.16143,1.161245,1.16138
1788544500,1.16138,1.16138,1.16123,1.161255
1788544800,1.16126,1.16135,1.161205,1.16126
1788545100,1.161265,1.16134,1.161065,1.161165
1788545400,1.161165,1.161265,1.16109,1.16112
1788545700,1.16113,1.16121,1.161075,1.161105
1788546000,1.16111,1.161225,1.161035,1.161165
1788546300,1.16116,1.16126,1.161085,1.161155
1788546600,1.16116,1.16125,1.161125,1.16123
1788546900,1.16124,1.16124,1.16099,1.16105
1788547200,1.16105,1.16123,1.160995,1.160995
1788547500,1.161,1.16101,1.160855,1.16095
1788547800,1.160955,1.160995,1.1609,1.160915
1788548100,1.16092,1.1611,1.160915,1.16107
1788548400,1.161065,1.16123,1.161015,1.161225
1788548700,1.16123,1.16129,1.161205,1.16128
1788549000,1.161275,1.161275,1.161175,1.161225
1788549300,1.161225,1.161365,1.161225,1.161315
1788549600,1.161315,1.161455,1.161245,1.161375
1788549900,1.161365,1.161475,1.161355,1.16147
1788550200,1.161465,1.161475,1.161325,1.161465
1788550500,1.16146,1.161475,1.161375,1.161475
1788550800,1.16148,1.161595,1.161445,1.161575
1788551100,1.16156,1.16157,1.16143,1.16144
1788551400,1.161445,1.16151,1.16144,1.16147
1788551700,1.161475,1.16156,1.161365,1.161465
1788552000,1.16146,1.161535,1.161365,1.161375
1788552300,1.161375,1.161375,1.16129,1.161305
1788552600,1.161285,1.161295,1.161215,1.161265
1788552900,1.16127,1.16132,1.161265,1.16131
1788553200,1.161315,1.161385,1.161315,1.161325
1788553500,1.16132,1.161365,1.16117,1.161325
1788553800,1.161325,1.161335,1.16126,1.161265
1788554100,1.16127,1.161285,1.161245,1.161255
1788554400,1.161265,1.161285,1.16121,1.16124
1788554700,1.161245,1.161325,1.16116,1.161215
1788555000,1.16122,1.16133,1.161195,1.161315
1788555300,1.16129,1.16145,1.161275,1.16136
1788728400,1.16136,1.16143,1.161335,1.161335
1788728700,1.16131,1.161415,1.16131,1.16135
1788729000,1.16135,1.161395,1.161275,1.1613
1788729300,1.161295,1.161305,1.161265,1.16128
1788729600,1.16128,1.16128,1.161105,1.161105
1788729900,1.161105,1.16112,1.161105,1.161115
1788730200,1.161115,1.161135,1.16086,1.16093
1788730500,1.16093,1.160975,1.16092,1.160965
1788730800,1.160965,1.16112,1.160935,1.161115
1788731100,1.161115,1.16112,1.16095,1.16097
1788731400,1.16097,1.161055,1.16097,1.16104
1788731700,1.16104,1.161045,1.16082,1.160845
1788732000,1.16086,1.161155,1.16086,1.161105
1788732300,1.161095,1.161235,1.16109,1.16123
1788732600,1.16122,1.161275,1.16115,1.161265
1788732900,1.16127,1.161335,1.161245,1.161265
1788733200,1.161265,1.16131,1.161245,1.161305
1788733500,1.16131,1.16131,1.16128,1.161285
1788733800,1.161275,1.16129,1.16123,1.161285
1788734100,1.161285,1.161295,1.161235,1.161265
1788734400,1.161265,1.16128,1.161225,1.161265
1788734700,1.161265,1.161365,1.161265,1.161355
1788735000,1.161355,1.16136,1.161305,1.161315
1788735300,1.161315,1.16132,1.161305,1.16131
1788735600,1.161305,1.16141,1.161305,1.16136
1788735900,1.16136,1.16144,1.16136,1.161405
1788736200,1.161405,1.161565,1.16136,1.161535
1788736500,1.161535,1.161545,1.161515,1.161515
1788736800,1.161515,1.16153,1.16147,1.16147
1788737100,1.16147,1.161495,1.16147,1.16147
1788737400,1.161465,1.161615,1.161415,1.161585
1788737700,1.161595,1.16161,1.161495,1.161565
1788738000,1.161565,1.16159,1.16151,1.16157
1788738300,1.16157,1.161585,1.161405,1.161415
1788738600,1.161415,1.16148,1.161325,1.16148
1788738900,1.161475,1.16149,1.16131,1.16132
1788739200,1.16133,1.161445,1.161265,1.1614
1788739500,1.161405,1.16149,1.161285,1.161355
1788739800,1.161355,1.16153,1.161345,1.161455
1788740100,1.161455,1.161665,1.16144,1.1616
1788740400,1.161595,1.16175,1.161515,1.161655
1788740700,1.16165,1.161885,1.16165,1.161815
1788741000,1.161815,1.161915,1.161765,1.16181
1788741300,1.16181,1.161935,1.16179,1.161895
1788741600,1.161895,1.162005,1.161865,1.16193
1788741900,1.16193,1.162005,1.161885,1.161955
1788742200,1.161955,1.162025,1.161825,1.161885
1788742500,1.16189,1.1619,1.161705,1.161835
1788742800,1.16184,1.161865,1.16164,1.161645
1788743100,1.16164,1.161855,1.161625,1.16163
1788743400,1.161635,1.16182,1.161565,1.161715
1788743700,1.16173,1.161765,1.161315,1.1614
1788744000,1.1614,1.16162,1.161365,1.161465
1788744300,1.16146,1.1617,1.161455,1.161635
1788744600,1.16164,1.16166,1.161445,1.1615
1788744900,1.1615,1.161615,1.161485,1.16159
1788745200,1.161595,1.161605,1.16132,1.161415
1788745500,1.16141,1.161545,1.161355,1.161505
1788745800,1.1615,1.161645,1.1615,1.161565
1788746100,1.161555,1.161555,1.16131,1.161355
1788746400,1.16136,1.161375,1.1612,1.16131
1788746700,1.161305,1.161325,1.161065,1.16111
1788747000,1.161105,1.161115,1.160955,1.16096
1788747300,1.16096,1.161055,1.16093,1.16105
1788747600,1.16105,1.16107,1.160885,1.16107
1788747900,1.161065,1.16111,1.16103,1.16111
1788748200,1.161115,1.1612,1.161075,1.161155
1788748500,1.161155,1.16119,1.161085,1.16109
1788748800,1.16109,1.161095,1.160895,1.16091
1788749100,1.16091,1.160985,1.160855,1.16095
1788749400,1.16095,1.16096,1.16088,1.160895
1788749700,1.160895,1.160935,1.16074,1.160915
1788750000,1.160925,1.161015,1.16084,1.161015
1788750300,1.161025,1.161025,1.1609,1.1609
1788750600,1.1609,1.160955,1.16086,1.16095
1788750900,1.160955,1.161095,1.16092,1.16106
1788751200,1.161065,1.16122,1.16104,1.161205
1788751500,1.161205,1.161215,1.161135,1.1612
1788751800,1.1612,1.16122,1.16099,1.16101
1788752100,1.161005,1.161065,1.160955,1.160975
1788752400,1.160975,1.161055,1.160885,1.16096
1788752700,1.16096,1.16101,1.160955,1.16096
1788753000,1.16096,1.160985,1.160905,1.160965
1788753300,1.160965,1.161175,1.160955,1.16117
1788753600,1.161165,1.1612,1.16102,1.161055
1788753900,1.161055,1.161115,1.161015,1.16106
1788754200,1.16106,1.161085,1.161035,1.161065
1788754500,1.16106,1.161105,1.161045,1.16107
1788754800,1.16107,1.161075,1.16099,1.161045
1788755100,1.16103,1.161065,1.161005,1.16101
1788755400,1.161005,1.16105,1.160965,1.161015
1788755700,1.161035,1.161045,1.16086,1.16088
1788756000,1.16088,1.160975,1.16084,1.16095
1788756300,1.160945,1.161105,1.160905,1.161065
1788756600,1.161065,1.1611,1.16102,1.16104
1788756900,1.161035,1.1612,1.161035,1.16114
1788757200,1.161145,1.16118,1.161065,1.16116
1788757500,1.16116,1.16118,1.161005,1.16104
1788757800,1.16104,1.161145,1.161035,1.161045
1788758100,1.161045,1.16105,1.160955,1.161005
1788758400,1.161005,1.161005,1.160905,1.161
1788758700,1.160995,1.161115,1.160935,1.16104
1788759000,1.161045,1.161065,1.16094,1.161035
1788759300,1.161035,1.161155,1.161035,1.16109
1788759600,1.161085,1.161095,1.161005,1.161045
1788759900,1.161045,1.16114,1.161045,1.16109
1788760200,1.16109,1.161215,1.161045,1.16113
1788760500,1.161125,1.16145,1.161115,1.16145
1788760800,1.161455,1.16146,1.161045,1.161175
1788761100,1.161195,1.161265,1.161075,1.16117
1788761400,1.161175,1.161205,1.161045,1.161145
1788761700,1.16115,1.16139,1.16108,1.161355
1788762000,1.16136,1.16169,1.16125,1.161605
1788762300,1.16161,1.16168,1.16154,1.161605
1788762600,1.16161,1.161945,1.16159,1.161905
1788762900,1.161895,1.16191,1.161655,1.161845
1788763200,1.161845,1.161855,1.161695,1.161705
1788763500,1.1617,1.16179,1.16162,1.161655
1788763800,1.161655,1.161755,1.161595,1.16167
1788764100,1.161675,1.16169,1.161395,1.161465
1788764400,1.161465,1.16156,1.161345,1.16154
1788764700,1.161545,1.16156,1.161265,1.161285
1788765000,1.161285,1.16135,1.161135,1.161345
1788765300,1.16135,1.16153,1.1613,1.16142
1788765600,1.161415,1.161515,1.161385,1.161455
1788765900,1.161455,1.16177,1.161455,1.161725
1788766200,1.161715,1.161965,1.16169,1.16185
1788766500,1.161845,1.16186,1.161535,1.16157
1788766800,1.16157,1.16167,1.16142,1.16167
1788767100,1.161665,1.161825,1.1615,1.16165
1788767400,1.16166,1.162035,1.16163,1.162035
1788767700,1.162035,1.1624,1.162035,1.16237
1788768000,1.162365,1.1625,1.16218,1.162365
1788768300,1.162355,1.163015,1.162275,1.162855
1788768600,1.162865,1.163165,1.16279,1.163165
1788768900,1.16317,1.163395,1.162875,1.163345
1788769200,1.16335,1.163585,1.16316,1.163205
1788769500,1.16322,1.163455,1.163135,1.16323
1788769800,1.163225,1.16344,1.163175,1.16331
1788770100,1.163305,1.16335,1.162695,1.162705
1788770400,1.1627,1.162705,1.1625,1.16255
1788770700,1.16255,1.162625,1.1623,1.162305
1788771000,1.162305,1.162305,1.1621,1.162265
1788771300,1.162255,1.162265,1.16211,1.162115
1788771600,1.162115,1.16234,1.162065,1.162265
1788771900,1.162265,1.162335,1.162095,1.16232
1788772200,1.16232,1.162345,1.16202,1.162225
1788772500,1.162225,1.162245,1.1621,1.16215
1788772800,1.162155,1.162265,1.162095,1.16226
1788773100,1.16226,1.162505,1.162185,1.162405
1788773400,1.162415,1.162605,1.16235,1.1626
1788773700,1.162605,1.162605,1.162445,1.162515
1788774000,1.162515,1.162515,1.162085,1.162215
1788774300,1.162215,1.162315,1.16212,1.162215
1788774600,1.162215,1.162215,1.161955,1.16205
1788774900,1.162045,1.16211,1.162035,1.16204
1788775200,1.162035,1.162215,1.16199,1.162205
1788775500,1.162205,1.162365,1.162125,1.162285
1788775800,1.162295,1.162355,1.162215,1.16224
1788776100,1.162235,1.16248,1.162205,1.162475
1788776400,1.16248,1.162525,1.162335,1.162505
1788776700,1.16251,1.16251,1.162255,1.162375
1788777000,1.16238,1.16248,1.1623,1.162315
1788777300,1.162315,1.162445,1.162285,1.162445
1788777600,1.162445,1.162525,1.16241,1.162525
1788777900,1.162525,1.162585,1.162475,1.16252
1788778200,1.16252,1.16268,1.16249,1.162605
1788778500,1.16261,1.162615,1.16234,1.162445
1788778800,1.16244,1.162485,1.162255,1.16243
1788779100,1.16243,1.162565,1.162405,1.162485
1788779400,1.162475,1.162535,1.1622,1.162345
1788779700,1.16234,1.16246,1.162235,1.162255
1788780000,1.162265,1.16241,1.162255,1.16239
1788780300,1.162385,1.162395,1.162285,1.16239
1788780600,1.162385,1.162435,1.162295,1.162295
1788780900,1.162295,1.162495,1.16223,1.162445
1788781200,1.16244,1.16245,1.162285,1.162345
1788781500,1.162345,1.16252,1.1623,1.1625
1788781800,1.162505,1.16253,1.1623,1.1623
1788782100,1.162305,1.162365,1.1622,1.162305
1788782400,1.16231,1.16244,1.162245,1.162265
1788782700,1.162265,1.16248,1.162215,1.16223
1788783000,1.162225,1.162325,1.162195,1.16221
1788783300,1.16221,1.162315,1.162095,1.162295
1788783600,1.162285,1.162555,1.162215,1.162505
1788783900,1.162515,1.16271,1.162475,1.162695
1788784200,1.162695,1.16274,1.162635,1.162695
1788784500,1.16269,1.162825,1.16265,1.16271
1788784800,1.16271,1.162795,1.162615,1.162785
1788785100,1.162785,1.16284,1.162595,1.16277
1788785400,1.162775,1.16284,1.16247,1.16253
1788785700,1.162525,1.16262,1.162495,1.162505
1788786000,1.16251,1.162655,1.162475,1.1625
1788786300,1.162495,1.162515,1.1624,1.162455
1788786600,1.16246,1.16266,1.162435,1.16265
1788786900,1.162655,1.16266,1.1624,1.162515
1788787200,1.162515,1.16265,1.162495,1.162525
1788787500,1.16252,1.162615,1.162435,1.16249
1788787800,1.162485,1.16266,1.162415,1.162605
1788788100,1.162605,1.16263,1.162465,1.16251
1788788400,1.162515,1.162665,1.16251,1.162625
1788788700,1.162625,1.162955,1.162625,1.162745
1788789000,1.16274,1.162945,1.16267,1.16276
1788789300,1.162765,1.16289,1.16275,1.16289
1788789600,1.16289,1.162995,1.162835,1.162885
1788789900,1.162885,1.162945,1.162805,1.16294
1788790200,1.16295,1.163215,1.16294,1.16311
1788790500,1.16311,1.163295,1.163055,1.163135
1788790800,1.16313,1.1632,1.16295,1.163185
1788791100,1.163195,1.163255,1.16302,1.16305
1788791400,1.163045,1.163055,1.16294,1.162955
1788791700,1.162955,1.163085,1.162945,1.162995
1788792000,1.163,1.163065,1.16295,1.162985
1788792300,1.162985,1.162985,1.162865,1.16289
1788792600,1.162895,1.162915,1.162715,1.162715
1788792900,1.16272,1.16328,1.16272,1.16312
1788793200,1.163135,1.163205,1.16299,1.16309
1788793500,1.163095,1.1631,1.162725,1.162855
1788793800,1.162855,1.162895,1.16269,1.16275
1788794100,1.162745,1.162795,1.162675,1.162795
1788794400,1.162795,1.162905,1.162755,1.162865
1788794700,1.162855,1.16307,1.162845,1.163035
1788795000,1.163045,1.16313,1.162895,1.162905
1788795300,1.162905,1.163,1.16285,1.162955
1788795600,1.162955,1.16299,1.162865,1.16293
1788795900,1.16294,1.16294,1.16279,1.162885
1788796200,1.162885,1.162885,1.16272,1.16273
1788796500,1.16273,1.162785,1.16263,1.162765
1788796800,1.162765,1.16277,1.1626,1.16264
1788797100,1.16264,1.162775,1.16264,1.162755
1788797400,1.162755,1.162765,1.16269,1.1627
1788797700,1.1627,1.16274,1.16264,1.162655
1788798000,1.162655,1.162735,1.162655,1.16272
1788798300,1.16272,1.162795,1.16268,1.162795
1788798600,1.162795,1.16281,1.162745,1.162805
1788798900,1.162795,1.16289,1.16279,1.162845
1788799200,1.162845,1.16297,1.162845,1.16296
1788799500,1.162955,1.162985,1.162895,1.162945
1788799800,1.162945,1.162985,1.16285,1.162875
1788800100,1.16287,1.162925,1.162815,1.16287
1788800400,1.162865,1.162865,1.162655,1.162655
1788800700,1.162655,1.162715,1.16265,1.162655
1788801000,1.162655,1.162685,1.1626,1.162655
1788801300,1.162655,1.162675,1.16259,1.16259
1788801600,1.162595,1.16265,1.162565,1.16257
1788801900,1.16257,1.162625,1.162535,1.162535
1788802200,1.162535,1.16256,1.162525,1.16256
1788802500,1.16256,1.16257,1.16251,1.162525
1788802800,1.162525,1.16254,1.162465,1.16254
1788803100,1.16254,1.16254,1.162445,1.162475
1788803400,1.162475,1.16252,1.162475,1.162505
1788803700,1.162505,1.162565,1.162495,1.162565
1788804000,1.162565,1.162585,1.162525,1.16253
1788804300,1.16253,1.16253,1.162485,1.16252
1788804600,1.16252,1.16252,1.162475,1.162475
1788804900,1.162475,1.162505,1.162455,1.162455
1788805200,1.162455,1.16247,1.16244,1.162445
1788805500,1.162445,1.162445,1.162365,1.162365
1788805800,1.162365,1.162415,1.162355,1.162405
1788806100,1.16241,1.162415,1.162385,1.16241
1788806400,1.16241,1.16241,1.1624,1.162405
1788806700,1.162405,1.162405,1.162345,1.162355
1788807000,1.162355,1.162355,1.16231,1.16231
1788807300,1.16231,1.162375,1.162295,1.162375
1788807600,1.162375,1.162375,1.1623,1.162315
1788807900,1.16232,1.162325,1.162305,1.162315
1788808200,1.162315,1.16232,1.162305,1.162315
1788808500,1.162315,1.162315,1.162295,1.162315
1788808800,1.16231,1.16231,1.16225,1.162305
1788809100,1.162305,1.162305,1.16226,1.16226
1788809400,1.16226,1.162265,1.162155,1.16221
1788809700,1.16221,1.16223,1.162155,1.162195
1788810000,1.162195,1.162195,1.16212,1.162135
1788810300,1.162135,1.16217,1.162115,1.16214
1788810600,1.16214,1.16217,1.162135,1.162165
1788810900,1.162165,1.16223,1.162155,1.162225
1788811200,1.162205,1.16222,1.162155,1.162195
1788811500,1.162195,1.1622,1.16216,1.16216
1788811800,1.162165,1.162205,1.16216,1.162205
1788812100,1.162205,1.16227,1.162205,1.162255
1788812400,1.162255,1.16227,1.162245,1.16225
1788812700,1.162245,1.162245,1.162215,1.162225
1788813000,1.162215,1.16226,1.16221,1.16226
1788813300,1.16226,1.162265,1.162245,1.16226
1788813600,1.162255,1.162265,1.162235,1.162245
1788813900,1.162245,1.162255,1.16223,1.162245
1788814200,1.16224,1.162245,1.16221,1.162225
1788814500,1.16223,1.16232,1.16222,1.162285
1788814800,1.162285,1.162665,1.162275,1.162395
1788815100,1.16226,1.162395,1.162205,1.162205
1788815400,1.162205,1.162285,1.162195,1.162195
1788815700,1.162195,1.162285,1.162195,1.16228
1788816000,1.16228,1.162325,1.162275,1.162315
1788816300,1.16232,1.16233,1.16231,1.16233
1788816600,1.16233,1.162345,1.162305,1.162345
1788816900,1.162345,1.162355,1.16233,1.16234
1788817200,1.16234,1.16235,1.162325,1.16233
1788817500,1.16233,1.162335,1.162315,1.162315
1788817800,1.162315,1.16235,1.162315,1.16232
1788818100,1.16232,1.16236,1.162315,1.16236
1788818400,1.162355,1.162495,1.162355,1.16249
1788818700,1.162495,1.162495,1.16244,1.16244
1788819000,1.162445,1.16246,1.162355,1.16243
1788819300,1.162425,1.162545,1.16241,1.162535
1788819600,1.16254,1.16254,1.16245,1.16252
1788819900,1.16252,1.162615,1.162505,1.1626
1788820200,1.162605,1.162605,1.16252,1.16255
1788820500,1.16255,1.16257,1.16246,1.16252
1788820800,1.16252,1.16253,1.16249,1.162515
1788821100,1.162515,1.162515,1.16246,1.162505
1788821400,1.162505,1.16261,1.162505,1.16257
1788821700,1.162575,1.162595,1.162515,1.162565
1788822000,1.162555,1.162665,1.162545,1.162655
1788822300,1.162655,1.16269,1.162605,1.16268
1788822600,1.16268,1.162795,1.16261,1.16279
1788822900,1.16279,1.163,1.16272,1.16291
1788823200,1.162905,1.162975,1.162805,1.162865
1788823500,1.162845,1.162915,1.162715,1.162825
1788823800,1.16283,1.16291,1.16272,1.162775
1788824100,1.162775,1.162885,1.162745,1.16283
1788824400,1.16283,1.16294,1.162795,1.16294
1788824700,1.16294,1.16296,1.162845,1.162915
1788825000,1.162915,1.162915,1.16264,1.16265
1788825300,1.162645,1.1628,1.16264,1.162785
1788825600,1.162795,1.163145,1.162715,1.16284
1788825900,1.16284,1.162885,1.162745,1.162785
1788826200,1.16279,1.16279,1.162485,1.162515
1788826500,1.1625,1.162635,1.162415,1.162605
1788826800,1.162605,1.16271,1.162505,1.162565
1788827100,1.162565,1.16278,1.162555,1.162745
1788827400,1.16274,1.16292,1.162715,1.16281
1788827700,1.16281,1.16282,1.162655,1.162705
1788828000,1.162705,1.1628,1.16262,1.162625
1788828300,1.16262,1.162705,1.16257,1.162705
1788828600,1.16271,1.162765,1.1626,1.16273
1788828900,1.162735,1.162735,1.16261,1.162665
1788829200,1.16267,1.162795,1.1626,1.16262
1788829500,1.16262,1.162815,1.16258,1.162795
1788829800,1.162795,1.16281,1.162655,1.162795
1788830100,1.162795,1.16304,1.16276,1.16289
1788830400,1.162885,1.16319,1.16285,1.16313
1788830700,1.163135,1.163295,1.16313,1.163195
1788831000,1.16319,1.163275,1.163055,1.163085
1788831300,1.16309,1.163195,1.16302,1.163025
1788831600,1.16303,1.163175,1.16297,1.163125
1788831900,1.16312,1.163205,1.16309,1.163115
1788832200,1.16311,1.16321,1.163035,1.16319
1788832500,1.163185,1.163335,1.163135,1.163335
1788832800,1.16334,1.16345,1.16329,1.16335
1788833100,1.163355,1.163475,1.16323,1.16326
1788833400,1.163265,1.16331,1.16306,1.16314
1788833700,1.163145,1.163345,1.163135,1.163135
1788834000,1.163135,1.163295,1.163055,1.16313
1788834300,1.163125,1.16317,1.162765,1.162875
1788834600,1.16287,1.162895,1.162635,1.162635
1788834900,1.16264,1.162645,1.16239,1.162465
1788835200,1.16247,1.162595,1.16244,1.162575
1788835500,1.16258,1.16261,1.16246,1.162505
1788835800,1.16251,1.162615,1.16238,1.162435
1788836100,1.16243,1.16246,1.162375,1.1624
1788836400,1.162395,1.16241,1.162295,1.162405
1788836700,1.16241,1.162565,1.162395,1.162415
1788837000,1.16241,1.16246,1.162325,1.162435
1788837300,1.162435,1.162595,1.162395,1.16257
1788837600,1.16257,1.162635,1.16246,1.16252
1788837900,1.162525,1.162595,1.162525,1.162555
1788838200,1.162555,1.162615,1.16241,1.162485
1788838500,1.16248,1.162525,1.16243,1.16251
1788838800,1.16251,1.162615,1.16249,1.162595
1788839100,1.1626,1.16273,1.16256,1.16271
1788839400,1.162715,1.162725,1.16245,1.162515
1788839700,1.16252,1.16254,1.162395,1.162435
1788840000,1.16244,1.162575,1.16239,1.162475
1788840300,1.16248,1.1625,1.162385,1.162405
1788840600,1.162405,1.162525,1.162395,1.162415
1788840900,1.162415,1.16242,1.162295,1.16231
1788841200,1.16231,1.16251,1.16224,1.162505
1788841500,1.1625,1.1625,1.16229,1.162325
1788841800,1.16233,1.162435,1.162325,1.162395
1788842100,1.16239,1.162395,1.162305,1.162395
1788842400,1.162395,1.162485,1.16239,1.162475
1788842700,1.162475,1.162525,1.162445,1.16247
1788843000,1.162475,1.162515,1.16233,1.162395
1788843300,1.1624,1.162525,1.16231,1.1625
1788843600,1.1625,1.16257,1.16246,1.16253
1788843900,1.162525,1.16259,1.162485,1.16258
1788844200,1.162585,1.162615,1.162515,1.162545
1788844500,1.16255,1.16266,1.16254,1.16257
1788844800,1.16257,1.162605,1.162365,1.162395
1788845100,1.16239,1.16249,1.16237,1.16238
1788845400,1.16239,1.16247,1.162345,1.16247
1788845700,1.162475,1.162615,1.162475,1.162555
1788846000,1.16256,1.162705,1.16255,1.1627
1788846300,1.162695,1.162825,1.16266,1.162755
1788846600,1.162755,1.162885,1.162725,1.16276
1788846900,1.162765,1.1631,1.162765,1.16308
1788847200,1.163085,1.163435,1.16299,1.16343
1788847500,1.163435,1.163595,1.163115,1.16313
1788847800,1.163125,1.163135,1.162885,1.16302
1788848100,1.163025,1.163055,1.162555,1.162555
1788848400,1.16256,1.16258,1.162325,1.162575
1788848700,1.16258,1.162665,1.16244,1.16246
1788849000,1.16245,1.162525,1.162255,1.1623
1788849300,1.16229,1.16233,1.162125,1.1623
1788849600,1.1623,1.16259,1.1623,1.162515
1788849900,1.162515,1.162515,1.162335,1.16241
1788850200,1.162405,1.16252,1.162305,1.162335
1788850500,1.16234,1.162345,1.162085,1.162095
1788850800,1.16209,1.16232,1.162005,1.162245
1788851100,1.16224,1.162335,1.16206,1.16207
1788851400,1.162055,1.162065,1.16178,1.16187
1788851700,1.161865,1.16192,1.161675,1.16176
1788852000,1.161755,1.16179,1.16138,1.16143
1788852300,1.161435,1.1616,1.16134,1.161475
1788852600,1.16148,1.161655,1.161365,1.16137
1788852900,1.161375,1.161455,1.16119,1.161235
1788853200,1.16123,1.16126,1.161,1.161245
1788853500,1.16125,1.161385,1.16116,1.161205
1788853800,1.161205,1.161315,1.16099,1.161
1788854100,1.16101,1.16128,1.16099,1.16128
1788854400,1.161275,1.16146,1.16115,1.161345
1788854700,1.16134,1.161635,1.161015,1.16103
1788855000,1.161025,1.161265,1.161,1.16102
1788855300,1.16102,1.161135,1.160855,1.161125
1788855600,1.16113,1.161325,1.161,1.161295
1788855900,1.1613,1.161515,1.1613,1.161345
1788856200,1.161355,1.161585,1.1613,1.161485
1788856500,1.16148,1.1615,1.16129,1.161465
1788856800,1.16147,1.16148,1.16116,1.16116
1788857100,1.161155,1.161435,1.161035,1.161285
1788857400,1.16129,1.161375,1.1611,1.16124
1788857700,1.161235,1.161265,1.160965,1.16106
1788858000,1.161055,1.161285,1.160915,1.16105
1788858300,1.16105,1.16152,1.160965,1.160985
1788858600,1.16099,1.161195,1.16099,1.161175
1788858900,1.16117,1.161205,1.16108,1.16118
1788859200,1.161175,1.16131,1.161105,1.161165
1788859500,1.16117,1.161215,1.161075,1.16117
1788859800,1.161165,1.161355,1.161075,1.16118
1788860100,1.16119,1.161375,1.161165,1.161355
1788860400,1.16135,1.161655,1.16133,1.161405
1788860700,1.16141,1.161505,1.161195,1.161365
1788861000,1.16137,1.16148,1.16128,1.161365
1788861300,1.16137,1.161475,1.16131,1.16142
1788861600,1.161425,1.161425,1.161145,1.16121
1788861900,1.16121,1.161385,1.161165,1.16129
1788862200,1.16128,1.16143,1.16124,1.161355
1788862500,1.161355,1.161405,1.16115,1.161175
1788862800,1.161175,1.16169,1.16112,1.161155
1788863100,1.16116,1.161195,1.16107,1.161165
1788863400,1.16117,1.161175,1.160945,1.161035
1788863700,1.16104,1.161065,1.160895,1.16101
1788864000,1.16102,1.16104,1.16089,1.16095
1788864300,1.16095,1.161095,1.160925,1.16108
1788864600,1.16108,1.161335,1.161075,1.161215
1788864900,1.16122,1.161475,1.161175,1.16125
1788865200,1.161255,1.1613,1.161145,1.16122
1788865500,1.16121,1.16144,1.16107,1.1611
1788865800,1.161095,1.161125,1.160915,1.161085
1788866100,1.16108,1.16142,1.161035,1.161415
1788866400,1.16141,1.161465,1.16129,1.16145
1788866700,1.161445,1.161605,1.16137,1.16155
1788867000,1.161545,1.161605,1.16145,1.161535
1788867300,1.161535,1.16191,1.16146,1.161735
1788867600,1.16174,1.16176,1.161215,1.1613
1788867900,1.161305,1.16142,1.16114,1.16137
1788868200,1.16136,1.161405,1.160795,1.16099
1788868500,1.160985,1.16135,1.16095,1.161345
1788868800,1.16134,1.16149,1.1612,1.16144
1788869100,1.16145,1.1615,1.16136,1.16145
1788869400,1.16145,1.16146,1.16121,1.16129
1788869700,1.161285,1.16136,1.16108,1.16135
1788870000,1.161345,1.16151,1.1612,1.161415
1788870300,1.161415,1.161705,1.161375,1.161645
1788870600,1.161655,1.161915,1.16149,1.161855
1788870900,1.16185,1.161865,1.161615,1.16164
1788871200,1.161645,1.161735,1.16149,1.161585
1788871500,1.16159,1.161865,1.16149,1.16186
1788871800,1.161865,1.16193,1.161675,1.16191
1788872100,1.16191,1.162035,1.16185,1.16203
1788872400,1.162035,1.162235,1.16199,1.16222
1788872700,1.162225,1.16251,1.1622,1.16244
1788873000,1.162445,1.16251,1.16231,1.162385
1788873300,1.16239,1.162435,1.16227,1.162345
1788873600,1.162345,1.162755,1.16234,1.162525
1788873900,1.16252,1.162645,1.1622,1.162245
1788874200,1.16224,1.16244,1.162075,1.162085
1788874500,1.16208,1.162305,1.16189,1.1622
1788874800,1.162195,1.16225,1.16204,1.162135
1788875100,1.16214,1.16227,1.161965,1.1622
1788875400,1.1622,1.16235,1.1621,1.16226
1788875700,1.162265,1.162325,1.162105,1.162215
1788876000,1.16221,1.16249,1.162205,1.162415
1788876300,1.16242,1.162515,1.162155,1.162155
1788876600,1.16215,1.16215,1.1619,1.16199
1788876900,1.161985,1.162225,1.1619,1.16217
1788877200,1.162175,1.162555,1.162075,1.16252
1788877500,1.162525,1.16274,1.16242,1.1626
1788877800,1.162605,1.162805,1.16259,1.16277
1788878100,1.162765,1.163055,1.162745,1.162945
1788878400,1.16294,1.1631,1.162795,1.163035
1788878700,1.163045,1.16313,1.16291,1.16297
1788879000,1.162965,1.16305,1.1627,1.162815
1788879300,1.16281,1.163115,1.162625,1.163115
1788879600,1.16312,1.163225,1.16292,1.1631
1788879900,1.163105,1.16323,1.16305,1.163205
1788880200,1.163205,1.16339,1.163125,1.16313
1788880500,1.16313,1.163305,1.163065,1.16315
1788880800,1.163145,1.163165,1.162885,1.16305
1788881100,1.16305,1.16328,1.16293,1.162955
1788881400,1.16297,1.163125,1.16284,1.16285
1788881700,1.16285,1.162855,1.16269,1.162765
1788882000,1.162765,1.16285,1.1627,1.162765
1788882300,1.16277,1.162805,1.16264,1.16272
1788882600,1.162725,1.162825,1.16268,1.162745
1788882900,1.16274,1.16278,1.162645,1.162645
1788883200,1.16265,1.16266,1.16255,1.16263
1788883500,1.162635,1.16264,1.16235,1.16236
1788883800,1.162355,1.162395,1.16223,1.16224
1788884100,1.16224,1.16236,1.16215,1.162205
1788884400,1.162205,1.16228,1.16208,1.16215
1788884700,1.16215,1.162375,1.162135,1.16235
1788885000,1.16235,1.162405,1.162305,1.16235
1788885300,1.16235,1.16239,1.16219,1.16227
1788885600,1.162275,1.16231,1.16209,1.162145
1788885900,1.16215,1.162225,1.162065,1.16222
1788886200,1.162215,1.162415,1.1622,1.162255
1788886500,1.16226,1.162365,1.162085,1.162355
1788886800,1.162365,1.16261,1.16235,1.16259
1788887100,1.16259,1.16269,1.16255,1.16263
1788887400,1.162625,1.16274,1.162615,1.16264
1788887700,1.162635,1.1627,1.16261,1.162665
1788888000,1.16266,1.16267,1.16256,1.16266
1788888300,1.162655,1.16266,1.16251,1.16262
1788888600,1.162625,1.162645,1.16245,1.16245
1788888900,1.16245,1.16254,1.162385,1.1625
1788889200,1.16249,1.162495,1.16243,1.16244
1788889500,1.16244,1.162545,1.16244,1.162505
1788889800,1.162505,1.16265,1.162505,1.162555
1788890100,1.162555,1.162645,1.1625,1.162615
1788890400,1.16262,1.162655,1.162575,1.16261
1788890700,1.16261,1.162695,1.162545,1.162605
1788891000,1.1626,1.162665,1.16255,1.16257
1788891300,1.16257,1.16263,1.162455,1.162545
1788891600,1.162545,1.16272,1.16248,1.162705
1788891900,1.162705,1.162785,1.162645,1.162775
1788892200,1.16278,1.162985,1.162725,1.162955
1788892500,1.162955,1.163055,1.16293,1.163
1788892800,1.163,1.16306,1.162965,1.16306
1788893100,1.16306,1.16306,1.162205,1.16226
1788893400,1.162265,1.162665,1.16224,1.162655
1788893700,1.16265,1.1629,1.16254,1.162885
1788894000,1.16289,1.163035,1.162735,1.162945
1788894300,1.16295,1.163005,1.162635,1.162635
1788894600,1.162635,1.162685,1.16248,1.162625
1788894900,1.162625,1.16271,1.16258,1.16261
1788895200,1.162615,1.16272,1.162565,1.162565
1788895500,1.162565,1.16265,1.16253,1.162575
1788895800,1.162575,1.162675,1.162495,1.162555
1788896100,1.16256,1.1627,1.162475,1.162665
1788896400,1.162675,1.162735,1.162645,1.162695
1788896700,1.162695,1.162695,1.16255,1.162585
1788897000,1.162585,1.162595,1.16238,1.162445
1788897300,1.16244,1.162445,1.16225,1.16233
1788897600,1.162335,1.16254,1.162325,1.162415
1788897900,1.162415,1.162415,1.162265,1.1623
1788898200,1.1623,1.16237,1.162285,1.16237
1788898500,1.16237,1.16244,1.16234,1.1624
1788898800,1.162405,1.162455,1.162395,1.162395
1788899100,1.162395,1.162395,1.162185,1.162265
1788899400,1.162265,1.162345,1.16219,1.162295
1788899700,1.162295,1.16236,1.162295,1.162355
1788900000,1.162355,1.16236,1.16225,1.162295
1788900300,1.16229,1.16229,1.162225,1.162235
1788900600,1.16224,1.162365,1.16224,1.16236
1788900900,1.16235,1.16247,1.1623,1.16247
1788901200,1.16247,1.1627,1.162345,1.162565
1788901500,1.162565,1.16258,1.162375,1.162425
1788901800,1.162455,1.16255,1.162455,1.162515
1788902100,1.162515,1.162585,1.16247,1.16248
1788902400,1.16248,1.16253,1.16246,1.162505
1788902700,1.162505,1.16251,1.162495,1.16251
1788903000,1.16251,1.16251,1.16246,1.16246
1788903300,1.16246,1.162535,1.16245,1.16251
1788903600,1.162515,1.162535,1.162445,1.162475
1788903900,1.162475,1.16263,1.16244,1.16262
1788904200,1.16262,1.162695,1.16259,1.16267
1788904500,1.16267,1.162685,1.162615,1.162665
1788904800,1.16268,1.162685,1.162445,1.1626
1788905100,1.162595,1.162645,1.162575,1.162635
1788905400,1.162635,1.16266,1.16259,1.16264
1788905700,1.16264,1.16271,1.16264,1.162685
1788906000,1.162685,1.162705,1.162635,1.16268
1788906300,1.162675,1.162725,1.162665,1.162725
1788906600,1.16272,1.162745,1.162605,1.162605
1788906900,1.162605,1.162635,1.16258,1.162605
1788907200,1.162605,1.162605,1.162535,1.162565
1788907500,1.162565,1.16261,1.162555,1.16261
1788907800,1.162605,1.162615,1.16252,1.162535
1788908100,1.162535,1.162595,1.162525,1.16258
1788908400,1.162575,1.162615,1.16252,1.16252
1788908700,1.16252,1.162645,1.16252,1.162625
1788909000,1.162625,1.162635,1.162575,1.16259
1788909300,1.16259,1.16271,1.16259,1.162685
1788909600,1.162685,1.162705,1.16258,1.162675
1788909900,1.162675,1.162705,1.162655,1.162705
1788910200,1.1627,1.16274,1.162585,1.162585
1788910500,1.162585,1.162715,1.16258,1.162715
1788910800,1.162715,1.16287,1.162705,1.162835
1788911100,1.162835,1.16289,1.162735,1.162845
1788911400,1.16286,1.16286,1.16267,1.16274
1788911700,1.162745,1.162805,1.16269,1.162795
1788912000,1.16279,1.16317,1.16279,1.163165
1788912300,1.16315,1.163165,1.16296,1.163
1788912600,1.162995,1.163125,1.162955,1.163045
1788912900,1.16304,1.163195,1.162985,1.16316
1788913200,1.16316,1.16316,1.163005,1.16303
1788913500,1.163025,1.16316,1.16301,1.16315
1788913800,1.16316,1.163165,1.162975,1.163015
1788914100,1.16302,1.163105,1.162955,1.163065
1788914400,1.16306,1.16308,1.162975,1.16307
1788914700,1.163065,1.163095,1.16299,1.16309
1788915000,1.16309,1.16318,1.16299,1.163095
1788915300,1.1631,1.16323,1.163025,1.16323
1788915600,1.163235,1.16324,1.16289,1.162935
1788915900,1.16294,1.16311,1.162885,1.16308
1788916200,1.16308,1.16315,1.163065,1.16314
1788916500,1.163135,1.163245,1.163045,1.163075
1788916800,1.16308,1.16308,1.16279,1.16281
1788917100,1.162815,1.162905,1.16277,1.162875
1788917400,1.162875,1.162875,1.16275,1.162875
1788917700,1.162875,1.16293,1.162815,1.1629
1788918000,1.1629,1.162975,1.16286,1.162885
1788918300,1.162885,1.163065,1.162885,1.162945
1788918600,1.162945,1.163085,1.162935,1.163045
1788918900,1.16305,1.16316,1.163005,1.163125
1788919200,1.16312,1.163125,1.16297,1.162985
1788919500,1.162985,1.163045,1.162865,1.163015
1788919800,1.163015,1.16311,1.162945,1.163015
1788920100,1.16301,1.163045,1.16294,1.163015
1788920400,1.163015,1.163025,1.162825,1.162915
1788920700,1.162915,1.162925,1.162805,1.162845
1788921000,1.162835,1.16297,1.162825,1.162925
1788921300,1.16293,1.16293,1.162835,1.16289
1788921600,1.16289,1.162915,1.162865,1.162905
1788921900,1.162905,1.163185,1.1629,1.16307
1788922200,1.163065,1.16315,1.163015,1.163075
1788922500,1.163075,1.163155,1.162995,1.163105
1788922800,1.1631,1.16316,1.163045,1.16309
1788923100,1.16309,1.163185,1.163015,1.163055
1788923400,1.163055,1.16317,1.16301,1.16309
1788923700,1.16309,1.163105,1.162985,1.163085
1788924000,1.163085,1.163085,1.163,1.163055
1788924300,1.163055,1.16309,1.16299,1.163005
1788924600,1.162995,1.163015,1.162905,1.163015
1788924900,1.163015,1.16314,1.16301,1.16309
1788925200,1.163085,1.16314,1.16307,1.16312
1788925500,1.163115,1.16318,1.163115,1.163155
1788925800,1.16316,1.163205,1.163055,1.16308
1788926100,1.163075,1.163085,1.162975,1.163015
1788926400,1.16302,1.163135,1.162965,1.163125
1788926700,1.163125,1.163135,1.16307,1.16311
1788927000,1.16312,1.163125,1.16301,1.16308
1788927300,1.163085,1.16311,1.16303,1.163105
1788927600,1.1631,1.163225,1.163,1.16314
1788927900,1.16314,1.163345,1.16314,1.16327
1788928200,1.16327,1.16332,1.163205,1.16322
1788928500,1.16322,1.163275,1.163175,1.163205
1788928800,1.1632,1.163205,1.1631,1.16314
1788929100,1.163145,1.163195,1.16309,1.16315
1788929400,1.163145,1.16324,1.163135,1.16318
1788929700,1.163175,1.16329,1.163175,1.16329
1788930000,1.163295,1.163345,1.163195,1.16334
1788930300,1.163345,1.16349,1.16334,1.16349
1788930600,1.16349,1.163505,1.16337,1.1634
1788930900,1.1634,1.163495,1.163335,1.163495
1788931200,1.1635,1.16355,1.16345,1.163495
1788931500,1.16351,1.16369,1.16345,1.16359
1788931800,1.163595,1.16365,1.163405,1.163445
1788932100,1.163445,1.163485,1.16335,1.16344
1788932400,1.163445,1.16346,1.16333,1.16334
1788932700,1.16333,1.1634,1.16321,1.16339
1788933000,1.163385,1.163435,1.16329,1.16343
1788933300,1.163425,1.16351,1.163425,1.163435
1788933600,1.16344,1.16383,1.16344,1.163765
1788933900,1.16377,1.163795,1.163595,1.16361
1788934200,1.163605,1.164085,1.16354,1.16406
1788934500,1.164055,1.1645,1.16405,1.164485
1788934800,1.16447,1.16448,1.16416,1.164275
1788935100,1.16427,1.16429,1.16402,1.16403
1788935400,1.164035,1.164155,1.16388,1.164135
1788935700,1.16414,1.164245,1.164075,1.164125
1788936000,1.16412,1.16413,1.16373,1.16378
1788936300,1.163775,1.1639,1.163705,1.163865
1788936600,1.163865,1.16392,1.163725,1.16391
1788936900,1.163915,1.16398,1.163825,1.16383
1788937200,1.163835,1.16415,1.163835,1.16399
1788937500,1.163995,1.164085,1.16394,1.164085
1788937800,1.16408,1.16454,1.16408,1.164435
1788938100,1.16443,1.164565,1.16431,1.164315
1788938400,1.16432,1.164335,1.16378,1.16389
1788938700,1.163885,1.163985,1.16378,1.163935
1788939000,1.16393,1.16407,1.16374,1.16386
1788939300,1.163865,1.164235,1.163845,1.1642
1788939600,1.164205,1.164485,1.16418,1.164485
1788939900,1.16448,1.16494,1.16443,1.1646
1788940200,1.164605,1.164605,1.16429,1.16432
1788940500,1.164325,1.16438,1.16419,1.16427
1788940800,1.164275,1.164325,1.16382,1.163875
1788941100,1.16387,1.163955,1.163635,1.163645
1788941400,1.16365,1.163965,1.16361,1.163895
1788941700,1.1639,1.16395,1.16368,1.1639
1788942000,1.163905,1.16396,1.163685,1.163745
1788942300,1.16375,1.16379,1.163595,1.163685
1788942600,1.16369,1.16373,1.16355,1.163665
1788942900,1.163665,1.163685,1.163495,1.16357
1788943200,1.163575,1.16363,1.16339,1.16347
1788943500,1.163475,1.163695,1.163455,1.163615
1788943800,1.16361,1.163635,1.16344,1.163445
1788944100,1.16345,1.16352,1.16326,1.163285
1788944400,1.16328,1.163365,1.16316,1.163355
1788944700,1.163355,1.163415,1.163295,1.163375
1788945000,1.163375,1.163375,1.16305,1.163115
1788945300,1.16311,1.16338,1.163105,1.16332
1788945600,1.163315,1.163425,1.16324,1.163375
1788945900,1.16337,1.16348,1.163255,1.163305
1788946200,1.163305,1.16342,1.16319,1.16329
1788946500,1.16329,1.163315,1.163095,1.16323
1788946800,1.16323,1.163315,1.162995,1.163
1788947100,1.162995,1.163035,1.16275,1.16278
1788947400,1.16278,1.162795,1.16233,1.162375
1788947700,1.16238,1.162485,1.16224,1.162375
1788948000,1.16236,1.162525,1.162195,1.162435
1788948300,1.16244,1.16261,1.16242,1.162535
1788948600,1.16253,1.16284,1.16248,1.162515
1788948900,1.162505,1.16259,1.162355,1.162585
1788949200,1.16259,1.162735,1.162575,1.162605
1788949500,1.162605,1.16273,1.162555,1.16265
1788949800,1.16265,1.162925,1.16262,1.162925
1788950100,1.16293,1.163155,1.162905,1.16303
1788950400,1.163025,1.16305,1.162775,1.16278
1788950700,1.16278,1.16318,1.162775,1.163135
1788951000,1.163135,1.16335,1.163075,1.163085
1788951300,1.16308,1.163095,1.16294,1.16304
1788951600,1.16304,1.163245,1.16301,1.163235
1788951900,1.163235,1.16335,1.163195,1.163315
1788952200,1.163315,1.16335,1.163205,1.163305
1788952500,1.16331,1.163815,1.16322,1.16377
1788952800,1.16377,1.1641,1.16376,1.164055
1788953100,1.16405,1.16479,1.16401,1.164775
1788953400,1.16478,1.1648,1.164245,1.16465
1788953700,1.164655,1.16469,1.16424,1.1643
1788954000,1.16431,1.164605,1.16431,1.16438
1788954300,1.164385,1.164825,1.164295,1.164765
1788954600,1.16476,1.164885,1.164425,1.16444
1788954900,1.16443,1.16462,1.164315,1.164575
1788955200,1.16458,1.16499,1.16458,1.16493
1788955500,1.164935,1.165195,1.164795,1.165185
1788955800,1.16518,1.16543,1.16515,1.165235
1788956100,1.16524,1.165245,1.165085,1.16522
1788956400,1.16523,1.165245,1.164785,1.16488
1788956700,1.16488,1.164925,1.16457,1.164675
1788957000,1.164685,1.164725,1.164525,1.16462
1788957300,1.164615,1.164895,1.164555,1.1648
1788957600,1.164795,1.16483,1.164625,1.164635
1788957900,1.16464,1.16481,1.164325,1.16434
1788958200,1.164335,1.164555,1.164265,1.1644
1788958500,1.164405,1.164655,1.1644,1.164655
1788958800,1.16465,1.164875,1.16458,1.16477
1788959100,1.16477,1.164805,1.164655,1.16471
1788959400,1.164705,1.164855,1.16461,1.16482
1788959700,1.164815,1.164815,1.16448,1.16471
1788960000,1.164725,1.16473,1.16452,1.16471
1788960300,1.16471,1.164795,1.16464,1.164755
1788960600,1.16475,1.16495,1.16468,1.164905
1788960900,1.164905,1.16493,1.164605,1.16478
1788961200,1.16479,1.164925,1.16452,1.164865
1788961500,1.16487,1.165,1.164795,1.16485
1788961800,1.16486,1.164945,1.16459,1.164625
1788962100,1.164625,1.164795,1.16456,1.16475
1788962400,1.16475,1.16501,1.16466,1.164955
1788962700,1.16496,1.16512,1.164875,1.16495
1788963000,1.16495,1.165255,1.16484,1.16524
1788963300,1.165245,1.165295,1.16491,1.16501
1788963600,1.165015,1.165015,1.16451,1.164515
1788963900,1.16452,1.164735,1.1645,1.16471
1788964200,1.16471,1.16471,1.16449,1.16454
1788964500,1.16453,1.164715,1.164465,1.164615
1788964800,1.164615,1.16464,1.164445,1.16455
1788965100,1.164545,1.16462,1.164455,1.16456
1788965400,1.164565,1.164755,1.164545,1.164705
1788965700,1.16471,1.16485,1.164595,1.1648
1788966000,1.164805,1.16515,1.163515,1.16358
1788966300,1.163575,1.163675,1.16277,1.163205
1788966600,1.1632,1.1632,1.162305,1.16236
1788966900,1.162365,1.162525,1.16212,1.16225
1788967200,1.162245,1.16248,1.16201,1.162095
1788967500,1.1621,1.162555,1.16209,1.16251
1788967800,1.162515,1.162605,1.162355,1.1626
1788968100,1.162595,1.16348,1.16259,1.163415
1788968400,1.16342,1.163455,1.163015,1.16313
1788968700,1.16314,1.163225,1.162735,1.16289
1788969000,1.162895,1.163295,1.16284,1.162875
1788969300,1.162875,1.16289,1.162525,1.162705
1788969600,1.162715,1.16336,1.162705,1.163345
1788969900,1.16334,1.163395,1.16278,1.162875
1788970200,1.16288,1.163025,1.162815,1.162995
1788970500,1.16299,1.163015,1.162695,1.16285
1788970800,1.162855,1.16296,1.1627,1.162915
1788971100,1.16292,1.16301,1.162825,1.16295
1788971400,1.162945,1.163165,1.162875,1.16312
1788971700,1.163125,1.16338,1.16309,1.163375
1788972000,1.163375,1.16359,1.163345,1.1635
1788972300,1.163495,1.163915,1.16348,1.16386
1788972600,1.163855,1.16397,1.163715,1.163775
1788972900,1.16377,1.16377,1.163565,1.163585
1788973200,1.16359,1.16384,1.163495,1.163805
1788973500,1.163805,1.16412,1.163805,1.163995
1788973800,1.16399,1.16399,1.16382,1.163825
1788974100,1.16383,1.16392,1.16375,1.163835
1788974400,1.16384,1.16403,1.16383,1.164005
1788974700,1.164,1.16409,1.16396,1.16405
1788975000,1.164045,1.164045,1.16384,1.163875
1788975300,1.163875,1.163875,1.16363,1.16371
1788975600,1.163715,1.163945,1.16371,1.163845
1788975900,1.163845,1.16389,1.163815,1.16385
1788976200,1.163855,1.163855,1.16377,1.16379
1788976500,1.16379,1.163895,1.163785,1.163825
1788976800,1.16383,1.163965,1.163805,1.163885
1788977100,1.163885,1.163925,1.16373,1.16379
1788977400,1.16379,1.16391,1.163785,1.16382
1788977700,1.163815,1.16382,1.16357,1.16358
1788978000,1.16358,1.163655,1.1635,1.16361
1788978300,1.16361,1.1637,1.163515,1.16358
1788978600,1.163575,1.163595,1.163335,1.163405
1788978900,1.163405,1.163415,1.16329,1.163315
1788979200,1.163315,1.163355,1.16308,1.16308
1788979500,1.16308,1.163095,1.162955,1.162965
1788979800,1.162965,1.16302,1.16284,1.16286
1788980100,1.16287,1.16296,1.162805,1.162935
1788980400,1.16294,1.16301,1.16267,1.162695
1788980700,1.162695,1.162785,1.162575,1.16272
1788981000,1.162715,1.162755,1.162605,1.16268
1788981300,1.162675,1.162785,1.162635,1.162755
1788981600,1.16278,1.16296,1.162745,1.162805
1788981900,1.162805,1.162835,1.162745,1.16275
1788982200,1.162745,1.162845,1.162725,1.162815
1788982500,1.162815,1.162915,1.162785,1.162905
1788982800,1.162905,1.162995,1.16289,1.162985
1788983100,1.16299,1.163165,1.16299,1.163115
1788983400,1.16311,1.16311,1.163005,1.163065
1788983700,1.163055,1.16317,1.163005,1.16312
1788984000,1.163125,1.163125,1.162875,1.16292
1788984300,1.162915,1.16297,1.162835,1.16287
1788984600,1.16287,1.162925,1.162855,1.162915
1788984900,1.16292,1.16292,1.16279,1.162815
1788985200,1.162815,1.1629,1.162815,1.1629
1788985500,1.162895,1.16295,1.162885,1.16295
1788985800,1.162955,1.163115,1.162955,1.163065
1788986100,1.16307,1.163175,1.16307,1.163085
1788986400,1.16309,1.163155,1.163085,1.16313
1788986700,1.163125,1.16326,1.163125,1.16324
1788987000,1.16323,1.16338,1.163225,1.163285
1788987300,1.16329,1.16339,1.163215,1.16334
1788987600,1.16334,1.163435,1.16308,1.16329
1788987900,1.16329,1.163685,1.16324,1.16367
1788988200,1.16367,1.163675,1.163415,1.163595
1788988500,1.16362,1.16365,1.16356,1.163605
1788988800,1.163605,1.163695,1.163565,1.16366
1788989100,1.16367,1.16369,1.1636,1.16362
1788989400,1.163595,1.16361,1.16359,1.163595
1788989700,1.163595,1.163625,1.16356,1.163585
1788990000,1.163585,1.16365,1.16358,1.163605
1788990300,1.163605,1.163615,1.16358,1.16361
1788990600,1.16361,1.16363,1.163555,1.163595
1788990900,1.163595,1.163595,1.163505,1.163535
1788991200,1.16353,1.16373,1.163345,1.16338
1788991500,1.16338,1.163535,1.163365,1.163535
1788991800,1.163535,1.16364,1.16353,1.163575
1788992100,1.16358,1.16371,1.16357,1.163695
1788992400,1.163695,1.163835,1.163695,1.16378
1788992700,1.16378,1.163835,1.163775,1.16379
1788993000,1.163785,1.163825,1.163675,1.16368
1788993300,1.16368,1.16368,1.163625,1.16363
1788993600,1.16363,1.163785,1.16363,1.163765
1788993900,1.163765,1.163765,1.163675,1.16368
1788994200,1.16368,1.16373,1.16367,1.16371
1788994500,1.16371,1.163795,1.163665,1.16377
1788994800,1.163765,1.163815,1.163735,1.163735
1788995100,1.163735,1.163755,1.16368,1.163685
1788995400,1.163685,1.163785,1.16368,1.16378
1788995700,1.16378,1.1638,1.16376,1.16376
1788996000,1.16376,1.16376,1.16366,1.16366
1788996300,1.16366,1.163735,1.163655,1.16368
1788996600,1.163685,1.163745,1.16361,1.16362
1788996900,1.16362,1.163675,1.163605,1.163635
1788997200,1.163635,1.16367,1.1635,1.163615
1788997500,1.163615,1.163625,1.16345,1.16351
1788997800,1.16351,1.16353,1.163355,1.163365
1788998100,1.163365,1.163405,1.16328,1.163395
1788998400,1.16339,1.163425,1.16319,1.16322
1788998700,1.16322,1.1633,1.163115,1.16327
1788999000,1.163265,1.163435,1.16321,1.16336
1788999300,1.16336,1.16346,1.16331,1.16333
1788999600,1.163335,1.16345,1.16314,1.16318
1788999900,1.16318,1.1633,1.163065,1.16307
1789000200,1.16307,1.16315,1.16295,1.163
1789000500,1.163,1.16323,1.16298,1.163205
1789000800,1.163205,1.16323,1.163105,1.163205
1789001100,1.16321,1.16328,1.163115,1.163275
1789001400,1.16327,1.163405,1.16315,1.163225
1789001700,1.16322,1.163315,1.16309,1.16311
1789002000,1.16312,1.163325,1.163085,1.163245
1789002300,1.16325,1.16352,1.16324,1.16352
1789002600,1.163525,1.16356,1.163315,1.16353
1789002900,1.163525,1.163635,1.16341,1.163565
1789003200,1.16356,1.163565,1.163365,1.163375
1789003500,1.16338,1.163385,1.16322,1.16324
1789003800,1.163245,1.163435,1.1632,1.16343
1789004100,1.163425,1.163445,1.163305,1.16339
1789004400,1.163385,1.163415,1.16331,1.1634
1789004700,1.16341,1.163555,1.163365,1.163475
1789005000,1.16348,1.163855,1.16346,1.163795
1789005300,1.16379,1.16402,1.16378,1.163965
1789005600,1.16397,1.164115,1.163915,1.16396
1789005900,1.163955,1.164,1.16388,1.16393
1789006200,1.16393,1.163935,1.163765,1.16383
1789006500,1.163835,1.16385,1.163625,1.163735
1789006800,1.16373,1.163765,1.16361,1.16363
1789007100,1.16363,1.1637,1.163605,1.16364
1789007400,1.16364,1.16364,1.16341,1.16348
1789007700,1.163485,1.163725,1.16346,1.163665
1789008000,1.16367,1.16379,1.163615,1.163635
1789008300,1.163635,1.16376,1.16358,1.163725
1789008600,1.163725,1.163825,1.163665,1.163795
1789008900,1.16379,1.164,1.163755,1.16399
1789009200,1.16399,1.164025,1.16388,1.163975
1789009500,1.16397,1.16397,1.16368,1.16371
1789009800,1.163715,1.16376,1.16366,1.16367
1789010100,1.163675,1.16373,1.16362,1.16373
1789010400,1.16373,1.163735,1.16364,1.16371
1789010700,1.163705,1.16377,1.16368,1.16374
1789011000,1.163735,1.16379,1.163715,1.16378
1789011300,1.16378,1.16379,1.1637,1.1637
1789011600,1.1637,1.1637,1.16363,1.16369
1789011900,1.16369,1.163795,1.16369,1.16379
1789012200,1.163785,1.16379,1.16371,1.163715
1789012500,1.163715,1.16389,1.16371,1.163875
1789012800,1.16388,1.163895,1.163765,1.163815
1789013100,1.16381,1.163925,1.163795,1.163865
1789013400,1.16386,1.16404,1.163855,1.163945
1789013700,1.163945,1.16399,1.163935,1.163945
1789014000,1.163945,1.163945,1.16381,1.163815
1789014300,1.16381,1.16383,1.16378,1.16378
1789014600,1.16378,1.163885,1.16378,1.163825
1789014900,1.16382,1.1639,1.16381,1.16388
1789015200,1.16388,1.1639,1.163785,1.16379
1789015500,1.163785,1.16384,1.16375,1.163785
1789015800,1.163785,1.16379,1.163635,1.16364
1789016100,1.163645,1.16373,1.16363,1.16369
1789016400,1.163695,1.16382,1.16369,1.163765
1789016700,1.163765,1.16378,1.16371,1.16371
1789017000,1.163715,1.163825,1.163705,1.163825
1789017300,1.163825,1.1639,1.163785,1.16383
1789017600,1.16383,1.163875,1.163795,1.16384
1789017900,1.16384,1.163875,1.16378,1.163875
1789018200,1.16388,1.16402,1.163845,1.163985
1789018500,1.163985,1.164005,1.16376,1.163775
1789018800,1.163775,1.163905,1.16372,1.16375
1789019100,1.163745,1.163925,1.163745,1.16386
1789019400,1.16387,1.164075,1.163865,1.163985
1789019700,1.163985,1.16404,1.16397,1.16403
1789020000,1.164025,1.164025,1.163915,1.163975
1789020300,1.16398,1.164,1.16393,1.163975
1789020600,1.16398,1.163985,1.16377,1.163815
1789020900,1.16382,1.16395,1.16377,1.163915
1789021200,1.16392,1.16396,1.163805,1.163895
1789021500,1.16389,1.163985,1.16388,1.16397
1789021800,1.163975,1.164,1.16379,1.163975
1789022100,1.16397,1.163995,1.163935,1.163975
1789022400,1.16399,1.16399,1.163775,1.16382
1789022700,1.163825,1.16398,1.16382,1.163925
1789023000,1.163925,1.163965,1.163655,1.163955
1789023300,1.16396,1.164025,1.163915,1.16399
1789023600,1.163985,1.163985,1.16366,1.16369
1789023900,1.163695,1.163715,1.16357,1.16367
1789024200,1.16367,1.16383,1.16363,1.163785
1789024500,1.163775,1.163905,1.16372,1.163875
1789024800,1.163875,1.16397,1.16384,1.163945
1789025100,1.16395,1.163965,1.163775,1.1639
1789025400,1.163905,1.164175,1.163905,1.164085
1789025700,1.164085,1.164185,1.16386,1.16392
1789026000,1.16391,1.164105,1.163865,1.164085
1789026300,1.16409,1.16412,1.16387,1.16391
1789026600,1.1639,1.16413,1.163895,1.164125
1789026900,1.16412,1.16413,1.16391,1.163985
1789027200,1.16398,1.164,1.1637,1.16373
1789027500,1.163735,1.163765,1.163625,1.163705
1789027800,1.16371,1.16374,1.16355,1.16358
1789028100,1.16358,1.16374,1.16356,1.16372
1789028400,1.16372,1.16381,1.163695,1.16381
1789028700,1.16381,1.163875,1.163705,1.163865
1789029000,1.16387,1.16389,1.16357,1.163855
1789029300,1.163855,1.16397,1.163785,1.163795
1789029600,1.163795,1.16384,1.1636,1.163655
1789029900,1.163655,1.163785,1.16365,1.163675
1789030200,1.163675,1.16384,1.16358,1.163645
1789030500,1.16364,1.163805,1.163445,1.163795
1789030800,1.16379,1.16392,1.163735,1.16376
1789031100,1.163765,1.1639,1.1637,1.163835
1789031400,1.163835,1.164035,1.163785,1.16403
1789031700,1.16403,1.16404,1.1639,1.163925
1789032000,1.163925,1.163925,1.16364,1.16364
1789032300,1.163645,1.16377,1.16352,1.16369
1789032600,1.163695,1.1637,1.163375,1.16348
1789032900,1.163485,1.163485,1.16333,1.163425
1789033200,1.163415,1.163465,1.163125,1.163315
1789033500,1.16332,1.16345,1.163215,1.163285
1789033800,1.16329,1.163365,1.16314,1.1633
1789034100,1.163305,1.16351,1.163305,1.16348
1789034400,1.163475,1.163715,1.163355,1.163685
1789034700,1.16368,1.163815,1.163595,1.163705
1789035000,1.16371,1.16374,1.163495,1.163535
1789035300,1.16352,1.163615,1.16342,1.16342
1789035600,1.163425,1.16351,1.16325,1.16331
1789035900,1.16331,1.16335,1.16305,1.16306
1789036200,1.163055,1.16309,1.16254,1.162625
1789036500,1.16262,1.162625,1.16234,1.16251
1789036800,1.162505,1.16257,1.162375,1.162395
1789037100,1.16239,1.16251,1.162345,1.16247
1789037400,1.162475,1.16267,1.162445,1.16254
1789037700,1.162535,1.162985,1.16252,1.162775
1789038000,1.16277,1.16287,1.162645,1.16272
1789038300,1.16273,1.162765,1.162425,1.162425
1789038600,1.162425,1.162485,1.16229,1.162445
1789038900,1.16244,1.16255,1.162325,1.16249
1789039200,1.16249,1.1625,1.16217,1.16219
1789039500,1.16219,1.162565,1.16218,1.16233
1789039800,1.162335,1.162455,1.162265,1.162285
1789040100,1.16228,1.162455,1.16223,1.162455
1789040400,1.16245,1.162635,1.162435,1.162635
1789040700,1.16264,1.162695,1.16229,1.162495
1789041000,1.162495,1.162495,1.16222,1.162385
1789041300,1.16238,1.16238,1.16151,1.161705
1789041600,1.16171,1.161945,1.161475,1.161545
1789041900,1.16155,1.161765,1.1614,1.16155
1789042200,1.161555,1.161805,1.161355,1.161515
1789042500,1.16152,1.161665,1.16102,1.161535
1789042800,1.16154,1.162035,1.161395,1.16202
1789043100,1.162015,1.162485,1.16201,1.162215
1789043400,1.162255,1.162785,1.15973,1.15977
1789043700,1.159775,1.160215,1.15921,1.15951
1789044000,1.159525,1.16029,1.15934,1.16014
1789044300,1.160125,1.1609,1.160105,1.16086
1789044600,1.160865,1.160975,1.160305,1.160475
1789044900,1.16047,1.16058,1.16,1.160465
1789045200,1.16047,1.16061,1.160165,1.16053
1789045500,1.160535,1.16075,1.16004,1.1601
1789045800,1.160095,1.160415,1.16001,1.16005
1789046100,1.160045,1.16033,1.159995,1.160095
1789046400,1.1601,1.160495,1.160005,1.160025
1789046700,1.16002,1.16036,1.15976,1.16028
1789047000,1.16027,1.16099,1.16018,1.160835
1789047300,1.16084,1.161295,1.160825,1.16107
1789047600,1.161075,1.161795,1.16101,1.1616
1789047900,1.161595,1.16191,1.161575,1.16186
1789048200,1.161865,1.161875,1.161375,1.161385
1789048500,1.16139,1.16146,1.16105,1.16113
1789048800,1.16114,1.16187,1.161135,1.161835
1789049100,1.16183,1.16206,1.161755,1.16189
1789049400,1.161885,1.16227,1.16187,1.161945
1789049700,1.16195,1.162065,1.161615,1.16173
1789050000,1.161735,1.16251,1.161715,1.162365
1789050300,1.162355,1.16252,1.16173,1.16215
1789050600,1.162155,1.162585,1.162,1.162555
1789050900,1.16256,1.162885,1.16231,1.16236
1789051200,1.162355,1.16271,1.16234,1.16246
1789051500,1.162455,1.16276,1.16245,1.16263
1789051800,1.162625,1.162805,1.16245,1.162625
1789052100,1.16263,1.162955,1.16262,1.162945
1789052400,1.16294,1.162985,1.16252,1.16282
1789052700,1.162825,1.162925,1.16261,1.16277
1789053000,1.162775,1.163155,1.16272,1.162855
1789053300,1.16285,1.163115,1.16277,1.16279
1789053600,1.162785,1.16304,1.1627,1.162735
1789053900,1.16274,1.16274,1.16241,1.162495
1789054200,1.16249,1.16281,1.16246,1.162775
1789054500,1.16278,1.162945,1.162755,1.1629
1789054800,1.16291,1.162935,1.16265,1.162775
1789055100,1.16278,1.16285,1.16243,1.162765
1789055400,1.16277,1.163025,1.16273,1.16278
1789055700,1.162785,1.162895,1.16267,1.1628
1789056000,1.162805,1.16288,1.162515,1.162515
1789056300,1.16252,1.162625,1.16236,1.16246
1789056600,1.162465,1.16266,1.16237,1.16254
1789056900,1.16253,1.16255,1.1624,1.16254
1789057200,1.16254,1.162835,1.162535,1.162835
1789057500,1.162835,1.162865,1.16256,1.162595
1789057800,1.162595,1.16263,1.16218,1.16223
1789058100,1.16224,1.162295,1.161975,1.16203
1789058400,1.162035,1.162205,1.161975,1.16218
1789058700,1.162185,1.16221,1.16208,1.162085
1789059000,1.16208,1.162195,1.16207,1.162125
1789059300,1.16213,1.162165,1.16185,1.16195
1789059600,1.16196,1.162095,1.16165,1.16194
1789059900,1.161935,1.161985,1.161785,1.161875
1789060200,1.16187,1.162185,1.16183,1.16214
1789060500,1.16214,1.16219,1.16206,1.16217
1789060800,1.16217,1.16231,1.16215,1.16222
1789061100,1.162225,1.16225,1.162085,1.162125
1789061400,1.16213,1.162245,1.162055,1.162095
1789061700,1.162095,1.162165,1.161945,1.161975
1789062000,1.16198,1.16204,1.161865,1.161985
1789062300,1.16198,1.162105,1.1619,1.162075
1789062600,1.16207,1.16215,1.162,1.16213
1789062900,1.16213,1.16213,1.16187,1.16194
1789063200,1.16194,1.16196,1.161685,1.16181
1789063500,1.161805,1.161845,1.16156,1.161595
1789063800,1.161585,1.161585,1.16127,1.161335
1789064100,1.16134,1.161505,1.16128,1.161465
1789064400,1.16147,1.161685,1.16146,1.161585
1789064700,1.161585,1.16165,1.161425,1.161545
1789065000,1.16154,1.161555,1.16133,1.16147
1789065300,1.161475,1.161575,1.16143,1.16149
1789065600,1.16149,1.161585,1.161455,1.161575
1789065900,1.16157,1.16157,1.16128,1.161295
1789066200,1.161295,1.161615,1.161275,1.161445
1789066500,1.161445,1.161505,1.16128,1.16138
1789066800,1.161375,1.161375,1.161055,1.161115
1789067100,1.16111,1.16129,1.161035,1.161195
1789067400,1.161195,1.1612,1.1609,1.16099
1789067700,1.16099,1.161105,1.16095,1.161095
1789068000,1.16109,1.161285,1.16109,1.16125
1789068300,1.16125,1.161285,1.16112,1.16118
1789068600,1.161185,1.161285,1.16104,1.16114
1789068900,1.161135,1.161215,1.16101,1.16104
1789069200,1.161045,1.161235,1.16104,1.161155
1789069500,1.16115,1.161195,1.161115,1.161175
1789069800,1.16118,1.16122,1.16107,1.16117
1789070100,1.16117,1.161185,1.160975,1.161025
1789070400,1.161025,1.161025,1.16091,1.16096
1789070700,1.160955,1.161025,1.16091,1.160925
1789071000,1.160935,1.160955,1.160885,1.160945
1789071300,1.16095,1.160975,1.16075,1.16079
1789071600,1.16079,1.16079,1.160625,1.160665
1789071900,1.160655,1.16069,1.160545,1.16068
1789072200,1.16069,1.160905,1.16069,1.160845
1789072500,1.160845,1.16094,1.160805,1.16091
1789072800,1.160905,1.16092,1.160705,1.160725
1789073100,1.16073,1.16102,1.16073,1.16101
1789073400,1.161015,1.16107,1.16092,1.16101
1789073700,1.161015,1.161225,1.160935,1.16117
1789074000,1.16117,1.1615,1.16117,1.16132
1789074300,1.161315,1.161315,1.160775,1.160905
1789074600,1.160905,1.16093,1.16082,1.160925
1789074900,1.16093,1.16095,1.160865,1.160935
1789075200,1.160935,1.160985,1.160835,1.160895
1789075500,1.160895,1.16094,1.16084,1.1609
1789075800,1.1609,1.16094,1.16085,1.16087
1789076100,1.16087,1.16099,1.16083,1.160925
1789076400,1.160925,1.16107,1.160925,1.16097
1789076700,1.16097,1.160975,1.16092,1.160975
1789077000,1.160975,1.161075,1.160935,1.160975
1789077300,1.160975,1.161115,1.160775,1.16096
1789077600,1.16095,1.161135,1.16066,1.160885
1789077900,1.160885,1.16098,1.160825,1.160845
1789078200,1.160845,1.160895,1.160765,1.160865
1789078500,1.160865,1.160915,1.160855,1.1609
1789078800,1.160905,1.161025,1.1609,1.160945
1789079100,1.160945,1.160955,1.16086,1.16091
1789079400,1.160905,1.16097,1.16084,1.160955
1789079700,1.160955,1.16096,1.16089,1.160915
1789080000,1.160915,1.161015,1.16088,1.160945
1789080300,1.160945,1.16102,1.16094,1.161015
1789080600,1.161015,1.161075,1.161005,1.161025
1789080900,1.16103,1.16113,1.16101,1.16104
1789081200,1.161045,1.16113,1.160935,1.160935
1789081500,1.16094,1.160955,1.16088,1.160885
1789081800,1.160885,1.160955,1.160855,1.16095
1789082100,1.16095,1.161035,1.160935,1.161025
1789082400,1.161035,1.16104,1.160875,1.160895
1789082700,1.160895,1.160945,1.16085,1.160875
1789083000,1.160875,1.16098,1.16083,1.160925
1789083300,1.160925,1.16099,1.1609,1.160975
1789083600,1.160975,1.161025,1.160905,1.161025
1789083900,1.161035,1.161085,1.160915,1.16103
1789084200,1.161025,1.16108,1.160905,1.160965
1789084500,1.160955,1.16112,1.160955,1.16111
1789084800,1.161105,1.161375,1.161095,1.161205
1789085100,1.161195,1.16146,1.161175,1.16137
1789085400,1.16137,1.161445,1.161265,1.161285
1789085700,1.161295,1.161415,1.161215,1.161415
1789086000,1.161415,1.161445,1.16118,1.161205
1789086300,1.161205,1.16133,1.161115,1.16133
1789086600,1.161325,1.161365,1.1612,1.16128
1789086900,1.16128,1.161405,1.16127,1.161385
1789087200,1.16138,1.1614,1.161275,1.16133
1789087500,1.16133,1.161465,1.161295,1.161315
1789087800,1.16132,1.16143,1.16131,1.16133
1789088100,1.161345,1.161545,1.16131,1.16152
1789088400,1.161525,1.16166,1.161465,1.16165
1789088700,1.161655,1.161655,1.161555,1.161645
1789089000,1.16165,1.161705,1.1616,1.16164
1789089300,1.161645,1.161755,1.161585,1.161735
1789089600,1.16174,1.16175,1.16147,1.1615
1789089900,1.161505,1.16166,1.1615,1.161565
1789090200,1.161565,1.16161,1.16147,1.16152
1789090500,1.161525,1.161665,1.161525,1.161565
1789090800,1.161565,1.161565,1.16141,1.16143
1789091100,1.161425,1.16143,1.161205,1.161265
1789091400,1.161265,1.161365,1.161145,1.161155
1789091700,1.16115,1.161255,1.161095,1.161255
1789092000,1.161255,1.16127,1.16094,1.16099
1789092300,1.16099,1.161035,1.160895,1.161
1789092600,1.160995,1.16106,1.16093,1.160975
1789092900,1.160975,1.16098,1.16075,1.16085
1789093200,1.160845,1.16087,1.160695,1.160755
1789093500,1.16075,1.16075,1.16061,1.160615
1789093800,1.160615,1.160685,1.160555,1.1606
1789094100,1.1606,1.16074,1.16057,1.16072
1789094400,1.160715,1.160825,1.160695,1.160695
1789094700,1.1607,1.160835,1.160695,1.160825
1789095000,1.160815,1.16088,1.160775,1.160795
1789095300,1.16079,1.16083,1.160695,1.160735
1789095600,1.16074,1.160795,1.16066,1.16067
1789095900,1.160665,1.16068,1.16052,1.160615
1789096200,1.160625,1.16072,1.160625,1.160705
1789096500,1.160705,1.16073,1.16046,1.16049
1789096800,1.160495,1.16054,1.160165,1.16017
1789097100,1.160165,1.160255,1.16011,1.16012
1789097400,1.16012,1.16019,1.16002,1.16004
1789097700,1.160045,1.160225,1.160025,1.16012
1789098000,1.16012,1.160245,1.16012,1.16017
1789098300,1.160175,1.160175,1.15998,1.160005
1789098600,1.160005,1.160145,1.15997,1.16014
1789098900,1.160145,1.1603,1.160145,1.16017
1789099200,1.160165,1.16047,1.160045,1.16043
1789099500,1.16043,1.16053,1.16037,1.160495
1789099800,1.160495,1.16071,1.16049,1.160625
1789100100,1.16062,1.160755,1.160615,1.16073
1789100400,1.160725,1.16081,1.160705,1.16071
1789100700,1.16071,1.1608,1.1607,1.16078
1789101000,1.16078,1.1608,1.16062,1.16063
1789101300,1.160625,1.160645,1.16056,1.1606
1789101600,1.1606,1.160625,1.160525,1.160615
1789101900,1.160615,1.160675,1.1605,1.16053
1789102200,1.160525,1.160625,1.160485,1.1605
1789102500,1.160505,1.160545,1.16046,1.160465
1789102800,1.16046,1.160775,1.160425,1.160615
1789103100,1.160615,1.16089,1.16061,1.160855
1789103400,1.16085,1.160925,1.160735,1.1609
1789103700,1.160905,1.16105,1.16089,1.161005
1789104000,1.16101,1.16107,1.160955,1.161005
1789104300,1.160995,1.16104,1.16089,1.16104
1789104600,1.161045,1.16125,1.161045,1.16117
1789104900,1.161165,1.16138,1.16116,1.16128
1789105200,1.161275,1.161275,1.16106,1.16116
1789105500,1.16116,1.161325,1.160945,1.16095
1789105800,1.16095,1.161185,1.160945,1.16097
1789106100,1.16098,1.161155,1.160965,1.16099
1789106400,1.161,1.16118,1.160905,1.160945
1789106700,1.160945,1.16112,1.160895,1.160945
1789107000,1.160945,1.16134,1.1609,1.161275
1789107300,1.161265,1.16139,1.1611,1.161225
1789107600,1.16122,1.161255,1.161055,1.16112
1789107900,1.161125,1.16121,1.161045,1.16112
1789108200,1.161115,1.161255,1.160955,1.16097
1789108500,1.16097,1.161205,1.160915,1.161065
1789108800,1.161065,1.161105,1.16096,1.16101
1789109100,1.161005,1.161105,1.16095,1.16099
1789109400,1.160985,1.16117,1.16091,1.16117
1789109700,1.16119,1.16123,1.160925,1.161
1789110000,1.160995,1.16112,1.160755,1.160825
1789110300,1.16082,1.160895,1.1607,1.160765
1789110600,1.16076,1.160945,1.160745,1.160805
1789110900,1.1608,1.160825,1.16061,1.160765
1789111200,1.16077,1.161075,1.16076,1.161025
1789111500,1.161025,1.16103,1.1607,1.160715
1789111800,1.16071,1.160905,1.160665,1.16071
1789112100,1.16071,1.1609,1.16071,1.160795
1789112400,1.1608,1.16087,1.16041,1.160425
1789112700,1.16042,1.160425,1.16014,1.160305
1789113000,1.160305,1.16054,1.16027,1.16049
1789113300,1.160495,1.160565,1.160435,1.16056
1789113600,1.160565,1.16061,1.160325,1.160425
1789113900,1.16042,1.16053,1.1603,1.16032
1789114200,1.160325,1.16061,1.16026,1.160425
1789114500,1.16042,1.16046,1.160215,1.16029
1789114800,1.16029,1.16082,1.16023,1.16061
1789115100,1.160605,1.160615,1.160175,1.16019
1789115400,1.160195,1.16051,1.16016,1.16039
1789115700,1.160405,1.160465,1.16027,1.16034
1789116000,1.160335,1.16052,1.160335,1.16047
1789116300,1.16046,1.16052,1.16017,1.160245
1789116600,1.160245,1.16027,1.16002,1.16002
1789116900,1.160035,1.16004,1.15981,1.15991
1789117200,1.159905,1.16024,1.1598,1.15988
1789117500,1.15988,1.16001,1.15983,1.159835
1789117800,1.15984,1.159845,1.159575,1.159755
1789118100,1.159755,1.159975,1.15965,1.15997
1789118400,1.159975,1.160155,1.159925,1.16013
1789118700,1.160125,1.16017,1.15998,1.159985
1789119000,1.15999,1.160045,1.159815,1.15987
1789119300,1.15987,1.16003,1.15975,1.159815
1789119600,1.159815,1.15991,1.159755,1.15988
1789119900,1.15988,1.159885,1.15959,1.15969
1789120200,1.15969,1.15981,1.159655,1.159705
1789120500,1.159705,1.15972,1.15951,1.159615
1789120800,1.15962,1.159935,1.15937,1.15982
1789121100,1.15982,1.15987,1.15951,1.15952
1789121400,1.159515,1.15962,1.159405,1.15962
1789121700,1.159615,1.15962,1.15938,1.15943
1789122000,1.15943,1.159505,1.15933,1.15938
1789122300,1.159385,1.159385,1.159165,1.159215
1789122600,1.15922,1.159325,1.159085,1.15915
1789122900,1.15915,1.15933,1.159095,1.15928
1789123200,1.159275,1.159275,1.15902,1.159135
1789123500,1.159145,1.15915,1.15906,1.159095
1789123800,1.159095,1.15917,1.15901,1.15909
1789124100,1.159095,1.15924,1.15908,1.159225
1789124400,1.15922,1.15949,1.15916,1.159405
1789124700,1.159405,1.15944,1.15925,1.15942
1789125000,1.159415,1.15948,1.159275,1.15941
1789125300,1.159405,1.159405,1.159145,1.15927
1789125600,1.15927,1.15929,1.15914,1.15916
1789125900,1.15916,1.159425,1.159155,1.15936
1789126200,1.159365,1.15948,1.15925,1.159265
1789126500,1.15926,1.159385,1.15914,1.15921
1789126800,1.15921,1.15937,1.15914,1.15936
1789127100,1.15937,1.15948,1.15927,1.1593
1789127400,1.159305,1.15957,1.15922,1.159325
1789127700,1.15933,1.15933,1.159085,1.15915
1789128000,1.159145,1.159415,1.15914,1.159325
1789128300,1.15933,1.15949,1.15919,1.15922
1789128600,1.15924,1.159375,1.159195,1.15926
1789128900,1.159255,1.15931,1.159095,1.159205
1789129200,1.1592,1.1595,1.159175,1.159375
1789129500,1.159365,1.159755,1.15909,1.15969
1789129800,1.159705,1.15984,1.15693,1.158135
1789130100,1.15815,1.158885,1.15815,1.158635
1789130400,1.15863,1.15945,1.15852,1.159435
1789130700,1.15943,1.15997,1.159385,1.15955
1789131000,1.15955,1.160385,1.159445,1.15996
1789131300,1.159965,1.160325,1.159865,1.160305
1789131600,1.1603,1.16093,1.160175,1.16049
1789131900,1.160485,1.16066,1.16004,1.16019
1789132200,1.160185,1.160465,1.159975,1.16028
1789132500,1.160275,1.160365,1.159845,1.16001
1789132800,1.160015,1.16047,1.159915,1.160305
1789133100,1.1603,1.16086,1.160085,1.160425
1789133400,1.16043,1.160595,1.16009,1.16042
1789133700,1.160415,1.160625,1.160135,1.16051
1789134000,1.160505,1.16106,1.1601,1.16033
1789134300,1.160335,1.160985,1.160285,1.16087
1789134600,1.160865,1.16109,1.160615,1.160985
1789134900,1.16099,1.16136,1.16076,1.16126
1789135200,1.161255,1.16143,1.16076,1.16126
1789135500,1.161265,1.16153,1.16118,1.161425
1789135800,1.16142,1.16145,1.161095,1.1611
1789136100,1.161105,1.161255,1.16093,1.16121
1789136400,1.161215,1.16133,1.16095,1.161085
1789136700,1.161085,1.161085,1.160725,1.160805
1789137000,1.1608,1.16093,1.160585,1.16076
1789137300,1.160755,1.161115,1.16068,1.160825
1789137600,1.16083,1.161075,1.16072,1.160925
1789137900,1.16093,1.161435,1.160895,1.161235
1789138200,1.16123,1.16147,1.161015,1.161095
1789138500,1.1611,1.16149,1.16105,1.161395
1789138800,1.1614,1.161535,1.160935,1.16109
1789139100,1.16108,1.161255,1.16094,1.161035
1789139400,1.161035,1.16106,1.160545,1.160755
1789139700,1.16075,1.1609,1.1607,1.16078
1789140000,1.160785,1.16093,1.16052,1.160595
1789140300,1.16059,1.160615,1.16041,1.16048
1789140600,1.160475,1.160555,1.16039,1.1605
1789140900,1.160505,1.16056,1.16027,1.16031
1789141200,1.160315,1.160385,1.16011,1.16027
1789141500,1.16028,1.16038,1.160025,1.160255
1789141800,1.16026,1.160305,1.160135,1.16021
1789142100,1.160215,1.16036,1.160095,1.16035
1789142400,1.160345,1.16049,1.16027,1.160445
1789142700,1.16044,1.160475,1.160295,1.16036
1789143000,1.160355,1.16041,1.16018,1.1602
1789143300,1.160205,1.16053,1.160195,1.16048
1789143600,1.160485,1.160645,1.16048,1.16055
1789143900,1.160565,1.16074,1.160475,1.160485
1789144200,1.16049,1.16057,1.16026,1.16037
1789144500,1.160375,1.16039,1.16003,1.16004
1789144800,1.160035,1.1602,1.159975,1.160025
1789145100,1.16003,1.160285,1.159985,1.160085
1789145400,1.16008,1.160085,1.159845,1.159935
1789145700,1.159935,1.16002,1.15986,1.15997
1789146000,1.15997,1.15997,1.159655,1.15968
1789146300,1.15968,1.15998,1.15962,1.15969
1789146600,1.15969,1.15981,1.15962,1.159705
1789146900,1.15971,1.159915,1.159645,1.15983
1789147200,1.15983,1.16,1.159805,1.15999
1789147500,1.159985,1.16008,1.15994,1.159945
1789147800,1.15995,1.160025,1.159885,1.15991
1789148100,1.159905,1.15998,1.15982,1.159955
1789148400,1.159955,1.16005,1.159865,1.159935
1789148700,1.159935,1.159995,1.15985,1.159965
1789149000,1.15997,1.16004,1.159885,1.160015
1789149300,1.160015,1.160045,1.159775,1.159825
1789149600,1.159815,1.15998,1.15979,1.15994
1789149900,1.15994,1.15996,1.15987,1.15987
1789150200,1.15987,1.159905,1.159815,1.15984
1789150500,1.15984,1.159875,1.159775,1.159845
1789150800,1.15985,1.15987,1.159525,1.15967
1789151100,1.15967,1.159695,1.159505,1.159595
1789151400,1.1596,1.15963,1.15935,1.159425
1789151700,1.15943,1.15944,1.159235,1.15929
1789152000,1.15929,1.159375,1.15923,1.159275
1789152300,1.159275,1.159275,1.15919,1.15922
1789152600,1.159215,1.15945,1.15921,1.15945
1789152900,1.159445,1.159595,1.15941,1.15958
1789153200,1.159585,1.159585,1.159395,1.159435
1789153500,1.159435,1.159585,1.159325,1.159565
1789153800,1.159565,1.15973,1.15956,1.15972
1789154100,1.159715,1.15977,1.15955,1.159565
1789154400,1.159565,1.159695,1.15956,1.159685
1789154700,1.159695,1.159735,1.15961,1.15961
1789155000,1.159625,1.159685,1.159585,1.15967
1789155300,1.15967,1.15973,1.15947,1.159535
1789155600,1.159535,1.159585,1.159495,1.159575
1789155900,1.159575,1.15962,1.159435,1.15944
1789156200,1.159435,1.159555,1.15943,1.15953
1789156500,1.15953,1.159665,1.159475,1.159595
1789156800,1.1596,1.159685,1.159585,1.159605
1789157100,1.159605,1.15964,1.159525,1.159585
1789157400,1.159585,1.159585,1.15929,1.159425
1789157700,1.159425,1.15944,1.15937,1.15943
1789158000,1.15943,1.159485,1.159385,1.15939
1789158300,1.159385,1.159445,1.15931,1.1594
1789158600,1.159395,1.15944,1.1592,1.1592
1789158900,1.159195,1.159285,1.159175,1.159265
1789159200,1.15927,1.15945,1.15926,1.159445
1789159500,1.15945,1.15956,1.15937,1.15945
1789159800,1.15945,1.1598,1.15945,1.15975
1789160100,1.15977,1.159945,1.15969,1.159945
1789333200,1.159945,1.159945,1.15969,1.159705
1789333500,1.159705,1.159785,1.159705,1.159755
1789333800,1.159755,1.159815,1.159735,1.159735
1789334100,1.15973,1.15974,1.15972,1.159735
1789334400,1.159735,1.15978,1.159715,1.159765
1789334700,1.159765,1.159825,1.159675,1.15968
1789335000,1.15968,1.15968,1.15965,1.15965
1789335300,1.15965,1.1597,1.159645,1.159685
1789335600,1.159685,1.159695,1.15965,1.159675
1789335900,1.159675,1.15973,1.15966,1.159685
1789336200,1.159685,1.159705,1.1596,1.159655
1789336500,1.159655,1.15969,1.15937,1.15954
1789336800,1.159535,1.159745,1.159495,1.159605
1789337100,1.15953,1.15972,1.15942,1.15947
1789337400,1.15947,1.159615,1.15937,1.15947
1789337700,1.15946,1.15953,1.159275,1.159285
1789338000,1.159275,1.15932,1.15904,1.15905
1789338300,1.159055,1.15918,1.159,1.159155
1789338600,1.15915,1.159245,1.15909,1.159115
1789338900,1.159125,1.159175,1.159005,1.15902
1789339200,1.15902,1.159185,1.15897,1.159185
1789339500,1.159185,1.159205,1.159075,1.159165
1789339800,1.15916,1.15917,1.158965,1.159025
1789340100,1.159015,1.159105,1.15896,1.15909
1789340400,1.159095,1.159185,1.15906,1.15916
1789340700,1.159165,1.15924,1.15914,1.159215
1789341000,1.159215,1.159285,1.15908,1.159115
1789341300,1.159115,1.159115,1.158985,1.159015
1789341600,1.159015,1.15905,1.15896,1.159035
1789341900,1.159035,1.159115,1.158965,1.159115
1789342200,1.15911,1.159185,1.15899,1.159145
1789342500,1.159145,1.159165,1.15898,1.15903
1789342800,1.15903,1.159185,1.15897,1.15913
1789343100,1.159135,1.159365,1.159105,1.159195
1789343400,1.159195,1.15927,1.15917,1.15922
1789343700,1.159215,1.159435,1.1592,1.159345
1789344000,1.15934,1.159565,1.159295,1.159435
1789344300,1.159435,1.159585,1.159335,1.159395
1789344600,1.159385,1.159425,1.15918,1.15927
1789344900,1.15927,1.159365,1.159085,1.159085
1789345200,1.159085,1.159115,1.15886,1.15894
1789345500,1.158945,1.158965,1.158515,1.158565
1789345800,1.15857,1.158795,1.15853,1.158635
1789346100,1.15864,1.15874,1.158575,1.158595
1789346400,1.158595,1.158655,1.1585,1.15858
1789346700,1.158585,1.158695,1.15858,1.158595
1789347000,1.158595,1.158805,1.158585,1.158805
1789347300,1.158795,1.158885,1.158615,1.158775
1789347600,1.158775,1.158815,1.158565,1.158595
1789347900,1.15859,1.158675,1.158385,1.158435
1789348200,1.158435,1.15854,1.158385,1.15841
1789348500,1.158405,1.15846,1.15835,1.15839
1789348800,1.158385,1.158695,1.158355,1.158655
1789349100,1.158655,1.15878,1.158615,1.15875
1789349400,1.158755,1.15876,1.15851,1.1586
1789349700,1.158595,1.158815,1.158595,1.158765
1789350000,1.158765,1.158865,1.15874,1.158865
1789350300,1.158865,1.158875,1.158735,1.158735
1789350600,1.158735,1.158735,1.1586,1.15862
1789350900,1.15862,1.158685,1.15856,1.15861
1789351200,1.1586,1.158685,1.15855,1.15866
1789351500,1.158655,1.15885,1.1586,1.158815
1789351800,1.158815,1.158845,1.158695,1.158745
1789352100,1.158745,1.15877,1.1587,1.158705
1789352400,1.158705,1.158795,1.15868,1.15875
1789352700,1.158745,1.158745,1.158675,1.15873
1789353000,1.158735,1.158755,1.158545,1.158565
1789353300,1.158555,1.158615,1.158455,1.158455
1789353600,1.15846,1.15854,1.15842,1.158495
1789353900,1.158495,1.158575,1.158405,1.158515
1789354200,1.158515,1.158535,1.15833,1.158335
1789354500,1.158335,1.15837,1.15811,1.158155
1789354800,1.158155,1.158175,1.157655,1.157695
1789355100,1.157695,1.15788,1.157685,1.157775
1789355400,1.15778,1.157795,1.157525,1.157555
1789355700,1.157555,1.157625,1.15737,1.157455
1789356000,1.15746,1.157475,1.157345,1.157345
1789356300,1.157345,1.1574,1.157275,1.157385
1789356600,1.157385,1.157395,1.157015,1.157015
1789356900,1.157025,1.15727,1.157015,1.15715
1789357200,1.157155,1.157155,1.156955,1.15699
1789357500,1.156975,1.157005,1.15691,1.156985
1789357800,1.156985,1.157095,1.156965,1.157085
1789358100,1.157085,1.157115,1.157005,1.157055
1789358400,1.157055,1.157085,1.156955,1.157025
1789358700,1.157025,1.157055,1.156705,1.15679
1789359000,1.156785,1.15688,1.156785,1.15682
1789359300,1.156825,1.156875,1.15679,1.156805
1789359600,1.156805,1.15683,1.1566,1.156625
1789359900,1.156625,1.15678,1.1565,1.15653
1789360200,1.156525,1.156645,1.156485,1.156605
1789360500,1.15661,1.156645,1.15659,1.156635
1789360800,1.156635,1.156655,1.15625,1.156285
1789361100,1.156295,1.156455,1.15623,1.15641
1789361400,1.15641,1.15656,1.156365,1.15656
1789361700,1.156565,1.156635,1.1565,1.156565
1789362000,1.15655,1.15657,1.15648,1.156485
1789362300,1.156485,1.156575,1.156415,1.156425
1789362600,1.156425,1.156505,1.15636,1.156495
1789362900,1.156485,1.156555,1.15645,1.156515
1789363200,1.15651,1.156655,1.1565,1.156625
1789363500,1.15663,1.15686,1.15662,1.15678
1789363800,1.156775,1.157025,1.15674,1.156925
1789364100,1.156925,1.15703,1.1569,1.156995
1789364400,1.15698,1.156995,1.15677,1.15696
1789364700,1.156955,1.157025,1.15679,1.1568
1789365000,1.156805,1.15697,1.15678,1.156965
1789365300,1.15697,1.15706,1.156945,1.157
1789365600,1.157005,1.157035,1.15653,1.156555
1789365900,1.156545,1.15659,1.15568,1.15614
1789366200,1.156145,1.15621,1.15586,1.155895
1789366500,1.1559,1.1559,1.155245,1.15526
1789366800,1.155265,1.15569,1.15513,1.15559
1789367100,1.155585,1.155745,1.15551,1.15552
1789367400,1.155515,1.15579,1.155505,1.155615
1789367700,1.155615,1.15592,1.15559,1.15583
1789368000,1.155825,1.15601,1.15564,1.155905
1789368300,1.1559,1.15597,1.15532,1.1554
1789368600,1.1554,1.15553,1.15515,1.155155
1789368900,1.15515,1.15528,1.15508,1.15527
1789369200,1.155265,1.15558,1.155145,1.15557
1789369500,1.155565,1.15557,1.155405,1.15549
1789369800,1.15549,1.15572,1.15548,1.155715
1789370100,1.155715,1.155785,1.15556,1.155625
1789370400,1.155625,1.155725,1.155415,1.15542
1789370700,1.155415,1.15573,1.15541,1.15545
1789371000,1.155445,1.15546,1.15525,1.15537
1789371300,1.155375,1.15542,1.155265,1.15528
1789371600,1.15528,1.15534,1.15477,1.15492
1789371900,1.15492,1.155015,1.15476,1.154825
1789372200,1.15483,1.154845,1.15428,1.154395
1789372500,1.15439,1.15457,1.15437,1.15446
1789372800,1.154465,1.154495,1.15402,1.154325
1789373100,1.154325,1.15433,1.153915,1.15402
1789373400,1.154015,1.15403,1.153645,1.153655
1789373700,1.15365,1.15377,1.15355,1.15369
1789374000,1.15368,1.1537,1.15345,1.153525
1789374300,1.15352,1.15369,1.153505,1.153545
1789374600,1.15353,1.15373,1.15343,1.153645
1789374900,1.153645,1.154075,1.153625,1.153925
1789375200,1.15392,1.15399,1.153735,1.153735
1789375500,1.153735,1.153955,1.153715,1.153895
1789375800,1.15389,1.15409,1.153825,1.15387
1789376100,1.153865,1.153975,1.15371,1.153795
1789376400,1.1538,1.1541,1.153785,1.153985
1789376700,1.15398,1.154145,1.15386,1.154015
1789377000,1.15401,1.15409,1.153735,1.153815
1789377300,1.153805,1.153845,1.15354,1.153695
1789377600,1.1537,1.154045,1.153635,1.15404
1789377900,1.154035,1.15434,1.153955,1.15432
1789378200,1.154315,1.15444,1.15407,1.154325
1789378500,1.15432,1.15439,1.15416,1.15426
1789378800,1.154255,1.15459,1.154175,1.154265
1789379100,1.15427,1.154385,1.15411,1.154185
1789379400,1.15418,1.154365,1.154075,1.154355
1789379700,1.15436,1.154395,1.15412,1.15418
1789380000,1.154185,1.154185,1.153785,1.15398
1789380300,1.15398,1.154145,1.153895,1.153985
1789380600,1.15399,1.154185,1.153915,1.15406
1789380900,1.154055,1.1542,1.154,1.154185
1789381200,1.15418,1.154185,1.1537,1.153935
1789381500,1.15393,1.154135,1.15391,1.154125
1789381800,1.154115,1.154175,1.154015,1.15403
1789382100,1.154035,1.15419,1.154015,1.154125
1789382400,1.15412,1.15415,1.15397,1.15409
1789382700,1.154085,1.15415,1.15396,1.15398
1789383000,1.15398,1.154045,1.1538,1.154045
1789383300,1.15404,1.154185,1.153975,1.15403
1789383600,1.154035,1.15434,1.154025,1.15434
1789383900,1.15435,1.15444,1.154205,1.15423
1789384200,1.15423,1.154495,1.15423,1.154485
1789384500,1.154485,1.15469,1.15442,1.154645
1789384800,1.15465,1.15473,1.154615,1.15468
1789385100,1.154685,1.154875,1.154625,1.15483
1789385400,1.154825,1.15498,1.154715,1.154775
1789385700,1.154785,1.154875,1.15477,1.154845
1789386000,1.15485,1.154875,1.1547,1.154705
1789386300,1.1547,1.15474,1.154415,1.154615
1789386600,1.154605,1.154805,1.15459,1.15468
1789386900,1.15469,1.154845,1.15469,1.15479
1789387200,1.154785,1.155,1.154695,1.154995
1789387500,1.154995,1.155215,1.154995,1.155125
1789387800,1.15512,1.155145,1.15487,1.154915
1789388100,1.15491,1.15514,1.154625,1.154635
1789388400,1.15463,1.154755,1.154215,1.154255
1789388700,1.154255,1.154255,1.15404,1.154105
1789389000,1.1541,1.154225,1.153625,1.15373
1789389300,1.15373,1.153865,1.15304,1.153055
1789389600,1.15306,1.15346,1.15296,1.1534
1789389900,1.153395,1.153585,1.15335,1.153565
1789390200,1.15356,1.15356,1.15297,1.153035
1789390500,1.15304,1.15332,1.15304,1.153235
1789390800,1.15323,1.153245,1.15294,1.15306
1789391100,1.15306,1.153205,1.152935,1.153165
1789391400,1.15317,1.15367,1.15317,1.153635
1789391700,1.15363,1.15371,1.153515,1.15363
1789392000,1.153625,1.153715,1.153565,1.15363
1789392300,1.153635,1.15366,1.15335,1.153505
1789392600,1.15351,1.153745,1.15341,1.15364
1789392900,1.153645,1.15368,1.1534,1.15342
1789393200,1.153415,1.153485,1.153215,1.153425
1789393500,1.153425,1.153505,1.152815,1.152845
1789393800,1.15285,1.15312,1.152435,1.15252
1789394100,1.152515,1.152615,1.15232,1.152525
1789394400,1.15252,1.152645,1.152375,1.152505
1789394700,1.1525,1.153085,1.1525,1.15307
1789395000,1.153085,1.15358,1.153085,1.153525
1789395300,1.15353,1.153705,1.153395,1.153645
1789395600,1.15364,1.15368,1.15286,1.15286
1789395900,1.152865,1.15324,1.15282,1.153185
1789396200,1.15319,1.15364,1.153125,1.15364
1789396500,1.153645,1.153955,1.15361,1.153885
1789396800,1.15388,1.15422,1.15382,1.154195
1789397100,1.1542,1.154275,1.154095,1.154145
1789397400,1.15415,1.154205,1.15359,1.153715
1789397700,1.15372,1.153935,1.153615,1.15371
1789398000,1.15372,1.15386,1.153585,1.153735
1789398300,1.15373,1.15479,1.153715,1.15426
1789398600,1.154265,1.15437,1.15408,1.15411
1789398900,1.154105,1.154135,1.15381,1.154065
1789399200,1.15407,1.15414,1.153935,1.15412
1789399500,1.154115,1.15435,1.15411,1.15417
1789399800,1.154175,1.154555,1.15392,1.15441
1789400100,1.15442,1.15481,1.1544,1.1548
1789400400,1.154805,1.155015,1.154475,1.154845
1789400700,1.15485,1.154875,1.15451,1.154595
1789401000,1.1546,1.15487,1.154535,1.15481
1789401300,1.154805,1.15494,1.15477,1.154815
1789401600,1.15482,1.154995,1.15479,1.15485
1789401900,1.15485,1.155065,1.154815,1.15501
1789402200,1.155015,1.155245,1.15499,1.155075
1789402500,1.15508,1.15528,1.155075,1.155105
1789402800,1.1551,1.15531,1.15509,1.1553
1789403100,1.1553,1.15537,1.155045,1.15512
1789403400,1.155125,1.15525,1.155005,1.15511
1789403700,1.1551,1.15547,1.15495,1.15545
1789404000,1.155445,1.155895,1.155445,1.155815
1789404300,1.155815,1.1563,1.155775,1.156165
1789404600,1.15616,1.156355,1.15611,1.156155
1789404900,1.15615,1.156225,1.156,1.156025
1789405200,1.15602,1.156155,1.15583,1.155915
1789405500,1.15592,1.15604,1.155895,1.155965
1789405800,1.155965,1.15604,1.15582,1.15585
1789406100,1.155865,1.15594,1.15579,1.155815
1789406400,1.155825,1.155935,1.155765,1.15582
1789406700,1.155815,1.155905,1.155765,1.15581
1789407000,1.155805,1.15586,1.155655,1.155665
1789407300,1.155665,1.15576,1.15559,1.15569
1789407600,1.15569,1.155705,1.155495,1.15555
1789407900,1.15555,1.1556,1.155445,1.15557
1789408200,1.155575,1.15578,1.15554,1.15566
1789408500,1.155655,1.155825,1.15561,1.15562
1789408800,1.155625,1.155865,1.15554,1.155555
1789409100,1.15555,1.155655,1.15548,1.15565
1789409400,1.155645,1.15578,1.15564,1.155765
1789409700,1.155755,1.155795,1.15572,1.15577
1789410000,1.15576,1.155785,1.155605,1.15567
1789410300,1.155665,1.155765,1.155615,1.15566
1789410600,1.155655,1.15587,1.15564,1.155815
1789410900,1.15582,1.15593,1.155815,1.15585
1789411200,1.155845,1.155845,1.155695,1.15575
1789411500,1.155755,1.15576,1.15563,1.15566
1789411800,1.155655,1.155725,1.15557,1.1557
1789412100,1.155695,1.155745,1.1555,1.155705
1789412400,1.1557,1.155755,1.155605,1.155715
1789412700,1.15571,1.15577,1.155565,1.155745
1789413000,1.155745,1.155765,1.15565,1.15568
1789413300,1.155685,1.1557,1.15543,1.15549
1789413600,1.15549,1.155495,1.155335,1.155375
1789413900,1.155375,1.15545,1.1553,1.155305
1789414200,1.155305,1.15531,1.15513,1.155145
1789414500,1.155135,1.155295,1.155105,1.1552
1789414800,1.155195,1.155225,1.15514,1.155155
1789415100,1.155155,1.155165,1.154995,1.155005
1789415400,1.15501,1.155015,1.154845,1.1549
1789415700,1.154905,1.154945,1.15469,1.15474
1789416000,1.154735,1.15474,1.154465,1.15452
1789416300,1.15452,1.15461,1.154495,1.154565
1789416600,1.154565,1.15467,1.15451,1.15467
1789416900,1.154665,1.154735,1.15463,1.154735
1789417200,1.154735,1.154745,1.154705,1.15472
1789417500,1.154715,1.154745,1.154565,1.154685
1789417800,1.154685,1.15478,1.15467,1.154715
1789418100,1.154705,1.15479,1.15466,1.15478
1789418400,1.154775,1.15489,1.15475,1.154885
1789418700,1.15488,1.15493,1.15486,1.154875
1789419000,1.154885,1.15503,1.154885,1.154975
1789419300,1.15497,1.155075,1.15485,1.154855
1789419600,1.154855,1.154855,1.154855,1.154855
1789419900,1.155015,1.15521,1.15501,1.155035
1789420200,1.155035,1.15522,1.155005,1.15522
1789420500,1.15522,1.155225,1.154915,1.15504
1789420800,1.15504,1.155055,1.154915,1.15502
1789421100,1.15502,1.15511,1.15494,1.1551
1789421400,1.155045,1.155085,1.15493,1.155
1789421700,1.155,1.155105,1.154915,1.15503
1789422000,1.15503,1.15516,1.154935,1.15507
1789422300,1.15507,1.155145,1.15507,1.1551
1789422600,1.1551,1.155235,1.15509,1.15516
1789422900,1.15516,1.155315,1.15504,1.15504
1789423200,1.155015,1.155095,1.15488,1.15504
1789423500,1.155035,1.15506,1.15498,1.155035
1789423800,1.15503,1.15503,1.154965,1.15498
1789424100,1.15498,1.15503,1.154965,1.15503
1789424400,1.15503,1.155035,1.15496,1.15497
1789424700,1.15497,1.154985,1.15496,1.15497
1789425000,1.15497,1.155155,1.15497,1.155075
1789425300,1.155065,1.155105,1.155035,1.155095
1789425600,1.155095,1.155105,1.15507,1.155085
1789425900,1.155085,1.155105,1.155045,1.155085
1789426200,1.15509,1.15517,1.155075,1.15514
1789426500,1.15514,1.1552,1.155135,1.155175
1789426800,1.155165,1.155205,1.15513,1.155175
1789427100,1.155175,1.1552,1.155125,1.155175
1789427400,1.155175,1.155195,1.15513,1.155145
1789427700,1.155145,1.155145,1.155005,1.155015
1789428000,1.155015,1.155055,1.154975,1.155045
1789428300,1.155045,1.155065,1.154975,1.154995
1789428600,1.154995,1.155,1.154775,1.154865
1789428900,1.154865,1.15489,1.15484,1.154855
1789429200,1.154855,1.15491,1.154805,1.15489
1789429500,1.15489,1.154895,1.15479,1.154895
1789429800,1.15489,1.154895,1.154715,1.154715
1789430100,1.154715,1.15488,1.154685,1.154795
1789430400,1.15479,1.154845,1.15465,1.154695
1789430700,1.154695,1.154755,1.1546,1.154695
1789431000,1.1547,1.15473,1.154615,1.154635
1789431300,1.15464,1.1547,1.15452,1.15453
1789431600,1.15453,1.154605,1.154485,1.15458
1789431900,1.154585,1.154585,1.15437,1.154385
1789432200,1.154385,1.154455,1.154335,1.154345
1789432500,1.154345,1.154455,1.154315,1.15439
1789432800,1.15439,1.154435,1.154365,1.154385
1789433100,1.15439,1.154505,1.15439,1.15448
1789433400,1.15448,1.154565,1.154385,1.15446
1789433700,1.154455,1.15447,1.15434,1.154365
1789434000,1.15436,1.154395,1.154255,1.15436
1789434300,1.15436,1.154385,1.15413,1.15417
1789434600,1.15417,1.154265,1.15416,1.154235
1789434900,1.154235,1.15435,1.154165,1.154165
1789435200,1.15417,1.15421,1.15397,1.15397
1789435500,1.153975,1.153975,1.153785,1.15385
1789435800,1.153845,1.153975,1.153805,1.153915
1789436100,1.153915,1.153915,1.153755,1.15384
1789436400,1.15384,1.15388,1.15373,1.15373
1789436700,1.153735,1.15394,1.15372,1.15391
1789437000,1.15391,1.15397,1.153845,1.153845
1789437300,1.153845,1.153855,1.15376,1.153825
1789437600,1.153825,1.153985,1.15378,1.1538
1789437900,1.1538,1.153845,1.15374,1.15378
1789438200,1.153775,1.153795,1.15367,1.15368
1789438500,1.153675,1.15378,1.15367,1.15377
1789438800,1.153775,1.15378,1.15363,1.15368
1789439100,1.15368,1.1538,1.153665,1.153685
1789439400,1.15369,1.1537,1.15362,1.153625
1789439700,1.153625,1.153675,1.153555,1.153635
1789440000,1.153635,1.15369,1.153625,1.153645
1789440300,1.153645,1.153955,1.153645,1.153955
1789440600,1.153955,1.154,1.153935,1.154
1789440900,1.154,1.154095,1.153995,1.154055
1789441200,1.15405,1.154105,1.154005,1.154085
1789441500,1.154085,1.154085,1.153935,1.154015
1789441800,1.154015,1.154045,1.15388,1.153895
1789442100,1.153895,1.154005,1.15383,1.15399
1789442400,1.15399,1.154,1.15373,1.15385
1789442700,1.15386,1.15391,1.153805,1.153885
1789443000,1.153885,1.15394,1.153845,1.153855
1789443300,1.153855,1.153875,1.153725,1.153735
1789443600,1.15373,1.153795,1.153715,1.15378
1789443900,1.153775,1.15384,1.153735,1.153745
1789444200,1.15374,1.153835,1.153725,1.1538
1789444500,1.153795,1.153825,1.15372,1.153735
1789444800,1.153735,1.153775,1.153635,1.153645
1789445100,1.153645,1.153705,1.153625,1.153695
1789445400,1.153695,1.153725,1.153625,1.153685
1789445700,1.153685,1.153715,1.153545,1.15355
1789446000,1.153555,1.153615,1.153515,1.15354
1789446300,1.15354,1.153615,1.153465,1.153595
1789446600,1.153595,1.1537,1.153565,1.153665
1789446900,1.153665,1.1538,1.15363,1.15378
1789447200,1.15378,1.15385,1.153655,1.153695
1789447500,1.153695,1.153735,1.15366,1.153695
1789447800,1.153695,1.153795,1.15366,1.153745
1789448100,1.153765,1.153795,1.153685,1.15369
1789448400,1.153695,1.153755,1.153595,1.1536
1789448700,1.1536,1.15361,1.153515,1.153545
1789449000,1.153545,1.153705,1.153515,1.153675
1789449300,1.153675,1.153695,1.153455,1.153455
1789449600,1.153455,1.153525,1.153435,1.153505
1789449900,1.153505,1.153615,1.15349,1.153615
1789450200,1.153605,1.15362,1.15335,1.15341
1789450500,1.15342,1.153515,1.153395,1.15346
1789450800,1.153465,1.15376,1.153465,1.153715
1789451100,1.153715,1.153785,1.153705,1.153705
1789451400,1.153705,1.153825,1.153645,1.15365
1789451700,1.153655,1.15367,1.153455,1.153525
1789452000,1.153525,1.15362,1.153305,1.1534
1789452300,1.1534,1.153405,1.153255,1.15326
1789452600,1.15326,1.153505,1.153215,1.153455
1789452900,1.15345,1.15345,1.152995,1.15305
1789453200,1.15305,1.15305,1.152725,1.152755
1789453500,1.152755,1.15294,1.152735,1.15289
1789453800,1.152895,1.152995,1.152735,1.152945
1789454100,1.152945,1.15301,1.152845,1.152945
1789454400,1.152945,1.15303,1.152805,1.152835
1789454700,1.152825,1.15286,1.1527,1.152795
1789455000,1.152795,1.153045,1.152785,1.153045
1789455300,1.153035,1.153405,1.153015,1.153395
1789455600,1.1534,1.153525,1.153215,1.153305
1789455900,1.153315,1.153655,1.153265,1.153645
1789456200,1.153655,1.153785,1.153545,1.153665
1789456500,1.153665,1.153805,1.1536,1.153685
1789456800,1.153685,1.153795,1.153595,1.15372
1789457100,1.153725,1.153925,1.153705,1.153885
1789457400,1.15389,1.153995,1.153815,1.153895
1789457700,1.153895,1.153965,1.153685,1.153685
1789458000,1.153685,1.153995,1.153575,1.15391
1789458300,1.153905,1.154095,1.153895,1.154005
1789458600,1.154015,1.154025,1.15368,1.153805
1789458900,1.153795,1.15407,1.15374,1.154065
1789459200,1.154065,1.15407,1.153565,1.153585
1789459500,1.153585,1.153755,1.153555,1.15364
1789459800,1.153645,1.15387,1.153535,1.15379
1789460100,1.153785,1.153935,1.15365,1.153855
1789460400,1.153845,1.15389,1.1537,1.153785
1789460700,1.15378,1.153985,1.15363,1.153735
1789461000,1.153735,1.153795,1.15348,1.153555
1789461300,1.153555,1.15398,1.153525,1.153875
1789461600,1.15389,1.153975,1.15343,1.153435
1789461900,1.15344,1.15352,1.153355,1.153465
1789462200,1.15347,1.153505,1.15323,1.153275
1789462500,1.153285,1.15348,1.153255,1.15331
1789462800,1.153315,1.153515,1.153285,1.153495
1789463100,1.153495,1.15356,1.15343,1.153465
1789463400,1.153465,1.153695,1.153435,1.153645
1789463700,1.153645,1.153645,1.15324,1.153285
1789464000,1.153295,1.153465,1.15324,1.153295
1789464300,1.153295,1.1536,1.153295,1.15353
1789464600,1.15353,1.153585,1.15345,1.153475
1789464900,1.153475,1.153505,1.153365,1.153445
1789465200,1.153435,1.153605,1.153375,1.153405
1789465500,1.1534,1.15368,1.1534,1.1536
1789465800,1.1536,1.153785,1.15359,1.15376
1789466100,1.15376,1.153875,1.153715,1.153745
1789466400,1.15374,1.153815,1.15363,1.153655
1789466700,1.15366,1.153795,1.15365,1.153785
1789467000,1.153785,1.15399,1.15361,1.153655
1789467300,1.153655,1.15378,1.15361,1.153765
1789467600,1.153765,1.153985,1.15375,1.153905
1789467900,1.153905,1.153905,1.153745,1.153855
1789468200,1.153855,1.153965,1.15376,1.153955
1789468500,1.153955,1.153995,1.153895,1.153895
1789468800,1.153895,1.153925,1.15375,1.153755
1789469100,1.153755,1.15382,1.15366,1.15371
1789469400,1.15371,1.15386,1.15366,1.153665
1789469700,1.153665,1.153785,1.15345,1.153495
1789470000,1.1535,1.153625,1.15342,1.153515
1789470300,1.153515,1.15367,1.153505,1.153655
1789470600,1.153665,1.15377,1.153575,1.153755
1789470900,1.153755,1.15412,1.153755,1.154055
1789471200,1.154055,1.154295,1.154035,1.154085
1789471500,1.154075,1.15416,1.15399,1.154155
1789471800,1.154155,1.154185,1.154005,1.154185
1789472100,1.154185,1.154245,1.154045,1.154145
1789472400,1.154145,1.154215,1.154005,1.154065
1789472700,1.154065,1.15423,1.154065,1.15411
1789473000,1.154115,1.154135,1.153995,1.154135
1789473300,1.154135,1.154135,1.15386,1.153955
1789473600,1.153955,1.15422,1.153915,1.154205
1789473900,1.154205,1.154225,1.15388,1.153915
1789474200,1.153915,1.154135,1.153875,1.15402
1789474500,1.154025,1.15404,1.15383,1.153885
1789474800,1.15388,1.15412,1.153835,1.154095
1789475100,1.154095,1.15421,1.154035,1.154205
1789475400,1.154205,1.154545,1.154195,1.154545
1789475700,1.154545,1.15475,1.154525,1.154635
1789476000,1.154635,1.154655,1.154495,1.15459
1789476300,1.154595,1.15496,1.15448,1.154955
1789476600,1.154955,1.154965,1.15469,1.154835
1789476900,1.15483,1.154915,1.154625,1.154655
1789477200,1.154645,1.154835,1.15462,1.154775
1789477500,1.15478,1.154805,1.154605,1.154685
1789477800,1.154685,1.15482,1.15467,1.154745
1789478100,1.15474,1.154745,1.154375,1.15439
1789478400,1.154385,1.154575,1.15417,1.154545
1789478700,1.154535,1.154575,1.15431,1.15432
1789479000,1.15433,1.1544,1.15393,1.15412
1789479300,1.154125,1.15439,1.15403,1.154115
1789479600,1.154125,1.154395,1.154115,1.15439
1789479900,1.15439,1.15475,1.154345,1.15473
1789480200,1.154735,1.155045,1.154695,1.154995
1789480500,1.154995,1.15515,1.154915,1.15493
1789480800,1.154935,1.154985,1.154565,1.154595
1789481100,1.154595,1.15484,1.15458,1.154825
1789481400,1.1548,1.154875,1.154665,1.15485
1789481700,1.15485,1.155005,1.15453,1.15479
1789482000,1.15481,1.15494,1.15466,1.154885
1789482300,1.154895,1.155005,1.15467,1.154775
1789482600,1.154775,1.15519,1.154735,1.15477
1789482900,1.154775,1.154775,1.154045,1.15412
1789483200,1.154115,1.154365,1.15407,1.154275
1789483500,1.15428,1.154465,1.154275,1.154335
1789483800,1.154335,1.15468,1.154205,1.15465
1789484100,1.154645,1.15479,1.154225,1.154305
1789484400,1.15431,1.15446,1.154125,1.15437
1789484700,1.154365,1.154485,1.15428,1.154345
1789485000,1.154355,1.15448,1.153955,1.154035
1789485300,1.15404,1.154385,1.153995,1.154345
1789485600,1.15434,1.154545,1.154275,1.15451
1789485900,1.15452,1.15462,1.15446,1.154525
1789486200,1.15452,1.15455,1.154225,1.154325
1789486500,1.154325,1.154325,1.154005,1.154035
1789486800,1.15404,1.154245,1.154025,1.154045
1789487100,1.154045,1.15418,1.15389,1.15391
1789487400,1.153905,1.154195,1.15389,1.154005
1789487700,1.154,1.154325,1.153985,1.154165
1789488000,1.15417,1.154265,1.154055,1.154115
1789488300,1.15413,1.15413,1.153985,1.15409
1789488600,1.154095,1.15415,1.154045,1.154065
1789488900,1.154065,1.154165,1.153925,1.153955
1789489200,1.15395,1.154165,1.15391,1.15416
1789489500,1.15416,1.15417,1.15399,1.154
1789489800,1.154005,1.15418,1.15396,1.1541
1789490100,1.1541,1.154265,1.15402,1.15409
1789490400,1.154095,1.154105,1.153975,1.1541
1789490700,1.154105,1.154165,1.15401,1.15404
1789491000,1.15404,1.154285,1.15401,1.15425
1789491300,1.154255,1.154335,1.15422,1.154305
1789491600,1.1543,1.154375,1.15415,1.154175
1789491900,1.15417,1.154215,1.153995,1.154
1789492200,1.154005,1.15411,1.153935,1.154035
1789492500,1.15403,1.154095,1.15384,1.15384
1789492800,1.15384,1.153845,1.15373,1.1538
1789493100,1.1538,1.15386,1.15374,1.15379
1789493400,1.153795,1.153965,1.15379,1.15396
1789493700,1.153965,1.15402,1.153895,1.1539
1789494000,1.153905,1.15396,1.15385,1.153925
1789494300,1.15392,1.153965,1.153735,1.15375
1789494600,1.153745,1.15375,1.15367,1.15374
1789494900,1.153745,1.153805,1.15371,1.15375
1789495200,1.153745,1.153845,1.153625,1.153705
1789495500,1.153705,1.153875,1.153705,1.15382
1789495800,1.15382,1.15406,1.15381,1.15399
1789496100,1.153985,1.154095,1.15397,1.154095
1789496400,1.15409,1.154195,1.154085,1.154195
1789496700,1.154195,1.154355,1.15419,1.15431
1789497000,1.154305,1.15431,1.154025,1.154065
1789497300,1.15407,1.1541,1.154005,1.154015
1789497600,1.15402,1.15422,1.15398,1.154095
1789497900,1.1541,1.1543,1.154045,1.15427
1789498200,1.15426,1.15436,1.15425,1.154305
1789498500,1.154305,1.154305,1.154155,1.154285
1789498800,1.154285,1.15432,1.154125,1.15422
1789499100,1.15422,1.154245,1.154145,1.154235
1789499400,1.154235,1.15426,1.15415,1.15415
1789499700,1.154145,1.154195,1.15405,1.15407
1789500000,1.15407,1.15414,1.15401,1.154095
1789500300,1.154095,1.154095,1.15401,1.154085
1789500600,1.154085,1.154265,1.154065,1.154205
1789500900,1.154205,1.154255,1.154095,1.154105
1789501200,1.154105,1.15421,1.154085,1.154195
1789501500,1.154195,1.154235,1.154105,1.154215
1789501800,1.15421,1.15427,1.1541,1.154115
1789502100,1.15411,1.15416,1.154045,1.15408
1789502400,1.154075,1.154095,1.153985,1.154075
1789502700,1.154065,1.1541,1.153985,1.154015
1789503000,1.15401,1.154075,1.153915,1.153925
1789503300,1.15392,1.153955,1.153915,1.153955
1789503600,1.153955,1.153955,1.153865,1.153905
1789503900,1.1539,1.153975,1.15386,1.153975
1789504200,1.15397,1.154065,1.153965,1.153995
1789504500,1.153995,1.15401,1.15395,1.153995
1789504800,1.153985,1.154025,1.15396,1.153965
1789505100,1.153965,1.15408,1.153965,1.15407
1789505400,1.154065,1.15411,1.15401,1.15409
1789505700,1.154095,1.15426,1.15409,1.154245
1789506000,1.154245,1.154245,1.153595,1.153595
1789506300,1.153595,1.153735,1.153595,1.15372
1789506600,1.15372,1.15372,1.153595,1.153595
1789506900,1.15361,1.15374,1.1536,1.153675
1789507200,1.153675,1.153755,1.15367,1.15368
1789507500,1.15368,1.15369,1.153635,1.153635
1789507800,1.153635,1.15392,1.153635,1.15392
1789508100,1.15384,1.1539,1.15366,1.153765
1789508400,1.153765,1.153885,1.15372,1.153825
1789508700,1.153825,1.15389,1.15373,1.15384
1789509000,1.15384,1.15389,1.153735,1.15376
1789509300,1.153755,1.15439,1.153725,1.15412
1789509600,1.1541,1.154475,1.154015,1.15435
1789509900,1.15436,1.15436,1.15414,1.154305
1789510200,1.154305,1.154315,1.15419,1.154235
1789510500,1.154235,1.15427,1.1542,1.154225
1789510800,1.154235,1.1543,1.15422,1.154275
1789511100,1.154275,1.154285,1.154255,1.154265
1789511400,1.15426,1.15426,1.15417,1.15418
1789511700,1.15418,1.15424,1.154175,1.154215
1789512000,1.15421,1.15421,1.1541,1.154105
1789512300,1.1541,1.154115,1.15407,1.154075
1789512600,1.154075,1.15408,1.153995,1.154015
1789512900,1.154015,1.15403,1.15391,1.15391
1789513200,1.15391,1.153925,1.15378,1.15379
1789513500,1.15379,1.153805,1.15372,1.153745
1789513800,1.15375,1.15379,1.15373,1.153745
1789514100,1.153745,1.15383,1.15374,1.15382
1789514400,1.15382,1.15385,1.1538,1.153845
1789514700,1.153845,1.15386,1.153645,1.153695
1789515000,1.153695,1.15374,1.153685,1.15371
1789515300,1.15371,1.15371,1.15343,1.153475
1789515600,1.15348,1.153675,1.153435,1.153605
1789515900,1.153605,1.153745,1.153585,1.153745
1789516200,1.153745,1.15387,1.153705,1.15386
1789516500,1.15386,1.15386,1.153655,1.15366
1789516800,1.153655,1.15381,1.15364,1.153705
1789517100,1.15371,1.153825,1.153645,1.153655
1789517400,1.15365,1.153805,1.153635,1.153715
1789517700,1.15372,1.153905,1.15372,1.15388
1789518000,1.153875,1.153895,1.153775,1.1538
1789518300,1.153795,1.153795,1.15372,1.153735
1789518600,1.153735,1.153775,1.153575,1.153635
1789518900,1.153635,1.153635,1.15349,1.153495
1789519200,1.153495,1.153575,1.153455,1.15346
1789519500,1.15346,1.153485,1.15337,1.15342
1789519800,1.153425,1.153575,1.15337,1.153545
1789520100,1.153545,1.15357,1.153395,1.153535
1789520400,1.153535,1.153635,1.153475,1.153495
1789520700,1.153495,1.153495,1.153345,1.15337
1789521000,1.153365,1.15353,1.153305,1.15348
1789521300,1.153485,1.153525,1.15341,1.153415
1789521600,1.153415,1.153485,1.1534,1.15344
1789521900,1.15344,1.15347,1.15333,1.153335
1789522200,1.153335,1.15336,1.15322,1.15323
1789522500,1.15323,1.153285,1.15318,1.153245
1789522800,1.153245,1.153485,1.153235,1.153455
1789523100,1.153455,1.153485,1.153345,1.15339
1789523400,1.153385,1.153415,1.153315,1.15333
1789523700,1.153325,1.15338,1.15324,1.15325
1789524000,1.15325,1.15335,1.153235,1.153305
1789524300,1.15331,1.153615,1.153285,1.153605
1789524600,1.153605,1.15372,1.153605,1.15366
1789524900,1.153655,1.153805,1.153655,1.15371
1789525200,1.153705,1.153825,1.15366,1.153755
1789525500,1.153755,1.153915,1.15374,1.15382
1789525800,1.153825,1.15411,1.15382,1.154105
1789526100,1.15411,1.15425,1.15411,1.154215
1789526400,1.154215,1.154225,1.154025,1.15404
1789526700,1.15404,1.154135,1.15403,1.1541
1789527000,1.1541,1.154105,1.15394,1.15399
1789527300,1.153995,1.15423,1.153975,1.154215
1789527600,1.15422,1.15428,1.15417,1.154215
1789527900,1.15421,1.154275,1.15417,1.15423
1789528200,1.15424,1.154355,1.154225,1.154245
1789528500,1.15425,1.15436,1.15424,1.15434
1789528800,1.154345,1.15437,1.15429,1.154315
1789529100,1.154315,1.15433,1.15424,1.154245
1789529400,1.154245,1.15425,1.15417,1.15417
1789529700,1.15417,1.154175,1.15404,1.154085
1789530000,1.15408,1.1541,1.154025,1.15406
1789530300,1.154065,1.15407,1.15399,1.15404
1789530600,1.154045,1.154145,1.154,1.15413
1789530900,1.15413,1.154145,1.154095,1.154145
1789531200,1.154145,1.15427,1.154145,1.15423
1789531500,1.154215,1.15431,1.154205,1.154235
1789531800,1.154235,1.15432,1.15421,1.15428
1789532100,1.15428,1.154315,1.154205,1.154205
1789532400,1.15421,1.154355,1.15421,1.154305
1789532700,1.154305,1.15442,1.154265,1.15441
1789533000,1.15441,1.15458,1.1544,1.154405
1789533300,1.1544,1.1546,1.1544,1.1546
1789533600,1.154595,1.154605,1.15444,1.154465
1789533900,1.154465,1.154465,1.154365,1.154365
1789534200,1.154365,1.15443,1.154345,1.15443
1789534500,1.154425,1.154465,1.154395,1.154465
1789534800,1.154475,1.1545,1.1544,1.15441
1789535100,1.15441,1.154455,1.15434,1.15438
1789535400,1.15438,1.154585,1.15438,1.154515
1789535700,1.154515,1.154595,1.154465,1.154595
1789536000,1.154595,1.15463,1.15456,1.154595
1789536300,1.154595,1.15484,1.154585,1.154695
1789536600,1.1547,1.1548,1.154665,1.154765
1789536900,1.154755,1.154795,1.154635,1.15464
1789537200,1.15464,1.15464,1.154505,1.15456
1789537500,1.154565,1.154685,1.154555,1.154625
1789537800,1.154625,1.154865,1.154625,1.154815
1789538100,1.154805,1.15517,1.1548,1.154975
1789538400,1.15498,1.155085,1.154735,1.15479
1789538700,1.15479,1.154885,1.154625,1.15487
1789539000,1.15487,1.155105,1.15485,1.155025
1789539300,1.15503,1.1551,1.154945,1.155065
1789539600,1.155065,1.15507,1.154785,1.154785
1789539900,1.154775,1.154815,1.154725,1.15481
1789540200,1.154815,1.154865,1.154755,1.154795
1789540500,1.154795,1.154835,1.154655,1.154715
1789540800,1.154715,1.154735,1.15457,1.154705
1789541100,1.154695,1.154695,1.15443,1.154475
1789541400,1.154475,1.1547,1.154435,1.154615
1789541700,1.154625,1.154805,1.154575,1.154735
1789542000,1.154725,1.15487,1.154645,1.154775
1789542300,1.15477,1.15487,1.154695,1.154845
1789542600,1.154845,1.155095,1.15482,1.15507
1789542900,1.15507,1.155105,1.154865,1.15487
1789543200,1.15487,1.15504,1.154825,1.15483
1789543500,1.154825,1.155065,1.15468,1.15505
1789543800,1.15505,1.155495,1.155035,1.155235
1789544100,1.155235,1.155665,1.155235,1.155305
1789544400,1.1553,1.15534,1.15507,1.155185
1789544700,1.15519,1.155255,1.15503,1.155085
1789545000,1.155085,1.155085,1.15474,1.154785
1789545300,1.15478,1.154975,1.15478,1.154785
1789545600,1.15479,1.154855,1.154575,1.154635
1789545900,1.154635,1.154655,1.15447,1.154545
1789546200,1.154545,1.154655,1.154475,1.15453
1789546500,1.15453,1.154885,1.154475,1.1547
1789546800,1.1547,1.154975,1.15469,1.154705
1789547100,1.154705,1.154835,1.154525,1.154615
1789547400,1.15461,1.154675,1.1544,1.154515
1789547700,1.154515,1.1546,1.15448,1.154585
1789548000,1.15459,1.15468,1.154325,1.15433
1789548300,1.154325,1.154325,1.154075,1.154075
1789548600,1.154075,1.15414,1.15383,1.153905
1789548900,1.153905,1.154065,1.153895,1.153965
1789549200,1.153955,1.154045,1.153785,1.153835
1789549500,1.153835,1.15406,1.153835,1.154055
1789549800,1.154055,1.15442,1.154055,1.154245
1789550100,1.15424,1.154245,1.154035,1.154095
1789550400,1.154095,1.15411,1.15384,1.153875
1789550700,1.15388,1.154185,1.15386,1.154145
1789551000,1.154145,1.15426,1.154065,1.15419
1789551300,1.154195,1.15427,1.15404,1.15406
1789551600,1.15406,1.154165,1.15398,1.15415
1789551900,1.15415,1.15421,1.153935,1.153965
1789552200,1.153965,1.154085,1.153915,1.154005
1789552500,1.154005,1.154055,1.153895,1.153905
1789552800,1.15389,1.15402,1.1537,1.15371
1789553100,1.15371,1.153755,1.153555,1.153695
1789553400,1.153705,1.15386,1.15367,1.153735
1789553700,1.15374,1.154015,1.15374,1.154005
1789554000,1.153995,1.15401,1.153695,1.1537
1789554300,1.153695,1.1537,1.153585,1.153625
1789554600,1.153635,1.153635,1.153435,1.153485
1789554900,1.153485,1.153605,1.153445,1.1536
1789555200,1.1536,1.153745,1.153585,1.153735
1789555500,1.15374,1.15374,1.153515,1.15359
1789555800,1.153595,1.153635,1.153455,1.153545
1789556100,1.153545,1.153775,1.153485,1.15377
1789556400,1.15378,1.153875,1.15347,1.153475
1789556700,1.15347,1.15356,1.153295,1.153335
1789557000,1.153335,1.153375,1.153105,1.15333
1789557300,1.153345,1.15346,1.153245,1.153415
1789557600,1.153415,1.15356,1.153385,1.15349
1789557900,1.153485,1.153965,1.15348,1.15395
1789558200,1.153945,1.154065,1.153755,1.153935
1789558500,1.153935,1.154065,1.153805,1.153915
1789558800,1.15392,1.15392,1.15363,1.153855
1789559100,1.15385,1.154005,1.153705,1.15376
1789559400,1.153755,1.153815,1.153575,1.153645
1789559700,1.153645,1.153655,1.153455,1.153495
1789560000,1.15349,1.15378,1.15349,1.15371
1789560300,1.15372,1.153855,1.15358,1.153695
1789560600,1.153675,1.153675,1.153535,1.15356
1789560900,1.153565,1.15362,1.153355,1.15339
1789561200,1.153385,1.15339,1.153235,1.153275
1789561500,1.153285,1.15336,1.153005,1.153045
1789561800,1.1531,1.153535,1.152795,1.15342
1789562100,1.153415,1.153595,1.15337,1.15349
1789562400,1.15348,1.153735,1.15348,1.153585
1789562700,1.153565,1.153805,1.15345,1.153715
1789563000,1.153715,1.153885,1.153635,1.153655
1789563300,1.153645,1.15367,1.15345,1.153555
1789563600,1.15355,1.153615,1.15329,1.153415
1789563900,1.153415,1.153475,1.1532,1.15327
1789564200,1.153275,1.153725,1.153245,1.153665
1789564500,1.153675,1.15373,1.15335,1.153365
1789564800,1.153365,1.15358,1.15335,1.15357
1789565100,1.153575,1.153725,1.15348,1.153515
1789565400,1.153515,1.153775,1.1535,1.153775
1789565700,1.15378,1.15388,1.153695,1.153815
1789566000,1.153815,1.15388,1.153675,1.153725
1789566300,1.153715,1.153805,1.153375,1.15338
1789566600,1.153385,1.15359,1.153365,1.153475
1789566900,1.15348,1.153575,1.153175,1.153215
1789567200,1.15322,1.153335,1.153095,1.153265
1789567500,1.15327,1.153525,1.153135,1.153475
1789567800,1.153475,1.153785,1.153475,1.153715
1789568100,1.15371,1.153725,1.15327,1.15339
1789568400,1.153395,1.15369,1.15337,1.15357
1789568700,1.153575,1.15382,1.153575,1.153705
1789569000,1.153695,1.15387,1.15368,1.15377
1789569300,1.153765,1.154015,1.15369,1.153945
1789569600,1.153935,1.154135,1.1539,1.15398
1789569900,1.153975,1.154025,1.15385,1.15396
1789570200,1.15397,1.154005,1.15368,1.153775
1789570500,1.15377,1.153915,1.15353,1.153905
1789570800,1.153895,1.15411,1.153825,1.15386
1789571100,1.153865,1.154285,1.153845,1.15416
1789571400,1.154165,1.154235,1.153905,1.154055
1789571700,1.15406,1.154075,1.15388,1.153965
1789572000,1.153965,1.15399,1.153785,1.1539
1789572300,1.153905,1.153905,1.153645,1.153695
1789572600,1.1537,1.153715,1.1535,1.15352
1789572900,1.15352,1.153775,1.15348,1.1537
1789573200,1.153705,1.153705,1.153565,1.153605
1789573500,1.153605,1.154155,1.15355,1.15372
1789573800,1.153725,1.153815,1.15356,1.1537
1789574100,1.15371,1.153865,1.153625,1.153765
1789574400,1.15377,1.153835,1.15347,1.153485
1789574700,1.15349,1.153645,1.153425,1.153525
1789575000,1.15352,1.15369,1.153505,1.153665
1789575300,1.153675,1.153845,1.153665,1.153775
1789575600,1.15377,1.15381,1.15369,1.153785
1789575900,1.15378,1.153815,1.15361,1.15361
1789576200,1.15361,1.153645,1.153505,1.153625
1789576500,1.15362,1.153665,1.15351,1.15362
1789576800,1.153615,1.153695,1.15358,1.153675
1789577100,1.153675,1.153775,1.15363,1.153655
1789577400,1.15365,1.153675,1.15355,1.15356
1789577700,1.153565,1.153655,1.153455,1.153455
1789578000,1.15345,1.153455,1.153295,1.153325
1789578300,1.15333,1.15338,1.15326,1.15327
1789578600,1.153275,1.153275,1.153045,1.15312
1789578900,1.153115,1.15328,1.153105,1.153175
1789579200,1.153175,1.153275,1.153175,1.15322
1789579500,1.153205,1.15334,1.153205,1.15327
1789579800,1.153265,1.153415,1.15326,1.153285
1789580100,1.153285,1.15338,1.15321,1.15323
1789580400,1.15323,1.153435,1.15322,1.153365
1789580700,1.15337,1.153425,1.153345,1.15335
1789581000,1.153345,1.153435,1.153155,1.153245
1789581300,1.153245,1.153925,1.153155,1.153885
1789581600,1.1539,1.15477,1.150805,1.15145
1789581900,1.151455,1.1524,1.151115,1.15181
1789582200,1.1518,1.15186,1.15007,1.15012
1789582500,1.150125,1.150495,1.149795,1.150245
1789582800,1.15024,1.15063,1.14999,1.150015
1789583100,1.15001,1.150015,1.14971,1.149885
1789583400,1.14988,1.15,1.147935,1.14819
1789583700,1.148185,1.14908,1.147335,1.148615
1789584000,1.14862,1.14922,1.14796,1.14854
1789584300,1.148535,1.148865,1.148175,1.14845
1789584600,1.148455,1.148605,1.147045,1.14726
1789584900,1.14727,1.147585,1.14701,1.147055
1789585200,1.14706,1.148245,1.14703,1.147885
1789585500,1.14788,1.148,1.147105,1.147155
1789585800,1.14715,1.147245,1.14676,1.147125
1789586100,1.147135,1.147195,1.146545,1.146765
1789586400,1.146765,1.146975,1.146255,1.14662
1789586700,1.146625,1.1468,1.146245,1.14658
1789587000,1.146585,1.147175,1.146485,1.147155
1789587300,1.147155,1.147495,1.147065,1.147365
1789587600,1.147365,1.147655,1.14712,1.147175
1789587900,1.147165,1.147475,1.147025,1.14721
1789588200,1.14722,1.14727,1.147,1.147175
1789588500,1.14718,1.147265,1.146955,1.147195
1789588800,1.1472,1.147365,1.147065,1.14707
1789589100,1.14708,1.14708,1.14677,1.1469
1789589400,1.146905,1.14692,1.14665,1.1467
1789589700,1.1467,1.146765,1.14644,1.146445
1789590000,1.14645,1.14653,1.14625,1.14625
1789590300,1.14625,1.146395,1.146095,1.146395
1789590600,1.146395,1.14652,1.14623,1.14646
1789590900,1.146465,1.14678,1.146395,1.14658
1789591200,1.146575,1.1466,1.146345,1.14645
1789591500,1.146445,1.14673,1.14642,1.14661
1789591800,1.146615,1.146625,1.14645,1.146535
1789592100,1.14654,1.146625,1.146255,1.14649
1789592400,1.14649,1.146925,1.14649,1.14676
1789592700,1.14672,1.146725,1.14567,1.146265
1789593000,1.146265,1.14632,1.14612,1.146185
1789593300,1.146175,1.14635,1.146005,1.146075
1789593600,1.146075,1.14618,1.146005,1.146175
1789593900,1.146175,1.14623,1.146165,1.146195
1789594200,1.146195,1.14625,1.14615,1.1462
1789594500,1.14619,1.146255,1.146145,1.146225
1789594800,1.146225,1.14629,1.146165,1.146235
1789595100,1.146235,1.146375,1.146215,1.14634
1789595400,1.146345,1.14642,1.146205,1.14639
1789595700,1.14638,1.146465,1.146295,1.14632
1789596000,1.14631,1.14645,1.14615,1.14617
1789596300,1.14619,1.146465,1.14617,1.14639
1789596600,1.146405,1.146445,1.146335,1.146445
1789596900,1.14644,1.14661,1.146425,1.14659
1789597200,1.14659,1.14664,1.146565,1.14663
1789597500,1.14663,1.14683,1.146625,1.14674
1789597800,1.14674,1.146805,1.14671,1.146795
1789598100,1.146795,1.14683,1.14675,1.146795
1789598400,1.146795,1.146805,1.146785,1.146785
1789598700,1.146785,1.14685,1.14669,1.1467
1789599000,1.146705,1.14674,1.14661,1.146615
1789599300,1.14662,1.14672,1.14662,1.146685
1789599600,1.146675,1.146835,1.14657,1.14682
1789599900,1.146825,1.146835,1.14662,1.146735
1789600200,1.146735,1.14681,1.14673,1.146765
1789600500,1.146765,1.14688,1.146765,1.146785
1789600800,1.14679,1.1469,1.14679,1.146815
1789601100,1.146815,1.146825,1.146735,1.146735
1789601400,1.146735,1.146865,1.146735,1.146865
1789601700,1.146865,1.146935,1.146815,1.146875
1789602000,1.146875,1.147055,1.14677,1.146945
1789602300,1.14695,1.14698,1.14682,1.14698
1789602600,1.146985,1.147115,1.146955,1.146955
1789602900,1.14695,1.14702,1.14684,1.146855
1789603200,1.14685,1.14711,1.146765,1.14706
1789603500,1.14705,1.147325,1.14703,1.14721
1789603800,1.147215,1.147305,1.14709,1.147095
1789604100,1.147095,1.147115,1.14678,1.14684
1789604400,1.146835,1.14689,1.14669,1.14678
1789604700,1.146785,1.14687,1.146725,1.146745
1789605000,1.14675,1.1468,1.14667,1.146675
1789605300,1.146675,1.14668,1.14641,1.146425
1789605600,1.14643,1.146555,1.146375,1.14646
1789605900,1.14644,1.146545,1.146295,1.146375
1789606200,1.146375,1.146385,1.14596,1.146045
1789606500,1.14604,1.14614,1.14592,1.14593
1789606800,1.145935,1.146025,1.14575,1.14579
1789607100,1.145795,1.146185,1.145765,1.146115
1789607400,1.14611,1.146195,1.145845,1.146185
1789607700,1.14619,1.14633,1.146165,1.146205
1789608000,1.14621,1.146425,1.14613,1.14634
1789608300,1.146335,1.14635,1.146215,1.14628
1789608600,1.146275,1.146495,1.146245,1.14629
1789608900,1.14629,1.1463,1.145875,1.14589
1789609200,1.145885,1.145885,1.145775,1.145835
1789609500,1.14583,1.145885,1.145755,1.14582
1789609800,1.14582,1.14602,1.145815,1.14602
1789610100,1.146015,1.14602,1.145835,1.14586
1789610400,1.14586,1.14613,1.145845,1.14613
1789610700,1.146115,1.146295,1.14609,1.146155
1789611000,1.146155,1.146215,1.146015,1.14618
1789611300,1.146195,1.14622,1.146085,1.146165
1789611600,1.146165,1.146175,1.145965,1.145985
1789611900,1.145985,1.146065,1.145935,1.145935
1789612200,1.145935,1.14596,1.145735,1.14575
1789612500,1.145745,1.14597,1.145615,1.145955
1789612800,1.145955,1.146005,1.14589,1.14591
1789613100,1.145905,1.14594,1.145775,1.145845
1789613400,1.145845,1.14594,1.145685,1.145715
1789613700,1.145715,1.145805,1.145665,1.1458
1789614000,1.145805,1.145945,1.145725,1.145795
1789614300,1.145795,1.14608,1.145795,1.14601
1789614600,1.146015,1.146095,1.14599,1.146095
1789614900,1.146095,1.14611,1.14589,1.14606
1789615200,1.14606,1.14607,1.145885,1.14591
1789615500,1.14591,1.14594,1.145825,1.145835
1789615800,1.145835,1.14599,1.145835,1.145945
1789616100,1.14594,1.14611,1.14589,1.146105
1789616400,1.146105,1.146115,1.14593,1.14593
1789616700,1.145935,1.145955,1.145845,1.145905
1789617000,1.145905,1.14591,1.145835,1.1459
1789617300,1.145905,1.14616,1.145905,1.146015
1789617600,1.146015,1.146135,1.145945,1.146115
1789617900,1.146115,1.146195,1.14609,1.146175
1789618200,1.146175,1.146175,1.14603,1.146045
1789618500,1.146045,1.14618,1.145975,1.14616
1789618800,1.146165,1.146325,1.146165,1.146265
1789619100,1.146265,1.146265,1.146195,1.146225
1789619400,1.146225,1.14647,1.146175,1.146385
1789619700,1.146405,1.146565,1.146405,1.146435
1789620000,1.146435,1.14644,1.146305,1.146415
1789620300,1.146415,1.146605,1.146415,1.146555
1789620600,1.146555,1.14667,1.146505,1.14662
1789620900,1.146625,1.14668,1.146605,1.146635
1789621200,1.14664,1.14683,1.146635,1.146715
1789621500,1.146715,1.14672,1.146465,1.14652
1789621800,1.14652,1.14657,1.14646,1.146565
1789622100,1.146555,1.14656,1.146405,1.14643
1789622400,1.146435,1.146435,1.14633,1.14641
1789622700,1.14641,1.146555,1.14639,1.14651
1789623000,1.146505,1.146515,1.14635,1.14638
1789623300,1.146385,1.14651,1.14636,1.14644
1789623600,1.14644,1.146535,1.14643,1.146535
1789623900,1.14653,1.14661,1.14643,1.14661
1789624200,1.146615,1.14672,1.14658,1.14664
1789624500,1.146645,1.14668,1.146535,1.146665
1789624800,1.146655,1.14684,1.14658,1.146585
1789625100,1.14658,1.146865,1.146555,1.14685
1789625400,1.146855,1.147085,1.14679,1.147055
1789625700,1.147065,1.147135,1.146915,1.14713
1789626000,1.147125,1.14741,1.147095,1.147355
1789626300,1.14737,1.14765,1.147355,1.147625
1789626600,1.14762,1.147795,1.147485,1.14763
1789626900,1.147625,1.14776,1.147585,1.1476
1789627200,1.147595,1.147965,1.147595,1.14795
1789627500,1.147955,1.148155,1.14784,1.14811
1789627800,1.148105,1.148295,1.14806,1.14825
1789628100,1.148245,1.148355,1.147965,1.148005
1789628400,1.147995,1.148105,1.14756,1.147575
1789628700,1.147585,1.147995,1.147555,1.14788
1789629000,1.147875,1.14803,1.147695,1.14779
1789629300,1.147785,1.148145,1.147785,1.14793
1789629600,1.147935,1.14795,1.147775,1.14789
1789629900,1.147885,1.147995,1.147825,1.147985
1789630200,1.147975,1.14804,1.147815,1.147885
1789630500,1.147885,1.147925,1.14768,1.147895
1789630800,1.147895,1.147895,1.147615,1.14775
1789631100,1.14775,1.14776,1.147545,1.147695
1789631400,1.147685,1.147705,1.147165,1.147175
1789631700,1.147175,1.1474,1.147015,1.14735
1789632000,1.147355,1.147355,1.147175,1.14729
1789632300,1.14729,1.147345,1.14722,1.14726
1789632600,1.14726,1.147285,1.14673,1.146845
1789632900,1.14682,1.146995,1.146775,1.146995
1789633200,1.14698,1.147145,1.146755,1.146815
1789633500,1.14681,1.147025,1.146785,1.14699
1789633800,1.146975,1.147165,1.14692,1.147095
1789634100,1.147085,1.147235,1.147085,1.14722
1789634400,1.14723,1.147355,1.14715,1.14715
1789634700,1.147145,1.147335,1.14704,1.14725
1789635000,1.14726,1.147305,1.147025,1.14703
1789635300,1.147025,1.147365,1.147025,1.147285
1789635600,1.14729,1.14756,1.147225,1.147305
1789635900,1.1473,1.147675,1.14729,1.147615
1789636200,1.147615,1.147825,1.14759,1.147655
1789636500,1.14766,1.14766,1.147295,1.147305
1789636800,1.147295,1.147605,1.147235,1.147595
1789637100,1.147595,1.147595,1.147225,1.147495
1789637400,1.1475,1.14767,1.14733,1.147645
1789637700,1.14764,1.147675,1.14749,1.147585
1789638000,1.14758,1.14765,1.14749,1.1475
1789638300,1.147505,1.1476,1.147485,1.147555
1789638600,1.147555,1.14756,1.147185,1.147335
1789638900,1.147335,1.147445,1.14724,1.14725
1789639200,1.147255,1.147545,1.14724,1.14744
1789639500,1.147445,1.147805,1.147425,1.147745
1789639800,1.14774,1.148025,1.147695,1.1477
1789640100,1.14769,1.14784,1.14761,1.147755
1789640400,1.14776,1.147975,1.147755,1.14794
1789640700,1.147935,1.148045,1.147765,1.14797
1789641000,1.147975,1.148065,1.14771,1.14774
1789641300,1.147735,1.14789,1.14771,1.14773
1789641600,1.147735,1.147765,1.147485,1.147675
1789641900,1.14768,1.147845,1.147665,1.147775
1789642200,1.147775,1.147955,1.147675,1.147765
1789642500,1.14777,1.14791,1.147675,1.147845
1789642800,1.14785,1.147905,1.147605,1.147735
1789643100,1.147735,1.147745,1.147395,1.147635
1789643400,1.147635,1.1477,1.1474,1.14743
1789643700,1.147435,1.14755,1.147155,1.147165
1789644000,1.147155,1.147335,1.147095,1.147105
1789644300,1.1471,1.147215,1.1469,1.147175
1789644600,1.147175,1.147185,1.146865,1.14697
1789644900,1.14697,1.147105,1.146905,1.14699
1789645200,1.146985,1.147205,1.14683,1.147105
1789645500,1.147105,1.147105,1.146835,1.14692
1789645800,1.14692,1.14704,1.146875,1.147035
1789646100,1.147025,1.147495,1.146975,1.147355
1789646400,1.147345,1.147585,1.147195,1.147545
1789646700,1.14755,1.14819,1.147545,1.148125
1789647000,1.148135,1.14845,1.148095,1.148295
1789647300,1.14829,1.148855,1.148155,1.148855
1789647600,1.14884,1.149015,1.14868,1.148905
1789647900,1.148895,1.14958,1.148805,1.14955
1789648200,1.14957,1.14957,1.14906,1.149145
1789648500,1.149145,1.149155,1.148585,1.14868
1789648800,1.148685,1.148825,1.148435,1.148455
1789649100,1.148445,1.148685,1.148425,1.148535
1789649400,1.14855,1.14892,1.148465,1.14891
1789649700,1.148905,1.149205,1.1488,1.149145
1789650000,1.14914,1.149305,1.149045,1.149155
1789650300,1.149155,1.149155,1.14868,1.148685
1789650600,1.148695,1.148785,1.148525,1.14868
1789650900,1.148685,1.149005,1.14867,1.14889
1789651200,1.148895,1.149055,1.14867,1.148885
1789651500,1.14889,1.149095,1.14875,1.14887
1789651800,1.148865,1.148985,1.148765,1.148875
1789652100,1.14887,1.14909,1.14887,1.148955
1789652400,1.148965,1.14898,1.148495,1.148625
1789652700,1.14862,1.14913,1.148615,1.14895
1789653000,1.148945,1.149035,1.14881,1.148925
1789653300,1.14894,1.149055,1.148775,1.14888
1789653600,1.148875,1.14953,1.148795,1.149465
1789653900,1.149475,1.149785,1.14936,1.14973
1789654200,1.149725,1.149775,1.1494,1.14951
1789654500,1.149505,1.149625,1.149115,1.149135
1789654800,1.14914,1.14953,1.14905,1.149425
1789655100,1.149425,1.14947,1.14902,1.14904
1789655400,1.149045,1.14935,1.14902,1.14913
1789655700,1.14914,1.14922,1.148765,1.148765
1789656000,1.148755,1.149295,1.148755,1.14917
1789656300,1.14918,1.149435,1.149105,1.149175
1789656600,1.149175,1.149235,1.14878,1.148855
1789656900,1.14886,1.14903,1.148515,1.14861
1789657200,1.148615,1.148695,1.148395,1.14852
1789657500,1.148525,1.148785,1.148415,1.14842
1789657800,1.148415,1.148455,1.148205,1.148285
1789658100,1.14829,1.148485,1.14819,1.148475
1789658400,1.14848,1.14848,1.14816,1.148165
1789658700,1.148155,1.14818,1.14791,1.148005
1789659000,1.148,1.148025,1.14771,1.147785
1789659300,1.147795,1.14789,1.147685,1.14778
1789659600,1.147785,1.147935,1.147695,1.14781
1789659900,1.147805,1.147845,1.14756,1.147685
1789660200,1.147685,1.147925,1.147585,1.1479
1789660500,1.14789,1.14789,1.14769,1.147835
1789660800,1.14782,1.14797,1.14764,1.147675
1789661100,1.147675,1.147705,1.1475,1.14765
1789661400,1.14765,1.14781,1.14749,1.1478
1789661700,1.147805,1.147865,1.14759,1.147645
1789662000,1.147645,1.147735,1.147615,1.147645
1789662300,1.14765,1.14775,1.14762,1.14775
1789662600,1.147745,1.14775,1.14743,1.14754
1789662900,1.14754,1.14763,1.14749,1.14761
1789663200,1.14761,1.1478,1.147585,1.147795
1789663500,1.147795,1.147805,1.147685,1.147695
1789663800,1.147695,1.147695,1.14755,1.147565
1789664100,1.14756,1.147645,1.147395,1.147605
1789664400,1.147615,1.14768,1.14739,1.14768
1789664700,1.147685,1.14774,1.14763,1.147685
1789665000,1.147685,1.147685,1.147455,1.147555
1789665300,1.147555,1.147665,1.147505,1.14765
1789665600,1.14765,1.14767,1.147525,1.147615
1789665900,1.14761,1.1477,1.147535,1.147595
1789666200,1.147595,1.147715,1.147585,1.147585
1789666500,1.14758,1.14777,1.147545,1.147675
1789666800,1.147675,1.147735,1.14757,1.147645
1789667100,1.147635,1.147715,1.147585,1.147595
1789667400,1.14759,1.147675,1.147535,1.147585
1789667700,1.14758,1.14773,1.14757,1.147725
1789668000,1.14773,1.147785,1.147575,1.147765
1789668300,1.147765,1.147785,1.147575,1.147585
1789668600,1.147575,1.147735,1.147505,1.14769
1789668900,1.14769,1.14771,1.14751,1.14757
1789669200,1.14757,1.147585,1.147385,1.147385
1789669500,1.147385,1.147495,1.147365,1.147465
1789669800,1.14746,1.147495,1.147405,1.14744
1789670100,1.14744,1.147475,1.147375,1.147475
1789670400,1.147475,1.14751,1.14744,1.14748
1789670700,1.14748,1.147585,1.147435,1.147585
1789671000,1.147585,1.147605,1.147475,1.147535
1789671300,1.147535,1.147535,1.14735,1.14749
1789671600,1.147495,1.14771,1.147485,1.147635
1789671900,1.14764,1.147785,1.147635,1.147775
1789672200,1.147775,1.147795,1.147695,1.147735
1789672500,1.147735,1.147765,1.14765,1.147745
1789672800,1.147745,1.14784,1.14774,1.14779
1789673100,1.14779,1.147895,1.14779,1.14779
1789673400,1.1478,1.147945,1.1478,1.147885
1789673700,1.147885,1.147995,1.14788,1.147985
1789674000,1.147985,1.148035,1.14791,1.14794
1789674300,1.14794,1.147985,1.147925,1.147985
1789674600,1.147985,1.148095,1.147945,1.14808
1789674900,1.148075,1.148075,1.147875,1.147895
1789675200,1.147895,1.147975,1.147765,1.14777
1789675500,1.14777,1.147785,1.147565,1.14758
1789675800,1.14758,1.14758,1.147365,1.14753
1789676100,1.147535,1.14758,1.1475,1.14758
1789676400,1.14759,1.147655,1.14758,1.14758
1789676700,1.14758,1.147735,1.147565,1.147695
1789677000,1.1477,1.147805,1.1477,1.147765
1789677300,1.147765,1.14777,1.147695,1.147715
1789677600,1.147715,1.14776,1.147665,1.147695
1789677900,1.147695,1.147745,1.14768,1.147745
1789678200,1.147745,1.14775,1.147595,1.147655
1789678500,1.147655,1.147715,1.147495,1.1476
1789678800,1.14759,1.14792,1.14759,1.14791
1789679100,1.147855,1.147915,1.14775,1.14788
1789679400,1.14788,1.14788,1.147825,1.147825
1789679700,1.14794,1.14794,1.147725,1.147825
1789680000,1.147825,1.147835,1.14777,1.147825
1789680300,1.147805,1.14784,1.147615,1.147635
1789680600,1.147635,1.14771,1.147615,1.1477
1789680900,1.1477,1.147795,1.14768,1.14773
1789681200,1.147725,1.147775,1.1477,1.14777
1789681500,1.14777,1.14778,1.14768,1.147725
1789681800,1.147725,1.147825,1.147685,1.14781
1789682100,1.14781,1.14783,1.147695,1.1478
1789682400,1.147785,1.14785,1.14754,1.14754
1789682700,1.147545,1.1476,1.147545,1.14758
1789683000,1.147585,1.147675,1.147585,1.147615
1789683300,1.14762,1.147655,1.147605,1.147605
1789683600,1.147595,1.147645,1.147595,1.147615
1789683900,1.147615,1.1477,1.147615,1.1477
1789684200,1.1477,1.1478,1.147695,1.147785
1789684500,1.147785,1.147805,1.14775,1.147795
1789684800,1.147795,1.147795,1.147745,1.147745
1789685100,1.147735,1.147785,1.14771,1.14778
1789685400,1.14778,1.1478,1.14777,1.147785
1789685700,1.14778,1.147845,1.147765,1.147805
1789686000,1.147805,1.14783,1.14775,1.14778
1789686300,1.14778,1.147835,1.147765,1.14783
1789686600,1.147825,1.147875,1.147815,1.14785
1789686900,1.147845,1.14785,1.147735,1.147745
1789687200,1.147745,1.147845,1.147745,1.147795
1789687500,1.147795,1.147795,1.14767,1.147695
1789687800,1.147695,1.147695,1.14758,1.147635
1789688100,1.14763,1.147685,1.14757,1.147635
1789688400,1.147635,1.147665,1.147555,1.1476
1789688700,1.147605,1.14774,1.147605,1.14767
1789689000,1.147675,1.147745,1.14762,1.14773
1789689300,1.14773,1.14773,1.147525,1.14757
1789689600,1.147575,1.14768,1.14743,1.14767
1789689900,1.147675,1.14789,1.14766,1.147885
1789690200,1.147885,1.14796,1.147785,1.147865
1789690500,1.147865,1.147975,1.147805,1.147965
1789690800,1.147955,1.148055,1.147855,1.148045
1789691100,1.14802,1.14802,1.147845,1.14788
1789691400,1.14789,1.14795,1.14788,1.147925
1789691700,1.147925,1.147985,1.147875,1.14793
1789692000,1.147935,1.147955,1.147775,1.147825
1789692300,1.147835,1.147855,1.147715,1.147845
1789692600,1.147845,1.147955,1.14779,1.147905
1789692900,1.147895,1.148045,1.147875,1.147955
1789693200,1.14795,1.148145,1.14795,1.148055
1789693500,1.148055,1.148145,1.147985,1.148005
1789693800,1.14799,1.14807,1.14795,1.148005
1789694100,1.148005,1.148045,1.147915,1.147915
1789694400,1.147915,1.148135,1.14789,1.148105
1789694700,1.14811,1.14811,1.14789,1.147915
1789695000,1.147915,1.147965,1.147695,1.147845
1789695300,1.147845,1.147925,1.147795,1.147795
1789695600,1.147795,1.14802,1.14778,1.14794
1789695900,1.14792,1.148055,1.14785,1.148025
1789696200,1.148025,1.148175,1.14794,1.148145
1789696500,1.14814,1.14825,1.14809,1.148235
1789696800,1.148245,1.14825,1.148115,1.148135
1789697100,1.148135,1.148205,1.148055,1.148055
1789697400,1.148055,1.148095,1.14797,1.14808
1789697700,1.14808,1.14808,1.147925,1.14805
1789698000,1.148045,1.14813,1.14803,1.148105
1789698300,1.148105,1.14816,1.148085,1.148145
1789698600,1.14814,1.148185,1.1481,1.148125
1789698900,1.14813,1.148175,1.147995,1.148085
1789699200,1.148085,1.148105,1.147925,1.147925
1789699500,1.147925,1.148035,1.147925,1.147935
1789699800,1.147935,1.148035,1.14775,1.14775
1789700100,1.147755,1.147975,1.14765,1.147975
1789700400,1.14796,1.148105,1.1479,1.148065
1789700700,1.148065,1.14827,1.147995,1.148215
1789701000,1.14821,1.148395,1.148175,1.148385
1789701300,1.148385,1.148395,1.148285,1.148345
1789701600,1.148355,1.148485,1.148255,1.14828
1789701900,1.148285,1.1484,1.14827,1.14839
1789702200,1.14839,1.148545,1.148325,1.148545
1789702500,1.14855,1.148565,1.148425,1.148445
1789702800,1.14844,1.14865,1.148385,1.148635
1789703100,1.14864,1.148785,1.148635,1.148745
1789703400,1.148745,1.14883,1.14871,1.148815
1789703700,1.148805,1.148885,1.14878,1.148885
1789704000,1.148885,1.149085,1.148855,1.149045
1789704300,1.14905,1.149155,1.149035,1.149095
1789704600,1.149095,1.14913,1.149025,1.149125
1789704900,1.149125,1.149185,1.149065,1.14914
1789705200,1.149135,1.149155,1.14899,1.14908
1789705500,1.14908,1.14913,1.14899,1.14902
1789705800,1.149025,1.149035,1.148925,1.14895
1789706100,1.14895,1.14896,1.14882,1.148875
1789706400,1.148875,1.148975,1.14884,1.148925
1789706700,1.148925,1.14893,1.14882,1.14888
1789707000,1.14888,1.148905,1.14878,1.148825
1789707300,1.148825,1.148875,1.148665,1.14868
1789707600,1.148675,1.14869,1.148545,1.148625
1789707900,1.148625,1.14876,1.148615,1.14867
1789708200,1.14867,1.148685,1.14847,1.148475
1789708500,1.14848,1.14854,1.14848,1.148505
1789708800,1.148505,1.148515,1.14827,1.148345
1789709100,1.148345,1.14838,1.148175,1.14818
1789709400,1.148175,1.148185,1.14801,1.148015
1789709700,1.14802,1.148145,1.148015,1.14812
1789710000,1.14812,1.148245,1.148055,1.148225
1789710300,1.14823,1.14824,1.148025,1.148035
1789710600,1.148035,1.14815,1.14797,1.148015
1789710900,1.148015,1.14802,1.14785,1.14789
1789711200,1.14788,1.148065,1.14788,1.14791
1789711500,1.147915,1.14819,1.147815,1.14818
1789711800,1.148175,1.14825,1.148115,1.148135
1789712100,1.14814,1.14814,1.14791,1.148015
1789712400,1.14802,1.148255,1.14797,1.148195
1789712700,1.1482,1.148365,1.14819,1.148265
1789713000,1.14826,1.148325,1.1481,1.148115
1789713300,1.148115,1.14824,1.148035,1.14814
1789713600,1.14814,1.148475,1.148095,1.14832
1789713900,1.148325,1.148435,1.148265,1.14834
1789714200,1.148345,1.14839,1.14821,1.14839
1789714500,1.14839,1.148425,1.148245,1.148365
1789714800,1.148355,1.148575,1.148155,1.14855
1789715100,1.148555,1.148605,1.14836,1.14842
1789715400,1.14842,1.148465,1.14782,1.14792
1789715700,1.147925,1.148215,1.14782,1.14804
1789716000,1.148045,1.14811,1.147885,1.14799
1789716300,1.147985,1.148045,1.14782,1.147925
1789716600,1.14792,1.14815,1.147815,1.14799
1789716900,1.14799,1.14831,1.147915,1.148235
1789717200,1.14824,1.148545,1.148135,1.148515
1789717500,1.14852,1.14869,1.148375,1.148525
1789717800,1.148535,1.14875,1.14852,1.14864
1789718100,1.148635,1.148755,1.148545,1.14856
1789718400,1.148565,1.14867,1.14846,1.14863
1789718700,1.148635,1.14877,1.148505,1.148745
1789719000,1.14875,1.149075,1.14875,1.14893
1789719300,1.148915,1.14892,1.14862,1.14868
1789719600,1.148675,1.148745,1.148335,1.14844
1789719900,1.14844,1.148455,1.14826,1.148285
1789720200,1.14828,1.14839,1.14811,1.148115
1789720500,1.148105,1.148205,1.148015,1.148065
1789720800,1.14806,1.148135,1.147855,1.14799
1789721100,1.147985,1.148,1.14784,1.14787
1789721400,1.147875,1.14801,1.14778,1.148
1789721700,1.14801,1.14828,1.1479,1.148275
1789722000,1.14827,1.148375,1.148125,1.14836
1789722300,1.148355,1.148385,1.14824,1.148265
1789722600,1.14826,1.148315,1.148105,1.148125
1789722900,1.148125,1.14821,1.1481,1.14821
1789723200,1.148205,1.148245,1.14812,1.14821
1789723500,1.148215,1.148295,1.148135,1.14821
1789723800,1.14822,1.14838,1.148165,1.14838
1789724100,1.14838,1.148485,1.14835,1.14837
1789724400,1.148375,1.148695,1.1483,1.14854
1789724700,1.148545,1.148595,1.1484,1.14845
1789725000,1.148445,1.14863,1.148425,1.14863
1789725300,1.148635,1.14865,1.148335,1.148345
1789725600,1.14835,1.148505,1.148265,1.14827
1789725900,1.14827,1.14854,1.14826,1.14837
1789726200,1.14837,1.148405,1.1483,1.14834
1789726500,1.148345,1.14849,1.148295,1.14846
1789726800,1.14846,1.14851,1.14829,1.14836
1789727100,1.14836,1.14837,1.14826,1.148315
1789727400,1.14832,1.14832,1.148055,1.148065
1789727700,1.14806,1.14806,1.14757,1.147575
1789728000,1.147565,1.14758,1.147275,1.14728
1789728300,1.147275,1.147355,1.14715,1.14717
1789728600,1.147175,1.14741,1.147145,1.14734
1789728900,1.14734,1.147385,1.147105,1.147375
1789729200,1.147385,1.14767,1.14734,1.147665
1789729500,1.147675,1.147695,1.146975,1.14715
1789729800,1.147165,1.14743,1.14714,1.147205
1789730100,1.147205,1.14723,1.14683,1.146855
1789730400,1.14685,1.14701,1.1467,1.14671
1789730700,1.146715,1.146735,1.1464,1.14647
1789731000,1.146465,1.146495,1.146265,1.14638
1789731300,1.14637,1.146375,1.145935,1.14602
1789731600,1.146015,1.146045,1.14581,1.14585
1789731900,1.145845,1.146295,1.145815,1.14616
1789732200,1.146155,1.146155,1.14573,1.145865
1789732500,1.14586,1.146155,1.145855,1.14606
1789732800,1.14607,1.14644,1.14597,1.14634
1789733100,1.146345,1.14638,1.145945,1.145985
1789733400,1.14599,1.14611,1.145835,1.14599
1789733700,1.146,1.14623,1.145945,1.145965
1789734000,1.14596,1.14596,1.14569,1.145705
1789734300,1.14571,1.145785,1.14549,1.14573
1789734600,1.14572,1.146255,1.145705,1.146245
1789734900,1.14625,1.14645,1.14624,1.14636
1789735200,1.146355,1.146415,1.14622,1.146385
1789735500,1.14639,1.146545,1.146285,1.146535
1789735800,1.146525,1.146795,1.146505,1.146655
1789736100,1.14666,1.146985,1.14666,1.14684
1789736400,1.146835,1.146935,1.1465,1.14676
1789736700,1.146755,1.14684,1.146485,1.14667
1789737000,1.14667,1.1467,1.146495,1.14652
1789737300,1.146525,1.14659,1.146365,1.14639
1789737600,1.14641,1.146585,1.14632,1.146565
1789737900,1.14656,1.14669,1.14653,1.14668
1789738200,1.146685,1.146745,1.14647,1.14648
1789738500,1.146475,1.146525,1.146075,1.146215
1789738800,1.14621,1.14638,1.14608,1.146375
1789739100,1.14637,1.14668,1.14628,1.14644
1789739400,1.146435,1.146555,1.14612,1.14615
1789739700,1.146145,1.146205,1.145815,1.145875
1789740000,1.145875,1.1464,1.145835,1.14624
1789740300,1.146235,1.14645,1.146105,1.1464
1789740600,1.146395,1.14646,1.14624,1.146425
1789740900,1.146425,1.14649,1.145935,1.145965
1789741200,1.145965,1.14616,1.14585,1.146155
1789741500,1.14615,1.146405,1.146145,1.146155
1789741800,1.14615,1.146245,1.14607,1.146135
1789742100,1.14613,1.14643,1.14609,1.14627
1789742400,1.146275,1.146525,1.146245,1.14635
1789742700,1.146355,1.14644,1.14608,1.1461
1789743000,1.146095,1.146515,1.14604,1.14622
1789743300,1.146215,1.14654,1.14613,1.14618
1789743600,1.146185,1.14628,1.14585,1.145875
1789743900,1.145885,1.14625,1.14584,1.14617
1789744200,1.146165,1.146545,1.146105,1.146515
1789744500,1.14652,1.146795,1.14639,1.14679
1789744800,1.14678,1.146815,1.146495,1.14681
1789745100,1.146805,1.146925,1.146555,1.1467
1789745400,1.146705,1.14687,1.14664,1.14666
1789745700,1.14667,1.14691,1.146545,1.146555
1789746000,1.14656,1.14663,1.146385,1.14648
1789746300,1.146475,1.1466,1.146375,1.14645
1789746600,1.146445,1.146455,1.14606,1.1461
1789746900,1.14611,1.146405,1.14607,1.146375
1789747200,1.14638,1.146425,1.146235,1.146285
1789747500,1.14629,1.146805,1.146265,1.146745
1789747800,1.14675,1.14693,1.146695,1.14692
1789748100,1.146925,1.14705,1.146825,1.146955
1789748400,1.146955,1.14705,1.14688,1.14696
1789748700,1.14697,1.1472,1.14689,1.14717
1789749000,1.14716,1.147505,1.147125,1.14728
1789749300,1.147275,1.14741,1.147195,1.14735
1789749600,1.14735,1.147485,1.14732,1.1474
1789749900,1.1474,1.1475,1.14729,1.147455
1789750200,1.14746,1.147505,1.14735,1.14748
1789750500,1.147475,1.1475,1.147335,1.147375
1789750800,1.14737,1.147755,1.14737,1.14772
1789751100,1.147715,1.147965,1.147695,1.147915
1789751400,1.14791,1.14834,1.14791,1.14834
1789751700,1.148345,1.14837,1.148205,1.148345
1789752000,1.14835,1.148505,1.14829,1.14848
1789752300,1.148475,1.14851,1.148345,1.14839
1789752600,1.1484,1.148455,1.14823,1.148385
1789752900,1.14839,1.14853,1.148345,1.14835
1789753200,1.14835,1.1484,1.14814,1.1482
1789753500,1.1482,1.148275,1.14809,1.148185
1789753800,1.14819,1.148245,1.14814,1.14815
1789754100,1.14815,1.148165,1.148005,1.148085
1789754400,1.14809,1.148255,1.148035,1.148155
1789754700,1.14815,1.148315,1.14813,1.14821
1789755000,1.14821,1.148295,1.148155,1.14824
1789755300,1.148235,1.14826,1.148085,1.14809
1789755600,1.14809,1.148155,1.14807,1.148145
1789755900,1.14814,1.148185,1.14807,1.148155
1789756200,1.148145,1.1482,1.14808,1.1482
1789756500,1.1482,1.14829,1.14814,1.14824
1789756800,1.14824,1.14824,1.148065,1.148125
1789757100,1.14812,1.148335,1.148115,1.148295
1789757400,1.148295,1.14839,1.148255,1.148255
1789757700,1.14825,1.14835,1.148245,1.14834
1789758000,1.148345,1.14839,1.14825,1.14831
1789758300,1.14831,1.14852,1.1483,1.14849
1789758600,1.14849,1.14858,1.14846,1.14855
1789758900,1.148545,1.1487,1.14853,1.148575
1789759200,1.148575,1.149035,1.148575,1.148925
1789759500,1.148925,1.148935,1.148685,1.14879
1789759800,1.148795,1.14884,1.14874,1.148765
1789760100,1.14877,1.14877,1.14863,1.14869
1789760400,1.14869,1.14874,1.148645,1.14866
1789760700,1.148665,1.14879,1.148625,1.148725
1789761000,1.148725,1.148785,1.14856,1.14859
1789761300,1.14858,1.14876,1.14858,1.14865
1789761600,1.148655,1.1488,1.148645,1.148755
1789761900,1.14876,1.14889,1.148715,1.1488
1789762200,1.1488,1.148915,1.148595,1.14877
1789762500,1.148765,1.148845,1.148695,1.14876
1789762800,1.14876,1.14889,1.148745,1.148835
1789763100,1.14883,1.148855,1.14875,1.148795
1789763400,1.148795,1.148855,1.148735,1.148745
1789763700,1.148745,1.148795,1.148675,1.148695
1789764000,1.148695,1.148695,1.14847,1.148605
1789764300,1.1486,1.148655,1.14855,1.14862
1789764600,1.148625,1.14864,1.148535,1.148585
1789764900,1.14859,1.148675,1.148505,1.148655
1789938000,1.148655,1.14876,1.148375,1.148385
1789938300,1.14833,1.14846,1.14833,1.148335
1789938600,1.148335,1.14844,1.148265,1.148415
1789938900,1.14841,1.14858,1.1484,1.148565
1789939200,1.148565,1.14864,1.14844,1.14844
1789939500,1.14843,1.14843,1.14806,1.14806
1789939800,1.148045,1.1481,1.14792,1.14797
1789940100,1.147975,1.14811,1.14795,1.14809
1789940400,1.14809,1.14816,1.14789,1.148045
1789940700,1.148045,1.14813,1.147765,1.147995
1789941000,1.147995,1.148135,1.147955,1.148125
1789941300,1.148125,1.148125,1.14796,1.14796
1789941600,1.147965,1.14847,1.147885,1.148455
1789941900,1.148455,1.148515,1.148425,1.148425
1789942200,1.148425,1.148425,1.14835,1.148355
1789942500,1.14835,1.148405,1.148295,1.148295
1789942800,1.148295,1.148315,1.14823,1.148265
1789943100,1.148265,1.148295,1.148215,1.14823
1789943400,1.148225,1.14824,1.148125,1.148125
1789943700,1.14813,1.1482,1.148085,1.14816
1789944000,1.14816,1.148215,1.14815,1.148215
1789944300,1.148215,1.148215,1.148165,1.148185
1789944600,1.148185,1.14822,1.148145,1.148175
1789944900,1.148175,1.148175,1.14803,1.148035
1789945200,1.14804,1.14805,1.14795,1.14795
1789945500,1.147955,1.14797,1.14792,1.147945
1789945800,1.147945,1.14806,1.147945,1.148035
1789946100,1.148035,1.148035,1.14793,1.148005
1789946400,1.148005,1.148025,1.147975,1.147995
1789946700,1.147995,1.148055,1.14794,1.14805
1789947000,1.14805,1.14805,1.14795,1.14796
1789947300,1.14796,1.14797,1.147895,1.147915
1789947600,1.147915,1.14792,1.14785,1.14785
1789947900,1.14785,1.14791,1.14784,1.1479
1789948200,1.1479,1.14791,1.1478,1.147835
1789948500,1.147835,1.147875,1.147785,1.147845
1789948800,1.14784,1.147905,1.147685,1.147755
1789949100,1.147755,1.147915,1.147755,1.147865
1789949400,1.147865,1.148035,1.14778,1.148035
1789949700,1.148035,1.14807,1.147945,1.148015
1789950000,1.148015,1.14812,1.147925,1.148095
1789950300,1.1481,1.14818,1.14805,1.14817
1789950600,1.14817,1.148225,1.14813,1.148225
1789950900,1.14822,1.148425,1.14821,1.148415
1789951200,1.148415,1.14854,1.148375,1.148435
1789951500,1.148445,1.148475,1.148295,1.14832
1789951800,1.14832,1.148425,1.1483,1.148305
1789952100,1.148305,1.148325,1.148065,1.148075
1789952400,1.14807,1.148255,1.14805,1.14807
1789952700,1.148075,1.14834,1.14805,1.14834
1789953000,1.148345,1.148395,1.14828,1.148305
1789953300,1.148305,1.14843,1.148275,1.148325
1789953600,1.14832,1.148535,1.148315,1.148525
1789953900,1.14852,1.148535,1.14843,1.148445
1789954200,1.148445,1.148525,1.148415,1.148445
1789954500,1.14844,1.14845,1.148325,1.148395
1789954800,1.148395,1.14857,1.148365,1.14852
1789955100,1.14852,1.14852,1.148425,1.148445
1789955400,1.148445,1.1485,1.14842,1.148475
1789955700,1.14847,1.14854,1.148315,1.14832
1789956000,1.148325,1.14833,1.148215,1.14824
1789956300,1.148235,1.148245,1.14806,1.14817
1789956600,1.148175,1.148275,1.14812,1.14816
1789956900,1.14816,1.14818,1.14811,1.148165
1789957200,1.148155,1.148205,1.148085,1.148115
1789957500,1.148115,1.148205,1.14811,1.148175
1789957800,1.148175,1.14822,1.14816,1.148185
1789958100,1.14818,1.148205,1.148115,1.14816
1789958400,1.148165,1.14817,1.148075,1.148095
1789958700,1.148095,1.148125,1.147895,1.147915
1789959000,1.147915,1.14792,1.1477,1.1477
1789959300,1.147695,1.147765,1.14766,1.147705
1789959600,1.1477,1.14772,1.147575,1.147655
1789959900,1.147655,1.147655,1.147455,1.14747
1789960200,1.14747,1.147615,1.14745,1.147615
1789960500,1.147615,1.147805,1.147605,1.147755
1789960800,1.147755,1.147755,1.147665,1.147745
1789961100,1.147745,1.147775,1.147575,1.147575
1789961400,1.147575,1.147675,1.147515,1.147655
1789961700,1.147655,1.14772,1.147595,1.1477
1789962000,1.1477,1.14771,1.147615,1.147615
1789962300,1.147615,1.147735,1.147565,1.147625
1789962600,1.14762,1.147655,1.147505,1.147505
1789962900,1.147505,1.14753,1.14745,1.147515
1789963200,1.147515,1.147555,1.147465,1.147485
1789963500,1.147485,1.14758,1.147445,1.14757
1789963800,1.147575,1.147635,1.14748,1.147625
1789964100,1.147625,1.14773,1.147625,1.14772
1789964400,1.147715,1.14777,1.147645,1.147715
1789964700,1.147715,1.147715,1.147465,1.147505
1789965000,1.147505,1.147505,1.147365,1.14746
1789965300,1.14746,1.147615,1.147445,1.147615
1789965600,1.147615,1.147695,1.1476,1.147605
1789965900,1.147615,1.147665,1.147605,1.147635
1789966200,1.147635,1.147635,1.14755,1.147595
1789966500,1.147595,1.1476,1.14745,1.14749
1789966800,1.147485,1.147525,1.147435,1.14744
1789967100,1.14744,1.14758,1.147415,1.147565
1789967400,1.14756,1.147685,1.14755,1.147685
1789967700,1.147685,1.14773,1.14759,1.147615
1789968000,1.14761,1.147625,1.14753,1.14755
1789968300,1.14755,1.14758,1.147475,1.14751
1789968600,1.1475,1.14759,1.147465,1.147475
1789968900,1.147475,1.147475,1.147325,1.147375
1789969200,1.14737,1.147385,1.14722,1.14728
1789969500,1.147285,1.14729,1.147195,1.14727
1789969800,1.14727,1.147425,1.147265,1.147375
1789970100,1.14738,1.14742,1.14731,1.14732
1789970400,1.147325,1.147365,1.14713,1.14718
1789970700,1.147185,1.147245,1.14713,1.147195
1789971000,1.147195,1.147285,1.147125,1.14728
1789971300,1.14728,1.147295,1.147175,1.147235
1789971600,1.147235,1.147415,1.147165,1.147355
1789971900,1.147355,1.147515,1.147345,1.147505
1789972200,1.1475,1.147515,1.147365,1.147475
1789972500,1.147475,1.147495,1.147415,1.147465
1789972800,1.147465,1.14765,1.14743,1.14762
1789973100,1.147625,1.14785,1.147605,1.147825
1789973400,1.14783,1.1479,1.14767,1.14767
1789973700,1.147665,1.147695,1.147455,1.14748
1789974000,1.147485,1.147535,1.147165,1.147275
1789974300,1.147285,1.147475,1.14727,1.147345
1789974600,1.147335,1.147335,1.1471,1.14728
1789974900,1.147275,1.147355,1.147195,1.14728
1789975200,1.147285,1.147625,1.147275,1.147445
1789975500,1.147445,1.147645,1.147445,1.147595
1789975800,1.147595,1.14772,1.14758,1.147645
1789976100,1.147635,1.147645,1.147485,1.147595
1789976400,1.147595,1.1477,1.14753,1.147615
1789976700,1.147615,1.147855,1.14757,1.14782
1789977000,1.147825,1.147845,1.147735,1.147785
1789977300,1.14778,1.14785,1.147635,1.147635
1789977600,1.147635,1.147685,1.14747,1.147585
1789977900,1.14759,1.147715,1.147485,1.147715
1789978200,1.147715,1.147825,1.147705,1.147765
1789978500,1.147765,1.14786,1.14768,1.147765
1789978800,1.147765,1.14795,1.14776,1.147855
1789979100,1.147855,1.147995,1.147815,1.147985
1789979400,1.147985,1.148445,1.14798,1.148445
1789979700,1.148435,1.14863,1.14812,1.148265
1789980000,1.148265,1.148405,1.148225,1.14834
1789980300,1.148335,1.14858,1.14829,1.148515
1789980600,1.148515,1.148515,1.14805,1.148055
1789980900,1.14805,1.148155,1.14801,1.148015
1789981200,1.14801,1.148055,1.147815,1.147865
1789981500,1.147865,1.148115,1.14785,1.147955
1789981800,1.14796,1.14807,1.14789,1.148005
1789982100,1.148005,1.148035,1.147795,1.14783
1789982400,1.147825,1.147895,1.147765,1.14781
1789982700,1.14781,1.147825,1.147705,1.147765
1789983000,1.147765,1.147905,1.147715,1.147815
1789983300,1.147815,1.147985,1.147805,1.14794
1789983600,1.14794,1.147995,1.147805,1.147825
1789983900,1.14783,1.147925,1.147675,1.147675
1789984200,1.14768,1.147975,1.14768,1.14795
1789984500,1.147955,1.14807,1.147905,1.148005
1789984800,1.14799,1.14812,1.147945,1.148025
1789985100,1.148025,1.148085,1.147935,1.148035
1789985400,1.148035,1.148125,1.147955,1.148065
1789985700,1.148065,1.148135,1.147965,1.14804
1789986000,1.148035,1.148165,1.148005,1.148065
1789986300,1.14806,1.148195,1.148055,1.14814
1789986600,1.148125,1.14814,1.148005,1.148015
1789986900,1.148015,1.148325,1.148015,1.148315
1789987200,1.14832,1.14843,1.148255,1.14834
1789987500,1.148345,1.14837,1.1482,1.148205
1789987800,1.148205,1.14825,1.148145,1.14816
1789988100,1.148155,1.148235,1.148005,1.148055
1789988400,1.148055,1.14813,1.14802,1.148115
1789988700,1.148115,1.14818,1.148015,1.148155
1789989000,1.148155,1.14817,1.147975,1.148155
1789989300,1.14816,1.148345,1.148115,1.148255
1789989600,1.14826,1.14838,1.148215,1.14833
1789989900,1.14833,1.148495,1.148325,1.148475
1789990200,1.148475,1.148475,1.14827,1.148365
1789990500,1.148365,1.148495,1.148315,1.14832
1789990800,1.14832,1.148915,1.14824,1.14884
1789991100,1.148835,1.148885,1.148645,1.148885
1789991400,1.148885,1.148925,1.148665,1.148885
1789991700,1.14888,1.149085,1.14881,1.14898
1789992000,1.14899,1.149545,1.148935,1.149515
1789992300,1.149515,1.149575,1.14899,1.148995
1789992600,1.148995,1.149015,1.148825,1.148855
1789992900,1.14886,1.148965,1.148765,1.148925
1789993200,1.148915,1.14921,1.148845,1.148925
1789993500,1.148925,1.14893,1.14865,1.148755
1789993800,1.148765,1.14886,1.148655,1.148705
1789994100,1.148705,1.14877,1.148455,1.14848
1789994400,1.148485,1.148735,1.148405,1.1487
1789994700,1.148695,1.14873,1.148415,1.14846
1789995000,1.14846,1.148635,1.148425,1.14847
1789995300,1.148475,1.14862,1.14836,1.1486
1789995600,1.148605,1.14867,1.148405,1.14841
1789995900,1.14841,1.14849,1.14825,1.14836
1789996200,1.148365,1.14837,1.148265,1.148315
1789996500,1.14832,1.14848,1.14826,1.14831
1789996800,1.148305,1.14836,1.148105,1.14814
1789997100,1.148135,1.14833,1.148075,1.1481
1789997400,1.148105,1.148125,1.14778,1.14789
1789997700,1.147895,1.147975,1.14777,1.147835
1789998000,1.14783,1.14799,1.147625,1.14767
1789998300,1.147665,1.147675,1.147445,1.14751
1789998600,1.14751,1.14762,1.147235,1.14725
1789998900,1.147245,1.14748,1.14717,1.147245
1789999200,1.14725,1.147295,1.146845,1.146865
1789999500,1.14686,1.146985,1.14671,1.146815
1789999800,1.14681,1.14698,1.14666,1.146965
1790000100,1.14696,1.14711,1.146715,1.146845
1790000400,1.146845,1.14698,1.146705,1.146865
1790000700,1.14687,1.147265,1.146835,1.14725
1790001000,1.147255,1.14758,1.147145,1.147345
1790001300,1.147345,1.14755,1.147285,1.147365
1790001600,1.14737,1.14759,1.147305,1.14731
1790001900,1.147305,1.14749,1.147045,1.14708
1790002200,1.147075,1.1474,1.146945,1.14736
1790002500,1.147365,1.14746,1.14723,1.147245
1790002800,1.14725,1.147315,1.14712,1.147225
1790003100,1.14722,1.14737,1.147165,1.14722
1790003400,1.147215,1.14722,1.146965,1.147055
1790003700,1.147055,1.14712,1.146875,1.146915
1790004000,1.146915,1.14695,1.146815,1.14692
1790004300,1.146915,1.14706,1.146905,1.146925
1790004600,1.146915,1.14702,1.14677,1.147015
1790004900,1.147015,1.147015,1.146815,1.14686
1790005200,1.146855,1.14696,1.146805,1.14685
1790005500,1.146855,1.1469,1.1467,1.14675
1790005800,1.146755,1.14702,1.146685,1.146755
1790006100,1.14676,1.146825,1.146705,1.146805
1790006400,1.1468,1.146865,1.14666,1.146835
1790006700,1.146835,1.147095,1.146785,1.14701
1790007000,1.147005,1.14706,1.146905,1.147005
1790007300,1.14702,1.14719,1.147,1.14716
1790007600,1.147165,1.14727,1.147055,1.147055
1790007900,1.14706,1.147105,1.14696,1.147005
1790008200,1.147005,1.147145,1.146955,1.147115
1790008500,1.147115,1.14718,1.147005,1.14701
1790008800,1.14701,1.147025,1.146955,1.146965
1790009100,1.14696,1.14703,1.14696,1.14701
1790009400,1.147015,1.147055,1.146865,1.147
1790009700,1.146995,1.14703,1.1469,1.14694
1790010000,1.146935,1.147015,1.14687,1.146965
1790010300,1.146965,1.147035,1.146935,1.14702
1790010600,1.147015,1.14703,1.1469,1.146915
1790010900,1.14691,1.146915,1.146805,1.146805
1790011200,1.146805,1.146965,1.146795,1.14685
1790011500,1.14686,1.14705,1.14686,1.146985
1790011800,1.146985,1.147045,1.14674,1.146745
1790012100,1.146745,1.14684,1.14665,1.146655
1790012400,1.146655,1.146765,1.14664,1.1467
1790012700,1.14669,1.146765,1.146675,1.146705
1790013000,1.146705,1.146825,1.146705,1.1468
1790013300,1.146805,1.146805,1.14662,1.146635
1790013600,1.14663,1.146705,1.146585,1.1466
1790013900,1.1466,1.146665,1.14658,1.146645
1790014200,1.14664,1.146755,1.14662,1.146705
1790014500,1.1467,1.14677,1.146695,1.146745
1790014800,1.14675,1.14682,1.146655,1.1467
1790015100,1.1467,1.146705,1.14653,1.14658
1790015400,1.146575,1.14658,1.146355,1.146385
1790015700,1.146385,1.14639,1.14621,1.14626
1790016000,1.14627,1.146315,1.146215,1.146265
1790016300,1.14626,1.146365,1.14622,1.14636
1790016600,1.14637,1.146455,1.14633,1.146435
1790016900,1.146435,1.14654,1.14641,1.14648
1790017200,1.146485,1.146525,1.146435,1.146505
1790017500,1.146505,1.14667,1.146505,1.146645
1790017800,1.14665,1.146755,1.14663,1.146735
1790018100,1.14673,1.146815,1.14672,1.146755
1790018400,1.146755,1.14682,1.146745,1.146785
1790018700,1.14679,1.146895,1.146755,1.146805
1790019000,1.146795,1.146855,1.146775,1.146775
1790019300,1.146785,1.146915,1.146725,1.14691
1790019600,1.14691,1.146945,1.14678,1.14679
1790019900,1.146795,1.146795,1.146725,1.146755
1790020200,1.14676,1.146765,1.146595,1.146595
1790020500,1.14659,1.14662,1.146445,1.146445
1790020800,1.14644,1.146485,1.146395,1.146395
1790021100,1.146395,1.146425,1.146375,1.146395
1790021400,1.146395,1.146435,1.146395,1.146395
1790021700,1.146395,1.146425,1.14638,1.146405
1790022000,1.146425,1.14646,1.146405,1.14645
1790022300,1.146445,1.146505,1.146395,1.146505
1790022600,1.146505,1.146575,1.14649,1.14655
1790022900,1.146545,1.1466,1.146535,1.14655
1790023200,1.146555,1.146565,1.146475,1.146495
1790023500,1.14649,1.14652,1.146465,1.14649
1790023800,1.146485,1.146495,1.146435,1.14647
1790024100,1.146465,1.14649,1.14638,1.146385
1790024400,1.146385,1.14708,1.146385,1.146865
1790024700,1.146855,1.14688,1.14647,1.146855
1790025000,1.146855,1.14696,1.146655,1.146755
1790025300,1.146755,1.14686,1.146745,1.14677
1790025600,1.14677,1.14677,1.14667,1.146685
1790025900,1.146685,1.14671,1.14648,1.146545
1790026200,1.146545,1.146555,1.146435,1.14644
1790026500,1.14644,1.14654,1.146395,1.146485
1790026800,1.146485,1.14659,1.146485,1.14656
1790027100,1.14656,1.146655,1.146545,1.146625
1790027400,1.146625,1.146645,1.14656,1.14659
1790027700,1.14659,1.146815,1.146545,1.14677
1790028000,1.14676,1.14676,1.14636,1.14636
1790028300,1.146365,1.14642,1.14629,1.146325
1790028600,1.146325,1.14648,1.146325,1.14645
1790028900,1.146455,1.146485,1.14645,1.146475
1790029200,1.14647,1.14648,1.146435,1.14647
1790029500,1.146475,1.146475,1.146405,1.14646
1790029800,1.146465,1.146475,1.146415,1.146415
1790030100,1.146415,1.14646,1.146415,1.146435
1790030400,1.146435,1.14646,1.146415,1.146425
1790030700,1.14643,1.14648,1.146425,1.14648
1790031000,1.14648,1.146535,1.14648,1.14652
1790031300,1.146515,1.14652,1.14647,1.146475
1790031600,1.146475,1.146495,1.146465,1.146475
1790031900,1.146475,1.146485,1.146465,1.14648
1790032200,1.146475,1.146485,1.14642,1.14642
1790032500,1.146415,1.146465,1.14639,1.146445
1790032800,1.146445,1.14646,1.146365,1.14637
1790033100,1.14637,1.146375,1.14628,1.14634
1790033400,1.14634,1.14637,1.14629,1.14636
1790033700,1.14636,1.1464,1.14634,1.14635
1790034000,1.14635,1.14644,1.14635,1.14644
1790034300,1.146435,1.146475,1.14641,1.146445
1790034600,1.14644,1.146495,1.146385,1.14645
1790034900,1.14645,1.146455,1.14634,1.14636
1790035200,1.146355,1.14672,1.146355,1.146695
1790035500,1.146695,1.146845,1.146655,1.146785
1790035800,1.146785,1.14684,1.146745,1.146775
1790036100,1.146775,1.146775,1.14665,1.14671
1790036400,1.146715,1.14689,1.146715,1.14688
1790036700,1.14688,1.146895,1.14679,1.146835
1790037000,1.146835,1.146935,1.146765,1.146925
1790037300,1.14692,1.14695,1.146795,1.146875
1790037600,1.14688,1.14694,1.146875,1.146895
1790037900,1.146895,1.14704,1.146845,1.14701
1790038200,1.14701,1.1471,1.14695,1.14708
1790038500,1.147085,1.14712,1.14688,1.147055
1790038800,1.147055,1.147085,1.146865,1.146945
1790039100,1.14694,1.14699,1.14682,1.146835
1790039400,1.14683,1.14683,1.14667,1.14669
1790039700,1.146685,1.14678,1.14663,1.14672
1790040000,1.146715,1.146725,1.14655,1.14658
1790040300,1.146585,1.14669,1.14657,1.14665
1790040600,1.14665,1.14666,1.14654,1.146585
1790040900,1.146575,1.14667,1.14655,1.14656
1790041200,1.146565,1.146615,1.146375,1.14638
1790041500,1.146375,1.14642,1.14632,1.146375
1790041800,1.146375,1.146405,1.146295,1.146385
1790042100,1.146385,1.146415,1.146315,1.14633
1790042400,1.14633,1.14652,1.14632,1.14651
1790042700,1.14651,1.146565,1.146475,1.146565
1790043000,1.14656,1.146645,1.14656,1.146635
1790043300,1.14664,1.14669,1.14652,1.14669
1790043600,1.146695,1.146955,1.146695,1.146955
1790043900,1.146955,1.147135,1.146945,1.147095
1790044200,1.147085,1.147085,1.146915,1.147055
1790044500,1.14705,1.147095,1.146895,1.14695
1790044800,1.146955,1.147055,1.14692,1.147055
1790045100,1.147055,1.147055,1.14692,1.14695
1790045400,1.146955,1.147,1.146905,1.14699
1790045700,1.146985,1.147005,1.146895,1.146975
1790046000,1.14697,1.14715,1.146925,1.14702
1790046300,1.147025,1.14703,1.1469,1.14691
1790046600,1.14692,1.14711,1.14691,1.1471
1790046900,1.1471,1.147155,1.14705,1.14706
1790047200,1.147065,1.1472,1.14706,1.147135
1790047500,1.147135,1.147445,1.147115,1.147345
1790047800,1.14734,1.14756,1.147325,1.147545
1790048100,1.147545,1.14755,1.14747,1.147495
1790048400,1.147495,1.14756,1.147405,1.14743
1790048700,1.14743,1.147445,1.14733,1.147425
1790049000,1.147435,1.14748,1.147315,1.147335
1790049300,1.14734,1.14741,1.14732,1.14734
1790049600,1.147335,1.14734,1.147205,1.147325
1790049900,1.147325,1.14733,1.14722,1.147295
1790050200,1.147295,1.147615,1.147295,1.14745
1790050500,1.14745,1.147495,1.14737,1.147475
1790050800,1.147475,1.14756,1.147475,1.147535
1790051100,1.147535,1.14757,1.14749,1.14755
1790051400,1.147555,1.147585,1.14748,1.147565
1790051700,1.147565,1.147685,1.147565,1.147635
1790052000,1.147635,1.14765,1.147575,1.147625
1790052300,1.147625,1.14772,1.147625,1.147695
1790052600,1.1477,1.147755,1.14764,1.14774
1790052900,1.147745,1.1478,1.14769,1.14779
1790053200,1.147785,1.14779,1.147675,1.14774
1790053500,1.147735,1.14783,1.147705,1.147805
1790053800,1.147805,1.147805,1.147685,1.147695
1790054100,1.147695,1.14775,1.14763,1.14764
1790054400,1.147635,1.14767,1.147545,1.147555
1790054700,1.147565,1.14761,1.147495,1.14752
1790055000,1.147515,1.147515,1.147325,1.147335
1790055300,1.147335,1.14734,1.14713,1.14713
1790055600,1.147135,1.14725,1.14713,1.14717
1790055900,1.147165,1.14723,1.1471,1.147185
1790056200,1.147185,1.147315,1.14708,1.147095
1790056500,1.14709,1.147165,1.14703,1.147125
1790056800,1.147125,1.147135,1.146635,1.146735
1790057100,1.146745,1.14675,1.146385,1.146525
1790057400,1.146515,1.146595,1.146295,1.146425
1790057700,1.146425,1.14649,1.146035,1.146045
1790058000,1.14604,1.146385,1.145935,1.14625
1790058300,1.146245,1.146265,1.146025,1.146185
1790058600,1.146175,1.146305,1.146165,1.146305
1790058900,1.146295,1.146295,1.146075,1.146115
1790059200,1.1461,1.146155,1.14604,1.14608
1790059500,1.146085,1.1462,1.145995,1.146195
1790059800,1.146195,1.146365,1.146185,1.146285
1790060100,1.146275,1.14649,1.14616,1.14649
1790060400,1.146485,1.146485,1.146115,1.146185
1790060700,1.14619,1.14637,1.14612,1.146295
1790061000,1.146295,1.146375,1.146105,1.146185
1790061300,1.146185,1.1464,1.146165,1.146365
1790061600,1.146355,1.146455,1.146285,1.14642
1790061900,1.146415,1.146445,1.146035,1.14605
1790062200,1.146045,1.14605,1.14514,1.14574
1790062500,1.145745,1.145925,1.14562,1.145885
1790062800,1.145885,1.145915,1.14535,1.145495
1790063100,1.1455,1.145745,1.145455,1.145545
1790063400,1.145535,1.1456,1.14514,1.14525
1790063700,1.145255,1.145305,1.14466,1.144685
1790064000,1.14468,1.144705,1.144215,1.144215
1790064300,1.144225,1.144455,1.144095,1.144305
1790064600,1.14431,1.144355,1.143995,1.144005
1790064900,1.144015,1.144095,1.143735,1.143995
1790065200,1.143995,1.143995,1.143635,1.143665
1790065500,1.143675,1.14389,1.14352,1.143745
1790065800,1.14375,1.143805,1.143385,1.143745
1790066100,1.143745,1.144225,1.143635,1.144215
1790066400,1.14421,1.145505,1.14415,1.145175
1790066700,1.145175,1.14555,1.14484,1.145485
1790067000,1.14548,1.146535,1.145355,1.146055
1790067300,1.146055,1.14616,1.14573,1.14575
1790067600,1.145745,1.145775,1.14478,1.14481
1790067900,1.14481,1.145335,1.144755,1.145195
1790068200,1.145185,1.145395,1.145045,1.145155
1790068500,1.14515,1.145595,1.145145,1.145345
1790068800,1.14534,1.14572,1.145245,1.145655
1790069100,1.145665,1.1458,1.14558,1.145695
1790069400,1.1457,1.14588,1.14555,1.145635
1790069700,1.14564,1.14596,1.14553,1.14595
1790070000,1.145945,1.146165,1.145865,1.146155
1790070300,1.146165,1.146385,1.146105,1.146215
1790070600,1.14622,1.146715,1.14604,1.146635
1790070900,1.146625,1.14698,1.146275,1.146715
1790071200,1.14672,1.147095,1.14663,1.146795
1790071500,1.146795,1.147055,1.146505,1.146505
1790071800,1.14651,1.14671,1.146225,1.146435
1790072100,1.146425,1.14649,1.146065,1.146115
1790072400,1.146115,1.14643,1.14606,1.146115
1790072700,1.146115,1.14634,1.146035,1.146305
1790073000,1.14631,1.146505,1.14622,1.146495
1790073300,1.146495,1.146705,1.14646,1.14655
1790073600,1.146545,1.146845,1.14647,1.146815
1790073900,1.146815,1.146845,1.14654,1.146625
1790074200,1.14662,1.14679,1.146605,1.146775
1790074500,1.146775,1.146885,1.1466,1.146625
1790074800,1.146625,1.14669,1.146455,1.14658
1790075100,1.14658,1.146585,1.14608,1.146245
1790075400,1.14625,1.146415,1.145965,1.146105
1790075700,1.146115,1.146295,1.14608,1.14623
1790076000,1.146235,1.146245,1.145995,1.146105
1790076300,1.146115,1.14628,1.145965,1.146125
1790076600,1.146135,1.146245,1.145915,1.146035
1790076900,1.14603,1.146155,1.145935,1.14603
1790077200,1.14603,1.14626,1.146,1.146135
1790077500,1.14614,1.146385,1.14606,1.146365
1790077800,1.14637,1.14645,1.146265,1.146305
1790078100,1.146305,1.1464,1.146115,1.14622
1790078400,1.146215,1.146675,1.146215,1.146575
1790078700,1.146575,1.14663,1.14623,1.14627
1790079000,1.14628,1.146385,1.146225,1.14624
1790079300,1.14623,1.14647,1.146215,1.14639
1790079600,1.146395,1.14653,1.14636,1.146515
1790079900,1.14652,1.14664,1.14645,1.146565
1790080200,1.14656,1.146625,1.146345,1.14637
1790080500,1.146375,1.146495,1.146035,1.146085
1790080800,1.14609,1.146225,1.14584,1.145875
1790081100,1.14588,1.146035,1.145675,1.14568
1790081400,1.145675,1.14572,1.1455,1.145615
1790081700,1.14562,1.14573,1.14555,1.145615
1790082000,1.145615,1.145825,1.1456,1.145625
1790082300,1.14562,1.146035,1.14551,1.14573
1790082600,1.145735,1.14586,1.145595,1.14573
1790082900,1.145735,1.14576,1.145565,1.14561
1790083200,1.14561,1.145735,1.145415,1.14548
1790083500,1.145475,1.1455,1.14517,1.14524
1790083800,1.14525,1.14563,1.145205,1.145525
1790084100,1.14553,1.14568,1.145505,1.145515
1790084400,1.145505,1.14598,1.14522,1.145765
1790084700,1.14577,1.145935,1.145405,1.14578
1790085000,1.145765,1.14579,1.145515,1.145545
1790085300,1.14554,1.1456,1.145315,1.145355
1790085600,1.14535,1.145495,1.145295,1.14533
1790085900,1.145335,1.14535,1.145105,1.145235
1790086200,1.14523,1.145385,1.144985,1.14504
1790086500,1.145035,1.14514,1.144605,1.14483
1790086800,1.144825,1.144975,1.14474,1.144965
1790087100,1.14496,1.14503,1.14482,1.14497
1790087400,1.14497,1.14512,1.144735,1.144785
1790087700,1.14478,1.145245,1.14461,1.14469
1790088000,1.144685,1.14476,1.144085,1.144125
1790088300,1.14413,1.144385,1.144015,1.14402
1790088600,1.144025,1.144295,1.143995,1.14412
1790088900,1.144115,1.144295,1.143985,1.144285
1790089200,1.14428,1.144365,1.14399,1.14401
1790089500,1.14401,1.144195,1.143935,1.14398
1790089800,1.143985,1.14411,1.143685,1.143685
1790090100,1.143695,1.14424,1.143695,1.144125
1790090400,1.144125,1.144405,1.14403,1.14425
1790090700,1.144245,1.14425,1.143985,1.143995
1790091000,1.144005,1.14408,1.143655,1.143705
1790091300,1.143705,1.143735,1.143335,1.143385
1790091600,1.14339,1.143455,1.143345,1.14335
1790091900,1.143345,1.143355,1.14308,1.143255
1790092200,1.143255,1.143425,1.143235,1.143355
1790092500,1.143355,1.143355,1.14309,1.143155
1790092800,1.14316,1.1432,1.142935,1.14309
1790093100,1.143095,1.143255,1.14307,1.1431
1790093400,1.143105,1.143305,1.143005,1.14312
1790093700,1.143115,1.14339,1.143105,1.14338
1790094000,1.14338,1.143395,1.143185,1.14331
1790094300,1.14331,1.14339,1.1433,1.143385
1790094600,1.14338,1.14338,1.1432,1.14336
1790094900,1.143365,1.14354,1.14329,1.143475
1790095200,1.143475,1.143585,1.143465,1.14356
1790095500,1.14355,1.14379,1.14326,1.143755
1790095800,1.14374,1.1439,1.14364,1.14371
1790096100,1.143715,1.143735,1.143545,1.14372
1790096400,1.143715,1.143715,1.143465,1.143475
1790096700,1.14347,1.143655,1.14341,1.143425
1790097000,1.14342,1.143515,1.14331,1.143355
1790097300,1.14335,1.143375,1.14321,1.14322
1790097600,1.14322,1.14324,1.14309,1.14311
1790097900,1.14311,1.143345,1.14306,1.14334
1790098200,1.143335,1.14339,1.143235,1.143355
1790098500,1.143355,1.143505,1.143345,1.14341
1790098800,1.14341,1.143425,1.143305,1.143425
1790099100,1.14342,1.143525,1.14334,1.14351
1790099400,1.14351,1.14422,1.14351,1.14405
1790099700,1.144045,1.14416,1.143905,1.143925
1790100000,1.143925,1.144055,1.143755,1.143885
1790100300,1.14389,1.14413,1.14386,1.143995
1790100600,1.144,1.144305,1.14399,1.14424
1790100900,1.144245,1.1443,1.14414,1.14414
1790101200,1.14414,1.144235,1.14409,1.144235
1790101500,1.14423,1.14436,1.144145,1.14426
1790101800,1.14427,1.144365,1.14407,1.14412
1790102100,1.144115,1.144205,1.14397,1.14409
1790102400,1.144095,1.144195,1.14397,1.144175
1790102700,1.14418,1.14427,1.144115,1.14425
1790103000,1.144245,1.144285,1.144165,1.144165
1790103300,1.14416,1.144215,1.144035,1.14421
1790103600,1.144215,1.144295,1.144155,1.144215
1790103900,1.144205,1.144295,1.14417,1.144205
1790104200,1.144205,1.144345,1.14417,1.144345
1790104500,1.144345,1.14441,1.1443,1.144395
1790104800,1.144395,1.1445,1.144315,1.14448
1790105100,1.144495,1.144715,1.14448,1.144685
1790105400,1.144685,1.145155,1.144675,1.145155
1790105700,1.145145,1.145515,1.14511,1.145455
1790106000,1.145455,1.145475,1.145145,1.145255
1790106300,1.14526,1.145315,1.145095,1.14525
1790106600,1.14524,1.14524,1.14489,1.14489
1790106900,1.144885,1.144955,1.144785,1.144805
1790107200,1.1448,1.144975,1.14479,1.144955
1790107500,1.144965,1.145135,1.144895,1.145085
1790107800,1.14508,1.145115,1.14489,1.1449
1790108100,1.1449,1.14496,1.14488,1.144905
1790108400,1.144905,1.144945,1.14475,1.14491
1790108700,1.1449,1.14492,1.14474,1.144815
1790109000,1.144815,1.14488,1.144765,1.144845
1790109300,1.14485,1.14492,1.144845,1.14487
1790109600,1.144875,1.144895,1.144865,1.14487
1790109900,1.14486,1.144885,1.14481,1.14486
1790110200,1.144865,1.144925,1.144845,1.144865
1790110500,1.14487,1.144915,1.144755,1.144865
1790110800,1.144865,1.145125,1.144865,1.144905
1790111100,1.145005,1.145085,1.14487,1.14494
1790111400,1.14494,1.144955,1.144865,1.14488
1790111700,1.14488,1.14497,1.144805,1.144835
1790112000,1.144835,1.144835,1.144695,1.1447
1790112300,1.1447,1.144705,1.144695,1.144695
1790112600,1.144695,1.14484,1.144685,1.14481
1790112900,1.144815,1.144905,1.144815,1.14486
1790113200,1.14488,1.144885,1.144855,1.14486
1790113500,1.14486,1.144885,1.14485,1.144855
1790113800,1.144855,1.145015,1.144855,1.145015
1790114100,1.145015,1.14502,1.144955,1.144965
1790114400,1.14496,1.145025,1.14472,1.144845
1790114700,1.14485,1.144895,1.144755,1.144895
1790115000,1.144895,1.144915,1.144835,1.144855
1790115300,1.14485,1.14485,1.14476,1.14478
1790115600,1.14478,1.144795,1.14474,1.144755
1790115900,1.144755,1.1448,1.144755,1.144785
1790116200,1.14479,1.14479,1.14472,1.14474
1790116500,1.14474,1.144745,1.144715,1.14472
1790116800,1.14472,1.144735,1.144715,1.144715
1790117100,1.144715,1.144725,1.14461,1.14461
1790117400,1.14461,1.144715,1.14461,1.144685
1790117700,1.144685,1.14471,1.14464,1.14468
1790118000,1.144675,1.144735,1.144645,1.144645
1790118300,1.144645,1.14469,1.14458,1.1446
1790118600,1.1446,1.144705,1.144595,1.14466
1790118900,1.144665,1.144745,1.14465,1.14474
1790119200,1.14474,1.14474,1.14468,1.14469
1790119500,1.14469,1.14471,1.144635,1.144705
1790119800,1.1447,1.144735,1.144695,1.14471
1790120100,1.14471,1.144725,1.14469,1.144695
1790120400,1.144695,1.144775,1.144685,1.14475
1790120700,1.14475,1.14485,1.14475,1.14481
1790121000,1.14481,1.14488,1.144785,1.1448
1790121300,1.1448,1.144805,1.144745,1.144805
1790121600,1.144795,1.144875,1.144565,1.14458
1790121900,1.144575,1.144605,1.144495,1.14458
1790122200,1.14458,1.144695,1.144565,1.144655
1790122500,1.144655,1.14471,1.144605,1.144605
1790122800,1.144605,1.14466,1.144485,1.14465
1790123100,1.144655,1.144755,1.144615,1.14474
1790123400,1.14473,1.144755,1.144675,1.1447
1790123700,1.144705,1.14473,1.144565,1.144725
1790124000,1.14473,1.14485,1.14472,1.144755
1790124300,1.14476,1.14488,1.14475,1.144795
1790124600,1.14479,1.14492,1.14479,1.14483
1790124900,1.144835,1.144845,1.14463,1.14464
1790125200,1.144645,1.14465,1.144465,1.144535
1790125500,1.144535,1.144625,1.14448,1.14448
1790125800,1.144475,1.14451,1.144425,1.144435
1790126100,1.14444,1.14444,1.14408,1.144125
1790126400,1.144125,1.144155,1.14399,1.144045
1790126700,1.144045,1.144045,1.143755,1.143795
1790127000,1.143795,1.14422,1.143765,1.14417
1790127300,1.144165,1.144225,1.144085,1.144185
1790127600,1.144185,1.144185,1.14402,1.144025
1790127900,1.14402,1.14407,1.143995,1.144
1790128200,1.143995,1.1441,1.14396,1.14398
1790128500,1.143985,1.143985,1.14382,1.143925
1790128800,1.143925,1.143925,1.1438,1.143825
1790129100,1.143825,1.14387,1.143585,1.14361
1790129400,1.14361,1.14361,1.14342,1.143455
1790129700,1.14346,1.14355,1.143405,1.14346
1790130000,1.143455,1.143595,1.143415,1.143575
1790130300,1.143575,1.14368,1.14357,1.14362
1790130600,1.143625,1.1437,1.143605,1.143675
1790130900,1.14367,1.14369,1.143505,1.143595
1790131200,1.143595,1.14367,1.143565,1.143645
1790131500,1.143645,1.14367,1.143475,1.143485
1790131800,1.143485,1.143515,1.143405,1.143405
1790132100,1.14341,1.143435,1.14329,1.143375
1790132400,1.14337,1.143415,1.143285,1.14336
1790132700,1.143355,1.143425,1.143225,1.143225
1790133000,1.143225,1.143295,1.143225,1.143265
1790133300,1.143265,1.14328,1.143055,1.14307
1790133600,1.14307,1.14329,1.143025,1.14328
1790133900,1.14328,1.14332,1.143255,1.14327
1790134200,1.143265,1.143345,1.143235,1.143235
1790134500,1.143235,1.143255,1.143005,1.14303
1790134800,1.14303,1.143075,1.142965,1.143015
1790135100,1.143015,1.14304,1.142965,1.14297
1790135400,1.14297,1.14297,1.14279,1.14281
1790135700,1.14282,1.142845,1.14271,1.14271
1790136000,1.14271,1.142795,1.14259,1.14263
1790136300,1.14263,1.142655,1.142555,1.14256
1790136600,1.142565,1.142645,1.14256,1.142615
1790136900,1.14262,1.143,1.14262,1.14296
1790137200,1.142965,1.143005,1.142825,1.142825
1790137500,1.142825,1.14297,1.142825,1.142945
1790137800,1.142935,1.142945,1.142875,1.142885
1790138100,1.142885,1.142945,1.142855,1.142885
1790138400,1.142885,1.142895,1.142775,1.142785
1790138700,1.14278,1.142785,1.142615,1.142725
1790139000,1.142725,1.142755,1.142655,1.142735
1790139300,1.142735,1.142735,1.142665,1.142675
1790139600,1.142665,1.142785,1.142635,1.142785
1790139900,1.142785,1.142855,1.142735,1.142775
1790140200,1.142775,1.142795,1.142705,1.142785
1790140500,1.142785,1.142845,1.14276,1.142845
1790140800,1.14284,1.142915,1.142815,1.14284
1790141100,1.142845,1.142905,1.142765,1.142765
1790141400,1.14277,1.142815,1.14271,1.142735
1790141700,1.142735,1.142795,1.142665,1.14268
1790142000,1.142685,1.142755,1.142585,1.1426
1790142300,1.142595,1.142665,1.14235,1.142355
1790142600,1.142345,1.142575,1.142345,1.142485
1790142900,1.142485,1.142675,1.142465,1.142595
1790143200,1.14258,1.14278,1.14254,1.142645
1790143500,1.142645,1.14268,1.142485,1.14249
1790143800,1.14249,1.14249,1.142255,1.14234
1790144100,1.142335,1.142475,1.142265,1.142435
1790144400,1.142435,1.142585,1.142285,1.142585
1790144700,1.142585,1.142585,1.142385,1.14239
1790145000,1.142385,1.142515,1.142325,1.142505
1790145300,1.14251,1.14275,1.14247,1.142725
1790145600,1.14273,1.142775,1.14259,1.142695
1790145900,1.142695,1.142845,1.142575,1.142825
1790146200,1.142825,1.14285,1.142495,1.142495
1790146500,1.14249,1.142545,1.142365,1.142375
1790146800,1.14238,1.14243,1.142185,1.142235
1790147100,1.142235,1.14226,1.142035,1.142135
1790147400,1.142125,1.14235,1.142115,1.14226
1790147700,1.14228,1.142605,1.14228,1.142495
1790148000,1.142495,1.142605,1.142425,1.142595
1790148300,1.142585,1.142585,1.142155,1.142365
1790148600,1.14244,1.14271,1.14234,1.142485
1790148900,1.14249,1.14258,1.142315,1.142455
1790149200,1.142455,1.142465,1.142125,1.142235
1790149500,1.142235,1.142305,1.142115,1.142185
1790149800,1.142185,1.142495,1.14212,1.142145
1790150100,1.142135,1.142175,1.141625,1.14182
1790150400,1.141815,1.14195,1.14158,1.141595
1790150700,1.141595,1.141625,1.141355,1.141365
1790151000,1.141365,1.141375,1.141225,1.1413
1790151300,1.141295,1.141295,1.140945,1.14119
1790151600,1.14119,1.14174,1.14119,1.14174
1790151900,1.14175,1.141915,1.141665,1.141905
1790152200,1.141905,1.142045,1.141885,1.14202
1790152500,1.14202,1.142295,1.14202,1.142245
1790152800,1.142245,1.142255,1.141805,1.141825
1790153100,1.141825,1.142125,1.141815,1.14201
1790153400,1.142005,1.142185,1.141975,1.141985
1790153700,1.141985,1.141985,1.14177,1.14177
1790154000,1.141765,1.14191,1.141505,1.141505
1790154300,1.141505,1.141515,1.14134,1.14139
1790154600,1.14139,1.14146,1.14133,1.14143
1790154900,1.14142,1.14144,1.141185,1.141305
1790155200,1.141295,1.141405,1.141265,1.141345
1790155500,1.141345,1.141445,1.14134,1.141405
1790155800,1.141405,1.14148,1.141205,1.141255
1790156100,1.141255,1.141305,1.1411,1.141105
1790156400,1.141105,1.141125,1.140975,1.14103
1790156700,1.141025,1.141035,1.14078,1.14103
1790157000,1.141025,1.141075,1.140815,1.14085
1790157300,1.14085,1.14094,1.140785,1.140795
1790157600,1.140795,1.141315,1.1407,1.141255
1790157900,1.14125,1.14134,1.14097,1.141235
1790158200,1.14124,1.141335,1.141105,1.141115
1790158500,1.141115,1.14112,1.140885,1.141055
1790158800,1.14106,1.141135,1.140865,1.140955
1790159100,1.140955,1.141185,1.1409,1.141075
1790159400,1.141055,1.141055,1.14079,1.140845
1790159700,1.14085,1.14097,1.140775,1.14089
1790160000,1.140885,1.14089,1.14075,1.140835
1790160300,1.140835,1.141035,1.140755,1.141005
1790160600,1.141005,1.14138,1.141005,1.141375
1790160900,1.14137,1.141635,1.141315,1.141625
1790161200,1.141625,1.14189,1.141525,1.141765
1790161500,1.141765,1.141835,1.14158,1.14178
1790161800,1.14179,1.141995,1.141715,1.14198
1790162100,1.141975,1.141985,1.141585,1.141585
1790162400,1.141575,1.141655,1.1413,1.14133
1790162700,1.141325,1.141405,1.14108,1.141155
1790163000,1.141155,1.141165,1.140965,1.140965
1790163300,1.140965,1.140965,1.14058,1.140695
1790163600,1.140685,1.14077,1.140445,1.140705
1790163900,1.140705,1.14123,1.140655,1.14117
1790164200,1.14116,1.141175,1.140955,1.141025
1790164500,1.141035,1.141265,1.140865,1.141165
1790164800,1.14116,1.141225,1.141015,1.141095
1790165100,1.141095,1.14126,1.141015,1.141035
1790165400,1.141035,1.14111,1.140805,1.140915
1790165700,1.14091,1.140975,1.14077,1.140865
1790166000,1.140865,1.140875,1.14052,1.14052
1790166300,1.140525,1.140525,1.14032,1.14035
1790166600,1.140345,1.140355,1.140155,1.140315
1790166900,1.140305,1.140305,1.13999,1.140105
1790167200,1.140105,1.140365,1.14004,1.14011
1790167500,1.14011,1.140475,1.13999,1.14039
1790167800,1.14039,1.140705,1.140355,1.140685
1790168100,1.14069,1.14085,1.140575,1.140825
1790168400,1.14081,1.140885,1.140605,1.140725
1790168700,1.140715,1.140775,1.14025,1.140255
1790169000,1.14025,1.14028,1.140025,1.140065
1790169300,1.140065,1.140345,1.140025,1.140265
1790169600,1.140265,1.140735,1.140225,1.140525
1790169900,1.14053,1.141475,1.14049,1.141435
1790170200,1.14144,1.141605,1.14115,1.141315
1790170500,1.141325,1.141565,1.1411,1.141325
1790170800,1.141325,1.141435,1.140795,1.14087
1790171100,1.14078,1.14078,1.139445,1.139475
1790171400,1.13947,1.139785,1.13911,1.139305
1790171700,1.13931,1.13981,1.139175,1.1397
1790172000,1.139715,1.140105,1.139625,1.13979
1790172300,1.139785,1.140215,1.139655,1.140205
1790172600,1.140195,1.140345,1.13978,1.13981
1790172900,1.139805,1.139885,1.139095,1.139105
1790173200,1.139105,1.13951,1.13903,1.139235
1790173500,1.139235,1.13933,1.138355,1.138405
1790173800,1.138405,1.139385,1.138405,1.139335
1790174100,1.13934,1.13955,1.13908,1.1392
1790174400,1.13921,1.139525,1.139125,1.139215
1790174700,1.13921,1.13943,1.138925,1.139085
1790175000,1.13909,1.140545,1.138825,1.140245
1790175300,1.14024,1.140345,1.13977,1.14022
1790175600,1.140225,1.140285,1.139415,1.139475
1790175900,1.139485,1.13994,1.13937,1.139845
1790176200,1.13985,1.140055,1.139625,1.139755
1790176500,1.139765,1.13987,1.13947,1.13961
1790176800,1.139615,1.13968,1.13932,1.139345
1790177100,1.139345,1.13951,1.13914,1.13917
1790177400,1.139165,1.139185,1.138865,1.138965
1790177700,1.13896,1.13921,1.13889,1.139
1790178000,1.138995,1.139245,1.138975,1.13921
1790178300,1.139205,1.13934,1.138945,1.13897
1790178600,1.138955,1.13909,1.13877,1.13908
1790178900,1.139085,1.139445,1.139085,1.13934
1790179200,1.139335,1.13941,1.139105,1.13915
1790179500,1.139145,1.13946,1.13912,1.13936
1790179800,1.13935,1.139375,1.13919,1.139245
1790180100,1.13924,1.13952,1.139175,1.139485
1790180400,1.139485,1.139565,1.139235,1.13924
1790180700,1.139235,1.13934,1.13913,1.1392
1790181000,1.139195,1.139195,1.13884,1.13884
1790181300,1.13884,1.13916,1.13875,1.139105
1790181600,1.1391,1.1392,1.138805,1.13881
1790181900,1.138815,1.138895,1.13831,1.138375
1790182200,1.13838,1.13846,1.13758,1.137725
1790182500,1.13772,1.13809,1.137705,1.137825
1790182800,1.13782,1.137825,1.13717,1.13724
1790183100,1.137245,1.13743,1.13703,1.13742
1790183400,1.137425,1.137485,1.137075,1.13713
1790183700,1.137135,1.13719,1.13702,1.137115
1790184000,1.13711,1.137475,1.13708,1.13733
1790184300,1.137335,1.13757,1.137265,1.13756
1790184600,1.137565,1.13761,1.13746,1.137555
1790184900,1.137555,1.137555,1.137245,1.137265
1790185200,1.137275,1.138615,1.137245,1.138495
1790185500,1.13849,1.13899,1.13842,1.13892
1790185800,1.138925,1.13929,1.13885,1.13921
1790186100,1.13921,1.139295,1.13897,1.139205
1790186400,1.1392,1.139395,1.138905,1.138905
1790186700,1.13891,1.13902,1.138885,1.138985
1790187000,1.13896,1.13905,1.13884,1.13892
1790187300,1.13891,1.13898,1.138745,1.138765
1790187600,1.138765,1.138825,1.138365,1.138395
1790187900,1.1384,1.13841,1.13804,1.13818
1790188200,1.13819,1.138505,1.138065,1.138455
1790188500,1.13846,1.13855,1.13829,1.138355
1790188800,1.13836,1.13852,1.1383,1.1384
1790189100,1.138395,1.13848,1.13825,1.138455
1790189400,1.13845,1.13866,1.13845,1.13865
1790189700,1.13864,1.13871,1.1385,1.13867
1790190000,1.1387,1.138875,1.13865,1.1387
1790190300,1.138705,1.1389,1.138545,1.138755
1790190600,1.138755,1.138875,1.13856,1.138605
1790190900,1.1386,1.13861,1.13825,1.1383
1790191200,1.13829,1.13856,1.138285,1.13856
1790191500,1.13856,1.138635,1.13845,1.138625
1790191800,1.138615,1.13871,1.13844,1.138555
1790192100,1.138555,1.138615,1.138445,1.138495
1790192400,1.138505,1.13861,1.138505,1.138515
1790192700,1.138515,1.13871,1.138515,1.138695
1790193000,1.138665,1.138715,1.138495,1.138505
1790193300,1.138535,1.138585,1.138445,1.138495
1790193600,1.138465,1.13868,1.13841,1.138675
1790193900,1.138675,1.13874,1.138665,1.13869
1790194200,1.13868,1.13868,1.138465,1.13852
1790194500,1.13852,1.13861,1.138495,1.138495
1790194800,1.138505,1.138505,1.138405,1.138475
1790195100,1.138465,1.138525,1.138455,1.13847
1790195400,1.13848,1.13857,1.138315,1.13834
1790195700,1.138345,1.138375,1.13825,1.138265
1790196000,1.13827,1.138285,1.13823,1.138265
1790196300,1.13827,1.13832,1.13811,1.138155
1790196600,1.13815,1.138275,1.13811,1.138275
1790196900,1.13827,1.138445,1.13814,1.13838
1790197200,1.13838,1.13838,1.137835,1.138075
1790197500,1.138105,1.13822,1.138075,1.13819
1790197800,1.13819,1.13822,1.138145,1.13818
1790198100,1.13818,1.138345,1.13816,1.13834
1790198400,1.13834,1.13837,1.138265,1.138315
1790198700,1.138315,1.138455,1.138315,1.13842
1790199000,1.138425,1.13848,1.138415,1.13845
1790199300,1.13843,1.13871,1.13843,1.138655
1790199600,1.13864,1.138825,1.138625,1.1388
1790199900,1.138795,1.13885,1.138445,1.13847
1790200200,1.13847,1.138485,1.138255,1.13843
1790200500,1.13842,1.13844,1.138345,1.13839
1790200800,1.13838,1.138515,1.13834,1.138495
1790201100,1.138495,1.138645,1.138495,1.138595
1790201400,1.138595,1.138595,1.138435,1.138465
1790201700,1.138475,1.13851,1.138435,1.138495
1790202000,1.1385,1.1385,1.138445,1.13845
1790202300,1.13845,1.13852,1.138445,1.138495
1790202600,1.13849,1.1385,1.13838,1.13839
1790202900,1.13839,1.138505,1.13839,1.13849
1790203200,1.138495,1.13851,1.13848,1.13848
1790203500,1.13848,1.13851,1.13847,1.13849
1790203800,1.13849,1.1385,1.13844,1.138485
1790204100,1.138485,1.13854,1.138485,1.138485
1790204400,1.138485,1.138485,1.138415,1.13842
1790204700,1.13842,1.13843,1.138355,1.138375
1790205000,1.138375,1.13842,1.138375,1.138385
1790205300,1.138385,1.138395,1.138225,1.138235
1790205600,1.13824,1.13824,1.13814,1.13818
1790205900,1.13818,1.138185,1.138045,1.13808
1790206200,1.13808,1.138125,1.13802,1.138025
1790206500,1.138025,1.13811,1.138025,1.1381
1790206800,1.138105,1.13811,1.13807,1.138075
1790207100,1.138075,1.138235,1.13807,1.138205
1790207400,1.1382,1.138255,1.138175,1.13822
1790207700,1.138215,1.138245,1.138105,1.138165
1790208000,1.13817,1.138475,1.13817,1.138435
1790208300,1.138435,1.138435,1.138215,1.138245
1790208600,1.138245,1.138255,1.13811,1.138125
1790208900,1.138125,1.138145,1.137855,1.137945
1790209200,1.137955,1.13797,1.137675,1.13795
1790209500,1.137955,1.138025,1.137845,1.13794
1790209800,1.13795,1.137955,1.137805,1.13784
1790210100,1.13784,1.13794,1.137695,1.137695
1790210400,1.137685,1.137725,1.137575,1.137615
1790210700,1.137615,1.137615,1.13724,1.137245
1790211000,1.137235,1.137285,1.137085,1.137175
1790211300,1.13716,1.13765,1.13716,1.13765
1790211600,1.137655,1.137795,1.137535,1.137715
1790211900,1.137705,1.137905,1.137535,1.137885
1790212200,1.137885,1.1382,1.137855,1.138195
1790212500,1.138195,1.138255,1.137845,1.137995
1790212800,1.137995,1.13801,1.137765,1.137835
1790213100,1.137825,1.1379,1.137705,1.137895
1790213400,1.137895,1.13805,1.137735,1.13797
1790213700,1.137965,1.13805,1.13776,1.137935
1790214000,1.137935,1.138005,1.137725,1.137955
1790214300,1.137955,1.138035,1.137825,1.137945
1790214600,1.137945,1.138145,1.13782,1.13784
1790214900,1.13784,1.13791,1.137525,1.13763
1790215200,1.137635,1.137645,1.137345,1.137435
1790215500,1.13743,1.13743,1.137015,1.137075
1790215800,1.137075,1.137145,1.13689,1.136985
1790216100,1.136985,1.137365,1.13697,1.137345
1790216400,1.137345,1.137475,1.137315,1.137405
1790216700,1.137415,1.13772,1.137415,1.13767
1790217000,1.137675,1.13801,1.13764,1.137965
1790217300,1.137965,1.138025,1.13789,1.137895
1790217600,1.137905,1.13835,1.137885,1.1383
1790217900,1.138305,1.138315,1.138175,1.138255
1790218200,1.138255,1.13834,1.13815,1.138315
1790218500,1.13831,1.138455,1.1383,1.138395
1790218800,1.1384,1.1386,1.1384,1.13854
1790219100,1.138535,1.138535,1.138285,1.138365
1790219400,1.138365,1.138465,1.13824,1.138385
1790219700,1.138395,1.1384,1.138175,1.138175
1790220000,1.138175,1.13821,1.138145,1.1382
1790220300,1.1382,1.1383,1.137925,1.137935
1790220600,1.13794,1.13796,1.137855,1.137855
1790220900,1.137855,1.137945,1.1378,1.137865
1790221200,1.137865,1.13788,1.13767,1.1377
1790221500,1.1377,1.1378,1.13769,1.1377
1790221800,1.1377,1.137755,1.13765,1.137685
1790222100,1.13769,1.137755,1.137665,1.137745
1790222400,1.137745,1.137745,1.13753,1.13771
1790222700,1.13771,1.137745,1.137635,1.137735
1790223000,1.137735,1.137895,1.137725,1.137885
1790223300,1.137885,1.137955,1.137815,1.137895
1790223600,1.137895,1.13791,1.137795,1.137905
1790223900,1.137905,1.13804,1.137895,1.138025
1790224200,1.138015,1.138165,1.13796,1.138095
1790224500,1.1381,1.138255,1.1381,1.13825
1790224800,1.138245,1.138325,1.13822,1.138305
1790225100,1.138305,1.13841,1.13827,1.13832
1790225400,1.138325,1.138465,1.138225,1.138445
1790225700,1.138445,1.138555,1.138375,1.138405
1790226000,1.1384,1.1386,1.138335,1.138545
1790226300,1.138545,1.138675,1.138465,1.13856
1790226600,1.13855,1.138565,1.13831,1.13832
1790226900,1.138315,1.138455,1.13825,1.138425
1790227200,1.138425,1.1385,1.13836,1.1385
1790227500,1.13849,1.138525,1.13839,1.13849
1790227800,1.13849,1.13854,1.138305,1.13831
1790228100,1.13831,1.13841,1.138225,1.138355
1790228400,1.13836,1.13842,1.13808,1.13809
1790228700,1.138085,1.138115,1.137975,1.138015
1790229000,1.138015,1.138185,1.13801,1.138035
1790229300,1.13804,1.13808,1.137565,1.137645
1790229600,1.13764,1.138175,1.13758,1.13806
1790229900,1.13806,1.13857,1.13806,1.13856
1790230200,1.13857,1.138915,1.138555,1.13871
1790230500,1.138715,1.138785,1.13835,1.13869
1790230800,1.138685,1.13883,1.13857,1.138695
1790231100,1.13869,1.13905,1.13863,1.138995
1790231400,1.13899,1.13908,1.13881,1.138895
1790231700,1.13889,1.13899,1.13858,1.13883
1790232000,1.138825,1.138835,1.1384,1.138525
1790232300,1.13852,1.138595,1.138355,1.13856
1790232600,1.138565,1.13866,1.13846,1.138535
1790232900,1.13854,1.13877,1.13852,1.1386
1790233200,1.138595,1.138795,1.138345,1.138715
1790233500,1.13871,1.13911,1.13856,1.13903
1790233800,1.139035,1.13904,1.13863,1.13868
1790234100,1.138685,1.139065,1.13863,1.13891
1790234400,1.138915,1.13895,1.138765,1.138945
1790234700,1.13894,1.139225,1.138885,1.139195
1790235000,1.1392,1.139295,1.13891,1.13898
1790235300,1.138975,1.139185,1.138955,1.13903
1790235600,1.13902,1.139445,1.138815,1.13944
1790235900,1.139435,1.13962,1.139315,1.13961
1790236200,1.1396,1.13981,1.139535,1.13968
1790236500,1.139675,1.13972,1.13923,1.1393
1790236800,1.13931,1.139835,1.139215,1.139835
1790237100,1.13984,1.139915,1.13961,1.139685
1790237400,1.13968,1.13969,1.13914,1.13929
1790237700,1.13929,1.13933,1.13882,1.138855
1790238000,1.13885,1.138975,1.13873,1.13877
1790238300,1.138775,1.138905,1.138675,1.13877
1790238600,1.138765,1.139205,1.138695,1.138815
1790238900,1.13881,1.13892,1.138605,1.13878
1790239200,1.13877,1.13887,1.13831,1.13835
1790239500,1.138355,1.138535,1.138295,1.138515
1790239800,1.13851,1.13862,1.138035,1.13804
1790240100,1.138045,1.13833,1.137955,1.138105
1790240400,1.1381,1.138215,1.137745,1.137795
1790240700,1.1378,1.13805,1.137705,1.137805
1790241000,1.1378,1.1378,1.13746,1.13754
1790241300,1.137535,1.137645,1.137185,1.137615
1790241600,1.13761,1.137755,1.13754,1.137645
1790241900,1.137645,1.13767,1.137385,1.13749
1790242200,1.13749,1.137835,1.13745,1.137465
1790242500,1.137455,1.137615,1.137215,1.137365
1790242800,1.13736,1.13753,1.137305,1.13741
1790243100,1.137405,1.137725,1.137405,1.137655
1790243400,1.13765,1.13771,1.13729,1.137365
1790243700,1.13736,1.137505,1.137265,1.13742
1790244000,1.137415,1.13758,1.13706,1.13708
1790244300,1.137085,1.13733,1.137,1.13724
1790244600,1.137235,1.13744,1.137005,1.137005
1790244900,1.13701,1.137035,1.13657,1.13657
1790245200,1.136575,1.13664,1.136165,1.136385
1790245500,1.13638,1.136595,1.13622,1.13633
1790245800,1.136335,1.136715,1.136335,1.1367
1790246100,1.136695,1.137375,1.136675,1.137115
1790246400,1.13711,1.13728,1.13704,1.137045
1790246700,1.13703,1.137305,1.13673,1.13718
1790247000,1.13718,1.13731,1.13692,1.136925
1790247300,1.13693,1.13743,1.13693,1.137365
1790247600,1.137365,1.137455,1.137215,1.13723
1790247900,1.137225,1.137525,1.13717,1.137425
1790248200,1.13743,1.137525,1.13725,1.13743
1790248500,1.13742,1.137775,1.137185,1.137205
1790248800,1.1372,1.13765,1.137195,1.13757
1790249100,1.137565,1.13765,1.13739,1.13752
1790249400,1.137515,1.13765,1.137315,1.137495
1790249700,1.1375,1.137525,1.13694,1.137135
1790250000,1.13714,1.137265,1.137015,1.13726
1790250300,1.137265,1.137265,1.136995,1.13704
1790250600,1.13704,1.1371,1.13685,1.136855
1790250900,1.13686,1.13688,1.13658,1.136815
1790251200,1.13681,1.13691,1.13648,1.136545
1790251500,1.13655,1.13686,1.136435,1.1367
1790251800,1.1367,1.13684,1.1365,1.136745
1790252100,1.13675,1.136815,1.13659,1.136645
1790252400,1.136655,1.13708,1.13665,1.137075
1790252700,1.13707,1.13717,1.13684,1.13688
1790253000,1.136875,1.136915,1.136295,1.136395
1790253300,1.13639,1.136625,1.13624,1.136395
1790253600,1.1364,1.136975,1.136385,1.136785
1790253900,1.136785,1.137035,1.13672,1.136865
1790254200,1.13686,1.137085,1.136635,1.13704
1790254500,1.13703,1.13747,1.136975,1.13738
1790254800,1.137385,1.137775,1.137285,1.137325
1790255100,1.137315,1.137335,1.136955,1.13703
1790255400,1.137025,1.137245,1.13702,1.137225
1790255700,1.13723,1.13734,1.137125,1.13713
1790256000,1.13713,1.1372,1.136705,1.13675
1790256300,1.13674,1.13675,1.135945,1.13596
1790256600,1.13597,1.13657,1.135925,1.13633
1790256900,1.136325,1.13714,1.13624,1.13699
1790257200,1.13699,1.13714,1.13666,1.136735
1790257500,1.136735,1.13711,1.136565,1.136895
1790257800,1.13688,1.137235,1.136715,1.136825
1790258100,1.13682,1.13745,1.136785,1.13737
1790258400,1.137365,1.13784,1.137085,1.13783
1790258700,1.137835,1.13786,1.13753,1.13761
1790259000,1.137615,1.137845,1.1376,1.13775
1790259300,1.137755,1.13783,1.137395,1.13745
1790259600,1.137455,1.13758,1.13717,1.137515
1790259900,1.13751,1.13754,1.1371,1.137275
1790260200,1.13728,1.137575,1.1371,1.13749
1790260500,1.137495,1.137625,1.137375,1.137425
1790260800,1.13743,1.13748,1.13712,1.13729
1790261100,1.137285,1.137645,1.13721,1.137585
1790261400,1.137585,1.13772,1.13747,1.137575
1790261700,1.13757,1.137605,1.137245,1.13735
1790262000,1.13736,1.137495,1.137005,1.137025
1790262300,1.13702,1.137055,1.13677,1.136815
1790262600,1.136825,1.13685,1.13641,1.13645
1790262900,1.136445,1.136985,1.136445,1.13684
1790263200,1.136835,1.136865,1.136655,1.136825
1790263500,1.13683,1.136865,1.136645,1.136795
1790263800,1.13679,1.1368,1.13642,1.136535
1790264100,1.13654,1.1369,1.136475,1.1366
1790264400,1.136605,1.13709,1.136475,1.137075
1790264700,1.13707,1.137295,1.136835,1.137075
1790265000,1.137075,1.13751,1.137055,1.137325
1790265300,1.13733,1.13738,1.13706,1.137215
1790265600,1.13722,1.137505,1.13707,1.137485
1790265900,1.13748,1.137485,1.13711,1.137165
1790266200,1.13716,1.13733,1.13696,1.137325
1790266500,1.137315,1.139175,1.13727,1.13859
1790266800,1.138595,1.13878,1.138,1.138525
1790267100,1.13853,1.138605,1.13806,1.138275
1790267400,1.13828,1.13837,1.13797,1.138125
1790267700,1.13813,1.13856,1.138025,1.1384
1790268000,1.1384,1.138715,1.13821,1.13821
1790268300,1.138215,1.13824,1.13797,1.13811
1790268600,1.138115,1.13834,1.13796,1.137965
1790268900,1.13797,1.13806,1.137815,1.137845
1790269200,1.13785,1.13841,1.13777,1.138075
1790269500,1.13808,1.13819,1.137925,1.138015
1790269800,1.13802,1.138145,1.137785,1.138065
1790270100,1.13807,1.138095,1.1374,1.13742
1790270400,1.137415,1.137515,1.1373,1.137355
1790270700,1.13736,1.13736,1.1371,1.13711
1790271000,1.137105,1.137475,1.137065,1.137065
1790271300,1.137055,1.137205,1.137025,1.13717
1790271600,1.137165,1.1372,1.136935,1.13696
1790271900,1.136965,1.136965,1.13665,1.13666
1790272200,1.136655,1.136755,1.136565,1.136605
1790272500,1.136605,1.136835,1.13653,1.13677
1790272800,1.136765,1.13678,1.13594,1.136055
1790273100,1.13606,1.136815,1.13604,1.136775
1790273400,1.13678,1.137155,1.13677,1.13704
1790273700,1.13705,1.137175,1.13692,1.13694
1790274000,1.136945,1.137045,1.136805,1.13698
1790274300,1.136985,1.13737,1.136965,1.13735
1790274600,1.13734,1.13737,1.137055,1.137075
1790274900,1.13707,1.137545,1.136865,1.13737
1790275200,1.137365,1.13737,1.136965,1.13707
1790275500,1.13707,1.137185,1.13701,1.137115
1790275800,1.13711,1.13749,1.13706,1.137375
1790276100,1.13738,1.13753,1.137315,1.13737
1790276400,1.137365,1.137575,1.13722,1.137435
1790276700,1.137425,1.137645,1.137385,1.13751
1790277000,1.13751,1.13752,1.13712,1.137125
1790277300,1.13712,1.13737,1.13712,1.137315
1790277600,1.13732,1.13749,1.137195,1.137485
1790277900,1.137485,1.137525,1.137305,1.137325
1790278200,1.13733,1.137555,1.137305,1.137545
1790278500,1.137525,1.137605,1.137455,1.137525
1790278800,1.137525,1.137595,1.137315,1.13752
1790279100,1.137515,1.137775,1.137405,1.13776
1790279400,1.137755,1.137845,1.137685,1.137715
1790279700,1.13771,1.13778,1.137615,1.137665
1790280000,1.137675,1.137725,1.13761,1.137645
1790280300,1.137645,1.13769,1.1375,1.1375
1790280600,1.137505,1.137575,1.13744,1.137455
1790280900,1.137445,1.137505,1.13725,1.13736
1790281200,1.137365,1.137375,1.13715,1.137225
1790281500,1.137215,1.137215,1.1371,1.13715
1790281800,1.137145,1.13721,1.1371,1.137155
1790282100,1.137155,1.137445,1.13712,1.137445
1790282400,1.137455,1.137695,1.137445,1.137685
1790282700,1.13768,1.137845,1.137675,1.137815
1790283000,1.13782,1.13792,1.137805,1.137915
1790283300,1.137915,1.13809,1.1379,1.138025
1790283600,1.138025,1.138025,1.13768,1.137765
1790283900,1.137815,1.137905,1.137815,1.13785
1790284200,1.13785,1.13785,1.137655,1.13767
1790284500,1.13765,1.137745,1.13765,1.13771
1790284800,1.13772,1.13778,1.13767,1.13777
1790285100,1.13778,1.137795,1.137755,1.137775
1790285400,1.137775,1.13782,1.13775,1.137755
1790285700,1.137755,1.13782,1.137755,1.13782
1790286000,1.13782,1.13782,1.1378,1.137805
1790286300,1.1378,1.137885,1.13779,1.13781
1790286600,1.13781,1.137855,1.1378,1.137815
1790286900,1.137815,1.137835,1.137765,1.13782
1790287200,1.137835,1.138005,1.137755,1.13792
1790287500,1.13792,1.137925,1.137705,1.137715
1790287800,1.137715,1.13772,1.137625,1.13767
1790288100,1.137675,1.137775,1.137675,1.137725
1790288400,1.137725,1.137775,1.13772,1.137775
1790288700,1.137775,1.13781,1.13772,1.13777
1790289000,1.137765,1.137795,1.13771,1.137725
1790289300,1.13772,1.137725,1.137655,1.137665
1790289600,1.137665,1.13776,1.137595,1.137705
1790289900,1.137715,1.13773,1.137705,1.137725
1790290200,1.137725,1.13778,1.137715,1.137765
1790290500,1.137765,1.13782,1.13772,1.137745
1790290800,1.13775,1.1378,1.137745,1.137775
1790291100,1.137775,1.13778,1.13772,1.13772
1790291400,1.137725,1.137765,1.137715,1.13772
1790291700,1.13772,1.13775,1.137605,1.13763
1790292000,1.137625,1.13772,1.137625,1.137675
1790292300,1.137675,1.137725,1.137625,1.137715
1790292600,1.137715,1.13774,1.137665,1.137725
1790292900,1.137725,1.13783,1.137715,1.137775
1790293200,1.137775,1.137795,1.1377,1.1377
1790293500,1.1377,1.13772,1.137655,1.137685
1790293800,1.137685,1.13771,1.1376,1.13761
1790294100,1.13761,1.13761,1.137355,1.13736
1790294400,1.137365,1.137585,1.13732,1.137525
1790294700,1.137515,1.137515,1.13736,1.137415
1790295000,1.137405,1.137445,1.137305,1.137305
1790295300,1.137305,1.137365,1.137205,1.137215
1790295600,1.137215,1.137295,1.137165,1.137205
1790295900,1.13721,1.137325,1.137175,1.137255
1790296200,1.13726,1.137265,1.137085,1.137165
1790296500,1.137165,1.13719,1.137025,1.137055
1790296800,1.137055,1.137155,1.137055,1.137145
1790297100,1.137155,1.137165,1.137005,1.137075
1790297400,1.137075,1.13728,1.137065,1.137265
1790297700,1.13727,1.137585,1.13721,1.13752
1790298000,1.137525,1.13786,1.137455,1.13779
1790298300,1.137785,1.13797,1.137755,1.137925
1790298600,1.13793,1.13824,1.13787,1.138195
1790298900,1.1382,1.13822,1.137885,1.137895
1790299200,1.137895,1.138005,1.137875,1.137915
1790299500,1.13792,1.137975,1.137715,1.137755
1790299800,1.137755,1.137755,1.137525,1.137535
1790300100,1.137535,1.137785,1.137515,1.137755
1790300400,1.137755,1.137765,1.137545,1.137545
1790300700,1.137545,1.137575,1.137445,1.13755
1790301000,1.13755,1.13755,1.137445,1.137495
1790301300,1.137495,1.13758,1.1374,1.137555
1790301600,1.13756,1.13764,1.1375,1.137545
1790301900,1.137555,1.137915,1.137545,1.137875
1790302200,1.137865,1.137905,1.13771,1.137815
1790302500,1.137815,1.13783,1.1376,1.13767
1790302800,1.137665,1.137865,1.13762,1.137675
1790303100,1.13767,1.13773,1.137615,1.13766
1790303400,1.137665,1.13774,1.137645,1.137705
1790303700,1.137695,1.137705,1.137545,1.13761
1790304000,1.137615,1.13773,1.13752,1.1377
1790304300,1.137705,1.13772,1.13747,1.137475
1790304600,1.137475,1.137495,1.13723,1.137285
1790304900,1.137285,1.137295,1.137175,1.137215
1790305200,1.137205,1.137215,1.137,1.13709
1790305500,1.137095,1.137225,1.137095,1.13713
1790305800,1.137135,1.137135,1.13692,1.136935
1790306100,1.136945,1.137015,1.136935,1.136965
1790306400,1.136975,1.13708,1.136955,1.136955
1790306700,1.136955,1.137015,1.136905,1.13693
1790307000,1.136935,1.136965,1.13684,1.136955
1790307300,1.136955,1.13699,1.136895,1.13696
1790307600,1.13696,1.13699,1.136895,1.13691
1790307900,1.136905,1.136995,1.136895,1.136895
1790308200,1.136885,1.137,1.136845,1.136955
1790308500,1.136945,1.137015,1.136905,1.136915
1790308800,1.136905,1.136975,1.13684,1.136965
1790309100,1.136965,1.137135,1.136965,1.137105
1790309400,1.137105,1.137115,1.136985,1.137015
1790309700,1.137015,1.137015,1.136945,1.136985
1790310000,1.13698,1.137015,1.136895,1.136915
1790310300,1.136915,1.137005,1.136895,1.136965
1790310600,1.136955,1.137055,1.13693,1.137015
1790310900,1.137015,1.137035,1.136865,1.136925
1790311200,1.136925,1.13705,1.136925,1.137015
1790311500,1.13702,1.137155,1.137015,1.137105
1790311800,1.1371,1.13713,1.13704,1.137105
1790312100,1.13711,1.13711,1.136895,1.137045
1790312400,1.13704,1.137145,1.137,1.137145
1790312700,1.13715,1.13729,1.13714,1.13727
1790313000,1.137265,1.137365,1.137215,1.13736
1790313300,1.137365,1.13748,1.137365,1.137365
1790313600,1.13737,1.137425,1.137245,1.137305
1790313900,1.137305,1.13732,1.137165,1.137255
1790314200,1.137255,1.13758,1.13716,1.137455
1790314500,1.137455,1.137465,1.137255,1.137305
1790314800,1.137305,1.13755,1.13728,1.13752
1790315100,1.137525,1.137565,1.13739,1.1374
1790315400,1.1374,1.137645,1.13739,1.137555
1790315700,1.137545,1.13755,1.137305,1.13754
1790316000,1.137535,1.13777,1.13751,1.13777
1790316300,1.137765,1.13779,1.137615,1.137625
1790316600,1.13762,1.138205,1.13762,1.13816
1790316900,1.13817,1.138505,1.138155,1.13848
1790317200,1.138475,1.13867,1.13823,1.138635
1790317500,1.138635,1.138645,1.138405,1.13846
1790317800,1.138455,1.138515,1.13827,1.13837
1790318100,1.13837,1.138415,1.138125,1.138295
1790318400,1.138295,1.138495,1.138295,1.13846
1790318700,1.13847,1.138595,1.13837,1.13854
1790319000,1.13854,1.138585,1.138315,1.138585
1790319300,1.138585,1.139005,1.138495,1.138585
1790319600,1.138585,1.138745,1.138015,1.1381
1790319900,1.138095,1.138345,1.138065,1.1382
1790320200,1.1382,1.13828,1.13798,1.138275
1790320500,1.13826,1.138345,1.138015,1.13808
1790320800,1.138085,1.138175,1.13784,1.13791
1790321100,1.137915,1.138105,1.137845,1.13804
1790321400,1.138035,1.138455,1.138035,1.13827
1790321700,1.138275,1.138475,1.13813,1.13816
1790322000,1.138165,1.138565,1.138125,1.138555
1790322300,1.13856,1.138835,1.138535,1.138675
1790322600,1.138675,1.1388,1.138595,1.138735
1790322900,1.138735,1.139065,1.138735,1.139025
1790323200,1.139025,1.13904,1.138735,1.138815
1790323500,1.138815,1.13918,1.138815,1.139085
1790323800,1.139075,1.139295,1.13903,1.139255
1790324100,1.139245,1.13937,1.13908,1.139185
1790324400,1.139185,1.139285,1.138975,1.139075
1790324700,1.139075,1.139135,1.138825,1.138925
1790325000,1.13893,1.139225,1.13891,1.138985
1790325300,1.138975,1.138985,1.138725,1.138775
1790325600,1.138775,1.13897,1.138765,1.13892
1790325900,1.13892,1.13928,1.13892,1.13921
1790326200,1.139215,1.139285,1.139125,1.139185
1790326500,1.139195,1.139395,1.13912,1.1392
1790326800,1.139195,1.13931,1.13904,1.13904
1790327100,1.139045,1.139385,1.138875,1.139375
1790327400,1.139375,1.139435,1.139275,1.139345
1790327700,1.139355,1.139435,1.13907,1.139325
1790328000,1.139335,1.139355,1.13911,1.13933
1790328300,1.13932,1.13933,1.138845,1.138865
1790328600,1.138865,1.139195,1.138835,1.139115
1790328900,1.139115,1.139215,1.138925,1.139035
1790329200,1.139025,1.139235,1.13892,1.138925
1790329500,1.138935,1.139025,1.13866,1.13892
1790329800,1.13892,1.139005,1.13876,1.138975
1790330100,1.138975,1.139275,1.13883,1.139125
1790330400,1.139125,1.139385,1.13912,1.139335
1790330700,1.139335,1.13985,1.139325,1.13984
1790331000,1.139845,1.139935,1.139795,1.13991
1790331300,1.13991,1.140075,1.139715,1.139785
1790331600,1.13978,1.140085,1.139775,1.139825
1790331900,1.139825,1.139865,1.139705,1.139745
1790332200,1.139735,1.139805,1.139655,1.139765
1790332500,1.13976,1.139785,1.139515,1.139605
1790332800,1.13961,1.13977,1.139475,1.139765
1790333100,1.139755,1.139795,1.139515,1.139545
1790333400,1.139535,1.13983,1.139515,1.139815
1790333700,1.13982,1.13988,1.139725,1.139765
1790334000,1.13977,1.140295,1.13973,1.140285
1790334300,1.140285,1.14088,1.140225,1.14075
1790334600,1.140745,1.14085,1.140615,1.140805
1790334900,1.14081,1.14098,1.14066,1.140675
1790335200,1.14068,1.14094,1.14067,1.140775
1790335500,1.140765,1.140835,1.140565,1.140605
1790335800,1.14059,1.140775,1.140575,1.14067
1790336100,1.140665,1.14108,1.140295,1.14033
1790336400,1.140335,1.1405,1.140255,1.140475
1790336700,1.140475,1.140545,1.140205,1.140405
1790337000,1.1404,1.14062,1.140365,1.140465
1790337300,1.14046,1.140545,1.1402,1.14024
1790337600,1.140245,1.140485,1.14019,1.14033
1790337900,1.140335,1.14041,1.14022,1.140295
1790338200,1.14029,1.140345,1.14,1.14004
1790338500,1.140045,1.14023,1.13999,1.1402
1790338800,1.14019,1.14077,1.140165,1.14045
1790339100,1.140455,1.14086,1.140445,1.14056
1790339400,1.140565,1.140625,1.14026,1.140385
1790339700,1.140385,1.14041,1.140185,1.14027
1790340000,1.14027,1.140305,1.13995,1.140085
1790340300,1.14008,1.14036,1.139855,1.140055
1790340600,1.14006,1.1404,1.14006,1.140205
1790340900,1.14021,1.14033,1.140055,1.140135
1790341200,1.14014,1.14027,1.139945,1.139995
1790341500,1.14,1.140725,1.14,1.140655
1790341800,1.14065,1.140725,1.140455,1.14053
1790342100,1.140525,1.14053,1.1402,1.14047
1790342400,1.140465,1.140485,1.13975,1.139895
1790342700,1.1399,1.140065,1.139695,1.139805
1790343000,1.13982,1.14015,1.13976,1.139985
1790343300,1.13999,1.14031,1.139935,1.140265
1790343600,1.14026,1.140415,1.140115,1.14027
1790343900,1.140265,1.14033,1.14003,1.140285
1790344200,1.140275,1.14046,1.140065,1.14013
1790344500,1.14012,1.140225,1.13997,1.140215
1790344800,1.140205,1.140315,1.139735,1.139915
1790345100,1.13992,1.14025,1.139635,1.140205
1790345400,1.14021,1.140375,1.140135,1.14037
1790345700,1.140365,1.1404,1.139985,1.140195
1790346000,1.1402,1.14024,1.14001,1.14017
1790346300,1.140165,1.140215,1.13973,1.13975
1790346600,1.139745,1.140085,1.139665,1.139935
1790346900,1.13993,1.140065,1.13981,1.140005
1790347200,1.14,1.140035,1.13966,1.139805
1790347500,1.13981,1.14023,1.139705,1.14016
1790347800,1.140155,1.14043,1.14009,1.140265
1790348100,1.140255,1.140255,1.139955,1.140215
1790348400,1.14023,1.14028,1.139775,1.139795
1790348700,1.1398,1.139885,1.13962,1.139635
1790349000,1.13964,1.13972,1.13955,1.139705
1790349300,1.139705,1.13978,1.139515,1.1396
1790349600,1.1396,1.13991,1.139565,1.13962
1790349900,1.139615,1.13983,1.13952,1.139685
1790350200,1.13969,1.139965,1.139625,1.139855
1790350500,1.13986,1.139875,1.139195,1.1392
1790350800,1.13921,1.13926,1.139045,1.139105
1790351100,1.13911,1.139135,1.13883,1.138865
1790351400,1.13887,1.13905,1.138605,1.13901
1790351700,1.139025,1.140015,1.13894,1.140015
1790352000,1.14001,1.14112,1.13997,1.14082
1790352300,1.140815,1.14098,1.140565,1.14082
1790352600,1.140825,1.140895,1.14046,1.14071
1790352900,1.140705,1.140705,1.139945,1.140005
1790353200,1.14001,1.14005,1.139345,1.139575
1790353500,1.13957,1.13983,1.13943,1.13983
1790353800,1.139835,1.139925,1.139095,1.13938
1790354100,1.13938,1.1396,1.13923,1.139555
1790354400,1.13955,1.13964,1.13929,1.139495
1790354700,1.139495,1.139515,1.139145,1.139355
1790355000,1.13935,1.1394,1.139185,1.139205
1790355300,1.139205,1.13937,1.13916,1.139245
1790355600,1.13925,1.13942,1.139045,1.13909
1790355900,1.13909,1.13928,1.1389,1.13908
1790356200,1.139085,1.139125,1.13893,1.139015
1790356500,1.139005,1.13903,1.138885,1.138955
1790356800,1.13896,1.13902,1.138935,1.13897
1790357100,1.13898,1.13901,1.1389,1.138955
1790357400,1.138955,1.13917,1.138915,1.138985
1790357700,1.13899,1.1391,1.138725,1.13896
1790358000,1.138965,1.13922,1.138925,1.139145
1790358300,1.139145,1.139185,1.13895,1.139065
1790358600,1.139065,1.13922,1.13899,1.1392
1790358900,1.139205,1.139245,1.13902,1.1391
1790359200,1.13911,1.1392,1.139065,1.139065
1790359500,1.13906,1.139215,1.138995,1.139215
1790359800,1.139215,1.139245,1.139145,1.13924
1790360100,1.139235,1.13932,1.139145,1.13925
1790360400,1.13924,1.139385,1.139195,1.139385
1790360700,1.13939,1.139555,1.13917,1.13945
1790361000,1.139455,1.139825,1.13945,1.139825
1790361300,1.13982,1.13997,1.139695,1.139705
1790361600,1.1397,1.13992,1.139615,1.13988
1790361900,1.13989,1.14007,1.139855,1.14003
1790362200,1.140035,1.140095,1.139915,1.139965
1790362500,1.13997,1.140035,1.139835,1.139945
1790362800,1.13995,1.140075,1.13968,1.13973
1790363100,1.139725,1.14003,1.139645,1.140005
1790363400,1.140005,1.140045,1.139855,1.140025
1790363700,1.140025,1.140045,1.139905,1.139905
1790364000,1.139905,1.13997,1.139805,1.13994
1790364300,1.139935,1.139965,1.13975,1.13975
1790364600,1.139755,1.139855,1.139705,1.139835
1790364900,1.139835,1.140125,1.139835,1.13995
1790365200,1.139945,1.139945,1.139745,1.13977
1790365500,1.139785,1.13986,1.13975,1.13982
1790365800,1.13983,1.139835,1.139675,1.139715
1790366100,1.139695,1.139705,1.139515,1.139515
1790366400,1.13951,1.139715,1.13951,1.139615
1790366700,1.139605,1.139605,1.139365,1.139375
1790367000,1.13937,1.13942,1.139345,1.13936
1790367300,1.139355,1.139425,1.139345,1.139395
1790367600,1.139395,1.139455,1.13937,1.13944
1790367900,1.139435,1.13945,1.1392,1.139235
1790368200,1.139235,1.139475,1.139235,1.13947
1790368500,1.13947,1.139515,1.139425,1.139455
1790368800,1.139455,1.13946,1.139315,1.13934
1790369100,1.139345,1.13936,1.13924,1.13924
1790369400,1.139245,1.139265,1.13919,1.13921
1790369700,1.1392,1.13927,1.13904,1.13915
