time,open,high,low,close
1782123600,1.32439,1.32464,1.32405,1.324395
1782123900,1.3244,1.324565,1.32405,1.324325
1782124200,1.32434,1.324365,1.323845,1.323895
1782124500,1.3239,1.324065,1.32354,1.323575
1782124800,1.32357,1.32407,1.32357,1.324055
1782125100,1.32406,1.324475,1.32391,1.324005
1782125400,1.32401,1.324285,1.32393,1.32394
1782125700,1.323935,1.32412,1.3236,1.32371
1782126000,1.323715,1.32374,1.32317,1.323515
1782126300,1.32352,1.324395,1.323485,1.323745
1782126600,1.32375,1.32377,1.32347,1.323615
1782126900,1.32361,1.323865,1.32343,1.32384
1782127200,1.323835,1.32404,1.323575,1.32377
1782127500,1.323765,1.323785,1.323425,1.32372
1782127800,1.32372,1.32426,1.323715,1.32406
1782128100,1.32407,1.32427,1.3239,1.32393
1782128400,1.323925,1.32426,1.323845,1.324245
1782128700,1.32425,1.324375,1.324045,1.324365
1782129000,1.324375,1.324375,1.323735,1.323845
1782129300,1.32384,1.32384,1.32353,1.32356
1782129600,1.323555,1.324515,1.32347,1.324445
1782129900,1.32444,1.324975,1.32434,1.324945
1782130200,1.32495,1.32555,1.324795,1.325225
1782130500,1.32522,1.325225,1.32472,1.325055
1782130800,1.32504,1.32593,1.32502,1.325875
1782131100,1.32587,1.32596,1.32542,1.32596
1782131400,1.325955,1.326565,1.325855,1.326525
1782131700,1.32653,1.327195,1.32652,1.32718
1782132000,1.327175,1.32732,1.32698,1.327025
1782132300,1.32702,1.327195,1.32671,1.327075
1782132600,1.32707,1.32707,1.326545,1.326635
1782132900,1.32664,1.326765,1.32573,1.32613
1782133200,1.326135,1.326525,1.32529,1.326465
1782133500,1.32646,1.32655,1.325715,1.325865
1782133800,1.32586,1.326375,1.325695,1.326225
1782134100,1.32622,1.326485,1.32605,1.326265
1782134400,1.32627,1.326465,1.32554,1.3256
1782134700,1.325605,1.325675,1.32496,1.325035
1782135000,1.32503,1.32551,1.324905,1.32512
1782135300,1.325125,1.32577,1.325025,1.32542
1782135600,1.325425,1.32544,1.32413,1.32433
1782135900,1.324325,1.324895,1.3242,1.324495
1782136200,1.3245,1.324575,1.3241,1.32412
1782136500,1.324115,1.324245,1.323795,1.323895
1782136800,1.32389,1.324645,1.32377,1.324615
1782137100,1.32462,1.32606,1.32452,1.325315
1782137400,1.325305,1.32564,1.32489,1.325605
1782137700,1.325585,1.32585,1.324855,1.32505
1782138000,1.325045,1.32557,1.324995,1.32556
1782138300,1.32555,1.32583,1.325425,1.32559
1782138600,1.3256,1.32565,1.3243,1.3243
1782138900,1.324305,1.32442,1.323965,1.32406
1782139200,1.324065,1.32481,1.323915,1.32447
1782139500,1.32447,1.325675,1.32445,1.325535
1782139800,1.32553,1.326515,1.325485,1.326095
1782140100,1.32609,1.32642,1.325095,1.326235
1782140400,1.32623,1.32662,1.32611,1.32648
1782140700,1.326485,1.326745,1.32605,1.32605
1782141000,1.326055,1.326325,1.32587,1.32607
1782141300,1.326065,1.32622,1.32577,1.326055
1782141600,1.32603,1.326155,1.32576,1.32599
1782141900,1.325985,1.326155,1.3254,1.325545
1782142200,1.32554,1.325635,1.32518,1.325325
1782142500,1.32533,1.3255,1.32521,1.325335
1782142800,1.32535,1.32546,1.325215,1.325255
1782143100,1.325245,1.325265,1.32458,1.324615
1782143400,1.324605,1.32495,1.324605,1.324735
1782143700,1.32473,1.32482,1.32458,1.32472
1782144000,1.324725,1.32485,1.32424,1.324255
1782144300,1.32425,1.32456,1.324195,1.32432
1782144600,1.32431,1.324525,1.324115,1.324455
1782144900,1.32445,1.324495,1.3242,1.324345
1782145200,1.32434,1.3247,1.324285,1.324325
1782145500,1.32433,1.32434,1.32415,1.324175
1782145800,1.32417,1.324175,1.323965,1.324165
1782146100,1.32415,1.324525,1.324085,1.32425
1782146400,1.324255,1.32434,1.323985,1.324115
1782146700,1.324105,1.32429,1.324005,1.32428
1782147000,1.324275,1.324555,1.324235,1.324505
1782147300,1.324505,1.32469,1.3243,1.32445
1782147600,1.324455,1.32462,1.32436,1.324515
1782147900,1.324515,1.324535,1.324355,1.324535
1782148200,1.32453,1.324575,1.324275,1.324305
1782148500,1.3243,1.324435,1.324295,1.32438
1782148800,1.324375,1.32453,1.324375,1.324485
1782149100,1.324485,1.324545,1.3242,1.32422
1782149400,1.324225,1.324325,1.32407,1.32409
1782149700,1.324095,1.324185,1.32403,1.32412
1782150000,1.324125,1.324225,1.324105,1.3242
1782150300,1.324195,1.32454,1.32419,1.32436
1782150600,1.324375,1.324545,1.32432,1.324505
1782150900,1.324505,1.324555,1.32438,1.32442
1782151200,1.32442,1.32448,1.324325,1.324375
1782151500,1.32438,1.32445,1.324305,1.324435
1782151800,1.32443,1.32462,1.32439,1.324395
1782152100,1.3244,1.324515,1.32439,1.32444
1782152400,1.324445,1.324615,1.324405,1.324535
1782152700,1.32454,1.324605,1.32441,1.32445
1782153000,1.324455,1.324465,1.32407,1.324235
1782153300,1.32424,1.32439,1.324185,1.324205
1782153600,1.324205,1.32426,1.324065,1.32425
1782153900,1.324245,1.324425,1.32423,1.3243
1782154200,1.324295,1.324585,1.32428,1.32454
1782154500,1.324545,1.32456,1.32413,1.32436
1782154800,1.32435,1.32445,1.324235,1.32431
1782155100,1.324305,1.324365,1.324195,1.32434
1782155400,1.324335,1.3245,1.32432,1.324435
1782155700,1.32444,1.32455,1.324245,1.324515
1782156000,1.32452,1.324565,1.32439,1.32448
1782156300,1.32447,1.324615,1.32443,1.32445
1782156600,1.324445,1.32446,1.324235,1.324325
1782156900,1.32432,1.324405,1.32416,1.32432
1782157200,1.32432,1.32445,1.324235,1.32426
1782157500,1.324255,1.32442,1.324165,1.32441
1782157800,1.324405,1.32489,1.32438,1.324835
1782158100,1.32484,1.32498,1.32452,1.324765
1782158400,1.32477,1.325,1.32472,1.32483
1782158700,1.324825,1.3251,1.32482,1.325035
1782159000,1.32503,1.325195,1.325025,1.325065
1782159300,1.32506,1.325085,1.32499,1.32505
1782159600,1.32505,1.32505,1.324725,1.32473
1782159900,1.32474,1.324965,1.32474,1.324845
1782160200,1.32485,1.32494,1.32481,1.324905
1782160500,1.324905,1.324925,1.32476,1.32482
1782160800,1.324825,1.32494,1.32481,1.32491
1782161100,1.324915,1.324925,1.324745,1.324845
1782161400,1.32485,1.32496,1.32478,1.324935
1782161700,1.32493,1.32507,1.32489,1.32502
1782162000,1.325045,1.325215,1.324845,1.325175
1782162300,1.32506,1.325295,1.324965,1.32523
1782162600,1.32523,1.3254,1.325,1.325305
1782162900,1.325305,1.325305,1.32489,1.324925
1782163200,1.324925,1.324985,1.324805,1.3249
1782163500,1.3249,1.325565,1.32481,1.324945
1782163800,1.324945,1.32517,1.3249,1.32509
1782164100,1.32509,1.32548,1.324945,1.32515
1782164400,1.325195,1.3254,1.324995,1.32508
1782164700,1.325085,1.32542,1.325055,1.3253
1782165000,1.3253,1.32554,1.3253,1.325395
1782165300,1.325395,1.32555,1.32482,1.325005
1782165600,1.32503,1.325235,1.324915,1.325155
1782165900,1.325145,1.325195,1.324845,1.32504
1782166200,1.32505,1.325105,1.324805,1.32502
1782166500,1.325015,1.32511,1.324965,1.325035
1782166800,1.32504,1.32504,1.324865,1.324865
1782167100,1.324865,1.32493,1.324865,1.324875
1782167400,1.324885,1.324915,1.324805,1.324815
1782167700,1.324815,1.32482,1.3247,1.324725
1782168000,1.324725,1.324725,1.32461,1.324675
1782168300,1.324675,1.324745,1.32467,1.324725
1782168600,1.324725,1.324735,1.324635,1.324685
1782168900,1.32469,1.32485,1.324665,1.324825
1782169200,1.324815,1.324965,1.324815,1.324885
1782169500,1.324885,1.32494,1.324875,1.324925
1782169800,1.32492,1.32493,1.32484,1.32484
1782170100,1.32484,1.32486,1.324825,1.324835
1782170400,1.324835,1.324835,1.324745,1.32478
1782170700,1.32478,1.324925,1.32476,1.324825
1782171000,1.324825,1.32484,1.32481,1.324815
1782171300,1.324815,1.32485,1.32481,1.32481
1782171600,1.32481,1.324865,1.324705,1.32473
1782171900,1.32473,1.32474,1.32462,1.32471
1782172200,1.32471,1.324735,1.324635,1.32465
1782172500,1.324645,1.32472,1.324605,1.32467
1782172800,1.324675,1.3247,1.324485,1.324555
1782173100,1.32455,1.324615,1.32439,1.3244
1782173400,1.324395,1.324395,1.32415,1.32415
1782173700,1.324155,1.324275,1.324025,1.324105
1782174000,1.324115,1.324215,1.32401,1.324105
1782174300,1.32411,1.324235,1.323925,1.324185
1782174600,1.32419,1.324635,1.324175,1.324315
1782174900,1.32431,1.32443,1.324275,1.324395
1782175200,1.32439,1.324625,1.32428,1.324595
1782175500,1.3246,1.32481,1.32451,1.324625
1782175800,1.32462,1.32466,1.32445,1.32463
1782176100,1.324635,1.32464,1.32439,1.32451
1782176400,1.324515,1.32463,1.32404,1.324415
1782176700,1.32441,1.324415,1.324065,1.32421
1782177000,1.324205,1.32421,1.324005,1.32406
1782177300,1.324055,1.324105,1.3239,1.323965
1782177600,1.32397,1.32421,1.323955,1.3241
1782177900,1.324105,1.32427,1.32404,1.32408
1782178200,1.324085,1.324205,1.32395,1.32412
1782178500,1.324125,1.32418,1.32402,1.324135
1782178800,1.32414,1.324275,1.324115,1.32419
1782179100,1.32419,1.32419,1.32402,1.32404
1782179400,1.32403,1.32443,1.323915,1.324305
1782179700,1.3243,1.32458,1.3242,1.324325
1782180000,1.32433,1.324705,1.324275,1.324675
1782180300,1.324675,1.32468,1.3244,1.32447
1782180600,1.324465,1.32469,1.324355,1.324665
1782180900,1.32467,1.324895,1.32467,1.324835
1782181200,1.32484,1.32489,1.32475,1.324795
1782181500,1.324795,1.32485,1.32472,1.32476
1782181800,1.324765,1.324815,1.324615,1.32464
1782182100,1.324645,1.32477,1.324635,1.32471
1782182400,1.324715,1.324815,1.32468,1.32472
1782182700,1.324715,1.324715,1.32443,1.32447
1782183000,1.324465,1.32456,1.324285,1.32432
1782183300,1.32433,1.32445,1.32412,1.32417
1782183600,1.324165,1.324295,1.324125,1.32426
1782183900,1.324255,1.32426,1.323785,1.323815
1782184200,1.32381,1.32407,1.323705,1.324
1782184500,1.323995,1.32402,1.32342,1.323565
1782184800,1.32357,1.323975,1.323545,1.32396
1782185100,1.323965,1.32434,1.323925,1.32428
1782185400,1.324285,1.324295,1.324085,1.32412
1782185700,1.324115,1.32421,1.32398,1.32409
1782186000,1.32409,1.324275,1.32403,1.32423
1782186300,1.324225,1.32431,1.324105,1.324245
1782186600,1.324235,1.32442,1.324235,1.32432
1782186900,1.324325,1.32493,1.32428,1.32487
1782187200,1.324875,1.32498,1.324665,1.32481
1782187500,1.324805,1.324805,1.324705,1.32479
1782187800,1.32479,1.32481,1.32457,1.32459
1782188100,1.324585,1.32462,1.324515,1.32453
1782188400,1.32453,1.32459,1.324225,1.32431
1782188700,1.32431,1.324405,1.324275,1.324285
1782189000,1.324265,1.324275,1.32396,1.324075
1782189300,1.324085,1.324165,1.32398,1.324
1782189600,1.323995,1.324085,1.32397,1.32406
1782189900,1.324055,1.32413,1.323995,1.324075
1782190200,1.324075,1.324135,1.32392,1.32392
1782190500,1.323925,1.323975,1.323495,1.323685
1782190800,1.32368,1.32376,1.323395,1.323755
1782191100,1.32376,1.32382,1.32358,1.323595
1782191400,1.32359,1.32373,1.323575,1.323595
1782191700,1.32359,1.323775,1.32351,1.32374
1782192000,1.323745,1.323825,1.323575,1.323585
1782192300,1.32359,1.323735,1.323535,1.32373
1782192600,1.323735,1.323825,1.32356,1.32382
1782192900,1.323815,1.324065,1.323795,1.32392
1782193200,1.323915,1.323935,1.32352,1.323835
1782193500,1.32383,1.323855,1.32332,1.32347
1782193800,1.323475,1.32411,1.323405,1.32411
1782194100,1.324105,1.32429,1.32395,1.324275
1782194400,1.32427,1.32428,1.323795,1.32396
1782194700,1.323955,1.324185,1.32377,1.323885
1782195000,1.32389,1.32407,1.32378,1.32398
1782195300,1.323975,1.32433,1.323815,1.32432
1782195600,1.324315,1.32463,1.324285,1.324605
1782195900,1.324595,1.324625,1.323845,1.32406
1782196200,1.324055,1.324055,1.32355,1.32392
1782196500,1.323915,1.323955,1.32323,1.32332
1782196800,1.323325,1.323585,1.323095,1.3231
1782197100,1.323095,1.323225,1.322885,1.323195
1782197400,1.32319,1.32347,1.32307,1.32337
1782197700,1.323365,1.32361,1.323255,1.32343
1782198000,1.32342,1.323955,1.323095,1.323935
1782198300,1.323945,1.32498,1.32362,1.324835
1782198600,1.32483,1.324855,1.324405,1.32454
1782198900,1.324575,1.32484,1.32432,1.324615
1782199200,1.324605,1.32494,1.32443,1.3245
1782199500,1.32449,1.324835,1.32438,1.3248
1782199800,1.32479,1.32483,1.323805,1.324015
1782200100,1.32401,1.324025,1.32316,1.323325
1782200400,1.32332,1.32342,1.32262,1.322785
1782200700,1.32279,1.32314,1.322635,1.322865
1782201000,1.32287,1.322895,1.322055,1.322375
1782201300,1.32238,1.322685,1.322265,1.322635
1782201600,1.32263,1.323575,1.32258,1.323145
1782201900,1.32314,1.32356,1.32289,1.323045
1782202200,1.32305,1.32328,1.322855,1.322875
1782202500,1.32287,1.322885,1.3224,1.322475
1782202800,1.32247,1.322775,1.322265,1.32236
1782203100,1.322355,1.322375,1.321865,1.32214
1782203400,1.32216,1.32216,1.32133,1.32148
1782203700,1.321485,1.3217,1.321245,1.321655
1782204000,1.32166,1.322025,1.321575,1.321875
1782204300,1.32187,1.322065,1.32157,1.321695
1782204600,1.32169,1.322225,1.32163,1.322105
1782204900,1.32211,1.32229,1.3218,1.32204
1782205200,1.322045,1.32248,1.321775,1.32181
1782205500,1.321805,1.321915,1.321665,1.321705
1782205800,1.321695,1.32193,1.321645,1.32178
1782206100,1.321775,1.32188,1.32157,1.32175
1782206400,1.321745,1.322255,1.321635,1.32217
1782206700,1.322165,1.322325,1.32194,1.32231
1782207000,1.322305,1.322835,1.322305,1.322695
1782207300,1.3227,1.322865,1.32228,1.322555
1782207600,1.32255,1.322565,1.32227,1.32242
1782207900,1.322415,1.32252,1.322155,1.32231
1782208200,1.322305,1.322685,1.322205,1.32257
1782208500,1.322585,1.32308,1.32251,1.323005
1782208800,1.323,1.323155,1.322895,1.32296
1782209100,1.322955,1.322985,1.32219,1.32229
1782209400,1.322295,1.32237,1.3219,1.3222
1782209700,1.322195,1.322445,1.321985,1.32205
1782210000,1.322045,1.322045,1.32163,1.321915
1782210300,1.32191,1.32203,1.32164,1.321665
1782210600,1.32166,1.321995,1.32151,1.32198
1782210900,1.32198,1.321985,1.321745,1.321875
1782211200,1.32187,1.321985,1.321815,1.321865
1782211500,1.32186,1.32201,1.32128,1.321405
1782211800,1.32141,1.32149,1.321045,1.321325
1782212100,1.321315,1.32222,1.32129,1.321965
1782212400,1.32197,1.322525,1.321925,1.32201
1782212700,1.322,1.32234,1.321855,1.322055
1782213000,1.322055,1.322395,1.322,1.322365
1782213300,1.32236,1.32242,1.322165,1.32232
1782213600,1.32231,1.322675,1.322055,1.322065
1782213900,1.32206,1.3221,1.321605,1.321615
1782214200,1.32161,1.32166,1.321305,1.32139
1782214500,1.32139,1.321535,1.32116,1.321485
1782214800,1.32149,1.32161,1.321295,1.32152
1782215100,1.32151,1.32163,1.32123,1.321495
1782215400,1.32149,1.32162,1.32104,1.32126
1782215700,1.321255,1.32126,1.320685,1.3208
1782216000,1.320795,1.32168,1.320685,1.3215
1782216300,1.321505,1.32192,1.32145,1.3216
1782216600,1.321605,1.32191,1.321585,1.32162
1782216900,1.321625,1.32203,1.32139,1.32176
1782217200,1.321765,1.32185,1.32109,1.32139
1782217500,1.32138,1.321415,1.321095,1.3212
1782217800,1.321195,1.321895,1.321175,1.321565
1782218100,1.32157,1.32193,1.32157,1.32168
1782218400,1.32167,1.32177,1.3213,1.32131
1782218700,1.321305,1.321615,1.32107,1.321615
1782219000,1.32161,1.3217,1.321,1.321185
1782219300,1.32119,1.32129,1.3208,1.321165
1782219600,1.32117,1.32145,1.32072,1.32132
1782219900,1.32133,1.321735,1.321255,1.32136
1782220200,1.32135,1.3214,1.32069,1.320695
1782220500,1.32069,1.32115,1.320485,1.320775
1782220800,1.32077,1.321475,1.320495,1.32142
1782221100,1.32143,1.32151,1.32104,1.32124
1782221400,1.32125,1.321685,1.320705,1.321685
1782221700,1.32168,1.321865,1.321415,1.321615
1782222000,1.32162,1.32193,1.32149,1.3215
1782222300,1.32149,1.3222,1.32149,1.322015
1782222600,1.32201,1.32218,1.321555,1.321895
1782222900,1.3219,1.3219,1.321165,1.32134
1782223200,1.321345,1.32152,1.32112,1.321195
1782223500,1.3212,1.32141,1.32068,1.32089
1782223800,1.320895,1.321155,1.32049,1.32077
1782224100,1.320775,1.32093,1.32045,1.32057
1782224400,1.320575,1.3208,1.320345,1.320495
1782224700,1.32049,1.320605,1.320295,1.320385
1782225000,1.32038,1.3207,1.320045,1.32006
1782225300,1.320055,1.32019,1.31974,1.319755
1782225600,1.31976,1.31987,1.319495,1.31971
1782225900,1.319715,1.320515,1.319705,1.320125
1782226200,1.32013,1.32023,1.319725,1.32017
1782226500,1.320165,1.320475,1.31977,1.320085
1782226800,1.32008,1.320215,1.3196,1.319745
1782227100,1.31975,1.319775,1.31941,1.319485
1782227400,1.31949,1.31997,1.319365,1.319815
1782227700,1.31984,1.320235,1.31976,1.319815
1782228000,1.31981,1.319995,1.319575,1.31981
1782228300,1.319805,1.319885,1.319585,1.31961
1782228600,1.31962,1.31992,1.31956,1.319625
1782228900,1.31963,1.31971,1.31899,1.318995
1782229200,1.31899,1.31907,1.318625,1.318875
1782229500,1.31888,1.31893,1.318495,1.31852
1782229800,1.318525,1.318965,1.31851,1.31886
1782230100,1.318855,1.31899,1.318645,1.31897
1782230400,1.318965,1.319085,1.31885,1.31895
1782230700,1.31895,1.319135,1.318585,1.31884
1782231000,1.318845,1.31946,1.318765,1.31939
1782231300,1.31939,1.31967,1.319165,1.319525
1782231600,1.31953,1.31971,1.319405,1.319605
1782231900,1.31959,1.31961,1.31904,1.31905
1782232200,1.319055,1.319055,1.31878,1.318865
1782232500,1.31886,1.31928,1.318845,1.31927
1782232800,1.31927,1.319365,1.31911,1.319355
1782233100,1.31935,1.31935,1.31897,1.31907
1782233400,1.31907,1.31911,1.31878,1.318895
1782233700,1.318895,1.318995,1.318605,1.31867
1782234000,1.318665,1.318835,1.318405,1.318405
1782234300,1.31841,1.318895,1.318295,1.318785
1782234600,1.31878,1.31893,1.31869,1.318805
1782234900,1.31881,1.318905,1.318585,1.318605
1782235200,1.318605,1.31889,1.3185,1.318765
1782235500,1.31877,1.31877,1.31855,1.3186
1782235800,1.318605,1.31888,1.318545,1.31881
1782236100,1.31881,1.319125,1.31871,1.31912
1782236400,1.319125,1.319135,1.318925,1.31908
1782236700,1.319085,1.31909,1.318865,1.3189
1782237000,1.3189,1.318975,1.31881,1.31895
1782237300,1.318945,1.318985,1.318705,1.318745
1782237600,1.31875,1.31887,1.318595,1.318675
1782237900,1.31867,1.31881,1.318625,1.31879
1782238200,1.318795,1.318845,1.3187,1.318765
1782238500,1.31877,1.318825,1.318615,1.31869
1782238800,1.31869,1.31881,1.31858,1.318765
1782239100,1.31876,1.31876,1.31853,1.318555
1782239400,1.31855,1.31855,1.31829,1.318375
1782239700,1.31837,1.318605,1.31823,1.318545
1782240000,1.31855,1.31861,1.31836,1.3184
1782240300,1.318405,1.31861,1.31839,1.318585
1782240600,1.31859,1.318815,1.318585,1.31879
1782240900,1.318795,1.318885,1.31861,1.318875
1782241200,1.31887,1.31953,1.31879,1.31948
1782241500,1.319475,1.319835,1.31947,1.31972
1782241800,1.31972,1.31978,1.319595,1.31967
1782242100,1.319665,1.319765,1.31949,1.3195
1782242400,1.319505,1.31966,1.319475,1.31959
1782242700,1.319595,1.31987,1.319515,1.319855
1782243000,1.31986,1.320065,1.31978,1.31997
1782243300,1.319975,1.32,1.3197,1.319785
1782243600,1.31979,1.31983,1.31966,1.31973
1782243900,1.319725,1.319825,1.31966,1.319705
1782244200,1.31971,1.31977,1.319565,1.31972
1782244500,1.319715,1.31981,1.31952,1.31952
1782244800,1.319525,1.319895,1.31946,1.319895
1782245100,1.319895,1.32011,1.31989,1.320095
1782245400,1.320095,1.32013,1.32,1.32009
1782245700,1.32009,1.320095,1.319995,1.32006
1782246000,1.32006,1.32019,1.320035,1.320145
1782246300,1.32015,1.3203,1.32012,1.32019
1782246600,1.320195,1.320225,1.32017,1.320215
1782246900,1.320205,1.32021,1.320095,1.3201
1782247200,1.320105,1.32017,1.3201,1.3201
1782247500,1.320105,1.32019,1.3201,1.320145
1782247800,1.32015,1.320255,1.320125,1.320205
1782248100,1.32022,1.320405,1.320195,1.320365
1782248400,1.32035,1.320395,1.31944,1.319895
1782248700,1.319895,1.32053,1.319845,1.320505
1782249000,1.320505,1.320505,1.32031,1.320335
1782249300,1.320335,1.320425,1.320305,1.32033
1782249600,1.32033,1.32036,1.32033,1.320355
1782249900,1.320345,1.320375,1.320285,1.32033
1782250200,1.32032,1.32037,1.320315,1.32033
1782250500,1.32033,1.32035,1.320285,1.320305
1782250800,1.320305,1.320345,1.320295,1.320295
1782251100,1.32033,1.32033,1.320235,1.320285
1782251400,1.32028,1.320325,1.320235,1.320295
1782251700,1.3203,1.32032,1.32015,1.32018
1782252000,1.320175,1.320175,1.31992,1.319955
1782252300,1.31995,1.32002,1.31985,1.31998
1782252600,1.319975,1.32009,1.31996,1.320065
1782252900,1.32006,1.320095,1.319955,1.319965
1782253200,1.319965,1.319995,1.319885,1.319915
1782253500,1.319905,1.319995,1.31988,1.319895
1782253800,1.319895,1.320005,1.31988,1.3199
1782254100,1.319905,1.31999,1.3199,1.319985
1782254400,1.319985,1.320085,1.319985,1.320025
1782254700,1.320025,1.32011,1.320025,1.320085
1782255000,1.320095,1.320165,1.32007,1.320105
1782255300,1.320105,1.320105,1.320035,1.320055
1782255600,1.320055,1.32016,1.320015,1.320095
1782255900,1.320095,1.320115,1.320005,1.32001
1782256200,1.32001,1.32003,1.319975,1.32
1782256500,1.319995,1.32008,1.319945,1.319975
1782256800,1.319975,1.320005,1.319955,1.319995
1782257100,1.319995,1.320005,1.319865,1.31987
1782257400,1.31987,1.319875,1.31972,1.31976
1782257700,1.319765,1.31989,1.31976,1.319785
1782258000,1.319785,1.32016,1.31977,1.320125
1782258300,1.32013,1.320375,1.320085,1.32033
1782258600,1.320325,1.320375,1.320135,1.32014
1782258900,1.320135,1.32018,1.319885,1.31996
1782259200,1.319965,1.320165,1.319865,1.320015
1782259500,1.32001,1.32027,1.319985,1.320185
1782259800,1.32019,1.320305,1.31985,1.319895
1782260100,1.319885,1.31998,1.31974,1.319765
1782260400,1.31976,1.31983,1.31955,1.31957
1782260700,1.319575,1.3196,1.319385,1.319575
1782261000,1.31957,1.319785,1.31957,1.31974
1782261300,1.31973,1.319785,1.319515,1.31968
1782261600,1.319675,1.31977,1.319515,1.319705
1782261900,1.3197,1.32002,1.319695,1.319915
1782262200,1.31991,1.32011,1.31988,1.32
1782262500,1.319995,1.32006,1.31974,1.319905
1782262800,1.31991,1.31992,1.319085,1.31929
1782263100,1.319295,1.319605,1.31929,1.31938
1782263400,1.319375,1.31959,1.31933,1.319575
1782263700,1.31958,1.31959,1.31917,1.31929
1782264000,1.3193,1.31937,1.319135,1.319295
1782264300,1.31929,1.31944,1.31922,1.319355
1782264600,1.319345,1.319675,1.31922,1.319445
1782264900,1.319445,1.319605,1.3193,1.3196
1782265200,1.319595,1.319995,1.319595,1.3198
1782265500,1.319795,1.31982,1.319585,1.319795
1782265800,1.3198,1.319985,1.3197,1.319975
1782266100,1.31998,1.320195,1.319915,1.32011
1782266400,1.320105,1.320155,1.319935,1.32011
1782266700,1.320125,1.32018,1.319875,1.32011
1782267000,1.320115,1.32021,1.31997,1.32014
1782267300,1.32014,1.32036,1.32005,1.320235
1782267600,1.32023,1.32031,1.320105,1.320155
1782267900,1.32016,1.32046,1.320155,1.320265
1782268200,1.32027,1.320365,1.320145,1.32026
1782268500,1.320265,1.320285,1.319985,1.320065
1782268800,1.32007,1.32017,1.31978,1.319835
1782269100,1.31983,1.319855,1.319605,1.319645
1782269400,1.31965,1.319675,1.319375,1.319485
1782269700,1.31949,1.319575,1.319045,1.31907
1782270000,1.319075,1.319185,1.318805,1.31884
1782270300,1.318835,1.318975,1.31871,1.31893
1782270600,1.318925,1.31928,1.31888,1.3191
1782270900,1.3191,1.319275,1.3189,1.31924
1782271200,1.319235,1.31949,1.319105,1.319395
1782271500,1.3194,1.319735,1.319365,1.31973
1782271800,1.319735,1.31977,1.319475,1.319675
1782272100,1.31967,1.31973,1.319555,1.319685
1782272400,1.31968,1.32016,1.319675,1.31999
1782272700,1.319995,1.32001,1.31981,1.319965
1782273000,1.31997,1.320015,1.319885,1.319895
1782273300,1.3199,1.31997,1.319845,1.31988
1782273600,1.319885,1.319905,1.319425,1.319465
1782273900,1.31947,1.319475,1.31918,1.319195
1782274200,1.319205,1.319265,1.31908,1.319225
1782274500,1.31923,1.31937,1.319215,1.31928
1782274800,1.319285,1.31938,1.319265,1.31936
1782275100,1.319355,1.319755,1.31932,1.319505
1782275400,1.3195,1.31956,1.319385,1.319445
1782275700,1.31945,1.319545,1.31937,1.319485
1782276000,1.31949,1.319665,1.319485,1.319505
1782276300,1.31951,1.319565,1.3194,1.31943
1782276600,1.319435,1.319465,1.319175,1.319185
1782276900,1.31919,1.319345,1.319185,1.319305
1782277200,1.31931,1.31941,1.31924,1.319375
1782277500,1.319365,1.319755,1.319265,1.31975
1782277800,1.319755,1.319815,1.319565,1.319675
1782278100,1.319675,1.31977,1.31956,1.319705
1782278400,1.3197,1.31971,1.319465,1.319575
1782278700,1.319575,1.31963,1.31939,1.319465
1782279000,1.31946,1.31958,1.319405,1.319475
1782279300,1.31948,1.31949,1.319385,1.31947
1782279600,1.31948,1.319565,1.319365,1.319415
1782279900,1.31942,1.31976,1.31936,1.319595
1782280200,1.319595,1.3196,1.319425,1.319525
1782280500,1.31952,1.319625,1.319385,1.31952
1782280800,1.319515,1.319695,1.31932,1.319685
1782281100,1.31969,1.320205,1.31963,1.320205
1782281400,1.3202,1.32092,1.32013,1.320775
1782281700,1.32078,1.32078,1.319865,1.319885
1782282000,1.31987,1.32031,1.31979,1.32006
1782282300,1.320065,1.320065,1.31899,1.31927
1782282600,1.31928,1.31964,1.319005,1.319445
1782282900,1.31944,1.319615,1.318865,1.31894
1782283200,1.318935,1.319495,1.31889,1.31941
1782283500,1.319405,1.3195,1.31924,1.3193
1782283800,1.319295,1.319305,1.318975,1.319075
1782284100,1.31907,1.31928,1.3184,1.31866
1782284400,1.318655,1.31878,1.31799,1.31828
1782284700,1.318275,1.318515,1.31809,1.318355
1782285000,1.31836,1.318415,1.318015,1.31804
1782285300,1.318045,1.31845,1.318,1.318425
1782285600,1.31842,1.318905,1.318405,1.31869
1782285900,1.318685,1.31909,1.318505,1.31893
1782286200,1.318935,1.31977,1.318935,1.31954
1782286500,1.319545,1.319595,1.31901,1.31927
1782286800,1.319275,1.319695,1.31906,1.319665
1782287100,1.31966,1.31988,1.31923,1.31951
1782287400,1.319505,1.31957,1.319265,1.31941
1782287700,1.319405,1.319455,1.31861,1.318685
1782288000,1.31868,1.319055,1.31856,1.31889
1782288300,1.318885,1.318885,1.318485,1.31855
1782288600,1.318535,1.31862,1.31714,1.31744
1782288900,1.317435,1.31809,1.31725,1.318005
1782289200,1.31801,1.3183,1.317935,1.318275
1782289500,1.31826,1.31877,1.31823,1.318755
1782289800,1.31876,1.31942,1.31871,1.31915
1782290100,1.319145,1.319265,1.318545,1.318645
1782290400,1.31864,1.31944,1.318605,1.31909
1782290700,1.319085,1.319145,1.31889,1.31907
1782291000,1.319065,1.319565,1.31901,1.319555
1782291300,1.31955,1.31977,1.31921,1.319275
1782291600,1.31927,1.319565,1.318825,1.318855
1782291900,1.31885,1.318855,1.31856,1.318605
1782292200,1.3186,1.319145,1.318375,1.31909
1782292500,1.319095,1.31928,1.31895,1.31927
1782292800,1.319275,1.31932,1.318555,1.318585
1782293100,1.31858,1.318595,1.318095,1.318225
1782293400,1.31822,1.318445,1.31773,1.31782
1782293700,1.317825,1.31813,1.317685,1.31802
1782294000,1.318015,1.318025,1.31746,1.317645
1782294300,1.31764,1.318035,1.317605,1.31796
1782294600,1.317965,1.318305,1.31794,1.31806
1782294900,1.318065,1.31809,1.31754,1.31756
1782295200,1.317555,1.317585,1.317045,1.317135
1782295500,1.31713,1.317175,1.316565,1.316635
1782295800,1.31664,1.316755,1.3165,1.31675
1782296100,1.31674,1.31684,1.315985,1.31629
1782296400,1.316295,1.316295,1.31559,1.315745
1782296700,1.315735,1.31591,1.31548,1.31582
1782297000,1.315815,1.316045,1.315595,1.315955
1782297300,1.31595,1.31596,1.315505,1.31563
1782297600,1.315625,1.316605,1.315585,1.316145
1782297900,1.31614,1.31629,1.31579,1.31602
1782298200,1.31601,1.316035,1.31566,1.315845
1782298500,1.315845,1.31589,1.31551,1.31557
1782298800,1.315575,1.31589,1.31485,1.3151
1782299100,1.315095,1.31556,1.314855,1.315535
1782299400,1.31553,1.315685,1.31532,1.31535
1782299700,1.315355,1.3156,1.315275,1.315395
1782300000,1.31539,1.315645,1.31514,1.31564
1782300300,1.315645,1.316,1.315545,1.315965
1782300600,1.31597,1.31635,1.31586,1.316335
1782300900,1.31634,1.31666,1.316205,1.316435
1782301200,1.316435,1.31658,1.316015,1.316275
1782301500,1.31627,1.31666,1.31607,1.31665
1782301800,1.31665,1.317355,1.3166,1.316875
1782302100,1.31687,1.316875,1.315925,1.31627
1782302400,1.316275,1.316885,1.31624,1.316455
1782302700,1.31645,1.31649,1.31582,1.316075
1782303000,1.31607,1.31634,1.31577,1.31586
1782303300,1.315865,1.31615,1.315445,1.316075
1782303600,1.316075,1.31631,1.31598,1.315985
1782303900,1.315995,1.3162,1.315905,1.31609
1782304200,1.316095,1.316175,1.31533,1.31562
1782304500,1.315615,1.31591,1.31496,1.315105
1782304800,1.31511,1.315225,1.31416,1.314805
1782305100,1.31481,1.31522,1.31444,1.31456
1782305400,1.314555,1.315165,1.3145,1.31505
1782305700,1.315055,1.31509,1.314725,1.315045
1782306000,1.31505,1.315585,1.314805,1.31498
1782306300,1.314975,1.315125,1.314435,1.31466
1782306600,1.314665,1.31475,1.314355,1.314455
1782306900,1.31446,1.315185,1.314445,1.31516
1782307200,1.31515,1.315725,1.31497,1.315685
1782307500,1.31569,1.316565,1.31569,1.316465
1782307800,1.31646,1.31668,1.31599,1.31604
1782308100,1.316035,1.31627,1.31547,1.31579
1782308400,1.315795,1.31639,1.31575,1.316315
1782308700,1.31631,1.316365,1.31536,1.315875
1782309000,1.31588,1.316355,1.315625,1.316105
1782309300,1.31611,1.316605,1.31601,1.316215
1782309600,1.31621,1.31669,1.31589,1.31648
1782309900,1.31647,1.316495,1.315975,1.316275
1782310200,1.31627,1.316295,1.315465,1.315845
1782310500,1.31584,1.31601,1.315245,1.315305
1782310800,1.3153,1.315385,1.31489,1.315185
1782311100,1.315185,1.315835,1.315185,1.3157
1782311400,1.315695,1.31585,1.31535,1.315675
1782311700,1.31567,1.315675,1.314525,1.314585
1782312000,1.31458,1.315,1.31453,1.314995
1782312300,1.31499,1.315315,1.31458,1.31467
1782312600,1.314675,1.314885,1.314085,1.314255
1782312900,1.31426,1.31472,1.314005,1.31471
1782313200,1.314715,1.315655,1.314535,1.31529
1782313500,1.315295,1.315375,1.31496,1.315075
1782313800,1.31508,1.315815,1.31498,1.315655
1782314100,1.315665,1.316395,1.315525,1.31638
1782314400,1.316385,1.31718,1.3162,1.316795
1782314700,1.3168,1.317125,1.31614,1.316655
1782315000,1.31665,1.31665,1.31623,1.316455
1782315300,1.31645,1.31656,1.31613,1.31615
1782315600,1.316155,1.316585,1.31601,1.31642
1782315900,1.316415,1.316475,1.316095,1.316375
1782316200,1.316385,1.316475,1.315635,1.31593
1782316500,1.315935,1.315965,1.31573,1.31581
1782316800,1.315815,1.31604,1.31558,1.315965
1782317100,1.315965,1.31646,1.315965,1.316365
1782317400,1.31636,1.31646,1.316045,1.316165
1782317700,1.316175,1.316695,1.3161,1.316595
1782318000,1.3166,1.316945,1.31658,1.316865
1782318300,1.316865,1.31736,1.31675,1.317345
1782318600,1.31734,1.31746,1.31723,1.317395
1782318900,1.317395,1.317915,1.31739,1.31762
1782319200,1.31761,1.31768,1.316925,1.317125
1782319500,1.31713,1.31718,1.31686,1.316875
1782319800,1.31688,1.317105,1.31686,1.31695
1782320100,1.31695,1.31706,1.316845,1.31705
1782320400,1.317055,1.317225,1.31688,1.317125
1782320700,1.31713,1.317135,1.31653,1.3167
1782321000,1.316705,1.316755,1.316425,1.316465
1782321300,1.31647,1.31661,1.31632,1.31652
1782321600,1.316515,1.316515,1.316005,1.316155
1782321900,1.31615,1.31615,1.315855,1.315945
1782322200,1.31594,1.31677,1.3159,1.316545
1782322500,1.316545,1.316685,1.31596,1.31619
1782322800,1.316195,1.316195,1.315835,1.315955
1782323100,1.31596,1.31599,1.3156,1.3156
1782323400,1.31561,1.31572,1.31537,1.31559
1782323700,1.315595,1.315935,1.315525,1.3156
1782324000,1.315595,1.31579,1.31553,1.315675
1782324300,1.31568,1.31608,1.31568,1.315945
1782324600,1.31594,1.31619,1.31589,1.315975
1782324900,1.315975,1.31627,1.31597,1.31619
1782325200,1.316185,1.31639,1.31596,1.31635
1782325500,1.316345,1.316645,1.316345,1.316565
1782325800,1.31656,1.31699,1.316445,1.31647
1782326100,1.316465,1.3165,1.31627,1.316405
1782326400,1.316405,1.316515,1.31624,1.316295
1782326700,1.31629,1.316365,1.3162,1.316355
1782327000,1.316365,1.3165,1.316285,1.316395
1782327300,1.3164,1.3165,1.31596,1.31619
1782327600,1.316185,1.316535,1.3161,1.316475
1782327900,1.31648,1.31649,1.315985,1.31606
1782328200,1.316065,1.316065,1.315865,1.315875
1782328500,1.315875,1.31588,1.3156,1.31574
1782328800,1.315735,1.31598,1.315735,1.315875
1782329100,1.31588,1.316005,1.315805,1.31598
1782329400,1.31599,1.31625,1.315935,1.316025
1782329700,1.31603,1.31616,1.31598,1.316145
1782330000,1.31615,1.31625,1.316005,1.31618
1782330300,1.316185,1.316315,1.316175,1.316185
1782330600,1.31618,1.316455,1.316035,1.31639
1782330900,1.316395,1.316415,1.31604,1.316065
1782331200,1.31607,1.316395,1.31594,1.31626
1782331500,1.316265,1.316415,1.31626,1.31635
1782331800,1.316355,1.316455,1.316255,1.31636
1782332100,1.316355,1.3165,1.316265,1.31647
1782332400,1.316465,1.316535,1.316375,1.316485
1782332700,1.31649,1.31675,1.316465,1.31672
1782333000,1.316725,1.316905,1.316655,1.31666
1782333300,1.31666,1.316795,1.31666,1.316725
1782333600,1.31673,1.31686,1.31672,1.316765
1782333900,1.31676,1.31677,1.316485,1.316505
1782334200,1.3165,1.31675,1.316435,1.316665
1782334500,1.31666,1.31699,1.316605,1.31671
1782334800,1.31669,1.316825,1.316655,1.31669
1782335100,1.31669,1.31722,1.31647,1.31647
1782335400,1.31647,1.31689,1.316095,1.316695
1782335700,1.316725,1.317525,1.316245,1.316375
1782336000,1.316375,1.316695,1.31637,1.31657
1782336300,1.31657,1.316675,1.316515,1.316665
1782336600,1.31666,1.31741,1.316005,1.316355
1782336900,1.316375,1.316705,1.316075,1.31648
1782337200,1.31648,1.31661,1.31624,1.31658
1782337500,1.31658,1.316795,1.31592,1.31647
1782337800,1.31647,1.316645,1.31613,1.316615
1782338100,1.316615,1.31692,1.31657,1.316715
1782338400,1.31672,1.31687,1.31648,1.31659
1782338700,1.31659,1.316675,1.31645,1.31645
1782339000,1.31645,1.31656,1.316435,1.31649
1782339300,1.31649,1.31649,1.316385,1.316405
1782339600,1.316405,1.31646,1.316385,1.316405
1782339900,1.316405,1.316525,1.3164,1.316505
1782340200,1.316505,1.316605,1.316505,1.316585
1782340500,1.316585,1.3166,1.316575,1.316595
1782340800,1.3166,1.31673,1.316595,1.316675
1782341100,1.316675,1.316695,1.316655,1.316685
1782341400,1.316685,1.31669,1.316485,1.316495
1782341700,1.316495,1.316595,1.316495,1.316545
1782342000,1.31654,1.316575,1.316395,1.316395
1782342300,1.316395,1.316445,1.31638,1.316425
1782342600,1.316425,1.3165,1.316385,1.31641
1782342900,1.31641,1.31657,1.31641,1.31651
1782343200,1.31651,1.316535,1.316435,1.316485
1782343500,1.316485,1.3165,1.316425,1.316425
1782343800,1.316425,1.316425,1.31634,1.3164
1782344100,1.3164,1.316515,1.31638,1.316505
1782344400,1.316505,1.31662,1.31644,1.31651
1782344700,1.316515,1.316695,1.31645,1.3165
1782345000,1.316495,1.3165,1.31637,1.316415
1782345300,1.316415,1.316565,1.316385,1.31642
1782345600,1.316425,1.31649,1.31611,1.31647
1782345900,1.316465,1.316575,1.3163,1.31633
1782346200,1.316325,1.31638,1.31608,1.316175
1782346500,1.316185,1.31627,1.3161,1.316165
1782346800,1.31616,1.31634,1.31608,1.31623
1782347100,1.316235,1.31625,1.31604,1.316185
1782347400,1.31618,1.31618,1.315935,1.31597
1782347700,1.31597,1.31597,1.31581,1.315865
1782348000,1.31587,1.316065,1.315855,1.31605
1782348300,1.31607,1.31614,1.315985,1.316085
1782348600,1.31608,1.31655,1.316065,1.31643
1782348900,1.316425,1.31652,1.316275,1.31631
1782349200,1.31632,1.316845,1.316265,1.31676
1782349500,1.316765,1.31715,1.31656,1.3171
1782349800,1.317095,1.317325,1.316895,1.31731
1782350100,1.317305,1.31822,1.31719,1.3182
1782350400,1.318195,1.318265,1.31796,1.318
1782350700,1.318005,1.318065,1.317555,1.317665
1782351000,1.317685,1.318,1.3172,1.317265
1782351300,1.317255,1.31762,1.317145,1.317535
1782351600,1.31754,1.317585,1.317315,1.317395
1782351900,1.31739,1.31739,1.317105,1.3172
1782352200,1.317195,1.317395,1.317125,1.317255
1782352500,1.31725,1.317375,1.31698,1.3171
1782352800,1.317105,1.317295,1.31689,1.317185
1782353100,1.31718,1.317575,1.31714,1.31744
1782353400,1.317435,1.317465,1.317205,1.31743
1782353700,1.317435,1.317765,1.317295,1.31771
1782354000,1.317705,1.31795,1.317665,1.317765
1782354300,1.31776,1.31798,1.317755,1.317875
1782354600,1.317875,1.31788,1.31767,1.31772
1782354900,1.317725,1.31801,1.317715,1.317995
1782355200,1.317995,1.318,1.31762,1.31766
1782355500,1.317655,1.317695,1.317495,1.317595
1782355800,1.317605,1.3177,1.31748,1.317695
1782356100,1.31769,1.31782,1.317615,1.31779
1782356400,1.317795,1.31807,1.317735,1.318045
1782356700,1.31804,1.318165,1.31789,1.317945
1782357000,1.31795,1.318005,1.31784,1.317985
1782357300,1.317985,1.31815,1.317765,1.318125
1782357600,1.31812,1.31817,1.31787,1.31802
1782357900,1.318025,1.31807,1.3179,1.317925
1782358200,1.31792,1.31803,1.31785,1.317895
1782358500,1.3179,1.3179,1.317775,1.31788
1782358800,1.31788,1.31798,1.317855,1.317955
1782359100,1.31795,1.318165,1.317885,1.318105
1782359400,1.318105,1.318355,1.318095,1.31827
1782359700,1.318265,1.31828,1.31805,1.31823
1782360000,1.31824,1.318275,1.31807,1.31807
1782360300,1.31807,1.31818,1.31797,1.318175
1782360600,1.318165,1.31849,1.318135,1.31839
1782360900,1.318395,1.318425,1.31827,1.31842
1782361200,1.31842,1.31849,1.31837,1.31837
1782361500,1.31836,1.318545,1.318355,1.318425
1782361800,1.318425,1.318475,1.318225,1.31826
1782362100,1.31826,1.31837,1.31815,1.31816
1782362400,1.31816,1.318175,1.317995,1.31808
1782362700,1.31808,1.318135,1.31798,1.31808
1782363000,1.31808,1.318235,1.318075,1.31818
1782363300,1.318185,1.318305,1.31815,1.318225
1782363600,1.31822,1.318505,1.31822,1.318465
1782363900,1.31847,1.31851,1.31831,1.318415
1782364200,1.31842,1.31849,1.318195,1.318215
1782364500,1.31822,1.31822,1.317965,1.318025
1782364800,1.318015,1.31806,1.31792,1.317995
1782365100,1.31799,1.318085,1.31792,1.317995
1782365400,1.31799,1.318055,1.317705,1.317855
1782365700,1.317855,1.31808,1.317855,1.317895
1782366000,1.31789,1.31796,1.317805,1.317885
1782366300,1.31788,1.317905,1.317735,1.31788
1782366600,1.317885,1.31801,1.317735,1.31778
1782366900,1.31777,1.317795,1.31755,1.317595
1782367200,1.31759,1.31777,1.31751,1.317645
1782367500,1.31765,1.31775,1.317365,1.317585
1782367800,1.31758,1.31793,1.31753,1.317885
1782368100,1.31789,1.31789,1.317625,1.31769
1782368400,1.31769,1.317895,1.31762,1.31785
1782368700,1.31785,1.317855,1.31741,1.317425
1782369000,1.31742,1.317425,1.31677,1.31679
1782369300,1.316785,1.317125,1.31677,1.31711
1782369600,1.317105,1.317115,1.31686,1.317075
1782369900,1.31707,1.31728,1.31697,1.317205
1782370200,1.31721,1.317535,1.31717,1.31728
1782370500,1.317275,1.317385,1.317,1.31733
1782370800,1.317335,1.317985,1.31727,1.31791
1782371100,1.317905,1.31823,1.31779,1.317875
1782371400,1.317875,1.318165,1.317485,1.317505
1782371700,1.317505,1.317565,1.317055,1.3175
1782372000,1.317505,1.31785,1.31729,1.31764
1782372300,1.317645,1.317885,1.317445,1.317595
1782372600,1.31761,1.31818,1.31761,1.318025
1782372900,1.31803,1.318165,1.317895,1.31801
1782373200,1.318005,1.31802,1.31771,1.31777
1782373500,1.31777,1.31804,1.317645,1.317975
1782373800,1.317975,1.31838,1.317955,1.31814
1782374100,1.31816,1.318525,1.31801,1.318455
1782374400,1.31845,1.318875,1.318085,1.3183
1782374700,1.318305,1.318845,1.31824,1.31848
1782375000,1.318475,1.31889,1.318475,1.31848
1782375300,1.318475,1.318905,1.318375,1.31883
1782375600,1.318835,1.319355,1.3188,1.31933
1782375900,1.319335,1.319465,1.31909,1.319435
1782376200,1.31944,1.319665,1.31935,1.319515
1782376500,1.31951,1.31967,1.319455,1.31949
1782376800,1.319495,1.31959,1.319395,1.31958
1782377100,1.319575,1.31958,1.319055,1.31913
1782377400,1.319125,1.31944,1.31894,1.31896
1782377700,1.318955,1.319075,1.31878,1.31906
1782378000,1.319065,1.31919,1.318625,1.31919
1782378300,1.319185,1.319195,1.31886,1.318955
1782378600,1.31896,1.319085,1.318855,1.31901
1782378900,1.31902,1.3192,1.31892,1.31895
1782379200,1.318955,1.31912,1.31891,1.319065
1782379500,1.319055,1.319425,1.31888,1.31939
1782379800,1.319395,1.319765,1.31936,1.31936
1782380100,1.319365,1.319365,1.31886,1.31903
1782380400,1.31903,1.319035,1.31866,1.318705
1782380700,1.318715,1.318715,1.31832,1.318575
1782381000,1.31858,1.318905,1.318535,1.31889
1782381300,1.318895,1.31891,1.318525,1.318535
1782381600,1.31853,1.31854,1.31788,1.31795
1782381900,1.317945,1.31795,1.31754,1.31763
1782382200,1.317635,1.317695,1.317335,1.317425
1782382500,1.31742,1.31757,1.31717,1.317395
1782382800,1.317395,1.317465,1.31723,1.317445
1782383100,1.317445,1.317575,1.317275,1.317515
1782383400,1.31751,1.31755,1.31713,1.317405
1782383700,1.3174,1.317485,1.317215,1.317275
1782384000,1.317275,1.317365,1.31694,1.31696
1782384300,1.316955,1.316955,1.316535,1.316675
1782384600,1.31667,1.31682,1.316435,1.31655
1782384900,1.316555,1.3169,1.316475,1.31689
1782385200,1.316885,1.31692,1.316335,1.31654
1782385500,1.31654,1.31659,1.31634,1.31645
1782385800,1.31645,1.31657,1.31634,1.31655
1782386100,1.316545,1.316645,1.31613,1.31616
1782386400,1.316155,1.31632,1.31604,1.316235
1782386700,1.31623,1.316335,1.31585,1.31587
1782387000,1.315865,1.316025,1.31574,1.315745
1782387300,1.31575,1.31584,1.315525,1.31566
1782387600,1.315655,1.31608,1.31564,1.315865
1782387900,1.31587,1.315875,1.31544,1.315465
1782388200,1.31546,1.31586,1.31528,1.31543
1782388500,1.315425,1.315525,1.31512,1.315525
1782388800,1.31553,1.31601,1.315425,1.315715
1782389100,1.31572,1.31609,1.315605,1.315965
1782389400,1.31596,1.31599,1.31565,1.315815
1782389700,1.31582,1.31585,1.3154,1.315735
1782390000,1.315725,1.31575,1.315495,1.315565
1782390300,1.31556,1.315805,1.315435,1.3158
1782390600,1.31581,1.31752,1.315805,1.316805
1782390900,1.316805,1.31792,1.31663,1.31761
1782391200,1.317605,1.318625,1.31719,1.31839
1782391500,1.318405,1.31868,1.3181,1.3182
1782391800,1.318205,1.31822,1.31774,1.31797
1782392100,1.317965,1.31822,1.31743,1.31764
1782392400,1.317635,1.317985,1.317395,1.3176
1782392700,1.3176,1.317915,1.31736,1.317395
1782393000,1.3174,1.31809,1.31736,1.318075
1782393300,1.31808,1.318405,1.318055,1.318385
1782393600,1.31838,1.31947,1.318375,1.31939
1782393900,1.319395,1.3197,1.319275,1.31964
1782394200,1.319635,1.319845,1.319175,1.319265
1782394500,1.319255,1.319895,1.319215,1.319875
1782394800,1.31987,1.31987,1.318795,1.318855
1782395100,1.31885,1.31953,1.31858,1.319495
1782395400,1.3195,1.319735,1.318825,1.318915
1782395700,1.318925,1.319025,1.318485,1.31891
1782396000,1.318915,1.321545,1.318885,1.32153
1782396300,1.32152,1.321885,1.320565,1.32089
1782396600,1.320895,1.32107,1.3203,1.32037
1782396900,1.320365,1.320715,1.319865,1.320005
1782397200,1.32001,1.320095,1.319135,1.319215
1782397500,1.31922,1.31993,1.31919,1.319855
1782397800,1.31985,1.32008,1.31957,1.319995
1782398100,1.31999,1.32021,1.319675,1.31991
1782398400,1.319915,1.320115,1.31959,1.320115
1782398700,1.32011,1.32044,1.319835,1.320415
1782399000,1.32041,1.320905,1.32014,1.3204
1782399300,1.32043,1.320885,1.32008,1.320145
1782399600,1.32014,1.32143,1.3201,1.32143
1782399900,1.321425,1.32173,1.32047,1.32052
1782400200,1.320525,1.320605,1.319865,1.32013
1782400500,1.32012,1.320645,1.31978,1.32055
1782400800,1.320555,1.32116,1.32037,1.32115
1782401100,1.321145,1.321565,1.321035,1.32147
1782401400,1.321475,1.321735,1.32101,1.32107
1782401700,1.321075,1.321385,1.3208,1.320805
1782402000,1.3208,1.32106,1.320605,1.320665
1782402300,1.32067,1.32124,1.32045,1.320805
1782402600,1.3208,1.320925,1.320555,1.320705
1782402900,1.32071,1.32158,1.32067,1.321495
1782403200,1.3215,1.32163,1.32125,1.32136
1782403500,1.321365,1.32148,1.32106,1.321265
1782403800,1.321265,1.32146,1.321245,1.321355
1782404100,1.32136,1.321805,1.321295,1.3216
1782404400,1.321605,1.321895,1.321585,1.321635
1782404700,1.32164,1.32191,1.321555,1.3217
1782405000,1.321705,1.321705,1.321355,1.32147
1782405300,1.32146,1.321685,1.321295,1.32159
1782405600,1.321595,1.3216,1.320885,1.320945
1782405900,1.320935,1.320965,1.320585,1.320665
1782406200,1.320655,1.320705,1.32035,1.32057
1782406500,1.320575,1.3207,1.32045,1.320585
1782406800,1.32059,1.3206,1.3204,1.320425
1782407100,1.320405,1.32064,1.32024,1.320295
1782407400,1.32029,1.32049,1.32026,1.320345
1782407700,1.32035,1.320465,1.320225,1.320265
1782408000,1.32026,1.32028,1.3201,1.320215
1782408300,1.32022,1.32042,1.32015,1.32026
1782408600,1.320265,1.320335,1.31985,1.31997
1782408900,1.319965,1.32014,1.31987,1.319975
1782409200,1.31998,1.320155,1.319955,1.319975
1782409500,1.31998,1.32013,1.319895,1.320105
1782409800,1.3201,1.32045,1.32006,1.32037
1782410100,1.32037,1.32053,1.320175,1.32021
1782410400,1.320215,1.320235,1.319425,1.319655
1782410700,1.31965,1.319855,1.319485,1.319825
1782411000,1.31983,1.32038,1.319825,1.320325
1782411300,1.320315,1.32056,1.320215,1.320405
1782411600,1.3204,1.320455,1.32025,1.32035
1782411900,1.320345,1.320505,1.32034,1.320495
1782412200,1.320485,1.32056,1.3201,1.320155
1782412500,1.32016,1.320245,1.319935,1.32008
1782412800,1.320085,1.320085,1.319715,1.319775
1782413100,1.31977,1.31986,1.319645,1.319855
1782413400,1.31986,1.32031,1.319815,1.32021
1782413700,1.32022,1.32029,1.319755,1.31978
1782414000,1.319785,1.320025,1.319715,1.31993
1782414300,1.319925,1.31996,1.319695,1.31979
1782414600,1.31979,1.319995,1.319765,1.319995
1782414900,1.319995,1.3203,1.319975,1.32008
1782415200,1.320085,1.32035,1.32008,1.320345
1782415500,1.32035,1.320445,1.320205,1.320445
1782415800,1.320445,1.320525,1.320355,1.32047
1782416100,1.32047,1.320495,1.320285,1.32035
1782416400,1.32037,1.320575,1.319755,1.31989
1782416700,1.319895,1.31995,1.31961,1.319635
1782417000,1.31964,1.319745,1.3194,1.31957
1782417300,1.319575,1.320025,1.31957,1.319985
1782417600,1.31998,1.320145,1.319865,1.31994
1782417900,1.319945,1.319975,1.319665,1.31973
1782418200,1.31973,1.31977,1.319625,1.319695
1782418500,1.31969,1.319785,1.31961,1.31967
1782418800,1.31967,1.319775,1.31961,1.31967
1782419100,1.319675,1.3198,1.319675,1.31979
1782419400,1.319785,1.319795,1.31969,1.319695
1782419700,1.31969,1.319695,1.31951,1.319515
1782420000,1.31952,1.31965,1.319505,1.31953
1782420300,1.319525,1.31959,1.3195,1.319545
1782420600,1.31953,1.31957,1.31923,1.31923
1782420900,1.319225,1.319265,1.319005,1.319225
1782421200,1.31924,1.32044,1.31924,1.32044
1782421500,1.32039,1.32053,1.31948,1.319505
1782421800,1.31953,1.32053,1.31945,1.32019
1782422100,1.320285,1.32044,1.31966,1.319665
1782422400,1.31968,1.32001,1.319395,1.319895
1782422700,1.319895,1.319905,1.31932,1.31936
1782423000,1.31934,1.319455,1.31921,1.319235
1782423300,1.319235,1.31934,1.319215,1.31934
1782423600,1.31934,1.31973,1.319235,1.31967
1782423900,1.319725,1.320375,1.319595,1.32001
1782424200,1.320045,1.32026,1.319455,1.319475
1782424500,1.319495,1.319675,1.319295,1.319375
1782424800,1.31939,1.319555,1.319385,1.31942
1782425100,1.31945,1.319465,1.31938,1.31943
1782425400,1.31943,1.319505,1.319355,1.319365
1782425700,1.31936,1.31942,1.31932,1.319325
1782426000,1.31933,1.31939,1.319305,1.319375
1782426300,1.319375,1.319375,1.319175,1.319175
1782426600,1.319175,1.319265,1.319175,1.31925
1782426900,1.319245,1.319285,1.319185,1.319195
1782427200,1.319185,1.319205,1.31912,1.31913
1782427500,1.319135,1.31921,1.31911,1.319155
1782427800,1.319155,1.319165,1.319055,1.31907
1782428100,1.319075,1.319335,1.319065,1.319275
1782428400,1.31928,1.31939,1.318805,1.319
1782428700,1.319,1.319,1.318865,1.31887
1782429000,1.318875,1.318995,1.318875,1.318945
1782429300,1.31894,1.318945,1.31872,1.318805
1782429600,1.31881,1.318875,1.31876,1.318765
1782429900,1.318765,1.318895,1.31876,1.318885
1782430200,1.318875,1.318975,1.31862,1.31867
1782430500,1.31867,1.318745,1.318575,1.318695
1782430800,1.31869,1.31883,1.31866,1.3188
1782431100,1.3188,1.318875,1.318705,1.31879
1782431400,1.318785,1.31887,1.318675,1.31885
1782431700,1.31885,1.31886,1.31847,1.31872
1782432000,1.318725,1.31902,1.318695,1.318965
1782432300,1.31896,1.31909,1.318845,1.31908
1782432600,1.31908,1.31918,1.31891,1.31918
1782432900,1.319175,1.319275,1.31902,1.31916
1782433200,1.31916,1.31934,1.319115,1.31923
1782433500,1.319235,1.3193,1.319085,1.319285
1782433800,1.31929,1.319395,1.31915,1.31921
1782434100,1.319215,1.31931,1.318905,1.31892
1782434400,1.318925,1.31921,1.318915,1.31915
1782434700,1.319155,1.3193,1.319125,1.31915
1782435000,1.319155,1.31937,1.319015,1.319125
1782435300,1.319115,1.319365,1.31909,1.3193
1782435600,1.31931,1.319675,1.319295,1.31956
1782435900,1.319565,1.319675,1.319415,1.319635
1782436200,1.31964,1.31981,1.319585,1.31966
1782436500,1.319665,1.319985,1.319575,1.31984
1782436800,1.31984,1.3199,1.319675,1.3197
1782437100,1.319695,1.319775,1.319585,1.319775
1782437400,1.319785,1.31984,1.319245,1.319255
1782437700,1.31926,1.31928,1.31878,1.319075
1782438000,1.31907,1.31912,1.31896,1.31898
1782438300,1.318975,1.31901,1.31877,1.318855
1782438600,1.31886,1.318905,1.318685,1.31887
1782438900,1.318865,1.319085,1.318755,1.319085
1782439200,1.31909,1.319275,1.319,1.31913
1782439500,1.319125,1.319275,1.319105,1.319195
1782439800,1.31919,1.319195,1.31882,1.31882
1782440100,1.31881,1.318885,1.31844,1.31849
1782440400,1.318495,1.31858,1.3182,1.31826
1782440700,1.318265,1.318385,1.31813,1.31827
1782441000,1.318265,1.318415,1.318175,1.318365
1782441300,1.318365,1.31841,1.318205,1.31837
1782441600,1.31837,1.318685,1.318265,1.3185
1782441900,1.318505,1.318525,1.318365,1.318375
1782442200,1.31838,1.318505,1.318095,1.318165
1782442500,1.31817,1.318375,1.318025,1.31833
1782442800,1.31832,1.31868,1.318265,1.318615
1782443100,1.31862,1.318695,1.31852,1.318685
1782443400,1.31868,1.31899,1.31867,1.31887
1782443700,1.318875,1.319015,1.31878,1.31897
1782444000,1.31897,1.31897,1.318705,1.31878
1782444300,1.31878,1.31894,1.31878,1.318875
1782444600,1.31887,1.31888,1.318585,1.31867
1782444900,1.318665,1.318985,1.318655,1.318805
1782445200,1.31881,1.319305,1.31876,1.319305
1782445500,1.319295,1.319305,1.319095,1.31914
1782445800,1.319135,1.31976,1.319125,1.319675
1782446100,1.31967,1.319815,1.31961,1.319795
1782446400,1.3198,1.319975,1.31965,1.319865
1782446700,1.319875,1.319885,1.31971,1.31975
1782447000,1.31975,1.31995,1.31974,1.3199
1782447300,1.3199,1.32007,1.319845,1.31998
1782447600,1.31998,1.32004,1.31989,1.319895
1782447900,1.319885,1.320175,1.319885,1.320025
1782448200,1.32002,1.320045,1.31973,1.31975
1782448500,1.319745,1.319895,1.31971,1.31972
1782448800,1.319715,1.319875,1.31951,1.31984
1782449100,1.31984,1.3199,1.319795,1.319895
1782449400,1.319895,1.320175,1.31987,1.32009
1782449700,1.320095,1.320175,1.32002,1.320125
1782450000,1.32013,1.32021,1.31991,1.31996
1782450300,1.319965,1.320205,1.319885,1.320165
1782450600,1.320165,1.32022,1.32004,1.32018
1782450900,1.320185,1.320355,1.320035,1.32013
1782451200,1.32013,1.320185,1.319975,1.32
1782451500,1.32,1.32049,1.32,1.32038
1782451800,1.3204,1.320575,1.32037,1.32039
1782452100,1.320395,1.320535,1.32028,1.320455
1782452400,1.320455,1.320765,1.32039,1.320625
1782452700,1.32063,1.32063,1.3204,1.32052
1782453000,1.320525,1.320775,1.320445,1.320715
1782453300,1.32071,1.32071,1.32051,1.32051
1782453600,1.320525,1.320615,1.320085,1.320165
1782453900,1.32016,1.32018,1.319845,1.319875
1782454200,1.31988,1.32006,1.3197,1.31997
1782454500,1.319965,1.320165,1.3199,1.320085
1782454800,1.32008,1.320405,1.32008,1.320355
1782455100,1.32037,1.32042,1.320145,1.32041
1782455400,1.320405,1.32072,1.32039,1.320495
1782455700,1.32049,1.3205,1.32,1.320015
1782456000,1.31999,1.32014,1.31963,1.31966
1782456300,1.319665,1.32016,1.3195,1.3195
1782456600,1.31949,1.319975,1.31939,1.319875
1782456900,1.31987,1.31999,1.319695,1.3197
1782457200,1.319685,1.319905,1.31929,1.31933
1782457500,1.319335,1.319675,1.319215,1.319555
1782457800,1.31955,1.31983,1.31949,1.31957
1782458100,1.319575,1.3199,1.31951,1.31969
1782458400,1.319695,1.319705,1.31944,1.31965
1782458700,1.319645,1.3197,1.3191,1.31917
1782459000,1.31916,1.319915,1.31908,1.31975
1782459300,1.31976,1.32108,1.319745,1.32108
1782459600,1.321075,1.32119,1.32063,1.320715
1782459900,1.32071,1.32073,1.32045,1.320595
1782460200,1.32059,1.32065,1.320065,1.320365
1782460500,1.32036,1.3206,1.32027,1.3205
1782460800,1.320495,1.32072,1.32,1.32008
1782461100,1.320085,1.321405,1.31988,1.32128
1782461400,1.321275,1.32128,1.32054,1.320965
1782461700,1.320955,1.321405,1.320655,1.321095
1782462000,1.3211,1.3211,1.320355,1.3208
1782462300,1.320805,1.321435,1.32065,1.32141
1782462600,1.321405,1.32141,1.3206,1.32087
1782462900,1.320865,1.321185,1.320695,1.32111
1782463200,1.32112,1.321625,1.321025,1.321595
1782463500,1.3216,1.322005,1.321375,1.32154
1782463800,1.321535,1.322225,1.321495,1.3221
1782464100,1.322095,1.322095,1.321605,1.321635
1782464400,1.321645,1.321655,1.32111,1.321125
1782464700,1.32112,1.32146,1.32107,1.32138
1782465000,1.321385,1.32139,1.32098,1.32108
1782465300,1.321085,1.32147,1.320795,1.321365
1782465600,1.32137,1.321495,1.321225,1.32131
1782465900,1.321305,1.321885,1.321215,1.32186
1782466200,1.321865,1.322055,1.32151,1.32205
1782466500,1.322045,1.32222,1.321995,1.32215
1782466800,1.32215,1.32268,1.32215,1.32225
1782467100,1.322255,1.322835,1.322145,1.322605
1782467400,1.322615,1.322855,1.32248,1.322495
1782467700,1.3225,1.3225,1.32188,1.321905
1782468000,1.3219,1.322195,1.32158,1.321825
1782468300,1.32182,1.32217,1.32169,1.321755
1782468600,1.32176,1.32208,1.321515,1.32206
1782468900,1.322055,1.32225,1.3218,1.321805
1782469200,1.3218,1.32199,1.321565,1.321785
1782469500,1.32179,1.32197,1.321575,1.321955
1782469800,1.32195,1.322155,1.32188,1.32209
1782470100,1.322085,1.322085,1.32173,1.32195
1782470400,1.32195,1.32205,1.32169,1.32178
1782470700,1.32179,1.321955,1.321685,1.321835
1782471000,1.321835,1.322235,1.32175,1.32222
1782471300,1.32221,1.32236,1.32198,1.3222
1782471600,1.322205,1.32231,1.321915,1.3221
1782471900,1.322095,1.3221,1.321815,1.32207
1782472200,1.322075,1.322465,1.32187,1.321895
1782472500,1.32189,1.3222,1.32155,1.322075
1782472800,1.32208,1.32228,1.321935,1.32195
1782473100,1.321945,1.32205,1.321745,1.32204
1782473400,1.322045,1.322245,1.321975,1.322035
1782473700,1.32203,1.322035,1.321655,1.321855
1782474000,1.32186,1.321895,1.32165,1.321665
1782474300,1.32167,1.321835,1.321425,1.321445
1782474600,1.32145,1.32154,1.32105,1.32139
1782474900,1.321385,1.3217,1.32126,1.32168
1782475200,1.321675,1.32195,1.3216,1.321795
1782475500,1.3218,1.322045,1.32167,1.32186
1782475800,1.321865,1.322075,1.32177,1.321855
1782476100,1.32187,1.322155,1.32179,1.321885
1782476400,1.32188,1.32191,1.320915,1.32095
1782476700,1.320955,1.321595,1.32095,1.32148
1782477000,1.321475,1.321745,1.320585,1.320655
1782477300,1.320645,1.320945,1.320325,1.32064
1782477600,1.32065,1.320955,1.32054,1.320795
1782477900,1.3208,1.32081,1.32004,1.320135
1782478200,1.32014,1.321445,1.319985,1.321045
1782478500,1.32104,1.32183,1.32063,1.32108
1782478800,1.321075,1.321585,1.320885,1.321555
1782479100,1.32155,1.322195,1.321385,1.321545
1782479400,1.32155,1.321855,1.32146,1.32171
1782479700,1.321715,1.321805,1.32017,1.320935
1782480000,1.32094,1.321865,1.320625,1.32162
1782480300,1.321615,1.32191,1.321495,1.32179
1782480600,1.321775,1.321905,1.321295,1.321765
1782480900,1.32176,1.321965,1.321505,1.32161
1782481200,1.321605,1.321835,1.321455,1.321725
1782481500,1.32172,1.321775,1.321285,1.32159
1782481800,1.321595,1.321905,1.32145,1.321765
1782482100,1.32177,1.322575,1.321645,1.322465
1782482400,1.32248,1.32297,1.322355,1.32251
1782482700,1.322505,1.32279,1.32221,1.322295
1782483000,1.322305,1.322675,1.32224,1.32259
1782483300,1.322595,1.3231,1.32249,1.32258
1782483600,1.322585,1.3232,1.32258,1.32284
1782483900,1.322835,1.32316,1.322235,1.32233
1782484200,1.322325,1.32255,1.322075,1.322185
1782484500,1.32218,1.32256,1.32218,1.322395
1782484800,1.32239,1.3224,1.32159,1.321885
1782485100,1.321885,1.32216,1.32157,1.32176
1782485400,1.321765,1.3218,1.32067,1.32078
1782485700,1.32076,1.32076,1.31973,1.319745
1782486000,1.31975,1.3203,1.319735,1.32004
1782486300,1.32005,1.32067,1.31993,1.32065
1782486600,1.320655,1.321055,1.32048,1.320895
1782486900,1.32089,1.3211,1.320775,1.320955
1782487200,1.320955,1.32161,1.32095,1.32155
1782487500,1.32154,1.32169,1.32128,1.32158
1782487800,1.3216,1.32181,1.32123,1.321435
1782488100,1.32144,1.32199,1.32141,1.321875
1782488400,1.32188,1.32207,1.321655,1.321795
1782488700,1.3218,1.32227,1.321715,1.32217
1782489000,1.32218,1.322185,1.32109,1.32159
1782489300,1.3216,1.32223,1.321575,1.32211
1782489600,1.322115,1.32214,1.321675,1.32189
1782489900,1.321895,1.32198,1.32155,1.321605
1782490200,1.3216,1.32177,1.32153,1.321715
1782490500,1.32172,1.321795,1.32157,1.32168
1782490800,1.321685,1.321755,1.32112,1.321195
1782491100,1.3212,1.32137,1.321075,1.321195
1782491400,1.3212,1.32141,1.320865,1.320885
1782491700,1.320885,1.320985,1.320435,1.32066
1782492000,1.32066,1.32079,1.320495,1.320565
1782492300,1.320555,1.320705,1.320445,1.320505
1782492600,1.3205,1.3207,1.320465,1.32057
1782492900,1.320575,1.32068,1.320515,1.320575
1782493200,1.32058,1.32065,1.32045,1.32055
1782493500,1.320555,1.320865,1.320465,1.32085
1782493800,1.320845,1.320975,1.320675,1.320785
1782494100,1.32078,1.320795,1.320375,1.320385
1782494400,1.320385,1.32052,1.32027,1.320395
1782494700,1.3204,1.320495,1.32026,1.32028
1782495000,1.320275,1.32048,1.320015,1.320075
1782495300,1.32008,1.320115,1.3199,1.31999
1782495600,1.31998,1.32035,1.31983,1.32029
1782495900,1.32029,1.320385,1.320075,1.320165
1782496200,1.32016,1.32031,1.32016,1.32026
1782496500,1.320265,1.32029,1.3199,1.32001
1782496800,1.320015,1.320615,1.320005,1.320595
1782497100,1.320595,1.320615,1.320405,1.32048
1782497400,1.320485,1.32051,1.32037,1.320475
1782497700,1.32047,1.320495,1.320185,1.32029
1782498000,1.320295,1.32034,1.320135,1.320145
1782498300,1.32014,1.32033,1.32014,1.32027
1782498600,1.32028,1.32054,1.32027,1.32051
1782498900,1.32051,1.32053,1.320295,1.32033
1782499200,1.320325,1.32036,1.32019,1.320255
1782499500,1.32026,1.32026,1.319885,1.320055
1782499800,1.32006,1.32027,1.32001,1.320165
1782500100,1.32017,1.32037,1.31996,1.319965
1782500400,1.31997,1.320005,1.31985,1.31988
1782500700,1.319875,1.32013,1.31979,1.320095
1782501000,1.32009,1.320105,1.319975,1.32008
1782501300,1.320075,1.32009,1.31985,1.319855
1782501600,1.31986,1.31988,1.319595,1.31962
1782501900,1.319615,1.319685,1.31958,1.31966
1782502200,1.319665,1.31995,1.31954,1.31985
1782502500,1.319855,1.319855,1.31966,1.31967
1782502800,1.319665,1.319735,1.31956,1.319655
1782503100,1.31966,1.320025,1.31957,1.319995
1782503400,1.320015,1.320275,1.319965,1.320155
1782503700,1.32016,1.32027,1.31984,1.319875
1782504000,1.319885,1.320005,1.31979,1.319985
1782504300,1.319985,1.31999,1.31978,1.31992
1782504600,1.319925,1.32003,1.319925,1.319985
1782504900,1.31999,1.32014,1.31998,1.32008
1782505200,1.320075,1.320345,1.32007,1.32034
1782505500,1.320335,1.32041,1.320215,1.320235
1782505800,1.32023,1.320365,1.3198,1.31994
1782506100,1.319935,1.31999,1.31946,1.319565
1782506400,1.319565,1.320135,1.319465,1.320135
1782506700,1.320145,1.320205,1.31953,1.31966
1782507000,1.31968,1.319695,1.31926,1.31928
1782507300,1.319245,1.320085,1.319215,1.319755
1782680400,1.319755,1.320545,1.319755,1.32045
1782680700,1.32046,1.320715,1.32046,1.320715
1782681000,1.320715,1.320715,1.320425,1.320545
1782681300,1.320545,1.320635,1.3202,1.32028
1782681600,1.32028,1.320345,1.319855,1.319855
1782681900,1.319855,1.319855,1.319685,1.31976
1782682200,1.31976,1.320365,1.319715,1.32033
1782682500,1.32033,1.320355,1.319995,1.320045
1782682800,1.320045,1.32007,1.31983,1.31983
1782683100,1.319775,1.319895,1.319655,1.31967
1782683400,1.31967,1.319985,1.31958,1.31998
1782683700,1.31998,1.320725,1.31998,1.320295
1782684000,1.320285,1.320345,1.31923,1.31977
1782684300,1.319775,1.3199,1.319535,1.319575
1782684600,1.31957,1.319585,1.31935,1.319385
1782684900,1.31939,1.31939,1.31914,1.31916
1782685200,1.319155,1.31928,1.31908,1.31919
1782685500,1.31919,1.319375,1.31917,1.31928
1782685800,1.319285,1.319505,1.31928,1.319475
1782686100,1.319475,1.319495,1.319365,1.31948
1782686400,1.31948,1.3196,1.31948,1.31958
1782686700,1.31958,1.31968,1.31956,1.31968
1782687000,1.31967,1.319685,1.3193,1.319415
1782687300,1.31941,1.319545,1.319405,1.3195
1782687600,1.319505,1.319675,1.31948,1.319645
1782687900,1.319645,1.31973,1.319555,1.31972
1782688200,1.319715,1.31972,1.31954,1.31954
1782688500,1.31954,1.31956,1.319475,1.31948
1782688800,1.31948,1.319525,1.319455,1.31952
1782689100,1.319525,1.31959,1.31952,1.319545
1782689400,1.31955,1.319555,1.319225,1.319285
1782689700,1.319285,1.31939,1.319275,1.319375
1782690000,1.319375,1.31953,1.31931,1.31952
1782690300,1.319515,1.31957,1.319485,1.31949
1782690600,1.319485,1.319675,1.31946,1.319575
1782690900,1.319585,1.31983,1.319575,1.319655
1782691200,1.31963,1.32004,1.319375,1.31997
1782691500,1.319965,1.320065,1.319825,1.319915
1782691800,1.31991,1.320135,1.3197,1.319705
1782692100,1.31971,1.31988,1.3195,1.31957
1782692400,1.319575,1.319875,1.31955,1.31979
1782692700,1.319795,1.319885,1.3197,1.31971
1782693000,1.319715,1.319895,1.319605,1.319685
1782693300,1.31968,1.319895,1.319605,1.319805
1782693600,1.3198,1.319875,1.31974,1.31986
1782693900,1.319855,1.319855,1.319385,1.31942
1782694200,1.319415,1.319735,1.3194,1.319735
1782694500,1.319745,1.32008,1.319705,1.31989
1782694800,1.319885,1.32014,1.31961,1.319775
1782695100,1.319775,1.32008,1.31972,1.319955
1782695400,1.319965,1.320085,1.31992,1.31998
1782695700,1.319985,1.3201,1.319785,1.31996
1782696000,1.319965,1.320285,1.319885,1.320195
1782696300,1.3202,1.32026,1.32005,1.320075
1782696600,1.32007,1.320175,1.3199,1.32009
1782696900,1.320085,1.320385,1.320065,1.320285
1782697200,1.32028,1.32049,1.320255,1.3203
1782697500,1.3203,1.32031,1.31999,1.32006
1782697800,1.320065,1.320095,1.319955,1.32
1782698100,1.319985,1.319985,1.319695,1.31983
1782698400,1.319825,1.32003,1.319785,1.320015
1782698700,1.32001,1.3202,1.32001,1.320095
1782699000,1.320095,1.32023,1.320015,1.320065
1782699300,1.32007,1.320525,1.320055,1.320505
1782699600,1.32051,1.32077,1.32043,1.32066
1782699900,1.320655,1.32102,1.320615,1.320945
1782700200,1.32095,1.320955,1.32055,1.320605
1782700500,1.320595,1.32066,1.320455,1.320545
1782700800,1.32054,1.32054,1.320385,1.320505
1782701100,1.32051,1.32056,1.320385,1.320415
1782701400,1.320415,1.32046,1.32024,1.32026
1782701700,1.320265,1.320385,1.320245,1.32026
1782702000,1.320265,1.32052,1.320265,1.320475
1782702300,1.32047,1.32056,1.320435,1.320505
1782702600,1.32051,1.32064,1.32044,1.320475
1782702900,1.32047,1.32052,1.32039,1.320455
1782703200,1.32045,1.320475,1.320325,1.320395
1782703500,1.32039,1.320475,1.32035,1.32047
1782703800,1.320475,1.320595,1.32042,1.320475
1782704100,1.32048,1.32059,1.32041,1.320455
1782704400,1.32046,1.320565,1.320195,1.32024
1782704700,1.320245,1.32027,1.32009,1.320105
1782705000,1.32011,1.3202,1.319985,1.32017
1782705300,1.320165,1.320165,1.31982,1.31983
1782705600,1.319825,1.319985,1.31973,1.31977
1782705900,1.319775,1.31983,1.319685,1.3198
1782706200,1.319795,1.31987,1.31968,1.31982
1782706500,1.319815,1.319815,1.3197,1.31973
1782706800,1.319735,1.319825,1.319635,1.319815
1782707100,1.319805,1.31991,1.319765,1.319885
1782707400,1.31989,1.32006,1.31988,1.319995
1782707700,1.319995,1.320055,1.3199,1.319995
1782708000,1.31999,1.319995,1.319815,1.319905
1782708300,1.31991,1.320025,1.31987,1.319995
1782708600,1.32,1.320015,1.31988,1.31991
1782708900,1.319905,1.31998,1.31973,1.3199
1782709200,1.319895,1.320225,1.31988,1.32018
1782709500,1.32018,1.32041,1.32016,1.3204
1782709800,1.320405,1.320595,1.32039,1.3205
1782710100,1.3205,1.320565,1.320275,1.3203
1782710400,1.320295,1.320355,1.320245,1.320335
1782710700,1.32033,1.32048,1.32032,1.32047
1782711000,1.320475,1.32081,1.32047,1.3208
1782711300,1.3208,1.32091,1.32071,1.3209
1782711600,1.320895,1.321085,1.32083,1.32098
1782711900,1.32097,1.32114,1.320955,1.320965
1782712200,1.320965,1.32121,1.32095,1.32107
1782712500,1.321075,1.321155,1.32092,1.32101
1782712800,1.321005,1.32112,1.32089,1.32102
1782713100,1.321025,1.32118,1.320975,1.32109
1782713400,1.321085,1.32126,1.32096,1.32125
1782713700,1.321245,1.32147,1.321145,1.321465
1782714000,1.32147,1.32149,1.3213,1.32144
1782714300,1.321445,1.32164,1.321365,1.3215
1782714600,1.321505,1.3217,1.32136,1.321685
1782714900,1.32169,1.32193,1.32158,1.321895
1782715200,1.32189,1.32212,1.321795,1.322075
1782715500,1.322085,1.3224,1.32205,1.3223
1782715800,1.3223,1.322615,1.32222,1.32235
1782716100,1.322355,1.322805,1.32229,1.322545
1782716400,1.322555,1.32257,1.32194,1.32224
1782716700,1.322245,1.322265,1.32183,1.322095
1782717000,1.32209,1.3222,1.321885,1.32208
1782717300,1.322085,1.322285,1.32187,1.32194
1782717600,1.321935,1.32223,1.32176,1.322095
1782717900,1.3221,1.32235,1.322005,1.32231
1782718200,1.322315,1.32237,1.322095,1.32218
1782718500,1.322185,1.3228,1.322115,1.322785
1782718800,1.32279,1.32279,1.3222,1.32228
1782719100,1.32229,1.32243,1.32218,1.32227
1782719400,1.322275,1.32248,1.32154,1.32157
1782719700,1.321565,1.321735,1.321165,1.32132
1782720000,1.321325,1.32171,1.32107,1.32123
1782720300,1.321235,1.32168,1.32123,1.32131
1782720600,1.321295,1.321395,1.32099,1.321
1782720900,1.321005,1.321115,1.32077,1.3208
1782721200,1.320795,1.320895,1.320435,1.320595
1782721500,1.3206,1.320945,1.320595,1.320875
1782721800,1.320885,1.321295,1.320875,1.321075
1782722100,1.32107,1.321105,1.32076,1.320885
1782722400,1.32088,1.321015,1.32071,1.32087
1782722700,1.32085,1.320875,1.320535,1.320595
1782723000,1.3206,1.32062,1.32031,1.320495
1782723300,1.320505,1.320715,1.320345,1.320705
1782723600,1.32071,1.32121,1.320635,1.321205
1782723900,1.32121,1.321275,1.321055,1.321135
1782724200,1.32113,1.32138,1.32113,1.32131
1782724500,1.321305,1.32142,1.321175,1.321195
1782724800,1.321195,1.321295,1.320955,1.321145
1782725100,1.32115,1.32154,1.321055,1.321475
1782725400,1.32148,1.321745,1.321365,1.32149
1782725700,1.321485,1.321635,1.321295,1.32138
1782726000,1.321375,1.321435,1.3209,1.32117
1782726300,1.321165,1.32141,1.321125,1.32127
1782726600,1.321265,1.32153,1.321035,1.32152
1782726900,1.321515,1.32188,1.321505,1.32181
1782727200,1.321815,1.321865,1.321545,1.32186
1782727500,1.32186,1.321865,1.321325,1.32133
1782727800,1.32133,1.321655,1.32125,1.321435
1782728100,1.32143,1.321435,1.32112,1.321355
1782728400,1.32136,1.321405,1.32113,1.32118
1782728700,1.321185,1.321405,1.32115,1.321375
1782729000,1.32137,1.3214,1.320995,1.321005
1782729300,1.32101,1.321175,1.32098,1.32116
1782729600,1.32116,1.32135,1.32116,1.3212
1782729900,1.321195,1.322165,1.32116,1.32211
1782730200,1.322105,1.32267,1.321845,1.32249
1782730500,1.322485,1.322535,1.322065,1.32228
1782730800,1.322275,1.32306,1.322265,1.323045
1782731100,1.32305,1.32307,1.32259,1.322675
1782731400,1.32268,1.32289,1.32247,1.32284
1782731700,1.322845,1.323085,1.32281,1.322965
1782732000,1.32297,1.323105,1.32281,1.32281
1782732300,1.32281,1.323325,1.322755,1.32325
1782732600,1.323245,1.323435,1.3228,1.32317
1782732900,1.323165,1.32335,1.322835,1.32293
1782733200,1.322925,1.323,1.32246,1.322565
1782733500,1.32256,1.322775,1.32247,1.32254
1782733800,1.32254,1.32304,1.32254,1.322895
1782734100,1.32289,1.323465,1.322855,1.32314
1782734400,1.323135,1.3233,1.32299,1.323025
1782734700,1.32303,1.323125,1.32285,1.323035
1782735000,1.32304,1.32326,1.32287,1.323175
1782735300,1.32318,1.32355,1.323085,1.32313
1782735600,1.323145,1.323555,1.323045,1.323475
1782735900,1.32347,1.32352,1.32299,1.323485
1782736200,1.32348,1.32399,1.323365,1.323885
1782736500,1.32388,1.324035,1.323155,1.32318
1782736800,1.323175,1.32338,1.32283,1.3233
1782737100,1.323295,1.323305,1.32286,1.32296
1782737400,1.322955,1.32318,1.32287,1.322955
1782737700,1.32296,1.32336,1.322785,1.323355
1782738000,1.323365,1.32378,1.32335,1.32368
1782738300,1.32368,1.32385,1.323555,1.323645
1782738600,1.32365,1.323865,1.323645,1.323755
1782738900,1.32375,1.323805,1.32351,1.323655
1782739200,1.32365,1.324015,1.323395,1.32397
1782739500,1.323975,1.324375,1.32392,1.324195
1782739800,1.32419,1.32472,1.32403,1.32466
1782740100,1.32465,1.32465,1.323455,1.32366
1782740400,1.323655,1.3242,1.323505,1.323795
1782740700,1.3238,1.324215,1.323675,1.32419
1782741000,1.324195,1.324295,1.323885,1.324065
1782741300,1.32406,1.32449,1.32363,1.323655
1782741600,1.32365,1.3243,1.32362,1.323855
1782741900,1.32386,1.32422,1.32377,1.32398
1782742200,1.32399,1.32409,1.323395,1.323395
1782742500,1.323385,1.3242,1.322795,1.32407
1782742800,1.324075,1.32418,1.32366,1.32399
1782743100,1.323985,1.32441,1.323865,1.324225
1782743400,1.32422,1.32456,1.32409,1.324275
1782743700,1.32428,1.32439,1.324,1.324115
1782744000,1.3241,1.3244,1.323585,1.323705
1782744300,1.3237,1.32385,1.32329,1.3236
1782744600,1.323605,1.32481,1.323605,1.32481
1782744900,1.324805,1.32481,1.324415,1.32448
1782745200,1.324485,1.324855,1.324415,1.324635
1782745500,1.324635,1.324655,1.324315,1.324395
1782745800,1.32439,1.32465,1.324255,1.324455
1782746100,1.32446,1.32476,1.324265,1.324305
1782746400,1.3243,1.324515,1.324295,1.32444
1782746700,1.324445,1.324865,1.32444,1.32482
1782747000,1.32481,1.325225,1.32478,1.32501
1782747300,1.325005,1.32501,1.324505,1.32479
1782747600,1.324785,1.324925,1.32455,1.32491
1782747900,1.324915,1.325215,1.32484,1.325015
1782748200,1.325005,1.325075,1.32486,1.32496
1782748500,1.324955,1.325385,1.324815,1.32533
1782748800,1.325335,1.32576,1.32526,1.325585
1782749100,1.32558,1.32571,1.32549,1.32556
1782749400,1.325555,1.32559,1.325285,1.3253
1782749700,1.32531,1.325695,1.32531,1.32569
1782750000,1.325695,1.325705,1.32526,1.325355
1782750300,1.325365,1.32537,1.325215,1.32525
1782750600,1.325245,1.325455,1.32524,1.325335
1782750900,1.325345,1.32555,1.325135,1.325265
1782751200,1.32527,1.32549,1.325235,1.32546
1782751500,1.32546,1.325805,1.32537,1.32576
1782751800,1.325755,1.325875,1.325715,1.32576
1782752100,1.325765,1.325765,1.325345,1.32545
1782752400,1.325455,1.32555,1.32539,1.32549
1782752700,1.325495,1.32562,1.325485,1.3255
1782753000,1.325505,1.32566,1.32535,1.32563
1782753300,1.325625,1.325675,1.325295,1.3253
1782753600,1.325305,1.32531,1.32507,1.325115
1782753900,1.32512,1.32535,1.325105,1.325245
1782754200,1.32524,1.325395,1.32517,1.325365
1782754500,1.325365,1.325505,1.325345,1.325405
1782754800,1.3254,1.325445,1.325245,1.325355
1782755100,1.32535,1.32546,1.32516,1.325385
1782755400,1.32538,1.325775,1.325365,1.325755
1782755700,1.32575,1.325775,1.325525,1.325725
1782756000,1.32572,1.325915,1.325695,1.325845
1782756300,1.325835,1.325835,1.32564,1.32576
1782756600,1.32576,1.325935,1.32574,1.32593
1782756900,1.32594,1.325945,1.32577,1.32584
1782757200,1.32584,1.325995,1.32578,1.325995
1782757500,1.32599,1.326,1.32588,1.325965
1782757800,1.32597,1.32601,1.325855,1.325875
1782758100,1.325875,1.326,1.32586,1.32592
1782758400,1.325925,1.326015,1.325895,1.32597
1782758700,1.325965,1.326015,1.325885,1.325975
1782759000,1.32598,1.32602,1.325875,1.32594
1782759300,1.325935,1.325935,1.325565,1.325765
1782759600,1.325755,1.325845,1.32568,1.325695
1782759900,1.325695,1.3258,1.32569,1.325775
1782760200,1.325765,1.325765,1.325465,1.32557
1782760500,1.325565,1.325775,1.325565,1.32573
1782760800,1.325735,1.325895,1.32573,1.32582
1782761100,1.325815,1.325985,1.3258,1.325965
1782761400,1.32597,1.326015,1.3259,1.325955
1782761700,1.325955,1.32602,1.32593,1.325995
1782762000,1.325995,1.32616,1.325985,1.326125
1782762300,1.32612,1.32613,1.325995,1.326085
1782762600,1.326095,1.32624,1.32606,1.32607
1782762900,1.326065,1.32618,1.32592,1.32607
1782763200,1.32608,1.32609,1.32594,1.32605
1782763500,1.326055,1.326165,1.32604,1.32616
1782763800,1.326165,1.32621,1.32605,1.32609
1782764100,1.326085,1.326145,1.32608,1.326135
1782764400,1.32613,1.32619,1.326125,1.32618
1782764700,1.326185,1.32623,1.326155,1.32616
1782765000,1.32617,1.326175,1.326085,1.3261
1782765300,1.3261,1.3261,1.325825,1.32598
1782765600,1.32598,1.32604,1.32591,1.325955
1782765900,1.32596,1.326015,1.32594,1.325955
1782766200,1.32596,1.325965,1.325865,1.325965
1782766500,1.325955,1.326005,1.325775,1.325785
1782766800,1.325785,1.325785,1.324855,1.32515
1782767100,1.32515,1.325505,1.32504,1.325505
1782767400,1.3255,1.325535,1.325405,1.325535
1782767700,1.325495,1.32555,1.32536,1.32551
1782768000,1.32551,1.325625,1.32551,1.32562
1782768300,1.32562,1.32563,1.32551,1.32553
1782768600,1.325535,1.325775,1.32544,1.32573
1782768900,1.32573,1.325965,1.325575,1.32581
1782769200,1.325805,1.32581,1.32563,1.325685
1782769500,1.3257,1.32582,1.3257,1.32576
1782769800,1.32576,1.32579,1.32575,1.325765
1782770100,1.325765,1.32586,1.325675,1.325685
1782770400,1.325675,1.326025,1.32567,1.32578
1782770700,1.325785,1.32598,1.32574,1.32596
1782771000,1.32596,1.326055,1.325935,1.32598
1782771300,1.325975,1.326075,1.32597,1.326075
1782771600,1.326065,1.32608,1.32597,1.32607
1782771900,1.32607,1.32608,1.32603,1.32607
1782772200,1.32607,1.326075,1.325985,1.326015
1782772500,1.326005,1.32607,1.325975,1.32606
1782772800,1.32606,1.32608,1.325975,1.32607
1782773100,1.326065,1.326075,1.325995,1.326065
1782773400,1.326065,1.326125,1.32605,1.326065
1782773700,1.326065,1.326185,1.325965,1.32605
1782774000,1.32605,1.326115,1.325935,1.325935
1782774300,1.325935,1.326115,1.325915,1.32605
1782774600,1.32605,1.32605,1.326015,1.32605
1782774900,1.32605,1.326065,1.326025,1.32603
1782775200,1.32603,1.326085,1.32601,1.326045
1782775500,1.326045,1.326045,1.32592,1.325935
1782775800,1.325935,1.32599,1.325865,1.325865
1782776100,1.325865,1.325865,1.325635,1.32565
1782776400,1.32565,1.32576,1.325645,1.32575
1782776700,1.32575,1.32575,1.325525,1.32564
1782777000,1.325645,1.325665,1.325555,1.325555
1782777300,1.32555,1.325555,1.32528,1.32533
1782777600,1.325325,1.325425,1.325105,1.325385
1782777900,1.325395,1.325415,1.32504,1.325055
1782778200,1.325065,1.32533,1.325055,1.325075
1782778500,1.32507,1.325155,1.324855,1.32493
1782778800,1.324935,1.324975,1.32483,1.324885
1782779100,1.32489,1.32494,1.32464,1.32475
1782779400,1.324745,1.32485,1.32468,1.32476
1782779700,1.32476,1.32495,1.324725,1.324755
1782780000,1.32476,1.324775,1.32447,1.324525
1782780300,1.32452,1.324595,1.324465,1.324535
1782780600,1.32455,1.32468,1.32397,1.32408
1782780900,1.324085,1.32453,1.32393,1.32453
1782781200,1.324535,1.324715,1.324225,1.324255
1782781500,1.324255,1.324255,1.32375,1.323855
1782781800,1.32385,1.323875,1.323485,1.323585
1782782100,1.32358,1.324115,1.323555,1.32396
1782782400,1.323965,1.32432,1.32396,1.32431
1782782700,1.324305,1.32454,1.324165,1.324505
1782783000,1.32451,1.32479,1.324425,1.324725
1782783300,1.32473,1.32479,1.32421,1.324275
1782783600,1.32427,1.324305,1.32387,1.32388
1782783900,1.323885,1.323925,1.32369,1.32376
1782784200,1.32376,1.32396,1.323605,1.32362
1782784500,1.323625,1.323765,1.323375,1.323605
1782784800,1.323615,1.32387,1.32355,1.32386
1782785100,1.32386,1.32386,1.323555,1.323665
1782785400,1.32366,1.32373,1.32356,1.323675
1782785700,1.323675,1.323695,1.323455,1.323505
1782786000,1.32351,1.323815,1.323505,1.32372
1782786300,1.323725,1.32384,1.323595,1.32363
1782786600,1.323635,1.32376,1.323595,1.32375
1782786900,1.323755,1.32397,1.323745,1.32396
1782787200,1.32396,1.323965,1.32354,1.323605
1782787500,1.32361,1.323695,1.323545,1.32358
1782787800,1.32359,1.32374,1.32334,1.323395
1782788100,1.3234,1.323725,1.323395,1.32366
1782788400,1.323665,1.323875,1.323665,1.323845
1782788700,1.32385,1.32389,1.32356,1.3236
1782789000,1.323595,1.32363,1.32348,1.323485
1782789300,1.32349,1.32361,1.323365,1.32342
1782789600,1.323425,1.323455,1.32319,1.323265
1782789900,1.32327,1.323535,1.323175,1.32336
1782790200,1.32336,1.323415,1.32321,1.32325
1782790500,1.32326,1.323355,1.323155,1.32322
1782790800,1.323215,1.32328,1.32316,1.32322
1782791100,1.32322,1.32327,1.323215,1.32326
1782791400,1.323265,1.323415,1.323265,1.32335
1782791700,1.323335,1.3234,1.32324,1.32335
1782792000,1.323355,1.32338,1.323255,1.32335
1782792300,1.323345,1.32345,1.32325,1.323265
1782792600,1.323265,1.32338,1.32325,1.323355
1782792900,1.323355,1.323405,1.32331,1.32338
1782793200,1.323375,1.32339,1.32321,1.323245
1782793500,1.323265,1.32331,1.323165,1.3233
1782793800,1.323295,1.32345,1.323275,1.32343
1782794100,1.323435,1.32361,1.32342,1.323605
1782794400,1.323595,1.32361,1.32346,1.323495
1782794700,1.32349,1.323495,1.323345,1.323395
1782795000,1.323385,1.32358,1.323295,1.323515
1782795300,1.32351,1.32354,1.32287,1.32288
1782795600,1.322875,1.32306,1.32273,1.322915
1782795900,1.32291,1.323155,1.3228,1.32308
1782796200,1.323085,1.32317,1.322935,1.32315
1782796500,1.323145,1.323265,1.323115,1.32315
1782796800,1.32315,1.323275,1.32306,1.32326
1782797100,1.323255,1.323265,1.322975,1.323025
1782797400,1.323015,1.323175,1.32297,1.32305
1782797700,1.323055,1.32311,1.322945,1.32308
1782798000,1.323085,1.323215,1.32308,1.323155
1782798300,1.32315,1.323155,1.322935,1.323085
1782798600,1.32308,1.323245,1.322995,1.323175
1782798900,1.32317,1.32317,1.32255,1.322665
1782799200,1.32264,1.322845,1.32226,1.322695
1782799500,1.32269,1.32299,1.322605,1.322945
1782799800,1.32294,1.32318,1.322845,1.32294
1782800100,1.322935,1.32317,1.32288,1.32307
1782800400,1.323075,1.32378,1.32307,1.32357
1782800700,1.323575,1.32396,1.32347,1.323795
1782801000,1.32379,1.32388,1.32349,1.32387
1782801300,1.323875,1.32406,1.323775,1.32401
1782801600,1.324005,1.3245,1.324,1.3242
1782801900,1.324205,1.3244,1.32394,1.32419
1782802200,1.324185,1.32432,1.323895,1.324115
1782802500,1.32412,1.324295,1.323885,1.324165
1782802800,1.32417,1.324445,1.32382,1.324335
1782803100,1.324345,1.324705,1.324235,1.32446
1782803400,1.324455,1.324505,1.324255,1.32436
1782803700,1.32436,1.324475,1.32423,1.324435
1782804000,1.32443,1.32447,1.324235,1.32435
1782804300,1.324345,1.324635,1.32431,1.32438
1782804600,1.324375,1.324495,1.32414,1.32448
1782804900,1.324485,1.324495,1.324165,1.324175
1782805200,1.32417,1.32439,1.32405,1.324325
1782805500,1.324345,1.324365,1.323675,1.323705
1782805800,1.3237,1.3237,1.32335,1.32359
1782806100,1.32357,1.3236,1.323405,1.323435
1782806400,1.32344,1.323555,1.32302,1.32319
1782806700,1.323185,1.323585,1.32261,1.322775
1782807000,1.322795,1.323065,1.32279,1.32281
1782807300,1.322805,1.32298,1.3226,1.32279
1782807600,1.3228,1.32312,1.322655,1.323
1782807900,1.323005,1.323155,1.32288,1.323075
1782808200,1.32308,1.323115,1.32286,1.32295
1782808500,1.322945,1.32297,1.32219,1.32234
1782808800,1.322345,1.32256,1.32224,1.3225
1782809100,1.322505,1.32268,1.322155,1.32267
1782809400,1.322675,1.32298,1.322615,1.32297
1782809700,1.322975,1.323185,1.322945,1.32304
1782810000,1.323045,1.32347,1.32291,1.323395
1782810300,1.32339,1.32381,1.32318,1.32367
1782810600,1.323675,1.323775,1.323355,1.323365
1782810900,1.323355,1.32362,1.323225,1.323535
1782811200,1.323545,1.32367,1.32351,1.32355
1782811500,1.323545,1.323765,1.32352,1.323565
1782811800,1.32357,1.323585,1.323105,1.32315
1782812100,1.323155,1.323535,1.32313,1.323275
1782812400,1.32327,1.323785,1.32317,1.323625
1782812700,1.32363,1.32378,1.32345,1.32357
1782813000,1.323575,1.3237,1.323355,1.32356
1782813300,1.323565,1.32374,1.323425,1.323615
1782813600,1.32362,1.32369,1.323425,1.32354
1782813900,1.32354,1.32364,1.32319,1.32346
1782814200,1.323455,1.32346,1.323145,1.323355
1782814500,1.32336,1.32361,1.32331,1.323475
1782814800,1.32347,1.323515,1.32317,1.323225
1782815100,1.32323,1.32368,1.32323,1.323525
1782815400,1.32352,1.323525,1.32313,1.323425
1782815700,1.32343,1.323985,1.32342,1.323775
1782816000,1.32377,1.32378,1.323435,1.32349
1782816300,1.32349,1.323495,1.32321,1.32334
1782816600,1.32335,1.32355,1.32322,1.323475
1782816900,1.32348,1.32374,1.323345,1.323595
1782817200,1.32361,1.32364,1.32336,1.323435
1782817500,1.32343,1.32349,1.32309,1.32309
1782817800,1.32309,1.323295,1.32281,1.32296
1782818100,1.32295,1.32299,1.32248,1.322715
1782818400,1.32272,1.322865,1.322115,1.32228
1782818700,1.322275,1.32266,1.322195,1.32254
1782819000,1.322545,1.32258,1.321955,1.32214
1782819300,1.322145,1.322215,1.321535,1.321585
1782819600,1.321585,1.32249,1.32148,1.32227
1782819900,1.322265,1.322565,1.322125,1.322555
1782820200,1.32256,1.32259,1.322325,1.32248
1782820500,1.322475,1.322745,1.322365,1.322665
1782820800,1.32267,1.32273,1.32206,1.322245
1782821100,1.32224,1.32235,1.32211,1.322145
1782821400,1.32215,1.322515,1.32211,1.322475
1782821700,1.32248,1.32257,1.32224,1.32224
1782822000,1.322245,1.32225,1.321275,1.321365
1782822300,1.32136,1.32166,1.32125,1.32157
1782822600,1.321575,1.32196,1.32121,1.321765
1782822900,1.32177,1.322135,1.321725,1.32184
1782823200,1.321835,1.32237,1.321765,1.322265
1782823500,1.32227,1.32227,1.32166,1.321815
1782823800,1.321825,1.32234,1.32173,1.32221
1782824100,1.322205,1.322285,1.321545,1.321545
1782824400,1.32154,1.32166,1.321335,1.321445
1782824700,1.32145,1.322245,1.321405,1.32223
1782825000,1.322225,1.32238,1.322185,1.322265
1782825300,1.322255,1.3231,1.322255,1.32288
1782825600,1.322885,1.32318,1.32264,1.32277
1782825900,1.32278,1.323085,1.322735,1.322895
1782826200,1.32289,1.323105,1.32238,1.32255
1782826500,1.322555,1.32277,1.322155,1.32231
1782826800,1.322325,1.322475,1.322025,1.32244
1782827100,1.322435,1.322455,1.321935,1.32195
1782827400,1.32194,1.32242,1.32194,1.32217
1782827700,1.322175,1.322285,1.32207,1.322205
1782828000,1.32222,1.32232,1.32144,1.3223
1782828300,1.32229,1.32279,1.322115,1.322755
1782828600,1.32274,1.32356,1.32271,1.32355
1782828900,1.323545,1.32422,1.32348,1.324005
1782829200,1.324005,1.324605,1.324,1.32425
1782829500,1.32424,1.324445,1.323955,1.32422
1782829800,1.324215,1.324635,1.323845,1.32404
1782830100,1.324045,1.324535,1.32403,1.324265
1782830400,1.32427,1.32515,1.324225,1.324825
1782830700,1.324825,1.3251,1.324655,1.32485
1782831000,1.324855,1.326275,1.324855,1.32613
1782831300,1.326125,1.327565,1.32612,1.32726
1782831600,1.327265,1.32767,1.326605,1.32678
1782831900,1.326775,1.327315,1.32676,1.32716
1782832200,1.327155,1.32764,1.326955,1.327175
1782832500,1.327165,1.327275,1.32684,1.32698
1782832800,1.326975,1.327065,1.32675,1.32695
1782833100,1.326945,1.3272,1.326755,1.326755
1782833400,1.32676,1.32717,1.326735,1.32687
1782833700,1.326865,1.32687,1.326265,1.32637
1782834000,1.326375,1.326485,1.326155,1.326175
1782834300,1.32617,1.32648,1.325935,1.326035
1782834600,1.32604,1.32607,1.32568,1.325745
1782834900,1.32575,1.325875,1.32554,1.325705
1782835200,1.32571,1.325885,1.325395,1.325425
1782835500,1.32543,1.325545,1.325265,1.325465
1782835800,1.32546,1.325505,1.32522,1.32532
1782836100,1.325325,1.32533,1.324835,1.324975
1782836400,1.324965,1.32527,1.324965,1.325195
1782836700,1.32519,1.325315,1.32495,1.32527
1782837000,1.32528,1.325375,1.32492,1.32497
1782837300,1.324965,1.32532,1.324915,1.32529
1782837600,1.32529,1.32547,1.32522,1.325285
1782837900,1.32528,1.325485,1.325245,1.325435
1782838200,1.32543,1.325585,1.32504,1.32509
1782838500,1.325085,1.32524,1.32493,1.325105
1782838800,1.325095,1.32554,1.325085,1.32552
1782839100,1.325525,1.325605,1.32513,1.32514
1782839400,1.325125,1.325285,1.325,1.325005
1782839700,1.32501,1.325395,1.325005,1.325385
1782840000,1.32538,1.325385,1.325155,1.32524
1782840300,1.32524,1.32545,1.325185,1.32536
1782840600,1.325355,1.32563,1.32529,1.32555
1782840900,1.325545,1.3256,1.32537,1.32538
1782841200,1.325385,1.32554,1.325335,1.325505
1782841500,1.325505,1.3258,1.325465,1.32575
1782841800,1.325745,1.32577,1.32564,1.32566
1782842100,1.325665,1.32567,1.325475,1.32558
1782842400,1.325575,1.325955,1.32556,1.32594
1782842700,1.325945,1.32626,1.325915,1.32625
1782843000,1.326245,1.32634,1.326135,1.32627
1782843300,1.326265,1.32627,1.325905,1.32615
1782843600,1.326155,1.326305,1.326045,1.32616
1782843900,1.32616,1.32627,1.326115,1.32618
1782844200,1.326185,1.32625,1.32599,1.32606
1782844500,1.326055,1.326085,1.325665,1.325765
1782844800,1.325775,1.325775,1.325485,1.325525
1782845100,1.32553,1.32597,1.325525,1.325955
1782845400,1.32596,1.32615,1.32586,1.325905
1782845700,1.3259,1.3259,1.325385,1.325465
1782846000,1.32545,1.32564,1.32537,1.325545
1782846300,1.32555,1.3256,1.32533,1.32536
1782846600,1.32536,1.32563,1.32536,1.325465
1782846900,1.32546,1.32562,1.32541,1.32554
1782847200,1.32554,1.325565,1.325255,1.32527
1782847500,1.32527,1.32538,1.325165,1.325295
1782847800,1.3253,1.32571,1.325225,1.32563
1782848100,1.325625,1.32568,1.32556,1.325615
1782848400,1.32562,1.325775,1.3254,1.32558
1782848700,1.32558,1.32569,1.325565,1.32557
1782849000,1.325555,1.325555,1.325335,1.32541
1782849300,1.32542,1.32651,1.32542,1.3264
1782849600,1.32641,1.32651,1.326225,1.326475
1782849900,1.32648,1.326565,1.32642,1.32644
1782850200,1.326435,1.326495,1.3264,1.326495
1782850500,1.32649,1.326585,1.32629,1.326545
1782850800,1.32655,1.32658,1.326485,1.326485
1782851100,1.32649,1.32651,1.326275,1.32632
1782851400,1.326315,1.326325,1.326025,1.326105
1782851700,1.326105,1.326105,1.325875,1.32597
1782852000,1.32597,1.32607,1.32596,1.32607
1782852300,1.326065,1.326065,1.32596,1.326035
1782852600,1.32603,1.3262,1.32603,1.32606
1782852900,1.326065,1.326145,1.325965,1.326095
1782853200,1.326095,1.32621,1.326095,1.3262
1782853500,1.3262,1.326255,1.32605,1.3261
1782853800,1.3261,1.3261,1.325595,1.32594
1782854100,1.32588,1.32594,1.325575,1.325575
1782854400,1.325575,1.325985,1.325365,1.32577
1782854700,1.32577,1.325935,1.32551,1.325925
1782855000,1.325925,1.325925,1.325375,1.32577
1782855300,1.32577,1.32624,1.32572,1.32607
1782855600,1.32607,1.32615,1.32583,1.326075
1782855900,1.326005,1.32652,1.325695,1.32596
1782856200,1.32596,1.32613,1.325935,1.326055
1782856500,1.326055,1.32627,1.325745,1.325895
1782856800,1.325995,1.32615,1.325775,1.325855
1782857100,1.32586,1.326,1.32586,1.325945
1782857400,1.32595,1.32596,1.325825,1.325865
1782857700,1.325865,1.325945,1.32586,1.32591
1782858000,1.32591,1.325975,1.32586,1.325865
1782858300,1.325865,1.325975,1.32586,1.325975
1782858600,1.325975,1.325975,1.32596,1.325965
1782858900,1.325975,1.325975,1.325955,1.325965
1782859200,1.325965,1.325965,1.325935,1.325945
1782859500,1.325945,1.325945,1.325695,1.325695
1782859800,1.3257,1.325755,1.32566,1.325685
1782860100,1.325685,1.325765,1.325675,1.325755
1782860400,1.325755,1.325785,1.325705,1.325765
1782860700,1.325765,1.32578,1.32575,1.325775
1782861000,1.325775,1.32578,1.325665,1.32567
1782861300,1.325675,1.325695,1.325665,1.325685
1782861600,1.325675,1.325675,1.32565,1.32566
1782861900,1.32566,1.325665,1.3254,1.325415
1782862200,1.32541,1.325575,1.32541,1.32557
1782862500,1.325565,1.32558,1.32545,1.325475
1782862800,1.32547,1.325475,1.325245,1.32525
1782863100,1.32525,1.325275,1.3251,1.32515
1782863400,1.32515,1.32518,1.325035,1.325045
1782863700,1.32505,1.325065,1.324905,1.32501
1782864000,1.325015,1.32516,1.32489,1.325085
1782864300,1.32509,1.325175,1.325035,1.32507
1782864600,1.32507,1.325095,1.325005,1.325055
1782864900,1.32506,1.32507,1.324755,1.32476
1782865200,1.324765,1.325025,1.32472,1.325025
1782865500,1.32504,1.325175,1.32495,1.32511
1782865800,1.325115,1.32512,1.324945,1.324965
1782866100,1.324955,1.32496,1.324675,1.324885
1782866400,1.32489,1.32491,1.32462,1.32463
1782866700,1.324625,1.324675,1.32443,1.324455
1782867000,1.32446,1.324595,1.324405,1.324455
1782867300,1.324465,1.324665,1.324465,1.32456
1782867600,1.324565,1.324585,1.324355,1.324375
1782867900,1.324375,1.324375,1.3241,1.32411
1782868200,1.32411,1.324115,1.32383,1.32397
1782868500,1.323975,1.32427,1.32386,1.324245
1782868800,1.32425,1.3243,1.324145,1.32415
1782869100,1.32415,1.324265,1.324095,1.3242
1782869400,1.32421,1.32425,1.32393,1.323965
1782869700,1.32396,1.324055,1.323835,1.32399
1782870000,1.323985,1.32403,1.323855,1.323965
1782870300,1.32397,1.324075,1.323685,1.323735
1782870600,1.323745,1.323825,1.323535,1.323575
1782870900,1.32357,1.32382,1.32349,1.323765
1782871200,1.32376,1.32384,1.323655,1.32368
1782871500,1.323675,1.3237,1.323505,1.32353
1782871800,1.323535,1.323765,1.323395,1.32376
1782872100,1.323765,1.324005,1.323745,1.323905
1782872400,1.32391,1.324075,1.32387,1.324035
1782872700,1.32404,1.32405,1.32374,1.323785
1782873000,1.32379,1.323875,1.32349,1.32353
1782873300,1.323535,1.323805,1.323525,1.323745
1782873600,1.32375,1.32399,1.32368,1.3239
1782873900,1.323905,1.324045,1.323745,1.32375
1782874200,1.323745,1.32389,1.323705,1.32375
1782874500,1.323755,1.32384,1.3236,1.32363
1782874800,1.323625,1.323745,1.323445,1.32366
1782875100,1.323655,1.323895,1.323655,1.323815
1782875400,1.32382,1.32397,1.32377,1.323775
1782875700,1.323785,1.32384,1.323625,1.32366
1782876000,1.323655,1.32371,1.32356,1.323595
1782876300,1.32359,1.32361,1.323485,1.32355
1782876600,1.323555,1.32364,1.32319,1.323215
1782876900,1.32322,1.32349,1.32321,1.32347
1782877200,1.323475,1.32358,1.323235,1.323265
1782877500,1.323255,1.323465,1.323245,1.323365
1782877800,1.323365,1.323465,1.32324,1.32324
1782878100,1.323235,1.32355,1.32317,1.32352
1782878400,1.32353,1.323565,1.323345,1.323375
1782878700,1.32338,1.323385,1.32329,1.3233
1782879000,1.323305,1.32343,1.32325,1.32337
1782879300,1.32337,1.323475,1.323335,1.323345
1782879600,1.323345,1.3234,1.32326,1.32334
1782879900,1.323345,1.32348,1.323245,1.323465
1782880200,1.32346,1.32403,1.32345,1.32397
1782880500,1.32397,1.324095,1.32391,1.324015
1782880800,1.32401,1.324075,1.32394,1.32397
1782881100,1.32397,1.32433,1.323965,1.324125
1782881400,1.324125,1.32438,1.32412,1.32429
1782881700,1.324285,1.32432,1.32415,1.324155
1782882000,1.32415,1.32429,1.324025,1.32413
1782882300,1.324125,1.3243,1.32411,1.324265
1782882600,1.32426,1.32435,1.324205,1.324275
1782882900,1.32427,1.32438,1.324175,1.32435
1782883200,1.32435,1.32443,1.324325,1.324335
1782883500,1.32434,1.3244,1.324275,1.324355
1782883800,1.32436,1.32449,1.324325,1.324365
1782884100,1.32436,1.32438,1.32424,1.32432
1782884400,1.324315,1.3245,1.32427,1.32449
1782884700,1.324485,1.3245,1.32427,1.32427
1782885000,1.32427,1.32451,1.32416,1.32416
1782885300,1.32415,1.324255,1.323925,1.324155
1782885600,1.32416,1.324495,1.3241,1.32427
1782885900,1.324265,1.32432,1.32391,1.324
1782886200,1.323995,1.324,1.323855,1.32399
1782886500,1.323985,1.32429,1.32388,1.32402
1782886800,1.324025,1.32404,1.32368,1.323975
1782887100,1.32397,1.323975,1.323785,1.32379
1782887400,1.323795,1.32394,1.323685,1.323855
1782887700,1.32385,1.32399,1.32369,1.32373
1782888000,1.32372,1.3238,1.32353,1.323685
1782888300,1.32368,1.32414,1.323675,1.32409
1782888600,1.3241,1.32446,1.32408,1.32445
1782888900,1.324455,1.32447,1.324225,1.3243
1782889200,1.324305,1.32452,1.323945,1.324365
1782889500,1.32436,1.324405,1.32391,1.323935
1782889800,1.323935,1.32394,1.32346,1.323505
1782890100,1.32351,1.323555,1.323095,1.323255
1782890400,1.323255,1.323335,1.322875,1.32294
1782890700,1.322935,1.3234,1.322915,1.322975
1782891000,1.32298,1.32343,1.322945,1.323305
1782891300,1.32332,1.32375,1.32332,1.323655
1782891600,1.32365,1.32397,1.32356,1.323865
1782891900,1.32386,1.32414,1.323815,1.324065
1782892200,1.32406,1.324295,1.32396,1.32414
1782892500,1.324145,1.32458,1.324035,1.324445
1782892800,1.32445,1.324575,1.323975,1.32398
1782893100,1.323975,1.32425,1.32392,1.3242
1782893400,1.324205,1.324475,1.32406,1.32432
1782893700,1.324315,1.324815,1.324305,1.32476
1782894000,1.324755,1.324825,1.324425,1.32455
1782894300,1.32456,1.32507,1.32456,1.325065
1782894600,1.32507,1.325075,1.32447,1.324945
1782894900,1.324945,1.325295,1.324835,1.32505
1782895200,1.325045,1.325205,1.324935,1.32515
1782895500,1.325145,1.32517,1.32485,1.324935
1782895800,1.32494,1.32516,1.324805,1.32491
1782896100,1.324915,1.32511,1.324415,1.32467
1782896400,1.324645,1.32508,1.324485,1.324835
1782896700,1.32484,1.324915,1.3243,1.32435
1782897000,1.324355,1.324985,1.32435,1.32484
1782897300,1.324835,1.324835,1.32454,1.324545
1782897600,1.32454,1.324885,1.324505,1.324875
1782897900,1.324875,1.325665,1.32472,1.325575
1782898200,1.32557,1.3257,1.32512,1.32514
1782898500,1.325135,1.32554,1.325125,1.325215
1782898800,1.325225,1.325415,1.325055,1.32516
1782899100,1.325165,1.32544,1.325115,1.325145
1782899400,1.32515,1.32515,1.324545,1.32481
1782899700,1.324815,1.324985,1.32464,1.324675
1782900000,1.32467,1.324785,1.32446,1.32458
1782900300,1.324575,1.32476,1.32453,1.324615
1782900600,1.32462,1.32483,1.32456,1.32477
1782900900,1.324775,1.32531,1.324745,1.325235
1782901200,1.32523,1.325345,1.32495,1.324965
1782901500,1.32496,1.32513,1.32489,1.325125
1782901800,1.32513,1.3253,1.325,1.325255
1782902100,1.32525,1.325395,1.32516,1.32537
1782902400,1.325365,1.325475,1.32522,1.325285
1782902700,1.32528,1.32542,1.32523,1.32539
1782903000,1.32539,1.325655,1.325375,1.3255
1782903300,1.32551,1.32562,1.325245,1.325245
1782903600,1.32524,1.32535,1.32452,1.32458
1782903900,1.324585,1.32475,1.32434,1.324685
1782904200,1.32468,1.32468,1.324145,1.324315
1782904500,1.32431,1.324535,1.324225,1.32447
1782904800,1.324465,1.324485,1.324235,1.32437
1782905100,1.32437,1.324535,1.324255,1.324495
1782905400,1.32449,1.32465,1.32434,1.324465
1782905700,1.324465,1.324795,1.324425,1.324645
1782906000,1.324645,1.324845,1.324575,1.32465
1782906300,1.324645,1.324735,1.324425,1.32444
1782906600,1.324435,1.32486,1.324375,1.32441
1782906900,1.324405,1.324535,1.32412,1.324235
1782907200,1.32423,1.32448,1.324015,1.32414
1782907500,1.324135,1.324185,1.323845,1.32396
1782907800,1.323965,1.324245,1.32388,1.32409
1782908100,1.32408,1.32458,1.324015,1.324565
1782908400,1.32457,1.324825,1.324495,1.324765
1782908700,1.32476,1.32485,1.324075,1.32408
1782909000,1.324085,1.324445,1.323735,1.323735
1782909300,1.32374,1.32399,1.323585,1.32359
1782909600,1.323595,1.324,1.323435,1.323735
1782909900,1.32374,1.323955,1.32339,1.323875
1782910200,1.32388,1.32431,1.32387,1.324255
1782910500,1.32425,1.324255,1.32368,1.32368
1782910800,1.323685,1.324295,1.32359,1.324175
1782911100,1.32418,1.32434,1.32354,1.323635
1782911400,1.32363,1.323635,1.32189,1.322065
1782911700,1.32207,1.323845,1.322055,1.32338
1782912000,1.323375,1.324985,1.323365,1.324835
1782912300,1.32483,1.325425,1.324265,1.325075
1782912600,1.32507,1.325545,1.32475,1.32516
1782912900,1.325155,1.325955,1.325105,1.325585
1782913200,1.32558,1.32736,1.325505,1.327275
1782913500,1.32728,1.32808,1.32709,1.32714
1782913800,1.327135,1.3272,1.326605,1.326645
1782914100,1.32664,1.32695,1.326275,1.32635
1782914400,1.32634,1.32728,1.326285,1.32641
1782914700,1.326415,1.327485,1.326295,1.32746
1782915000,1.327465,1.32773,1.32719,1.327365
1782915300,1.32737,1.327765,1.32704,1.32729
1782915600,1.327285,1.32797,1.327275,1.327625
1782915900,1.32763,1.32769,1.327095,1.32719
1782916200,1.327185,1.328585,1.327125,1.328575
1782916500,1.32857,1.328815,1.328135,1.32861
1782916800,1.328615,1.32921,1.3277,1.32778
1782917100,1.327775,1.32839,1.32743,1.327465
1782917400,1.32747,1.32755,1.327025,1.327055
1782917700,1.32705,1.32781,1.326955,1.327775
1782918000,1.32777,1.32792,1.32732,1.32737
1782918300,1.327375,1.327755,1.326795,1.32704
1782918600,1.327045,1.32743,1.32703,1.327185
1782918900,1.32719,1.327385,1.326995,1.327115
1782919200,1.32711,1.32768,1.327095,1.327485
1782919500,1.32749,1.32792,1.32745,1.32788
1782919800,1.32785,1.32819,1.32709,1.327095
1782920100,1.3271,1.32744,1.32676,1.326805
1782920400,1.32681,1.32718,1.32664,1.32707
1782920700,1.327065,1.32746,1.327025,1.327265
1782921000,1.32727,1.3278,1.32726,1.32757
1782921300,1.327565,1.32785,1.32737,1.327775
1782921600,1.32777,1.328755,1.32777,1.32865
1782921900,1.328655,1.32901,1.328555,1.328635
1782922200,1.328635,1.329085,1.328385,1.32857
1782922500,1.328565,1.328675,1.327995,1.328265
1782922800,1.328255,1.32868,1.328255,1.328485
1782923100,1.32849,1.329185,1.328455,1.32885
1782923400,1.328845,1.32888,1.32864,1.32878
1782923700,1.32878,1.328795,1.328505,1.328565
1782924000,1.32856,1.328745,1.328175,1.32827
1782924300,1.328265,1.3287,1.328265,1.328465
1782924600,1.328465,1.328505,1.328135,1.32821
1782924900,1.328215,1.328465,1.32803,1.328125
1782925200,1.32813,1.328565,1.32813,1.328445
1782925500,1.32844,1.328535,1.32822,1.328255
1782925800,1.32825,1.328255,1.32789,1.32812
1782926100,1.32811,1.328335,1.327985,1.32827
1782926400,1.328275,1.32833,1.328065,1.32815
1782926700,1.328155,1.32823,1.328005,1.32813
1782927000,1.328135,1.328315,1.328065,1.32825
1782927300,1.328245,1.328305,1.32799,1.32804
1782927600,1.328045,1.328115,1.32774,1.32777
1782927900,1.327765,1.32809,1.327725,1.32803
1782928200,1.328035,1.328075,1.327865,1.327945
1782928500,1.32795,1.32808,1.32776,1.32776
1782928800,1.327765,1.32797,1.32773,1.327875
1782929100,1.32787,1.327875,1.327545,1.32757
1782929400,1.327575,1.32759,1.32729,1.32753
1782929700,1.327525,1.327525,1.327145,1.32725
1782930000,1.327255,1.32744,1.32717,1.327315
1782930300,1.32731,1.32742,1.32716,1.32737
1782930600,1.327375,1.327575,1.32731,1.32745
1782930900,1.327445,1.3276,1.32743,1.32755
1782931200,1.327555,1.32788,1.327525,1.327875
1782931500,1.32787,1.327875,1.327715,1.32774
1782931800,1.327745,1.32777,1.327475,1.32751
1782932100,1.327515,1.32791,1.32751,1.327805
1782932400,1.3278,1.32803,1.3278,1.327825
1782932700,1.32783,1.328,1.32779,1.327975
1782933000,1.327985,1.328005,1.32778,1.327915
1782933300,1.327915,1.328115,1.32785,1.327965
1782933600,1.32797,1.32817,1.327945,1.32808
1782933900,1.328085,1.328235,1.327965,1.32813
1782934200,1.328135,1.328215,1.32801,1.328155
1782934500,1.32815,1.328235,1.328125,1.32813
1782934800,1.328135,1.328145,1.327965,1.328125
1782935100,1.32813,1.328135,1.32798,1.32807
1782935400,1.32808,1.328105,1.3277,1.32782
1782935700,1.32781,1.32789,1.32773,1.32781
1782936000,1.32782,1.32793,1.32774,1.32781
1782936300,1.3278,1.328,1.327745,1.32782
1782936600,1.32782,1.32793,1.32781,1.327855
1782936900,1.327865,1.32795,1.327815,1.32782
1782937200,1.32782,1.32792,1.32776,1.32792
1782937500,1.327925,1.32799,1.32791,1.327945
1782937800,1.32793,1.328035,1.327905,1.327905
1782938100,1.327905,1.32792,1.327625,1.327695
1782938400,1.32769,1.327695,1.326875,1.327035
1782938700,1.32704,1.327415,1.327025,1.327415
1782939000,1.3274,1.32762,1.327395,1.327445
1782939300,1.32744,1.327605,1.32737,1.327505
1782939600,1.327505,1.327505,1.327505,1.327505
1782939900,1.327505,1.32752,1.326905,1.32741
1782940200,1.32741,1.32781,1.32724,1.32781
1782940500,1.32781,1.328035,1.32743,1.327655
1782940800,1.327655,1.32779,1.327585,1.32773
1782941100,1.32773,1.32816,1.327555,1.32792
1782941400,1.327925,1.328085,1.32787,1.32794
1782941700,1.32794,1.32815,1.32794,1.32807
1782942000,1.32807,1.32817,1.327795,1.32798
1782942300,1.32801,1.32828,1.327925,1.328035
1782942600,1.328035,1.328135,1.32802,1.328045
1782942900,1.328045,1.328175,1.32688,1.32721
1782943200,1.327225,1.3278,1.327225,1.32753
1782943500,1.32753,1.32784,1.327525,1.32781
1782943800,1.32781,1.32781,1.32771,1.32771
1782944100,1.32771,1.32782,1.327685,1.32782
1782944400,1.327825,1.327935,1.3278,1.327935
1782944700,1.327935,1.32795,1.32792,1.32794
1782945000,1.327945,1.327955,1.32785,1.327935
1782945300,1.327935,1.327955,1.327925,1.327945
1782945600,1.327945,1.327945,1.327935,1.327935
1782945900,1.327935,1.327955,1.327925,1.327945
1782946200,1.327945,1.327945,1.32793,1.327935
1782946500,1.327935,1.328005,1.327935,1.32799
1782946800,1.327985,1.32799,1.32794,1.327945
1782947100,1.327945,1.32796,1.32793,1.32793
1782947400,1.32793,1.327955,1.32784,1.32793
1782947700,1.32793,1.32793,1.32783,1.327915
1782948000,1.327915,1.32792,1.32784,1.32786
1782948300,1.32786,1.328005,1.327855,1.327955
1782948600,1.32795,1.328,1.32792,1.32793
1782948900,1.32793,1.32793,1.32792,1.327925
1782949200,1.327925,1.32796,1.327855,1.327955
1782949500,1.327955,1.32797,1.327875,1.327925
1782949800,1.32792,1.327935,1.32772,1.32786
1782950100,1.32786,1.327935,1.32781,1.327845
1782950400,1.32784,1.328035,1.327645,1.327935
1782950700,1.327945,1.32835,1.32789,1.328285
1782951000,1.32828,1.328325,1.32802,1.32804
1782951300,1.328035,1.32805,1.327685,1.32769
1782951600,1.32769,1.327865,1.327675,1.3278
1782951900,1.3278,1.3278,1.32746,1.32753
1782952200,1.327535,1.327615,1.32746,1.327525
1782952500,1.327525,1.32771,1.327525,1.32763
1782952800,1.327625,1.328015,1.32761,1.32776
1782953100,1.327765,1.32799,1.32773,1.32793
1782953400,1.32793,1.32794,1.327645,1.32784
1782953700,1.32783,1.3279,1.32763,1.32781
1782954000,1.327805,1.32801,1.32771,1.327975
1782954300,1.327965,1.32803,1.327845,1.327985
1782954600,1.32798,1.328085,1.327805,1.32801
1782954900,1.328015,1.328065,1.32782,1.32801
1782955200,1.328015,1.328155,1.327905,1.32809
1782955500,1.328085,1.328115,1.32792,1.328025
1782955800,1.32802,1.3281,1.32792,1.32798
1782956100,1.327975,1.32827,1.32793,1.328265
1782956400,1.32827,1.32846,1.32826,1.328275
1782956700,1.32827,1.329065,1.32821,1.32901
1782957000,1.329015,1.32909,1.32868,1.328805
1782957300,1.3288,1.328805,1.32838,1.32844
1782957600,1.32844,1.328655,1.328395,1.328635
1782957900,1.32864,1.328785,1.328625,1.32868
1782958200,1.32868,1.329245,1.328625,1.32923
1782958500,1.329235,1.32948,1.32913,1.329455
1782958800,1.32946,1.32946,1.32908,1.329105
1782959100,1.32911,1.329135,1.328975,1.329045
1782959400,1.32904,1.329185,1.329005,1.32916
1782959700,1.329155,1.329155,1.32891,1.328915
1782960000,1.32892,1.328955,1.328835,1.32888
1782960300,1.32888,1.32896,1.32873,1.32874
1782960600,1.32874,1.32886,1.328595,1.328665
1782960900,1.328675,1.328675,1.328465,1.328565
1782961200,1.32855,1.32872,1.328475,1.32848
1782961500,1.32848,1.32849,1.328285,1.328285
1782961800,1.328285,1.328315,1.328115,1.32817
1782962100,1.32817,1.32832,1.328055,1.32806
1782962400,1.32806,1.32816,1.328005,1.32806
1782962700,1.32806,1.32826,1.32804,1.328255
1782963000,1.32826,1.3284,1.32823,1.32834
1782963300,1.328335,1.328355,1.328235,1.32827
1782963600,1.328275,1.32839,1.32825,1.328335
1782963900,1.32833,1.32834,1.32818,1.328245
1782964200,1.32825,1.32836,1.328245,1.32826
1782964500,1.32826,1.32868,1.328255,1.32867
1782964800,1.328675,1.32923,1.328655,1.328745
1782965100,1.32875,1.32918,1.32875,1.32908
1782965400,1.32908,1.329125,1.32887,1.32904
1782965700,1.32904,1.329045,1.32893,1.32896
1782966000,1.328965,1.329025,1.32878,1.328905
1782966300,1.3289,1.328975,1.32874,1.328765
1782966600,1.32877,1.32877,1.328655,1.328715
1782966900,1.328715,1.32873,1.3286,1.32871
1782967200,1.328705,1.328705,1.32856,1.328615
1782967500,1.328615,1.328635,1.32854,1.32855
1782967800,1.328555,1.328875,1.328545,1.328815
1782968100,1.32882,1.32897,1.328815,1.32893
1782968400,1.32895,1.32904,1.328885,1.32892
1782968700,1.328915,1.329135,1.32886,1.32897
1782969000,1.32897,1.32901,1.32887,1.3289
1782969300,1.328895,1.32892,1.328775,1.328895
1782969600,1.328895,1.329125,1.328835,1.329085
1782969900,1.32909,1.3291,1.32888,1.328965
1782970200,1.32896,1.32896,1.328635,1.32888
1782970500,1.32888,1.32894,1.32876,1.32877
1782970800,1.328765,1.328985,1.328765,1.32892
1782971100,1.32892,1.329015,1.328785,1.32882
1782971400,1.328825,1.32916,1.32882,1.32906
1782971700,1.329065,1.32929,1.32903,1.32914
1782972000,1.329135,1.32967,1.32912,1.32948
1782972300,1.329485,1.32997,1.329395,1.3297
1782972600,1.329705,1.32981,1.329525,1.329535
1782972900,1.32953,1.32958,1.329205,1.329425
1782973200,1.32942,1.329535,1.32928,1.329425
1782973500,1.32943,1.32967,1.3293,1.32949
1782973800,1.329495,1.32974,1.32946,1.32956
1782974100,1.329565,1.32969,1.3295,1.329555
1782974400,1.32956,1.32983,1.32953,1.329795
1782974700,1.329795,1.331475,1.32973,1.331355
1782975000,1.331365,1.332595,1.3305,1.330805
1782975300,1.3308,1.331015,1.33053,1.330535
1782975600,1.33054,1.33055,1.32998,1.33015
1782975900,1.33016,1.330515,1.329795,1.330485
1782976200,1.33049,1.330745,1.33022,1.330555
1782976500,1.33055,1.33127,1.330445,1.331185
1782976800,1.33119,1.331695,1.331145,1.331535
1782977100,1.33154,1.33228,1.33139,1.33218
1782977400,1.33219,1.3323,1.331905,1.332065
1782977700,1.33206,1.3327,1.33183,1.33266
1782978000,1.33266,1.33382,1.33265,1.333325
1782978300,1.33332,1.333425,1.33293,1.33334
1782978600,1.333345,1.33383,1.3331,1.33353
1782978900,1.333525,1.3338,1.33311,1.333655
1782979200,1.33365,1.334935,1.333535,1.33477
1782979500,1.33477,1.33535,1.33452,1.334945
1782979800,1.33495,1.33543,1.33486,1.335265
1782980100,1.335255,1.33534,1.334425,1.33469
1782980400,1.334685,1.335045,1.33439,1.33441
1782980700,1.3344,1.335125,1.334275,1.334885
1782981000,1.33488,1.33519,1.334655,1.33512
1782981300,1.33511,1.335595,1.33484,1.335245
1782981600,1.335235,1.336,1.335215,1.33567
1782981900,1.335665,1.336305,1.33531,1.33618
1782982200,1.336185,1.33628,1.33563,1.335665
1782982500,1.33567,1.33597,1.335425,1.33571
1782982800,1.3357,1.33587,1.3352,1.33533
1782983100,1.335335,1.335435,1.334495,1.33459
1782983400,1.33458,1.334735,1.333805,1.334545
1782983700,1.33455,1.33488,1.334295,1.334655
1782984000,1.33466,1.33472,1.33435,1.33451
1782984300,1.334515,1.33452,1.334025,1.33411
1782984600,1.334115,1.33425,1.3339,1.334175
1782984900,1.33417,1.33477,1.33413,1.33459
1782985200,1.33459,1.334665,1.3343,1.334525
1782985500,1.33453,1.33456,1.334195,1.33428
1782985800,1.33427,1.33445,1.333935,1.333945
1782986100,1.33394,1.334295,1.333905,1.334065
1782986400,1.33407,1.33448,1.333865,1.33425
1782986700,1.334245,1.33434,1.33393,1.33395
1782987000,1.33396,1.334115,1.33385,1.33389
1782987300,1.333895,1.33409,1.333275,1.33341
1782987600,1.333415,1.33351,1.332965,1.332995
1782987900,1.33299,1.333195,1.332975,1.333035
1782988200,1.33303,1.33303,1.332685,1.33284
1782988500,1.33284,1.332945,1.33262,1.332845
1782988800,1.332845,1.3331,1.33258,1.332865
1782989100,1.332865,1.33307,1.33264,1.33286
1782989400,1.332865,1.333125,1.33277,1.33311
1782989700,1.333115,1.333375,1.33285,1.333275
1782990000,1.33328,1.33332,1.332945,1.332975
1782990300,1.33298,1.33316,1.33254,1.332935
1782990600,1.33294,1.333095,1.332805,1.33291
1782990900,1.332915,1.33332,1.3328,1.333315
1782991200,1.33331,1.33331,1.33295,1.333025
1782991500,1.33303,1.33317,1.33281,1.332995
1782991800,1.333,1.333145,1.33271,1.33274
1782992100,1.33275,1.33275,1.33253,1.33256
1782992400,1.332555,1.33257,1.33213,1.332145
1782992700,1.332155,1.33225,1.331645,1.33172
1782993000,1.331725,1.33175,1.33118,1.33124
1782993300,1.33124,1.33133,1.33083,1.33104
1782993600,1.33103,1.33125,1.3308,1.33125
1782993900,1.331245,1.331325,1.33039,1.330585
1782994200,1.33058,1.33079,1.330105,1.330335
1782994500,1.330325,1.33037,1.329705,1.32996
1782994800,1.329965,1.33059,1.32989,1.33055
1782995100,1.33054,1.33085,1.330355,1.330505
1782995400,1.330455,1.33625,1.330455,1.33623
1782995700,1.336215,1.33745,1.33591,1.33743
1782996000,1.337425,1.338335,1.336965,1.337945
1782996300,1.33795,1.33806,1.336645,1.337115
1782996600,1.3371,1.33769,1.336805,1.336985
1782996900,1.33698,1.337075,1.33609,1.336455
1782997200,1.33646,1.337095,1.33575,1.33691
1782997500,1.3369,1.336985,1.33558,1.33561
1782997800,1.335615,1.33668,1.335615,1.33614
1782998100,1.336145,1.33687,1.33576,1.33686
1782998400,1.33685,1.33685,1.335635,1.335755
1782998700,1.33576,1.33634,1.33527,1.336185
1782999000,1.33618,1.337755,1.33588,1.33748
1782999300,1.337475,1.337705,1.336635,1.337115
1782999600,1.33712,1.33767,1.336535,1.33751
1782999900,1.33752,1.33801,1.337445,1.33754
1783000200,1.337535,1.337935,1.33732,1.337395
1783000500,1.33739,1.338075,1.337235,1.337575
1783000800,1.33758,1.33769,1.33663,1.33729
1783001100,1.337285,1.338235,1.337145,1.337605
1783001400,1.33761,1.33833,1.337145,1.33807
1783001700,1.338065,1.338465,1.33791,1.33815
1783002000,1.338145,1.33817,1.33727,1.33754
1783002300,1.337545,1.33766,1.337,1.33705
1783002600,1.337055,1.337325,1.3364,1.336495
1783002900,1.33649,1.336835,1.336085,1.33635
1783003200,1.336355,1.33647,1.33568,1.33609
1783003500,1.33611,1.336595,1.335835,1.336585
1783003800,1.33658,1.3372,1.336555,1.33686
1783004100,1.336865,1.337575,1.33685,1.33756
1783004400,1.337565,1.337845,1.33703,1.33717
1783004700,1.337175,1.33723,1.33656,1.33708
1783005000,1.337075,1.33744,1.33687,1.3371
1783005300,1.33711,1.337135,1.33651,1.336575
1783005600,1.336575,1.33701,1.336495,1.336725
1783005900,1.33673,1.337,1.336365,1.33637
1783006200,1.336365,1.33729,1.336365,1.33709
1783006500,1.337095,1.33749,1.337075,1.33717
1783006800,1.337175,1.3372,1.33639,1.33644
1783007100,1.336445,1.33669,1.33629,1.336295
1783007400,1.3363,1.33636,1.336045,1.3362
1783007700,1.336215,1.336385,1.336025,1.33619
1783008000,1.336185,1.336225,1.335795,1.3361
1783008300,1.336095,1.33619,1.335665,1.335785
1783008600,1.33579,1.335955,1.335585,1.335955
1783008900,1.33595,1.336005,1.335485,1.33565
1783009200,1.335645,1.33575,1.33544,1.33556
1783009500,1.33555,1.33581,1.33519,1.335195
1783009800,1.3352,1.335285,1.33501,1.33505
1783010100,1.335055,1.33529,1.334905,1.33517
1783010400,1.335175,1.33555,1.335045,1.33541
1783010700,1.335415,1.33563,1.3354,1.335475
1783011000,1.33548,1.335635,1.33525,1.33542
1783011300,1.335425,1.335625,1.335235,1.3353
1783011600,1.33529,1.3354,1.33499,1.335005
1783011900,1.335,1.335185,1.33484,1.33501
1783012200,1.335,1.335185,1.33484,1.334875
1783012500,1.33488,1.33491,1.334555,1.3348
1783012800,1.334805,1.33488,1.33456,1.33458
1783013100,1.334585,1.33462,1.33422,1.334385
1783013400,1.33438,1.334625,1.33434,1.334415
1783013700,1.33441,1.334465,1.334145,1.33417
1783014000,1.334175,1.334325,1.33413,1.3342
1783014300,1.334195,1.334415,1.33402,1.334085
1783014600,1.33407,1.33426,1.33379,1.33416
1783014900,1.33417,1.33429,1.3339,1.33406
1783015200,1.334065,1.33458,1.334,1.33456
1783015500,1.334555,1.33496,1.33455,1.334955
1783015800,1.33495,1.335025,1.334585,1.33459
1783016100,1.334595,1.33473,1.3342,1.334355
1783016400,1.33435,1.33454,1.334305,1.33449
1783016700,1.33449,1.334815,1.33446,1.33459
1783017000,1.334595,1.335145,1.33459,1.335
1783017300,1.335005,1.335135,1.33494,1.335085
1783017600,1.33508,1.33509,1.33488,1.334885
1783017900,1.33488,1.334935,1.33478,1.334925
1783018200,1.33492,1.33496,1.33468,1.334745
1783018500,1.33475,1.33484,1.33463,1.334785
1783018800,1.33479,1.33496,1.334375,1.334445
1783019100,1.33445,1.33476,1.33445,1.334755
1783019400,1.33475,1.334805,1.33454,1.33478
1783019700,1.334775,1.334815,1.33456,1.3346
1783020000,1.334605,1.33461,1.33436,1.3344
1783020300,1.334395,1.33448,1.334345,1.33442
1783020600,1.334415,1.33465,1.334345,1.334465
1783020900,1.33446,1.33449,1.33425,1.334375
1783021200,1.33437,1.334575,1.334365,1.33449
1783021500,1.334495,1.3345,1.33419,1.33425
1783021800,1.33426,1.33468,1.33426,1.334665
1783022100,1.33467,1.33478,1.334485,1.334545
1783022400,1.33454,1.33467,1.334365,1.334665
1783022700,1.33466,1.334785,1.33462,1.33469
1783023000,1.334685,1.334715,1.334655,1.33471
1783023300,1.33471,1.3349,1.334705,1.334875
1783023600,1.33488,1.335005,1.334875,1.33498
1783023900,1.334985,1.335085,1.334975,1.33504
1783024200,1.33503,1.335035,1.334965,1.334975
1783024500,1.33497,1.335,1.334845,1.334855
1783024800,1.33486,1.33486,1.334645,1.334675
1783025100,1.33468,1.334895,1.334675,1.334875
1783025400,1.33488,1.334985,1.33486,1.334875
1783025700,1.33488,1.33488,1.334585,1.33462
1783026000,1.33462,1.33488,1.33462,1.33477
1783026300,1.33477,1.335175,1.33477,1.335145
1783026600,1.335145,1.335285,1.33455,1.3346
1783026900,1.3346,1.33474,1.33415,1.33427
1783027200,1.334165,1.335015,1.33413,1.33467
1783027500,1.334675,1.334705,1.334235,1.334255
1783027800,1.33425,1.334595,1.33421,1.334365
1783028100,1.334365,1.33446,1.334365,1.334435
1783028400,1.334435,1.33454,1.334415,1.334515
1783028700,1.334475,1.334515,1.334405,1.334515
1783029000,1.334515,1.334675,1.334465,1.33461
1783029300,1.33461,1.33505,1.334595,1.33489
1783029600,1.334965,1.334975,1.33469,1.33489
1783029900,1.33488,1.33496,1.334805,1.33485
1783030200,1.33485,1.3349,1.33481,1.334865
1783030500,1.33487,1.33494,1.33478,1.334895
1783030800,1.334895,1.334895,1.334835,1.334895
1783031100,1.334895,1.334895,1.334785,1.334885
1783031400,1.334875,1.33489,1.33478,1.334785
1783031700,1.334785,1.334785,1.334695,1.334705
1783032000,1.3347,1.334705,1.33437,1.334435
1783032300,1.334435,1.33449,1.33431,1.334385
1783032600,1.334385,1.334385,1.334275,1.33428
1783032900,1.33428,1.334485,1.334265,1.334465
1783033200,1.334455,1.3345,1.334355,1.33444
1783033500,1.33444,1.33455,1.334405,1.334455
1783033800,1.33446,1.3345,1.334355,1.33441
1783034100,1.334415,1.334505,1.334415,1.33449
1783034400,1.33449,1.334675,1.334465,1.33465
1783034700,1.33465,1.334705,1.334595,1.334685
1783035000,1.334685,1.334685,1.33449,1.33449
1783035300,1.33449,1.33449,1.334045,1.33418
1783035600,1.33418,1.334565,1.33418,1.334485
1783035900,1.33448,1.334505,1.334275,1.334285
1783036200,1.33429,1.3343,1.333965,1.33407
1783036500,1.33407,1.334085,1.33375,1.33381
1783036800,1.333825,1.334035,1.333765,1.33389
1783037100,1.333895,1.33392,1.333575,1.33365
1783037400,1.333645,1.333795,1.33355,1.33367
1783037700,1.33366,1.33382,1.33346,1.33382
1783038000,1.33383,1.333895,1.33365,1.33388
1783038300,1.33388,1.333975,1.3337,1.333735
1783038600,1.33374,1.33379,1.333575,1.3336
1783038900,1.333595,1.33378,1.33358,1.33369
1783039200,1.333695,1.33372,1.333555,1.33367
1783039500,1.33368,1.333845,1.33364,1.333775
1783039800,1.33377,1.33439,1.33375,1.33438
1783040100,1.334375,1.33481,1.334235,1.334785
1783040400,1.33478,1.33504,1.334645,1.33497
1783040700,1.334975,1.33507,1.334765,1.33496
1783041000,1.334965,1.33536,1.33492,1.335325
1783041300,1.33532,1.33611,1.335295,1.33609
1783041600,1.336095,1.33638,1.33601,1.336325
1783041900,1.33633,1.336335,1.33574,1.335755
1783042200,1.335745,1.336085,1.33557,1.336075
1783042500,1.33608,1.336185,1.335615,1.3357
1783042800,1.335705,1.336075,1.335685,1.33599
1783043100,1.335985,1.335995,1.335565,1.335675
1783043400,1.33568,1.335685,1.33546,1.33561
1783043700,1.335615,1.335735,1.33555,1.3356
1783044000,1.335595,1.335705,1.335455,1.33562
1783044300,1.335615,1.336215,1.335555,1.336185
1783044600,1.3362,1.336285,1.336075,1.33615
1783044900,1.336155,1.33646,1.336115,1.336265
1783045200,1.33626,1.33653,1.33622,1.3365
1783045500,1.336495,1.33664,1.33634,1.336515
1783045800,1.33652,1.33658,1.336225,1.336245
1783046100,1.33625,1.336515,1.33622,1.336465
1783046400,1.336475,1.33651,1.33625,1.336405
1783046700,1.33641,1.336465,1.336215,1.33626
1783047000,1.33626,1.336505,1.33625,1.336405
1783047300,1.336415,1.336465,1.336015,1.33613
1783047600,1.336125,1.33614,1.335945,1.335985
1783047900,1.335995,1.335995,1.335745,1.335745
1783048200,1.335755,1.335955,1.335755,1.33595
1783048500,1.33595,1.335975,1.33587,1.33588
1783048800,1.33588,1.335965,1.335805,1.33586
1783049100,1.33587,1.33594,1.335705,1.335915
1783049400,1.33592,1.33596,1.335745,1.33586
1783049700,1.335855,1.335975,1.3358,1.335855
1783050000,1.33586,1.336015,1.335825,1.335855
1783050300,1.335855,1.336045,1.335795,1.336025
1783050600,1.33603,1.33619,1.335965,1.33611
1783050900,1.336115,1.336225,1.33607,1.33613
1783051200,1.336125,1.33615,1.335835,1.335945
1783051500,1.335945,1.336055,1.33589,1.33598
1783051800,1.335975,1.33623,1.335915,1.336205
1783052100,1.336195,1.336285,1.336175,1.33628
1783052400,1.336275,1.33631,1.336195,1.336225
1783052700,1.33623,1.336385,1.336225,1.336265
1783053000,1.336275,1.33631,1.336205,1.336265
1783053300,1.33626,1.336435,1.336245,1.336385
1783053600,1.33639,1.33652,1.33636,1.33641
1783053900,1.336405,1.3365,1.33633,1.336465
1783054200,1.33646,1.33658,1.33639,1.33639
1783054500,1.33638,1.33651,1.33635,1.336485
1783054800,1.33649,1.337055,1.33644,1.33694
1783055100,1.336945,1.337585,1.336895,1.337385
1783055400,1.33738,1.337475,1.33715,1.33744
1783055700,1.337445,1.337745,1.337395,1.33741
1783056000,1.3374,1.3374,1.337105,1.33721
1783056300,1.3372,1.337295,1.33717,1.33726
1783056600,1.337245,1.337395,1.33723,1.337375
1783056900,1.33737,1.337415,1.337045,1.33707
1783057200,1.337075,1.337095,1.336895,1.33701
1783057500,1.337025,1.337025,1.33675,1.33686
1783057800,1.33687,1.336965,1.33674,1.33686
1783058100,1.33685,1.33685,1.336395,1.33655
1783058400,1.336555,1.336755,1.336455,1.33664
1783058700,1.336635,1.33716,1.33662,1.33676
1783059000,1.336765,1.336875,1.33652,1.336855
1783059300,1.33686,1.337525,1.33682,1.33747
1783059600,1.337465,1.337495,1.336575,1.336675
1783059900,1.336675,1.337195,1.336675,1.337005
1783060200,1.337,1.338095,1.336845,1.33789
1783060500,1.337895,1.33812,1.337645,1.33792
1783060800,1.33791,1.33794,1.3374,1.33773
1783061100,1.337725,1.33778,1.33755,1.337625
1783061400,1.33763,1.33765,1.33702,1.33713
1783061700,1.337125,1.337195,1.336715,1.336805
1783062000,1.336795,1.336805,1.336275,1.33658
1783062300,1.336575,1.33684,1.336485,1.33675
1783062600,1.336755,1.336835,1.336545,1.33663
1783062900,1.336625,1.336635,1.336345,1.33636
1783063200,1.336355,1.336975,1.336355,1.33697
1783063500,1.336965,1.33735,1.336855,1.3371
1783063800,1.337105,1.337215,1.33628,1.33637
1783064100,1.336365,1.336705,1.336335,1.33656
1783064400,1.336565,1.336855,1.336245,1.336725
1783064700,1.33673,1.336765,1.33651,1.336735
1783065000,1.33674,1.337245,1.33666,1.33722
1783065300,1.337225,1.337665,1.337075,1.33722
1783065600,1.337215,1.337375,1.33672,1.336875
1783065900,1.33688,1.337305,1.336865,1.33716
1783066200,1.337155,1.33717,1.336835,1.33687
1783066500,1.336865,1.336935,1.336555,1.33656
1783066800,1.336565,1.336675,1.336235,1.33637
1783067100,1.336365,1.33677,1.33634,1.33664
1783067400,1.336645,1.336655,1.33585,1.33637
1783067700,1.336365,1.3366,1.33605,1.336055
1783068000,1.33605,1.336285,1.33601,1.336275
1783068300,1.33628,1.33631,1.336075,1.33609
1783068600,1.336085,1.33615,1.335715,1.33589
1783068900,1.33589,1.336305,1.33589,1.336025
1783069200,1.33602,1.33613,1.335805,1.335815
1783069500,1.33582,1.33593,1.33565,1.335665
1783069800,1.33567,1.335825,1.335545,1.335815
1783070100,1.33581,1.33602,1.335715,1.335955
1783070400,1.33596,1.336195,1.335895,1.336035
1783070700,1.33603,1.33603,1.335705,1.33576
1783071000,1.335755,1.336045,1.335745,1.33594
1783071300,1.335945,1.336145,1.335845,1.33612
1783071600,1.336115,1.33619,1.33593,1.33596
1783071900,1.335955,1.33596,1.33535,1.335595
1783072200,1.3356,1.335685,1.33548,1.33561
1783072500,1.335605,1.33564,1.334975,1.3351
1783072800,1.335095,1.335245,1.33491,1.33503
1783073100,1.335035,1.335495,1.33498,1.335375
1783073400,1.33537,1.335695,1.33537,1.335525
1783073700,1.33552,1.335555,1.33518,1.33537
1783074000,1.335375,1.33565,1.335365,1.33548
1783074300,1.33548,1.335495,1.335325,1.33538
1783074600,1.335375,1.33568,1.335315,1.33558
1783074900,1.33558,1.33562,1.33539,1.3355
1783075200,1.335495,1.335705,1.33537,1.335535
1783075500,1.33553,1.33576,1.3355,1.33574
1783075800,1.33574,1.33602,1.3357,1.335995
1783076100,1.33599,1.33609,1.335545,1.33556
1783076400,1.335555,1.335765,1.33541,1.33556
1783076700,1.33555,1.33596,1.33555,1.33593
1783077000,1.335935,1.33638,1.33593,1.33632
1783077300,1.33633,1.33639,1.335985,1.336
1783077600,1.33601,1.33638,1.33582,1.336355
1783077900,1.33635,1.336365,1.335945,1.33598
1783078200,1.33598,1.336085,1.33581,1.335885
1783078500,1.33588,1.33594,1.33565,1.335755
1783078800,1.33575,1.335815,1.335515,1.33556
1783079100,1.335565,1.335745,1.33535,1.335375
1783079400,1.33538,1.33567,1.33537,1.33558
1783079700,1.335575,1.33584,1.335455,1.335825
1783080000,1.33583,1.335885,1.335475,1.335675
1783080300,1.33568,1.33599,1.33549,1.3355
1783080600,1.335505,1.335985,1.33542,1.335965
1783080900,1.33597,1.33599,1.33564,1.335775
1783081200,1.33578,1.3359,1.335535,1.335695
1783081500,1.33569,1.335825,1.335615,1.33579
1783081800,1.335785,1.335875,1.33563,1.335735
1783082100,1.33574,1.33611,1.33567,1.336085
1783082400,1.33609,1.33617,1.33576,1.33577
1783082700,1.335765,1.33583,1.33566,1.335755
1783083000,1.33575,1.3359,1.33566,1.33584
1783083300,1.335835,1.335835,1.3355,1.33559
1783083600,1.335585,1.33561,1.335205,1.335255
1783083900,1.33525,1.335255,1.334835,1.33494
1783084200,1.33494,1.33529,1.334775,1.33513
1783084500,1.335125,1.335125,1.334875,1.334965
1783084800,1.33497,1.33544,1.334965,1.3354
1783085100,1.335405,1.335465,1.335235,1.33535
1783085400,1.335355,1.335375,1.335065,1.3352
1783085700,1.335195,1.335285,1.33492,1.33496
1783086000,1.334955,1.33531,1.334955,1.335255
1783086300,1.33526,1.33529,1.335,1.335065
1783086600,1.33506,1.335065,1.33459,1.334675
1783086900,1.33467,1.335035,1.33465,1.33494
1783087200,1.334945,1.33508,1.33468,1.33498
1783087500,1.334985,1.335125,1.334855,1.33511
1783087800,1.335115,1.335235,1.334855,1.33496
1783088100,1.334965,1.33524,1.33496,1.33523
1783088400,1.335225,1.335265,1.334885,1.33497
1783088700,1.334975,1.33555,1.33497,1.33546
1783089000,1.335465,1.335605,1.33526,1.335575
1783089300,1.33557,1.335595,1.33526,1.33537
1783089600,1.33537,1.33546,1.335135,1.335135
1783089900,1.33513,1.335405,1.33512,1.335355
1783090200,1.335355,1.335885,1.33533,1.335805
1783090500,1.3358,1.3358,1.335435,1.335635
1783090800,1.33564,1.33572,1.33543,1.33546
1783091100,1.33546,1.3356,1.335215,1.335475
1783091400,1.33547,1.335585,1.335255,1.335335
1783091700,1.335345,1.335665,1.335215,1.33553
1783092000,1.335535,1.335545,1.335165,1.335185
1783092300,1.33518,1.335385,1.335055,1.33538
1783092600,1.33537,1.335585,1.335245,1.335375
1783092900,1.33538,1.33555,1.335345,1.33536
1783093200,1.335355,1.33539,1.33524,1.335245
1783093500,1.33525,1.33538,1.33524,1.335355
1783093800,1.335355,1.335375,1.335235,1.33534
1783094100,1.335345,1.3356,1.33505,1.33554
1783094400,1.33555,1.33562,1.335285,1.335345
1783094700,1.335345,1.335355,1.335235,1.33529
1783095000,1.33528,1.335605,1.335275,1.335525
1783095300,1.335525,1.335595,1.335465,1.33554
1783095600,1.335545,1.33564,1.335445,1.33545
1783095900,1.335455,1.335505,1.335345,1.33535
1783096200,1.335345,1.335385,1.33529,1.335305
1783096500,1.335305,1.335335,1.335205,1.335235
1783096800,1.335235,1.33526,1.33512,1.33522
1783097100,1.335225,1.335405,1.335215,1.3354
1783097400,1.335405,1.33549,1.335395,1.33542
1783097700,1.335415,1.335525,1.3354,1.335475
1783098000,1.33548,1.335675,1.33547,1.33565
1783098300,1.33564,1.335835,1.33563,1.3357
1783098600,1.33571,1.33571,1.3356,1.33563
1783098900,1.335625,1.33571,1.33562,1.335675
1783099200,1.33568,1.335725,1.335655,1.335665
1783099500,1.33567,1.335695,1.335635,1.335655
1783099800,1.335645,1.335655,1.335545,1.33558
1783100100,1.33558,1.335585,1.33545,1.33545
1783100400,1.33545,1.33557,1.33545,1.33549
1783100700,1.33549,1.33558,1.335485,1.335565
1783101000,1.335565,1.335595,1.33553,1.33556
1783101300,1.335565,1.33563,1.33555,1.33563
1783101600,1.335635,1.335755,1.335615,1.3357
1783101900,1.335705,1.335715,1.335665,1.33568
1783102200,1.33567,1.33568,1.335625,1.33566
1783102500,1.33566,1.33571,1.33566,1.33568
1783102800,1.33568,1.33569,1.3356,1.33563
1783103100,1.33563,1.335645,1.335615,1.33562
1783103400,1.335625,1.335635,1.33561,1.335615
1783103700,1.335615,1.33563,1.33555,1.335585
1783104000,1.33558,1.33564,1.335565,1.33564
1783104300,1.33564,1.33568,1.335625,1.33568
1783104600,1.33568,1.33568,1.335575,1.33561
1783104900,1.335605,1.33571,1.33558,1.3356
1783105200,1.335605,1.33578,1.335565,1.335675
1783105500,1.335685,1.33571,1.335595,1.335625
1783105800,1.335625,1.3357,1.335505,1.335545
1783106100,1.33554,1.335545,1.335375,1.335465
1783106400,1.33546,1.33552,1.33537,1.33546
1783106700,1.33546,1.335535,1.33544,1.33551
1783107000,1.335505,1.33557,1.335445,1.33551
1783107300,1.3355,1.335525,1.33542,1.33545
1783107600,1.33544,1.335505,1.33542,1.3355
1783107900,1.335495,1.335555,1.33538,1.335435
1783108200,1.335425,1.335465,1.335345,1.33543
1783108500,1.335405,1.335405,1.335245,1.3353
1783108800,1.33531,1.33544,1.33521,1.335365
1783109100,1.335375,1.33543,1.33523,1.335355
1783109400,1.33535,1.33543,1.33462,1.33471
1783109700,1.334715,1.335035,1.334685,1.334955
1783110000,1.33495,1.33511,1.334915,1.33506
1783110300,1.33508,1.335285,1.33492,1.334965
1783110600,1.33497,1.33512,1.33494,1.3351
1783110900,1.335115,1.33516,1.334935,1.33499
1783111200,1.33499,1.335075,1.334705,1.33484
1783111500,1.334865,1.33494,1.33472,1.334915
1783111800,1.33492,1.335065,1.33486,1.335015
1783112100,1.33501,1.33538,1.334925,1.33517
1783285200,1.33517,1.33517,1.33444,1.334915
1783285500,1.334985,1.33553,1.334835,1.335085
1783285800,1.335085,1.335295,1.33501,1.33501
1783286100,1.335005,1.335245,1.33497,1.3351
1783286400,1.3351,1.335265,1.335095,1.335155
1783286700,1.335155,1.335155,1.335155,1.335155
1783287000,1.335155,1.335235,1.334905,1.335155
1783287300,1.33513,1.33539,1.33513,1.335315
1783287600,1.335315,1.335355,1.335195,1.335195
1783287900,1.335235,1.33527,1.33502,1.33504
1783288200,1.33504,1.33534,1.33504,1.33534
1783288500,1.33534,1.335385,1.334865,1.33495
1783288800,1.334955,1.335475,1.334955,1.33537
1783289100,1.335365,1.335365,1.33511,1.33522
1783289400,1.335225,1.33544,1.335225,1.33535
1783289700,1.33535,1.33537,1.335205,1.33526
1783290000,1.335265,1.335275,1.3352,1.335235
1783290300,1.335235,1.33524,1.335165,1.33519
1783290600,1.335185,1.335195,1.335105,1.33517
1783290900,1.33517,1.33522,1.33512,1.33514
1783291200,1.33513,1.33513,1.334995,1.335035
1783291500,1.335025,1.335045,1.334995,1.335015
1783291800,1.33502,1.335025,1.334875,1.33488
1783292100,1.334885,1.334915,1.33477,1.334855
1783292400,1.334865,1.335025,1.33472,1.334725
1783292700,1.334735,1.33484,1.334695,1.334775
1783293000,1.33478,1.33478,1.33465,1.334745
1783293300,1.334745,1.33475,1.33462,1.33467
1783293600,1.33467,1.33483,1.33467,1.334775
1783293900,1.334775,1.335045,1.33476,1.334985
1783294200,1.334985,1.335145,1.334945,1.33504
1783294500,1.33504,1.33506,1.33493,1.33505
1783294800,1.33505,1.335335,1.33503,1.33524
1783295100,1.335235,1.33538,1.335105,1.33518
1783295400,1.335175,1.33518,1.33502,1.33513
1783295700,1.33513,1.33537,1.335095,1.33525
1783296000,1.335255,1.335305,1.334875,1.33492
1783296300,1.33492,1.33502,1.33464,1.334665
1783296600,1.334675,1.33506,1.334635,1.33506
1783296900,1.33506,1.33567,1.33506,1.335265
1783297200,1.33526,1.33531,1.335085,1.335135
1783297500,1.33514,1.33532,1.334885,1.33532
1783297800,1.335325,1.3356,1.335195,1.335315
1783298100,1.335325,1.335495,1.33514,1.33535
1783298400,1.33534,1.335505,1.335335,1.33541
1783298700,1.335415,1.335475,1.335125,1.33519
1783299000,1.335185,1.335335,1.335085,1.33523
1783299300,1.335235,1.33546,1.33518,1.335295
1783299600,1.33529,1.335325,1.335105,1.335115
1783299900,1.33511,1.3352,1.33495,1.33513
1783300200,1.335125,1.33542,1.33497,1.335235
1783300500,1.33523,1.335235,1.33474,1.33479
1783300800,1.334795,1.33483,1.33437,1.334505
1783301100,1.3345,1.33452,1.334185,1.33441
1783301400,1.334415,1.33452,1.33415,1.334355
1783301700,1.33436,1.33473,1.334305,1.334725
1783302000,1.334715,1.334745,1.33456,1.33466
1783302300,1.334665,1.334675,1.33436,1.33437
1783302600,1.33437,1.334385,1.334115,1.33416
1783302900,1.33417,1.33423,1.333915,1.333955
1783303200,1.333945,1.334335,1.33392,1.33423
1783303500,1.334225,1.334225,1.33391,1.33401
1783303800,1.334,1.33415,1.333905,1.33413
1783304100,1.334125,1.33416,1.33399,1.33408
1783304400,1.334085,1.33421,1.334065,1.33407
1783304700,1.33408,1.33416,1.33406,1.33407
1783305000,1.334075,1.33411,1.33399,1.334055
1783305300,1.334055,1.334175,1.334005,1.334105
1783305600,1.33411,1.33418,1.33401,1.334095
1783305900,1.3341,1.33436,1.334085,1.33431
1783306200,1.33431,1.33456,1.33427,1.33453
1783306500,1.334535,1.334725,1.33446,1.33462
1783306800,1.334615,1.33482,1.334605,1.33472
1783307100,1.33472,1.33472,1.334565,1.33457
1783307400,1.33457,1.334675,1.33445,1.33445
1783307700,1.334455,1.334525,1.33432,1.33443
1783308000,1.334425,1.33446,1.33406,1.334065
1783308300,1.33407,1.33417,1.33402,1.334045
1783308600,1.33405,1.334075,1.33397,1.334
1783308900,1.334005,1.33416,1.334,1.3341
1783309200,1.3341,1.33426,1.33407,1.33425
1783309500,1.33425,1.334315,1.334145,1.334155
1783309800,1.334155,1.3342,1.33394,1.33399
1783310100,1.333985,1.33426,1.333985,1.33422
1783310400,1.33421,1.334315,1.33411,1.33426
1783310700,1.33427,1.334315,1.334205,1.334235
1783311000,1.33423,1.334515,1.33423,1.334455
1783311300,1.334445,1.33453,1.334315,1.334345
1783311600,1.33435,1.33436,1.334255,1.33432
1783311900,1.334315,1.33441,1.33429,1.334325
1783312200,1.334325,1.33446,1.334315,1.33441
1783312500,1.334405,1.33447,1.33432,1.334325
1783312800,1.33432,1.33443,1.334255,1.33438
1783313100,1.334375,1.33438,1.33421,1.334295
1783313400,1.334295,1.334345,1.334145,1.33434
1783313700,1.334345,1.334375,1.334265,1.334305
1783314000,1.3343,1.334345,1.33394,1.333955
1783314300,1.33395,1.33403,1.333825,1.33383
1783314600,1.33383,1.334055,1.33377,1.3339
1783314900,1.3339,1.33395,1.333735,1.33376
1783315200,1.333765,1.333925,1.333735,1.33383
1783315500,1.333835,1.33397,1.333795,1.333905
1783315800,1.3339,1.334355,1.33383,1.33428
1783316100,1.334285,1.334445,1.334165,1.33422
1783316400,1.334215,1.334295,1.334065,1.3341
1783316700,1.334095,1.334265,1.334025,1.33414
1783317000,1.33413,1.33425,1.33406,1.334235
1783317300,1.33423,1.33428,1.33346,1.33362
1783317600,1.333625,1.33399,1.333585,1.333945
1783317900,1.33395,1.33408,1.33359,1.334015
1783318200,1.33401,1.334025,1.3337,1.333715
1783318500,1.33372,1.333745,1.333035,1.333185
1783318800,1.33318,1.33365,1.333115,1.333485
1783319100,1.33348,1.333535,1.333195,1.333455
1783319400,1.33345,1.333825,1.33332,1.33368
1783319700,1.333675,1.33386,1.333335,1.333815
1783320000,1.33381,1.33386,1.3335,1.333575
1783320300,1.333585,1.33377,1.33351,1.33364
1783320600,1.333645,1.333695,1.333385,1.33343
1783320900,1.333425,1.33353,1.333145,1.333415
1783321200,1.33341,1.33344,1.33285,1.333325
1783321500,1.33333,1.333485,1.333235,1.33342
1783321800,1.33343,1.334065,1.333365,1.33406
1783322100,1.334065,1.33429,1.33394,1.33418
1783322400,1.334185,1.334245,1.33395,1.334115
1783322700,1.33411,1.334205,1.33369,1.33374
1783323000,1.333735,1.33427,1.33372,1.3341
1783323300,1.334095,1.33433,1.333925,1.33432
1783323600,1.33432,1.33468,1.334275,1.334545
1783323900,1.33454,1.33473,1.334515,1.334575
1783324200,1.33457,1.334645,1.334295,1.334525
1783324500,1.33452,1.334975,1.33452,1.334885
1783324800,1.33488,1.33503,1.3343,1.334445
1783325100,1.33444,1.334545,1.33419,1.3342
1783325400,1.334205,1.33424,1.33369,1.33396
1783325700,1.333965,1.33436,1.33389,1.33399
1783326000,1.333995,1.334095,1.333905,1.333915
1783326300,1.33391,1.33401,1.333635,1.33396
1783326600,1.333965,1.334005,1.33356,1.333625
1783326900,1.33362,1.333805,1.333485,1.33361
1783327200,1.333605,1.33374,1.333235,1.33341
1783327500,1.333405,1.333435,1.333045,1.333145
1783327800,1.333145,1.33365,1.3331,1.33356
1783328100,1.333555,1.33383,1.3335,1.33377
1783328400,1.333765,1.33377,1.333305,1.333455
1783328700,1.33346,1.33383,1.33345,1.333735
1783329000,1.33373,1.33373,1.33312,1.33334
1783329300,1.333335,1.33353,1.333215,1.33341
1783329600,1.33341,1.33385,1.33335,1.33374
1783329900,1.33374,1.333935,1.33363,1.33385
1783330200,1.333845,1.33403,1.33377,1.33393
1783330500,1.33393,1.3341,1.33384,1.334015
1783330800,1.33401,1.334125,1.333845,1.33386
1783331100,1.33385,1.33386,1.333525,1.333535
1783331400,1.33354,1.33366,1.333145,1.33327
1783331700,1.333295,1.33353,1.33326,1.3335
1783332000,1.33351,1.333675,1.3332,1.33334
1783332300,1.333335,1.33365,1.333215,1.33364
1783332600,1.33363,1.33419,1.33355,1.334155
1783332900,1.33415,1.33445,1.33397,1.33433
1783333200,1.33433,1.334645,1.33424,1.334635
1783333500,1.334625,1.33472,1.33399,1.334005
1783333800,1.33401,1.334255,1.33389,1.334155
1783334100,1.33415,1.33451,1.33411,1.33436
1783334400,1.334355,1.33436,1.334125,1.3342
1783334700,1.3342,1.334205,1.33392,1.333975
1783335000,1.33397,1.33403,1.333815,1.33401
1783335300,1.333995,1.334135,1.333835,1.33408
1783335600,1.334085,1.33411,1.333705,1.33374
1783335900,1.333735,1.333815,1.33359,1.333795
1783336200,1.33379,1.334065,1.333745,1.334015
1783336500,1.33402,1.33411,1.33371,1.334005
1783336800,1.334,1.33417,1.33394,1.33411
1783337100,1.3341,1.334375,1.33408,1.334345
1783337400,1.33435,1.33457,1.33431,1.33448
1783337700,1.334475,1.334485,1.334125,1.33422
1783338000,1.33422,1.33444,1.334135,1.334245
1783338300,1.334245,1.334495,1.33411,1.33428
1783338600,1.33429,1.334485,1.334025,1.334475
1783338900,1.33447,1.334565,1.33401,1.334435
1783339200,1.33444,1.3351,1.334435,1.335085
1783339500,1.33509,1.33516,1.3345,1.33452
1783339800,1.334525,1.334875,1.334495,1.33483
1783340100,1.334825,1.33513,1.334735,1.334955
1783340400,1.33495,1.335045,1.33468,1.3347
1783340700,1.334705,1.334905,1.334535,1.334895
1783341000,1.334895,1.334975,1.33479,1.334815
1783341300,1.33482,1.33485,1.334505,1.334755
1783341600,1.33475,1.334775,1.333995,1.334045
1783341900,1.334045,1.33408,1.33374,1.333755
1783342200,1.33376,1.334555,1.33376,1.334435
1783342500,1.334435,1.33457,1.333795,1.33423
1783342800,1.334235,1.33474,1.334115,1.33444
1783343100,1.334445,1.334695,1.33437,1.33468
1783343400,1.334675,1.335345,1.33463,1.334965
1783343700,1.33496,1.33527,1.33496,1.33514
1783344000,1.33514,1.33535,1.33493,1.33516
1783344300,1.33517,1.33552,1.33513,1.335415
1783344600,1.33542,1.335645,1.335165,1.335215
1783344900,1.33521,1.33529,1.334925,1.335035
1783345200,1.33504,1.33509,1.33476,1.334935
1783345500,1.33494,1.33494,1.33422,1.3349
1783345800,1.334905,1.33509,1.334465,1.33452
1783346100,1.334525,1.334675,1.33422,1.334595
1783346400,1.334605,1.335125,1.334325,1.335035
1783346700,1.33503,1.335365,1.33503,1.33525
1783347000,1.33525,1.335945,1.335215,1.335845
1783347300,1.335855,1.33591,1.33541,1.33564
1783347600,1.335645,1.335875,1.335565,1.33564
1783347900,1.335645,1.33584,1.33542,1.33553
1783348200,1.335535,1.33567,1.335215,1.335635
1783348500,1.33563,1.335675,1.335025,1.335025
1783348800,1.335035,1.33515,1.334705,1.33475
1783349100,1.334755,1.335075,1.334695,1.334835
1783349400,1.33483,1.33549,1.334755,1.335445
1783349700,1.33544,1.33576,1.33527,1.335605
1783350000,1.335615,1.33606,1.335555,1.335865
1783350300,1.33587,1.3361,1.33573,1.33583
1783350600,1.335825,1.335835,1.335425,1.33566
1783350900,1.335665,1.33573,1.33518,1.335225
1783351200,1.335215,1.33567,1.335215,1.335455
1783351500,1.33546,1.335555,1.33526,1.335545
1783351800,1.33554,1.33586,1.33551,1.335755
1783352100,1.33575,1.335855,1.335535,1.33576
1783352400,1.335755,1.3364,1.335715,1.33628
1783352700,1.336285,1.33645,1.336235,1.336405
1783353000,1.33641,1.33677,1.336405,1.33653
1783353300,1.336525,1.33682,1.336395,1.336775
1783353600,1.33677,1.336835,1.33657,1.33678
1783353900,1.336785,1.33694,1.336625,1.33687
1783354200,1.336875,1.336985,1.33659,1.336615
1783354500,1.33662,1.336975,1.336525,1.33694
1783354800,1.33694,1.3374,1.336915,1.33724
1783355100,1.337245,1.337445,1.337225,1.337425
1783355400,1.33742,1.33742,1.337125,1.337205
1783355700,1.3372,1.337265,1.33712,1.33723
1783356000,1.33722,1.33723,1.33706,1.33721
1783356300,1.337215,1.337325,1.33712,1.337315
1783356600,1.33732,1.33765,1.33732,1.33759
1783356900,1.33758,1.33767,1.337485,1.337555
1783357200,1.337545,1.337785,1.337495,1.33757
1783357500,1.33757,1.33772,1.337565,1.33769
1783357800,1.337685,1.337795,1.337555,1.337795
1783358100,1.33779,1.337795,1.337665,1.337725
1783358400,1.337725,1.338015,1.33769,1.337905
1783358700,1.337905,1.338095,1.337865,1.33791
1783359000,1.337905,1.338075,1.33782,1.338055
1783359300,1.338065,1.338275,1.337905,1.338235
1783359600,1.33824,1.338395,1.3381,1.33831
1783359900,1.3383,1.3383,1.338135,1.33822
1783360200,1.338215,1.33842,1.33818,1.33824
1783360500,1.338245,1.33829,1.338155,1.33819
1783360800,1.338195,1.338295,1.33814,1.338245
1783361100,1.338245,1.33826,1.3381,1.338165
1783361400,1.33816,1.33825,1.33808,1.338205
1783361700,1.33821,1.338395,1.33821,1.33834
1783362000,1.338335,1.338375,1.3383,1.338345
1783362300,1.33834,1.338685,1.33834,1.33868
1783362600,1.338675,1.33918,1.338525,1.33905
1783362900,1.339045,1.339225,1.339015,1.339125
1783363200,1.33913,1.339195,1.33903,1.33913
1783363500,1.339135,1.33956,1.33911,1.339545
1783363800,1.33954,1.339555,1.339415,1.33943
1783364100,1.33943,1.339705,1.33942,1.33944
1783364400,1.339445,1.339715,1.33935,1.339655
1783364700,1.33966,1.339665,1.3393,1.3393
1783365000,1.33929,1.339415,1.33922,1.339335
1783365300,1.33933,1.339335,1.33919,1.339245
1783365600,1.33924,1.33925,1.338975,1.339
1783365900,1.338995,1.339105,1.33893,1.33901
1783366200,1.339015,1.33923,1.338995,1.33912
1783366500,1.339115,1.339245,1.33908,1.33915
1783366800,1.33915,1.33917,1.33905,1.33911
1783367100,1.339105,1.33918,1.33904,1.339145
1783367400,1.33915,1.339335,1.339115,1.33923
1783367700,1.33922,1.33928,1.33897,1.339195
1783368000,1.3392,1.339295,1.33915,1.33926
1783368300,1.339265,1.339275,1.339185,1.339245
1783368600,1.33924,1.339285,1.338975,1.339015
1783368900,1.339015,1.339015,1.33883,1.338945
1783369200,1.33895,1.339035,1.33891,1.33902
1783369500,1.339025,1.339165,1.33901,1.33913
1783369800,1.339125,1.33915,1.339085,1.3391
1783370100,1.339095,1.3391,1.33891,1.33893
1783370400,1.338925,1.33894,1.33884,1.33893
1783370700,1.338935,1.338935,1.338855,1.338935
1783371000,1.33893,1.338995,1.338885,1.33896
1783371300,1.33896,1.33912,1.338925,1.339115
1783371600,1.339115,1.339115,1.338775,1.338885
1783371900,1.33885,1.33914,1.33885,1.338935
1783372200,1.338935,1.33919,1.33878,1.338985
1783372500,1.33917,1.33917,1.338635,1.338635
1783372800,1.33864,1.339375,1.33864,1.33918
1783373100,1.33918,1.33918,1.33897,1.339075
1783373400,1.339065,1.339085,1.338815,1.338885
1783373700,1.338885,1.338935,1.338665,1.338935
1783374000,1.338935,1.339205,1.33866,1.339195
1783374300,1.339205,1.339255,1.338605,1.338675
1783374600,1.33868,1.338765,1.33855,1.33874
1783374900,1.33874,1.33924,1.33874,1.33918
1783375200,1.33915,1.33935,1.339025,1.339065
1783375500,1.339065,1.339105,1.33903,1.339055
1783375800,1.339055,1.339275,1.33904,1.33926
1783376100,1.33926,1.33926,1.339235,1.339245
1783376400,1.33924,1.339265,1.339225,1.33925
1783376700,1.33925,1.33925,1.339215,1.33923
1783377000,1.33923,1.339625,1.33923,1.339565
1783377300,1.339565,1.339565,1.33945,1.339535
1783377600,1.33954,1.339555,1.33945,1.339475
1783377900,1.339475,1.33957,1.33947,1.339555
1783378200,1.339555,1.33958,1.33955,1.33955
1783378500,1.33955,1.339635,1.33955,1.339635
1783378800,1.339635,1.34014,1.33963,1.34001
1783379100,1.34001,1.34002,1.339905,1.339945
1783379400,1.339935,1.339955,1.339755,1.33983
1783379700,1.339835,1.34003,1.339835,1.340015
1783380000,1.340015,1.340055,1.34,1.340015
1783380300,1.340015,1.34003,1.33985,1.33985
1783380600,1.33985,1.339925,1.33982,1.339895
1783380900,1.339905,1.339915,1.33972,1.339735
1783381200,1.339735,1.339835,1.33968,1.33982
1783381500,1.33982,1.33983,1.339665,1.33974
1783381800,1.339745,1.33975,1.33941,1.33952
1783382100,1.33952,1.339565,1.33937,1.339415
1783382400,1.33941,1.339555,1.339315,1.33951
1783382700,1.33951,1.33957,1.339405,1.33953
1783383000,1.339535,1.33958,1.339305,1.339425
1783383300,1.33943,1.33943,1.33922,1.339365
1783383600,1.339365,1.339445,1.33928,1.33933
1783383900,1.339335,1.339395,1.33911,1.339145
1783384200,1.33914,1.339315,1.339085,1.339215
1783384500,1.33922,1.33925,1.33885,1.338935
1783384800,1.33893,1.339095,1.33891,1.33903
1783385100,1.339025,1.339085,1.33892,1.33893
1783385400,1.338925,1.33919,1.338925,1.33912
1783385700,1.339125,1.33922,1.338785,1.338805
1783386000,1.33881,1.33916,1.338785,1.33896
1783386300,1.33896,1.33907,1.33891,1.33903
1783386600,1.339035,1.339075,1.338895,1.33899
1783386900,1.33898,1.339215,1.33891,1.33912
1783387200,1.339115,1.339115,1.3389,1.33891
1783387500,1.338915,1.339265,1.338835,1.33926
1783387800,1.33926,1.339975,1.339255,1.339685
1783388100,1.339685,1.3398,1.33936,1.33941
1783388400,1.339395,1.339475,1.3391,1.339135
1783388700,1.33913,1.339725,1.33913,1.339635
1783389000,1.33964,1.340145,1.33961,1.34012
1783389300,1.340125,1.340175,1.33957,1.33968
1783389600,1.339685,1.339975,1.33967,1.33982
1783389900,1.33982,1.339945,1.33963,1.339735
1783390200,1.33973,1.339835,1.339635,1.33974
1783390500,1.339745,1.33976,1.33951,1.339605
1783390800,1.3396,1.33965,1.339505,1.33963
1783391100,1.33964,1.33965,1.33933,1.33934
1783391400,1.339335,1.339385,1.339205,1.339375
1783391700,1.339385,1.33957,1.339365,1.339425
1783392000,1.33943,1.339485,1.339205,1.339245
1783392300,1.33925,1.33926,1.33912,1.33916
1783392600,1.33916,1.339235,1.339145,1.339225
1783392900,1.33922,1.339265,1.339095,1.339115
1783393200,1.33911,1.33934,1.33911,1.33927
1783393500,1.339265,1.339445,1.339255,1.3394
1783393800,1.339405,1.339445,1.339315,1.33934
1783394100,1.339335,1.33958,1.339295,1.33953
1783394400,1.33953,1.339685,1.339515,1.33957
1783394700,1.339575,1.339605,1.33932,1.33933
1783395000,1.33932,1.33939,1.339215,1.339345
1783395300,1.339345,1.33943,1.339255,1.339285
1783395600,1.33928,1.339285,1.33904,1.339165
1783395900,1.33917,1.33923,1.33903,1.339035
1783396200,1.33903,1.33909,1.338995,1.33906
1783396500,1.339055,1.339065,1.33891,1.339
1783396800,1.339005,1.33907,1.33891,1.339055
1783397100,1.339055,1.33922,1.33903,1.339185
1783397400,1.33918,1.339225,1.33912,1.33912
1783397700,1.33913,1.339325,1.33911,1.339175
1783398000,1.339175,1.339215,1.33911,1.3392
1783398300,1.339205,1.339215,1.33895,1.33902
1783398600,1.33902,1.339305,1.339,1.339125
1783398900,1.339125,1.33917,1.33909,1.339145
1783399200,1.33915,1.33932,1.33913,1.339155
1783399500,1.33915,1.339245,1.339115,1.33913
1783399800,1.33913,1.3393,1.33911,1.33915
1783400100,1.339155,1.339165,1.33887,1.338895
1783400400,1.338905,1.339,1.33878,1.338925
1783400700,1.33893,1.338975,1.338715,1.33881
1783401000,1.33882,1.338825,1.33841,1.33849
1783401300,1.338485,1.33854,1.33821,1.338245
1783401600,1.33824,1.338245,1.337955,1.338145
1783401900,1.33814,1.338145,1.337995,1.33814
1783402200,1.338135,1.338525,1.338095,1.338375
1783402500,1.338375,1.338505,1.33833,1.33835
1783402800,1.33835,1.338485,1.338015,1.338055
1783403100,1.338055,1.338185,1.33794,1.33818
1783403400,1.33817,1.33845,1.338145,1.338445
1783403700,1.33844,1.338505,1.338275,1.338455
1783404000,1.33845,1.338685,1.33824,1.338265
1783404300,1.33827,1.338275,1.337745,1.337815
1783404600,1.33781,1.33782,1.337495,1.3377
1783404900,1.33771,1.338125,1.33771,1.3381
1783405200,1.338105,1.33811,1.33768,1.337875
1783405500,1.33788,1.337985,1.3378,1.337835
1783405800,1.33784,1.338185,1.337825,1.338075
1783406100,1.33807,1.33825,1.337975,1.338195
1783406400,1.338195,1.338345,1.33812,1.338165
1783406700,1.33816,1.338315,1.33809,1.338305
1783407000,1.33831,1.33835,1.337985,1.33799
1783407300,1.337985,1.33808,1.3378,1.338045
1783407600,1.33805,1.33807,1.337495,1.33774
1783407900,1.337745,1.337835,1.337505,1.33764
1783408200,1.33764,1.338025,1.33764,1.33787
1783408500,1.337875,1.33829,1.33779,1.338225
1783408800,1.33823,1.33859,1.338045,1.33807
1783409100,1.338075,1.338285,1.337945,1.33795
1783409400,1.337925,1.338505,1.33789,1.33848
1783409700,1.338485,1.33849,1.337985,1.338075
1783410000,1.33808,1.338375,1.338065,1.33814
1783410300,1.338145,1.33829,1.338065,1.33812
1783410600,1.338115,1.33836,1.337835,1.33784
1783410900,1.337845,1.33802,1.337715,1.337755
1783411200,1.33775,1.338125,1.337715,1.33801
1783411500,1.338015,1.338115,1.337845,1.338095
1783411800,1.3381,1.338695,1.33809,1.33853
1783412100,1.338525,1.338565,1.33825,1.338305
1783412400,1.33831,1.339095,1.338255,1.338925
1783412700,1.338915,1.33898,1.338735,1.338945
1783413000,1.33894,1.33917,1.33893,1.33901
1783413300,1.339005,1.339215,1.33868,1.339105
1783413600,1.33911,1.33929,1.33873,1.33874
1783413900,1.338735,1.33939,1.33864,1.33932
1783414200,1.33932,1.33937,1.33896,1.338985
1783414500,1.33898,1.33932,1.33864,1.33915
1783414800,1.33916,1.339235,1.338865,1.339155
1783415100,1.33915,1.339245,1.339005,1.33902
1783415400,1.339025,1.3392,1.338865,1.338925
1783415700,1.33893,1.339125,1.33878,1.338795
1783416000,1.338785,1.338855,1.3386,1.338715
1783416300,1.33872,1.338845,1.33861,1.338805
1783416600,1.33881,1.33885,1.338585,1.33873
1783416900,1.33874,1.338855,1.3387,1.33882
1783417200,1.33882,1.338955,1.33863,1.338695
1783417500,1.33869,1.33876,1.33825,1.33826
1783417800,1.33825,1.338325,1.33812,1.338305
1783418100,1.33831,1.33835,1.338015,1.33802
1783418400,1.338015,1.33802,1.337105,1.337115
1783418700,1.337115,1.33773,1.336935,1.33766
1783419000,1.337655,1.33804,1.337545,1.337935
1783419300,1.33794,1.33821,1.337845,1.33802
1783419600,1.338015,1.338185,1.33791,1.33817
1783419900,1.338165,1.338335,1.338095,1.33824
1783420200,1.338235,1.338455,1.33812,1.338215
1783420500,1.33822,1.338435,1.33808,1.338435
1783420800,1.338435,1.33846,1.33827,1.338295
1783421100,1.33829,1.338365,1.338215,1.338235
1783421400,1.338235,1.33857,1.338215,1.338545
1783421700,1.33854,1.33864,1.33842,1.33847
1783422000,1.33848,1.338875,1.33824,1.338835
1783422300,1.33883,1.338915,1.3384,1.33849
1783422600,1.338485,1.33874,1.33843,1.33863
1783422900,1.338635,1.33895,1.33857,1.3389
1783423200,1.338905,1.339425,1.33882,1.338915
1783423500,1.33891,1.33902,1.338785,1.33886
1783423800,1.338865,1.33894,1.338625,1.3388
1783424100,1.3388,1.33897,1.338635,1.33888
1783424400,1.338885,1.338945,1.33863,1.338645
1783424700,1.33865,1.33882,1.338505,1.33874
1783425000,1.338735,1.338835,1.33826,1.338645
1783425300,1.33864,1.339025,1.338605,1.338805
1783425600,1.33881,1.33908,1.338625,1.33893
1783425900,1.338925,1.338955,1.338565,1.3386
1783426200,1.338605,1.338865,1.338245,1.338775
1783426500,1.33877,1.338855,1.33819,1.33831
1783426800,1.338315,1.33868,1.33824,1.338345
1783427100,1.33834,1.339045,1.33833,1.33888
1783427400,1.338885,1.339255,1.33878,1.33897
1783427700,1.338975,1.339025,1.338505,1.338525
1783428000,1.338535,1.33855,1.338085,1.33817
1783428300,1.338165,1.33855,1.3381,1.33833
1783428600,1.338335,1.338345,1.33818,1.338315
1783428900,1.33831,1.33854,1.338245,1.33854
1783429200,1.338545,1.33862,1.338145,1.338145
1783429500,1.33814,1.33824,1.3378,1.33787
1783429800,1.337865,1.338165,1.337695,1.33808
1783430100,1.338075,1.338635,1.33804,1.33812
1783430400,1.338125,1.338235,1.33782,1.33791
1783430700,1.3379,1.33859,1.33751,1.337825
1783431000,1.33783,1.33858,1.337765,1.33813
1783431300,1.33814,1.338675,1.338085,1.338365
1783431600,1.33837,1.338585,1.338235,1.33827
1783431900,1.33828,1.33831,1.33796,1.33814
1783432200,1.338135,1.33837,1.33741,1.33744
1783432500,1.33743,1.337515,1.33695,1.33706
1783432800,1.33707,1.337455,1.336265,1.336355
1783433100,1.33635,1.33657,1.33609,1.3361
1783433400,1.33611,1.336775,1.3361,1.33657
1783433700,1.336565,1.337045,1.336415,1.337045
1783434000,1.33705,1.337175,1.3368,1.33695
1783434300,1.336945,1.337195,1.336685,1.33716
1783434600,1.337165,1.33747,1.337035,1.33744
1783434900,1.337425,1.337515,1.33723,1.337325
1783435200,1.33733,1.337805,1.33733,1.337775
1783435500,1.337785,1.338225,1.33776,1.33819
1783435800,1.33818,1.33858,1.338055,1.3385
1783436100,1.338505,1.338505,1.33724,1.33791
1783436400,1.337905,1.337985,1.33756,1.337595
1783436700,1.33759,1.33807,1.33757,1.33768
1783437000,1.337685,1.33774,1.33734,1.337455
1783437300,1.33746,1.337485,1.337025,1.33731
1783437600,1.337305,1.337465,1.337115,1.337455
1783437900,1.33745,1.337775,1.337245,1.337755
1783438200,1.33776,1.3378,1.33745,1.337765
1783438500,1.337775,1.33783,1.33743,1.33747
1783438800,1.337475,1.33764,1.337325,1.33733
1783439100,1.337335,1.337575,1.337225,1.337235
1783439400,1.33723,1.33739,1.337035,1.33704
1783439700,1.337035,1.33722,1.336955,1.33706
1783440000,1.337065,1.337525,1.337055,1.337315
1783440300,1.33731,1.33748,1.337055,1.337315
1783440600,1.33732,1.33735,1.337065,1.33711
1783440900,1.337115,1.33717,1.336665,1.336755
1783441200,1.33675,1.336915,1.33666,1.336775
1783441500,1.336775,1.33686,1.33667,1.336695
1783441800,1.33669,1.336855,1.336615,1.3367
1783442100,1.336695,1.33678,1.33653,1.336645
1783442400,1.33664,1.336825,1.336505,1.33676
1783442700,1.336765,1.33705,1.33674,1.337045
1783443000,1.33705,1.337065,1.33685,1.336885
1783443300,1.33688,1.33715,1.336795,1.33712
1783443600,1.337125,1.33717,1.337035,1.337165
1783443900,1.33717,1.33738,1.337085,1.337335
1783444200,1.33733,1.337335,1.336935,1.337
1783444500,1.337005,1.33707,1.336815,1.33703
1783444800,1.337035,1.337235,1.337035,1.337215
1783445100,1.33721,1.33722,1.33706,1.33713
1783445400,1.33712,1.33728,1.337115,1.3372
1783445700,1.337195,1.337285,1.33717,1.33724
1783446000,1.33724,1.33735,1.33716,1.33733
1783446300,1.337335,1.337365,1.33715,1.33725
1783446600,1.337245,1.337365,1.33719,1.33734
1783446900,1.33734,1.337585,1.337335,1.33742
1783447200,1.33743,1.337465,1.337125,1.33723
1783447500,1.337235,1.337405,1.33719,1.33738
1783447800,1.3374,1.33748,1.33718,1.3373
1783448100,1.337305,1.337335,1.33717,1.33732
1783448400,1.33732,1.33759,1.33732,1.33752
1783448700,1.337525,1.33763,1.33734,1.337345
1783449000,1.33734,1.337375,1.33707,1.337315
1783449300,1.337305,1.337465,1.33725,1.33728
1783449600,1.337285,1.3373,1.33711,1.33726
1783449900,1.33725,1.33733,1.336595,1.33694
1783450200,1.336945,1.336995,1.336025,1.33621
1783450500,1.336205,1.33664,1.33601,1.33634
1783450800,1.336335,1.33646,1.33581,1.33596
1783451100,1.335955,1.33598,1.335485,1.33564
1783451400,1.335635,1.33567,1.33521,1.335225
1783451700,1.33522,1.335365,1.33487,1.335355
1783452000,1.33535,1.335615,1.335265,1.335585
1783452300,1.33558,1.33567,1.33541,1.335545
1783452600,1.33555,1.336135,1.335545,1.336075
1783452900,1.33607,1.33613,1.3359,1.33595
1783453200,1.335945,1.336055,1.33584,1.335945
1783453500,1.33595,1.336105,1.335885,1.335965
1783453800,1.33596,1.33617,1.335945,1.336145
1783454100,1.33614,1.33628,1.336025,1.33613
1783454400,1.336125,1.33624,1.33595,1.33614
1783454700,1.336135,1.33624,1.335965,1.335985
1783455000,1.33598,1.33604,1.335915,1.335935
1783455300,1.33593,1.33593,1.33566,1.335835
1783455600,1.335825,1.33597,1.335815,1.33595
1783455900,1.335965,1.33601,1.335895,1.335925
1783456200,1.33592,1.335935,1.335645,1.33567
1783456500,1.335675,1.33574,1.335555,1.335725
1783456800,1.335725,1.33578,1.335705,1.335715
1783457100,1.335725,1.335725,1.335605,1.335675
1783457400,1.33567,1.335785,1.33562,1.335745
1783457700,1.33574,1.335975,1.33574,1.33594
1783458000,1.33594,1.33594,1.33535,1.335375
1783458300,1.33533,1.33577,1.33533,1.33546
1783458600,1.33546,1.335565,1.33539,1.33554
1783458900,1.335555,1.335875,1.335225,1.33578
1783459200,1.33578,1.33578,1.335595,1.335625
1783459500,1.335625,1.33589,1.3356,1.335865
1783459800,1.33589,1.33589,1.33542,1.335645
1783460100,1.335645,1.33588,1.33554,1.33578
1783460400,1.33578,1.33616,1.33574,1.33607
1783460700,1.336015,1.336015,1.33515,1.33518
1783461000,1.33518,1.33533,1.33512,1.33525
1783461300,1.33527,1.33584,1.335235,1.335575
1783461600,1.33559,1.33559,1.33507,1.33542
1783461900,1.33542,1.33543,1.335015,1.33503
1783462200,1.33503,1.335155,1.334975,1.335145
1783462500,1.335145,1.335255,1.335135,1.335215
1783462800,1.33522,1.335255,1.33522,1.335255
1783463100,1.335255,1.33527,1.33508,1.335085
1783463400,1.33508,1.335085,1.334985,1.335035
1783463700,1.335035,1.335065,1.334925,1.335045
1783464000,1.335035,1.335125,1.33503,1.33505
1783464300,1.33505,1.335075,1.33503,1.33504
1783464600,1.33504,1.335215,1.335035,1.335205
1783464900,1.335205,1.33528,1.335205,1.335265
1783465200,1.335255,1.33545,1.335255,1.33543
1783465500,1.33543,1.33543,1.335245,1.335245
1783465800,1.335245,1.335275,1.335045,1.33505
1783466100,1.33505,1.33535,1.33503,1.33525
1783466400,1.33525,1.335265,1.335225,1.335265
1783466700,1.335265,1.33536,1.33524,1.335245
1783467000,1.335245,1.335345,1.33516,1.33534
1783467300,1.33534,1.33534,1.33515,1.335165
1783467600,1.335165,1.335245,1.33515,1.33516
1783467900,1.33516,1.33516,1.33485,1.33487
1783468200,1.334865,1.334985,1.33485,1.33496
1783468500,1.334945,1.334985,1.3345,1.33465
1783468800,1.334655,1.33473,1.334285,1.33458
1783469100,1.334585,1.334955,1.33453,1.334765
1783469400,1.334755,1.334925,1.33465,1.334845
1783469700,1.334835,1.334965,1.334515,1.334665
1783470000,1.33467,1.33483,1.33451,1.3348
1783470300,1.33481,1.33503,1.334755,1.334855
1783470600,1.33486,1.33523,1.33481,1.33517
1783470900,1.335175,1.33535,1.335025,1.335335
1783471200,1.33533,1.335385,1.33517,1.33523
1783471500,1.335235,1.33544,1.33521,1.335335
1783471800,1.33533,1.33552,1.335225,1.335355
1783472100,1.33536,1.33544,1.335155,1.33527
1783472400,1.335265,1.33548,1.335185,1.33531
1783472700,1.335305,1.335345,1.335025,1.33514
1783473000,1.33514,1.33531,1.33514,1.3353
1783473300,1.335305,1.335405,1.33506,1.335095
1783473600,1.33509,1.33515,1.33494,1.335025
1783473900,1.33503,1.3351,1.33493,1.334955
1783474200,1.33496,1.33498,1.334675,1.334685
1783474500,1.33469,1.334765,1.33443,1.334445
1783474800,1.334455,1.33455,1.334205,1.33439
1783475100,1.33439,1.334935,1.334385,1.33493
1783475400,1.334935,1.33513,1.33464,1.33476
1783475700,1.334765,1.335075,1.334765,1.334935
1783476000,1.33493,1.335125,1.33477,1.33499
1783476300,1.334995,1.335235,1.334965,1.33508
1783476600,1.33509,1.33509,1.334845,1.334995
1783476900,1.335,1.335275,1.33498,1.335085
1783477200,1.33508,1.335445,1.334975,1.335315
1783477500,1.33531,1.335495,1.33526,1.335345
1783477800,1.33534,1.33539,1.33513,1.33536
1783478100,1.335365,1.33548,1.335225,1.335385
1783478400,1.33539,1.335445,1.335265,1.335345
1783478700,1.33534,1.335405,1.33522,1.33523
1783479000,1.335225,1.335415,1.335215,1.33532
1783479300,1.335315,1.33536,1.33519,1.33527
1783479600,1.33526,1.33563,1.33526,1.33558
1783479900,1.33559,1.33563,1.335445,1.335545
1783480200,1.33554,1.33585,1.33549,1.33581
1783480500,1.335815,1.335865,1.33567,1.33574
1783480800,1.33574,1.335935,1.33564,1.33578
1783481100,1.335785,1.335785,1.335645,1.335695
1783481400,1.33569,1.33573,1.33552,1.335625
1783481700,1.335625,1.33563,1.33552,1.33552
1783482000,1.335525,1.33565,1.335455,1.335635
1783482300,1.33563,1.335645,1.335555,1.33561
1783482600,1.3356,1.33563,1.335425,1.33549
1783482900,1.335495,1.335525,1.335395,1.33547
1783483200,1.335465,1.335485,1.335185,1.33523
1783483500,1.33523,1.33536,1.33511,1.33533
1783483800,1.33533,1.33534,1.33522,1.33524
1783484100,1.335235,1.33534,1.335215,1.33525
1783484400,1.335245,1.335285,1.335055,1.33524
1783484700,1.335245,1.33535,1.33515,1.33521
1783485000,1.335215,1.3354,1.335185,1.33532
1783485300,1.335325,1.335485,1.335265,1.33539
1783485600,1.335395,1.33547,1.33529,1.335315
1783485900,1.335315,1.33544,1.33522,1.33523
1783486200,1.335225,1.335455,1.33522,1.33532
1783486500,1.335325,1.335385,1.33527,1.335345
1783486800,1.33534,1.335725,1.335295,1.3357
1783487100,1.335695,1.33588,1.335695,1.33575
1783487400,1.335745,1.335745,1.335315,1.335335
1783487700,1.33533,1.335615,1.335305,1.3354
1783488000,1.335405,1.33546,1.33517,1.335205
1783488300,1.335215,1.335375,1.33516,1.33527
1783488600,1.335265,1.335595,1.335255,1.33555
1783488900,1.335555,1.33569,1.33551,1.33567
1783489200,1.335665,1.335865,1.3356,1.33574
1783489500,1.33574,1.335875,1.335535,1.335625
1783489800,1.33562,1.33566,1.33537,1.33554
1783490100,1.335545,1.33575,1.335525,1.335635
1783490400,1.335645,1.336185,1.335545,1.33556
1783490700,1.335555,1.3358,1.335495,1.335715
1783491000,1.33571,1.33584,1.33557,1.335725
1783491300,1.33572,1.336525,1.33572,1.33637
1783491600,1.336365,1.336595,1.33612,1.336475
1783491900,1.33648,1.33651,1.336245,1.336375
1783492200,1.33637,1.336535,1.336265,1.33634
1783492500,1.33633,1.33649,1.336165,1.33645
1783492800,1.336445,1.33657,1.336235,1.33633
1783493100,1.33633,1.336375,1.336,1.33605
1783493400,1.336045,1.33632,1.335845,1.33627
1783493700,1.336265,1.33654,1.33622,1.33653
1783494000,1.33654,1.33658,1.33608,1.336155
1783494300,1.33615,1.33616,1.335525,1.335855
1783494600,1.33586,1.33615,1.335795,1.335915
1783494900,1.33591,1.336265,1.335695,1.336265
1783495200,1.33626,1.336805,1.336095,1.33666
1783495500,1.336655,1.336815,1.336415,1.336625
1783495800,1.33662,1.336985,1.33655,1.33662
1783496100,1.336615,1.33699,1.336455,1.33656
1783496400,1.336565,1.33686,1.33652,1.336725
1783496700,1.33672,1.337005,1.33658,1.33685
1783497000,1.336845,1.336845,1.3365,1.336535
1783497300,1.336545,1.33675,1.336475,1.33652
1783497600,1.336515,1.336735,1.336315,1.33673
1783497900,1.336735,1.33684,1.336545,1.336545
1783498200,1.33654,1.337025,1.33653,1.336565
1783498500,1.33655,1.336885,1.33402,1.334825
1783498800,1.33483,1.335525,1.334655,1.334895
1783499100,1.3349,1.335415,1.33481,1.33509
1783499400,1.335085,1.335305,1.334615,1.335245
1783499700,1.33524,1.335265,1.334165,1.3344
1783500000,1.334395,1.334775,1.33388,1.334555
1783500300,1.33455,1.335185,1.33455,1.33466
1783500600,1.334665,1.3347,1.334325,1.33437
1783500900,1.334385,1.334685,1.333755,1.333965
1783501200,1.33396,1.334455,1.33371,1.33419
1783501500,1.334195,1.334195,1.332835,1.3329
1783501800,1.332895,1.333045,1.33222,1.33227
1783502100,1.33226,1.33353,1.332215,1.333355
1783502400,1.333345,1.33384,1.333315,1.33364
1783502700,1.333635,1.333635,1.33309,1.333515
1783503000,1.33352,1.334315,1.33331,1.334275
1783503300,1.33427,1.334385,1.333575,1.334215
1783503600,1.334205,1.33457,1.333965,1.33446
1783503900,1.33447,1.33483,1.33433,1.334745
1783504200,1.33474,1.33488,1.334515,1.334805
1783504500,1.33481,1.334845,1.33409,1.334195
1783504800,1.33419,1.33469,1.33417,1.33447
1783505100,1.334475,1.334665,1.33419,1.33423
1783505400,1.334235,1.334595,1.334135,1.334325
1783505700,1.33432,1.33482,1.33405,1.33482
1783506000,1.33483,1.33507,1.334615,1.334905
1783506300,1.3349,1.335145,1.33476,1.334965
1783506600,1.33496,1.33527,1.334815,1.33522
1783506900,1.335215,1.33545,1.33508,1.3354
1783507200,1.335395,1.335715,1.335245,1.3356
1783507500,1.335595,1.335695,1.33516,1.335365
1783507800,1.335375,1.3354,1.334735,1.33488
1783508100,1.334875,1.33499,1.33455,1.33457
1783508400,1.334565,1.3347,1.334275,1.334375
1783508700,1.334375,1.334575,1.33415,1.33428
1783509000,1.334275,1.33434,1.334015,1.33408
1783509300,1.334085,1.33436,1.33408,1.334185
1783509600,1.334175,1.334185,1.333745,1.33404
1783509900,1.33404,1.334135,1.333875,1.33397
1783510200,1.333965,1.334055,1.33365,1.333735
1783510500,1.33374,1.33386,1.33296,1.333075
1783510800,1.33308,1.334795,1.33304,1.334245
1783511100,1.33424,1.33439,1.333955,1.334015
1783511400,1.33402,1.334035,1.333655,1.33396
1783511700,1.333955,1.334075,1.3334,1.33356
1783512000,1.333555,1.33461,1.33346,1.33456
1783512300,1.334565,1.33493,1.334545,1.334735
1783512600,1.33474,1.334935,1.334625,1.334735
1783512900,1.33474,1.3353,1.334725,1.335085
1783513200,1.33508,1.335175,1.33472,1.33484
1783513500,1.33482,1.335355,1.334795,1.335285
1783513800,1.33529,1.335465,1.334865,1.33496
1783514100,1.334955,1.335185,1.33472,1.33515
1783514400,1.335155,1.335295,1.33501,1.33529
1783514700,1.335285,1.33544,1.33522,1.335365
1783515000,1.33537,1.335675,1.335195,1.33559
1783515300,1.335585,1.33566,1.334,1.3341
1783515600,1.334095,1.33469,1.334035,1.334555
1783515900,1.33456,1.33485,1.33429,1.33482
1783516200,1.334825,1.335195,1.334605,1.33489
1783516500,1.334895,1.335235,1.334315,1.334955
1783516800,1.33496,1.335525,1.334825,1.335475
1783517100,1.33547,1.33638,1.335465,1.336085
1783517400,1.336095,1.337105,1.336095,1.336985
1783517700,1.33699,1.33767,1.33681,1.33753
1783518000,1.337525,1.33768,1.33661,1.337275
1783518300,1.33727,1.33775,1.33709,1.337625
1783518600,1.33762,1.33778,1.336545,1.336555
1783518900,1.33656,1.33711,1.33653,1.33711
1783519200,1.337105,1.337545,1.336975,1.33719
1783519500,1.337185,1.337265,1.336705,1.33705
1783519800,1.337055,1.337185,1.336705,1.33677
1783520100,1.336775,1.337075,1.33665,1.33697
1783520400,1.336975,1.33756,1.336945,1.337345
1783520700,1.33734,1.33743,1.336795,1.336945
1783521000,1.33693,1.33696,1.33636,1.33664
1783521300,1.336635,1.33706,1.336615,1.33698
1783521600,1.336975,1.33725,1.336825,1.336865
1783521900,1.33687,1.33696,1.33664,1.336725
1783522200,1.33672,1.33711,1.336615,1.33685
1783522500,1.336845,1.33728,1.33659,1.337205
1783522800,1.3372,1.337255,1.336715,1.337175
1783523100,1.33717,1.337545,1.33694,1.336945
1783523400,1.33695,1.336995,1.3361,1.336155
1783523700,1.336165,1.33625,1.335665,1.335945
1783524000,1.335955,1.33652,1.335855,1.33648
1783524300,1.336475,1.336595,1.33621,1.33637
1783524600,1.336375,1.336495,1.33578,1.336095
1783524900,1.3361,1.33636,1.33587,1.3361
1783525200,1.336105,1.3363,1.33572,1.33606
1783525500,1.336055,1.336265,1.335825,1.33592
1783525800,1.335925,1.3363,1.33586,1.33627
1783526100,1.336275,1.336425,1.33595,1.33605
1783526400,1.336055,1.33634,1.336005,1.3362
1783526700,1.336195,1.336645,1.33615,1.33633
1783527000,1.336325,1.336565,1.336185,1.336475
1783527300,1.33647,1.33685,1.336315,1.33683
1783527600,1.336835,1.337195,1.33682,1.337045
1783527900,1.337035,1.33736,1.33698,1.33721
1783528200,1.337205,1.33745,1.33708,1.33736
1783528500,1.337365,1.338075,1.337355,1.337955
1783528800,1.33795,1.33846,1.337815,1.338405
1783529100,1.338395,1.338585,1.33813,1.338265
1783529400,1.33827,1.33843,1.338075,1.33839
1783529700,1.338385,1.33859,1.338285,1.338475
1783530000,1.338475,1.338855,1.33846,1.3386
1783530300,1.338595,1.339535,1.33858,1.33944
1783530600,1.339435,1.34042,1.33939,1.340025
1783530900,1.34002,1.340285,1.339935,1.34019
1783531200,1.340195,1.341055,1.34019,1.340375
1783531500,1.34039,1.340665,1.34027,1.3406
1783531800,1.340605,1.34067,1.34037,1.340465
1783532100,1.34046,1.340575,1.34013,1.34018
1783532400,1.340175,1.3403,1.340015,1.340055
1783532700,1.34006,1.34021,1.33995,1.339985
1783533000,1.33998,1.34007,1.33979,1.339875
1783533300,1.33987,1.33987,1.339515,1.339515
1783533600,1.33951,1.340405,1.339255,1.33987
1783533900,1.339875,1.340175,1.33981,1.34016
1783534200,1.340145,1.34053,1.339985,1.34049
1783534500,1.34049,1.340575,1.340065,1.34021
1783534800,1.340205,1.3404,1.340125,1.34035
1783535100,1.340355,1.34037,1.34016,1.34029
1783535400,1.340295,1.3403,1.339965,1.34005
1783535700,1.340055,1.340365,1.33996,1.34035
1783536000,1.34035,1.340505,1.340205,1.34049
1783536300,1.340485,1.34059,1.340295,1.340375
1783536600,1.340375,1.340415,1.340065,1.340155
1783536900,1.340165,1.34026,1.3399,1.33996
1783537200,1.33997,1.34036,1.33997,1.34031
1783537500,1.340315,1.340595,1.340225,1.34058
1783537800,1.34057,1.340595,1.34032,1.340405
1783538100,1.34041,1.340525,1.34025,1.34042
1783538400,1.340415,1.340555,1.34039,1.340435
1783538700,1.34044,1.340605,1.34035,1.34052
1783539000,1.34051,1.340735,1.34048,1.34048
1783539300,1.340475,1.34058,1.340415,1.34049
1783539600,1.34049,1.34051,1.340325,1.34035
1783539900,1.34035,1.34037,1.33973,1.33988
1783540200,1.33987,1.340175,1.339835,1.34017
1783540500,1.340175,1.340385,1.3401,1.340235
1783540800,1.34024,1.340305,1.340065,1.340165
1783541100,1.340165,1.34041,1.340145,1.340305
1783541400,1.3403,1.3403,1.339835,1.33984
1783541700,1.339835,1.33987,1.33959,1.339645
1783542000,1.33965,1.33976,1.33962,1.33965
1783542300,1.339655,1.33968,1.33928,1.339285
1783542600,1.33929,1.339295,1.33899,1.33899
1783542900,1.33899,1.33899,1.33853,1.338675
1783543200,1.33868,1.33889,1.33866,1.33876
1783543500,1.338765,1.33881,1.33867,1.338685
1783543800,1.33869,1.33879,1.3386,1.33877
1783544100,1.338775,1.33899,1.338655,1.338815
1783544400,1.338795,1.33929,1.338795,1.33898
1783544700,1.338995,1.339305,1.33897,1.33928
1783545000,1.33928,1.339285,1.338925,1.339285
1783545300,1.339225,1.339815,1.33855,1.3397
1783545600,1.339695,1.339775,1.33921,1.33941
1783545900,1.339405,1.33941,1.3392,1.33933
1783546200,1.33933,1.339495,1.339195,1.339205
1783546500,1.339205,1.33929,1.338625,1.338945
1783546800,1.338945,1.339175,1.33889,1.339105
1783547100,1.33922,1.33928,1.338935,1.33918
1783547400,1.339185,1.339615,1.339005,1.339055
1783547700,1.33905,1.33938,1.339025,1.339265
1783548000,1.339295,1.339315,1.338805,1.33882
1783548300,1.33882,1.339085,1.33882,1.338995
1783548600,1.338995,1.339105,1.338985,1.33908
1783548900,1.339085,1.339105,1.339075,1.339095
1783549200,1.339095,1.339095,1.338995,1.339
1783549500,1.339,1.339005,1.33898,1.338985
1783549800,1.33899,1.339105,1.338975,1.33906
1783550100,1.339065,1.339135,1.339,1.33907
1783550400,1.33907,1.3391,1.339065,1.339075
1783550700,1.339075,1.339095,1.339075,1.339085
1783551000,1.339085,1.339095,1.339075,1.339075
1783551300,1.339075,1.33915,1.339045,1.339125
1783551600,1.339135,1.339185,1.339075,1.339165
1783551900,1.339165,1.339185,1.33908,1.33908
1783552200,1.339085,1.339085,1.339,1.339045
1783552500,1.339035,1.33904,1.33898,1.33898
1783552800,1.33898,1.339065,1.338935,1.339025
1783553100,1.33903,1.33907,1.33899,1.33907
1783553400,1.33907,1.3392,1.33903,1.33917
1783553700,1.33917,1.339275,1.339105,1.339155
1783554000,1.339155,1.339355,1.33915,1.339235
1783554300,1.33923,1.33937,1.33923,1.339335
1783554600,1.33933,1.33934,1.339205,1.339225
1783554900,1.33923,1.33946,1.33922,1.33937
1783555200,1.339365,1.33978,1.339365,1.33977
1783555500,1.33977,1.33996,1.33976,1.339855
1783555800,1.33986,1.34029,1.33982,1.340225
1783556100,1.34022,1.340295,1.34,1.340045
1783556400,1.34004,1.34018,1.339925,1.340075
1783556700,1.340075,1.340155,1.34001,1.34012
1783557000,1.340125,1.34042,1.34003,1.340265
1783557300,1.34026,1.34028,1.340105,1.34011
1783557600,1.3401,1.34017,1.33979,1.33981
1783557900,1.339805,1.33985,1.339685,1.33978
1783558200,1.33979,1.3398,1.339465,1.339555
1783558500,1.33956,1.33979,1.339475,1.33976
1783558800,1.33977,1.33992,1.33954,1.3396
1783559100,1.339595,1.33967,1.33947,1.339645
1783559400,1.33965,1.339665,1.339145,1.339165
1783559700,1.339155,1.33938,1.33914,1.339355
1783560000,1.33936,1.33946,1.339175,1.339225
1783560300,1.339215,1.33926,1.33887,1.33893
1783560600,1.338935,1.33909,1.338665,1.33907
1783560900,1.33907,1.33947,1.339055,1.33927
1783561200,1.339275,1.3393,1.339175,1.339285
1783561500,1.33928,1.339305,1.339145,1.339235
1783561800,1.33924,1.33931,1.33913,1.339265
1783562100,1.33926,1.339725,1.339255,1.33966
1783562400,1.339665,1.33982,1.33959,1.33974
1783562700,1.339735,1.34001,1.339705,1.3399
1783563000,1.339905,1.340005,1.33968,1.33988
1783563300,1.339875,1.340015,1.33982,1.33996
1783563600,1.339965,1.33998,1.339865,1.33992
1783563900,1.339925,1.34002,1.339815,1.33992
1783564200,1.339925,1.33998,1.33959,1.33959
1783564500,1.339595,1.33972,1.339405,1.339605
1783564800,1.33961,1.339655,1.339465,1.33953
1783565100,1.339535,1.339745,1.339525,1.339675
1783565400,1.33968,1.339755,1.33955,1.339595
1783565700,1.3396,1.33963,1.339385,1.3394
1783566000,1.339395,1.33954,1.33936,1.339515
1783566300,1.339505,1.339565,1.339465,1.339525
1783566600,1.33952,1.33953,1.339375,1.33947
1783566900,1.339465,1.33947,1.339105,1.339165
1783567200,1.339165,1.339235,1.33901,1.339225
1783567500,1.33923,1.33956,1.339215,1.3395
1783567800,1.339505,1.34001,1.3395,1.33973
1783568100,1.339735,1.340065,1.339715,1.34001
1783568400,1.340015,1.34006,1.339735,1.33983
1783568700,1.33983,1.339835,1.339605,1.339605
1783569000,1.339615,1.339905,1.33961,1.339815
1783569300,1.33982,1.33983,1.33953,1.33958
1783569600,1.33959,1.339615,1.33944,1.339555
1783569900,1.339555,1.33972,1.33955,1.33968
1783570200,1.339685,1.339775,1.33958,1.339675
1783570500,1.33967,1.33969,1.339365,1.339405
1783570800,1.3394,1.339655,1.339385,1.339565
1783571100,1.33957,1.339675,1.33957,1.33963
1783571400,1.339625,1.33983,1.33962,1.33978
1783571700,1.33978,1.3398,1.33962,1.339625
1783572000,1.33963,1.339725,1.33963,1.33971
1783572300,1.339705,1.339835,1.339675,1.33982
1783572600,1.339825,1.339965,1.339815,1.339945
1783572900,1.33994,1.339955,1.339845,1.33989
1783573200,1.339895,1.340095,1.339855,1.33997
1783573500,1.339975,1.34007,1.33994,1.33997
1783573800,1.339975,1.34077,1.339965,1.34059
1783574100,1.340585,1.34061,1.340205,1.340335
1783574400,1.34033,1.34042,1.34016,1.340385
1783574700,1.340385,1.340635,1.34037,1.340585
1783575000,1.34059,1.340705,1.340395,1.340685
1783575300,1.340685,1.34072,1.34056,1.340635
1783575600,1.340635,1.34064,1.34016,1.34037
1783575900,1.34037,1.34062,1.340365,1.340615
1783576200,1.340615,1.340675,1.340505,1.340575
1783576500,1.34058,1.340615,1.34038,1.340455
1783576800,1.34046,1.3411,1.34046,1.34098
1783577100,1.340975,1.341005,1.34076,1.340905
1783577400,1.3409,1.34096,1.34073,1.340875
1783577700,1.34087,1.34123,1.340805,1.34113
1783578000,1.341125,1.34286,1.34111,1.34245
1783578300,1.342445,1.342615,1.342215,1.3425
1783578600,1.342495,1.343085,1.34226,1.34293
1783578900,1.342935,1.34295,1.34217,1.342395
1783579200,1.342365,1.34268,1.342145,1.342675
1783579500,1.34267,1.34268,1.34241,1.342485
1783579800,1.34249,1.34267,1.34219,1.342215
1783580100,1.34222,1.342535,1.34204,1.34252
1783580400,1.342525,1.34259,1.34219,1.342265
1783580700,1.342255,1.342255,1.34165,1.342005
1783581000,1.34201,1.342315,1.342,1.342185
1783581300,1.34218,1.34275,1.34203,1.342555
1783581600,1.34255,1.342685,1.34235,1.34249
1783581900,1.342495,1.34258,1.342355,1.34251
1783582200,1.342505,1.342565,1.342115,1.34217
1783582500,1.34216,1.342425,1.341895,1.341955
1783582800,1.34196,1.34217,1.341835,1.34196
1783583100,1.341955,1.342005,1.341465,1.3415
1783583400,1.341505,1.34159,1.34134,1.34144
1783583700,1.341435,1.341555,1.341135,1.34149
1783584000,1.3415,1.34164,1.34125,1.34148
1783584300,1.341485,1.3421,1.34142,1.34199
1783584600,1.341995,1.342175,1.341625,1.341855
1783584900,1.34186,1.34204,1.34172,1.34178
1783585200,1.341775,1.34184,1.341555,1.341655
1783585500,1.341665,1.341875,1.34143,1.341855
1783585800,1.34185,1.341895,1.341535,1.34176
1783586100,1.341765,1.342085,1.34176,1.34196
1783586400,1.341965,1.341965,1.34163,1.3417
1783586700,1.341705,1.341765,1.34136,1.341365
1783587000,1.34137,1.341715,1.34129,1.341695
1783587300,1.3417,1.341765,1.341035,1.34126
1783587600,1.341255,1.34157,1.34119,1.34142
1783587900,1.34142,1.341425,1.340875,1.340945
1783588200,1.34094,1.34126,1.34084,1.341155
1783588500,1.34116,1.341295,1.34104,1.341105
1783588800,1.34111,1.341445,1.34111,1.341255
1783589100,1.34126,1.341575,1.341245,1.341495
1783589400,1.34149,1.341565,1.341095,1.341125
1783589700,1.34112,1.34137,1.341075,1.34108
1783590000,1.341075,1.341125,1.34066,1.34102
1783590300,1.341015,1.341125,1.340845,1.340975
1783590600,1.34098,1.34127,1.34098,1.34118
1783590900,1.341175,1.34153,1.341145,1.341255
1783591200,1.34125,1.34129,1.34064,1.340805
1783591500,1.3408,1.34089,1.3406,1.340865
1783591800,1.34087,1.34089,1.340665,1.340755
1783592100,1.34075,1.34086,1.34056,1.340635
1783592400,1.34063,1.340755,1.34044,1.340495
1783592700,1.34049,1.340505,1.34035,1.34039
1783593000,1.340375,1.34059,1.34025,1.340555
1783593300,1.34055,1.340795,1.34047,1.340475
1783593600,1.340475,1.34048,1.34018,1.34018
1783593900,1.340185,1.3406,1.34009,1.340585
1783594200,1.34059,1.34059,1.339695,1.339865
1783594500,1.33986,1.33988,1.339365,1.33957
1783594800,1.33958,1.3396,1.33898,1.3391
1783595100,1.339095,1.33926,1.33902,1.33917
1783595400,1.339165,1.339375,1.339055,1.339285
1783595700,1.33928,1.339535,1.33908,1.339095
1783596000,1.3391,1.3393,1.33904,1.339055
1783596300,1.33906,1.339165,1.338545,1.338565
1783596600,1.33856,1.33898,1.33843,1.338895
1783596900,1.338905,1.339195,1.33867,1.33917
1783597200,1.339165,1.33924,1.338965,1.338975
1783597500,1.33898,1.33911,1.338665,1.33878
1783597800,1.33878,1.33922,1.338705,1.33909
1783598100,1.339085,1.33917,1.33881,1.338855
1783598400,1.33885,1.339335,1.338805,1.33931
1783598700,1.33932,1.339635,1.339015,1.339505
1783599000,1.33951,1.33959,1.33935,1.33941
1783599300,1.33942,1.33959,1.339305,1.339445
1783599600,1.339435,1.339485,1.33903,1.339105
1783599900,1.33911,1.339435,1.339045,1.339435
1783600200,1.339425,1.33983,1.33934,1.339605
1783600500,1.33961,1.3398,1.33929,1.33939
1783600800,1.339385,1.33959,1.3389,1.339305
1783601100,1.3393,1.33941,1.338965,1.338995
1783601400,1.339005,1.339075,1.33807,1.338525
1783601700,1.33852,1.33884,1.338395,1.33845
1783602000,1.33846,1.33882,1.338445,1.33867
1783602300,1.338665,1.33924,1.338535,1.339195
1783602600,1.33919,1.339375,1.338905,1.339355
1783602900,1.33936,1.340075,1.339335,1.33957
1783603200,1.33957,1.33984,1.339365,1.339675
1783603500,1.33968,1.33999,1.33956,1.33984
1783603800,1.339845,1.340175,1.33929,1.339545
1783604100,1.33955,1.33964,1.33934,1.33936
1783604400,1.339355,1.33999,1.339275,1.339575
1783604700,1.33957,1.339995,1.3392,1.339955
1783605000,1.33995,1.34004,1.33973,1.339845
1783605300,1.33985,1.340275,1.339795,1.340105
1783605600,1.340115,1.340985,1.340115,1.34098
1783605900,1.340975,1.341105,1.340255,1.340285
1783606200,1.34029,1.34046,1.340095,1.34013
1783606500,1.340135,1.340135,1.339555,1.33964
1783606800,1.33965,1.340335,1.33962,1.34025
1783607100,1.340255,1.34027,1.339945,1.340105
1783607400,1.3401,1.3402,1.339595,1.340185
1783607700,1.34019,1.340455,1.339765,1.33989
1783608000,1.339895,1.339915,1.339585,1.339885
1783608300,1.33989,1.33989,1.339095,1.33911
1783608600,1.3391,1.33936,1.33874,1.339185
1783608900,1.33919,1.339395,1.338815,1.33911
1783609200,1.33912,1.33918,1.33869,1.339025
1783609500,1.33902,1.339885,1.338955,1.33987
1783609800,1.339875,1.339945,1.33948,1.33959
1783610100,1.33957,1.33979,1.339185,1.339195
1783610400,1.3392,1.33955,1.339105,1.33938
1783610700,1.339395,1.33983,1.339375,1.339705
1783611000,1.33971,1.339915,1.33954,1.33987
1783611300,1.33988,1.34013,1.339595,1.339865
1783611600,1.33987,1.340495,1.339845,1.340485
1783611900,1.34048,1.340615,1.340195,1.340435
1783612200,1.34045,1.34087,1.34045,1.34076
1783612500,1.340755,1.34077,1.34051,1.3407
1783612800,1.34071,1.34102,1.34057,1.34095
1783613100,1.340955,1.341025,1.340795,1.34092
1783613400,1.34092,1.341105,1.340765,1.34103
1783613700,1.34104,1.341185,1.34064,1.34069
1783614000,1.340695,1.34071,1.340435,1.340465
1783614300,1.34046,1.34053,1.34021,1.34043
1783614600,1.340435,1.340635,1.340265,1.340465
1783614900,1.34047,1.340895,1.340375,1.34087
1783615200,1.34087,1.341045,1.340765,1.340985
1783615500,1.34099,1.341115,1.340975,1.341065
1783615800,1.34106,1.341185,1.340955,1.341135
1783616100,1.34114,1.3412,1.340935,1.340985
1783616400,1.34098,1.341205,1.34079,1.34091
1783616700,1.340905,1.341065,1.34079,1.34098
1783617000,1.340985,1.34106,1.3408,1.340985
1783617300,1.34099,1.341285,1.34089,1.341285
1783617600,1.341285,1.341485,1.341215,1.341395
1783617900,1.3414,1.34149,1.341295,1.34146
1783618200,1.34147,1.341575,1.341305,1.341415
1783618500,1.34141,1.341465,1.341265,1.34127
1783618800,1.34127,1.341325,1.34117,1.341305
1783619100,1.341305,1.341565,1.341305,1.341505
1783619400,1.34151,1.34162,1.34147,1.34154
1783619700,1.34155,1.34165,1.34141,1.34161
1783620000,1.34162,1.341795,1.34159,1.34169
1783620300,1.34169,1.34193,1.341575,1.341875
1783620600,1.34188,1.34193,1.341685,1.34187
1783620900,1.341865,1.34192,1.341525,1.341565
1783621200,1.34157,1.341585,1.341345,1.341395
1783621500,1.34139,1.3415,1.34119,1.34123
1783621800,1.341245,1.341325,1.34116,1.341215
1783622100,1.34121,1.34129,1.34105,1.34109
1783622400,1.341085,1.341415,1.341085,1.341375
1783622700,1.341375,1.3416,1.34133,1.3416
1783623000,1.341595,1.34161,1.341355,1.341475
1783623300,1.34148,1.341645,1.341475,1.341555
1783623600,1.34156,1.341745,1.341455,1.341555
1783623900,1.34155,1.341615,1.341365,1.341385
1783624200,1.341385,1.341395,1.341255,1.34137
1783624500,1.34137,1.3416,1.34137,1.34151
1783624800,1.341515,1.34153,1.341295,1.341295
1783625100,1.3413,1.341305,1.341005,1.341055
1783625400,1.341065,1.34108,1.340645,1.34067
1783625700,1.340675,1.340995,1.340675,1.340945
1783626000,1.34094,1.34098,1.34054,1.340545
1783626300,1.34054,1.34068,1.34048,1.34061
1783626600,1.340605,1.340645,1.34056,1.3406
1783626900,1.340605,1.340835,1.34051,1.34075
1783627200,1.34074,1.340905,1.34069,1.34085
1783627500,1.340845,1.341135,1.340725,1.341005
1783627800,1.341005,1.34104,1.3409,1.341
1783628100,1.341,1.341075,1.34096,1.34104
1783628400,1.34104,1.34105,1.34098,1.34099
1783628700,1.340995,1.341085,1.34093,1.34094
1783629000,1.340935,1.341055,1.34091,1.341025
1783629300,1.34102,1.34102,1.34091,1.340945
1783629600,1.340945,1.341015,1.340935,1.340995
1783629900,1.34099,1.340995,1.34088,1.340915
1783630200,1.34091,1.34091,1.34077,1.340865
1783630500,1.340865,1.340895,1.34081,1.34082
1783630800,1.34082,1.34082,1.34082,1.34082
1783631100,1.34082,1.340855,1.34043,1.34047
1783631400,1.34047,1.34063,1.34026,1.340305
1783631700,1.340305,1.34039,1.34013,1.34036
1783632000,1.34036,1.34063,1.34036,1.34062
1783632300,1.34062,1.34072,1.34019,1.3402
1783632600,1.340225,1.340985,1.340215,1.34087
1783632900,1.34087,1.340945,1.340545,1.34068
1783633200,1.340695,1.34089,1.340605,1.340805
1783633500,1.34068,1.340795,1.340255,1.34027
1783633800,1.340255,1.340725,1.340165,1.340205
1783634100,1.340345,1.34143,1.340105,1.34046
1783634400,1.340525,1.340935,1.340485,1.340935
1783634700,1.34094,1.34122,1.34094,1.341025
1783635000,1.34102,1.341065,1.340985,1.341005
1783635300,1.341005,1.34122,1.341005,1.34121
1783635600,1.3412,1.34121,1.341105,1.34114
1783635900,1.34114,1.3412,1.341115,1.34116
1783636200,1.34117,1.341195,1.34113,1.341175
1783636500,1.341175,1.341275,1.34114,1.341215
1783636800,1.34121,1.34126,1.341185,1.341185
1783637100,1.341185,1.341265,1.341185,1.341245
1783637400,1.341245,1.341295,1.341245,1.341255
1783637700,1.341255,1.341275,1.34121,1.341215
1783638000,1.34122,1.341285,1.341205,1.34122
1783638300,1.34122,1.341295,1.34122,1.34129
1783638600,1.34129,1.341295,1.34122,1.34126
1783638900,1.34126,1.34126,1.341205,1.341205
1783639200,1.341205,1.34122,1.34111,1.34111
1783639500,1.34111,1.341115,1.3411,1.34111
1783639800,1.34111,1.341115,1.3411,1.341105
1783640100,1.341105,1.34126,1.341095,1.341205
1783640400,1.341205,1.34131,1.34119,1.341295
1783640700,1.3413,1.34131,1.341175,1.3412
1783641000,1.3412,1.341215,1.34116,1.341205
1783641300,1.341205,1.34136,1.341185,1.34136
1783641600,1.341355,1.34136,1.34106,1.34122
1783641900,1.341225,1.341315,1.34107,1.341095
1783642200,1.34109,1.34115,1.3409,1.340925
1783642500,1.34092,1.34104,1.34092,1.34099
1783642800,1.340995,1.341045,1.34085,1.340885
1783643100,1.34089,1.340975,1.340865,1.34097
1783643400,1.34097,1.341035,1.34087,1.34091
1783643700,1.34091,1.34117,1.34091,1.34115
1783644000,1.34115,1.34151,1.34115,1.34146
1783644300,1.341455,1.341945,1.341455,1.34191
1783644600,1.341905,1.3421,1.34182,1.3421
1783644900,1.342095,1.342495,1.34202,1.34226
1783645200,1.342255,1.342265,1.341975,1.342185
1783645500,1.34218,1.342725,1.34202,1.342615
1783645800,1.34261,1.342905,1.34258,1.34289
1783646100,1.342895,1.343205,1.342885,1.34317
1783646400,1.343175,1.343175,1.34268,1.342735
1783646700,1.342745,1.34279,1.34259,1.342725
1783647000,1.34272,1.342995,1.342675,1.34298
1783647300,1.34299,1.343155,1.342615,1.34275
1783647600,1.342745,1.34299,1.34262,1.342805
1783647900,1.3428,1.343185,1.34268,1.34315
1783648200,1.343155,1.34339,1.34314,1.34328
1783648500,1.343275,1.34388,1.343275,1.34349
1783648800,1.343495,1.343655,1.34338,1.343545
1783649100,1.34355,1.34464,1.343545,1.344515
1783649400,1.344505,1.34474,1.344475,1.344715
1783649700,1.34471,1.34511,1.34468,1.34499
1783650000,1.34499,1.345085,1.34459,1.34469
1783650300,1.344685,1.34495,1.344565,1.34458
1783650600,1.344585,1.34462,1.34434,1.344475
1783650900,1.34447,1.34451,1.34426,1.34439
1783651200,1.344395,1.3449,1.34437,1.344785
1783651500,1.34479,1.344985,1.344705,1.344835
1783651800,1.34483,1.34518,1.34482,1.345115
1783652100,1.34511,1.34511,1.34481,1.344835
1783652400,1.34484,1.34495,1.344635,1.34477
1783652700,1.344765,1.344985,1.34463,1.34493
1783653000,1.344925,1.34493,1.344525,1.34457
1783653300,1.344575,1.3446,1.344455,1.344525
1783653600,1.34452,1.34454,1.344245,1.344285
1783653900,1.34428,1.344585,1.34428,1.34456
1783654200,1.344565,1.344725,1.34451,1.34468
1783654500,1.344675,1.34468,1.3444,1.34457
1783654800,1.34457,1.344585,1.344415,1.344495
1783655100,1.34448,1.34449,1.344105,1.34411
1783655400,1.34412,1.34427,1.34402,1.344035
1783655700,1.34403,1.34408,1.34374,1.343925
1783656000,1.34392,1.34392,1.343645,1.34371
1783656300,1.343695,1.343735,1.3436,1.34367
1783656600,1.343665,1.343775,1.34358,1.343745
1783656900,1.343745,1.343745,1.343495,1.34356
1783657200,1.34356,1.34357,1.34326,1.34328
1783657500,1.34328,1.343475,1.343255,1.343465
1783657800,1.34346,1.34349,1.343345,1.343385
1783658100,1.34338,1.34341,1.34329,1.34331
1783658400,1.34331,1.34332,1.34299,1.343
1783658700,1.342995,1.343065,1.342845,1.3429
1783659000,1.342895,1.342905,1.34279,1.3428
1783659300,1.342805,1.343055,1.342745,1.34305
1783659600,1.343055,1.343225,1.34296,1.343185
1783659900,1.34319,1.343325,1.34308,1.34312
1783660200,1.343115,1.34319,1.34296,1.342985
1783660500,1.342985,1.343075,1.34284,1.342855
1783660800,1.34286,1.34287,1.34266,1.342715
1783661100,1.34271,1.342735,1.342605,1.34267
1783661400,1.342665,1.342675,1.342505,1.342505
1783661700,1.342505,1.342515,1.342265,1.342275
1783662000,1.34228,1.34249,1.342165,1.34244
1783662300,1.342445,1.34275,1.34244,1.3427
1783662600,1.342695,1.34292,1.34266,1.342685
1783662900,1.34268,1.34281,1.34261,1.342725
1783663200,1.34273,1.34311,1.34269,1.342865
1783663500,1.34287,1.34331,1.342865,1.343185
1783663800,1.34318,1.343605,1.34315,1.34337
1783664100,1.343375,1.34355,1.34281,1.343545
1783664400,1.34354,1.34358,1.34326,1.343265
1783664700,1.343275,1.343305,1.342755,1.34276
1783665000,1.342755,1.343075,1.342705,1.343075
1783665300,1.343065,1.34343,1.342965,1.34329
1783665600,1.34329,1.34331,1.342715,1.34272
1783665900,1.342715,1.342765,1.34242,1.34246
1783666200,1.34245,1.342705,1.342415,1.342655
1783666500,1.34265,1.342795,1.34256,1.34265
1783666800,1.34266,1.34298,1.34236,1.34258
1783667100,1.34258,1.342785,1.342555,1.342665
1783667400,1.34267,1.34299,1.34256,1.34266
1783667700,1.34266,1.342885,1.342485,1.342745
1783668000,1.34275,1.342845,1.342465,1.342575
1783668300,1.34258,1.34266,1.34235,1.342565
1783668600,1.34256,1.34267,1.342375,1.342485
1783668900,1.34249,1.342825,1.34243,1.34268
1783669200,1.342675,1.34308,1.34265,1.34288
1783669500,1.342875,1.34293,1.342345,1.342585
1783669800,1.342595,1.342765,1.342365,1.342375
1783670100,1.342375,1.34241,1.342035,1.34214
1783670400,1.342145,1.34265,1.3419,1.342205
1783670700,1.34221,1.3424,1.342085,1.342115
1783671000,1.342125,1.342255,1.34174,1.34177
1783671300,1.341765,1.341995,1.341595,1.341915
1783671600,1.34191,1.34197,1.34152,1.34153
1783671900,1.341535,1.3416,1.34127,1.341475
1783672200,1.34148,1.34181,1.34148,1.341625
1783672500,1.341625,1.34163,1.34125,1.341305
1783672800,1.3413,1.341415,1.34107,1.341305
1783673100,1.3413,1.34133,1.341065,1.34128
1783673400,1.341285,1.34133,1.34085,1.34107
1783673700,1.34106,1.34124,1.340975,1.340985
1783674000,1.340975,1.34158,1.3409,1.341575
1783674300,1.34157,1.34157,1.341065,1.3411
1783674600,1.341105,1.341465,1.341065,1.341385
1783674900,1.34139,1.3415,1.341245,1.341305
1783675200,1.34131,1.341585,1.34122,1.34158
1783675500,1.341585,1.34164,1.341475,1.3415
1783675800,1.341505,1.34162,1.341305,1.34131
1783676100,1.341315,1.34145,1.34118,1.34141
1783676400,1.341415,1.34153,1.34118,1.34118
1783676700,1.341185,1.34141,1.341125,1.3413
1783677000,1.341295,1.34143,1.34097,1.341175
1783677300,1.34117,1.34131,1.34095,1.340995
1783677600,1.341,1.34124,1.34099,1.34122
1783677900,1.34122,1.34153,1.34122,1.341265
1783678200,1.34126,1.34154,1.341225,1.34142
1783678500,1.341415,1.3418,1.34138,1.34179
1783678800,1.341785,1.342185,1.34175,1.342135
1783679100,1.34213,1.342285,1.34195,1.34221
1783679400,1.342205,1.342325,1.34186,1.341995
1783679700,1.34199,1.342325,1.341945,1.342215
1783680000,1.34221,1.342215,1.34179,1.34204
1783680300,1.342045,1.34233,1.34176,1.342145
1783680600,1.34215,1.342945,1.34207,1.3429
1783680900,1.342905,1.343655,1.342685,1.34327
1783681200,1.343265,1.34375,1.34313,1.34354
1783681500,1.343545,1.343585,1.34284,1.342885
1783681800,1.342885,1.3431,1.3428,1.34294
1783682100,1.342935,1.343,1.342635,1.34288
1783682400,1.342875,1.34298,1.34269,1.34271
1783682700,1.34271,1.34273,1.342155,1.34245
1783683000,1.342455,1.342505,1.34209,1.342275
1783683300,1.34227,1.342315,1.34175,1.341805
1783683600,1.34181,1.34238,1.34176,1.342205
1783683900,1.34221,1.342495,1.342145,1.342415
1783684200,1.342415,1.342805,1.34236,1.34239
1783684500,1.342385,1.34273,1.3423,1.342615
1783684800,1.342615,1.342725,1.34196,1.34201
1783685100,1.342015,1.342315,1.34196,1.34227
1783685400,1.34226,1.34369,1.342095,1.342855
1783685700,1.342845,1.34297,1.342335,1.34253
1783686000,1.342525,1.34262,1.34236,1.342415
1783686300,1.34241,1.342805,1.342265,1.34227
1783686600,1.34228,1.342405,1.341775,1.341875
1783686900,1.34187,1.34232,1.341745,1.34231
1783687200,1.342315,1.34241,1.341615,1.3417
1783687500,1.341705,1.341885,1.34141,1.341785
1783687800,1.34177,1.341895,1.34157,1.34171
1783688100,1.341715,1.34214,1.341655,1.342095
1783688400,1.3421,1.342135,1.34141,1.34151
1783688700,1.341515,1.34159,1.3411,1.34141
1783689000,1.34142,1.341595,1.34114,1.341475
1783689300,1.341465,1.341505,1.341215,1.341495
1783689600,1.3415,1.341675,1.341275,1.341305
1783689900,1.341295,1.341365,1.34105,1.34116
1783690200,1.34117,1.3414,1.34101,1.34118
1783690500,1.341175,1.34169,1.34106,1.341675
1783690800,1.34167,1.34179,1.341505,1.341585
1783691100,1.34158,1.34159,1.341155,1.341165
1783691400,1.34117,1.341415,1.34101,1.341035
1783691700,1.34103,1.34105,1.34041,1.3406
1783692000,1.34059,1.340615,1.34009,1.34037
1783692300,1.340365,1.34051,1.340225,1.34046
1783692600,1.34047,1.34068,1.340375,1.34067
1783692900,1.340675,1.340905,1.34044,1.34086
1783693200,1.340865,1.341325,1.340805,1.340905
1783693500,1.3409,1.341345,1.340875,1.34117
1783693800,1.341165,1.34138,1.33919,1.34055
1783694100,1.34054,1.34127,1.3403,1.34095
1783694400,1.34096,1.341235,1.34086,1.340895
1783694700,1.3409,1.34103,1.34064,1.34086
1783695000,1.340865,1.341025,1.34054,1.34098
1783695300,1.340975,1.341065,1.340285,1.34096
1783695600,1.340965,1.341255,1.340785,1.340975
1783695900,1.34097,1.34128,1.34077,1.341135
1783696200,1.34114,1.341475,1.34109,1.34128
1783696500,1.341275,1.34183,1.34126,1.34171
1783696800,1.341715,1.34208,1.34166,1.341795
1783697100,1.34179,1.342055,1.34173,1.34198
1783697400,1.341975,1.3421,1.341675,1.34208
1783697700,1.342075,1.34216,1.34183,1.342095
1783698000,1.34209,1.342185,1.34179,1.34183
1783698300,1.34182,1.34199,1.341675,1.34182
1783698600,1.34183,1.341965,1.341665,1.341805
1783698900,1.3418,1.342185,1.3417,1.34207
1783699200,1.342065,1.34224,1.34192,1.342085
1783699500,1.342075,1.34227,1.34188,1.34218
1783699800,1.342175,1.342295,1.341935,1.342155
1783700100,1.34216,1.342335,1.34163,1.34168
1783700400,1.341675,1.34189,1.341525,1.34184
1783700700,1.341845,1.34204,1.341775,1.342025
1783701000,1.34202,1.34212,1.34186,1.341865
1783701300,1.341865,1.34203,1.341765,1.341765
1783701600,1.34176,1.341955,1.341745,1.34176
1783701900,1.341765,1.34186,1.34167,1.341685
1783702200,1.34169,1.341855,1.34138,1.34145
1783702500,1.34146,1.34146,1.34109,1.3411
1783702800,1.341095,1.341275,1.34081,1.340825
1783703100,1.34083,1.340955,1.340425,1.34047
1783703400,1.34046,1.34073,1.34043,1.340615
1783703700,1.34061,1.34078,1.340295,1.34034
1783704000,1.340335,1.340465,1.34016,1.34016
1783704300,1.340165,1.34036,1.340065,1.34036
1783704600,1.340355,1.340455,1.34022,1.340275
1783704900,1.34027,1.34028,1.339935,1.34
1783705200,1.339995,1.34028,1.33995,1.340245
1783705500,1.340235,1.340455,1.340215,1.34036
1783705800,1.34036,1.340505,1.340265,1.340325
1783706100,1.34033,1.340355,1.33992,1.34001
1783706400,1.340015,1.34006,1.339865,1.33995
1783706700,1.339945,1.34002,1.339815,1.339865
1783707000,1.339855,1.34007,1.339825,1.339895
1783707300,1.3399,1.33999,1.33984,1.339895
1783707600,1.339885,1.34005,1.339745,1.339755
1783707900,1.33976,1.340035,1.339695,1.33976
1783708200,1.339765,1.339955,1.33965,1.339855
1783708500,1.33985,1.33994,1.339435,1.339485
1783708800,1.33948,1.339505,1.33927,1.339365
1783709100,1.339375,1.33968,1.33936,1.339675
1783709400,1.33967,1.339795,1.339505,1.33963
1783709700,1.339625,1.33985,1.33955,1.339835
1783710000,1.33984,1.339885,1.339605,1.339615
1783710300,1.33962,1.339685,1.33953,1.33962
1783710600,1.339625,1.33966,1.339475,1.339605
1783710900,1.3396,1.33976,1.339595,1.33972
1783711200,1.33971,1.33978,1.33962,1.33975
1783711500,1.33974,1.33977,1.339615,1.339715
1783711800,1.33972,1.33986,1.339655,1.339725
1783712100,1.33973,1.33978,1.33963,1.33975
1783712400,1.339745,1.339825,1.339605,1.339655
1783712700,1.339665,1.339665,1.33955,1.33963
1783713000,1.339635,1.339755,1.33963,1.33974
1783713300,1.339745,1.33996,1.339705,1.339835
1783713600,1.33983,1.340085,1.33983,1.33996
1783713900,1.339965,1.340015,1.33974,1.339745
1783714200,1.339755,1.33992,1.33975,1.33991
1783714500,1.339905,1.339945,1.339785,1.33986
1783714800,1.33986,1.340015,1.33986,1.33996
1783715100,1.33997,1.339985,1.33976,1.339795
1783715400,1.33979,1.33979,1.33956,1.339625
1783715700,1.33961,1.339645,1.33941,1.33945
1783716000,1.339445,1.33971,1.33944,1.339555
1783716300,1.33956,1.33963,1.339515,1.339555
1783716600,1.33957,1.339625,1.339495,1.339605
1783716900,1.33961,1.340245,1.339525,1.340025
1783890000,1.340025,1.340025,1.33884,1.33899
1783890300,1.33884,1.33884,1.3387,1.338735
1783890600,1.338735,1.3389,1.33872,1.338825
1783890900,1.33882,1.33885,1.33881,1.33884
1783891200,1.33884,1.338925,1.33884,1.338915
1783891500,1.338915,1.33894,1.338865,1.33892
1783891800,1.338875,1.33893,1.338845,1.338855
1783892100,1.338855,1.338855,1.338765,1.33879
1783892400,1.338795,1.33881,1.33874,1.338745
1783892700,1.33874,1.338755,1.33874,1.338755
1783893000,1.338755,1.33876,1.338745,1.33876
1783893300,1.33876,1.338775,1.338695,1.33876
1783893600,1.338805,1.33881,1.337445,1.338005
1783893900,1.338,1.338,1.336885,1.337485
1783894200,1.33749,1.337755,1.33722,1.33728
1783894500,1.337295,1.33769,1.33715,1.337625
1783894800,1.337625,1.337705,1.33754,1.337685
1783895100,1.337685,1.33796,1.337675,1.337805
1783895400,1.33781,1.33792,1.33769,1.33782
1783895700,1.33782,1.337835,1.33762,1.337655
1783896000,1.337655,1.337715,1.337495,1.337525
1783896300,1.33752,1.33766,1.337495,1.33765
1783896600,1.33765,1.337695,1.33743,1.337525
1783896900,1.33751,1.33754,1.337455,1.337515
1783897200,1.337515,1.337515,1.337305,1.337315
1783897500,1.33731,1.337405,1.337265,1.337355
1783897800,1.33736,1.33762,1.337235,1.3376
1783898100,1.3376,1.337615,1.3375,1.33761
1783898400,1.33761,1.33771,1.337495,1.33757
1783898700,1.33757,1.33764,1.33752,1.33763
1783899000,1.337625,1.337695,1.33752,1.337555
1783899300,1.33756,1.337735,1.33753,1.33771
1783899600,1.337715,1.337935,1.33771,1.337825
1783899900,1.337825,1.33842,1.3378,1.338195
1783900200,1.3382,1.338435,1.33818,1.33822
1783900500,1.338215,1.33864,1.33802,1.33863
1783900800,1.33865,1.338695,1.33825,1.338405
1783901100,1.33841,1.3386,1.33833,1.338415
1783901400,1.33841,1.33857,1.338305,1.33835
1783901700,1.33834,1.33842,1.33788,1.33796
1783902000,1.337965,1.338735,1.337945,1.33856
1783902300,1.338565,1.338575,1.338255,1.33832
1783902600,1.338325,1.33848,1.33801,1.33804
1783902900,1.338045,1.338145,1.33771,1.337815
1783903200,1.33782,1.33803,1.337705,1.33783
1783903500,1.337835,1.33802,1.33766,1.33771
1783903800,1.33772,1.33785,1.337535,1.337745
1783904100,1.337755,1.33782,1.33756,1.33762
1783904400,1.337625,1.33764,1.337135,1.3372
1783904700,1.337195,1.337295,1.336985,1.337035
1783905000,1.337045,1.33734,1.337,1.33716
1783905300,1.337155,1.33752,1.337135,1.33741
1783905600,1.337405,1.337485,1.336665,1.336955
1783905900,1.33696,1.33731,1.33688,1.3373
1783906200,1.33731,1.33759,1.33722,1.337335
1783906500,1.33734,1.337905,1.33729,1.337755
1783906800,1.33775,1.337995,1.337685,1.33795
1783907100,1.337955,1.338355,1.337905,1.338325
1783907400,1.33833,1.338375,1.33793,1.338005
1783907700,1.338,1.338345,1.33777,1.338335
1783908000,1.33835,1.33845,1.3376,1.3377
1783908300,1.337705,1.33792,1.337695,1.33783
1783908600,1.337825,1.33802,1.337795,1.337845
1783908900,1.337835,1.33802,1.33774,1.33791
1783909200,1.337915,1.338115,1.3379,1.33794
1783909500,1.33794,1.33802,1.337755,1.33792
1783909800,1.33793,1.33803,1.337795,1.33795
1783910100,1.33796,1.338385,1.33795,1.338255
1783910400,1.33825,1.33832,1.338175,1.338315
1783910700,1.33831,1.338325,1.337985,1.338055
1783911000,1.33805,1.33806,1.337805,1.337845
1783911300,1.33785,1.33791,1.33767,1.33767
1783911600,1.33766,1.337785,1.33726,1.33739
1783911900,1.337385,1.337425,1.337245,1.33734
1783912200,1.33734,1.337435,1.33711,1.337435
1783912500,1.33743,1.337575,1.337395,1.33754
1783912800,1.33755,1.33768,1.33752,1.337625
1783913100,1.337635,1.33766,1.33746,1.337615
1783913400,1.33761,1.337815,1.337565,1.33761
1783913700,1.337605,1.337715,1.33755,1.337675
1783914000,1.33767,1.337775,1.337665,1.337705
1783914300,1.33771,1.3379,1.33771,1.33787
1783914600,1.337865,1.33795,1.33762,1.33769
1783914900,1.337695,1.337845,1.337635,1.337835
1783915200,1.33784,1.337845,1.33749,1.33754
1783915500,1.337535,1.337745,1.33751,1.337695
1783915800,1.3377,1.337825,1.337585,1.33782
1783916100,1.337815,1.33791,1.33771,1.337885
1783916400,1.33788,1.33798,1.337845,1.337865
1783916700,1.33787,1.33815,1.33786,1.33814
1783917000,1.338145,1.33823,1.33809,1.33814
1783917300,1.338145,1.338215,1.33806,1.3382
1783917600,1.338205,1.338205,1.337955,1.337985
1783917900,1.337985,1.33809,1.33796,1.33802
1783918200,1.338015,1.338305,1.33801,1.33829
1783918500,1.338295,1.33849,1.33829,1.3384
1783918800,1.338395,1.338545,1.33834,1.33842
1783919100,1.338425,1.33869,1.338335,1.33867
1783919400,1.338665,1.338785,1.338595,1.338655
1783919700,1.338645,1.338675,1.338295,1.33832
1783920000,1.338325,1.33835,1.337985,1.338065
1783920300,1.33807,1.33815,1.337895,1.337945
1783920600,1.33794,1.338235,1.337735,1.338215
1783920900,1.33821,1.33832,1.33798,1.33811
1783921200,1.338105,1.338195,1.33791,1.33792
1783921500,1.337915,1.33817,1.337905,1.338145
1783921800,1.338155,1.338455,1.3378,1.33791
1783922100,1.337915,1.338055,1.337825,1.337955
1783922400,1.33795,1.33809,1.33778,1.338
1783922700,1.337995,1.338085,1.337745,1.337845
1783923000,1.33784,1.3381,1.33778,1.337935
1783923300,1.33793,1.338355,1.33791,1.33827
1783923600,1.338275,1.338735,1.33822,1.33857
1783923900,1.33857,1.33886,1.33856,1.338835
1783924200,1.338835,1.33923,1.338635,1.33868
1783924500,1.338675,1.339035,1.338655,1.33894
1783924800,1.338935,1.33897,1.33847,1.338545
1783925100,1.33854,1.338545,1.338135,1.33817
1783925400,1.338165,1.338375,1.33742,1.337725
1783925700,1.33773,1.337855,1.337605,1.337845
1783926000,1.337855,1.338505,1.33776,1.33843
1783926300,1.338425,1.338665,1.338155,1.338555
1783926600,1.33856,1.338895,1.33836,1.33852
1783926900,1.338525,1.33857,1.338245,1.338315
1783927200,1.33832,1.33878,1.338315,1.338585
1783927500,1.33858,1.33875,1.338465,1.33863
1783927800,1.338635,1.338635,1.337865,1.338195
1783928100,1.3382,1.339375,1.338155,1.33907
1783928400,1.33908,1.339235,1.33852,1.33857
1783928700,1.338575,1.338765,1.33845,1.338565
1783929000,1.33856,1.339295,1.3385,1.33921
1783929300,1.339205,1.339555,1.33914,1.339325
1783929600,1.33933,1.33959,1.33926,1.33956
1783929900,1.339555,1.34007,1.339455,1.34006
1783930200,1.340065,1.340655,1.340005,1.340355
1783930500,1.34036,1.341175,1.34032,1.340615
1783930800,1.34062,1.340725,1.34029,1.34032
1783931100,1.340315,1.340355,1.33983,1.339935
1783931400,1.33994,1.34016,1.33983,1.339995
1783931700,1.340005,1.34008,1.33972,1.33984
1783932000,1.339835,1.33995,1.339765,1.339935
1783932300,1.33993,1.34016,1.339875,1.340045
1783932600,1.34005,1.340165,1.339695,1.339995
1783932900,1.34,1.340005,1.33941,1.33944
1783933200,1.33943,1.339485,1.33912,1.33946
1783933500,1.33946,1.339585,1.339205,1.339295
1783933800,1.339295,1.33933,1.339105,1.339175
1783934100,1.33917,1.33943,1.33883,1.338925
1783934400,1.33893,1.33907,1.338835,1.33885
1783934700,1.33885,1.33906,1.3385,1.338975
1783935000,1.33897,1.339435,1.338775,1.338835
1783935300,1.33884,1.33903,1.33873,1.33874
1783935600,1.338745,1.339155,1.33872,1.339045
1783935900,1.33905,1.33922,1.33891,1.339045
1783936200,1.33904,1.33906,1.33869,1.338905
1783936500,1.3389,1.33916,1.3389,1.339095
1783936800,1.33909,1.33932,1.33899,1.339235
1783937100,1.33924,1.33934,1.33904,1.339225
1783937400,1.33922,1.339345,1.33884,1.338935
1783937700,1.33893,1.338935,1.3383,1.33834
1783938000,1.338345,1.338495,1.33822,1.33846
1783938300,1.338465,1.33852,1.33816,1.33832
1783938600,1.338315,1.338545,1.338205,1.338325
1783938900,1.33833,1.33869,1.33824,1.338665
1783939200,1.33867,1.33879,1.33852,1.3386
1783939500,1.338595,1.33926,1.338555,1.33924
1783939800,1.339235,1.33967,1.339135,1.339645
1783940100,1.33964,1.339905,1.33942,1.33988
1783940400,1.339885,1.340125,1.339715,1.34004
1783940700,1.340045,1.340255,1.339535,1.339585
1783941000,1.33958,1.33963,1.33923,1.33953
1783941300,1.339525,1.33955,1.338705,1.338725
1783941600,1.33873,1.33897,1.338535,1.33891
1783941900,1.33887,1.33935,1.338725,1.33914
1783942200,1.339135,1.33932,1.339065,1.33925
1783942500,1.339255,1.339265,1.33897,1.339065
1783942800,1.33906,1.33955,1.339055,1.339545
1783943100,1.33955,1.33955,1.339175,1.33947
1783943400,1.339465,1.339535,1.339345,1.339475
1783943700,1.33948,1.3397,1.33927,1.33935
1783944000,1.339345,1.339625,1.339145,1.339265
1783944300,1.33927,1.339365,1.338665,1.338745
1783944600,1.33874,1.33903,1.338315,1.33855
1783944900,1.338555,1.33886,1.33846,1.33868
1783945200,1.338685,1.339105,1.338495,1.33904
1783945500,1.339045,1.339155,1.338605,1.33903
1783945800,1.339025,1.33945,1.338875,1.33944
1783946100,1.339445,1.33965,1.339305,1.33932
1783946400,1.33932,1.339725,1.339315,1.33945
1783946700,1.339445,1.33958,1.33934,1.33935
1783947000,1.33934,1.339415,1.33899,1.339235
1783947300,1.339245,1.33991,1.33924,1.33989
1783947600,1.3399,1.340235,1.33972,1.339855
1783947900,1.33985,1.33992,1.339665,1.339825
1783948200,1.33983,1.33986,1.339145,1.33934
1783948500,1.339335,1.33956,1.339325,1.33944
1783948800,1.339445,1.33987,1.339325,1.33946
1783949100,1.339465,1.339635,1.339225,1.33941
1783949400,1.339415,1.33954,1.3392,1.33933
1783949700,1.33934,1.33983,1.33897,1.338975
1783950000,1.33897,1.339125,1.33851,1.33874
1783950300,1.338735,1.338915,1.33849,1.338515
1783950600,1.33852,1.33896,1.33837,1.33888
1783950900,1.33887,1.339,1.33851,1.338525
1783951200,1.338515,1.338745,1.33791,1.33803
1783951500,1.33803,1.338395,1.33793,1.338175
1783951800,1.33818,1.338185,1.337765,1.33796
1783952100,1.337955,1.338165,1.336355,1.337165
1783952400,1.33716,1.337885,1.33689,1.33778
1783952700,1.337785,1.33796,1.337535,1.33792
1783953000,1.337915,1.338025,1.337675,1.33769
1783953300,1.337695,1.33774,1.337285,1.337375
1783953600,1.33738,1.33739,1.33679,1.33721
1783953900,1.33721,1.337945,1.33696,1.33744
1783954200,1.337435,1.33749,1.336905,1.336905
1783954500,1.33691,1.337885,1.336675,1.337875
1783954800,1.337885,1.33794,1.33743,1.337455
1783955100,1.33746,1.337855,1.337415,1.33771
1783955400,1.337715,1.337715,1.33721,1.337365
1783955700,1.33736,1.33757,1.337035,1.337565
1783956000,1.33757,1.33792,1.33751,1.33774
1783956300,1.337735,1.33796,1.3376,1.337855
1783956600,1.33786,1.33794,1.337555,1.33762
1783956900,1.337625,1.337955,1.337545,1.33776
1783957200,1.33775,1.33802,1.33761,1.33784
1783957500,1.337845,1.33788,1.337485,1.33781
1783957800,1.3378,1.337925,1.33756,1.337915
1783958100,1.33791,1.33821,1.33782,1.338025
1783958400,1.338035,1.338165,1.33785,1.33804
1783958700,1.338045,1.33823,1.33799,1.338165
1783959000,1.33817,1.338445,1.33811,1.338225
1783959300,1.33823,1.338305,1.33793,1.33797
1783959600,1.33796,1.337965,1.33762,1.33762
1783959900,1.337625,1.33773,1.33688,1.33708
1783960200,1.337085,1.33717,1.33603,1.336125
1783960500,1.33613,1.33636,1.33576,1.336255
1783960800,1.336235,1.33686,1.336015,1.33682
1783961100,1.336825,1.33705,1.336,1.336295
1783961400,1.3363,1.336435,1.33575,1.336025
1783961700,1.336035,1.336335,1.335855,1.33631
1783962000,1.336315,1.336375,1.33595,1.33623
1783962300,1.336235,1.33666,1.33621,1.336605
1783962600,1.33661,1.336615,1.336215,1.33624
1783962900,1.336235,1.336405,1.336115,1.33628
1783963200,1.336275,1.33635,1.336105,1.336125
1783963500,1.33613,1.336195,1.335925,1.336035
1783963800,1.33604,1.33617,1.33592,1.33614
1783964100,1.336135,1.33615,1.335855,1.33592
1783964400,1.335925,1.336125,1.33568,1.33606
1783964700,1.336055,1.33632,1.335935,1.335985
1783965000,1.33598,1.336035,1.33574,1.33589
1783965300,1.335895,1.335945,1.335785,1.335855
1783965600,1.335865,1.335955,1.335635,1.335735
1783965900,1.33574,1.336035,1.33571,1.33584
1783966200,1.335845,1.335845,1.33554,1.33571
1783966500,1.335715,1.33577,1.33546,1.335625
1783966800,1.33562,1.335655,1.335465,1.335605
1783967100,1.33561,1.335825,1.3356,1.33576
1783967400,1.335765,1.33586,1.33564,1.33574
1783967700,1.335745,1.336035,1.335725,1.33585
1783968000,1.335845,1.33608,1.335755,1.33592
1783968300,1.335925,1.33598,1.3358,1.335875
1783968600,1.33587,1.336095,1.335865,1.33597
1783968900,1.33596,1.33612,1.335835,1.336025
1783969200,1.33602,1.33611,1.33586,1.335955
1783969500,1.335955,1.33599,1.33558,1.3356
1783969800,1.33559,1.3356,1.33526,1.33528
1783970100,1.335285,1.33546,1.33521,1.33536
1783970400,1.33535,1.335455,1.335295,1.335425
1783970700,1.33542,1.33553,1.33531,1.335335
1783971000,1.33534,1.335425,1.335295,1.33541
1783971300,1.335415,1.33542,1.335155,1.335225
1783971600,1.33523,1.335435,1.33522,1.33541
1783971900,1.3354,1.335435,1.3353,1.33535
1783972200,1.33536,1.33538,1.33521,1.33523
1783972500,1.335225,1.33544,1.335155,1.335345
1783972800,1.33535,1.33549,1.33524,1.33544
1783973100,1.33544,1.335455,1.335225,1.33523
1783973400,1.335235,1.335245,1.334905,1.33493
1783973700,1.33493,1.334965,1.334675,1.334905
1783974000,1.33491,1.33493,1.33424,1.3343
1783974300,1.334305,1.334535,1.334305,1.334505
1783974600,1.3345,1.33454,1.334395,1.334505
1783974900,1.3345,1.334535,1.334295,1.33439
1783975200,1.334395,1.334685,1.33434,1.334645
1783975500,1.33464,1.334655,1.334455,1.33447
1783975800,1.334475,1.334525,1.334425,1.334455
1783976100,1.334445,1.334795,1.33443,1.334795
1783976400,1.33474,1.33583,1.334535,1.334555
1783976700,1.33457,1.3347,1.334495,1.33456
1783977000,1.33456,1.33602,1.33448,1.33557
1783977300,1.33557,1.33573,1.3351,1.335175
1783977600,1.335175,1.335225,1.334545,1.335075
1783977900,1.33509,1.335745,1.33481,1.33481
1783978200,1.33481,1.334965,1.334625,1.334965
1783978500,1.334965,1.334965,1.334775,1.334855
1783978800,1.33485,1.3351,1.334685,1.334935
1783979100,1.33484,1.334985,1.334585,1.33489
1783979400,1.33487,1.33497,1.33476,1.33478
1783979700,1.33478,1.33494,1.334575,1.33474
1783980000,1.334705,1.335235,1.334575,1.33502
1783980300,1.335025,1.33506,1.334725,1.33476
1783980600,1.33476,1.334955,1.334695,1.33493
1783980900,1.334925,1.33507,1.334905,1.335045
1783981200,1.33505,1.335065,1.33497,1.33502
1783981500,1.33502,1.335175,1.335015,1.33505
1783981800,1.335055,1.335195,1.33505,1.335065
1783982100,1.335065,1.335135,1.334995,1.335055
1783982400,1.335055,1.335275,1.335035,1.335255
1783982700,1.335265,1.335265,1.335105,1.335115
1783983000,1.335115,1.335125,1.334915,1.334955
1783983300,1.334955,1.334965,1.334835,1.33485
1783983600,1.334845,1.33488,1.334715,1.33486
1783983900,1.334865,1.33499,1.33486,1.33497
1783984200,1.33497,1.33498,1.33484,1.334875
1783984500,1.33487,1.33487,1.33478,1.3348
1783984800,1.3348,1.334905,1.334685,1.33486
1783985100,1.33486,1.334865,1.33474,1.33476
1783985400,1.334765,1.33488,1.33473,1.33485
1783985700,1.33485,1.33496,1.33484,1.334955
1783986000,1.334955,1.33513,1.33479,1.33485
1783986300,1.33485,1.33502,1.33474,1.33486
1783986600,1.33486,1.3349,1.33463,1.334825
1783986900,1.33483,1.33501,1.3347,1.334975
1783987200,1.334985,1.33509,1.334735,1.334795
1783987500,1.3348,1.33502,1.334675,1.33497
1783987800,1.334975,1.33531,1.33497,1.335125
1783988100,1.33513,1.33514,1.33443,1.33443
1783988400,1.334435,1.334675,1.33424,1.33438
1783988700,1.334385,1.33451,1.33431,1.33443
1783989000,1.33444,1.33483,1.33439,1.33472
1783989300,1.334725,1.335075,1.334715,1.335
1783989600,1.334995,1.3355,1.33493,1.33544
1783989900,1.335435,1.335615,1.335235,1.33544
1783990200,1.335445,1.33564,1.33543,1.33555
1783990500,1.335545,1.335745,1.335145,1.33515
1783990800,1.335145,1.33542,1.335065,1.33531
1783991100,1.335295,1.335405,1.33525,1.33529
1783991400,1.335285,1.33533,1.33515,1.33523
1783991700,1.33524,1.335735,1.33522,1.33566
1783992000,1.335655,1.33578,1.335515,1.335585
1783992300,1.335595,1.33562,1.335195,1.33523
1783992600,1.335235,1.33544,1.33516,1.33535
1783992900,1.335345,1.33535,1.33506,1.33519
1783993200,1.335195,1.33544,1.33516,1.335375
1783993500,1.33538,1.33557,1.33531,1.335525
1783993800,1.33553,1.335705,1.335465,1.335525
1783994100,1.33552,1.3357,1.33537,1.33547
1783994400,1.335475,1.33564,1.33545,1.33562
1783994700,1.335625,1.33584,1.335605,1.33572
1783995000,1.335715,1.33582,1.335545,1.335765
1783995300,1.335765,1.33593,1.335725,1.33591
1783995600,1.335915,1.33598,1.33574,1.33581
1783995900,1.335815,1.335955,1.33576,1.335905
1783996200,1.33591,1.336015,1.33571,1.33573
1783996500,1.335725,1.3359,1.33572,1.33586
1783996800,1.335855,1.33601,1.335815,1.335835
1783997100,1.33584,1.33593,1.335775,1.33588
1783997400,1.33588,1.335885,1.33572,1.33574
1783997700,1.335745,1.33577,1.33565,1.335675
1783998000,1.33567,1.33583,1.335455,1.33553
1783998300,1.335535,1.33569,1.33549,1.335625
1783998600,1.33562,1.335935,1.33556,1.335715
1783998900,1.33571,1.335835,1.33553,1.335615
1783999200,1.33562,1.335705,1.335465,1.335625
1783999500,1.335625,1.33592,1.335615,1.335895
1783999800,1.335905,1.33615,1.335835,1.335955
1784000100,1.335965,1.336425,1.335955,1.336255
1784000400,1.33626,1.33629,1.336055,1.336085
1784000700,1.33609,1.336245,1.336075,1.33611
1784001000,1.336115,1.336275,1.336115,1.336235
1784001300,1.33623,1.336255,1.33604,1.336045
1784001600,1.336055,1.33624,1.33604,1.33615
1784001900,1.33615,1.336165,1.33584,1.335905
1784002200,1.3359,1.33603,1.335785,1.33598
1784002500,1.335985,1.33617,1.335965,1.33614
1784002800,1.336145,1.33622,1.33604,1.33607
1784003100,1.336075,1.3361,1.33597,1.33597
1784003400,1.33598,1.33617,1.335925,1.336135
1784003700,1.33614,1.33618,1.33602,1.33616
1784004000,1.336165,1.336165,1.33602,1.33607
1784004300,1.336065,1.33613,1.33593,1.335935
1784004600,1.33593,1.335935,1.335635,1.335835
1784004900,1.33584,1.335965,1.33583,1.335905
1784005200,1.33591,1.336135,1.33589,1.33606
1784005500,1.33607,1.336235,1.336025,1.336135
1784005800,1.33613,1.33627,1.336125,1.33616
1784006100,1.336165,1.336445,1.336135,1.33642
1784006400,1.336425,1.336665,1.33639,1.33654
1784006700,1.336545,1.33663,1.336495,1.336575
1784007000,1.33657,1.336945,1.336565,1.336875
1784007300,1.33688,1.336985,1.336635,1.33668
1784007600,1.336675,1.33687,1.336645,1.33683
1784007900,1.336835,1.336855,1.33667,1.3367
1784008200,1.336705,1.336765,1.336525,1.336535
1784008500,1.336525,1.336525,1.33628,1.3363
1784008800,1.336295,1.3365,1.33616,1.336165
1784009100,1.33617,1.33618,1.335935,1.336065
1784009400,1.336065,1.33628,1.33593,1.335975
1784009700,1.33597,1.33604,1.33565,1.335735
1784010000,1.33573,1.33585,1.33558,1.33567
1784010300,1.335665,1.335665,1.335265,1.335355
1784010600,1.33535,1.33616,1.33531,1.33596
1784010900,1.335955,1.336075,1.335755,1.335835
1784011200,1.33584,1.335875,1.33568,1.33568
1784011500,1.33567,1.335735,1.33538,1.335385
1784011800,1.33539,1.335645,1.335355,1.33554
1784012100,1.335535,1.335825,1.335535,1.335635
1784012400,1.33563,1.33597,1.33545,1.3359
1784012700,1.335895,1.336045,1.33535,1.33548
1784013000,1.335485,1.335485,1.33512,1.33524
1784013300,1.335245,1.33546,1.33517,1.335295
1784013600,1.33529,1.335705,1.335135,1.33565
1784013900,1.335645,1.33609,1.33563,1.33593
1784014200,1.335925,1.33593,1.335445,1.33566
1784014500,1.335655,1.336215,1.335505,1.33608
1784014800,1.33609,1.33617,1.335845,1.33606
1784015100,1.33608,1.336465,1.335865,1.336395
1784015400,1.33639,1.336395,1.33566,1.33598
1784015700,1.335985,1.335985,1.33564,1.335755
1784016000,1.33576,1.336055,1.335385,1.335785
1784016300,1.33579,1.33593,1.33565,1.335765
1784016600,1.33577,1.33601,1.33565,1.33581
1784016900,1.3358,1.33592,1.33548,1.33565
1784017200,1.335645,1.33582,1.335575,1.33578
1784017500,1.335775,1.336195,1.33571,1.33614
1784017800,1.336145,1.336595,1.336145,1.336455
1784018100,1.33645,1.33687,1.33638,1.33686
1784018400,1.336865,1.337465,1.336865,1.33746
1784018700,1.33744,1.33762,1.337245,1.33735
1784019000,1.33735,1.33765,1.33715,1.337565
1784019300,1.33756,1.33765,1.33731,1.33745
1784019600,1.33746,1.33806,1.33739,1.338025
1784019900,1.33803,1.33809,1.337555,1.33757
1784020200,1.337575,1.338065,1.337505,1.338045
1784020500,1.338045,1.338045,1.337415,1.33775
1784020800,1.337755,1.337935,1.337695,1.3378
1784021100,1.337805,1.337975,1.33765,1.337775
1784021400,1.337765,1.33797,1.337735,1.33786
1784021700,1.337865,1.33803,1.337755,1.33779
1784022000,1.337785,1.33791,1.33737,1.3374
1784022300,1.3374,1.338165,1.337375,1.338145
1784022600,1.33814,1.33832,1.337945,1.338235
1784022900,1.33824,1.33836,1.337805,1.33795
1784023200,1.337955,1.338255,1.33782,1.33816
1784023500,1.338155,1.338165,1.33767,1.337765
1784023800,1.33776,1.33786,1.33763,1.337665
1784024100,1.33766,1.337995,1.337625,1.337735
1784024400,1.33774,1.33783,1.337545,1.337585
1784024700,1.33759,1.33775,1.33749,1.337655
1784025000,1.337665,1.337765,1.337455,1.337655
1784025300,1.33765,1.337835,1.337515,1.33765
1784025600,1.337655,1.33774,1.337515,1.337705
1784025900,1.3377,1.33774,1.33745,1.33747
1784026200,1.337465,1.33763,1.33738,1.337465
1784026500,1.33746,1.33752,1.33699,1.337265
1784026800,1.33727,1.33732,1.33662,1.33666
1784027100,1.336665,1.33718,1.33663,1.336975
1784027400,1.33697,1.33726,1.33682,1.337165
1784027700,1.33717,1.337355,1.337045,1.337305
1784028000,1.3373,1.33777,1.337275,1.33775
1784028300,1.337745,1.33775,1.337545,1.337595
1784028600,1.337595,1.33805,1.33759,1.337825
1784028900,1.33783,1.33791,1.3377,1.33787
1784029200,1.33786,1.33799,1.337705,1.33796
1784029500,1.337955,1.33862,1.33793,1.33837
1784029800,1.338365,1.33872,1.338275,1.338515
1784030100,1.3385,1.338595,1.338235,1.338405
1784030400,1.3384,1.33859,1.338255,1.338515
1784030700,1.33851,1.33852,1.33812,1.338385
1784031000,1.33839,1.33869,1.338105,1.338135
1784031300,1.33814,1.33844,1.33804,1.338375
1784031600,1.33837,1.33882,1.33834,1.338695
1784031900,1.338705,1.338945,1.338645,1.33886
1784032200,1.338865,1.344355,1.338445,1.34255
1784032500,1.342545,1.342795,1.341355,1.34203
1784032800,1.34205,1.343335,1.342,1.34333
1784033100,1.343335,1.343785,1.342285,1.34253
1784033400,1.342525,1.34263,1.340405,1.340625
1784033700,1.34062,1.341005,1.340285,1.340935
1784034000,1.34093,1.34193,1.34058,1.341135
1784034300,1.34113,1.341645,1.34073,1.34076
1784034600,1.340765,1.34125,1.339815,1.34028
1784034900,1.34027,1.34121,1.340085,1.340305
1784035200,1.34031,1.34064,1.339915,1.34015
1784035500,1.340155,1.34058,1.34011,1.34021
1784035800,1.340205,1.3408,1.340065,1.34065
1784036100,1.34066,1.341145,1.34057,1.34106
1784036400,1.341065,1.341515,1.34086,1.34138
1784036700,1.341385,1.341585,1.340925,1.34149
1784037000,1.341495,1.341715,1.34114,1.341625
1784037300,1.34163,1.341885,1.34126,1.34159
1784037600,1.341595,1.34211,1.34122,1.341675
1784037900,1.34168,1.34232,1.341575,1.342005
1784038200,1.34201,1.34228,1.34158,1.34161
1784038500,1.341605,1.34169,1.34084,1.34134
1784038800,1.341335,1.34152,1.34076,1.340765
1784039100,1.34077,1.340925,1.33991,1.339935
1784039400,1.33994,1.34208,1.33965,1.340905
1784039700,1.3409,1.341035,1.340485,1.34059
1784040000,1.340595,1.34098,1.34045,1.34095
1784040300,1.340955,1.341255,1.34066,1.34099
1784040600,1.340995,1.341175,1.34041,1.3405
1784040900,1.34049,1.34091,1.340395,1.34052
1784041200,1.34053,1.341415,1.33999,1.340965
1784041500,1.34097,1.341005,1.34049,1.340645
1784041800,1.34065,1.340785,1.34045,1.34072
1784042100,1.340715,1.34077,1.3401,1.3402
1784042400,1.340195,1.340215,1.339695,1.339715
1784042700,1.339715,1.33982,1.33942,1.339795
1784043000,1.3398,1.33994,1.33922,1.33922
1784043300,1.339225,1.33946,1.338845,1.3391
1784043600,1.339105,1.3392,1.33823,1.338715
1784043900,1.33871,1.33919,1.33864,1.338775
1784044200,1.33878,1.33879,1.338065,1.338275
1784044500,1.33828,1.33837,1.33798,1.338275
1784044800,1.33828,1.338375,1.337855,1.33791
1784045100,1.337905,1.337985,1.337555,1.33791
1784045400,1.337915,1.33842,1.337915,1.338275
1784045700,1.33828,1.338345,1.33793,1.338025
1784046000,1.33802,1.338225,1.3379,1.33819
1784046300,1.338185,1.338755,1.33811,1.338625
1784046600,1.33863,1.338925,1.338625,1.338905
1784046900,1.33891,1.33921,1.3389,1.33919
1784047200,1.339185,1.339195,1.338615,1.33869
1784047500,1.3387,1.338825,1.33849,1.3387
1784047800,1.338705,1.339055,1.338495,1.339005
1784048100,1.33901,1.3391,1.33877,1.33889
1784048400,1.338895,1.33911,1.33848,1.338505
1784048700,1.338515,1.33853,1.33795,1.338025
1784049000,1.33802,1.338105,1.337525,1.337535
1784049300,1.33754,1.33759,1.336825,1.336845
1784049600,1.33685,1.33729,1.336815,1.337195
1784049900,1.33719,1.337735,1.337185,1.337685
1784050200,1.337695,1.337855,1.33768,1.337745
1784050500,1.33774,1.337795,1.33758,1.337725
1784050800,1.33772,1.33805,1.337715,1.338005
1784051100,1.33801,1.33817,1.33781,1.338135
1784051400,1.33813,1.33839,1.338,1.338125
1784051700,1.33813,1.33816,1.33766,1.33771
1784052000,1.337715,1.33792,1.33768,1.33782
1784052300,1.337815,1.33794,1.33775,1.337865
1784052600,1.33786,1.338285,1.337735,1.33824
1784052900,1.338245,1.338415,1.3382,1.33822
1784053200,1.338215,1.338375,1.33796,1.33803
1784053500,1.33803,1.338155,1.33792,1.33805
1784053800,1.338045,1.33827,1.33802,1.33823
1784054100,1.338235,1.338285,1.33767,1.337815
1784054400,1.33782,1.33782,1.337095,1.337465
1784054700,1.33747,1.337625,1.33742,1.33751
1784055000,1.337515,1.33774,1.337445,1.337715
1784055300,1.33771,1.33824,1.33767,1.338175
1784055600,1.33818,1.338365,1.3381,1.338225
1784055900,1.33823,1.338315,1.338125,1.33825
1784056200,1.338245,1.338555,1.338135,1.33846
1784056500,1.338465,1.33861,1.33833,1.33861
1784056800,1.338615,1.338695,1.338345,1.338605
1784057100,1.3386,1.33873,1.338555,1.33867
1784057400,1.338675,1.338685,1.338185,1.33847
1784057700,1.338475,1.33863,1.3384,1.338615
1784058000,1.33861,1.33874,1.338525,1.33872
1784058300,1.338725,1.33914,1.3387,1.33893
1784058600,1.338935,1.33908,1.338905,1.33898
1784058900,1.338985,1.339055,1.338775,1.338785
1784059200,1.338795,1.33881,1.338625,1.338805
1784059500,1.338815,1.33891,1.338765,1.338835
1784059800,1.338835,1.338995,1.338715,1.338875
1784060100,1.33887,1.33888,1.338785,1.33883
1784060400,1.33884,1.3389,1.33879,1.33883
1784060700,1.338825,1.338925,1.338725,1.33875
1784061000,1.338745,1.338845,1.338715,1.33874
1784061300,1.33874,1.338955,1.33874,1.33895
1784061600,1.33894,1.338955,1.338845,1.338855
1784061900,1.33886,1.338935,1.33886,1.338925
1784062200,1.33891,1.3391,1.338885,1.339095
1784062500,1.3391,1.3392,1.339005,1.339035
1784062800,1.339035,1.339035,1.338585,1.338605
1784063100,1.338575,1.33899,1.33833,1.338825
1784063400,1.338825,1.338995,1.33806,1.33807
1784063700,1.33831,1.33831,1.33793,1.33793
1784064000,1.33793,1.33879,1.33793,1.33869
1784064300,1.33869,1.33936,1.33862,1.338755
1784064600,1.3387,1.33887,1.3387,1.33886
1784064900,1.33886,1.338935,1.338535,1.33888
1784065200,1.33888,1.338945,1.338625,1.33893
1784065500,1.33885,1.338885,1.338695,1.33881
1784065800,1.33881,1.33881,1.338645,1.33876
1784066100,1.338765,1.33903,1.338765,1.338845
1784066400,1.338855,1.339055,1.338645,1.338695
1784066700,1.33869,1.33921,1.33869,1.33898
1784067000,1.33897,1.339105,1.338715,1.339035
1784067300,1.339035,1.33922,1.338925,1.33911
1784067600,1.33912,1.339305,1.33905,1.339225
1784067900,1.33922,1.33941,1.339185,1.3394
1784068200,1.33941,1.33943,1.339245,1.3393
1784068500,1.339295,1.339425,1.339235,1.339355
1784068800,1.339355,1.339355,1.339235,1.339245
1784069100,1.33924,1.33924,1.339005,1.339005
1784069400,1.339005,1.33912,1.339005,1.33901
1784069700,1.33901,1.3391,1.338945,1.33907
1784070000,1.339065,1.33916,1.33903,1.33912
1784070300,1.339125,1.339285,1.339045,1.339275
1784070600,1.33928,1.33933,1.33924,1.3393
1784070900,1.339295,1.339315,1.339195,1.33921
1784071200,1.33921,1.33925,1.339195,1.339225
1784071500,1.33923,1.339375,1.3392,1.339365
1784071800,1.33936,1.339415,1.33924,1.339305
1784072100,1.339305,1.339455,1.3393,1.339445
1784072400,1.33944,1.33963,1.33944,1.33961
1784072700,1.33961,1.33964,1.339525,1.33964
1784073000,1.33964,1.33965,1.33952,1.33964
1784073300,1.339635,1.33967,1.33959,1.33966
1784073600,1.33967,1.339735,1.339435,1.339665
1784073900,1.33966,1.33969,1.33946,1.339635
1784074200,1.339635,1.33968,1.339465,1.33951
1784074500,1.339505,1.33972,1.339495,1.3396
1784074800,1.339595,1.339715,1.33955,1.33966
1784075100,1.339655,1.33999,1.339625,1.33987
1784075400,1.339865,1.339975,1.339815,1.33982
1784075700,1.339825,1.339885,1.33965,1.33971
1784076000,1.339715,1.339715,1.339455,1.33958
1784076300,1.339575,1.3398,1.339565,1.339785
1784076600,1.33979,1.34014,1.339775,1.34007
1784076900,1.34008,1.340405,1.34007,1.3403
1784077200,1.340305,1.34042,1.3401,1.340295
1784077500,1.34029,1.34051,1.340255,1.34045
1784077800,1.340455,1.340515,1.34036,1.340485
1784078100,1.340495,1.340565,1.340385,1.34042
1784078400,1.34041,1.340455,1.3403,1.34032
1784078700,1.34032,1.34035,1.340095,1.340205
1784079000,1.34021,1.34035,1.340115,1.34023
1784079300,1.34023,1.340325,1.340075,1.340275
1784079600,1.34027,1.340325,1.339895,1.34003
1784079900,1.34003,1.34014,1.339975,1.340085
1784080200,1.34009,1.34014,1.339945,1.34008
1784080500,1.340075,1.340265,1.34005,1.34022
1784080800,1.340225,1.34042,1.340095,1.340415
1784081100,1.34041,1.340505,1.340345,1.340415
1784081400,1.34042,1.340475,1.340225,1.34025
1784081700,1.340255,1.34026,1.339995,1.340005
1784082000,1.34001,1.340115,1.339985,1.34006
1784082300,1.34007,1.34026,1.34004,1.34019
1784082600,1.340195,1.34031,1.34012,1.340305
1784082900,1.3403,1.34038,1.34024,1.340345
1784083200,1.34034,1.340925,1.340335,1.340795
1784083500,1.34079,1.340805,1.34061,1.340735
1784083800,1.34074,1.34077,1.34054,1.340655
1784084100,1.340645,1.3408,1.34058,1.34061
1784084400,1.340605,1.34092,1.340575,1.34085
1784084700,1.340855,1.340875,1.340575,1.340675
1784085000,1.34068,1.340695,1.340295,1.340315
1784085300,1.34032,1.340345,1.339825,1.339865
1784085600,1.339875,1.339995,1.33985,1.33997
1784085900,1.339975,1.34013,1.33997,1.34007
1784086200,1.340065,1.340235,1.34003,1.34022
1784086500,1.340215,1.340245,1.340125,1.3402
1784086800,1.340205,1.34023,1.33994,1.339955
1784087100,1.33995,1.340185,1.33994,1.340175
1784087400,1.340185,1.34038,1.340185,1.340305
1784087700,1.34031,1.3405,1.34024,1.34037
1784088000,1.340385,1.340515,1.340305,1.34038
1784088300,1.340385,1.34044,1.34023,1.34025
1784088600,1.34026,1.340335,1.340215,1.340295
1784088900,1.3403,1.340455,1.34024,1.340425
1784089200,1.340425,1.34048,1.340355,1.340435
1784089500,1.34044,1.340505,1.340375,1.34044
1784089800,1.34043,1.34053,1.340395,1.3405
1784090100,1.340505,1.340535,1.340395,1.34042
1784090400,1.34041,1.340425,1.34028,1.340325
1784090700,1.34032,1.34052,1.340305,1.34041
1784091000,1.34041,1.34046,1.34035,1.34035
1784091300,1.340345,1.340435,1.340225,1.340255
1784091600,1.34026,1.3403,1.340035,1.340195
1784091900,1.340195,1.34039,1.340105,1.340245
1784092200,1.34025,1.340345,1.34019,1.340325
1784092500,1.34033,1.34044,1.34028,1.340435
1784092800,1.34043,1.340555,1.340415,1.340425
1784093100,1.34041,1.340535,1.34034,1.340425
1784093400,1.34043,1.34071,1.340395,1.340695
1784093700,1.34069,1.340845,1.340525,1.340845
1784094000,1.34084,1.34119,1.3408,1.34118
1784094300,1.341185,1.341435,1.3411,1.341425
1784094600,1.34141,1.34144,1.34125,1.341355
1784094900,1.34135,1.34137,1.34102,1.34104
1784095200,1.34103,1.34146,1.34103,1.341395
1784095500,1.3414,1.341475,1.34126,1.341455
1784095800,1.34145,1.341705,1.341395,1.341695
1784096100,1.34168,1.341995,1.34161,1.34199
1784096400,1.34199,1.34199,1.34169,1.34178
1784096700,1.341785,1.34195,1.341715,1.341725
1784097000,1.34172,1.34178,1.341285,1.341315
1784097300,1.34131,1.341505,1.34108,1.34142
1784097600,1.341425,1.34171,1.34117,1.341545
1784097900,1.34154,1.34161,1.34125,1.3414
1784098200,1.3414,1.341925,1.34107,1.341595
1784098500,1.34159,1.34183,1.341295,1.341495
1784098800,1.3415,1.3417,1.3409,1.34151
1784099100,1.341505,1.34158,1.34126,1.34154
1784099400,1.341545,1.342005,1.341545,1.341585
1784099700,1.34158,1.34164,1.34104,1.341095
1784100000,1.3411,1.3413,1.340455,1.340515
1784100300,1.34052,1.34083,1.340235,1.340825
1784100600,1.34083,1.34118,1.34048,1.340875
1784100900,1.340875,1.34088,1.34057,1.340665
1784101200,1.34067,1.34081,1.340485,1.34056
1784101500,1.340565,1.3406,1.34025,1.3405
1784101800,1.340495,1.34052,1.340305,1.34035
1784102100,1.34035,1.340445,1.34009,1.34021
1784102400,1.340215,1.34071,1.34008,1.34058
1784102700,1.34058,1.340625,1.33995,1.339965
1784103000,1.33996,1.340125,1.33958,1.33958
1784103300,1.339585,1.339815,1.33947,1.33961
1784103600,1.339615,1.339875,1.33949,1.339875
1784103900,1.339875,1.34,1.339575,1.339985
1784104200,1.33997,1.34014,1.339875,1.33988
1784104500,1.339885,1.339995,1.339605,1.33968
1784104800,1.339675,1.339685,1.33947,1.339515
1784105100,1.33951,1.33959,1.339185,1.339235
1784105400,1.33924,1.339415,1.339085,1.339315
1784105700,1.33932,1.33962,1.339265,1.3396
1784106000,1.33961,1.33973,1.339235,1.3396
1784106300,1.339605,1.3397,1.339475,1.339675
1784106600,1.33967,1.33991,1.33953,1.339555
1784106900,1.339545,1.33971,1.33942,1.33949
1784107200,1.33949,1.33968,1.33944,1.339625
1784107500,1.33962,1.33966,1.3393,1.33932
1784107800,1.339325,1.33941,1.338875,1.33903
1784108100,1.33904,1.339205,1.33889,1.33908
1784108400,1.339085,1.339265,1.33907,1.339165
1784108700,1.339165,1.33925,1.33902,1.339155
1784109000,1.33915,1.339375,1.33897,1.33935
1784109300,1.339365,1.3394,1.33896,1.33902
1784109600,1.33903,1.339085,1.33865,1.338885
1784109900,1.33889,1.33892,1.338475,1.33871
1784110200,1.338705,1.338785,1.338545,1.33857
1784110500,1.338565,1.3388,1.33848,1.338505
1784110800,1.33851,1.33899,1.338115,1.33817
1784111100,1.338175,1.338265,1.33807,1.338205
1784111400,1.33821,1.338625,1.338185,1.338515
1784111700,1.33851,1.33878,1.338485,1.338745
1784112000,1.33875,1.338825,1.33847,1.338775
1784112300,1.33877,1.33906,1.33877,1.339005
1784112600,1.339,1.33941,1.3389,1.339395
1784112900,1.3394,1.33998,1.339275,1.339975
1784113200,1.33997,1.340015,1.33969,1.339875
1784113500,1.339875,1.340095,1.339875,1.340065
1784113800,1.340065,1.340165,1.339785,1.339805
1784114100,1.33981,1.33988,1.33959,1.339775
1784114400,1.33978,1.340035,1.339775,1.339895
1784114700,1.339905,1.33993,1.339645,1.339805
1784115000,1.33981,1.34001,1.33966,1.33997
1784115300,1.339975,1.340345,1.339955,1.34021
1784115600,1.340205,1.34036,1.340185,1.34032
1784115900,1.340325,1.340525,1.340285,1.340405
1784116200,1.340405,1.341205,1.340265,1.34092
1784116500,1.3409,1.341505,1.340655,1.34101
1784116800,1.341005,1.34132,1.3408,1.340805
1784117100,1.340805,1.34085,1.340265,1.340465
1784117400,1.34047,1.34098,1.34045,1.340855
1784117700,1.34086,1.34132,1.34069,1.34071
1784118000,1.340715,1.340905,1.34059,1.340845
1784118300,1.34085,1.34095,1.34065,1.340925
1784118600,1.340935,1.341855,1.340935,1.34149
1784118900,1.3415,1.3416,1.34101,1.341235
1784119200,1.34123,1.342205,1.34116,1.342155
1784119500,1.34216,1.3424,1.342035,1.342315
1784119800,1.34231,1.34243,1.34217,1.34242
1784120100,1.342415,1.343015,1.342255,1.34283
1784120400,1.342835,1.343295,1.34269,1.343225
1784120700,1.34323,1.34364,1.34312,1.34335
1784121000,1.343365,1.34337,1.342585,1.342725
1784121300,1.34272,1.34329,1.3427,1.34322
1784121600,1.343215,1.343225,1.3426,1.34281
1784121900,1.342805,1.342835,1.342175,1.34243
1784122200,1.342415,1.34295,1.342375,1.3429
1784122500,1.34291,1.34316,1.34277,1.3431
1784122800,1.34311,1.34333,1.342965,1.34305
1784123100,1.34306,1.34403,1.34306,1.343805
1784123400,1.3438,1.344335,1.343515,1.343615
1784123700,1.34361,1.34495,1.343515,1.34411
1784124000,1.344115,1.3444,1.34378,1.34415
1784124300,1.344155,1.344485,1.343975,1.34419
1784124600,1.344185,1.34445,1.34409,1.344275
1784124900,1.34427,1.344575,1.344175,1.3445
1784125200,1.344505,1.344755,1.344235,1.34441
1784125500,1.344405,1.34455,1.344085,1.344505
1784125800,1.34451,1.345765,1.344495,1.345735
1784126100,1.34574,1.3461,1.3455,1.34569
1784126400,1.345695,1.346665,1.345525,1.346645
1784126700,1.34665,1.347425,1.346525,1.347425
1784127000,1.34743,1.348055,1.34731,1.347725
1784127300,1.34773,1.348235,1.34757,1.347845
1784127600,1.34785,1.34815,1.34763,1.347945
1784127900,1.34794,1.348135,1.347725,1.347785
1784128200,1.34778,1.34817,1.347315,1.347315
1784128500,1.34731,1.347765,1.34714,1.3477
1784128800,1.347695,1.348625,1.34769,1.348415
1784129100,1.34842,1.3489,1.348185,1.3488
1784129400,1.348795,1.348925,1.348445,1.348925
1784129700,1.34892,1.349005,1.34835,1.34863
1784130000,1.34865,1.349155,1.34865,1.34902
1784130300,1.349015,1.349525,1.349,1.34908
1784130600,1.349075,1.349785,1.34901,1.34978
1784130900,1.349785,1.34979,1.34942,1.34956
1784131200,1.349555,1.3499,1.34953,1.34963
1784131500,1.349635,1.349885,1.3494,1.349625
1784131800,1.34963,1.35001,1.349505,1.349555
1784132100,1.34955,1.35015,1.349485,1.34998
1784132400,1.34999,1.35072,1.34999,1.35039
1784132700,1.350385,1.35119,1.350385,1.35118
1784133000,1.351185,1.351255,1.35083,1.350905
1784133300,1.35091,1.351085,1.350675,1.351075
1784133600,1.35107,1.35139,1.350795,1.35093
1784133900,1.350935,1.35209,1.350835,1.352025
1784134200,1.35202,1.352835,1.351955,1.352695
1784134500,1.3527,1.35276,1.3521,1.352615
1784134800,1.35262,1.353905,1.3526,1.35359
1784135100,1.353595,1.354065,1.35331,1.35404
1784135400,1.354045,1.3542,1.353195,1.353325
1784135700,1.35332,1.353605,1.35303,1.35349
1784136000,1.353495,1.353625,1.35332,1.353465
1784136300,1.35346,1.353525,1.352945,1.35323
1784136600,1.353225,1.35428,1.353225,1.35371
1784136900,1.353705,1.354145,1.353605,1.353985
1784137200,1.353995,1.354485,1.353925,1.35441
1784137500,1.354405,1.354805,1.353925,1.3548
1784137800,1.35479,1.354795,1.354315,1.35467
1784138100,1.354665,1.35488,1.354615,1.35475
1784138400,1.354745,1.355225,1.35474,1.35517
1784138700,1.355165,1.35539,1.355115,1.35518
1784139000,1.355185,1.355405,1.35493,1.355075
1784139300,1.35507,1.355795,1.35496,1.35579
1784139600,1.355795,1.3558,1.355365,1.3554
1784139900,1.3554,1.35555,1.35528,1.355385
1784140200,1.35539,1.355605,1.35528,1.355295
1784140500,1.355295,1.355295,1.35498,1.35511
1784140800,1.35511,1.35511,1.35442,1.354455
1784141100,1.35445,1.35451,1.354135,1.354165
1784141400,1.35417,1.35423,1.35385,1.353955
1784141700,1.35396,1.35403,1.353575,1.353595
1784142000,1.3536,1.354205,1.353575,1.3541
1784142300,1.354105,1.35446,1.354085,1.35428
1784142600,1.354285,1.35436,1.3541,1.354205
1784142900,1.35421,1.3543,1.353665,1.35369
1784143200,1.353695,1.353845,1.3535,1.353695
1784143500,1.35369,1.35381,1.35365,1.353705
1784143800,1.3537,1.353765,1.35291,1.353095
1784144100,1.35309,1.353295,1.352755,1.353115
1784144400,1.35312,1.353205,1.35298,1.352985
1784144700,1.35299,1.3531,1.3529,1.35298
1784145000,1.35299,1.353115,1.35292,1.35307
1784145300,1.353075,1.35351,1.353075,1.353475
1784145600,1.35347,1.3537,1.35346,1.3536
1784145900,1.353605,1.353715,1.353355,1.3534
1784146200,1.353395,1.35352,1.353395,1.3535
1784146500,1.3535,1.35363,1.35347,1.353615
1784146800,1.353605,1.35388,1.353605,1.35382
1784147100,1.35383,1.353935,1.353735,1.35384
1784147400,1.353835,1.353845,1.353595,1.353645
1784147700,1.353645,1.35369,1.353585,1.353585
1784148000,1.35359,1.353695,1.353545,1.353595
1784148300,1.35358,1.353645,1.353475,1.353625
1784148600,1.35362,1.35382,1.353605,1.3538
1784148900,1.353805,1.353925,1.353735,1.35391
1784149200,1.35391,1.35391,1.35391,1.35391
1784149500,1.35391,1.35391,1.3535,1.353675
1784149800,1.353675,1.353815,1.353475,1.353495
1784150100,1.353495,1.35379,1.353475,1.3535
1784150400,1.3535,1.35368,1.3535,1.353505
1784150700,1.353535,1.35364,1.35345,1.35362
1784151000,1.35362,1.35389,1.35344,1.353865
1784151300,1.353865,1.3539,1.35334,1.35359
1784151600,1.35359,1.35376,1.353475,1.35366
1784151900,1.353665,1.353835,1.35357,1.353615
1784152200,1.353615,1.353795,1.353415,1.35359
1784152500,1.35359,1.353965,1.353205,1.353745
1784152800,1.35373,1.354125,1.35362,1.353915
1784153100,1.353915,1.353995,1.353905,1.353995
1784153400,1.353995,1.354045,1.353975,1.354025
1784153700,1.354015,1.354105,1.353965,1.354095
1784154000,1.354095,1.354115,1.354045,1.354075
1784154300,1.354085,1.354205,1.35407,1.354205
1784154600,1.3542,1.354215,1.35409,1.354105
1784154900,1.35411,1.354125,1.354035,1.354085
1784155200,1.354085,1.35411,1.35408,1.354085
1784155500,1.354085,1.3541,1.354015,1.354045
1784155800,1.354045,1.354085,1.3537,1.353805
1784156100,1.35381,1.353825,1.3537,1.353795
1784156400,1.3538,1.353905,1.35379,1.35381
1784156700,1.35381,1.353915,1.35369,1.3539
1784157000,1.353905,1.354,1.353875,1.353985
1784157300,1.35399,1.354095,1.35387,1.354075
1784157600,1.35407,1.35408,1.353935,1.35397
1784157900,1.353975,1.35412,1.353975,1.354085
1784158200,1.354085,1.35411,1.353955,1.354105
1784158500,1.35411,1.354215,1.354075,1.354195
1784158800,1.3542,1.35431,1.35409,1.3543
1784159100,1.354295,1.354355,1.35427,1.35429
1784159400,1.354295,1.35431,1.35407,1.3541
1784159700,1.3541,1.35415,1.353835,1.353865
1784160000,1.35387,1.35403,1.353755,1.35387
1784160300,1.353865,1.354065,1.35377,1.35401
1784160600,1.354005,1.354415,1.353985,1.35436
1784160900,1.354355,1.35442,1.353975,1.354115
1784161200,1.35412,1.354135,1.353775,1.353935
1784161500,1.35394,1.35403,1.353865,1.35389
1784161800,1.353895,1.35393,1.35342,1.353445
1784162100,1.35345,1.353485,1.353105,1.353125
1784162400,1.353125,1.353315,1.353085,1.353275
1784162700,1.35327,1.35336,1.353025,1.353055
1784163000,1.35305,1.35321,1.35273,1.3529
1784163300,1.352905,1.35344,1.352865,1.353385
1784163600,1.35339,1.35351,1.353315,1.35342
1784163900,1.35342,1.35343,1.35311,1.35327
1784164200,1.353275,1.35333,1.353145,1.353275
1784164500,1.35328,1.353285,1.35276,1.3529
1784164800,1.352895,1.353305,1.352865,1.35318
1784165100,1.353185,1.3533,1.352835,1.35288
1784165400,1.352875,1.353045,1.352655,1.35278
1784165700,1.352775,1.35283,1.352645,1.35281
1784166000,1.352805,1.352895,1.35271,1.352825
1784166300,1.35282,1.352875,1.35267,1.352845
1784166600,1.35284,1.35289,1.352705,1.352745
1784166900,1.35274,1.35274,1.352575,1.3527
1784167200,1.352695,1.35271,1.3524,1.35246
1784167500,1.352465,1.35249,1.352305,1.352365
1784167800,1.35236,1.35243,1.3521,1.35212
1784168100,1.35213,1.352185,1.351945,1.3521
1784168400,1.35209,1.352545,1.35205,1.352475
1784168700,1.35248,1.35257,1.352375,1.352515
1784169000,1.35251,1.3526,1.352375,1.352475
1784169300,1.35248,1.352555,1.35222,1.3523
1784169600,1.352295,1.35238,1.352135,1.35238
1784169900,1.35238,1.35247,1.352265,1.352275
1784170200,1.35228,1.352455,1.35215,1.3524
1784170500,1.352395,1.352705,1.35231,1.35268
1784170800,1.352685,1.352755,1.352575,1.35271
1784171100,1.352705,1.353405,1.3527,1.3534
1784171400,1.353405,1.35349,1.353265,1.3534
1784171700,1.353395,1.35357,1.35336,1.353415
1784172000,1.35341,1.353525,1.35331,1.353425
1784172300,1.353435,1.35357,1.353405,1.353455
1784172600,1.35345,1.35378,1.35343,1.35368
1784172900,1.353675,1.353725,1.353615,1.35363
1784173200,1.35364,1.353685,1.353425,1.353445
1784173500,1.35344,1.35346,1.353295,1.353305
1784173800,1.3533,1.35332,1.3531,1.353205
1784174100,1.353195,1.3533,1.353095,1.3533
1784174400,1.353305,1.35341,1.3532,1.353265
1784174700,1.35326,1.35332,1.353145,1.35316
1784175000,1.353145,1.35347,1.353135,1.35345
1784175300,1.353445,1.35347,1.35322,1.353235
1784175600,1.35323,1.35335,1.35321,1.353285
1784175900,1.35329,1.35329,1.353065,1.35308
1784176200,1.35309,1.35326,1.35307,1.35317
1784176500,1.353185,1.353385,1.35314,1.35336
1784176800,1.353355,1.35351,1.35332,1.353325
1784177100,1.35333,1.35341,1.35329,1.353305
1784177400,1.35331,1.35338,1.35325,1.35336
1784177700,1.353355,1.353355,1.353185,1.353255
1784178000,1.353265,1.35347,1.353265,1.35339
1784178300,1.35339,1.353525,1.35336,1.3535
1784178600,1.35351,1.35363,1.353475,1.35358
1784178900,1.353575,1.35381,1.35357,1.35369
1784179200,1.353695,1.353805,1.35368,1.35377
1784179500,1.353765,1.353815,1.353625,1.353695
1784179800,1.3537,1.3541,1.353625,1.353915
1784180100,1.35391,1.353915,1.35347,1.353485
1784180400,1.35348,1.353565,1.35329,1.353375
1784180700,1.35338,1.35344,1.3532,1.35328
1784181000,1.353275,1.353395,1.353135,1.353165
1784181300,1.35317,1.353275,1.3527,1.35293
1784181600,1.352925,1.353505,1.352825,1.353005
1784181900,1.353,1.35342,1.352905,1.353295
1784182200,1.353295,1.353895,1.353265,1.353865
1784182500,1.35386,1.35386,1.353335,1.35347
1784182800,1.353475,1.35376,1.353295,1.353595
1784183100,1.3536,1.35374,1.35347,1.3536
1784183400,1.353595,1.353695,1.353285,1.35331
1784183700,1.353315,1.3536,1.35325,1.35358
1784184000,1.353575,1.35368,1.353405,1.35362
1784184300,1.353615,1.353665,1.35328,1.35362
1784184600,1.35362,1.35379,1.35349,1.353775
1784184900,1.35378,1.35421,1.35378,1.354005
1784185200,1.35401,1.35425,1.353785,1.35391
1784185500,1.353905,1.35391,1.35358,1.35361
1784185800,1.353605,1.35382,1.35359,1.353615
1784186100,1.353615,1.35367,1.353205,1.35358
1784186400,1.35358,1.35411,1.35349,1.353675
1784186700,1.35367,1.35378,1.35305,1.35327
1784187000,1.353275,1.35368,1.35323,1.353625
1784187300,1.35362,1.353705,1.35347,1.353585
1784187600,1.35358,1.35362,1.353365,1.353415
1784187900,1.35341,1.3538,1.35331,1.353775
1784188200,1.353765,1.353765,1.353405,1.353485
1784188500,1.353495,1.353795,1.35331,1.35332
1784188800,1.353335,1.35344,1.352825,1.35287
1784189100,1.352865,1.35287,1.352375,1.35252
1784189400,1.352525,1.35268,1.352175,1.35228
1784189700,1.352285,1.352435,1.35211,1.35221
1784190000,1.35221,1.352375,1.352055,1.35213
1784190300,1.35214,1.35231,1.35207,1.35218
1784190600,1.352185,1.352785,1.35218,1.352515
1784190900,1.35252,1.352595,1.352105,1.35222
1784191200,1.352215,1.3525,1.352155,1.35233
1784191500,1.352335,1.35236,1.35208,1.352205
1784191800,1.3522,1.352385,1.351885,1.352085
1784192100,1.352095,1.352205,1.351985,1.352085
1784192400,1.35208,1.35212,1.35191,1.351915
1784192700,1.351915,1.352045,1.35158,1.3516
1784193000,1.351595,1.35205,1.35151,1.35191
1784193300,1.351905,1.351965,1.35154,1.35172
1784193600,1.351725,1.351805,1.35157,1.35158
1784193900,1.351585,1.351615,1.35104,1.35107
1784194200,1.351065,1.351105,1.35058,1.3509
1784194500,1.350915,1.35103,1.35071,1.35082
1784194800,1.35082,1.35113,1.350765,1.351085
1784195100,1.351085,1.3511,1.350805,1.35099
1784195400,1.350985,1.35104,1.35081,1.35101
1784195700,1.35103,1.35111,1.3507,1.35076
1784196000,1.350755,1.3509,1.350585,1.35072
1784196300,1.350715,1.35088,1.35067,1.35076
1784196600,1.35076,1.35095,1.350685,1.350785
1784196900,1.35078,1.35089,1.35069,1.35071
1784197200,1.350705,1.35093,1.350685,1.35087
1784197500,1.350875,1.350885,1.35034,1.35042
1784197800,1.350405,1.35053,1.350245,1.35039
1784198100,1.350385,1.350625,1.35028,1.350305
1784198400,1.35031,1.3507,1.35027,1.350625
1784198700,1.35062,1.350845,1.3506,1.350715
1784199000,1.350705,1.35072,1.35042,1.35068
1784199300,1.350675,1.350695,1.35027,1.35037
1784199600,1.350355,1.3504,1.3501,1.35012
1784199900,1.350115,1.3502,1.349945,1.350085
1784200200,1.35009,1.350145,1.34972,1.35002
1784200500,1.350015,1.350015,1.34965,1.34998
1784200800,1.349985,1.35012,1.349855,1.35001
1784201100,1.350005,1.350045,1.349445,1.34963
1784201400,1.349625,1.350015,1.349605,1.35
1784201700,1.350005,1.35022,1.34993,1.350215
1784202000,1.35021,1.35042,1.349965,1.35013
1784202300,1.350125,1.350325,1.34945,1.34978
1784202600,1.349775,1.35014,1.349335,1.350085
1784202900,1.35008,1.35071,1.350035,1.35066
1784203200,1.350655,1.35117,1.35049,1.35107
1784203500,1.35106,1.351505,1.35101,1.35113
1784203800,1.35112,1.351135,1.35081,1.35084
1784204100,1.350845,1.35107,1.3505,1.35102
1784204400,1.351015,1.351105,1.350485,1.350525
1784204700,1.35053,1.350635,1.35026,1.350545
1784205000,1.350535,1.35072,1.35002,1.350215
1784205300,1.35021,1.35072,1.34989,1.35052
1784205600,1.350515,1.350635,1.35011,1.35039
1784205900,1.350395,1.3506,1.350095,1.350305
1784206200,1.35031,1.350435,1.35004,1.350055
1784206500,1.35005,1.35006,1.349725,1.349765
1784206800,1.34977,1.350065,1.349645,1.349845
1784207100,1.34984,1.35052,1.34983,1.35051
1784207400,1.350505,1.350775,1.35042,1.35061
1784207700,1.350615,1.350655,1.35028,1.35053
1784208000,1.350525,1.350695,1.35038,1.350495
1784208300,1.35049,1.351,1.35044,1.35086
1784208600,1.350865,1.35111,1.350645,1.35079
1784208900,1.35079,1.35109,1.35051,1.350985
1784209200,1.35099,1.351415,1.350965,1.35122
1784209500,1.351215,1.351405,1.350895,1.351005
1784209800,1.35101,1.35173,1.351005,1.35163
1784210100,1.351625,1.351625,1.35073,1.35082
1784210400,1.350815,1.35138,1.350705,1.35126
1784210700,1.351255,1.35133,1.35081,1.350815
1784211000,1.35081,1.35085,1.35036,1.350655
1784211300,1.35065,1.351065,1.35043,1.351
1784211600,1.351005,1.351095,1.350645,1.350755
1784211900,1.35075,1.351105,1.350745,1.350825
1784212200,1.35082,1.351185,1.35079,1.35113
1784212500,1.351125,1.35114,1.35038,1.35042
1784212800,1.35043,1.350445,1.34993,1.350095
1784213100,1.3501,1.350295,1.349705,1.349725
1784213400,1.34972,1.349805,1.348915,1.34917
1784213700,1.349175,1.349205,1.34871,1.34881
1784214000,1.3488,1.348945,1.348105,1.348295
1784214300,1.3483,1.34841,1.348015,1.34823
1784214600,1.348225,1.34893,1.348225,1.348925
1784214900,1.34892,1.34913,1.3485,1.34852
1784215200,1.348525,1.34877,1.34829,1.34831
1784215500,1.348315,1.348555,1.348105,1.34811
1784215800,1.348115,1.348755,1.348005,1.348745
1784216100,1.348735,1.348735,1.34816,1.34832
1784216400,1.348315,1.34851,1.348225,1.34839
1784216700,1.348395,1.34862,1.34809,1.34861
1784217000,1.348605,1.348995,1.3486,1.34881
1784217300,1.3488,1.34882,1.348215,1.348305
1784217600,1.3483,1.34835,1.34772,1.34773
1784217900,1.347735,1.347855,1.34759,1.34762
1784218200,1.347615,1.347725,1.3474,1.347405
1784218500,1.34741,1.347515,1.347305,1.347355
1784218800,1.34735,1.34735,1.3469,1.34702
1784219100,1.347015,1.34704,1.346685,1.346805
1784219400,1.34681,1.347165,1.346755,1.347015
1784219700,1.34701,1.34705,1.34682,1.346915
1784220000,1.34692,1.34694,1.346615,1.346895
1784220300,1.3469,1.34698,1.34673,1.34693
1784220600,1.34693,1.347035,1.34666,1.346695
1784220900,1.3467,1.34691,1.34652,1.346595
1784221200,1.3466,1.34662,1.346105,1.34631
1784221500,1.346315,1.34635,1.345985,1.34604
1784221800,1.346045,1.34614,1.345955,1.34613
1784222100,1.346135,1.346565,1.346115,1.346555
1784222400,1.34656,1.346685,1.346535,1.34661
1784222700,1.346605,1.34679,1.34659,1.346725
1784223000,1.34672,1.34686,1.34663,1.34673
1784223300,1.34673,1.346735,1.34656,1.346645
1784223600,1.346645,1.34684,1.34662,1.3467
1784223900,1.346705,1.34707,1.34662,1.346965
1784224200,1.34696,1.34718,1.346935,1.347085
1784224500,1.34708,1.34719,1.34693,1.34696
1784224800,1.346965,1.346995,1.34648,1.346505
1784225100,1.34651,1.346655,1.34648,1.34658
1784225400,1.34659,1.346825,1.34655,1.346735
1784225700,1.34674,1.34688,1.346715,1.34683
1784226000,1.34683,1.346985,1.34676,1.346805
1784226300,1.34679,1.34694,1.346725,1.3468
1784226600,1.346785,1.346865,1.3467,1.346735
1784226900,1.34673,1.346835,1.346645,1.346825
1784227200,1.34683,1.34689,1.34675,1.34685
1784227500,1.346855,1.34704,1.34684,1.346875
1784227800,1.34687,1.346945,1.34673,1.34685
1784228100,1.346845,1.347135,1.346825,1.347035
1784228400,1.34704,1.347315,1.34701,1.34716
1784228700,1.34716,1.34724,1.346995,1.346995
1784229000,1.346995,1.347045,1.34682,1.346845
1784229300,1.34684,1.34694,1.34671,1.34692
1784229600,1.34692,1.34696,1.346775,1.3468
1784229900,1.346795,1.346855,1.346675,1.34675
1784230200,1.346745,1.34686,1.346695,1.346785
1784230500,1.346795,1.3471,1.34678,1.347025
1784230800,1.34702,1.347135,1.347,1.347115
1784231100,1.34711,1.34722,1.34707,1.34721
1784231400,1.347215,1.347525,1.34714,1.34751
1784231700,1.3475,1.34755,1.34734,1.34747
1784232000,1.347465,1.34762,1.347355,1.347545
1784232300,1.34755,1.34765,1.34752,1.347575
1784232600,1.34758,1.34762,1.347455,1.347485
1784232900,1.347485,1.3476,1.347485,1.347535
1784233200,1.34753,1.347545,1.34743,1.347435
1784233500,1.34743,1.34752,1.34742,1.34752
1784233800,1.347525,1.347855,1.34752,1.347745
1784234100,1.347745,1.34784,1.34772,1.347825
1784234400,1.34783,1.34786,1.347745,1.347815
1784234700,1.347825,1.34793,1.347815,1.34791
1784235000,1.347915,1.348005,1.347915,1.347925
1784235300,1.34793,1.34803,1.347745,1.347745
1784235600,1.34774,1.34796,1.34702,1.347805
1784235900,1.347805,1.34795,1.34765,1.34765
1784236200,1.34765,1.347815,1.347595,1.34778
1784236500,1.347805,1.348,1.3477,1.3477
1784236800,1.3477,1.347725,1.347685,1.347685
1784237100,1.347695,1.34777,1.347675,1.34777
1784237400,1.34777,1.34777,1.34757,1.347645
1784237700,1.347645,1.347755,1.347585,1.347735
1784238000,1.347735,1.347745,1.347595,1.347605
1784238300,1.34774,1.34782,1.34757,1.347755
1784238600,1.347755,1.34781,1.347705,1.34771
1784238900,1.34771,1.34771,1.347645,1.347645
1784239200,1.34764,1.34773,1.347495,1.34773
1784239500,1.34773,1.34773,1.34752,1.34756
1784239800,1.34756,1.347645,1.34756,1.347615
1784240100,1.34762,1.347635,1.34753,1.347615
1784240400,1.347615,1.34762,1.34757,1.347615
1784240700,1.347615,1.347625,1.34755,1.347585
1784241000,1.34758,1.347605,1.34752,1.34752
1784241300,1.34752,1.347525,1.34749,1.347505
1784241600,1.347505,1.347515,1.347445,1.347445
1784241900,1.347445,1.347445,1.3473,1.34733
1784242200,1.34733,1.34734,1.347315,1.34732
1784242500,1.34732,1.34743,1.34732,1.34741
1784242800,1.347415,1.34748,1.34741,1.34741
1784243100,1.34741,1.34742,1.34734,1.347405
1784243400,1.3474,1.347535,1.34738,1.347525
1784243700,1.347525,1.3476,1.34751,1.347515
1784244000,1.347515,1.34752,1.347505,1.347505
1784244300,1.347505,1.34771,1.347505,1.347635
1784244600,1.34763,1.34768,1.34754,1.34763
1784244900,1.34763,1.34775,1.347605,1.347745
1784245200,1.347735,1.347735,1.34763,1.347635
1784245500,1.34763,1.347635,1.347525,1.34761
1784245800,1.34761,1.34763,1.347555,1.34758
1784246100,1.347575,1.347825,1.34756,1.347795
1784246400,1.34779,1.34787,1.347655,1.34767
1784246700,1.347665,1.347675,1.347475,1.347475
1784247000,1.347475,1.347545,1.34739,1.347425
1784247300,1.34742,1.347675,1.34742,1.34743
1784247600,1.347425,1.347495,1.347235,1.34724
1784247900,1.347245,1.34731,1.347085,1.347115
1784248200,1.34712,1.347255,1.34703,1.34711
1784248500,1.347115,1.34723,1.347045,1.34708
1784248800,1.347075,1.3471,1.34697,1.347
1784249100,1.347005,1.347285,1.347,1.347275
1784249400,1.34727,1.34766,1.34725,1.347605
1784249700,1.34762,1.34774,1.347455,1.34772
1784250000,1.347715,1.34792,1.347645,1.347825
1784250300,1.34783,1.34798,1.347635,1.347755
1784250600,1.347755,1.34777,1.34753,1.347645
1784250900,1.34765,1.347875,1.34765,1.347765
1784251200,1.347755,1.34786,1.34766,1.347715
1784251500,1.347715,1.34773,1.34745,1.347485
1784251800,1.34748,1.34751,1.347325,1.34733
1784252100,1.347325,1.34733,1.34701,1.347075
1784252400,1.34708,1.347265,1.347045,1.347175
1784252700,1.34716,1.34718,1.3467,1.346725
1784253000,1.346715,1.346805,1.34642,1.346495
1784253300,1.346495,1.34661,1.34639,1.346605
1784253600,1.34661,1.346855,1.3466,1.346685
1784253900,1.34668,1.346855,1.346645,1.346755
1784254200,1.346755,1.34686,1.34674,1.34684
1784254500,1.346835,1.34692,1.346805,1.346875
1784254800,1.34687,1.34688,1.34664,1.34677
1784255100,1.346775,1.34679,1.346565,1.34661
1784255400,1.346615,1.34676,1.34642,1.346485
1784255700,1.34648,1.34651,1.3463,1.34643
1784256000,1.346435,1.34651,1.346305,1.346465
1784256300,1.34647,1.34655,1.346355,1.34653
1784256600,1.346525,1.346655,1.346385,1.346385
1784256900,1.34639,1.34651,1.346315,1.346355
1784257200,1.34636,1.346525,1.346295,1.34646
1784257500,1.34647,1.34673,1.34646,1.346555
1784257800,1.34655,1.34656,1.34641,1.34652
1784258100,1.346525,1.346905,1.34652,1.3468
1784258400,1.346805,1.346895,1.34675,1.34677
1784258700,1.346765,1.346795,1.34669,1.34676
1784259000,1.346755,1.34678,1.346505,1.346585
1784259300,1.34659,1.346625,1.3464,1.346405
1784259600,1.34641,1.34642,1.34622,1.34632
1784259900,1.346315,1.34642,1.346255,1.34637
1784260200,1.346375,1.34659,1.34636,1.346565
1784260500,1.34656,1.34656,1.34648,1.346525
1784260800,1.34653,1.34655,1.34635,1.346405
1784261100,1.34641,1.346515,1.34634,1.34642
1784261400,1.34641,1.34646,1.3464,1.34642
1784261700,1.346425,1.34645,1.346285,1.34632
1784262000,1.34632,1.346345,1.346205,1.346215
1784262300,1.34622,1.346225,1.345955,1.34604
1784262600,1.34603,1.346155,1.34594,1.34602
1784262900,1.346025,1.34612,1.34598,1.346095
1784263200,1.3461,1.346105,1.34586,1.345905
1784263500,1.345915,1.346085,1.345885,1.3459
1784263800,1.3459,1.345915,1.34571,1.345875
1784264100,1.34589,1.34594,1.345885,1.34589
1784264400,1.345895,1.345975,1.34575,1.34592
1784264700,1.345925,1.345975,1.345835,1.345925
1784265000,1.34592,1.34602,1.345895,1.34594
1784265300,1.34594,1.34611,1.34581,1.34592
1784265600,1.345915,1.346005,1.34583,1.345845
1784265900,1.34585,1.346025,1.345785,1.346
1784266200,1.345995,1.34618,1.345995,1.346085
1784266500,1.34608,1.346445,1.34608,1.346435
1784266800,1.34644,1.34662,1.34631,1.34642
1784267100,1.346425,1.346575,1.346295,1.346515
1784267400,1.34652,1.34661,1.34642,1.34661
1784267700,1.34659,1.34661,1.346225,1.34631
1784268000,1.346315,1.34662,1.34629,1.346525
1784268300,1.34652,1.3466,1.34609,1.34615
1784268600,1.346145,1.346775,1.34592,1.34676
1784268900,1.346765,1.34725,1.346735,1.34716
1784269200,1.347155,1.34745,1.34693,1.34744
1784269500,1.347435,1.34751,1.347115,1.347115
1784269800,1.34712,1.347325,1.34704,1.34729
1784270100,1.34728,1.347305,1.347115,1.347225
1784270400,1.34722,1.347595,1.347135,1.34721
1784270700,1.347205,1.347325,1.34701,1.34702
1784271000,1.347015,1.347255,1.346985,1.3471
1784271300,1.347095,1.34755,1.34701,1.347425
1784271600,1.34742,1.34809,1.347325,1.3478
1784271900,1.347805,1.348025,1.347115,1.34713
1784272200,1.34714,1.3472,1.347005,1.347115
1784272500,1.34711,1.34719,1.34656,1.34658
1784272800,1.34657,1.34663,1.34622,1.34644
1784273100,1.346435,1.34699,1.34642,1.34697
1784273400,1.346975,1.34736,1.34679,1.346815
1784273700,1.34682,1.346825,1.34656,1.34679
1784274000,1.34678,1.346895,1.346355,1.34667
1784274300,1.346665,1.34677,1.34647,1.34669
1784274600,1.346685,1.34674,1.34627,1.346395
1784274900,1.3464,1.34641,1.34571,1.34571
1784275200,1.345715,1.34597,1.345635,1.345925
1784275500,1.34592,1.34623,1.345725,1.346205
1784275800,1.34621,1.34623,1.345175,1.345295
1784276100,1.34529,1.34541,1.344895,1.34498
1784276400,1.344975,1.3455,1.344885,1.345265
1784276700,1.34526,1.34531,1.34486,1.34491
1784277000,1.344915,1.345265,1.344775,1.34512
1784277300,1.345115,1.34516,1.34469,1.34481
1784277600,1.344805,1.344825,1.34446,1.344715
1784277900,1.34471,1.344845,1.344455,1.34464
1784278200,1.34463,1.344695,1.34423,1.34426
1784278500,1.344265,1.34442,1.344185,1.344295
1784278800,1.34429,1.34434,1.343715,1.34416
1784279100,1.34416,1.34432,1.34404,1.34427
1784279400,1.344265,1.344475,1.343905,1.344095
1784279700,1.3441,1.344225,1.34383,1.34398
1784280000,1.343985,1.344095,1.343555,1.3438
1784280300,1.343795,1.344425,1.343795,1.3444
1784280600,1.344395,1.34442,1.34411,1.34413
1784280900,1.344135,1.344195,1.343715,1.34396
1784281200,1.34395,1.34407,1.34382,1.34403
1784281500,1.344025,1.344145,1.34392,1.34402
1784281800,1.344025,1.34423,1.34393,1.34413
1784282100,1.344125,1.344335,1.34409,1.3443
1784282400,1.344305,1.34432,1.343515,1.34388
1784282700,1.343895,1.34426,1.343885,1.343955
1784283000,1.34395,1.34414,1.34384,1.344045
1784283300,1.34404,1.34418,1.3438,1.34393
1784283600,1.343925,1.344045,1.34343,1.3436
1784283900,1.343595,1.343685,1.343385,1.34343
1784284200,1.343435,1.343525,1.343155,1.343315
1784284500,1.34331,1.3434,1.34319,1.343265
1784284800,1.34326,1.34333,1.34311,1.34324
1784285100,1.343235,1.343315,1.34313,1.343265
1784285400,1.34326,1.343265,1.34261,1.34322
1784285700,1.343215,1.3433,1.343,1.343175
1784286000,1.34317,1.343535,1.34276,1.34283
1784286300,1.342835,1.34325,1.34281,1.34325
1784286600,1.343255,1.343635,1.34321,1.343535
1784286900,1.343545,1.343975,1.343545,1.34395
1784287200,1.343945,1.343965,1.343405,1.343575
1784287500,1.34357,1.344025,1.343495,1.343905
1784287800,1.3439,1.34408,1.34382,1.34405
1784288100,1.344045,1.34462,1.344025,1.34455
1784288400,1.34456,1.344675,1.343915,1.34396
1784288700,1.34396,1.344295,1.34383,1.343855
1784289000,1.34387,1.344155,1.34371,1.34404
1784289300,1.344045,1.344045,1.343745,1.34384
1784289600,1.343835,1.34403,1.343655,1.3437
1784289900,1.343695,1.34383,1.34352,1.34373
1784290200,1.343745,1.343805,1.34356,1.34371
1784290500,1.343715,1.343785,1.343315,1.34334
1784290800,1.343345,1.343475,1.343125,1.343195
1784291100,1.3432,1.34359,1.34316,1.34353
1784291400,1.343525,1.34356,1.34282,1.342855
1784291700,1.34286,1.343325,1.34282,1.343265
1784292000,1.34326,1.34347,1.34308,1.34336
1784292300,1.343355,1.343395,1.34315,1.34337
1784292600,1.343375,1.34363,1.343265,1.34331
1784292900,1.343315,1.34348,1.34291,1.34317
1784293200,1.34316,1.343355,1.342815,1.343115
1784293500,1.34312,1.343215,1.342915,1.34302
1784293800,1.343025,1.34353,1.342925,1.343345
1784294100,1.34335,1.343465,1.34295,1.343285
1784294400,1.34329,1.343525,1.343165,1.343425
1784294700,1.34343,1.34365,1.34331,1.343415
1784295000,1.34342,1.344255,1.3433,1.34416
1784295300,1.344165,1.34453,1.34392,1.34439
1784295600,1.344385,1.344655,1.34418,1.344275
1784295900,1.34427,1.344455,1.344095,1.344365
1784296200,1.34436,1.345015,1.344335,1.344815
1784296500,1.34483,1.345135,1.344755,1.345055
1784296800,1.345065,1.345245,1.344735,1.34512
1784297100,1.345115,1.34541,1.344845,1.34491
1784297400,1.344905,1.34512,1.344655,1.344655
1784297700,1.344655,1.34512,1.344515,1.34503
1784298000,1.345025,1.34535,1.34496,1.345195
1784298300,1.34519,1.34521,1.344705,1.34481
1784298600,1.344815,1.345215,1.34469,1.34481
1784298900,1.344805,1.345155,1.34473,1.344955
1784299200,1.34495,1.34534,1.34491,1.3453
1784299500,1.345305,1.34546,1.34512,1.345125
1784299800,1.34513,1.345175,1.344755,1.344865
1784300100,1.34487,1.345025,1.344265,1.344495
1784300400,1.3445,1.34483,1.34444,1.344705
1784300700,1.34471,1.344975,1.344705,1.344745
1784301000,1.34474,1.344995,1.3445,1.344585
1784301300,1.34459,1.34503,1.344585,1.344975
1784301600,1.34497,1.345215,1.34497,1.34503
1784301900,1.34504,1.34534,1.344975,1.34534
1784302200,1.345335,1.34549,1.345005,1.345125
1784302500,1.34513,1.34518,1.34466,1.344855
1784302800,1.34485,1.34495,1.34462,1.344625
1784303100,1.344625,1.344685,1.34422,1.344465
1784303400,1.34446,1.344695,1.34438,1.3444
1784303700,1.344405,1.34466,1.34439,1.34448
1784304000,1.34449,1.3446,1.343745,1.34419
1784304300,1.344185,1.344495,1.343925,1.34442
1784304600,1.344415,1.34493,1.344345,1.344895
1784304900,1.34489,1.345115,1.344845,1.34503
1784305200,1.345035,1.345225,1.344965,1.34521
1784305500,1.345215,1.34538,1.345065,1.34531
1784305800,1.34532,1.34534,1.34505,1.345135
1784306100,1.34513,1.34524,1.345075,1.345235
1784306400,1.34523,1.345525,1.3452,1.345425
1784306700,1.34543,1.34556,1.34518,1.345455
1784307000,1.345455,1.34558,1.345325,1.34553
1784307300,1.345535,1.34559,1.34539,1.34558
1784307600,1.34559,1.345855,1.345545,1.34576
1784307900,1.34575,1.34599,1.34569,1.34575
1784308200,1.345745,1.345765,1.34549,1.34555
1784308500,1.345545,1.345575,1.34523,1.345275
1784308800,1.345255,1.34538,1.345185,1.345295
1784309100,1.3453,1.345545,1.345295,1.34547
1784309400,1.34547,1.345505,1.34529,1.345495
1784309700,1.34549,1.34552,1.345305,1.34531
1784310000,1.345315,1.345315,1.345115,1.345155
1784310300,1.34515,1.34534,1.345115,1.34526
1784310600,1.345265,1.34534,1.345175,1.345335
1784310900,1.34533,1.34539,1.34522,1.34534
1784311200,1.34533,1.34535,1.34518,1.34524
1784311500,1.345235,1.34534,1.34513,1.34531
1784311800,1.345315,1.34554,1.34531,1.345385
1784312100,1.34538,1.34558,1.34531,1.345425
1784312400,1.34542,1.345585,1.34529,1.345425
1784312700,1.34543,1.34556,1.345365,1.345545
1784313000,1.34555,1.34567,1.34546,1.345535
1784313300,1.34554,1.345555,1.345375,1.34545
1784313600,1.34546,1.345475,1.34529,1.34537
1784313900,1.34536,1.345405,1.345295,1.3453
1784314200,1.34529,1.34549,1.34524,1.34547
1784314500,1.345465,1.34552,1.345385,1.345405
1784314800,1.3454,1.34553,1.345305,1.345305
1784315100,1.34531,1.345375,1.34528,1.345295
1784315400,1.34529,1.345395,1.34525,1.345305
1784315700,1.3453,1.345335,1.3452,1.345265
1784316000,1.34526,1.34547,1.34517,1.34518
1784316300,1.345175,1.34541,1.345085,1.34533
1784316600,1.345335,1.34545,1.34533,1.34541
1784316900,1.345405,1.345425,1.34518,1.3452
1784317200,1.3452,1.345725,1.34514,1.34566
1784317500,1.345665,1.345705,1.34553,1.345605
1784317800,1.345615,1.345895,1.345525,1.34585
1784318100,1.345845,1.345975,1.3457,1.34585
1784318400,1.345855,1.346005,1.34583,1.3459
1784318700,1.3459,1.34593,1.345705,1.34571
1784319000,1.34571,1.345715,1.345605,1.34562
1784319300,1.345615,1.345635,1.34554,1.34555
1784319600,1.34556,1.34556,1.34524,1.34532
1784319900,1.34532,1.345325,1.3452,1.345255
1784320200,1.34525,1.34547,1.34525,1.34532
1784320500,1.345325,1.345325,1.345275,1.3453
1784320800,1.345295,1.345395,1.345275,1.345395
1784321100,1.34539,1.34541,1.34517,1.345385
1784321400,1.345395,1.345575,1.345395,1.345535
1784321700,1.345545,1.345585,1.3451,1.345145
1784494800,1.345145,1.345995,1.345145,1.345675
1784495100,1.34563,1.34563,1.34508,1.34508
1784495400,1.34516,1.34521,1.34506,1.345095
1784495700,1.34519,1.34529,1.344305,1.34451
1784496000,1.34457,1.34461,1.344355,1.344515
1784496300,1.344575,1.344965,1.344395,1.344965
1784496600,1.344965,1.345355,1.34447,1.344855
1784496900,1.34488,1.34515,1.344675,1.34482
1784497200,1.34482,1.34489,1.34467,1.34481
1784497500,1.344815,1.345035,1.34474,1.344965
1784497800,1.344965,1.345,1.34438,1.344665
1784498100,1.344715,1.344765,1.34428,1.344535
1784498400,1.344555,1.34478,1.3439,1.344035
1784498700,1.34405,1.3444,1.34405,1.3444
1784499000,1.3444,1.34462,1.34424,1.344475
1784499300,1.34448,1.344695,1.344175,1.344375
1784499600,1.34437,1.34456,1.344285,1.344325
1784499900,1.344315,1.344535,1.344105,1.344425
1784500200,1.344435,1.34475,1.3443,1.34463
1784500500,1.34463,1.34469,1.344485,1.344505
1784500800,1.3445,1.34466,1.344375,1.344535
1784501100,1.344545,1.34456,1.344405,1.344495
1784501400,1.34449,1.34451,1.344375,1.344395
1784501700,1.344395,1.34443,1.34438,1.34441
1784502000,1.344415,1.34446,1.344355,1.3444
1784502300,1.3444,1.344445,1.344385,1.34442
1784502600,1.344425,1.34444,1.344295,1.344295
1784502900,1.344305,1.344405,1.344185,1.34421
1784503200,1.34421,1.34426,1.34412,1.344225
1784503500,1.344235,1.34431,1.344205,1.3443
1784503800,1.344305,1.34431,1.3442,1.34422
1784504100,1.344225,1.34429,1.344185,1.344205
1784504400,1.344205,1.34454,1.344205,1.34451
1784504700,1.344515,1.344535,1.344295,1.344415
1784505000,1.34442,1.344525,1.34424,1.3443
1784505300,1.3443,1.34452,1.344295,1.34451
1784505600,1.344515,1.344635,1.34432,1.344615
1784505900,1.34462,1.34482,1.344585,1.344705
1784506200,1.344695,1.34482,1.344625,1.34465
1784506500,1.344655,1.345005,1.344655,1.3449
1784506800,1.344915,1.34519,1.34487,1.345125
1784507100,1.34512,1.34519,1.34501,1.345065
1784507400,1.34507,1.345075,1.344795,1.344825
1784507700,1.34482,1.34492,1.344765,1.34484
1784508000,1.344835,1.344935,1.344835,1.34486
1784508300,1.344865,1.344905,1.3448,1.344815
1784508600,1.34481,1.34502,1.344805,1.34499
1784508900,1.34499,1.345125,1.344965,1.34507
1784509200,1.34508,1.345385,1.345065,1.345265
1784509500,1.34527,1.345305,1.345105,1.34528
1784509800,1.345285,1.345305,1.344845,1.344925
1784510100,1.34492,1.3451,1.344915,1.34498
1784510400,1.34498,1.34509,1.344885,1.345085
1784510700,1.345085,1.34529,1.34504,1.345225
1784511000,1.34522,1.34539,1.345185,1.345235
1784511300,1.34523,1.34523,1.34511,1.34514
1784511600,1.345145,1.345235,1.34488,1.34503
1784511900,1.345035,1.345115,1.34492,1.345085
1784512200,1.34508,1.345175,1.345005,1.34512
1784512500,1.345125,1.34542,1.34511,1.34541
1784512800,1.345415,1.345555,1.345305,1.34553
1784513100,1.345535,1.345705,1.345505,1.34569
1784513400,1.345685,1.345785,1.34553,1.34564
1784513700,1.345635,1.34579,1.345595,1.345645
1784514000,1.34565,1.345765,1.345645,1.34572
1784514300,1.345725,1.34595,1.345645,1.34591
1784514600,1.345915,1.34601,1.34588,1.345915
1784514900,1.34591,1.346035,1.345825,1.345965
1784515200,1.34596,1.34633,1.34593,1.346125
1784515500,1.34612,1.34619,1.346,1.346185
1784515800,1.34618,1.34622,1.34611,1.34612
1784516100,1.346115,1.34613,1.34586,1.345905
1784516400,1.3459,1.345925,1.34579,1.34587
1784516700,1.345865,1.345905,1.345755,1.34581
1784517000,1.34582,1.34596,1.345805,1.34591
1784517300,1.345905,1.345955,1.34584,1.34593
1784517600,1.34593,1.346,1.345915,1.34593
1784517900,1.345925,1.34594,1.345855,1.34593
1784518200,1.345935,1.345985,1.3459,1.34595
1784518500,1.345945,1.345985,1.34586,1.34595
1784518800,1.34595,1.346135,1.34592,1.34612
1784519100,1.346125,1.346135,1.346045,1.34605
1784519400,1.346055,1.346165,1.34602,1.346155
1784519700,1.34615,1.346175,1.34606,1.34606
1784520000,1.346055,1.34623,1.346055,1.346145
1784520300,1.34615,1.346175,1.34608,1.34614
1784520600,1.34614,1.34628,1.346135,1.346255
1784520900,1.34626,1.346375,1.34626,1.34631
1784521200,1.34632,1.34643,1.34629,1.346405
1784521500,1.3464,1.346625,1.3464,1.346585
1784521800,1.34658,1.34659,1.34649,1.346575
1784522100,1.34658,1.346725,1.34657,1.346615
1784522400,1.346615,1.34669,1.34661,1.346635
1784522700,1.34664,1.34673,1.346585,1.346695
1784523000,1.34669,1.3468,1.34668,1.346725
1784523300,1.34672,1.346725,1.34661,1.34664
1784523600,1.346635,1.34668,1.346465,1.34653
1784523900,1.34653,1.346575,1.34651,1.34654
1784524200,1.346545,1.34657,1.34636,1.34647
1784524500,1.346465,1.346785,1.346455,1.346735
1784524800,1.34673,1.34675,1.34662,1.346735
1784525100,1.34673,1.346735,1.34661,1.346645
1784525400,1.34664,1.346655,1.34655,1.346635
1784525700,1.34664,1.346725,1.346615,1.34665
1784526000,1.346645,1.34675,1.34663,1.346695
1784526300,1.34669,1.34674,1.34656,1.34658
1784526600,1.346585,1.346745,1.34653,1.346735
1784526900,1.346735,1.34676,1.34659,1.346625
1784527200,1.34662,1.34689,1.346605,1.346815
1784527500,1.34681,1.34681,1.346425,1.346455
1784527800,1.34646,1.34646,1.346075,1.346175
1784528100,1.34618,1.346625,1.346135,1.346445
1784528400,1.34644,1.346565,1.34634,1.34635
1784528700,1.346345,1.346345,1.346045,1.346085
1784529000,1.34608,1.34616,1.345835,1.346005
1784529300,1.346,1.34628,1.345915,1.346205
1784529600,1.3462,1.34649,1.34614,1.346215
1784529900,1.34621,1.346455,1.34613,1.346195
1784530200,1.346205,1.34626,1.34598,1.34604
1784530500,1.346035,1.34612,1.345765,1.345845
1784530800,1.34586,1.34668,1.34576,1.34663
1784531100,1.346635,1.346635,1.346275,1.34632
1784531400,1.346315,1.34642,1.34614,1.346295
1784531700,1.3463,1.34631,1.346085,1.34617
1784532000,1.34616,1.34679,1.346075,1.346655
1784532300,1.34666,1.34704,1.346495,1.34702
1784532600,1.34701,1.347715,1.34696,1.34771
1784532900,1.347705,1.347985,1.34749,1.347825
1784533200,1.34782,1.34812,1.34772,1.34793
1784533500,1.347925,1.347945,1.347555,1.34772
1784533800,1.347715,1.347745,1.34744,1.347445
1784534100,1.34744,1.347615,1.3474,1.34761
1784534400,1.347605,1.34769,1.347435,1.347515
1784534700,1.34751,1.347615,1.347305,1.34741
1784535000,1.347405,1.34744,1.347285,1.347405
1784535300,1.3474,1.34761,1.34729,1.3473
1784535600,1.34729,1.34729,1.34692,1.34694
1784535900,1.346935,1.347025,1.346605,1.34672
1784536200,1.346725,1.34685,1.346605,1.34672
1784536500,1.346715,1.347035,1.34663,1.347
1784536800,1.346995,1.34716,1.346835,1.346905
1784537100,1.3469,1.3472,1.34687,1.347195
1784537400,1.3472,1.3472,1.34673,1.34682
1784537700,1.346825,1.34702,1.34679,1.346945
1784538000,1.34694,1.34695,1.34632,1.34633
1784538300,1.346325,1.34633,1.34598,1.346095
1784538600,1.346105,1.34623,1.346005,1.34613
1784538900,1.346125,1.34627,1.34577,1.345805
1784539200,1.3458,1.34618,1.345755,1.346155
1784539500,1.34616,1.346185,1.34575,1.345815
1784539800,1.34581,1.34621,1.34581,1.34605
1784540100,1.346055,1.34617,1.345985,1.346045
1784540400,1.346045,1.34654,1.34601,1.34652
1784540700,1.346515,1.346545,1.346215,1.3463
1784541000,1.346295,1.346655,1.34627,1.34647
1784541300,1.34647,1.34658,1.345995,1.34631
1784541600,1.346305,1.346305,1.345905,1.34611
1784541900,1.346105,1.34643,1.34602,1.346355
1784542200,1.34636,1.34692,1.3463,1.346785
1784542500,1.34678,1.34702,1.346655,1.34695
1784542800,1.34694,1.347085,1.346625,1.34674
1784543100,1.346735,1.34685,1.346605,1.346705
1784543400,1.3467,1.34686,1.346595,1.34686
1784543700,1.346855,1.34733,1.346815,1.347305
1784544000,1.3473,1.347355,1.346995,1.3471
1784544300,1.347095,1.34722,1.34702,1.347065
1784544600,1.34706,1.34712,1.34682,1.34694
1784544900,1.346935,1.34715,1.346725,1.346815
1784545200,1.346815,1.34722,1.34676,1.346965
1784545500,1.34696,1.347055,1.346655,1.346725
1784545800,1.34672,1.346935,1.34651,1.3469
1784546100,1.346905,1.34693,1.346605,1.346855
1784546400,1.34685,1.34694,1.34662,1.346755
1784546700,1.34676,1.34702,1.346715,1.34689
1784547000,1.346895,1.34788,1.346875,1.34756
1784547300,1.347555,1.34763,1.346995,1.3472
1784547600,1.347205,1.347305,1.34681,1.34686
1784547900,1.346855,1.34686,1.346505,1.346605
1784548200,1.346605,1.346605,1.346435,1.34651
1784548500,1.346505,1.346505,1.34613,1.346265
1784548800,1.34626,1.34629,1.345555,1.3461
1784549100,1.346095,1.34646,1.345925,1.34594
1784549400,1.345945,1.34608,1.34561,1.345855
1784549700,1.34586,1.345865,1.34539,1.34543
1784550000,1.345425,1.345525,1.345195,1.34549
1784550300,1.34548,1.345515,1.34518,1.34527
1784550600,1.345265,1.345295,1.34484,1.344995
1784550900,1.345,1.34552,1.34499,1.34531
1784551200,1.3453,1.3453,1.34501,1.34504
1784551500,1.345045,1.34554,1.34504,1.345455
1784551800,1.34545,1.345755,1.345335,1.345505
1784552100,1.34551,1.345675,1.34535,1.34548
1784552400,1.345485,1.345605,1.34527,1.34547
1784552700,1.345465,1.34547,1.345205,1.345315
1784553000,1.34531,1.34561,1.34531,1.34552
1784553300,1.345525,1.345565,1.345305,1.34552
1784553600,1.345525,1.34584,1.345455,1.34583
1784553900,1.345835,1.34589,1.345565,1.345735
1784554200,1.34575,1.345775,1.34551,1.3456
1784554500,1.345605,1.345705,1.3453,1.345605
1784554800,1.34561,1.345675,1.344805,1.344815
1784555100,1.344815,1.34504,1.344485,1.345015
1784555400,1.34502,1.345395,1.34492,1.34523
1784555700,1.345235,1.345475,1.345225,1.34524
1784556000,1.34525,1.345685,1.34525,1.345315
1784556300,1.34532,1.34544,1.344915,1.344915
1784556600,1.34492,1.34513,1.3447,1.345105
1784556900,1.34511,1.34537,1.34511,1.34528
1784557200,1.345265,1.34528,1.34479,1.34485
1784557500,1.344855,1.34541,1.34481,1.345285
1784557800,1.34528,1.345285,1.344525,1.34457
1784558100,1.34456,1.344725,1.344435,1.344625
1784558400,1.34463,1.344685,1.34409,1.344205
1784558700,1.3442,1.344205,1.3439,1.34408
1784559000,1.34407,1.344105,1.343695,1.343725
1784559300,1.343725,1.344005,1.343355,1.34392
1784559600,1.343915,1.343915,1.342495,1.342715
1784559900,1.34271,1.342955,1.34213,1.34286
1784560200,1.34286,1.34287,1.34196,1.34203
1784560500,1.342035,1.342115,1.34169,1.34174
1784560800,1.341745,1.34187,1.341365,1.34172
1784561100,1.341725,1.34207,1.34144,1.34206
1784561400,1.342065,1.342105,1.341595,1.3417
1784561700,1.3417,1.341915,1.341545,1.34173
1784562000,1.341735,1.34177,1.34146,1.34164
1784562300,1.341645,1.34179,1.341395,1.34175
1784562600,1.341755,1.34203,1.341625,1.341815
1784562900,1.34181,1.342035,1.341805,1.341805
1784563200,1.3418,1.341875,1.34137,1.34163
1784563500,1.341625,1.342225,1.34157,1.34213
1784563800,1.34213,1.34227,1.34205,1.34213
1784564100,1.342135,1.34236,1.342065,1.34212
1784564400,1.34212,1.34223,1.341945,1.34201
1784564700,1.342015,1.34203,1.34165,1.342025
1784565000,1.34203,1.34213,1.34182,1.34183
1784565300,1.341835,1.342125,1.341805,1.34197
1784565600,1.341965,1.34205,1.34123,1.34174
1784565900,1.341735,1.34182,1.341465,1.34174
1784566200,1.34174,1.34174,1.341505,1.341665
1784566500,1.34167,1.34208,1.341615,1.34204
1784566800,1.342045,1.342405,1.34202,1.342285
1784567100,1.34228,1.34254,1.34228,1.34253
1784567400,1.342525,1.342555,1.34188,1.342025
1784567700,1.34202,1.34243,1.341925,1.3424
1784568000,1.3424,1.342775,1.34231,1.34268
1784568300,1.342685,1.34301,1.34265,1.34294
1784568600,1.342935,1.34307,1.34291,1.34294
1784568900,1.342935,1.342985,1.34265,1.34267
1784569200,1.342665,1.34299,1.342615,1.342945
1784569500,1.34294,1.34324,1.34288,1.34314
1784569800,1.343135,1.34327,1.343035,1.343125
1784570100,1.34313,1.343275,1.343085,1.34313
1784570400,1.343135,1.343375,1.343125,1.34336
1784570700,1.343355,1.34364,1.343285,1.343605
1784571000,1.34361,1.343635,1.343515,1.343615
1784571300,1.34362,1.34396,1.343615,1.343755
1784571600,1.34375,1.343875,1.34353,1.3436
1784571900,1.343595,1.34378,1.34351,1.34372
1784572200,1.343715,1.343735,1.34335,1.343435
1784572500,1.34343,1.34363,1.34343,1.34347
1784572800,1.343465,1.34347,1.343325,1.343355
1784573100,1.34336,1.34343,1.34317,1.34337
1784573400,1.343365,1.34345,1.343335,1.34338
1784573700,1.343375,1.343625,1.34321,1.3436
1784574000,1.343605,1.34366,1.34338,1.343445
1784574300,1.34345,1.343465,1.34334,1.343435
1784574600,1.34344,1.34346,1.343235,1.343255
1784574900,1.343255,1.34339,1.34318,1.34336
1784575200,1.34337,1.343465,1.343325,1.343465
1784575500,1.34346,1.34387,1.343355,1.34378
1784575800,1.343795,1.343915,1.343735,1.34376
1784576100,1.343755,1.3439,1.343725,1.343885
1784576400,1.34389,1.343935,1.34367,1.34373
1784576700,1.343745,1.34384,1.343625,1.34383
1784577000,1.3438,1.343855,1.34353,1.343635
1784577300,1.34364,1.343645,1.34338,1.34351
1784577600,1.34352,1.3437,1.34349,1.34351
1784577900,1.34351,1.34352,1.34312,1.343225
1784578200,1.34322,1.34323,1.34312,1.34313
1784578500,1.343125,1.34314,1.3429,1.34297
1784578800,1.34297,1.34307,1.3429,1.343065
1784579100,1.343065,1.34311,1.343015,1.34307
1784579400,1.343075,1.343165,1.343045,1.343125
1784579700,1.343125,1.343145,1.343005,1.343015
1784580000,1.34301,1.343125,1.342975,1.34298
1784580300,1.342985,1.3431,1.34296,1.343025
1784580600,1.34302,1.343045,1.34298,1.34302
1784580900,1.34302,1.343115,1.343015,1.343105
1784581200,1.34308,1.343495,1.34308,1.34315
1784581500,1.34315,1.343275,1.34315,1.34324
1784581800,1.34324,1.343245,1.343185,1.343225
1784582100,1.34324,1.34334,1.34291,1.34334
1784582400,1.34334,1.34345,1.34287,1.342975
1784582700,1.34298,1.342985,1.342325,1.3424
1784583000,1.34242,1.342535,1.342335,1.342445
1784583300,1.342445,1.34251,1.3424,1.3425
1784583600,1.3425,1.34256,1.342485,1.342525
1784583900,1.34245,1.34249,1.342335,1.34244
1784584200,1.34244,1.342575,1.34242,1.34243
1784584500,1.34243,1.34257,1.342405,1.342445
1784584800,1.34243,1.342625,1.342245,1.342395
1784585100,1.34239,1.34253,1.34224,1.342445
1784585400,1.34244,1.342545,1.34243,1.34244
1784585700,1.34245,1.342485,1.342405,1.342425
1784586000,1.342425,1.34245,1.3424,1.342435
1784586300,1.34244,1.342445,1.342285,1.34244
1784586600,1.342435,1.34249,1.34243,1.342435
1784586900,1.342435,1.342475,1.342425,1.342445
1784587200,1.342435,1.342465,1.34242,1.342445
1784587500,1.342465,1.342675,1.34244,1.3426
1784587800,1.342595,1.34265,1.342535,1.342645
1784588100,1.34264,1.34269,1.34262,1.34264
1784588400,1.342645,1.342745,1.342625,1.34272
1784588700,1.342725,1.34284,1.3427,1.34283
1784589000,1.34283,1.342845,1.3428,1.342815
1784589300,1.34281,1.342845,1.34275,1.34283
1784589600,1.34283,1.342845,1.34276,1.3428
1784589900,1.3428,1.34281,1.34279,1.3428
1784590200,1.342795,1.34291,1.34279,1.34291
1784590500,1.342905,1.342915,1.342855,1.342875
1784590800,1.342875,1.3429,1.3428,1.34282
1784591100,1.342825,1.34295,1.342795,1.34292
1784591400,1.342925,1.34307,1.342875,1.343055
1784591700,1.34306,1.34316,1.343005,1.343125
1784592000,1.34313,1.343335,1.343075,1.343125
1784592300,1.34313,1.34317,1.342995,1.34306
1784592600,1.343055,1.343185,1.34301,1.34307
1784592900,1.343075,1.3431,1.342925,1.34309
1784593200,1.34309,1.343125,1.34278,1.342795
1784593500,1.342805,1.34289,1.34279,1.34284
1784593800,1.342835,1.34286,1.342695,1.34284
1784594100,1.342845,1.34294,1.342825,1.34292
1784594400,1.342925,1.343205,1.34292,1.34317
1784594700,1.34318,1.34349,1.343165,1.34341
1784595000,1.343405,1.343505,1.34326,1.34333
1784595300,1.343345,1.343395,1.343095,1.343145
1784595600,1.34314,1.34323,1.34299,1.343185
1784595900,1.34318,1.34345,1.34318,1.34331
1784596200,1.34332,1.343415,1.34325,1.34326
1784596500,1.343265,1.343685,1.34323,1.343615
1784596800,1.34361,1.34364,1.343305,1.34335
1784597100,1.34334,1.34353,1.34324,1.34345
1784597400,1.343455,1.34364,1.34331,1.34354
1784597700,1.343545,1.343595,1.343245,1.34332
1784598000,1.343325,1.34367,1.343315,1.34362
1784598300,1.343615,1.343705,1.34349,1.34363
1784598600,1.343635,1.343665,1.34348,1.343585
1784598900,1.34358,1.34361,1.343455,1.3435
1784599200,1.3435,1.343685,1.34349,1.34356
1784599500,1.343555,1.343825,1.343555,1.343675
1784599800,1.34368,1.34381,1.343625,1.34363
1784600100,1.343635,1.343645,1.34355,1.3436
1784600400,1.34359,1.343825,1.343545,1.34382
1784600700,1.343825,1.343825,1.343405,1.343405
1784601000,1.343415,1.34361,1.343405,1.34352
1784601300,1.343525,1.34371,1.343515,1.34358
1784601600,1.343585,1.3436,1.34345,1.34347
1784601900,1.343475,1.343475,1.3433,1.343335
1784602200,1.34334,1.343355,1.343035,1.34306
1784602500,1.343065,1.34319,1.343055,1.343125
1784602800,1.34313,1.343265,1.34294,1.34304
1784603100,1.343035,1.34314,1.34294,1.3431
1784603400,1.3431,1.34325,1.34306,1.343125
1784603700,1.34312,1.343335,1.343065,1.34332
1784604000,1.343315,1.343445,1.343285,1.3434
1784604300,1.343395,1.34343,1.343335,1.343425
1784604600,1.34342,1.343585,1.34341,1.34358
1784604900,1.343585,1.34361,1.3435,1.3436
1784605200,1.343605,1.34366,1.34356,1.34363
1784605500,1.34363,1.343945,1.343625,1.34394
1784605800,1.34394,1.343955,1.343725,1.34374
1784606100,1.343735,1.343755,1.34365,1.34366
1784606400,1.343655,1.343725,1.343595,1.343635
1784606700,1.34363,1.34384,1.343625,1.34375
1784607000,1.343745,1.343755,1.34361,1.34371
1784607300,1.343705,1.3438,1.343685,1.34371
1784607600,1.343715,1.343785,1.343675,1.34373
1784607900,1.343735,1.343765,1.34368,1.343695
1784608200,1.3437,1.34386,1.34366,1.343825
1784608500,1.34383,1.34396,1.343815,1.343955
1784608800,1.34395,1.343995,1.343795,1.34396
1784609100,1.34396,1.34406,1.343925,1.344005
1784609400,1.343995,1.344065,1.343915,1.34402
1784609700,1.344025,1.34407,1.34394,1.344015
1784610000,1.34401,1.34415,1.34401,1.34408
1784610300,1.344075,1.34431,1.344045,1.344305
1784610600,1.3443,1.3443,1.343915,1.343925
1784610900,1.34392,1.34399,1.343865,1.343905
1784611200,1.3439,1.343995,1.34389,1.34393
1784611500,1.34393,1.34408,1.34392,1.34405
1784611800,1.344055,1.344295,1.34402,1.34423
1784612100,1.344225,1.34434,1.3442,1.34432
1784612400,1.344325,1.344655,1.344315,1.344625
1784612700,1.34461,1.34462,1.34438,1.34442
1784613000,1.344425,1.3445,1.344335,1.34439
1784613300,1.344385,1.344385,1.34424,1.34424
1784613600,1.34422,1.345,1.344165,1.34493
1784613900,1.344925,1.344925,1.344625,1.34481
1784614200,1.34481,1.344855,1.344665,1.34483
1784614500,1.344835,1.344895,1.344625,1.344785
1784614800,1.34478,1.345085,1.344695,1.34493
1784615100,1.344925,1.34497,1.34463,1.34473
1784615400,1.344735,1.344845,1.344615,1.3448
1784615700,1.344805,1.34506,1.34471,1.34481
1784616000,1.344805,1.34515,1.34474,1.34512
1784616300,1.345115,1.345305,1.345035,1.34519
1784616600,1.3452,1.34521,1.34482,1.34483
1784616900,1.344815,1.34495,1.344705,1.34478
1784617200,1.344775,1.34526,1.344755,1.345115
1784617500,1.345105,1.34555,1.345085,1.34519
1784617800,1.3452,1.345215,1.34469,1.344885
1784618100,1.34488,1.344915,1.344555,1.34469
1784618400,1.344695,1.34493,1.34451,1.34477
1784618700,1.344765,1.34485,1.344405,1.34442
1784619000,1.344415,1.344445,1.34392,1.3444
1784619300,1.344405,1.344405,1.34417,1.34423
1784619600,1.344225,1.34427,1.34365,1.343755
1784619900,1.34375,1.344025,1.34372,1.34389
1784620200,1.343895,1.344025,1.3438,1.34393
1784620500,1.343935,1.344135,1.343875,1.34406
1784620800,1.34407,1.34427,1.34394,1.34412
1784621100,1.344115,1.344435,1.343985,1.3444
1784621400,1.344405,1.344625,1.344305,1.344525
1784621700,1.34453,1.34484,1.34414,1.34481
1784622000,1.34479,1.344845,1.34421,1.34424
1784622300,1.344235,1.34429,1.343695,1.34371
1784622600,1.343705,1.343705,1.343015,1.34306
1784622900,1.34306,1.34334,1.34272,1.343145
1784623200,1.34315,1.34331,1.343045,1.34329
1784623500,1.343295,1.343395,1.343115,1.34322
1784623800,1.34322,1.34334,1.343045,1.3431
1784624100,1.343095,1.34316,1.342885,1.34291
1784624400,1.3429,1.34297,1.342765,1.34281
1784624700,1.342815,1.34298,1.342515,1.34278
1784625000,1.34278,1.342915,1.34269,1.342755
1784625300,1.34276,1.34303,1.34273,1.34277
1784625600,1.342765,1.34287,1.342655,1.342775
1784625900,1.34277,1.342885,1.342485,1.34249
1784626200,1.342485,1.342905,1.34248,1.342895
1784626500,1.34289,1.34337,1.342705,1.34298
1784626800,1.342985,1.343,1.34278,1.34281
1784627100,1.34281,1.343125,1.34278,1.343025
1784627400,1.34303,1.34308,1.342885,1.34302
1784627700,1.343025,1.34303,1.34265,1.342705
1784628000,1.342695,1.34281,1.34246,1.342595
1784628300,1.3426,1.34282,1.34247,1.34281
1784628600,1.342805,1.343395,1.3428,1.343135
1784628900,1.34313,1.34316,1.342725,1.3428
1784629200,1.342805,1.343075,1.3427,1.34283
1784629500,1.342825,1.342885,1.342585,1.342785
1784629800,1.34279,1.34301,1.34278,1.342805
1784630100,1.3428,1.34292,1.342565,1.342575
1784630400,1.34257,1.342575,1.341995,1.342115
1784630700,1.34212,1.342165,1.341795,1.341795
1784631000,1.34179,1.341895,1.3415,1.341575
1784631300,1.34158,1.341805,1.341385,1.34168
1784631600,1.341685,1.342005,1.341675,1.341985
1784631900,1.341985,1.34207,1.341185,1.34126
1784632200,1.341265,1.341265,1.34075,1.34097
1784632500,1.34098,1.341125,1.340665,1.34093
1784632800,1.340925,1.34111,1.34079,1.34109
1784633100,1.341095,1.341095,1.34077,1.340895
1784633400,1.34089,1.34106,1.340725,1.340815
1784633700,1.34081,1.3414,1.340805,1.34139
1784634000,1.34141,1.341445,1.34095,1.341115
1784634300,1.34111,1.34124,1.341015,1.341165
1784634600,1.34116,1.341225,1.34036,1.34038
1784634900,1.340375,1.340545,1.340145,1.340535
1784635200,1.34054,1.340695,1.340025,1.34024
1784635500,1.340235,1.340495,1.33992,1.340015
1784635800,1.34001,1.34013,1.339645,1.339805
1784636100,1.3398,1.3399,1.339405,1.339565
1784636400,1.33957,1.33968,1.33894,1.33897
1784636700,1.33896,1.33899,1.338365,1.338475
1784637000,1.33848,1.339135,1.33843,1.339
1784637300,1.33899,1.339225,1.33887,1.339085
1784637600,1.33909,1.33916,1.338385,1.33874
1784637900,1.338745,1.339245,1.338695,1.33903
1784638200,1.339025,1.33903,1.33844,1.338595
1784638500,1.33858,1.339105,1.338195,1.33889
1784638800,1.338885,1.339,1.338245,1.338725
1784639100,1.33872,1.33881,1.338455,1.338475
1784639400,1.33848,1.33925,1.33842,1.33924
1784639700,1.339235,1.33953,1.338675,1.33878
1784640000,1.338785,1.338875,1.337985,1.338015
1784640300,1.33802,1.338115,1.337735,1.337915
1784640600,1.337925,1.338035,1.337155,1.33718
1784640900,1.337175,1.337275,1.33596,1.33602
1784641200,1.336015,1.336455,1.336015,1.336415
1784641500,1.33642,1.33772,1.33638,1.33771
1784641800,1.337715,1.338525,1.337585,1.33829
1784642100,1.338285,1.338445,1.33789,1.33815
1784642400,1.338155,1.338545,1.337965,1.338465
1784642700,1.33846,1.3392,1.3384,1.339065
1784643000,1.33907,1.33992,1.338965,1.33989
1784643300,1.3399,1.33991,1.33931,1.339375
1784643600,1.33938,1.339525,1.33886,1.338985
1784643900,1.338985,1.33921,1.338535,1.338685
1784644200,1.33868,1.339005,1.337725,1.337785
1784644500,1.33778,1.337945,1.33758,1.33794
1784644800,1.337935,1.33831,1.33778,1.338045
1784645100,1.33804,1.33811,1.3374,1.33769
1784645400,1.337695,1.337705,1.33707,1.33733
1784645700,1.337335,1.33766,1.33659,1.33714
1784646000,1.337135,1.33724,1.336795,1.33721
1784646300,1.337205,1.337395,1.337025,1.33734
1784646600,1.337345,1.33755,1.33726,1.33742
1784646900,1.337425,1.337885,1.337385,1.337655
1784647200,1.33766,1.33817,1.33747,1.337725
1784647500,1.33773,1.33791,1.337645,1.33775
1784647800,1.337745,1.33798,1.33747,1.33798
1784648100,1.337975,1.33799,1.33751,1.33758
1784648400,1.337575,1.33772,1.337405,1.33756
1784648700,1.337555,1.337665,1.337215,1.33729
1784649000,1.337285,1.337375,1.33713,1.337165
1784649300,1.33717,1.337315,1.3371,1.337305
1784649600,1.33731,1.33745,1.337155,1.337325
1784649900,1.33733,1.337365,1.33696,1.336975
1784650200,1.33697,1.33729,1.336925,1.337065
1784650500,1.33707,1.337185,1.336965,1.337105
1784650800,1.3371,1.337425,1.33706,1.33728
1784651100,1.33728,1.33735,1.33711,1.33727
1784651400,1.337275,1.33759,1.337165,1.337545
1784651700,1.33754,1.3379,1.337465,1.337865
1784652000,1.33787,1.338335,1.337825,1.338265
1784652300,1.33825,1.3383,1.338035,1.33826
1784652600,1.33826,1.33833,1.33811,1.338255
1784652900,1.33825,1.33843,1.3382,1.33825
1784653200,1.338245,1.3385,1.338145,1.33825
1784653500,1.338245,1.33839,1.33816,1.338165
1784653800,1.338175,1.338375,1.338025,1.33828
1784654100,1.33828,1.338395,1.338205,1.33837
1784654400,1.338365,1.33841,1.33828,1.3384
1784654700,1.338395,1.33865,1.338395,1.338645
1784655000,1.33865,1.33871,1.338485,1.3385
1784655300,1.338495,1.338545,1.338425,1.338535
1784655600,1.33851,1.33863,1.338455,1.338605
1784655900,1.3386,1.33869,1.33846,1.338495
1784656200,1.338495,1.33873,1.33848,1.33868
1784656500,1.338675,1.338705,1.33843,1.338465
1784656800,1.33846,1.338475,1.33781,1.33781
1784657100,1.337805,1.33798,1.337585,1.33789
1784657400,1.3379,1.33801,1.33767,1.33772
1784657700,1.337715,1.33791,1.337565,1.33771
1784658000,1.33771,1.33777,1.33748,1.33776
1784658300,1.337765,1.33813,1.337765,1.338
1784658600,1.33799,1.338095,1.337595,1.33761
1784658900,1.33761,1.33769,1.33749,1.33767
1784659200,1.337675,1.337905,1.33766,1.337855
1784659500,1.33785,1.337955,1.337735,1.33788
1784659800,1.337885,1.338005,1.33781,1.33797
1784660100,1.33797,1.33813,1.337905,1.338115
1784660400,1.33811,1.338265,1.337985,1.337995
1784660700,1.338,1.33815,1.337945,1.33807
1784661000,1.338065,1.338215,1.337905,1.338085
1784661300,1.33808,1.338275,1.33808,1.33821
1784661600,1.338205,1.33833,1.33817,1.338285
1784661900,1.33829,1.33844,1.33829,1.33836
1784662200,1.338355,1.338395,1.33826,1.33832
1784662500,1.33832,1.338335,1.338015,1.338095
1784662800,1.33809,1.33823,1.338075,1.33808
1784663100,1.338075,1.338295,1.33807,1.338255
1784663400,1.33825,1.33847,1.3382,1.33827
1784663700,1.33826,1.338265,1.33796,1.33802
1784664000,1.338035,1.338045,1.337855,1.33796
1784664300,1.337965,1.33808,1.33792,1.337935
1784664600,1.33793,1.337965,1.33784,1.33786
1784664900,1.337855,1.33786,1.3377,1.33772
1784665200,1.337715,1.33777,1.33767,1.337765
1784665500,1.337775,1.337935,1.337775,1.33787
1784665800,1.337875,1.33791,1.33781,1.33784
1784666100,1.33784,1.33789,1.337835,1.33788
1784666400,1.33788,1.33791,1.337765,1.337765
1784666700,1.337765,1.337835,1.337705,1.337765
1784667000,1.33776,1.337775,1.33774,1.33775
1784667300,1.337745,1.33776,1.33737,1.33758
1784667600,1.337545,1.33756,1.33691,1.337235
1784667900,1.337255,1.33801,1.33724,1.33796
1784668200,1.33796,1.338055,1.33768,1.337725
1784668500,1.33762,1.337675,1.33714,1.33765
1784668800,1.33765,1.337915,1.337625,1.337825
1784669100,1.337825,1.337895,1.33766,1.337825
1784669400,1.337825,1.33796,1.33755,1.337925
1784669700,1.337925,1.337975,1.3375,1.337865
1784670000,1.337865,1.33795,1.337595,1.33789
1784670300,1.33788,1.337985,1.33752,1.337755
1784670600,1.337755,1.337865,1.33763,1.337825
1784670900,1.337825,1.337865,1.33756,1.337715
1784671200,1.3377,1.33779,1.3376,1.33768
1784671500,1.33769,1.33773,1.33768,1.3377
1784671800,1.337695,1.33772,1.337575,1.337585
1784672100,1.337585,1.33761,1.33753,1.337585
1784672400,1.337585,1.337685,1.337565,1.33767
1784672700,1.33767,1.337755,1.337665,1.337685
1784673000,1.337695,1.3377,1.337625,1.337685
1784673300,1.337685,1.33774,1.33765,1.337655
1784673600,1.337655,1.337675,1.337635,1.337655
1784673900,1.337655,1.33767,1.337505,1.33756
1784674200,1.33756,1.337565,1.337445,1.337455
1784674500,1.337455,1.337505,1.337395,1.337405
1784674800,1.337415,1.33745,1.33735,1.33739
1784675100,1.33739,1.337475,1.33736,1.33747
1784675400,1.33747,1.3375,1.33747,1.337475
1784675700,1.33748,1.337515,1.337475,1.337485
1784676000,1.337485,1.33749,1.337385,1.3374
1784676300,1.3374,1.33748,1.33738,1.337405
1784676600,1.33741,1.337545,1.33741,1.33748
1784676900,1.33748,1.33757,1.33747,1.337495
1784677200,1.33749,1.337585,1.33747,1.33756
1784677500,1.33756,1.337605,1.337515,1.337575
1784677800,1.337575,1.33776,1.337565,1.337735
1784678100,1.337735,1.337865,1.337735,1.337855
1784678400,1.33785,1.338155,1.33777,1.338105
1784678700,1.33811,1.33813,1.337835,1.338075
1784679000,1.33807,1.33823,1.337985,1.338215
1784679300,1.338215,1.3384,1.338165,1.33839
1784679600,1.338385,1.338645,1.33838,1.33855
1784679900,1.33855,1.33866,1.338525,1.33866
1784680200,1.338655,1.33871,1.33857,1.33858
1784680500,1.338575,1.3386,1.338125,1.338145
1784680800,1.33814,1.338225,1.33809,1.33818
1784681100,1.338185,1.338255,1.33813,1.33822
1784681400,1.338225,1.338375,1.338165,1.33819
1784681700,1.338185,1.33861,1.338105,1.338495
1784682000,1.338505,1.33879,1.33845,1.33863
1784682300,1.338625,1.3388,1.33861,1.338725
1784682600,1.338725,1.33875,1.338605,1.33869
1784682900,1.33868,1.33874,1.338385,1.3384
1784683200,1.3384,1.338515,1.338295,1.338315
1784683500,1.338315,1.338425,1.33828,1.338385
1784683800,1.33839,1.338395,1.33796,1.33807
1784684100,1.338065,1.3381,1.337945,1.33808
1784684400,1.338085,1.338235,1.33805,1.33821
1784684700,1.338215,1.3384,1.3382,1.338355
1784685000,1.33836,1.33843,1.338265,1.33837
1784685300,1.338365,1.338385,1.338255,1.33833
1784685600,1.338335,1.338405,1.338065,1.33818
1784685900,1.33819,1.33832,1.3381,1.338305
1784686200,1.338305,1.3385,1.33828,1.338415
1784686500,1.33841,1.338445,1.33833,1.33835
1784686800,1.338355,1.33863,1.33835,1.33858
1784687100,1.33858,1.338975,1.338565,1.33879
1784687400,1.338785,1.338865,1.338665,1.33873
1784687700,1.338735,1.338735,1.338545,1.33859
1784688000,1.338595,1.338665,1.33854,1.33863
1784688300,1.338625,1.33867,1.33849,1.3385
1784688600,1.338495,1.33866,1.33848,1.33863
1784688900,1.33864,1.33875,1.33848,1.33853
1784689200,1.33852,1.33865,1.33848,1.338605
1784689500,1.3386,1.338655,1.33836,1.338365
1784689800,1.338365,1.33844,1.338135,1.338265
1784690100,1.33826,1.33845,1.33826,1.33841
1784690400,1.338415,1.338525,1.33839,1.33847
1784690700,1.33847,1.338695,1.33847,1.33868
1784691000,1.33868,1.3387,1.33846,1.338495
1784691300,1.3385,1.338505,1.338365,1.33846
1784691600,1.33846,1.338465,1.338345,1.33837
1784691900,1.338365,1.33848,1.33831,1.338375
1784692200,1.33838,1.33838,1.338235,1.338275
1784692500,1.33828,1.33835,1.338265,1.33831
1784692800,1.338305,1.338325,1.338235,1.33827
1784693100,1.338275,1.338315,1.338185,1.338285
1784693400,1.338285,1.338285,1.33806,1.33818
1784693700,1.33818,1.3383,1.338175,1.3382
1784694000,1.338195,1.33825,1.3381,1.338195
1784694300,1.33819,1.33827,1.33815,1.338265
1784694600,1.33827,1.33832,1.33824,1.338295
1784694900,1.338295,1.33837,1.338265,1.33835
1784695200,1.338345,1.338525,1.338345,1.338485
1784695500,1.33848,1.338485,1.338365,1.33838
1784695800,1.338375,1.338445,1.33825,1.338275
1784696100,1.33827,1.338375,1.338255,1.33837
1784696400,1.33839,1.338585,1.338335,1.33855
1784696700,1.338555,1.338615,1.33846,1.33848
1784697000,1.338475,1.338585,1.33844,1.338475
1784697300,1.33848,1.338505,1.33835,1.338475
1784697600,1.338475,1.33867,1.33846,1.338545
1784697900,1.338545,1.33857,1.33835,1.338355
1784698200,1.33835,1.33837,1.33815,1.338235
1784698500,1.33823,1.33837,1.33823,1.338305
1784698800,1.338315,1.338335,1.338085,1.33815
1784699100,1.338155,1.338155,1.337935,1.338065
1784699400,1.33806,1.338385,1.338035,1.338275
1784699700,1.33828,1.33836,1.337965,1.338095
1784700000,1.338045,1.339105,1.33773,1.338865
1784700300,1.33886,1.33889,1.33855,1.33868
1784700600,1.338675,1.33872,1.338345,1.338405
1784700900,1.3384,1.338425,1.337965,1.33812
1784701200,1.338125,1.33822,1.33775,1.33777
1784701500,1.337775,1.3378,1.33702,1.337085
1784701800,1.337095,1.337535,1.33693,1.33725
1784702100,1.337245,1.33737,1.33695,1.33705
1784702400,1.33705,1.3375,1.337025,1.337465
1784702700,1.337455,1.33765,1.337425,1.337555
1784703000,1.33756,1.337915,1.33729,1.337805
1784703300,1.337795,1.33796,1.337635,1.337945
1784703600,1.33794,1.33805,1.33764,1.3378
1784703900,1.33779,1.33838,1.337745,1.338365
1784704200,1.33836,1.33856,1.33822,1.33846
1784704500,1.338455,1.338685,1.33822,1.338595
1784704800,1.33859,1.33907,1.338585,1.33869
1784705100,1.338695,1.33885,1.338605,1.338675
1784705400,1.33867,1.33954,1.338665,1.338885
1784705700,1.33889,1.33891,1.33847,1.338505
1784706000,1.33851,1.33853,1.337665,1.337925
1784706300,1.33792,1.338,1.33756,1.33778
1784706600,1.33778,1.338255,1.337755,1.338165
1784706900,1.33816,1.338475,1.338125,1.338225
1784707200,1.33822,1.33835,1.33774,1.33798
1784707500,1.337985,1.33806,1.33761,1.33767
1784707800,1.337685,1.337775,1.337425,1.33746
1784708100,1.337455,1.33768,1.3373,1.337485
1784708400,1.33748,1.33804,1.33747,1.337975
1784708700,1.33797,1.337975,1.33753,1.33775
1784709000,1.337755,1.33839,1.3377,1.33803
1784709300,1.338035,1.33815,1.33785,1.33791
1784709600,1.33792,1.338185,1.337745,1.338075
1784709900,1.338075,1.338095,1.33751,1.337565
1784710200,1.33756,1.33759,1.33714,1.337345
1784710500,1.33735,1.337595,1.337255,1.33736
1784710800,1.337355,1.33748,1.33717,1.337425
1784711100,1.33743,1.337465,1.33714,1.337185
1784711400,1.33719,1.337265,1.33681,1.33689
1784711700,1.336895,1.336955,1.33672,1.33695
1784712000,1.33694,1.337215,1.33675,1.336985
1784712300,1.33699,1.337095,1.336825,1.33699
1784712600,1.33698,1.33742,1.33688,1.33729
1784712900,1.337295,1.33737,1.337045,1.33719
1784713200,1.337185,1.33726,1.336875,1.337085
1784713500,1.33708,1.3372,1.336985,1.33704
1784713800,1.337045,1.33705,1.336645,1.3368
1784714100,1.336795,1.336985,1.3367,1.336915
1784714400,1.33692,1.33714,1.336645,1.336685
1784714700,1.336675,1.33701,1.336635,1.33677
1784715000,1.336765,1.337225,1.33676,1.33709
1784715300,1.337095,1.337325,1.33708,1.33717
1784715600,1.337175,1.337455,1.336975,1.33712
1784715900,1.337125,1.33719,1.33688,1.336885
1784716200,1.33688,1.33695,1.33666,1.33685
1784716500,1.33685,1.337005,1.336605,1.336965
1784716800,1.33697,1.33698,1.33659,1.33673
1784717100,1.336725,1.336845,1.336625,1.33684
1784717400,1.336835,1.33692,1.336625,1.336725
1784717700,1.336735,1.337295,1.336735,1.336855
1784718000,1.33685,1.33728,1.33684,1.33708
1784718300,1.337075,1.33718,1.33684,1.33717
1784718600,1.337175,1.33727,1.33687,1.3369
1784718900,1.336895,1.33705,1.33666,1.33667
1784719200,1.336675,1.336915,1.336665,1.33682
1784719500,1.33682,1.33682,1.336355,1.336585
1784719800,1.33658,1.336855,1.33652,1.33682
1784720100,1.336815,1.336955,1.33652,1.33694
1784720400,1.336935,1.336945,1.336355,1.336755
1784720700,1.33675,1.33703,1.33658,1.336845
1784721000,1.33684,1.33689,1.33661,1.33673
1784721300,1.336735,1.33676,1.33654,1.336715
1784721600,1.33672,1.33692,1.33655,1.336825
1784721900,1.33683,1.337025,1.336615,1.33675
1784722200,1.336755,1.337045,1.336645,1.33704
1784722500,1.33703,1.337055,1.33655,1.3368
1784722800,1.336795,1.33685,1.33658,1.33667
1784723100,1.336675,1.336915,1.336655,1.33685
1784723400,1.336855,1.33724,1.336855,1.337175
1784723700,1.337175,1.337265,1.33676,1.33677
1784724000,1.336775,1.336775,1.336545,1.33675
1784724300,1.336755,1.336785,1.33585,1.336065
1784724600,1.336075,1.33636,1.336035,1.33621
1784724900,1.336195,1.336265,1.335495,1.33591
1784725200,1.335895,1.336755,1.33588,1.336565
1784725500,1.33656,1.33666,1.33641,1.33665
1784725800,1.336645,1.33674,1.336455,1.336555
1784726100,1.33656,1.337015,1.3364,1.336975
1784726400,1.33698,1.33779,1.33695,1.33778
1784726700,1.337785,1.33799,1.33764,1.337665
1784727000,1.33769,1.338845,1.337685,1.338395
1784727300,1.33839,1.33877,1.338155,1.338645
1784727600,1.33865,1.338935,1.33836,1.338645
1784727900,1.33864,1.33867,1.338135,1.33827
1784728200,1.338265,1.33872,1.338135,1.338665
1784728500,1.33866,1.338825,1.33838,1.338675
1784728800,1.338665,1.338975,1.33861,1.338755
1784729100,1.33875,1.33878,1.3382,1.338435
1784729400,1.33844,1.33907,1.33829,1.338885
1784729700,1.33888,1.33908,1.33879,1.33888
1784730000,1.338875,1.338975,1.33824,1.338325
1784730300,1.33833,1.338545,1.33802,1.338225
1784730600,1.33822,1.33844,1.33798,1.33831
1784730900,1.338315,1.33834,1.337805,1.33806
1784731200,1.33805,1.33812,1.33782,1.337915
1784731500,1.33792,1.338105,1.337705,1.33796
1784731800,1.337955,1.33811,1.33772,1.337925
1784732100,1.33793,1.33793,1.337195,1.337395
1784732400,1.3374,1.337765,1.337245,1.33767
1784732700,1.337665,1.33792,1.33756,1.337775
1784733000,1.33778,1.33784,1.337605,1.337615
1784733300,1.33761,1.33762,1.33723,1.33742
1784733600,1.337425,1.33773,1.33724,1.337585
1784733900,1.33758,1.33793,1.337565,1.33782
1784734200,1.337825,1.337885,1.337515,1.33753
1784734500,1.33754,1.337665,1.337135,1.337215
1784734800,1.33721,1.33757,1.33719,1.33753
1784735100,1.337535,1.338045,1.337525,1.337965
1784735400,1.337975,1.338015,1.33765,1.33765
1784735700,1.337655,1.337655,1.337345,1.33762
1784736000,1.337615,1.33764,1.337295,1.337355
1784736300,1.33735,1.33759,1.33712,1.337215
1784736600,1.33722,1.33723,1.33679,1.336875
1784736900,1.33687,1.337015,1.336555,1.336615
1784737200,1.336605,1.33696,1.336575,1.33693
1784737500,1.336935,1.337105,1.336845,1.33708
1784737800,1.337085,1.3373,1.33681,1.336845
1784738100,1.33684,1.33698,1.33672,1.33686
1784738400,1.336865,1.33704,1.336825,1.33703
1784738700,1.337035,1.337065,1.33686,1.337025
1784739000,1.33702,1.337065,1.336865,1.33699
1784739300,1.336985,1.337415,1.336985,1.337295
1784739600,1.33729,1.337425,1.337115,1.33727
1784739900,1.33726,1.33732,1.33708,1.33718
1784740200,1.337175,1.33731,1.337075,1.337075
1784740500,1.33708,1.33724,1.337045,1.337115
1784740800,1.33712,1.33727,1.337065,1.33716
1784741100,1.337155,1.33737,1.33712,1.33729
1784741400,1.337285,1.33729,1.337085,1.337105
1784741700,1.3371,1.337125,1.33689,1.336935
1784742000,1.33693,1.33713,1.336865,1.33709
1784742300,1.337085,1.33719,1.337055,1.33715
1784742600,1.337155,1.33734,1.337125,1.337125
1784742900,1.337115,1.33718,1.336965,1.337135
1784743200,1.337145,1.33728,1.337055,1.33706
1784743500,1.337065,1.33714,1.336925,1.33694
1784743800,1.33693,1.33702,1.336875,1.33696
1784744100,1.336955,1.337125,1.336955,1.337105
1784744400,1.3371,1.33724,1.33707,1.337175
1784744700,1.33718,1.33729,1.33715,1.33727
1784745000,1.337275,1.33728,1.337055,1.33718
1784745300,1.337185,1.33732,1.33717,1.33729
1784745600,1.337295,1.33732,1.33717,1.337245
1784745900,1.33724,1.33756,1.33724,1.33751
1784746200,1.33751,1.33753,1.337335,1.33745
1784746500,1.33744,1.33749,1.337325,1.337375
1784746800,1.33738,1.33744,1.337235,1.337355
1784747100,1.337355,1.337455,1.33729,1.337295
1784747400,1.3373,1.337315,1.337115,1.33712
1784747700,1.337115,1.337205,1.33708,1.33716
1784748000,1.33716,1.337315,1.33713,1.337245
1784748300,1.33725,1.337275,1.33718,1.337265
1784748600,1.33726,1.33726,1.337115,1.3372
1784748900,1.337205,1.337285,1.337185,1.33722
1784749200,1.33722,1.33731,1.337215,1.337275
1784749500,1.33727,1.33734,1.337185,1.337235
1784749800,1.33723,1.33724,1.33706,1.33713
1784750100,1.33712,1.337405,1.33708,1.337365
1784750400,1.33736,1.33759,1.33734,1.337345
1784750700,1.33734,1.337675,1.33731,1.337645
1784751000,1.33764,1.3377,1.33755,1.337625
1784751300,1.337625,1.33767,1.33758,1.33763
1784751600,1.33763,1.33766,1.337565,1.33762
1784751900,1.337625,1.337665,1.337605,1.33762
1784752200,1.3376,1.337625,1.337435,1.33745
1784752500,1.337445,1.337545,1.33742,1.337515
1784752800,1.33752,1.337625,1.33752,1.337575
1784753100,1.337585,1.33759,1.337455,1.33749
1784753400,1.337495,1.337555,1.337465,1.33755
1784753700,1.337545,1.33761,1.337475,1.33748
1784754000,1.337495,1.33806,1.337175,1.33718
1784754300,1.33718,1.337395,1.33718,1.337395
1784754600,1.33756,1.337925,1.337265,1.337515
1784754900,1.33753,1.337805,1.33726,1.337735
1784755200,1.337735,1.33786,1.33757,1.33785
1784755500,1.33778,1.33778,1.33728,1.337285
1784755800,1.33734,1.33768,1.3373,1.3374
1784756100,1.3374,1.33757,1.33733,1.337345
1784756400,1.337345,1.337355,1.33721,1.337355
1784756700,1.33737,1.337635,1.337315,1.337595
1784757000,1.337595,1.33764,1.33741,1.33752
1784757300,1.33751,1.33754,1.337285,1.337415
1784757600,1.337405,1.337535,1.336995,1.33701
1784757900,1.337005,1.337135,1.337005,1.33702
1784758200,1.33702,1.33702,1.3369,1.33693
1784758500,1.33693,1.337015,1.336865,1.33693
1784758800,1.336935,1.33697,1.336925,1.33696
1784759100,1.33696,1.33703,1.33694,1.336945
1784759400,1.33695,1.336985,1.336945,1.336945
1784759700,1.33694,1.33701,1.33682,1.336845
1784760000,1.336845,1.336865,1.336765,1.336855
1784760300,1.336855,1.336915,1.33682,1.336905
1784760600,1.336905,1.337055,1.336875,1.337035
1784760900,1.337035,1.337065,1.336975,1.33703
1784761200,1.337035,1.337165,1.337035,1.337125
1784761500,1.337125,1.33716,1.33708,1.337135
1784761800,1.33713,1.337275,1.337115,1.33724
1784762100,1.337245,1.337325,1.33723,1.337275
1784762400,1.337285,1.337325,1.337235,1.33725
1784762700,1.33725,1.337275,1.33723,1.337255
1784763000,1.337255,1.337455,1.33725,1.337425
1784763300,1.337425,1.33745,1.337365,1.337365
1784763600,1.337365,1.337445,1.337335,1.33739
1784763900,1.33738,1.33744,1.33732,1.337415
1784764200,1.337415,1.33743,1.337335,1.33736
1784764500,1.33736,1.337575,1.337335,1.33748
1784764800,1.337505,1.337765,1.33746,1.33767
1784765100,1.337685,1.33769,1.337505,1.33755
1784765400,1.33756,1.337565,1.33736,1.33742
1784765700,1.337425,1.33751,1.337325,1.33747
1784766000,1.337485,1.337625,1.337395,1.33762
1784766300,1.337625,1.337695,1.337445,1.33747
1784766600,1.337465,1.33757,1.33746,1.337515
1784766900,1.337515,1.337655,1.337505,1.33758
1784767200,1.337585,1.337715,1.337535,1.33769
1784767500,1.337675,1.337715,1.337445,1.33751
1784767800,1.33751,1.337695,1.3374,1.337695
1784768100,1.3377,1.338175,1.33761,1.33813
1784768400,1.338135,1.33839,1.33812,1.33818
1784768700,1.338175,1.338325,1.338105,1.338285
1784769000,1.33828,1.338325,1.338115,1.33815
1784769300,1.338155,1.33824,1.33806,1.3381
1784769600,1.338105,1.33817,1.33801,1.3381
1784769900,1.338095,1.338195,1.338035,1.338075
1784770200,1.338075,1.33841,1.338035,1.33839
1784770500,1.338395,1.33846,1.33826,1.3383
1784770800,1.33831,1.338625,1.338275,1.33828
1784771100,1.338285,1.33832,1.33801,1.338165
1784771400,1.33816,1.33829,1.33811,1.33822
1784771700,1.338225,1.338325,1.33812,1.338155
1784772000,1.33815,1.338435,1.338135,1.338435
1784772300,1.33844,1.33858,1.33834,1.33847
1784772600,1.33846,1.33847,1.338315,1.338425
1784772900,1.33843,1.33845,1.338315,1.338315
1784773200,1.33832,1.33858,1.338315,1.338515
1784773500,1.338515,1.33853,1.338305,1.33837
1784773800,1.338365,1.33874,1.338365,1.33865
1784774100,1.338645,1.33879,1.33851,1.33857
1784774400,1.338565,1.33878,1.33851,1.33875
1784774700,1.33875,1.33888,1.338705,1.33873
1784775000,1.338725,1.338885,1.33871,1.338815
1784775300,1.33882,1.339025,1.33882,1.33896
1784775600,1.338965,1.339155,1.33884,1.338845
1784775900,1.33884,1.338865,1.33871,1.338815
1784776200,1.33882,1.338845,1.338405,1.33841
1784776500,1.33841,1.338715,1.33833,1.338705
1784776800,1.338705,1.338925,1.338695,1.338915
1784777100,1.33892,1.339005,1.33885,1.33897
1784777400,1.338965,1.339035,1.338875,1.33901
1784777700,1.33901,1.33905,1.338945,1.339
1784778000,1.339005,1.339055,1.338925,1.339005
1784778300,1.33901,1.339105,1.33881,1.338925
1784778600,1.33892,1.33902,1.338865,1.33892
1784778900,1.338915,1.338985,1.338825,1.338845
1784779200,1.33884,1.33891,1.338785,1.33882
1784779500,1.338825,1.33933,1.33878,1.33923
1784779800,1.33923,1.33933,1.33915,1.339225
1784780100,1.33922,1.339245,1.338675,1.338695
1784780400,1.3387,1.338845,1.338695,1.3388
1784780700,1.338805,1.33902,1.338795,1.339
1784781000,1.339005,1.339095,1.33891,1.339035
1784781300,1.339035,1.339095,1.33899,1.33901
1784781600,1.33901,1.33901,1.33877,1.338795
1784781900,1.338795,1.33892,1.338705,1.338715
1784782200,1.338725,1.338765,1.33861,1.338655
1784782500,1.338655,1.338715,1.338435,1.338675
1784782800,1.33868,1.33881,1.338595,1.338625
1784783100,1.33863,1.33879,1.3386,1.33871
1784783400,1.33871,1.338735,1.338535,1.33854
1784783700,1.338545,1.33855,1.338245,1.338305
1784784000,1.33831,1.338415,1.338205,1.338305
1784784300,1.338305,1.33853,1.338275,1.338525
1784784600,1.33853,1.338645,1.33848,1.3386
1784784900,1.338605,1.33872,1.338505,1.338625
1784785200,1.33862,1.338705,1.33856,1.33865
1784785500,1.338645,1.33873,1.33862,1.338625
1784785800,1.33863,1.338655,1.338575,1.33862
1784786100,1.338615,1.3388,1.338555,1.33859
1784786400,1.338595,1.33911,1.338515,1.338925
1784786700,1.33893,1.339005,1.338765,1.338795
1784787000,1.3388,1.33896,1.338685,1.33893
1784787300,1.338925,1.339025,1.33862,1.338665
1784787600,1.33867,1.3388,1.33864,1.33879
1784787900,1.33878,1.33882,1.338555,1.338755
1784788200,1.33875,1.338755,1.338295,1.33831
1784788500,1.338315,1.33833,1.33799,1.33801
1784788800,1.338015,1.33806,1.337535,1.338
1784789100,1.337995,1.33812,1.3379,1.33804
1784789400,1.338035,1.338135,1.337805,1.337825
1784789700,1.33782,1.337835,1.337565,1.33771
1784790000,1.337705,1.33778,1.337145,1.33716
1784790300,1.337155,1.33753,1.33715,1.33742
1784790600,1.337415,1.33764,1.33716,1.337615
1784790900,1.33762,1.33772,1.33742,1.337645
1784791200,1.33765,1.33801,1.33762,1.337735
1784791500,1.33773,1.33795,1.337615,1.337625
1784791800,1.33762,1.337915,1.337525,1.337815
1784792100,1.33781,1.33785,1.337525,1.337545
1784792400,1.33755,1.33764,1.337105,1.33723
1784792700,1.337235,1.33731,1.336695,1.337105
1784793000,1.3371,1.337265,1.336895,1.33692
1784793300,1.33691,1.33735,1.336805,1.33735
1784793600,1.337345,1.337445,1.33705,1.337105
1784793900,1.33711,1.337615,1.33708,1.337585
1784794200,1.33759,1.337645,1.337215,1.33724
1784794500,1.337235,1.33725,1.336705,1.33693
1784794800,1.336935,1.33711,1.336615,1.336685
1784795100,1.33669,1.336775,1.336525,1.33665
1784795400,1.336645,1.336655,1.33621,1.33641
1784795700,1.336415,1.33682,1.336405,1.33655
1784796000,1.336555,1.336555,1.33608,1.33639
1784796300,1.336385,1.336675,1.33637,1.33653
1784796600,1.336535,1.337,1.33651,1.336975
1784796900,1.33697,1.337025,1.336825,1.33685
1784797200,1.336845,1.337385,1.33672,1.33736
1784797500,1.337365,1.33742,1.33697,1.33712
1784797800,1.337115,1.337165,1.33671,1.336725
1784798100,1.33673,1.337125,1.33669,1.33704
1784798400,1.337035,1.337085,1.33682,1.336925
1784798700,1.33693,1.33697,1.336655,1.33675
1784799000,1.336755,1.337065,1.33661,1.337035
1784799300,1.33704,1.337575,1.337015,1.33746
1784799600,1.337455,1.33775,1.33736,1.33762
1784799900,1.337625,1.33768,1.337355,1.33744
1784800200,1.337435,1.3375,1.337305,1.33746
1784800500,1.33748,1.337535,1.33706,1.33722
1784800800,1.337215,1.33734,1.33706,1.33722
1784801100,1.337225,1.33729,1.33674,1.33683
1784801400,1.336835,1.337055,1.336755,1.337045
1784801700,1.33705,1.33715,1.33687,1.33687
1784802000,1.336875,1.33697,1.33666,1.336865
1784802300,1.33686,1.336955,1.336755,1.336875
1784802600,1.33688,1.33713,1.33684,1.33692
1784802900,1.336915,1.33701,1.336645,1.336755
1784803200,1.33676,1.33677,1.33648,1.33657
1784803500,1.336565,1.33657,1.3361,1.33636
1784803800,1.336355,1.336765,1.336225,1.33674
1784804100,1.336745,1.33714,1.33664,1.336755
1784804400,1.33675,1.336825,1.336495,1.33656
1784804700,1.336565,1.33686,1.33636,1.33675
1784805000,1.336755,1.336915,1.33653,1.336725
1784805300,1.33672,1.33675,1.336185,1.33624
1784805600,1.336245,1.3363,1.33595,1.33606
1784805900,1.336065,1.336125,1.3356,1.33589
1784806200,1.3359,1.335905,1.33529,1.335375
1784806500,1.33538,1.33538,1.334485,1.334515
1784806800,1.33451,1.334635,1.33402,1.3346
1784807100,1.334605,1.33516,1.3346,1.33513
1784807400,1.335125,1.33558,1.33502,1.33523
1784807700,1.335235,1.335665,1.33519,1.33554
1784808000,1.335535,1.33559,1.33486,1.335135
1784808300,1.33513,1.33535,1.334855,1.33525
1784808600,1.335235,1.33543,1.33519,1.335355
1784808900,1.33536,1.335445,1.334615,1.334775
1784809200,1.334765,1.334765,1.33402,1.33414
1784809500,1.33413,1.334665,1.333985,1.334645
1784809800,1.334625,1.33471,1.33407,1.33456
1784810100,1.33455,1.334585,1.33395,1.334175
1784810400,1.334165,1.334165,1.33366,1.333935
1784810700,1.33394,1.334265,1.33349,1.33403
1784811000,1.334025,1.3341,1.33374,1.333975
1784811300,1.33397,1.33437,1.33391,1.334265
1784811600,1.33426,1.33429,1.33348,1.33366
1784811900,1.33367,1.33385,1.332855,1.332975
1784812200,1.33298,1.33331,1.33269,1.33283
1784812500,1.332825,1.333245,1.33273,1.33302
1784812800,1.333025,1.33337,1.33284,1.33295
1784813100,1.332955,1.333645,1.33279,1.33358
1784813400,1.333585,1.334375,1.333435,1.33423
1784813700,1.33422,1.33448,1.333745,1.33384
1784814000,1.333845,1.334125,1.333545,1.333645
1784814300,1.333665,1.333885,1.333335,1.333885
1784814600,1.33389,1.333905,1.333385,1.333775
1784814900,1.33378,1.333985,1.332705,1.33283
1784815200,1.332835,1.33314,1.332395,1.332425
1784815500,1.33242,1.33287,1.33216,1.33234
1784815800,1.332345,1.332965,1.33222,1.332825
1784816100,1.33282,1.33298,1.33227,1.33233
1784816400,1.332335,1.33252,1.33201,1.3325
1784816700,1.332505,1.332695,1.33235,1.332665
1784817000,1.33265,1.33284,1.332255,1.33234
1784817300,1.332345,1.33296,1.33215,1.332775
1784817600,1.33277,1.33286,1.331825,1.331825
1784817900,1.33183,1.33208,1.33164,1.33176
1784818200,1.33175,1.33196,1.331245,1.33131
1784818500,1.33132,1.33201,1.33126,1.33198
1784818800,1.331985,1.332335,1.33184,1.33213
1784819100,1.332135,1.33243,1.331735,1.331775
1784819400,1.33178,1.331925,1.33147,1.331835
1784819700,1.33183,1.332035,1.331255,1.33135
1784820000,1.331355,1.331435,1.330625,1.33078
1784820300,1.330785,1.33104,1.330735,1.33074
1784820600,1.330735,1.330745,1.329975,1.33018
1784820900,1.330175,1.330985,1.32986,1.33091
1784821200,1.330905,1.33134,1.33081,1.33086
1784821500,1.33086,1.33091,1.33059,1.330785
1784821800,1.330775,1.33112,1.330605,1.33107
1784822100,1.33108,1.33119,1.330685,1.33104
1784822400,1.331045,1.3315,1.331,1.331265
1784822700,1.33126,1.33136,1.331015,1.3312
1784823000,1.331195,1.332015,1.33119,1.331935
1784823300,1.33194,1.33208,1.33132,1.331385
1784823600,1.33139,1.331825,1.33139,1.33167
1784823900,1.331665,1.332065,1.331665,1.332015
1784824200,1.33201,1.332075,1.33172,1.33175
1784824500,1.331755,1.33186,1.331585,1.33182
1784824800,1.33182,1.332405,1.331755,1.33236
1784825100,1.332365,1.332545,1.33231,1.33245
1784825400,1.332455,1.33256,1.332285,1.332315
1784825700,1.33231,1.332505,1.332285,1.33237
1784826000,1.332375,1.332465,1.33206,1.332325
1784826300,1.33233,1.33245,1.331915,1.332065
1784826600,1.33207,1.332235,1.33195,1.33197
1784826900,1.331975,1.332285,1.331935,1.332155
1784827200,1.33215,1.332275,1.33202,1.33215
1784827500,1.332155,1.332165,1.331915,1.33197
1784827800,1.33198,1.33203,1.331745,1.33186
1784828100,1.331865,1.331975,1.331615,1.331965
1784828400,1.33196,1.331985,1.331625,1.33168
1784828700,1.331675,1.331855,1.331565,1.331725
1784829000,1.33172,1.33192,1.331575,1.3318
1784829300,1.331805,1.33181,1.33134,1.331365
1784829600,1.33136,1.33155,1.331315,1.331425
1784829900,1.33142,1.33174,1.33138,1.33165
1784830200,1.33164,1.33183,1.33154,1.331575
1784830500,1.33157,1.33174,1.33134,1.33146
1784830800,1.331465,1.33153,1.331395,1.331465
1784831100,1.33146,1.331745,1.33143,1.331695
1784831400,1.33169,1.33187,1.331665,1.331825
1784831700,1.33182,1.33184,1.331605,1.331635
1784832000,1.331635,1.331645,1.33137,1.33145
1784832300,1.331455,1.33152,1.33136,1.33148
1784832600,1.33149,1.33149,1.3314,1.331425
1784832900,1.33142,1.331685,1.33139,1.331645
1784833200,1.33165,1.331915,1.33145,1.33154
1784833500,1.331545,1.331595,1.33139,1.331445
1784833800,1.33145,1.331485,1.331245,1.33125
1784834100,1.331245,1.33138,1.331145,1.33123
1784834400,1.331225,1.33134,1.331205,1.33131
1784834700,1.331315,1.33163,1.331275,1.33163
1784835000,1.33164,1.331965,1.331615,1.331745
1784835300,1.331735,1.331835,1.33165,1.33178
1784835600,1.331775,1.331775,1.331455,1.331475
1784835900,1.33147,1.33165,1.331425,1.33153
1784836200,1.331535,1.331755,1.331535,1.33167
1784836500,1.331675,1.331835,1.331635,1.33171
1784836800,1.331705,1.33192,1.331705,1.331855
1784837100,1.33186,1.33192,1.33181,1.33185
1784837400,1.331855,1.33186,1.33167,1.3317
1784837700,1.3317,1.33171,1.33151,1.33154
1784838000,1.33155,1.3316,1.33151,1.331575
1784838300,1.331575,1.33165,1.33154,1.33165
1784838600,1.331655,1.331755,1.331565,1.33162
1784838900,1.331625,1.331625,1.331535,1.331555
1784839200,1.33155,1.331565,1.331515,1.331565
1784839500,1.33157,1.33164,1.33156,1.33159
1784839800,1.33158,1.33158,1.331475,1.331545
1784840100,1.331545,1.33156,1.331405,1.331465
1784840400,1.331495,1.331495,1.33114,1.33124
1784840700,1.33112,1.33202,1.33084,1.3319
1784841000,1.3319,1.331905,1.331605,1.33168
1784841300,1.331685,1.33196,1.33164,1.331835
1784841600,1.331835,1.33187,1.33176,1.33181
1784841900,1.33181,1.331855,1.331755,1.331825
1784842200,1.331825,1.33186,1.331705,1.331765
1784842500,1.33173,1.33189,1.33145,1.331615
1784842800,1.331585,1.331695,1.331495,1.331635
1784843100,1.33153,1.3316,1.33137,1.33147
1784843400,1.33147,1.33156,1.33145,1.33149
1784843700,1.33149,1.331815,1.331405,1.33164
1784844000,1.33166,1.33185,1.331455,1.331455
1784844300,1.331455,1.33157,1.33145,1.33145
1784844600,1.331455,1.331515,1.331425,1.33145
1784844900,1.33145,1.331465,1.33145,1.33146
1784845200,1.33146,1.331565,1.33145,1.331555
1784845500,1.33155,1.331555,1.331335,1.331385
1784845800,1.33138,1.331415,1.331335,1.331415
1784846100,1.331415,1.33147,1.331405,1.331435
1784846400,1.33144,1.33146,1.33142,1.33145
1784846700,1.33145,1.33149,1.331445,1.331475
1784847000,1.331475,1.33156,1.33147,1.331535
1784847300,1.331535,1.331625,1.33153,1.33161
1784847600,1.331605,1.33163,1.331435,1.331435
1784847900,1.331435,1.33146,1.331405,1.33142
1784848200,1.33142,1.33145,1.33139,1.331395
1784848500,1.331395,1.33145,1.331395,1.33145
1784848800,1.33145,1.331535,1.33145,1.33153
1784849100,1.33153,1.33154,1.331525,1.33153
1784849400,1.33153,1.331605,1.331515,1.33153
1784849700,1.33153,1.331535,1.33145,1.331455
1784850000,1.331455,1.331455,1.33121,1.33133
1784850300,1.33133,1.33152,1.331325,1.3314
1784850600,1.33139,1.33142,1.331105,1.33113
1784850900,1.33113,1.33135,1.331105,1.331215
1784851200,1.33121,1.331555,1.331135,1.33138
1784851500,1.33137,1.331735,1.331315,1.331625
1784851800,1.33163,1.33173,1.33153,1.331535
1784852100,1.33153,1.3316,1.331455,1.331545
1784852400,1.33154,1.331755,1.33149,1.33167
1784852700,1.331665,1.33173,1.331605,1.331665
1784853000,1.33167,1.331735,1.33153,1.33154
1784853300,1.331545,1.33163,1.331515,1.331525
1784853600,1.331525,1.33157,1.33143,1.33146
1784853900,1.331465,1.331615,1.331375,1.331545
1784854200,1.33154,1.33173,1.331475,1.331635
1784854500,1.33164,1.332445,1.331605,1.332445
1784854800,1.33245,1.332675,1.33234,1.33244
1784855100,1.332435,1.33245,1.332245,1.33232
1784855400,1.332325,1.332385,1.33225,1.332365
1784855700,1.33236,1.332425,1.332175,1.33242
1784856000,1.332415,1.33245,1.332325,1.332435
1784856300,1.332425,1.332435,1.332015,1.332025
1784856600,1.33203,1.332335,1.331965,1.332245
1784856900,1.332255,1.332425,1.332205,1.33226
1784857200,1.33227,1.33257,1.33227,1.33255
1784857500,1.332545,1.332555,1.33237,1.332425
1784857800,1.33242,1.33243,1.3323,1.33239
1784858100,1.332385,1.33241,1.33202,1.332075
1784858400,1.33208,1.332175,1.33191,1.33202
1784858700,1.332015,1.332025,1.3318,1.33184
1784859000,1.331835,1.332075,1.33181,1.33204
1784859300,1.332035,1.332085,1.331825,1.331855
1784859600,1.331855,1.33203,1.3318,1.33185
1784859900,1.331845,1.331975,1.3318,1.331925
1784860200,1.33193,1.332255,1.3319,1.332115
1784860500,1.332115,1.332125,1.33191,1.33192
1784860800,1.33192,1.331945,1.33184,1.331845
1784861100,1.33185,1.331855,1.331515,1.331525
1784861400,1.331535,1.33167,1.331445,1.331475
1784861700,1.33148,1.33163,1.331385,1.331405
1784862000,1.331395,1.33146,1.33126,1.331335
1784862300,1.33133,1.331425,1.331255,1.331305
1784862600,1.33131,1.331315,1.33113,1.331215
1784862900,1.331215,1.33131,1.331195,1.33122
1784863200,1.331215,1.33126,1.33111,1.33112
1784863500,1.331125,1.331265,1.33112,1.331145
1784863800,1.331155,1.33141,1.33113,1.3314
1784864100,1.331395,1.331455,1.331305,1.331345
1784864400,1.331345,1.331495,1.33134,1.331435
1784864700,1.33143,1.33143,1.331325,1.331345
1784865000,1.33135,1.331505,1.33134,1.33145
1784865300,1.331455,1.331455,1.331315,1.33143
1784865600,1.331425,1.331485,1.331355,1.33144
1784865900,1.331445,1.331485,1.331315,1.33145
1784866200,1.33145,1.331455,1.33134,1.33141
1784866500,1.331405,1.331485,1.331345,1.331375
1784866800,1.331375,1.331415,1.33127,1.3313
1784867100,1.33129,1.3313,1.331195,1.331215
1784867400,1.33121,1.331275,1.33111,1.33113
1784867700,1.331135,1.331175,1.33107,1.331135
1784868000,1.33114,1.33114,1.33089,1.33091
1784868300,1.330905,1.330945,1.330745,1.330805
1784868600,1.3308,1.33086,1.33064,1.33081
1784868900,1.330815,1.331045,1.330815,1.331025
1784869200,1.331035,1.331135,1.330945,1.33109
1784869500,1.331095,1.33123,1.33109,1.3312
1784869800,1.33121,1.3313,1.331125,1.331195
1784870100,1.33119,1.33127,1.331135,1.331225
1784870400,1.33122,1.331425,1.33122,1.33138
1784870700,1.331375,1.33149,1.33135,1.331415
1784871000,1.33142,1.331665,1.33142,1.33158
1784871300,1.331575,1.33165,1.331455,1.33156
1784871600,1.331555,1.331645,1.33139,1.33144
1784871900,1.331445,1.33155,1.33136,1.33151
1784872200,1.331515,1.331525,1.33114,1.33116
1784872500,1.331165,1.331225,1.33088,1.33091
1784872800,1.330905,1.331315,1.33089,1.331215
1784873100,1.33122,1.33131,1.331,1.33115
1784873400,1.331155,1.331225,1.330825,1.33121
1784873700,1.331205,1.331835,1.33117,1.33182
1784874000,1.331815,1.332095,1.331815,1.331965
1784874300,1.33196,1.332305,1.331885,1.332085
1784874600,1.33208,1.33232,1.33186,1.33226
1784874900,1.332255,1.332455,1.33215,1.332415
1784875200,1.33242,1.33248,1.33202,1.332075
1784875500,1.33207,1.33237,1.332025,1.332125
1784875800,1.33212,1.33233,1.33189,1.332095
1784876100,1.33209,1.332595,1.332015,1.332595
1784876400,1.3326,1.33275,1.33225,1.332655
1784876700,1.33265,1.333415,1.332625,1.333405
1784877000,1.33341,1.33386,1.33335,1.33376
1784877300,1.333765,1.333875,1.333115,1.33342
1784877600,1.33342,1.333825,1.333405,1.33381
1784877900,1.333805,1.334155,1.33378,1.334
1784878200,1.333995,1.334435,1.33386,1.334065
1784878500,1.33408,1.334195,1.33358,1.33362
1784878800,1.333625,1.33366,1.33311,1.333235
1784879100,1.333225,1.333445,1.33301,1.333435
1784879400,1.33343,1.33378,1.33325,1.33377
1784879700,1.333775,1.33379,1.333475,1.33356
1784880000,1.333575,1.33371,1.333165,1.33321
1784880300,1.333205,1.333535,1.333045,1.33346
1784880600,1.33347,1.33365,1.33344,1.333615
1784880900,1.333605,1.333605,1.33301,1.333155
1784881200,1.33315,1.333165,1.332755,1.332945
1784881500,1.33294,1.33329,1.332745,1.33324
1784881800,1.333265,1.33347,1.33292,1.33292
1784882100,1.332925,1.332985,1.3326,1.33282
1784882400,1.33281,1.33295,1.332635,1.33276
1784882700,1.332755,1.332785,1.3322,1.33221
1784883000,1.332205,1.33262,1.332105,1.332575
1784883300,1.33257,1.332575,1.332,1.332125
1784883600,1.33212,1.33219,1.331605,1.33171
1784883900,1.3317,1.33221,1.33169,1.33221
1784884200,1.332205,1.332205,1.33149,1.331525
1784884500,1.33152,1.33171,1.33129,1.331595
1784884800,1.33159,1.33159,1.33133,1.33153
1784885100,1.331525,1.331925,1.33146,1.33188
1784885400,1.331885,1.33221,1.33171,1.332145
1784885700,1.33214,1.332145,1.331805,1.33185
1784886000,1.331855,1.332015,1.331705,1.33188
1784886300,1.331885,1.332015,1.33163,1.33168
1784886600,1.331685,1.33173,1.331375,1.331705
1784886900,1.33171,1.331915,1.33167,1.33191
1784887200,1.331905,1.33198,1.33152,1.33166
1784887500,1.331655,1.33168,1.33131,1.33165
1784887800,1.331655,1.33173,1.33152,1.331615
1784888100,1.33161,1.3319,1.33157,1.331835
1784888400,1.33184,1.33246,1.331785,1.33244
1784888700,1.33245,1.33286,1.33244,1.33253
1784889000,1.33253,1.332845,1.332525,1.332755
1784889300,1.33275,1.332755,1.33255,1.33258
1784889600,1.332575,1.332635,1.3324,1.33244
1784889900,1.332435,1.33265,1.33237,1.332505
1784890200,1.3325,1.33251,1.332155,1.33218
1784890500,1.33219,1.332605,1.331905,1.332215
1784890800,1.33221,1.332595,1.33201,1.33257
1784891100,1.33256,1.332695,1.33231,1.33251
1784891400,1.33251,1.33278,1.33251,1.332775
1784891700,1.33277,1.33279,1.33257,1.33258
1784892000,1.332575,1.33267,1.332405,1.332625
1784892300,1.33262,1.332705,1.332455,1.33246
1784892600,1.332455,1.332535,1.332375,1.332455
1784892900,1.33246,1.33246,1.332205,1.33228
1784893200,1.332285,1.332285,1.331985,1.332165
1784893500,1.33216,1.332385,1.33208,1.33222
1784893800,1.332225,1.3323,1.33166,1.33181
1784894100,1.331815,1.3325,1.33141,1.332305
1784894400,1.33231,1.33253,1.331765,1.33201
1784894700,1.332005,1.332475,1.331805,1.33238
1784895000,1.33239,1.332545,1.332215,1.33244
1784895300,1.332435,1.332435,1.332115,1.33214
1784895600,1.332135,1.332135,1.33177,1.331795
1784895900,1.331795,1.331805,1.33141,1.331585
1784896200,1.33159,1.33171,1.33099,1.331
1784896500,1.331005,1.3314,1.331005,1.33131
1784896800,1.331305,1.33131,1.330705,1.33087
1784897100,1.330865,1.33119,1.330575,1.33088
1784897400,1.330875,1.331305,1.330875,1.331195
1784897700,1.33119,1.33125,1.330875,1.331
1784898000,1.330995,1.33129,1.330875,1.331015
1784898300,1.33101,1.33109,1.33068,1.330685
1784898600,1.33069,1.331425,1.330585,1.33119
1784898900,1.331185,1.33134,1.33115,1.33129
1784899200,1.331295,1.33144,1.33107,1.33129
1784899500,1.331305,1.33184,1.33118,1.33184
1784899800,1.33183,1.33194,1.33159,1.331615
1784900100,1.33161,1.331975,1.331335,1.33181
1784900400,1.331815,1.33204,1.331695,1.331895
1784900700,1.331855,1.33223,1.331645,1.332075
1784901000,1.33207,1.332525,1.331815,1.33251
1784901300,1.332505,1.332685,1.332355,1.33255
1784901600,1.332565,1.33294,1.332355,1.33236
1784901900,1.332375,1.33243,1.33197,1.332415
1784902200,1.33242,1.33274,1.332385,1.3325
1784902500,1.332505,1.33272,1.332085,1.3324
1784902800,1.332405,1.332925,1.33221,1.332925
1784903100,1.332925,1.33314,1.33258,1.33259
1784903400,1.332585,1.33281,1.332425,1.33277
1784903700,1.332775,1.33289,1.332385,1.33241
1784904000,1.33242,1.332775,1.332395,1.33251
1784904300,1.332505,1.332845,1.3324,1.33277
1784904600,1.332775,1.333005,1.332575,1.332935
1784904900,1.332925,1.333455,1.332625,1.332645
1784905200,1.332655,1.333175,1.332435,1.333085
1784905500,1.33309,1.333935,1.333085,1.33386
1784905800,1.333865,1.334555,1.33377,1.334305
1784906100,1.33431,1.334895,1.334015,1.334105
1784906400,1.33411,1.334385,1.333955,1.33406
1784906700,1.334065,1.33431,1.333905,1.334255
1784907000,1.334245,1.33433,1.33389,1.3341
1784907300,1.334105,1.33448,1.333955,1.33446
1784907600,1.334455,1.334505,1.333805,1.33398
1784907900,1.333985,1.3342,1.33392,1.334
1784908200,1.334005,1.3344,1.334,1.334205
1784908500,1.33421,1.33434,1.334,1.334195
1784908800,1.3342,1.334285,1.334035,1.334205
1784909100,1.33419,1.334455,1.333975,1.334385
1784909400,1.33439,1.334445,1.334245,1.33436
1784909700,1.334365,1.33453,1.33431,1.334385
1784910000,1.33438,1.334385,1.334185,1.334285
1784910300,1.33429,1.334295,1.33399,1.33401
1784910600,1.334005,1.33413,1.33377,1.3341
1784910900,1.334105,1.33412,1.333735,1.33378
1784911200,1.333785,1.333805,1.33357,1.3336
1784911500,1.33359,1.33361,1.33325,1.333365
1784911800,1.33336,1.333365,1.333105,1.333305
1784912100,1.333305,1.333475,1.333245,1.33325
1784912400,1.333245,1.333275,1.333035,1.33307
1784912700,1.333065,1.333095,1.33236,1.33249
1784913000,1.332495,1.33261,1.33236,1.33254
1784913300,1.33254,1.332605,1.332305,1.332315
1784913600,1.332315,1.332455,1.33218,1.332375
1784913900,1.332375,1.33262,1.332365,1.332615
1784914200,1.33262,1.332735,1.33256,1.33257
1784914500,1.332575,1.332575,1.33225,1.33226
1784914800,1.33226,1.332425,1.332155,1.33237
1784915100,1.332365,1.33237,1.33221,1.33228
1784915400,1.33228,1.33234,1.332165,1.33232
1784915700,1.33233,1.332605,1.33232,1.33249
1784916000,1.3325,1.33261,1.332465,1.332575
1784916300,1.33258,1.3327,1.332525,1.33269
1784916600,1.332685,1.332845,1.33268,1.3328
1784916900,1.332805,1.33295,1.332755,1.33278
1784917200,1.33278,1.33278,1.33257,1.33267
1784917500,1.332665,1.332715,1.332565,1.3326
1784917800,1.332595,1.33271,1.33238,1.33247
1784918100,1.332475,1.33258,1.33239,1.3325
1784918400,1.332495,1.33259,1.3324,1.332515
1784918700,1.33252,1.332835,1.33251,1.332605
1784919000,1.33261,1.332705,1.33252,1.33253
1784919300,1.332525,1.33264,1.332515,1.332545
1784919600,1.33255,1.332755,1.33255,1.332695
1784919900,1.33269,1.33271,1.332585,1.33259
1784920200,1.332585,1.332695,1.3325,1.332535
1784920500,1.33253,1.332605,1.332435,1.33252
1784920800,1.332525,1.33262,1.332265,1.332295
1784921100,1.3323,1.33235,1.33221,1.33232
1784921400,1.33231,1.332575,1.332285,1.33244
1784921700,1.33244,1.332655,1.332405,1.332425
1784922000,1.33242,1.332515,1.33235,1.33241
1784922300,1.33242,1.332455,1.332155,1.33233
1784922600,1.332335,1.33236,1.33218,1.33228
1784922900,1.33227,1.33231,1.33213,1.33214
1784923200,1.332135,1.332235,1.332105,1.33223
1784923500,1.33222,1.33223,1.33205,1.33209
1784923800,1.332085,1.3321,1.33205,1.33207
1784924100,1.332065,1.33209,1.331995,1.332
1784924400,1.331995,1.332065,1.33199,1.332035
1784924700,1.332025,1.332035,1.33193,1.33193
1784925000,1.331935,1.33195,1.33189,1.33191
1784925300,1.331905,1.331945,1.33167,1.33169
1784925600,1.331685,1.331895,1.331675,1.33183
1784925900,1.331825,1.332035,1.33179,1.331955
1784926200,1.33196,1.33212,1.331865,1.331965
1784926500,1.33197,1.33268,1.33195,1.33224
1785099600,1.33224,1.33374,1.33224,1.33374
1785099900,1.33374,1.33374,1.333335,1.333335
1785100200,1.33333,1.333445,1.333045,1.333385
1785100500,1.333385,1.333395,1.33333,1.33335
1785100800,1.33335,1.333755,1.33335,1.33375
1785101100,1.333745,1.33377,1.33361,1.333765
1785101400,1.333755,1.333775,1.33369,1.333695
1785101700,1.333695,1.33372,1.3333,1.333415
1785102000,1.333415,1.33361,1.333405,1.333535
1785102300,1.333535,1.33432,1.333535,1.33428
1785102600,1.33428,1.334325,1.33379,1.33388
1785102900,1.33388,1.33388,1.333645,1.333645
1785103200,1.33369,1.33567,1.33363,1.33535
1785103500,1.33536,1.33559,1.33509,1.33509
1785103800,1.33509,1.33509,1.334575,1.334675
1785104100,1.334675,1.33491,1.334535,1.33481
1785104400,1.3348,1.33489,1.33446,1.334485
1785104700,1.33446,1.33472,1.33437,1.334695
1785105000,1.334695,1.334745,1.33454,1.334575
1785105300,1.334575,1.3346,1.334405,1.334405
1785105600,1.334415,1.33459,1.3344,1.334565
1785105900,1.33457,1.3346,1.33437,1.334415
1785106200,1.33442,1.334495,1.334385,1.33439
1785106500,1.334375,1.33438,1.334185,1.334305
1785106800,1.33431,1.33451,1.33422,1.334405
1785107100,1.33442,1.33457,1.33441,1.33441
1785107400,1.33441,1.334475,1.334315,1.33442
1785107700,1.33442,1.33451,1.334355,1.334365
1785108000,1.33436,1.33441,1.33426,1.334275
1785108300,1.33428,1.33443,1.33426,1.334425
1785108600,1.33443,1.33465,1.33441,1.33462
1785108900,1.33462,1.33472,1.33462,1.334705
1785109200,1.334695,1.33489,1.33469,1.33481
1785109500,1.334815,1.334935,1.334715,1.334935
1785109800,1.33493,1.33494,1.334705,1.334725
1785110100,1.33472,1.33518,1.334705,1.33507
1785110400,1.335075,1.33541,1.33498,1.33519
1785110700,1.335185,1.33525,1.334975,1.335085
1785111000,1.33509,1.33589,1.335005,1.335845
1785111300,1.33584,1.335945,1.33553,1.33569
1785111600,1.33569,1.33592,1.33548,1.33583
1785111900,1.335835,1.336175,1.33578,1.336065
1785112200,1.33606,1.33632,1.335995,1.3361
1785112500,1.3361,1.33611,1.3357,1.33577
1785112800,1.335775,1.335865,1.335685,1.33575
1785113100,1.33576,1.335815,1.33545,1.33546
1785113400,1.335465,1.33547,1.33507,1.335075
1785113700,1.33508,1.335225,1.335025,1.33511
1785114000,1.335105,1.33555,1.335105,1.335325
1785114300,1.33533,1.33566,1.33532,1.335505
1785114600,1.33551,1.33563,1.33543,1.33543
1785114900,1.335435,1.33567,1.3354,1.33556
1785115200,1.335565,1.335615,1.33532,1.335435
1785115500,1.33543,1.33546,1.33532,1.33542
1785115800,1.335425,1.33577,1.335425,1.335565
1785116100,1.33556,1.33556,1.335205,1.33534
1785116400,1.335345,1.335655,1.33531,1.33553
1785116700,1.335535,1.335915,1.33553,1.33591
1785117000,1.335905,1.335925,1.335605,1.335715
1785117300,1.33572,1.336355,1.335675,1.336335
1785117600,1.33634,1.336375,1.33603,1.33607
1785117900,1.336075,1.336175,1.336025,1.336085
1785118200,1.33608,1.336135,1.33593,1.33596
1785118500,1.335955,1.336015,1.33565,1.335725
1785118800,1.33573,1.335905,1.335675,1.335885
1785119100,1.33588,1.33602,1.33588,1.33596
1785119400,1.335965,1.33597,1.33572,1.33591
1785119700,1.335915,1.336005,1.335615,1.335625
1785120000,1.33563,1.335805,1.335625,1.33571
1785120300,1.33571,1.335755,1.33556,1.33566
1785120600,1.335645,1.3357,1.33558,1.33565
1785120900,1.335645,1.335645,1.335465,1.335495
1785121200,1.3355,1.335655,1.3354,1.335425
1785121500,1.33543,1.335585,1.33526,1.335485
1785121800,1.335495,1.3355,1.33528,1.335305
1785122100,1.335315,1.33547,1.33525,1.33541
1785122400,1.335415,1.33542,1.335305,1.33538
1785122700,1.335385,1.335475,1.33523,1.335265
1785123000,1.33527,1.33527,1.33499,1.335075
1785123300,1.335085,1.335145,1.335015,1.335095
1785123600,1.33509,1.3352,1.335045,1.335155
1785123900,1.33515,1.3353,1.335115,1.335155
1785124200,1.33516,1.33526,1.335085,1.335165
1785124500,1.335165,1.33527,1.33515,1.33527
1785124800,1.335265,1.335465,1.335225,1.33539
1785125100,1.335385,1.335415,1.33528,1.335295
1785125400,1.33529,1.335405,1.33527,1.33539
1785125700,1.335395,1.33548,1.33533,1.33547
1785126000,1.33547,1.335475,1.33517,1.335175
1785126300,1.33518,1.335215,1.334995,1.33508
1785126600,1.335085,1.33526,1.33507,1.33523
1785126900,1.335235,1.335265,1.335195,1.33523
1785127200,1.33524,1.33544,1.33517,1.33521
1785127500,1.335205,1.335255,1.33517,1.335175
1785127800,1.33518,1.335195,1.335065,1.33512
1785128100,1.335115,1.33529,1.33508,1.33508
1785128400,1.335085,1.33523,1.334985,1.335115
1785128700,1.335115,1.335325,1.335085,1.33529
1785129000,1.335295,1.3356,1.33527,1.33558
1785129300,1.335585,1.33559,1.335415,1.335485
1785129600,1.33549,1.3355,1.33532,1.335325
1785129900,1.33532,1.335405,1.335225,1.3354
1785130200,1.335405,1.33551,1.33523,1.33529
1785130500,1.335285,1.33541,1.33521,1.335335
1785130800,1.33533,1.33541,1.335215,1.33528
1785131100,1.335285,1.33541,1.335205,1.33535
1785131400,1.335355,1.335595,1.33532,1.33556
1785131700,1.335565,1.335615,1.33528,1.335295
1785132000,1.33529,1.33577,1.335165,1.335595
1785132300,1.3356,1.33568,1.33539,1.335625
1785132600,1.33563,1.33587,1.335475,1.33561
1785132900,1.335615,1.335645,1.335215,1.33522
1785133200,1.335225,1.335515,1.33517,1.33549
1785133500,1.33549,1.335895,1.33549,1.335825
1785133800,1.33583,1.33587,1.335455,1.33562
1785134100,1.335615,1.335915,1.33547,1.3359
1785134400,1.335895,1.336095,1.335655,1.33581
1785134700,1.335815,1.335925,1.335465,1.335495
1785135000,1.33549,1.335545,1.335135,1.33517
1785135300,1.335165,1.335175,1.33478,1.334935
1785135600,1.33493,1.335235,1.33428,1.3345
1785135900,1.334495,1.33464,1.33431,1.334315
1785136200,1.33431,1.33481,1.33407,1.334795
1785136500,1.3348,1.334805,1.334305,1.334355
1785136800,1.33435,1.33481,1.33412,1.334515
1785137100,1.33451,1.334975,1.334455,1.33474
1785137400,1.334735,1.33474,1.33424,1.33454
1785137700,1.334545,1.334695,1.334225,1.334295
1785138000,1.33429,1.33459,1.33399,1.334205
1785138300,1.33421,1.334275,1.333975,1.334135
1785138600,1.33414,1.334295,1.333995,1.334015
1785138900,1.33402,1.33408,1.33342,1.333465
1785139200,1.33346,1.333825,1.333425,1.33362
1785139500,1.333615,1.333715,1.333225,1.33324
1785139800,1.333235,1.33354,1.33323,1.33333
1785140100,1.33332,1.33341,1.33307,1.333305
1785140400,1.333295,1.333325,1.333055,1.3333
1785140700,1.333305,1.333475,1.33324,1.333355
1785141000,1.333365,1.333505,1.33317,1.33337
1785141300,1.33337,1.33371,1.33337,1.33363
1785141600,1.33364,1.33393,1.33349,1.333595
1785141900,1.33359,1.33372,1.33352,1.333525
1785142200,1.33353,1.333875,1.333425,1.333805
1785142500,1.33379,1.334025,1.33378,1.33379
1785142800,1.33378,1.33399,1.33361,1.333985
1785143100,1.33399,1.334095,1.333755,1.33378
1785143400,1.333775,1.333815,1.33317,1.33328
1785143700,1.333285,1.333405,1.33318,1.33324
1785144000,1.33325,1.333375,1.3331,1.33316
1785144300,1.333165,1.33342,1.33306,1.33312
1785144600,1.333125,1.33331,1.332995,1.33321
1785144900,1.333205,1.333425,1.333065,1.33341
1785145200,1.33341,1.33353,1.33332,1.33339
1785145500,1.33339,1.33345,1.333275,1.333295
1785145800,1.3333,1.33332,1.332985,1.33318
1785146100,1.33319,1.333415,1.33309,1.333095
1785146400,1.333085,1.33363,1.332985,1.33361
1785146700,1.333605,1.333615,1.33324,1.333255
1785147000,1.33326,1.33331,1.33275,1.333005
1785147300,1.333,1.33334,1.33296,1.33301
1785147600,1.333005,1.333305,1.333,1.3332
1785147900,1.333205,1.333255,1.33286,1.332865
1785148200,1.33286,1.33299,1.33276,1.33287
1785148500,1.33287,1.332915,1.332765,1.332905
1785148800,1.332905,1.333275,1.33289,1.333075
1785149100,1.33307,1.33307,1.3328,1.332925
1785149400,1.33292,1.33297,1.332455,1.3326
1785149700,1.332605,1.332675,1.33168,1.331865
1785150000,1.33187,1.33214,1.33167,1.331765
1785150300,1.33176,1.331765,1.331055,1.33116
1785150600,1.331165,1.33138,1.33101,1.33131
1785150900,1.331315,1.331805,1.33125,1.33168
1785151200,1.331675,1.33193,1.331485,1.331505
1785151500,1.331505,1.3318,1.331395,1.3314
1785151800,1.331395,1.332015,1.33095,1.33141
1785152100,1.331415,1.33171,1.331375,1.33148
1785152400,1.331485,1.331825,1.331425,1.331595
1785152700,1.33159,1.33168,1.331365,1.33146
1785153000,1.33147,1.331605,1.33125,1.33138
1785153300,1.331385,1.331505,1.331165,1.331405
1785153600,1.33141,1.33167,1.331375,1.331595
1785153900,1.331595,1.3318,1.33149,1.33169
1785154200,1.331685,1.33169,1.33081,1.330875
1785154500,1.33088,1.331125,1.33075,1.33111
1785154800,1.331105,1.33132,1.33104,1.33122
1785155100,1.33123,1.33151,1.33121,1.331305
1785155400,1.3313,1.3314,1.33084,1.33116
1785155700,1.331155,1.33116,1.330455,1.330575
1785156000,1.33058,1.331005,1.33043,1.330985
1785156300,1.33099,1.331305,1.330875,1.33112
1785156600,1.331115,1.331645,1.33096,1.33108
1785156900,1.331075,1.33173,1.330975,1.33137
1785157200,1.331375,1.33141,1.33097,1.331
1785157500,1.331005,1.331275,1.33087,1.33127
1785157800,1.331275,1.331685,1.3311,1.33152
1785158100,1.331525,1.33154,1.33116,1.33128
1785158400,1.331285,1.331485,1.33117,1.33136
1785158700,1.331365,1.331415,1.331185,1.33138
1785159000,1.331385,1.33211,1.331385,1.33167
1785159300,1.331675,1.33188,1.33156,1.33174
1785159600,1.331735,1.331965,1.331465,1.331665
1785159900,1.331675,1.331875,1.331565,1.33177
1785160200,1.331775,1.331815,1.331165,1.33118
1785160500,1.331185,1.3312,1.33084,1.331065
1785160800,1.33107,1.33141,1.330595,1.331285
1785161100,1.33128,1.3314,1.33109,1.331255
1785161400,1.33125,1.331725,1.33113,1.33169
1785161700,1.331695,1.33171,1.331245,1.331245
1785162000,1.33125,1.33132,1.331055,1.33129
1785162300,1.33128,1.33129,1.33058,1.33059
1785162600,1.330585,1.331,1.33058,1.33087
1785162900,1.330875,1.331015,1.330695,1.330965
1785163200,1.33096,1.331115,1.33049,1.330515
1785163500,1.33052,1.330895,1.330515,1.33078
1785163800,1.330785,1.33087,1.330295,1.33037
1785164100,1.330375,1.330405,1.329915,1.330265
1785164400,1.33027,1.33056,1.329975,1.33049
1785164700,1.330495,1.33055,1.330175,1.33019
1785165000,1.330195,1.33035,1.329935,1.3303
1785165300,1.330295,1.33054,1.33025,1.33047
1785165600,1.330475,1.330695,1.330365,1.330605
1785165900,1.3306,1.330635,1.330365,1.33058
1785166200,1.330585,1.330595,1.330155,1.330345
1785166500,1.33035,1.33056,1.33026,1.330475
1785166800,1.33048,1.33058,1.3303,1.33039
1785167100,1.330385,1.330415,1.330025,1.33008
1785167400,1.330085,1.330645,1.330085,1.33041
1785167700,1.33041,1.330585,1.33019,1.33019
1785168000,1.330195,1.330435,1.330005,1.33027
1785168300,1.330265,1.330305,1.329965,1.330115
1785168600,1.33012,1.33026,1.330045,1.330145
1785168900,1.33015,1.3306,1.33006,1.33056
1785169200,1.330565,1.3308,1.33048,1.330765
1785169500,1.33077,1.331425,1.33075,1.33106
1785169800,1.331065,1.33116,1.330845,1.33107
1785170100,1.331065,1.33108,1.330785,1.33085
1785170400,1.330845,1.330965,1.330655,1.33067
1785170700,1.330675,1.33068,1.330295,1.33031
1785171000,1.330305,1.33041,1.330265,1.330375
1785171300,1.33037,1.330525,1.330145,1.33031
1785171600,1.330315,1.330345,1.328645,1.328955
1785171900,1.32895,1.329205,1.328565,1.3291
1785172200,1.329095,1.329375,1.329095,1.329175
1785172500,1.32917,1.329205,1.328715,1.32875
1785172800,1.328755,1.328915,1.32853,1.32859
1785173100,1.328595,1.32871,1.32845,1.32855
1785173400,1.328555,1.32898,1.32842,1.32886
1785173700,1.32886,1.328865,1.32852,1.328575
1785174000,1.32857,1.32865,1.328445,1.328565
1785174300,1.32856,1.3288,1.328535,1.32875
1785174600,1.328745,1.329065,1.328745,1.329055
1785174900,1.32906,1.32918,1.328935,1.32911
1785175200,1.329115,1.329235,1.32899,1.329165
1785175500,1.32916,1.32923,1.32905,1.32915
1785175800,1.329145,1.329225,1.329055,1.32916
1785176100,1.329155,1.32918,1.32901,1.32902
1785176400,1.329015,1.329045,1.3288,1.32891
1785176700,1.3289,1.329015,1.328845,1.328985
1785177000,1.32898,1.3291,1.328895,1.32891
1785177300,1.3289,1.32902,1.32885,1.328915
1785177600,1.32891,1.329425,1.32881,1.32899
1785177900,1.328985,1.329205,1.32881,1.328855
1785178200,1.32885,1.32908,1.328795,1.329
1785178500,1.329005,1.32915,1.32869,1.328825
1785178800,1.32883,1.32913,1.32883,1.328885
1785179100,1.32888,1.328995,1.328855,1.32897
1785179400,1.32897,1.329115,1.328875,1.328925
1785179700,1.328925,1.329085,1.328925,1.329015
1785180000,1.32902,1.32922,1.32902,1.3292
1785180300,1.329195,1.329295,1.329175,1.32929
1785180600,1.32929,1.32949,1.329245,1.32937
1785180900,1.329375,1.32957,1.329345,1.32957
1785181200,1.329565,1.329665,1.329435,1.3295
1785181500,1.32949,1.32959,1.329205,1.329265
1785181800,1.329275,1.32939,1.32923,1.329315
1785182100,1.32931,1.32931,1.329165,1.329185
1785182400,1.329175,1.329285,1.329125,1.32915
1785182700,1.329145,1.329165,1.328975,1.329055
1785183000,1.329055,1.329185,1.32902,1.329165
1785183300,1.329165,1.32919,1.32907,1.32908
1785183600,1.329075,1.32908,1.32897,1.32901
1785183900,1.329015,1.32911,1.32898,1.32899
1785184200,1.328985,1.328985,1.328675,1.328705
1785184500,1.328705,1.32878,1.32864,1.32872
1785184800,1.32872,1.328785,1.328645,1.328685
1785185100,1.328675,1.328695,1.32862,1.328685
1785185400,1.328675,1.328775,1.328675,1.328705
1785185700,1.3287,1.32892,1.328685,1.328915
1785186000,1.328925,1.329945,1.328925,1.32989
1785186300,1.32989,1.329935,1.329245,1.329505
1785186600,1.329505,1.33002,1.329075,1.329175
1785186900,1.329175,1.329605,1.32908,1.32922
1785187200,1.32922,1.33031,1.32919,1.3303
1785187500,1.3303,1.330315,1.33,1.33004
1785187800,1.329905,1.330235,1.329105,1.329205
1785188100,1.32919,1.329385,1.32911,1.329195
1785188400,1.32922,1.32956,1.32914,1.32945
1785188700,1.32944,1.329535,1.32918,1.329235
1785189000,1.329235,1.32929,1.32915,1.329165
1785189300,1.329165,1.32936,1.32914,1.32919
1785189600,1.329185,1.329315,1.328915,1.329075
1785189900,1.32909,1.32918,1.32902,1.32906
1785190200,1.329055,1.329055,1.32879,1.329005
1785190500,1.328995,1.32904,1.32899,1.32901
1785190800,1.329005,1.329015,1.328905,1.32898
1785191100,1.32899,1.329,1.32891,1.32892
1785191400,1.32892,1.32901,1.32891,1.32893
1785191700,1.32893,1.329015,1.328925,1.32898
1785192000,1.32898,1.328985,1.328895,1.3289
1785192300,1.32889,1.3289,1.32887,1.328885
1785192600,1.328885,1.328905,1.328875,1.328895
1785192900,1.328895,1.328895,1.3288,1.32885
1785193200,1.328855,1.328885,1.32871,1.328815
1785193500,1.32882,1.328945,1.328815,1.3289
1785193800,1.3289,1.3289,1.32885,1.328885
1785194100,1.32889,1.328945,1.32888,1.328895
1785194400,1.328895,1.328915,1.328865,1.32889
1785194700,1.32889,1.32898,1.328885,1.32898
1785195000,1.32898,1.329015,1.32892,1.32899
1785195300,1.328995,1.328995,1.328895,1.328935
1785195600,1.328935,1.329005,1.328935,1.328975
1785195900,1.32898,1.32902,1.32871,1.328765
1785196200,1.328775,1.328875,1.32874,1.32878
1785196500,1.328785,1.328975,1.328765,1.32897
1785196800,1.328965,1.32905,1.328705,1.328715
1785197100,1.32872,1.328915,1.328585,1.328885
1785197400,1.328885,1.3289,1.328715,1.328785
1785197700,1.32878,1.329065,1.328735,1.32903
1785198000,1.329035,1.329135,1.328975,1.32906
1785198300,1.32906,1.329305,1.329055,1.32925
1785198600,1.329245,1.329305,1.329095,1.32924
1785198900,1.329235,1.329395,1.329175,1.32933
1785199200,1.329335,1.329345,1.329075,1.32914
1785199500,1.329135,1.32915,1.32898,1.329085
1785199800,1.32909,1.329105,1.328865,1.32891
1785200100,1.328915,1.329345,1.32885,1.3293
1785200400,1.329305,1.329815,1.32927,1.32948
1785200700,1.329485,1.329625,1.329455,1.32957
1785201000,1.32957,1.329575,1.329275,1.329305
1785201300,1.3293,1.329465,1.32916,1.32939
1785201600,1.329395,1.32949,1.329375,1.329405
1785201900,1.329405,1.32951,1.329275,1.32947
1785202200,1.329475,1.32955,1.32938,1.32951
1785202500,1.32951,1.32956,1.32936,1.32939
1785202800,1.329395,1.329415,1.329205,1.32929
1785203100,1.329285,1.329345,1.32918,1.32925
1785203400,1.329245,1.329285,1.328965,1.329085
1785203700,1.32909,1.32922,1.329085,1.329175
1785204000,1.32918,1.329255,1.32908,1.32918
1785204300,1.329185,1.32957,1.32917,1.32952
1785204600,1.32952,1.3296,1.32942,1.32947
1785204900,1.329465,1.3295,1.3294,1.329465
1785205200,1.32946,1.329595,1.329415,1.329515
1785205500,1.32951,1.329525,1.329245,1.32927
1785205800,1.329275,1.3294,1.32921,1.329285
1785206100,1.32928,1.32936,1.329265,1.329305
1785206400,1.32931,1.32946,1.329275,1.32944
1785206700,1.32944,1.329585,1.32931,1.329575
1785207000,1.329575,1.330075,1.329575,1.32994
1785207300,1.329945,1.329965,1.329805,1.329825
1785207600,1.32982,1.32995,1.32975,1.32984
1785207900,1.329835,1.329855,1.32971,1.32972
1785208200,1.32972,1.329765,1.329535,1.32973
1785208500,1.32972,1.330085,1.329695,1.33001
1785208800,1.33001,1.33011,1.32998,1.33008
1785209100,1.330075,1.330125,1.33003,1.330075
1785209400,1.330075,1.330435,1.330075,1.330385
1785209700,1.330385,1.330385,1.33,1.33011
1785210000,1.330105,1.330205,1.33,1.33008
1785210300,1.330075,1.33008,1.329965,1.330025
1785210600,1.330025,1.33003,1.32983,1.3299
1785210900,1.32989,1.32989,1.32972,1.32982
1785211200,1.329815,1.329815,1.32939,1.32953
1785211500,1.32952,1.329615,1.32945,1.32949
1785211800,1.329495,1.32954,1.32927,1.329335
1785212100,1.32933,1.32959,1.32928,1.32958
1785212400,1.329585,1.32959,1.32933,1.32939
1785212700,1.329385,1.32945,1.329275,1.32945
1785213000,1.32945,1.32949,1.329355,1.32946
1785213300,1.32946,1.32949,1.32933,1.329385
1785213600,1.32938,1.32946,1.329365,1.32946
1785213900,1.32946,1.32961,1.329425,1.32956
1785214200,1.32956,1.329605,1.329295,1.329305
1785214500,1.329305,1.329425,1.32924,1.329415
1785214800,1.32941,1.32952,1.32935,1.32949
1785215100,1.32948,1.329495,1.32904,1.3291
1785215400,1.329095,1.3291,1.32872,1.32877
1785215700,1.32877,1.32883,1.3287,1.32874
1785216000,1.328735,1.328855,1.32865,1.32874
1785216300,1.328745,1.329055,1.32869,1.32905
1785216600,1.329045,1.329105,1.32884,1.328845
1785216900,1.32884,1.3289,1.328565,1.328705
1785217200,1.328705,1.32901,1.32858,1.328955
1785217500,1.32895,1.328955,1.32861,1.32864
1785217800,1.328645,1.328815,1.3286,1.328775
1785218100,1.32878,1.328875,1.32876,1.32878
1785218400,1.328785,1.329025,1.328685,1.32872
1785218700,1.328715,1.328825,1.328595,1.328705
1785219000,1.3287,1.329025,1.32866,1.32899
1785219300,1.32899,1.32912,1.328965,1.328995
1785219600,1.328995,1.329175,1.328965,1.32914
1785219900,1.329135,1.329585,1.328995,1.329565
1785220200,1.32958,1.32971,1.329265,1.32928
1785220500,1.329275,1.329505,1.3292,1.329415
1785220800,1.32941,1.32962,1.329275,1.32949
1785221100,1.32949,1.32951,1.32923,1.32926
1785221400,1.32927,1.32986,1.329265,1.329855
1785221700,1.32986,1.33017,1.32964,1.329865
1785222000,1.32987,1.32987,1.32937,1.32951
1785222300,1.329505,1.3302,1.32944,1.330075
1785222600,1.33007,1.33021,1.32989,1.33018
1785222900,1.33018,1.330305,1.33012,1.330175
1785223200,1.33017,1.33041,1.3301,1.33027
1785223500,1.330265,1.330475,1.330255,1.330305
1785223800,1.33031,1.33046,1.330265,1.33035
1785224100,1.330355,1.3305,1.329915,1.329985
1785224400,1.32998,1.330205,1.329705,1.3298
1785224700,1.329795,1.329805,1.329335,1.32937
1785225000,1.329375,1.329535,1.329175,1.329415
1785225300,1.32942,1.329625,1.329175,1.329185
1785225600,1.32918,1.33015,1.32914,1.33012
1785225900,1.330115,1.330255,1.33003,1.330115
1785226200,1.33011,1.33014,1.329705,1.329905
1785226500,1.32991,1.330405,1.32991,1.33007
1785226800,1.33007,1.33053,1.33006,1.330345
1785227100,1.33034,1.33034,1.32991,1.3301
1785227400,1.330105,1.330185,1.32999,1.33007
1785227700,1.330075,1.33012,1.329675,1.32971
1785228000,1.3297,1.330035,1.329665,1.33001
1785228300,1.330015,1.330335,1.32988,1.330285
1785228600,1.33029,1.33032,1.32995,1.32998
1785228900,1.329975,1.33031,1.32993,1.33028
1785229200,1.330285,1.330315,1.330095,1.330175
1785229500,1.330175,1.330205,1.32956,1.329615
1785229800,1.32961,1.32961,1.32927,1.32942
1785230100,1.32942,1.32958,1.329355,1.329395
1785230400,1.32939,1.329485,1.329285,1.329395
1785230700,1.329395,1.32952,1.329215,1.329285
1785231000,1.32928,1.32928,1.328975,1.32903
1785231300,1.329035,1.32933,1.329015,1.32918
1785231600,1.329185,1.329305,1.3288,1.32882
1785231900,1.32882,1.3289,1.328535,1.32861
1785232200,1.328615,1.328695,1.32808,1.32816
1785232500,1.328165,1.328245,1.327985,1.328015
1785232800,1.32801,1.32801,1.32771,1.327785
1785233100,1.32778,1.327815,1.32753,1.32756
1785233400,1.327555,1.3278,1.327355,1.327685
1785233700,1.32768,1.32768,1.327355,1.32739
1785234000,1.327395,1.32803,1.32738,1.32787
1785234300,1.327875,1.32792,1.32768,1.32779
1785234600,1.327785,1.328095,1.327755,1.32805
1785234900,1.328045,1.32818,1.32765,1.32811
1785235200,1.328115,1.32814,1.32766,1.3277
1785235500,1.327695,1.327795,1.32754,1.32755
1785235800,1.327555,1.32791,1.32746,1.32786
1785236100,1.327845,1.32826,1.327835,1.327955
1785236400,1.32796,1.32815,1.327595,1.32769
1785236700,1.327695,1.327805,1.32752,1.32767
1785237000,1.327665,1.32778,1.327455,1.327565
1785237300,1.32756,1.32811,1.327555,1.327825
1785237600,1.32782,1.32816,1.32778,1.32815
1785237900,1.328145,1.3283,1.327975,1.328065
1785238200,1.32806,1.32817,1.32798,1.32806
1785238500,1.328055,1.328365,1.32802,1.32817
1785238800,1.32817,1.328325,1.328,1.328015
1785239100,1.32802,1.32816,1.32779,1.32781
1785239400,1.327815,1.327895,1.327435,1.327785
1785239700,1.32779,1.32814,1.32779,1.32793
1785240000,1.327935,1.32842,1.32791,1.32831
1785240300,1.32832,1.32866,1.32821,1.32864
1785240600,1.328645,1.3287,1.32826,1.32858
1785240900,1.328585,1.32873,1.32853,1.328675
1785241200,1.32867,1.32898,1.32848,1.32862
1785241500,1.32862,1.32864,1.32844,1.328515
1785241800,1.32851,1.32886,1.32835,1.32882
1785242100,1.328815,1.32906,1.328715,1.328985
1785242400,1.32899,1.32946,1.328885,1.32938
1785242700,1.329375,1.329835,1.32937,1.32982
1785243000,1.329825,1.32989,1.329415,1.329555
1785243300,1.32955,1.32992,1.32953,1.329785
1785243600,1.329785,1.33031,1.32978,1.329895
1785243900,1.3299,1.33019,1.329875,1.330055
1785244200,1.330055,1.33016,1.32955,1.32966
1785244500,1.329665,1.329715,1.32945,1.329555
1785244800,1.32955,1.330005,1.329545,1.329785
1785245100,1.32978,1.32989,1.32959,1.329635
1785245400,1.32963,1.329905,1.329625,1.32978
1785245700,1.329785,1.329855,1.32942,1.32957
1785246000,1.329575,1.32987,1.32955,1.3297
1785246300,1.329695,1.330315,1.32955,1.33025
1785246600,1.330255,1.33033,1.32991,1.32999
1785246900,1.329995,1.330115,1.32978,1.330065
1785247200,1.33007,1.330205,1.32996,1.33006
1785247500,1.330065,1.330195,1.329695,1.329915
1785247800,1.32991,1.32998,1.32947,1.32951
1785248100,1.329515,1.329595,1.32917,1.329205
1785248400,1.32921,1.329485,1.329155,1.32926
1785248700,1.329265,1.32962,1.32925,1.329585
1785249000,1.32958,1.329875,1.32945,1.329455
1785249300,1.32945,1.329615,1.329305,1.329355
1785249600,1.32936,1.329515,1.329175,1.32934
1785249900,1.329335,1.32946,1.32899,1.32938
1785250200,1.329375,1.329395,1.32855,1.32936
1785250500,1.329365,1.329375,1.32882,1.329135
1785250800,1.329145,1.329605,1.32904,1.329055
1785251100,1.329055,1.32958,1.32884,1.329485
1785251400,1.32948,1.330525,1.32942,1.330215
1785251700,1.33021,1.330475,1.330065,1.3304
1785252000,1.330395,1.33072,1.330165,1.33019
1785252300,1.330195,1.33067,1.33009,1.330405
1785252600,1.33039,1.330805,1.330255,1.33069
1785252900,1.330695,1.33077,1.330325,1.330365
1785253200,1.330375,1.33105,1.33037,1.330965
1785253500,1.330965,1.331035,1.330835,1.330975
1785253800,1.33097,1.3311,1.3305,1.33071
1785254100,1.330705,1.330975,1.3305,1.33092
1785254400,1.330915,1.33112,1.330755,1.330875
1785254700,1.33088,1.33104,1.3307,1.33082
1785255000,1.330825,1.330845,1.330595,1.330685
1785255300,1.33068,1.33082,1.330485,1.33058
1785255600,1.330585,1.33085,1.33053,1.330765
1785255900,1.330765,1.330895,1.330705,1.330795
1785256200,1.3308,1.3308,1.33043,1.33068
1785256500,1.330685,1.331015,1.330685,1.3309
1785256800,1.330895,1.330905,1.330465,1.330465
1785257100,1.330465,1.330575,1.330045,1.330115
1785257400,1.330115,1.33038,1.330115,1.330285
1785257700,1.33029,1.330315,1.330105,1.33012
1785258000,1.330125,1.330315,1.33007,1.33029
1785258300,1.330285,1.330495,1.33007,1.330135
1785258600,1.33014,1.330155,1.32982,1.329985
1785258900,1.32999,1.33013,1.329935,1.330075
1785259200,1.33008,1.330585,1.32988,1.32989
1785259500,1.329885,1.33007,1.329865,1.329965
1785259800,1.329965,1.330015,1.329845,1.33
1785260100,1.33,1.33,1.32972,1.32977
1785260400,1.329765,1.32977,1.32952,1.329575
1785260700,1.32958,1.3296,1.329225,1.329405
1785261000,1.329405,1.32941,1.32931,1.329315
1785261300,1.329315,1.32937,1.32908,1.329145
1785261600,1.32915,1.329305,1.32893,1.32905
1785261900,1.32906,1.329115,1.32892,1.329055
1785262200,1.32906,1.329155,1.328865,1.32905
1785262500,1.329055,1.32921,1.32902,1.329115
1785262800,1.32912,1.329125,1.328865,1.328925
1785263100,1.32892,1.328925,1.328645,1.328785
1785263400,1.32878,1.32894,1.32877,1.32887
1785263700,1.328875,1.329075,1.32887,1.32898
1785264000,1.32898,1.32911,1.328915,1.329055
1785264300,1.32906,1.329085,1.32878,1.328885
1785264600,1.32889,1.32905,1.32888,1.32898
1785264900,1.328975,1.32905,1.328855,1.328885
1785265200,1.32889,1.329075,1.32883,1.329065
1785265500,1.32907,1.32932,1.32906,1.32924
1785265800,1.32924,1.32928,1.32907,1.32911
1785266100,1.329115,1.3294,1.329075,1.3294
1785266400,1.3294,1.3295,1.3293,1.329385
1785266700,1.32939,1.329405,1.32905,1.32908
1785267000,1.32909,1.329235,1.329045,1.32916
1785267300,1.329165,1.32918,1.329025,1.32917
1785267600,1.32916,1.32921,1.32905,1.32917
1785267900,1.329165,1.32952,1.32915,1.32939
1785268200,1.329385,1.329405,1.3292,1.329385
1785268500,1.32938,1.32938,1.32877,1.32879
1785268800,1.328785,1.328895,1.328725,1.32878
1785269100,1.328775,1.32898,1.32874,1.32897
1785269400,1.328975,1.32909,1.32897,1.32908
1785269700,1.32908,1.32915,1.328965,1.32897
1785270000,1.328965,1.32899,1.328875,1.3289
1785270300,1.328905,1.32892,1.32868,1.32882
1785270600,1.32881,1.32882,1.328685,1.32872
1785270900,1.328715,1.328875,1.328625,1.32876
1785271200,1.32876,1.32887,1.328675,1.328865
1785271500,1.32886,1.32886,1.328715,1.32873
1785271800,1.328735,1.328815,1.32867,1.32869
1785272100,1.328685,1.3291,1.32868,1.328925
1785272400,1.328925,1.32945,1.328925,1.329155
1785272700,1.329105,1.32938,1.328665,1.32888
1785273000,1.32888,1.329135,1.32887,1.3291
1785273300,1.3291,1.3296,1.32909,1.32949
1785273600,1.32949,1.32953,1.329275,1.32934
1785273900,1.32934,1.329435,1.329145,1.3292
1785274200,1.329155,1.32921,1.329065,1.329125
1785274500,1.329125,1.32945,1.32909,1.329175
1785274800,1.32917,1.32921,1.329105,1.329165
1785275100,1.32916,1.32923,1.32914,1.329175
1785275400,1.329175,1.32923,1.32915,1.32921
1785275700,1.32921,1.32931,1.328885,1.328905
1785276000,1.3289,1.329025,1.328795,1.328995
1785276300,1.329,1.329095,1.329,1.329085
1785276600,1.329085,1.32912,1.328795,1.328805
1785276900,1.32881,1.328885,1.32868,1.32869
1785277200,1.328695,1.328695,1.328385,1.328395
1785277500,1.3284,1.328555,1.32832,1.328485
1785277800,1.328485,1.3286,1.32839,1.328565
1785278100,1.32856,1.32859,1.32834,1.328355
1785278400,1.32836,1.32845,1.32833,1.328385
1785278700,1.328385,1.328405,1.32833,1.32837
1785279000,1.328375,1.328455,1.32834,1.328445
1785279300,1.32844,1.32849,1.32844,1.328455
1785279600,1.32846,1.328475,1.3282,1.32834
1785279900,1.32834,1.328355,1.328065,1.32809
1785280200,1.328095,1.328395,1.32808,1.32838
1785280500,1.32838,1.328425,1.32829,1.328325
1785280800,1.32832,1.3285,1.32828,1.328485
1785281100,1.32849,1.32849,1.328385,1.328485
1785281400,1.328485,1.32849,1.32841,1.328415
1785281700,1.32842,1.328475,1.32837,1.328385
1785282000,1.328385,1.32867,1.328345,1.328655
1785282300,1.32865,1.3287,1.32846,1.328665
1785282600,1.32867,1.3287,1.328555,1.328565
1785282900,1.328565,1.32868,1.32855,1.328675
1785283200,1.32868,1.328785,1.3283,1.32863
1785283500,1.328635,1.32879,1.328565,1.32859
1785283800,1.328595,1.328615,1.328415,1.32851
1785284100,1.328505,1.328925,1.328485,1.32887
1785284400,1.328875,1.32929,1.328815,1.32897
1785284700,1.32897,1.32917,1.32897,1.329135
1785285000,1.329145,1.32924,1.329035,1.32907
1785285300,1.329075,1.32921,1.32899,1.32913
1785285600,1.329135,1.329185,1.32903,1.32918
1785285900,1.32918,1.32933,1.32898,1.32898
1785286200,1.328985,1.32919,1.32888,1.32918
1785286500,1.329175,1.329435,1.329015,1.32924
1785286800,1.329235,1.32939,1.32917,1.329205
1785287100,1.3292,1.329325,1.32894,1.32895
1785287400,1.328945,1.329,1.32871,1.32876
1785287700,1.328755,1.32911,1.328675,1.32909
1785288000,1.329095,1.32927,1.329075,1.3291
1785288300,1.329105,1.32911,1.32889,1.328895
1785288600,1.32889,1.32889,1.328285,1.32879
1785288900,1.328795,1.328825,1.32825,1.328385
1785289200,1.32839,1.328405,1.328175,1.32828
1785289500,1.328285,1.32849,1.32822,1.32848
1785289800,1.328485,1.328585,1.32837,1.328545
1785290100,1.32855,1.328935,1.32855,1.328865
1785290400,1.32887,1.328975,1.32876,1.328805
1785290700,1.328805,1.329235,1.328805,1.3292
1785291000,1.329205,1.32936,1.32919,1.32923
1785291300,1.329235,1.329485,1.32923,1.329415
1785291600,1.32942,1.32977,1.329405,1.329685
1785291900,1.32969,1.3298,1.329415,1.329475
1785292200,1.32948,1.32958,1.32944,1.329515
1785292500,1.32952,1.3298,1.329495,1.32971
1785292800,1.329705,1.329715,1.32951,1.329615
1785293100,1.32961,1.329625,1.3294,1.32941
1785293400,1.329405,1.32947,1.32928,1.32928
1785293700,1.329285,1.329535,1.329285,1.329415
1785294000,1.32941,1.329535,1.32937,1.32944
1785294300,1.329445,1.329665,1.32939,1.329605
1785294600,1.32961,1.32967,1.32951,1.32952
1785294900,1.329515,1.329775,1.32951,1.32974
1785295200,1.329745,1.329835,1.329705,1.32973
1785295500,1.329735,1.32979,1.329675,1.329735
1785295800,1.32974,1.329785,1.32962,1.329735
1785296100,1.32973,1.329825,1.32963,1.329765
1785296400,1.329765,1.32979,1.32968,1.329745
1785296700,1.32974,1.329925,1.32972,1.32988
1785297000,1.329885,1.32991,1.32959,1.32967
1785297300,1.329665,1.32967,1.3294,1.329515
1785297600,1.32951,1.329715,1.329425,1.329705
1785297900,1.32971,1.32985,1.329675,1.32982
1785298200,1.32982,1.329905,1.32977,1.329815
1785298500,1.32982,1.329915,1.329795,1.32986
1785298800,1.329865,1.329955,1.32979,1.32993
1785299100,1.329925,1.329995,1.329665,1.32973
1785299400,1.329725,1.32995,1.32965,1.329885
1785299700,1.32988,1.33011,1.329875,1.32994
1785300000,1.329945,1.33014,1.329915,1.330015
1785300300,1.330005,1.33008,1.329595,1.329605
1785300600,1.329595,1.329805,1.32954,1.32961
1785300900,1.329605,1.32983,1.3296,1.32976
1785301200,1.329765,1.32998,1.329765,1.329975
1785301500,1.32997,1.33005,1.329915,1.329935
1785301800,1.32993,1.330115,1.329925,1.33008
1785302100,1.33008,1.330115,1.329975,1.33001
1785302400,1.330015,1.330085,1.32997,1.330065
1785302700,1.33006,1.330085,1.329795,1.3298
1785303000,1.329805,1.329835,1.32965,1.32979
1785303300,1.329795,1.329925,1.32975,1.329815
1785303600,1.32981,1.32997,1.32979,1.329935
1785303900,1.32993,1.33003,1.32988,1.32999
1785304200,1.329985,1.330195,1.329965,1.330145
1785304500,1.33015,1.33019,1.32985,1.3299
1785304800,1.329895,1.33033,1.329875,1.33023
1785305100,1.330235,1.330265,1.329835,1.329875
1785305400,1.32988,1.3302,1.329705,1.3302
1785305700,1.330195,1.330415,1.329815,1.329825
1785306000,1.32982,1.32985,1.329485,1.32963
1785306300,1.329635,1.32968,1.32947,1.329625
1785306600,1.32963,1.329925,1.329485,1.329795
1785306900,1.3298,1.32986,1.329715,1.32982
1785307200,1.32983,1.329925,1.32974,1.32992
1785307500,1.329915,1.329925,1.32951,1.329595
1785307800,1.3296,1.329905,1.329595,1.3298
1785308100,1.329795,1.329815,1.329505,1.32972
1785308400,1.329715,1.33003,1.329505,1.32994
1785308700,1.329945,1.33011,1.32981,1.329955
1785309000,1.32995,1.33001,1.32956,1.32968
1785309300,1.329685,1.330035,1.32967,1.329995
1785309600,1.330005,1.33034,1.330005,1.330305
1785309900,1.3303,1.33033,1.330065,1.330235
1785310200,1.33023,1.330375,1.329985,1.330315
1785310500,1.330315,1.330735,1.330315,1.330585
1785310800,1.33058,1.33062,1.33028,1.330295
1785311100,1.33029,1.330305,1.330025,1.330175
1785311400,1.33017,1.330295,1.33009,1.33023
1785311700,1.330225,1.33024,1.32993,1.330205
1785312000,1.33021,1.33024,1.329945,1.330205
1785312300,1.3302,1.330495,1.33013,1.330135
1785312600,1.33013,1.33045,1.32968,1.32968
1785312900,1.32969,1.33034,1.329685,1.33033
1785313200,1.330325,1.330415,1.33011,1.330205
1785313500,1.3302,1.330225,1.329875,1.330205
1785313800,1.330195,1.330205,1.329905,1.32995
1785314100,1.329945,1.330095,1.32983,1.33009
1785314400,1.330085,1.330615,1.330085,1.330605
1785314700,1.3306,1.330895,1.33053,1.33086
1785315000,1.33085,1.3309,1.330595,1.330685
1785315300,1.330685,1.33083,1.330515,1.33058
1785315600,1.330575,1.33059,1.330245,1.330435
1785315900,1.33044,1.330455,1.33019,1.330425
1785316200,1.33042,1.33052,1.33028,1.330465
1785316500,1.33047,1.330535,1.330315,1.33042
1785316800,1.33041,1.33051,1.33014,1.330465
1785317100,1.33047,1.33047,1.330305,1.33039
1785317400,1.33038,1.3304,1.33017,1.33021
1785317700,1.330215,1.330215,1.32959,1.32961
1785318000,1.32961,1.3302,1.329535,1.33019
1785318300,1.330185,1.330235,1.32992,1.33014
1785318600,1.33013,1.330155,1.329705,1.329795
1785318900,1.3298,1.32993,1.329685,1.3297
1785319200,1.329695,1.329725,1.32937,1.32957
1785319500,1.329565,1.329625,1.32915,1.32922
1785319800,1.329225,1.329385,1.3291,1.32922
1785320100,1.329215,1.329405,1.329155,1.329215
1785320400,1.32922,1.32931,1.328995,1.32907
1785320700,1.329065,1.329185,1.328895,1.32908
1785321000,1.329085,1.3293,1.32903,1.329075
1785321300,1.32907,1.329325,1.32901,1.329105
1785321600,1.32911,1.329415,1.329005,1.329405
1785321900,1.3294,1.32941,1.32906,1.32907
1785322200,1.329075,1.3291,1.328855,1.32891
1785322500,1.32891,1.32911,1.32886,1.329105
1785322800,1.3291,1.329325,1.329095,1.329265
1785323100,1.32927,1.329275,1.32901,1.32918
1785323400,1.329175,1.329505,1.329145,1.329485
1785323700,1.32949,1.329525,1.329295,1.329355
1785324000,1.32935,1.32936,1.32919,1.32928
1785324300,1.329285,1.329725,1.32928,1.32971
1785324600,1.329715,1.32979,1.329495,1.329505
1785324900,1.32951,1.32962,1.32942,1.329545
1785325200,1.32955,1.32956,1.32916,1.32935
1785325500,1.329355,1.32951,1.32919,1.32941
1785325800,1.329405,1.329545,1.329305,1.329305
1785326100,1.3293,1.329375,1.32899,1.329275
1785326400,1.32927,1.329395,1.328965,1.329145
1785326700,1.32915,1.32916,1.32868,1.32881
1785327000,1.328815,1.328865,1.328385,1.32857
1785327300,1.32857,1.32859,1.327865,1.328315
1785327600,1.32832,1.328585,1.328135,1.328375
1785327900,1.32837,1.328585,1.32833,1.32836
1785328200,1.328355,1.328635,1.32807,1.32858
1785328500,1.328575,1.328785,1.32848,1.328755
1785328800,1.32876,1.32878,1.32851,1.32863
1785329100,1.328635,1.328775,1.328405,1.32849
1785329400,1.32849,1.32854,1.32811,1.328375
1785329700,1.32837,1.328405,1.328155,1.32839
1785330000,1.328385,1.328575,1.328255,1.32849
1785330300,1.3285,1.32853,1.32817,1.328275
1785330600,1.32827,1.328355,1.328075,1.32833
1785330900,1.328325,1.32843,1.32815,1.328155
1785331200,1.32816,1.328705,1.32813,1.32868
1785331500,1.32868,1.3289,1.328595,1.32879
1785331800,1.328795,1.329225,1.32841,1.328435
1785332100,1.32844,1.32868,1.328255,1.328555
1785332400,1.32856,1.3289,1.32835,1.328875
1785332700,1.328885,1.32915,1.32875,1.329125
1785333000,1.32912,1.329355,1.328885,1.32932
1785333300,1.329315,1.32942,1.329005,1.32941
1785333600,1.329415,1.32964,1.329395,1.32962
1785333900,1.32962,1.32966,1.3292,1.329205
1785334200,1.3292,1.32937,1.329065,1.329185
1785334500,1.32918,1.32927,1.32879,1.32906
1785334800,1.329065,1.329715,1.32891,1.32971
1785335100,1.329705,1.329915,1.32955,1.3298
1785335400,1.329805,1.329995,1.32972,1.32993
1785335700,1.329935,1.330415,1.32987,1.33021
1785336000,1.330215,1.33044,1.329435,1.329845
1785336300,1.32984,1.32988,1.32922,1.32922
1785336600,1.329225,1.329315,1.328155,1.328815
1785336900,1.32882,1.329165,1.32866,1.3287
1785337200,1.32869,1.32882,1.32841,1.328625
1785337500,1.32863,1.32927,1.32861,1.329235
1785337800,1.32923,1.32931,1.328765,1.328965
1785338100,1.32897,1.32928,1.328485,1.3285
1785338400,1.32849,1.32871,1.32832,1.32862
1785338700,1.32861,1.32864,1.32818,1.32849
1785339000,1.328495,1.328795,1.32843,1.328665
1785339300,1.32867,1.329005,1.32856,1.328575
1785339600,1.32858,1.3288,1.328465,1.32878
1785339900,1.328775,1.32891,1.328665,1.32887
1785340200,1.32886,1.32892,1.32869,1.328835
1785340500,1.32884,1.328885,1.32847,1.328635
1785340800,1.328645,1.328735,1.328495,1.32853
1785341100,1.328525,1.328775,1.328235,1.32871
1785341400,1.3287,1.3287,1.32811,1.32812
1785341700,1.32811,1.32834,1.32803,1.32829
1785342000,1.32829,1.328525,1.328275,1.328485
1785342300,1.32848,1.328595,1.32846,1.32849
1785342600,1.328485,1.32851,1.328085,1.32819
1785342900,1.328185,1.32823,1.327975,1.328125
1785343200,1.32812,1.328315,1.328115,1.32828
1785343500,1.328285,1.328435,1.328205,1.328425
1785343800,1.328425,1.3288,1.328405,1.32869
1785344100,1.328685,1.32893,1.32866,1.328885
1785344400,1.32888,1.32914,1.32878,1.329075
1785344700,1.32907,1.32954,1.328875,1.3295
1785345000,1.329495,1.329565,1.32933,1.329505
1785345300,1.3295,1.32971,1.3294,1.32965
1785345600,1.329645,1.330025,1.3296,1.32986
1785345900,1.32986,1.329945,1.32956,1.32981
1785346200,1.32979,1.330335,1.32969,1.330225
1785346500,1.33023,1.3303,1.32994,1.33002
1785346800,1.330025,1.33053,1.330015,1.3304
1785347100,1.330405,1.33068,1.330175,1.330615
1785347400,1.33061,1.33065,1.33031,1.33037
1785347700,1.330375,1.330375,1.329985,1.33015
1785348000,1.330155,1.33457,1.32889,1.333035
1785348300,1.33301,1.33373,1.332645,1.333025
1785348600,1.333035,1.333905,1.332545,1.3338
1785348900,1.333815,1.334025,1.33302,1.333065
1785349200,1.33306,1.333105,1.33261,1.332685
1785349500,1.3327,1.33312,1.332335,1.33311
1785349800,1.333105,1.333815,1.331275,1.332365
1785350100,1.33237,1.333975,1.33183,1.33364
1785350400,1.333645,1.334755,1.333525,1.334675
1785350700,1.33466,1.336,1.334465,1.335875
1785351000,1.33588,1.336305,1.33526,1.336235
1785351300,1.336225,1.33662,1.335725,1.336515
1785351600,1.33652,1.3369,1.33595,1.336235
1785351900,1.33624,1.3364,1.335555,1.33572
1785352200,1.335705,1.33706,1.335575,1.337015
1785352500,1.33702,1.338735,1.33684,1.338345
1785352800,1.33834,1.338365,1.336305,1.33661
1785353100,1.336605,1.33666,1.33574,1.335915
1785353400,1.335915,1.336005,1.334975,1.33545
1785353700,1.335455,1.336135,1.335245,1.33551
1785354000,1.335515,1.336025,1.33528,1.33573
1785354300,1.335725,1.335955,1.33555,1.33588
1785354600,1.335845,1.33589,1.33488,1.33501
1785354900,1.335005,1.33512,1.334595,1.33462
1785355200,1.334625,1.33511,1.334505,1.334745
1785355500,1.33474,1.33493,1.33453,1.334575
1785355800,1.33457,1.33501,1.33427,1.334695
1785356100,1.334695,1.334825,1.33441,1.334785
1785356400,1.33479,1.33497,1.33469,1.334735
1785356700,1.334745,1.334915,1.33451,1.334615
1785357000,1.33461,1.33536,1.33449,1.33536
1785357300,1.335365,1.33559,1.335225,1.33557
1785357600,1.335565,1.336275,1.33556,1.336235
1785357900,1.336225,1.336575,1.336125,1.336225
1785358200,1.3362,1.33663,1.336075,1.33634
1785358500,1.336355,1.33696,1.336335,1.336955
1785358800,1.336955,1.336955,1.334575,1.334815
1785359100,1.33482,1.336115,1.33478,1.33522
1785359400,1.33522,1.336755,1.33522,1.33609
1785359700,1.336085,1.33641,1.336005,1.33625
1785360000,1.33632,1.33671,1.33615,1.33647
1785360300,1.336495,1.336775,1.3363,1.33658
1785360600,1.33659,1.33668,1.336225,1.33624
1785360900,1.33624,1.336625,1.3362,1.336485
1785361200,1.336485,1.33676,1.33631,1.33649
1785361500,1.33659,1.336945,1.336265,1.336615
1785361800,1.336545,1.336775,1.336265,1.336465
1785362100,1.336615,1.3369,1.335875,1.336335
1785362400,1.33635,1.33707,1.336125,1.33692
1785362700,1.336915,1.33699,1.33673,1.336955
1785363000,1.336955,1.336975,1.336825,1.336825
1785363300,1.336825,1.33686,1.33672,1.336755
1785363600,1.336745,1.336775,1.33669,1.33673
1785363900,1.336725,1.336745,1.336705,1.33673
1785364200,1.33673,1.336875,1.33672,1.336875
1785364500,1.33687,1.3369,1.33671,1.33671
1785364800,1.336715,1.336825,1.33671,1.336825
1785365100,1.33682,1.336895,1.336805,1.336815
1785365400,1.33681,1.33682,1.33671,1.33682
1785365700,1.336815,1.33695,1.336815,1.336945
1785366000,1.33695,1.33732,1.33693,1.337315
1785366300,1.337315,1.33755,1.337205,1.337505
1785366600,1.33751,1.337515,1.336925,1.336955
1785366900,1.33696,1.33696,1.33681,1.336825
1785367200,1.33682,1.336855,1.336665,1.336675
1785367500,1.336665,1.33667,1.336575,1.33661
1785367800,1.33662,1.336745,1.33647,1.336725
1785368100,1.336725,1.33675,1.336625,1.33663
1785368400,1.336635,1.3367,1.336495,1.336535
1785368700,1.33654,1.336715,1.336395,1.3367
1785369000,1.336705,1.3369,1.33664,1.33671
1785369300,1.336715,1.33681,1.336615,1.336645
1785369600,1.33665,1.33683,1.336305,1.33642
1785369900,1.336425,1.336695,1.336245,1.336565
1785370200,1.336555,1.33665,1.33639,1.3366
1785370500,1.336605,1.336715,1.33618,1.336195
1785370800,1.3362,1.336235,1.33592,1.336065
1785371100,1.33606,1.33609,1.33534,1.33545
1785371400,1.335455,1.33571,1.33544,1.33554
1785371700,1.335535,1.33563,1.335265,1.33532
1785372000,1.335325,1.335535,1.33528,1.33541
1785372300,1.335415,1.33561,1.33537,1.335505
1785372600,1.3355,1.33559,1.335325,1.3355
1785372900,1.335505,1.33557,1.335345,1.335505
1785373200,1.33551,1.335865,1.335495,1.33571
1785373500,1.335705,1.335915,1.3356,1.3357
1785373800,1.335705,1.33583,1.335555,1.33572
1785374100,1.335725,1.335745,1.335475,1.33561
1785374400,1.3356,1.33565,1.3352,1.335385
1785374700,1.33538,1.335505,1.335275,1.33542
1785375000,1.335415,1.335855,1.335315,1.335715
1785375300,1.33571,1.335785,1.335595,1.335665
1785375600,1.33567,1.3358,1.335405,1.335435
1785375900,1.33544,1.33571,1.335375,1.335535
1785376200,1.335525,1.33557,1.33528,1.335355
1785376500,1.33536,1.335375,1.33511,1.33523
1785376800,1.335225,1.33561,1.33522,1.33553
1785377100,1.335535,1.335575,1.335295,1.3354
1785377400,1.335405,1.33545,1.335185,1.33524
1785377700,1.335235,1.335255,1.33492,1.335105
1785378000,1.335105,1.33516,1.334885,1.33495
1785378300,1.334955,1.334995,1.334875,1.33494
1785378600,1.334935,1.33515,1.334895,1.33504
1785378900,1.335035,1.335145,1.334895,1.33511
1785379200,1.335115,1.33515,1.33498,1.335045
1785379500,1.33505,1.335205,1.33502,1.335125
1785379800,1.33512,1.335245,1.335085,1.33513
1785380100,1.335125,1.33514,1.33488,1.33488
1785380400,1.334885,1.335025,1.334835,1.334895
1785380700,1.334895,1.33494,1.334715,1.334755
1785381000,1.33476,1.334795,1.33442,1.334535
1785381300,1.33453,1.334585,1.334305,1.334345
1785381600,1.33434,1.334505,1.334165,1.33449
1785381900,1.33448,1.334555,1.334405,1.334455
1785382200,1.33446,1.334685,1.33435,1.334655
1785382500,1.334655,1.33478,1.3346,1.33461
1785382800,1.33461,1.334785,1.334545,1.334715
1785383100,1.334715,1.334785,1.334615,1.334705
1785383400,1.3347,1.334745,1.334635,1.334725
1785383700,1.33472,1.33476,1.33453,1.334535
1785384000,1.33454,1.33468,1.3344,1.33458
1785384300,1.33458,1.334645,1.33454,1.334615
1785384600,1.334615,1.33479,1.334585,1.33474
1785384900,1.334735,1.334835,1.334705,1.33476
1785385200,1.33476,1.334835,1.334745,1.33478
1785385500,1.334775,1.33484,1.33472,1.33483
1785385800,1.334825,1.33485,1.334785,1.33483
1785386100,1.33483,1.33483,1.334605,1.33465
1785386400,1.334645,1.334935,1.334585,1.334615
1785386700,1.33461,1.33475,1.334525,1.33458
1785387000,1.334585,1.334605,1.33443,1.33452
1785387300,1.33452,1.33453,1.33437,1.334425
1785387600,1.33442,1.33459,1.334315,1.334515
1785387900,1.33452,1.33474,1.3345,1.33467
1785388200,1.334675,1.334845,1.33464,1.33471
1785388500,1.33471,1.3348,1.33469,1.334755
1785388800,1.33476,1.33512,1.334755,1.335115
1785389100,1.335125,1.33563,1.335085,1.335535
1785389400,1.33553,1.33559,1.33534,1.335395
1785389700,1.33539,1.335415,1.335145,1.33535
1785390000,1.335345,1.33547,1.335295,1.335435
1785390300,1.33543,1.33569,1.33515,1.335245
1785390600,1.33524,1.335265,1.335045,1.33516
1785390900,1.335155,1.335155,1.334655,1.334915
1785391200,1.334925,1.335215,1.334615,1.334785
1785391500,1.33479,1.33494,1.33434,1.334365
1785391800,1.33437,1.33449,1.33343,1.33361
1785392100,1.333615,1.33397,1.3336,1.33374
1785392400,1.33374,1.33383,1.33349,1.33379
1785392700,1.333795,1.33393,1.33353,1.33362
1785393000,1.333615,1.333705,1.333295,1.33358
1785393300,1.333575,1.334035,1.333455,1.33401
1785393600,1.33402,1.334025,1.33374,1.33378
1785393900,1.333785,1.334335,1.333745,1.3343
1785394200,1.33429,1.334485,1.33419,1.33437
1785394500,1.33438,1.334545,1.33413,1.33422
1785394800,1.334225,1.3351,1.33414,1.335005
1785395100,1.33501,1.33507,1.33468,1.33482
1785395400,1.334825,1.334965,1.334445,1.33454
1785395700,1.334535,1.334775,1.334355,1.33438
1785396000,1.334375,1.33498,1.334355,1.334845
1785396300,1.334845,1.334875,1.333875,1.333925
1785396600,1.33393,1.33403,1.33364,1.333825
1785396900,1.333825,1.334155,1.33382,1.33413
1785397200,1.334135,1.33439,1.334115,1.334165
1785397500,1.33417,1.33428,1.33397,1.334165
1785397800,1.334165,1.3344,1.333905,1.33391
1785398100,1.33389,1.33416,1.333705,1.33382
1785398400,1.33383,1.33469,1.33382,1.33448
1785398700,1.334485,1.334835,1.33441,1.33482
1785399000,1.334825,1.335125,1.33482,1.334935
1785399300,1.33493,1.33529,1.33486,1.334935
1785399600,1.33493,1.33533,1.334885,1.335265
1785399900,1.33526,1.335725,1.335115,1.33568
1785400200,1.335675,1.33615,1.3356,1.33576
1785400500,1.335765,1.33583,1.335205,1.335215
1785400800,1.33521,1.335915,1.33517,1.3359
1785401100,1.33591,1.336215,1.33575,1.335775
1785401400,1.335785,1.335895,1.335515,1.33553
1785401700,1.335535,1.33571,1.3354,1.335585
1785402000,1.33558,1.336195,1.33557,1.33612
1785402300,1.336115,1.33663,1.336015,1.33662
1785402600,1.33661,1.33716,1.336485,1.33712
1785402900,1.337125,1.33743,1.337015,1.33736
1785403200,1.337355,1.33748,1.337245,1.337285
1785403500,1.33728,1.33761,1.33709,1.33735
1785403800,1.337345,1.33744,1.337145,1.337295
1785404100,1.337295,1.33804,1.337275,1.337675
1785404400,1.33767,1.33801,1.33757,1.33793
1785404700,1.337925,1.338305,1.33761,1.338295
1785405000,1.33829,1.338425,1.33791,1.33803
1785405300,1.338025,1.338205,1.337955,1.338065
1785405600,1.33807,1.338205,1.337695,1.33774
1785405900,1.337735,1.338065,1.33761,1.337875
1785406200,1.33787,1.338865,1.337865,1.33873
1785406500,1.338735,1.3396,1.33855,1.33856
1785406800,1.33857,1.338615,1.33767,1.33777
1785407100,1.33777,1.338285,1.33772,1.33822
1785407400,1.338215,1.338645,1.33815,1.33861
1785407700,1.338605,1.3395,1.338585,1.33948
1785408000,1.339475,1.340215,1.33942,1.33985
1785408300,1.339835,1.34069,1.339725,1.34062
1785408600,1.340625,1.340675,1.33919,1.339305
1785408900,1.33931,1.339585,1.338985,1.338985
1785409200,1.339,1.340195,1.33897,1.339265
1785409500,1.339275,1.339315,1.338265,1.338885
1785409800,1.33888,1.33888,1.33816,1.33825
1785410100,1.33826,1.338455,1.3378,1.337805
1785410400,1.33781,1.33809,1.337375,1.337655
1785410700,1.33766,1.33788,1.337455,1.337625
1785411000,1.33763,1.33773,1.33744,1.33752
1785411300,1.33752,1.338035,1.33752,1.337915
1785411600,1.33791,1.337945,1.337305,1.337365
1785411900,1.33736,1.337755,1.33732,1.33771
1785412200,1.337715,1.33837,1.33771,1.33831
1785412500,1.3383,1.33881,1.338185,1.338795
1785412800,1.3388,1.33921,1.338735,1.339115
1785413100,1.33912,1.33924,1.338755,1.33882
1785413400,1.338825,1.33949,1.33877,1.33922
1785413700,1.339215,1.339215,1.338255,1.33857
1785414000,1.338565,1.339035,1.338455,1.33886
1785414300,1.338855,1.33946,1.338765,1.338875
1785414600,1.338895,1.33954,1.33806,1.338655
1785414900,1.33866,1.33952,1.33857,1.33941
1785415200,1.339405,1.339455,1.33747,1.33871
1785415500,1.338715,1.33876,1.337505,1.33768
1785415800,1.337685,1.337915,1.337125,1.33717
1785416100,1.33716,1.33769,1.336715,1.33712
1785416400,1.337125,1.337335,1.336795,1.337225
1785416700,1.33723,1.337995,1.337215,1.33745
1785417000,1.337445,1.337725,1.336935,1.337045
1785417300,1.33704,1.33732,1.33671,1.33719
1785417600,1.337185,1.337635,1.336855,1.337555
1785417900,1.33756,1.33762,1.33695,1.33721
1785418200,1.337215,1.338085,1.336895,1.33732
1785418500,1.337315,1.33968,1.337185,1.339645
1785418800,1.33967,1.341745,1.3391,1.34146
1785419100,1.341455,1.341915,1.340815,1.340895
1785419400,1.3409,1.34209,1.34006,1.34203
1785419700,1.34202,1.342835,1.341645,1.342815
1785420000,1.34283,1.34478,1.34266,1.34436
1785420300,1.344365,1.344615,1.3428,1.343455
1785420600,1.343445,1.344525,1.34341,1.344455
1785420900,1.34446,1.34471,1.343895,1.34423
1785421200,1.34422,1.344555,1.343475,1.3436
1785421500,1.34362,1.34372,1.34284,1.34312
1785421800,1.34313,1.343675,1.342805,1.34321
1785422100,1.343215,1.343615,1.34275,1.34307
1785422400,1.34306,1.34337,1.342355,1.34317
1785422700,1.343165,1.34343,1.342895,1.34322
1785423000,1.343225,1.34332,1.34277,1.34297
1785423300,1.342965,1.343345,1.342385,1.342485
1785423600,1.34248,1.342995,1.34227,1.34235
1785423900,1.342355,1.3434,1.342355,1.342715
1785424200,1.34272,1.34315,1.34215,1.343125
1785424500,1.34313,1.34384,1.343065,1.34382
1785424800,1.343825,1.34421,1.34379,1.34389
1785425100,1.343895,1.34433,1.34374,1.34428
1785425400,1.344285,1.345085,1.34395,1.345025
1785425700,1.34502,1.345405,1.344855,1.34522
1785426000,1.34523,1.34579,1.34506,1.34571
1785426300,1.345705,1.34613,1.345495,1.34601
1785426600,1.346005,1.34621,1.345725,1.345865
1785426900,1.34586,1.3463,1.345855,1.345915
1785427200,1.34591,1.346655,1.345905,1.346465
1785427500,1.34647,1.34656,1.34615,1.346515
1785427800,1.34652,1.34661,1.346075,1.34645
1785428100,1.346455,1.34694,1.346295,1.34688
1785428400,1.346885,1.347005,1.346535,1.34658
1785428700,1.34659,1.34677,1.34637,1.346675
1785429000,1.34667,1.34701,1.34651,1.346805
1785429300,1.34681,1.34704,1.3466,1.34677
1785429600,1.346765,1.34685,1.34606,1.346095
1785429900,1.346085,1.346205,1.34598,1.34607
1785430200,1.346075,1.34611,1.3457,1.345885
1785430500,1.34589,1.34647,1.345865,1.34646
1785430800,1.346455,1.3467,1.346205,1.346275
1785431100,1.34628,1.346415,1.346175,1.34633
1785431400,1.34634,1.346465,1.34608,1.34611
1785431700,1.3461,1.34619,1.34588,1.34611
1785432000,1.34611,1.34621,1.34592,1.34608
1785432300,1.346085,1.346085,1.34576,1.345805
1785432600,1.34581,1.34594,1.34566,1.34567
1785432900,1.345675,1.34672,1.34544,1.346665
1785433200,1.34667,1.34703,1.34608,1.34703
1785433500,1.347025,1.3471,1.34666,1.346755
1785433800,1.34676,1.347335,1.346635,1.34696
1785434100,1.346965,1.34723,1.346825,1.34722
1785434400,1.347215,1.3474,1.34712,1.347215
1785434700,1.347215,1.34733,1.3467,1.3472
1785435000,1.347205,1.34731,1.347,1.347275
1785435300,1.34728,1.347285,1.346935,1.346975
1785435600,1.34698,1.34703,1.34667,1.346685
1785435900,1.34669,1.34698,1.346615,1.346955
1785436200,1.34696,1.347265,1.34688,1.347115
1785436500,1.347115,1.34721,1.34683,1.346885
1785436800,1.346885,1.34703,1.34678,1.347015
1785437100,1.34701,1.347335,1.34701,1.347335
1785437400,1.347325,1.34748,1.34714,1.3473
1785437700,1.347295,1.34761,1.34727,1.34759
1785438000,1.3476,1.347615,1.34744,1.34749
1785438300,1.34749,1.34769,1.347335,1.34742
1785438600,1.34742,1.347445,1.346985,1.347015
1785438900,1.34702,1.34748,1.346845,1.347425
1785439200,1.34742,1.347545,1.347345,1.347465
1785439500,1.34746,1.347515,1.347145,1.34719
1785439800,1.347195,1.34722,1.346985,1.34711
1785440100,1.347115,1.347215,1.34704,1.347125
1785440400,1.34712,1.34727,1.3471,1.34717
1785440700,1.347165,1.34732,1.347105,1.347225
1785441000,1.34722,1.3473,1.346955,1.34697
1785441300,1.346975,1.34716,1.346665,1.346995
1785441600,1.34699,1.34729,1.346815,1.347275
1785441900,1.34728,1.34729,1.346985,1.3471
1785442200,1.347095,1.347175,1.347055,1.347075
1785442500,1.34708,1.3471,1.3468,1.346815
1785442800,1.346815,1.346835,1.346525,1.346555
1785443100,1.34655,1.34671,1.34652,1.34653
1785443400,1.346535,1.347015,1.346475,1.346775
1785443700,1.34678,1.346785,1.34664,1.346715
1785444000,1.34671,1.346745,1.346685,1.346705
1785444300,1.34671,1.346785,1.34659,1.34661
1785444600,1.3466,1.346725,1.346595,1.34668
1785444900,1.346675,1.34672,1.34637,1.346575
1785445200,1.34659,1.346745,1.34659,1.346695
1785445500,1.3467,1.34683,1.34635,1.346495
1785445800,1.346485,1.346585,1.346195,1.34639
1785446100,1.34639,1.34639,1.346205,1.34622
1785446400,1.34622,1.34642,1.34621,1.34642
1785446700,1.34642,1.34644,1.346285,1.346295
1785447000,1.34628,1.346435,1.34622,1.346245
1785447300,1.346245,1.34635,1.34621,1.346285
1785447600,1.3463,1.34638,1.34621,1.34633
1785447900,1.346275,1.34641,1.346275,1.34634
1785448200,1.34634,1.34639,1.34621,1.346235
1785448500,1.346235,1.346285,1.346205,1.346255
1785448800,1.346245,1.346815,1.34624,1.3468
1785449100,1.346795,1.34687,1.34658,1.346635
1785449400,1.346645,1.34668,1.34659,1.346605
1785449700,1.346605,1.346755,1.34657,1.346615
1785450000,1.34662,1.346625,1.346475,1.34657
1785450300,1.34657,1.346635,1.34656,1.346635
1785450600,1.34662,1.346665,1.3465,1.346665
1785450900,1.346665,1.347125,1.346635,1.346965
1785451200,1.346965,1.346995,1.34675,1.346855
1785451500,1.34686,1.346885,1.34677,1.34685
1785451800,1.34685,1.34685,1.34675,1.34676
1785452100,1.34676,1.346765,1.34657,1.346715
1785452400,1.34671,1.346925,1.34659,1.34664
1785452700,1.34665,1.34671,1.346405,1.34644
1785453000,1.346435,1.34646,1.34622,1.346345
1785453300,1.346345,1.346375,1.34613,1.34637
1785453600,1.34637,1.34655,1.34634,1.346445
1785453900,1.34644,1.34653,1.346175,1.346175
1785454200,1.34617,1.346275,1.34609,1.346205
1785454500,1.3462,1.3462,1.34591,1.34602
1785454800,1.34602,1.34617,1.345995,1.34614
1785455100,1.34615,1.34639,1.34615,1.346205
1785455400,1.346205,1.34621,1.34606,1.34608
1785455700,1.346085,1.34621,1.34603,1.34606
1785456000,1.34607,1.34631,1.345875,1.34621
1785456300,1.34622,1.346255,1.34573,1.34598
1785456600,1.345975,1.34626,1.345915,1.34606
1785456900,1.346065,1.346215,1.345805,1.34604
1785457200,1.34605,1.34648,1.345925,1.34637
1785457500,1.346365,1.346375,1.34609,1.34612
1785457800,1.346115,1.34625,1.345785,1.345795
1785458100,1.34579,1.345865,1.34562,1.345625
1785458400,1.34562,1.345635,1.34537,1.345585
1785458700,1.34558,1.34564,1.345295,1.3455
1785459000,1.345505,1.34597,1.34549,1.345785
1785459300,1.34579,1.34609,1.34579,1.345835
1785459600,1.34584,1.346275,1.34583,1.346065
1785459900,1.34606,1.34613,1.345755,1.346
1785460200,1.34599,1.34619,1.345605,1.345785
1785460500,1.34579,1.345805,1.345505,1.345515
1785460800,1.345525,1.345765,1.345425,1.345645
1785461100,1.34564,1.34582,1.345615,1.34564
1785461400,1.345655,1.34603,1.345525,1.345865
1785461700,1.34586,1.345865,1.345255,1.345285
1785462000,1.34529,1.345355,1.345165,1.345175
1785462300,1.345175,1.34527,1.34485,1.344885
1785462600,1.34488,1.34507,1.344815,1.34503
1785462900,1.345025,1.34521,1.345015,1.34507
1785463200,1.345075,1.34539,1.344995,1.34532
1785463500,1.34533,1.345815,1.345325,1.34563
1785463800,1.345625,1.34598,1.34561,1.345805
1785464100,1.345805,1.345805,1.345615,1.34571
1785464400,1.345715,1.34589,1.345485,1.34551
1785464700,1.34551,1.34567,1.345405,1.345565
1785465000,1.34556,1.345745,1.34553,1.345645
1785465300,1.345645,1.34565,1.345175,1.34522
1785465600,1.345225,1.34538,1.345165,1.3453
1785465900,1.345305,1.345305,1.345065,1.34517
1785466200,1.345165,1.345305,1.344965,1.345125
1785466500,1.34513,1.34524,1.34494,1.345065
1785466800,1.34507,1.3451,1.344765,1.344875
1785467100,1.34488,1.345135,1.34486,1.345085
1785467400,1.34508,1.3452,1.344565,1.3447
1785467700,1.344705,1.344805,1.34451,1.34463
1785468000,1.344635,1.344795,1.344615,1.34479
1785468300,1.34479,1.34493,1.34458,1.34461
1785468600,1.344605,1.344885,1.34458,1.34481
1785468900,1.34481,1.344905,1.34472,1.3448
1785469200,1.344805,1.344815,1.344545,1.344795
1785469500,1.34479,1.34515,1.34479,1.34494
1785469800,1.344945,1.34509,1.344915,1.34502
1785470100,1.345025,1.34515,1.34498,1.34513
1785470400,1.345125,1.34525,1.34501,1.345215
1785470700,1.345225,1.34525,1.34502,1.34508
1785471000,1.345085,1.345155,1.34491,1.34501
1785471300,1.345015,1.34502,1.344845,1.34499
1785471600,1.34498,1.34506,1.34486,1.345
1785471900,1.345005,1.3451,1.34481,1.34482
1785472200,1.34483,1.344865,1.34461,1.34478
1785472500,1.34477,1.34485,1.344555,1.34462
1785472800,1.34462,1.34466,1.34438,1.344395
1785473100,1.344395,1.34445,1.34422,1.34423
1785473400,1.344235,1.34453,1.344235,1.3445
1785473700,1.344495,1.3446,1.344395,1.34457
1785474000,1.344565,1.344695,1.344455,1.34459
1785474300,1.344585,1.34469,1.344535,1.34468
1785474600,1.344685,1.34492,1.34458,1.34461
1785474900,1.344615,1.3447,1.34455,1.34461
1785475200,1.344615,1.34464,1.34431,1.344475
1785475500,1.34447,1.344495,1.34431,1.344335
1785475800,1.344345,1.344705,1.34429,1.344475
1785476100,1.34448,1.344525,1.344215,1.34439
1785476400,1.344385,1.344585,1.34425,1.344295
1785476700,1.3443,1.3443,1.34406,1.3441
1785477000,1.344095,1.344265,1.34404,1.344195
1785477300,1.3442,1.34451,1.344145,1.34427
1785477600,1.344275,1.34483,1.344275,1.34481
1785477900,1.344805,1.34545,1.344795,1.345315
1785478200,1.345305,1.34546,1.34503,1.345405
1785478500,1.34541,1.345565,1.3451,1.345365
1785478800,1.34536,1.345595,1.3451,1.34558
1785479100,1.345585,1.3461,1.34555,1.345975
1785479400,1.34597,1.34597,1.345035,1.34505
1785479700,1.345055,1.34518,1.34456,1.344865
1785480000,1.34487,1.34498,1.34465,1.344925
1785480300,1.34494,1.34552,1.344925,1.345405
1785480600,1.345405,1.346115,1.345345,1.34591
1785480900,1.345905,1.34615,1.344985,1.345105
1785481200,1.3451,1.34544,1.345005,1.34544
1785481500,1.345435,1.34551,1.345115,1.345255
1785481800,1.34525,1.34553,1.345205,1.34548
1785482100,1.345475,1.3455,1.344765,1.344835
1785482400,1.34484,1.344975,1.344475,1.344695
1785482700,1.344685,1.345365,1.34458,1.345115
1785483000,1.34512,1.34516,1.34479,1.344885
1785483300,1.34489,1.34506,1.344575,1.34501
1785483600,1.34501,1.345215,1.344875,1.345105
1785483900,1.34511,1.34626,1.34509,1.346
1785484200,1.346005,1.34619,1.345095,1.345095
1785484500,1.345095,1.34538,1.34502,1.345235
1785484800,1.34524,1.34531,1.34469,1.34499
1785485100,1.344985,1.34499,1.344215,1.344275
1785485400,1.34428,1.34444,1.344,1.34425
1785485700,1.344255,1.344645,1.34416,1.34462
1785486000,1.344625,1.344675,1.34389,1.343915
1785486300,1.34391,1.3442,1.34365,1.34374
1785486600,1.34373,1.3439,1.343525,1.343665
1785486900,1.34366,1.34426,1.34365,1.343965
1785487200,1.34397,1.344545,1.343965,1.34444
1785487500,1.344445,1.34506,1.344405,1.345025
1785487800,1.34504,1.34521,1.3449,1.345005
1785488100,1.345,1.34643,1.34488,1.34594
1785488400,1.345945,1.34681,1.345805,1.34608
1785488700,1.346085,1.34655,1.34576,1.345925
1785489000,1.34593,1.346035,1.345595,1.34579
1785489300,1.345795,1.346145,1.345595,1.345845
1785489600,1.34584,1.34621,1.345745,1.34598
1785489900,1.345975,1.346,1.34536,1.345415
1785490200,1.34541,1.34571,1.345185,1.34529
1785490500,1.345285,1.34539,1.34513,1.345265
1785490800,1.34527,1.34531,1.344595,1.34462
1785491100,1.34463,1.34527,1.344575,1.34521
1785491400,1.345205,1.345415,1.345115,1.345215
1785491700,1.34522,1.345305,1.3448,1.345
1785492000,1.344995,1.34524,1.344755,1.34496
1785492300,1.34497,1.345095,1.34447,1.344495
1785492600,1.3445,1.344915,1.34443,1.344825
1785492900,1.34483,1.34486,1.34438,1.34441
1785493200,1.344405,1.34478,1.34432,1.34463
1785493500,1.344635,1.344995,1.344555,1.344575
1785493800,1.344585,1.3447,1.344455,1.344635
1785494100,1.34464,1.34491,1.34463,1.34472
1785494400,1.34471,1.344925,1.34464,1.344775
1785494700,1.344765,1.344905,1.344525,1.344575
1785495000,1.34458,1.344705,1.34446,1.34453
1785495300,1.34454,1.344745,1.344375,1.344425
1785495600,1.34443,1.344435,1.343665,1.344165
1785495900,1.34416,1.34445,1.34401,1.34423
1785496200,1.344225,1.344245,1.34406,1.344065
1785496500,1.34405,1.34408,1.34349,1.3437
1785496800,1.343705,1.34386,1.34336,1.343465
1785497100,1.34346,1.34376,1.34335,1.34335
1785497400,1.34336,1.343465,1.342675,1.342725
1785497700,1.34273,1.343085,1.342595,1.34287
1785498000,1.342875,1.343065,1.342235,1.34239
1785498300,1.342385,1.34255,1.34195,1.342185
1785498600,1.34218,1.34224,1.341785,1.34194
1785498900,1.341945,1.34205,1.34173,1.341815
1785499200,1.34181,1.342055,1.34154,1.34188
1785499500,1.341875,1.342305,1.341875,1.34216
1785499800,1.34216,1.342215,1.34186,1.34209
1785500100,1.342095,1.342235,1.341865,1.34198
1785500400,1.34198,1.34217,1.34187,1.3419
1785500700,1.341895,1.34207,1.341805,1.341875
1785501000,1.34188,1.34219,1.341455,1.342185
1785501300,1.34219,1.34221,1.34181,1.34196
1785501600,1.341965,1.34216,1.34188,1.341975
1785501900,1.34197,1.342765,1.34197,1.342565
1785502200,1.34256,1.3428,1.34238,1.34262
1785502500,1.342615,1.34263,1.34204,1.34208
1785502800,1.342075,1.342405,1.341965,1.342155
1785503100,1.34216,1.34232,1.34184,1.341905
1785503400,1.3419,1.34195,1.341425,1.3415
1785503700,1.341495,1.341825,1.34095,1.341715
1785504000,1.34171,1.343205,1.34165,1.34313
1785504300,1.34312,1.343325,1.342665,1.343075
1785504600,1.34308,1.343255,1.342005,1.34206
1785504900,1.34206,1.34218,1.340245,1.34032
1785505200,1.340325,1.34123,1.34002,1.341195
1785505500,1.341215,1.341385,1.340555,1.340905
1785505800,1.340915,1.341805,1.340845,1.34172
1785506100,1.341725,1.34213,1.340715,1.34083
1785506400,1.340835,1.34142,1.340195,1.34088
1785506700,1.340885,1.341085,1.34058,1.340715
1785507000,1.34072,1.341715,1.340655,1.341695
1785507300,1.34169,1.34204,1.341245,1.34149
1785507600,1.341485,1.342235,1.34143,1.342085
1785507900,1.34209,1.34235,1.341895,1.34228
1785508200,1.342285,1.342815,1.342265,1.342775
1785508500,1.34278,1.343895,1.34274,1.34383
1785508800,1.343835,1.34458,1.343835,1.34453
1785509100,1.344535,1.345745,1.344495,1.34543
1785509400,1.345425,1.346065,1.34393,1.34509
1785509700,1.345085,1.345865,1.344385,1.34564
1785510000,1.345645,1.34611,1.34537,1.345525
1785510300,1.34552,1.346595,1.345515,1.345855
1785510600,1.345835,1.34634,1.345565,1.346315
1785510900,1.34632,1.34687,1.345865,1.34598
1785511200,1.345975,1.346295,1.34578,1.34607
1785511500,1.346075,1.346715,1.345905,1.346145
1785511800,1.34614,1.346385,1.34586,1.34599
1785512100,1.345985,1.346855,1.34595,1.34659
1785512400,1.3466,1.346835,1.34629,1.346485
1785512700,1.34648,1.346855,1.346265,1.34678
1785513000,1.34679,1.34727,1.34675,1.34702
1785513300,1.347015,1.347085,1.34646,1.34678
1785513600,1.346785,1.34701,1.346355,1.346525
1785513900,1.346515,1.346645,1.346375,1.346585
1785514200,1.34658,1.347085,1.346385,1.3468
1785514500,1.346795,1.347,1.346505,1.34653
1785514800,1.346535,1.346615,1.34618,1.34631
1785515100,1.346325,1.34666,1.346145,1.346295
1785515400,1.346305,1.346555,1.34625,1.34654
1785515700,1.34654,1.34676,1.346465,1.34648
1785516000,1.346475,1.346655,1.34633,1.346395
1785516300,1.346385,1.346625,1.346375,1.34659
1785516600,1.346585,1.346865,1.34651,1.34669
1785516900,1.34668,1.34668,1.346395,1.34647
1785517200,1.346475,1.34677,1.34645,1.34665
1785517500,1.346645,1.34696,1.346555,1.346775
1785517800,1.34677,1.34743,1.346765,1.34722
1785518100,1.347215,1.34722,1.34696,1.34697
1785518400,1.34696,1.347645,1.346895,1.3474
1785518700,1.347395,1.34775,1.347005,1.347705
1785519000,1.34771,1.34825,1.34768,1.34817
1785519300,1.348165,1.348345,1.347895,1.34821
1785519600,1.348215,1.348475,1.34811,1.34841
1785519900,1.34841,1.34843,1.347455,1.3481
1785520200,1.348095,1.34866,1.347995,1.34859
1785520500,1.348585,1.3488,1.34832,1.34836
1785520800,1.348365,1.34883,1.34822,1.34836
1785521100,1.348365,1.3484,1.34789,1.34799
1785521400,1.347995,1.348,1.34754,1.34761
1785521700,1.34761,1.3478,1.34747,1.347705
1785522000,1.3477,1.34798,1.347655,1.34797
1785522300,1.347975,1.34803,1.347675,1.34784
1785522600,1.347845,1.347855,1.347585,1.34768
1785522900,1.347685,1.34787,1.3476,1.34777
1785523200,1.34777,1.347985,1.3477,1.347715
1785523500,1.34771,1.347825,1.347485,1.347605
1785523800,1.34759,1.348,1.34756,1.347915
1785524100,1.34791,1.34832,1.34789,1.34826
1785524400,1.348265,1.34867,1.34826,1.348595
1785524700,1.348605,1.34861,1.34835,1.34846
1785525000,1.34845,1.348515,1.34832,1.348355
1785525300,1.34836,1.34836,1.34815,1.34817
1785525600,1.34817,1.34825,1.348105,1.34814
1785525900,1.348145,1.34837,1.348135,1.348285
1785526200,1.34829,1.34831,1.347935,1.348065
1785526500,1.348065,1.348075,1.347795,1.347955
1785526800,1.34794,1.34866,1.34794,1.348625
1785527100,1.34862,1.348705,1.348305,1.34846
1785527400,1.348465,1.348535,1.348285,1.348395
1785527700,1.348415,1.348495,1.34765,1.34767
1785528000,1.34766,1.34767,1.347405,1.34743
1785528300,1.347425,1.3476,1.3473,1.347495
1785528600,1.34751,1.34786,1.34733,1.34784
1785528900,1.347835,1.34838,1.347795,1.348315
1785529200,1.348325,1.348825,1.348315,1.348695
1785529500,1.348685,1.348815,1.34819,1.34846
1785529800,1.348465,1.348795,1.34834,1.348495
1785530100,1.34849,1.349095,1.34848,1.348885
1785530400,1.34889,1.34916,1.348745,1.349105
1785530700,1.34911,1.349365,1.34905,1.34918
1785531000,1.34917,1.34952,1.34836,1.34917
1785531300,1.34918,1.34918,1.34802,1.34839
1785704400,1.34839,1.349175,1.34839,1.349155
1785704700,1.34933,1.34933,1.349085,1.349155
1785705000,1.349155,1.34936,1.348945,1.34897
1785705300,1.34895,1.34905,1.34895,1.349035
1785705600,1.349035,1.349105,1.34903,1.349035
1785705900,1.349035,1.349075,1.348795,1.34903
1785706200,1.34903,1.34925,1.348925,1.34925
1785706500,1.34925,1.349375,1.34904,1.349115
1785706800,1.349115,1.34927,1.349075,1.349245
1785707100,1.349265,1.34934,1.349215,1.34931
1785707400,1.34931,1.34936,1.34874,1.34907
1785707700,1.34907,1.34931,1.348855,1.34905
1785708000,1.349055,1.35007,1.34898,1.349995
1785708300,1.34999,1.35008,1.349905,1.34996
1785708600,1.34995,1.35062,1.349945,1.3505
1785708900,1.350505,1.350555,1.349685,1.34974
1785709200,1.349745,1.349985,1.34969,1.34979
1785709500,1.349795,1.35004,1.34971,1.35
1785709800,1.350005,1.350075,1.349655,1.34967
1785710100,1.349665,1.350025,1.34966,1.34988
1785710400,1.349875,1.349945,1.34945,1.34955
1785710700,1.34956,1.349685,1.3494,1.349675
1785711000,1.34967,1.34995,1.34963,1.34979
1785711300,1.349795,1.34981,1.349555,1.34958
1785711600,1.349575,1.349755,1.34915,1.34938
1785711900,1.349375,1.34938,1.34905,1.349105
1785712200,1.3491,1.349305,1.34905,1.34923
1785712500,1.34923,1.349275,1.349055,1.349075
1785712800,1.34908,1.3491,1.34895,1.349035
1785713100,1.34904,1.349255,1.34898,1.34919
1785713400,1.349195,1.349345,1.34896,1.349075
1785713700,1.34907,1.349315,1.34904,1.34904
1785714000,1.349045,1.34931,1.34883,1.349265
1785714300,1.349265,1.349265,1.34904,1.34917
1785714600,1.349165,1.34932,1.349095,1.349165
1785714900,1.349175,1.34931,1.34902,1.349115
1785715200,1.34911,1.349155,1.348475,1.348735
1785715500,1.34873,1.34892,1.3485,1.348525
1785715800,1.348525,1.348605,1.348295,1.348415
1785716100,1.348405,1.34875,1.34838,1.34865
1785716400,1.348645,1.34878,1.348365,1.348755
1785716700,1.34875,1.34965,1.34848,1.349445
1785717000,1.34945,1.34997,1.34926,1.34993
1785717300,1.349925,1.350095,1.34939,1.34991
1785717600,1.349915,1.35028,1.349655,1.35011
1785717900,1.350115,1.35023,1.34931,1.34943
1785718200,1.349425,1.349705,1.3489,1.348945
1785718500,1.348935,1.34903,1.34857,1.34875
1785718800,1.348745,1.34916,1.348375,1.34864
1785719100,1.348645,1.348715,1.34783,1.348065
1785719400,1.348075,1.34812,1.34758,1.347585
1785719700,1.34759,1.347755,1.347185,1.34721
1785720000,1.347215,1.347445,1.34709,1.347345
1785720300,1.34735,1.347565,1.347265,1.347275
1785720600,1.347265,1.347495,1.3472,1.347295
1785720900,1.347285,1.34739,1.347075,1.347085
1785721200,1.34708,1.347435,1.34707,1.347405
1785721500,1.3474,1.347405,1.347175,1.347205
1785721800,1.34721,1.347355,1.347025,1.34715
1785722100,1.347165,1.34743,1.347125,1.34737
1785722400,1.347375,1.347655,1.34734,1.347475
1785722700,1.347485,1.34762,1.34719,1.34726
1785723000,1.347265,1.34737,1.34706,1.347085
1785723300,1.34708,1.347385,1.346895,1.34738
1785723600,1.347375,1.34738,1.34699,1.347045
1785723900,1.34705,1.3472,1.346995,1.34716
1785724200,1.34715,1.347265,1.347115,1.34724
1785724500,1.347245,1.34755,1.347205,1.347475
1785724800,1.34748,1.3475,1.34709,1.347115
1785725100,1.34711,1.34722,1.347075,1.347195
1785725400,1.34719,1.34722,1.3469,1.346935
1785725700,1.34693,1.34707,1.346855,1.34701
1785726000,1.347015,1.347115,1.34672,1.346795
1785726300,1.346805,1.34699,1.346785,1.346835
1785726600,1.34683,1.34689,1.346615,1.346815
1785726900,1.34681,1.34682,1.34656,1.346755
1785727200,1.34676,1.346795,1.34663,1.34668
1785727500,1.346675,1.346885,1.346665,1.3468
1785727800,1.346795,1.34681,1.34657,1.34659
1785728100,1.346595,1.346755,1.346385,1.34657
1785728400,1.346565,1.34667,1.34646,1.346565
1785728700,1.34656,1.34672,1.3465,1.34659
1785729000,1.34659,1.34669,1.34656,1.34658
1785729300,1.346565,1.34682,1.34653,1.34676
1785729600,1.346755,1.34701,1.346755,1.34688
1785729900,1.346885,1.346925,1.34669,1.346695
1785730200,1.3467,1.346925,1.346675,1.3469
1785730500,1.346895,1.347,1.346795,1.346825
1785730800,1.34682,1.346885,1.346725,1.34676
1785731100,1.346755,1.34691,1.346735,1.34687
1785731400,1.346875,1.34698,1.346775,1.34697
1785731700,1.346965,1.34721,1.34696,1.347175
1785732000,1.34717,1.347385,1.347025,1.347385
1785732300,1.34738,1.347385,1.347155,1.3472
1785732600,1.347205,1.347215,1.347,1.347115
1785732900,1.347115,1.347235,1.347,1.34721
1785733200,1.347215,1.34741,1.347185,1.3472
1785733500,1.347195,1.347315,1.34698,1.347
1785733800,1.347,1.347215,1.346975,1.34719
1785734100,1.3472,1.34725,1.347105,1.34712
1785734400,1.34712,1.347215,1.34708,1.347175
1785734700,1.34717,1.34725,1.34709,1.347225
1785735000,1.34723,1.3475,1.3472,1.34747
1785735300,1.347475,1.34748,1.34733,1.347365
1785735600,1.34736,1.3476,1.34721,1.347555
1785735900,1.34755,1.347665,1.3473,1.347345
1785736200,1.34734,1.347475,1.34731,1.34747
1785736500,1.347475,1.347775,1.347475,1.3476
1785736800,1.347605,1.347765,1.347465,1.34758
1785737100,1.34758,1.347795,1.34729,1.34738
1785737400,1.34738,1.34772,1.347345,1.347365
1785737700,1.34736,1.347515,1.34723,1.347415
1785738000,1.34742,1.347495,1.34695,1.34714
1785738300,1.347145,1.34722,1.346935,1.34721
1785738600,1.347215,1.347275,1.346405,1.34646
1785738900,1.346465,1.346545,1.346005,1.34619
1785739200,1.346185,1.34625,1.345845,1.34596
1785739500,1.345965,1.34601,1.34575,1.34585
1785739800,1.34585,1.346265,1.34578,1.34616
1785740100,1.346155,1.346345,1.346015,1.34606
1785740400,1.346055,1.34649,1.345985,1.34616
1785740700,1.346155,1.3463,1.345785,1.346045
1785741000,1.34604,1.346495,1.346,1.346475
1785741300,1.34648,1.34662,1.345285,1.34573
1785741600,1.345725,1.34604,1.34559,1.346025
1785741900,1.34603,1.34649,1.346005,1.34642
1785742200,1.346425,1.34698,1.346415,1.34696
1785742500,1.346955,1.347025,1.34671,1.34684
1785742800,1.34683,1.346845,1.346295,1.346545
1785743100,1.34655,1.34661,1.346235,1.34625
1785743400,1.346255,1.3463,1.345925,1.34622
1785743700,1.346215,1.34627,1.345895,1.3461
1785744000,1.346095,1.346125,1.34563,1.345865
1785744300,1.34587,1.346225,1.345865,1.345935
1785744600,1.34593,1.346175,1.345715,1.346115
1785744900,1.34611,1.346115,1.34574,1.34586
1785745200,1.345865,1.3461,1.3456,1.346035
1785745500,1.346015,1.34602,1.345695,1.345725
1785745800,1.34573,1.345925,1.345595,1.345845
1785746100,1.34584,1.34613,1.345705,1.345905
1785746400,1.34591,1.34604,1.345805,1.34589
1785746700,1.345895,1.345905,1.34567,1.345685
1785747000,1.34568,1.345765,1.34538,1.34561
1785747300,1.345605,1.34583,1.34541,1.34547
1785747600,1.34546,1.34562,1.34496,1.34502
1785747900,1.345025,1.345455,1.345015,1.34543
1785748200,1.345435,1.34575,1.345295,1.345435
1785748500,1.34543,1.345435,1.34493,1.345
1785748800,1.345005,1.34552,1.345,1.345475
1785749100,1.34548,1.345515,1.34513,1.34541
1785749400,1.345415,1.34561,1.345265,1.345335
1785749700,1.34534,1.345505,1.3451,1.3454
1785750000,1.3454,1.3457,1.34537,1.34567
1785750300,1.345655,1.34589,1.345445,1.345665
1785750600,1.34567,1.34571,1.34555,1.345655
1785750900,1.34566,1.345835,1.344955,1.34497
1785751200,1.34496,1.34516,1.344795,1.34515
1785751500,1.34516,1.34533,1.345005,1.345305
1785751800,1.345305,1.3454,1.34506,1.345315
1785752100,1.345315,1.34546,1.34486,1.34516
1785752400,1.345165,1.34562,1.34509,1.345615
1785752700,1.345615,1.34577,1.34548,1.34565
1785753000,1.345655,1.346135,1.34545,1.346115
1785753300,1.34611,1.346205,1.34593,1.345985
1785753600,1.345995,1.34608,1.34587,1.34601
1785753900,1.346005,1.346025,1.345575,1.345835
1785754200,1.34583,1.346285,1.345795,1.34604
1785754500,1.346045,1.34618,1.34584,1.34593
1785754800,1.345925,1.346385,1.345915,1.34613
1785755100,1.346135,1.346415,1.3461,1.346375
1785755400,1.34637,1.346515,1.34633,1.346485
1785755700,1.346475,1.346475,1.34609,1.3462
1785756000,1.346205,1.346205,1.34555,1.34562
1785756300,1.345625,1.34591,1.345605,1.34586
1785756600,1.345865,1.34624,1.34577,1.346195
1785756900,1.346195,1.346195,1.34584,1.34597
1785757200,1.345975,1.34634,1.345945,1.3463
1785757500,1.346295,1.346455,1.346245,1.346455
1785757800,1.34646,1.346665,1.346315,1.34641
1785758100,1.346415,1.34678,1.346365,1.34677
1785758400,1.346765,1.347035,1.346635,1.34698
1785758700,1.346975,1.34703,1.346815,1.346965
1785759000,1.346965,1.347015,1.346465,1.34665
1785759300,1.346655,1.34678,1.34647,1.346535
1785759600,1.34653,1.346615,1.34624,1.34649
1785759900,1.346495,1.34661,1.34619,1.34626
1785760200,1.346265,1.34712,1.34623,1.3471
1785760500,1.3471,1.34714,1.34647,1.34667
1785760800,1.346665,1.346695,1.34602,1.34616
1785761100,1.346165,1.34628,1.34585,1.345885
1785761400,1.34589,1.34649,1.34582,1.346275
1785761700,1.346285,1.346555,1.34614,1.346415
1785762000,1.34642,1.346585,1.346165,1.346475
1785762300,1.34647,1.346685,1.34618,1.346385
1785762600,1.34639,1.346715,1.346025,1.34607
1785762900,1.346075,1.346265,1.34589,1.345965
1785763200,1.34597,1.346465,1.34581,1.346015
1785763500,1.346,1.34655,1.34591,1.346545
1785763800,1.34655,1.346555,1.345735,1.3458
1785764100,1.34579,1.34608,1.34548,1.34557
1785764400,1.345575,1.345885,1.345425,1.345595
1785764700,1.345585,1.34561,1.344915,1.345115
1785765000,1.34512,1.34528,1.34479,1.34496
1785765300,1.344965,1.34528,1.34474,1.345255
1785765600,1.345245,1.345635,1.34474,1.34502
1785765900,1.34502,1.345505,1.344925,1.344985
1785766200,1.34499,1.3452,1.344505,1.34451
1785766500,1.344515,1.34554,1.344475,1.34478
1785766800,1.344785,1.34525,1.34475,1.34498
1785767100,1.34497,1.345325,1.344815,1.344995
1785767400,1.345,1.345225,1.3445,1.34482
1785767700,1.34482,1.345275,1.34476,1.344895
1785768000,1.344885,1.34505,1.34428,1.34468
1785768300,1.344675,1.34471,1.3442,1.34467
1785768600,1.344685,1.344965,1.34405,1.34429
1785768900,1.3443,1.34437,1.34372,1.34376
1785769200,1.343755,1.34379,1.34315,1.34316
1785769500,1.343155,1.343495,1.342885,1.342975
1785769800,1.34297,1.34304,1.34248,1.342675
1785770100,1.34267,1.342935,1.342605,1.342865
1785770400,1.34286,1.34298,1.34263,1.34278
1785770700,1.342785,1.342835,1.34236,1.34247
1785771000,1.342485,1.34295,1.342435,1.34281
1785771300,1.342815,1.342975,1.34226,1.34277
1785771600,1.342765,1.34295,1.342555,1.342605
1785771900,1.3426,1.342975,1.342455,1.34288
1785772200,1.342875,1.343165,1.342815,1.34312
1785772500,1.34314,1.34347,1.34303,1.343395
1785772800,1.34339,1.34363,1.34329,1.34351
1785773100,1.343515,1.343575,1.34309,1.343295
1785773400,1.3433,1.343475,1.343045,1.343175
1785773700,1.343175,1.34318,1.342625,1.342805
1785774000,1.34281,1.34302,1.3427,1.342805
1785774300,1.3428,1.34304,1.342685,1.342705
1785774600,1.3427,1.342875,1.342485,1.34282
1785774900,1.342815,1.342975,1.34275,1.342975
1785775200,1.34298,1.343045,1.34283,1.342875
1785775500,1.34287,1.342925,1.34251,1.342595
1785775800,1.34259,1.34283,1.342535,1.3427
1785776100,1.342695,1.342905,1.34248,1.342525
1785776400,1.34253,1.34263,1.34239,1.342485
1785776700,1.34249,1.342735,1.34247,1.34258
1785777000,1.342585,1.34267,1.34249,1.342615
1785777300,1.34261,1.34261,1.342185,1.342355
1785777600,1.34235,1.34254,1.34232,1.34237
1785777900,1.342355,1.342545,1.34234,1.34243
1785778200,1.342435,1.34257,1.34237,1.34249
1785778500,1.342495,1.34254,1.342225,1.34225
1785778800,1.34225,1.342385,1.34222,1.342305
1785779100,1.342295,1.342515,1.34223,1.34232
1785779400,1.342315,1.342325,1.34201,1.342095
1785779700,1.34209,1.34212,1.341865,1.34191
1785780000,1.341905,1.341975,1.34175,1.34184
1785780300,1.341845,1.34219,1.34182,1.34219
1785780600,1.34221,1.342295,1.342075,1.342085
1785780900,1.342085,1.342615,1.342085,1.342595
1785781200,1.342585,1.34271,1.34252,1.34258
1785781500,1.342585,1.34265,1.34251,1.34261
1785781800,1.342605,1.342745,1.34258,1.34271
1785782100,1.342715,1.34279,1.34254,1.342545
1785782400,1.34255,1.34293,1.3425,1.342925
1785782700,1.34292,1.343045,1.34281,1.343035
1785783000,1.34303,1.34324,1.342935,1.34322
1785783300,1.343215,1.34322,1.34288,1.34312
1785783600,1.34311,1.343415,1.34305,1.34338
1785783900,1.343375,1.34344,1.343165,1.343195
1785784200,1.343195,1.343325,1.343115,1.3433
1785784500,1.343295,1.3434,1.34321,1.34328
1785784800,1.343275,1.34341,1.343255,1.343405
1785785100,1.3434,1.343435,1.343275,1.3433
1785785400,1.343295,1.343315,1.343095,1.34317
1785785700,1.343175,1.343275,1.34317,1.3432
1785786000,1.3432,1.343315,1.343115,1.34324
1785786300,1.343235,1.343345,1.34313,1.34333
1785786600,1.343335,1.34335,1.34318,1.34321
1785786900,1.3432,1.34325,1.34307,1.343115
1785787200,1.343105,1.343225,1.343065,1.343205
1785787500,1.3432,1.3433,1.3431,1.343115
1785787800,1.34311,1.343135,1.34293,1.34295
1785788100,1.342945,1.34297,1.342835,1.342885
1785788400,1.342885,1.343175,1.34287,1.3431
1785788700,1.343105,1.343105,1.342825,1.342915
1785789000,1.34291,1.343065,1.342875,1.34305
1785789300,1.343045,1.34318,1.34303,1.343095
1785789600,1.343095,1.343145,1.34308,1.3431
1785789900,1.343105,1.343145,1.343075,1.343085
1785790200,1.34309,1.3431,1.34301,1.34304
1785790500,1.343035,1.343405,1.343035,1.34325
1785790800,1.34325,1.34325,1.34282,1.343015
1785791100,1.34284,1.343395,1.342665,1.343105
1785791400,1.343105,1.34323,1.34302,1.34302
1785791700,1.34302,1.34316,1.342835,1.342905
1785792000,1.3429,1.342995,1.34286,1.342895
1785792300,1.342895,1.34302,1.3428,1.342885
1785792600,1.342885,1.343135,1.34288,1.343035
1785792900,1.343035,1.343035,1.34283,1.34289
1785793200,1.342885,1.343165,1.34284,1.343055
1785793500,1.343035,1.343175,1.34279,1.343065
1785793800,1.343055,1.34311,1.34286,1.342915
1785794100,1.342905,1.343165,1.342865,1.343115
1785794400,1.342895,1.34324,1.342865,1.342895
1785794700,1.3429,1.34291,1.342885,1.34289
1785795000,1.34289,1.342995,1.34279,1.342815
1785795300,1.34282,1.342995,1.342805,1.342955
1785795600,1.34296,1.342995,1.342875,1.342895
1785795900,1.342895,1.3429,1.342835,1.342845
1785796200,1.34284,1.342995,1.34281,1.342895
1785796500,1.34289,1.342915,1.34283,1.34286
1785796800,1.34286,1.343015,1.34284,1.342985
1785797100,1.342985,1.34301,1.342935,1.343005
1785797400,1.343005,1.343075,1.342985,1.343065
1785797700,1.343055,1.343055,1.342975,1.343
1785798000,1.343,1.34307,1.342885,1.34291
1785798300,1.34291,1.34301,1.3429,1.34299
1785798600,1.342985,1.34302,1.34298,1.343015
1785798900,1.34301,1.343115,1.34301,1.343015
1785799200,1.343015,1.343015,1.342925,1.342925
1785799500,1.342925,1.343,1.342905,1.342915
1785799800,1.342915,1.34296,1.342885,1.3429
1785800100,1.3429,1.3429,1.3427,1.3428
1785800400,1.3428,1.34281,1.34261,1.34269
1785800700,1.34269,1.34271,1.342435,1.34267
1785801000,1.34267,1.342835,1.34261,1.342625
1785801300,1.342625,1.34273,1.342595,1.3427
1785801600,1.342695,1.34291,1.34257,1.34279
1785801900,1.34279,1.343185,1.342675,1.34317
1785802200,1.343175,1.34322,1.34268,1.34273
1785802500,1.34273,1.342905,1.342675,1.34281
1785802800,1.342815,1.343025,1.342785,1.34295
1785803100,1.342945,1.34298,1.34282,1.342875
1785803400,1.34288,1.343185,1.342745,1.343125
1785803700,1.34313,1.343295,1.343055,1.343225
1785804000,1.34323,1.34323,1.34302,1.34314
1785804300,1.343135,1.34314,1.34282,1.342825
1785804600,1.34283,1.34294,1.342615,1.342875
1785804900,1.34288,1.34292,1.342375,1.342425
1785805200,1.34242,1.34242,1.34203,1.342205
1785805500,1.34221,1.342325,1.34208,1.342205
1785805800,1.3422,1.342495,1.34219,1.342355
1785806100,1.34235,1.342655,1.34232,1.342625
1785806400,1.34262,1.34267,1.342405,1.34261
1785806700,1.342605,1.34271,1.342445,1.342505
1785807000,1.34251,1.34293,1.342495,1.3429
1785807300,1.342905,1.34292,1.342705,1.34286
1785807600,1.342865,1.34312,1.34283,1.343115
1785807900,1.3431,1.343125,1.34287,1.342875
1785808200,1.34287,1.343005,1.34276,1.34291
1785808500,1.342905,1.343,1.34275,1.34277
1785808800,1.342765,1.343035,1.342605,1.342635
1785809100,1.34264,1.34298,1.342565,1.34291
1785809400,1.342915,1.34319,1.34278,1.34304
1785809700,1.343045,1.34318,1.343025,1.34306
1785810000,1.343055,1.343135,1.34282,1.342825
1785810300,1.34282,1.342915,1.342595,1.342775
1785810600,1.34278,1.3429,1.342685,1.34278
1785810900,1.34278,1.34301,1.342765,1.342935
1785811200,1.34293,1.34303,1.342885,1.343
1785811500,1.343,1.34324,1.342965,1.343205
1785811800,1.3432,1.343295,1.34299,1.343
1785812100,1.343,1.34302,1.34266,1.342715
1785812400,1.34271,1.34313,1.3427,1.34282
1785812700,1.34282,1.34283,1.34263,1.34272
1785813000,1.34272,1.342875,1.342715,1.34275
1785813300,1.34275,1.342965,1.342705,1.34282
1785813600,1.342825,1.34307,1.34282,1.343065
1785813900,1.34308,1.343145,1.343,1.34309
1785814200,1.34308,1.34322,1.34302,1.34311
1785814500,1.34309,1.34331,1.34272,1.34272
1785814800,1.34272,1.342725,1.3425,1.34257
1785815100,1.34257,1.342675,1.342535,1.34263
1785815400,1.342635,1.342795,1.342625,1.342785
1785815700,1.34278,1.342785,1.342585,1.342625
1785816000,1.34263,1.342705,1.34254,1.342565
1785816300,1.342565,1.34258,1.34239,1.34251
1785816600,1.342515,1.34256,1.34237,1.34251
1785816900,1.34251,1.342595,1.34251,1.34254
1785817200,1.342545,1.34259,1.34248,1.34259
1785817500,1.34259,1.34266,1.342465,1.34247
1785817800,1.34247,1.342585,1.34247,1.3425
1785818100,1.342505,1.34251,1.34237,1.342495
1785818400,1.3425,1.34254,1.342425,1.34243
1785818700,1.34243,1.34258,1.34243,1.34251
1785819000,1.342505,1.342625,1.34241,1.34261
1785819300,1.342605,1.342715,1.34257,1.3426
1785819600,1.342605,1.342615,1.342455,1.342565
1785819900,1.34256,1.3426,1.342405,1.34242
1785820200,1.342415,1.34244,1.342175,1.3422
1785820500,1.342205,1.342265,1.342105,1.34225
1785820800,1.34226,1.342475,1.34222,1.34247
1785821100,1.342465,1.342525,1.342435,1.3425
1785821400,1.342505,1.34267,1.34232,1.34236
1785821700,1.342365,1.342405,1.342155,1.34219
1785822000,1.34219,1.342245,1.34207,1.342135
1785822300,1.34214,1.34216,1.341965,1.34213
1785822600,1.342135,1.34221,1.34208,1.342155
1785822900,1.34216,1.34267,1.34214,1.342515
1785823200,1.34251,1.34255,1.34231,1.34245
1785823500,1.342455,1.342625,1.34232,1.34258
1785823800,1.342575,1.34277,1.342355,1.34277
1785824100,1.342775,1.34294,1.342575,1.342725
1785824400,1.34272,1.343225,1.34271,1.343105
1785824700,1.34311,1.34324,1.342735,1.342765
1785825000,1.34276,1.34321,1.342675,1.34313
1785825300,1.343125,1.34323,1.34295,1.342955
1785825600,1.342945,1.343005,1.342705,1.34282
1785825900,1.342815,1.343,1.342705,1.34289
1785826200,1.34289,1.342925,1.34268,1.3427
1785826500,1.342695,1.34302,1.34269,1.342835
1785826800,1.34284,1.343305,1.34272,1.3433
1785827100,1.343295,1.343305,1.342875,1.343195
1785827400,1.34319,1.343315,1.34308,1.34318
1785827700,1.34318,1.34351,1.343095,1.34342
1785828000,1.343425,1.34389,1.34339,1.343865
1785828300,1.34387,1.343885,1.343285,1.343415
1785828600,1.343415,1.34375,1.34332,1.343665
1785828900,1.34366,1.343765,1.34333,1.343535
1785829200,1.34354,1.343635,1.343365,1.34342
1785829500,1.343415,1.34352,1.343185,1.343385
1785829800,1.34339,1.34382,1.34336,1.34372
1785830100,1.343715,1.34383,1.34356,1.34361
1785830400,1.343615,1.343895,1.34358,1.34374
1785830700,1.343745,1.34381,1.343485,1.343645
1785831000,1.343655,1.343655,1.343285,1.34341
1785831300,1.34341,1.343715,1.34335,1.34344
1785831600,1.343445,1.34367,1.343395,1.34352
1785831900,1.343515,1.344005,1.343285,1.343895
1785832200,1.34389,1.343915,1.343395,1.343625
1785832500,1.343625,1.343795,1.3434,1.343795
1785832800,1.34379,1.34409,1.343755,1.344035
1785833100,1.344035,1.344115,1.34358,1.344015
1785833400,1.344015,1.34415,1.343985,1.34401
1785833700,1.344005,1.34424,1.343915,1.34421
1785834000,1.344215,1.34426,1.34389,1.343915
1785834300,1.34391,1.34396,1.34361,1.34392
1785834600,1.343915,1.344075,1.34372,1.344
1785834900,1.343995,1.34407,1.34384,1.34405
1785835200,1.344045,1.34416,1.34389,1.34411
1785835500,1.344115,1.34429,1.344075,1.344215
1785835800,1.34422,1.34426,1.34395,1.344225
1785836100,1.34423,1.34424,1.34387,1.343885
1785836400,1.34389,1.34403,1.34388,1.343935
1785836700,1.34394,1.344275,1.34377,1.34417
1785837000,1.34417,1.344195,1.34385,1.343925
1785837300,1.34392,1.344185,1.34387,1.344165
1785837600,1.34417,1.344315,1.34405,1.34422
1785837900,1.34422,1.34447,1.34411,1.34426
1785838200,1.344255,1.344385,1.34424,1.34435
1785838500,1.344345,1.344345,1.34396,1.344005
1785838800,1.344,1.344205,1.344,1.344125
1785839100,1.34413,1.344195,1.34392,1.343975
1785839400,1.34398,1.344125,1.34375,1.343815
1785839700,1.34381,1.34411,1.34378,1.343855
1785840000,1.343855,1.3447,1.34379,1.344395
1785840300,1.34439,1.34486,1.34438,1.344555
1785840600,1.34455,1.34455,1.344195,1.344375
1785840900,1.344365,1.344505,1.34423,1.34427
1785841200,1.344275,1.344355,1.344105,1.34417
1785841500,1.344165,1.344255,1.34401,1.344185
1785841800,1.34417,1.34447,1.34414,1.344375
1785842100,1.34438,1.344555,1.344355,1.34444
1785842400,1.344435,1.344785,1.344435,1.344655
1785842700,1.34465,1.344965,1.34463,1.34495
1785843000,1.344955,1.345345,1.34486,1.345115
1785843300,1.345125,1.34543,1.345025,1.345385
1785843600,1.34539,1.345485,1.344815,1.34522
1785843900,1.34521,1.345255,1.344565,1.34462
1785844200,1.344615,1.344925,1.34446,1.34452
1785844500,1.344515,1.345,1.34448,1.34467
1785844800,1.344675,1.34494,1.344505,1.34456
1785845100,1.344565,1.34477,1.34445,1.34458
1785845400,1.344585,1.344825,1.344575,1.34462
1785845700,1.344625,1.34477,1.344505,1.344595
1785846000,1.3446,1.344805,1.34444,1.34479
1785846300,1.34479,1.3449,1.344495,1.344505
1785846600,1.34451,1.345165,1.34451,1.345105
1785846900,1.3451,1.34532,1.34505,1.34522
1785847200,1.34522,1.345415,1.34515,1.34525
1785847500,1.345245,1.34526,1.344845,1.3449
1785847800,1.34489,1.34498,1.34434,1.34438
1785848100,1.344385,1.344485,1.344165,1.34428
1785848400,1.344285,1.34442,1.34386,1.343955
1785848700,1.34396,1.3441,1.343885,1.3439
1785849000,1.3439,1.344225,1.34389,1.344175
1785849300,1.34418,1.344235,1.34377,1.34385
1785849600,1.34384,1.34509,1.343775,1.3447
1785849900,1.34469,1.34479,1.344285,1.344285
1785850200,1.34428,1.3447,1.344255,1.34469
1785850500,1.344685,1.344895,1.344565,1.344875
1785850800,1.34489,1.345035,1.34477,1.34495
1785851100,1.344945,1.34523,1.344855,1.34497
1785851400,1.344975,1.345025,1.344585,1.344815
1785851700,1.34481,1.344905,1.344495,1.34475
1785852000,1.34477,1.345105,1.34467,1.34507
1785852300,1.345075,1.34553,1.344875,1.34527
1785852600,1.345275,1.34538,1.345095,1.345155
1785852900,1.34516,1.34556,1.34506,1.345075
1785853200,1.34508,1.345395,1.34497,1.34518
1785853500,1.345185,1.345315,1.345095,1.34515
1785853800,1.345145,1.34528,1.344965,1.345025
1785854100,1.345015,1.345385,1.34472,1.34508
1785854400,1.345075,1.3454,1.345035,1.34514
1785854700,1.345135,1.34514,1.344495,1.34471
1785855000,1.344705,1.34513,1.344595,1.34463
1785855300,1.344635,1.34477,1.344255,1.34473
1785855600,1.344725,1.344885,1.34449,1.344815
1785855900,1.34482,1.344865,1.34454,1.34458
1785856200,1.34459,1.34473,1.344395,1.344425
1785856500,1.34442,1.344455,1.34419,1.344235
1785856800,1.34424,1.344495,1.34421,1.34446
1785857100,1.344455,1.34464,1.34439,1.34459
1785857400,1.344585,1.34469,1.344415,1.34447
1785857700,1.344475,1.345105,1.344205,1.344855
1785858000,1.344865,1.345015,1.34478,1.344985
1785858300,1.34499,1.345215,1.34491,1.34503
1785858600,1.345035,1.34533,1.34499,1.345185
1785858900,1.345185,1.34554,1.34518,1.34542
1785859200,1.345415,1.3455,1.34499,1.345055
1785859500,1.34506,1.345095,1.344805,1.345075
1785859800,1.345075,1.345615,1.34507,1.345285
1785860100,1.34528,1.345335,1.344985,1.345255
1785860400,1.34525,1.34539,1.34504,1.34506
1785860700,1.34505,1.34531,1.345025,1.34512
1785861000,1.34511,1.345115,1.344905,1.344925
1785861300,1.34493,1.344975,1.344745,1.34478
1785861600,1.34479,1.344945,1.34467,1.34492
1785861900,1.344925,1.345055,1.34477,1.34486
1785862200,1.344855,1.344915,1.34461,1.344635
1785862500,1.34463,1.3447,1.34455,1.344625
1785862800,1.34463,1.34485,1.344585,1.344665
1785863100,1.34467,1.34477,1.34446,1.34447
1785863400,1.344465,1.34467,1.3444,1.34465
1785863700,1.34466,1.34467,1.344255,1.34438
1785864000,1.344375,1.34452,1.344265,1.34432
1785864300,1.344315,1.34438,1.34418,1.344225
1785864600,1.344225,1.344285,1.344085,1.34415
1785864900,1.344155,1.34435,1.34415,1.344325
1785865200,1.34433,1.34456,1.34429,1.34451
1785865500,1.344515,1.344555,1.34439,1.34449
1785865800,1.34449,1.344515,1.34436,1.344425
1785866100,1.34442,1.34457,1.344315,1.344325
1785866400,1.34433,1.34442,1.34418,1.344305
1785866700,1.3443,1.34444,1.34428,1.34431
1785867000,1.3443,1.3443,1.34408,1.34412
1785867300,1.344115,1.34421,1.344065,1.34415
1785867600,1.344145,1.344335,1.344075,1.34421
1785867900,1.344215,1.34423,1.34409,1.344125
1785868200,1.34413,1.34415,1.343965,1.344065
1785868500,1.344065,1.344195,1.344065,1.34419
1785868800,1.344185,1.34433,1.34409,1.34431
1785869100,1.344305,1.344405,1.344305,1.344395
1785869400,1.34439,1.34489,1.344385,1.34478
1785869700,1.344775,1.345295,1.344775,1.34513
1785870000,1.345135,1.34528,1.34509,1.34511
1785870300,1.345105,1.3454,1.34509,1.34532
1785870600,1.345315,1.345385,1.345025,1.34503
1785870900,1.34503,1.345125,1.34496,1.344975
1785871200,1.344965,1.345085,1.3449,1.344965
1785871500,1.34497,1.345135,1.3449,1.34512
1785871800,1.345115,1.345165,1.344885,1.34493
1785872100,1.34493,1.345135,1.344865,1.34511
1785872400,1.345105,1.34514,1.345,1.34503
1785872700,1.345035,1.3451,1.34499,1.34502
1785873000,1.345035,1.345075,1.34487,1.344965
1785873300,1.34496,1.34512,1.344915,1.34503
1785873600,1.345025,1.34518,1.34501,1.34512
1785873900,1.345125,1.345225,1.34509,1.34519
1785874200,1.345185,1.34524,1.34516,1.345165
1785874500,1.345155,1.34531,1.3451,1.34521
1785874800,1.34521,1.3454,1.345205,1.34531
1785875100,1.34532,1.34541,1.345255,1.34526
1785875400,1.345255,1.34526,1.34516,1.345195
1785875700,1.345195,1.345215,1.345085,1.345095
1785876000,1.3451,1.345115,1.345065,1.34509
1785876300,1.345075,1.34518,1.34507,1.345175
1785876600,1.34516,1.34519,1.345075,1.345175
1785876900,1.34517,1.34545,1.34516,1.3452
1785877200,1.3452,1.3452,1.344555,1.344755
1785877500,1.344645,1.34509,1.34461,1.34474
1785877800,1.34474,1.344885,1.34462,1.34488
1785878100,1.3449,1.34548,1.344815,1.345415
1785878400,1.34542,1.34542,1.3448,1.344935
1785878700,1.344935,1.34507,1.34487,1.344905
1785879000,1.344915,1.345085,1.344805,1.34485
1785879300,1.34485,1.344955,1.344645,1.344845
1785879600,1.34485,1.34489,1.34479,1.34489
1785879900,1.34482,1.34489,1.344655,1.34489
1785880200,1.34489,1.3453,1.344865,1.34521
1785880500,1.34521,1.3453,1.34492,1.345
1785880800,1.34497,1.345245,1.344775,1.344885
1785881100,1.344885,1.34505,1.344875,1.34499
1785881400,1.34499,1.345095,1.344985,1.345095
1785881700,1.34509,1.34509,1.345015,1.34503
1785882000,1.345025,1.345075,1.344985,1.34505
1785882300,1.34506,1.345075,1.34501,1.345065
1785882600,1.34507,1.345165,1.345065,1.345165
1785882900,1.345165,1.345265,1.34515,1.345235
1785883200,1.345225,1.345275,1.345185,1.345185
1785883500,1.3452,1.345235,1.344945,1.345015
1785883800,1.345005,1.345095,1.345005,1.34505
1785884100,1.34505,1.34518,1.345005,1.34513
1785884400,1.345135,1.34516,1.344815,1.34499
1785884700,1.344985,1.345215,1.344985,1.34519
1785885000,1.345185,1.3452,1.34505,1.345085
1785885300,1.34508,1.345115,1.344975,1.344975
1785885600,1.344975,1.345005,1.344925,1.344985
1785885900,1.344975,1.344995,1.344875,1.344885
1785886200,1.344895,1.344945,1.344875,1.344885
1785886500,1.344885,1.344895,1.344775,1.344875
1785886800,1.344875,1.344885,1.344755,1.344795
1785887100,1.344795,1.344915,1.344795,1.34491
1785887400,1.344905,1.34498,1.34483,1.344875
1785887700,1.344875,1.34511,1.344875,1.345035
1785888000,1.34504,1.34519,1.34494,1.345095
1785888300,1.3451,1.34528,1.34509,1.345175
1785888600,1.34518,1.34518,1.34498,1.34513
1785888900,1.345135,1.3453,1.34508,1.345205
1785889200,1.34521,1.34559,1.3452,1.34548
1785889500,1.34548,1.34554,1.345415,1.34551
1785889800,1.345505,1.34562,1.3454,1.345405
1785890100,1.3454,1.345545,1.345305,1.34553
1785890400,1.34553,1.345555,1.34519,1.34519
1785890700,1.34519,1.345205,1.34488,1.34488
1785891000,1.34489,1.34526,1.34488,1.34524
1785891300,1.34523,1.345315,1.344975,1.345065
1785891600,1.34507,1.34512,1.344745,1.344815
1785891900,1.34481,1.345115,1.3448,1.345095
1785892200,1.3451,1.34512,1.344795,1.344915
1785892500,1.344925,1.345015,1.344865,1.344985
1785892800,1.34499,1.344995,1.344555,1.34458
1785893100,1.34457,1.34463,1.34448,1.344625
1785893400,1.34463,1.34468,1.344505,1.344645
1785893700,1.34464,1.34466,1.344495,1.34453
1785894000,1.344535,1.344565,1.3444,1.34454
1785894300,1.344545,1.344655,1.34447,1.344505
1785894600,1.344495,1.3447,1.344465,1.3446
1785894900,1.344605,1.34466,1.34454,1.34457
1785895200,1.344565,1.344955,1.34451,1.344715
1785895500,1.34471,1.34506,1.34467,1.344915
1785895800,1.34491,1.34492,1.344715,1.344815
1785896100,1.344825,1.344915,1.34472,1.34491
1785896400,1.344905,1.3452,1.344895,1.345125
1785896700,1.345125,1.345385,1.345115,1.34513
1785897000,1.345125,1.34537,1.345085,1.34531
1785897300,1.34531,1.345595,1.345235,1.34545
1785897600,1.345455,1.34581,1.345435,1.34579
1785897900,1.345785,1.34582,1.345575,1.345595
1785898200,1.345605,1.34563,1.345425,1.34553
1785898500,1.345535,1.345705,1.34531,1.34532
1785898800,1.345325,1.345735,1.345295,1.345705
1785899100,1.345705,1.34596,1.34569,1.34594
1785899400,1.345945,1.345975,1.34587,1.345905
1785899700,1.345905,1.34596,1.345815,1.34582
1785900000,1.34582,1.345895,1.345735,1.345835
1785900300,1.345835,1.345835,1.345615,1.34565
1785900600,1.345655,1.34566,1.34553,1.34561
1785900900,1.345615,1.345635,1.345525,1.34553
1785901200,1.345525,1.34559,1.34549,1.34553
1785901500,1.345535,1.345635,1.34551,1.34553
1785901800,1.345535,1.345685,1.345535,1.3456
1785902100,1.345605,1.345645,1.345535,1.34557
1785902400,1.345565,1.345805,1.34556,1.345745
1785902700,1.34573,1.345875,1.34573,1.345825
1785903000,1.345825,1.34585,1.34572,1.3458
1785903300,1.3458,1.34597,1.34575,1.34589
1785903600,1.345895,1.345985,1.345855,1.345925
1785903900,1.34593,1.34596,1.345795,1.34591
1785904200,1.345905,1.345955,1.34578,1.34578
1785904500,1.345785,1.345865,1.34561,1.345715
1785904800,1.345715,1.345805,1.345625,1.345635
1785905100,1.345635,1.34574,1.34558,1.345595
1785905400,1.34559,1.345635,1.345395,1.345425
1785905700,1.34543,1.345575,1.34537,1.345485
1785906000,1.34548,1.345485,1.345115,1.34517
1785906300,1.345175,1.34533,1.34517,1.3453
1785906600,1.3453,1.345415,1.34522,1.34541
1785906900,1.345415,1.3455,1.34538,1.3455
1785907200,1.345495,1.345515,1.345405,1.345485
1785907500,1.34548,1.34562,1.34543,1.34544
1785907800,1.345445,1.345635,1.34544,1.345465
1785908100,1.34547,1.34567,1.345425,1.34562
1785908400,1.345625,1.345625,1.345545,1.34559
1785908700,1.345585,1.345845,1.34556,1.34568
1785909000,1.345675,1.345735,1.345395,1.345485
1785909300,1.34549,1.345775,1.34549,1.345605
1785909600,1.3456,1.345785,1.34552,1.345775
1785909900,1.345785,1.345805,1.345675,1.34578
1785910200,1.345785,1.34592,1.34573,1.34577
1785910500,1.345745,1.345745,1.345145,1.34532
1785910800,1.34533,1.34552,1.345295,1.34549
1785911100,1.34548,1.34548,1.345215,1.34537
1785911400,1.34536,1.345545,1.34509,1.345505
1785911700,1.34551,1.346055,1.34549,1.346035
1785912000,1.34603,1.34642,1.34597,1.34636
1785912300,1.346355,1.346655,1.34633,1.34654
1785912600,1.346545,1.34657,1.346295,1.346335
1785912900,1.34633,1.34678,1.34631,1.34671
1785913200,1.3467,1.34693,1.346265,1.346275
1785913500,1.34628,1.3465,1.34612,1.346225
1785913800,1.34623,1.34632,1.34573,1.34582
1785914100,1.345825,1.346085,1.3458,1.34602
1785914400,1.346015,1.346235,1.34594,1.34598
1785914700,1.345975,1.346135,1.34579,1.34583
1785915000,1.345835,1.34601,1.34575,1.346
1785915300,1.345995,1.346095,1.34581,1.34603
1785915600,1.346035,1.346385,1.346015,1.3462
1785915900,1.346205,1.346215,1.345985,1.34607
1785916200,1.346075,1.346195,1.34598,1.346065
1785916500,1.346075,1.346825,1.346075,1.346795
1785916800,1.3468,1.34706,1.34654,1.346595
1785917100,1.34659,1.346595,1.34626,1.346355
1785917400,1.34636,1.346425,1.346085,1.346115
1785917700,1.346105,1.346785,1.3461,1.34668
1785918000,1.34669,1.346815,1.34647,1.34656
1785918300,1.346565,1.34673,1.3465,1.346725
1785918600,1.346735,1.34696,1.3466,1.34661
1785918900,1.346605,1.34668,1.346005,1.346035
1785919200,1.34604,1.346075,1.34564,1.34583
1785919500,1.345825,1.345825,1.34542,1.345595
1785919800,1.34559,1.345765,1.345415,1.34547
1785920100,1.345475,1.345895,1.345375,1.34566
1785920400,1.345665,1.346,1.34549,1.345695
1785920700,1.345695,1.346085,1.345685,1.34601
1785921000,1.346015,1.346125,1.345875,1.346
1785921300,1.346,1.34609,1.34585,1.34591
1785921600,1.345915,1.346225,1.345875,1.34608
1785921900,1.34607,1.346405,1.34607,1.34633
1785922200,1.346335,1.346475,1.346105,1.346425
1785922500,1.34642,1.34673,1.346395,1.34668
1785922800,1.346675,1.3467,1.346495,1.3466
1785923100,1.3466,1.34669,1.34645,1.34652
1785923400,1.346525,1.34671,1.346495,1.346665
1785923700,1.34667,1.34678,1.3465,1.34668
1785924000,1.346675,1.34699,1.34663,1.34682
1785924300,1.346825,1.346905,1.34665,1.34668
1785924600,1.346685,1.34672,1.34638,1.34651
1785924900,1.346505,1.346895,1.346435,1.346875
1785925200,1.34687,1.3469,1.34649,1.346565
1785925500,1.346555,1.346675,1.34637,1.3465
1785925800,1.346505,1.346585,1.34631,1.3464
1785926100,1.346395,1.34655,1.346335,1.346435
1785926400,1.34643,1.346635,1.3463,1.34648
1785926700,1.346485,1.346575,1.34633,1.346385
1785927000,1.34639,1.34659,1.34633,1.346535
1785927300,1.34654,1.346795,1.346505,1.34671
1785927600,1.346715,1.347055,1.34671,1.34702
1785927900,1.347025,1.347185,1.346995,1.347175
1785928200,1.347175,1.347575,1.347105,1.347575
1785928500,1.34757,1.347675,1.347325,1.347665
1785928800,1.34767,1.34791,1.34761,1.34762
1785929100,1.347615,1.34797,1.347515,1.34754
1785929400,1.347545,1.347945,1.347455,1.34787
1785929700,1.34787,1.348235,1.347835,1.348055
1785930000,1.34806,1.348255,1.34786,1.347955
1785930300,1.34795,1.348015,1.347695,1.347795
1785930600,1.34779,1.34798,1.347705,1.347875
1785930900,1.34788,1.348115,1.347825,1.347895
1785931200,1.34789,1.34815,1.34771,1.34805
1785931500,1.34806,1.348085,1.3478,1.34786
1785931800,1.347865,1.347885,1.3474,1.347535
1785932100,1.34754,1.348065,1.34751,1.34791
1785932400,1.347905,1.34838,1.347905,1.348195
1785932700,1.34819,1.348235,1.34803,1.34817
1785933000,1.348175,1.3483,1.347625,1.347705
1785933300,1.347705,1.348385,1.347655,1.34807
1785933600,1.348075,1.348095,1.34745,1.3475
1785933900,1.347505,1.34751,1.34731,1.347505
1785934200,1.34751,1.347645,1.34703,1.347075
1785934500,1.34708,1.347185,1.34671,1.34698
1785934800,1.346975,1.347225,1.34678,1.34717
1785935100,1.347165,1.347275,1.34702,1.347105
1785935400,1.34711,1.347215,1.34697,1.347025
1785935700,1.34702,1.34711,1.346635,1.346835
1785936000,1.34683,1.34718,1.346685,1.34711
1785936300,1.347105,1.347465,1.34704,1.347415
1785936600,1.34741,1.347615,1.34727,1.34731
1785936900,1.347305,1.34751,1.346715,1.34721
1785937200,1.347215,1.347255,1.34664,1.34671
1785937500,1.346715,1.346745,1.34597,1.346195
1785937800,1.3462,1.346625,1.34602,1.346595
1785938100,1.34659,1.34691,1.34623,1.346475
1785938400,1.34645,1.3474,1.346425,1.34729
1785938700,1.347295,1.3482,1.347295,1.34792
1785939000,1.34793,1.348165,1.347495,1.347835
1785939300,1.34783,1.348575,1.34778,1.348385
1785939600,1.34839,1.348615,1.348,1.348175
1785939900,1.34818,1.34854,1.347965,1.348025
1785940200,1.34803,1.348095,1.3475,1.347565
1785940500,1.34756,1.34787,1.34756,1.347635
1785940800,1.34763,1.347915,1.34749,1.347715
1785941100,1.34771,1.347825,1.347435,1.347815
1785941400,1.34781,1.347815,1.346975,1.34727
1785941700,1.34728,1.34792,1.34703,1.347855
1785942000,1.34786,1.34833,1.347595,1.3477
1785942300,1.347695,1.34774,1.3473,1.3475
1785942600,1.347495,1.34753,1.346975,1.346975
1785942900,1.34696,1.34696,1.346585,1.346785
1785943200,1.34678,1.34694,1.346695,1.34672
1785943500,1.346715,1.346925,1.34661,1.34677
1785943800,1.346765,1.346835,1.346365,1.346405
1785944100,1.34641,1.34682,1.34639,1.3468
1785944400,1.3468,1.346925,1.346565,1.34661
1785944700,1.34661,1.346615,1.3457,1.34571
1785945000,1.345715,1.34594,1.345715,1.34593
1785945300,1.345935,1.34644,1.345815,1.346205
1785945600,1.3462,1.34638,1.34605,1.346125
1785945900,1.34612,1.346485,1.34596,1.34644
1785946200,1.346435,1.34658,1.346245,1.34641
1785946500,1.346405,1.346735,1.346255,1.34661
1785946800,1.34661,1.346775,1.346505,1.346565
1785947100,1.34656,1.346595,1.346415,1.346445
1785947400,1.34644,1.34648,1.3462,1.346315
1785947700,1.346315,1.346425,1.346255,1.3463
1785948000,1.3463,1.34637,1.34616,1.34633
1785948300,1.346325,1.34635,1.34601,1.34611
1785948600,1.346105,1.346315,1.3461,1.346275
1785948900,1.34628,1.34628,1.3459,1.34599
1785949200,1.345985,1.34611,1.345695,1.34582
1785949500,1.345815,1.345825,1.34552,1.345625
1785949800,1.34563,1.345895,1.34562,1.345845
1785950100,1.34585,1.346045,1.345815,1.34601
1785950400,1.346005,1.346065,1.3459,1.34605
1785950700,1.346045,1.346495,1.34601,1.34647
1785951000,1.346475,1.34657,1.346305,1.346565
1785951300,1.34657,1.34674,1.346545,1.346725
1785951600,1.346725,1.346935,1.34664,1.3469
1785951900,1.3469,1.347045,1.346815,1.34691
1785952200,1.346905,1.34698,1.34683,1.34691
1785952500,1.34691,1.34713,1.346785,1.346995
1785952800,1.34699,1.347115,1.346835,1.347095
1785953100,1.347085,1.347185,1.34685,1.34691
1785953400,1.346905,1.34711,1.346865,1.34687
1785953700,1.346875,1.346905,1.346755,1.346885
1785954000,1.346885,1.347105,1.34687,1.346995
1785954300,1.347,1.3473,1.34697,1.347295
1785954600,1.34729,1.34732,1.346885,1.34697
1785954900,1.346975,1.347005,1.346845,1.346945
1785955200,1.34694,1.346975,1.34668,1.3467
1785955500,1.3467,1.34702,1.34668,1.34688
1785955800,1.346885,1.34693,1.34678,1.34684
1785956100,1.346835,1.34707,1.346815,1.346885
1785956400,1.34689,1.347085,1.34685,1.346995
1785956700,1.346995,1.346995,1.34675,1.346795
1785957000,1.34679,1.346805,1.34661,1.34669
1785957300,1.34668,1.3467,1.346385,1.346405
1785957600,1.3464,1.346515,1.346355,1.34645
1785957900,1.346455,1.346565,1.34635,1.346385
1785958200,1.34638,1.346535,1.34638,1.34648
1785958500,1.346485,1.34651,1.34639,1.34641
1785958800,1.346415,1.346585,1.346365,1.346485
1785959100,1.346485,1.34654,1.34634,1.3464
1785959400,1.34641,1.34642,1.346285,1.3464
1785959700,1.346405,1.346555,1.34636,1.346385
1785960000,1.34639,1.346625,1.346385,1.346595
1785960300,1.34659,1.34663,1.34651,1.346585
1785960600,1.34659,1.346625,1.34636,1.346375
1785960900,1.34638,1.346385,1.346185,1.34627
1785961200,1.34627,1.3463,1.346165,1.346275
1785961500,1.34628,1.346475,1.34628,1.346445
1785961800,1.34644,1.346685,1.346395,1.346605
1785962100,1.346605,1.34667,1.34658,1.346655
1785962400,1.34665,1.346675,1.34649,1.34652
1785962700,1.346525,1.34662,1.34651,1.34658
1785963000,1.346575,1.346695,1.346575,1.34668
1785963300,1.346685,1.346915,1.346675,1.34678
1785963600,1.34678,1.34678,1.34678,1.34678
1785963900,1.34678,1.346825,1.34615,1.346475
1785964200,1.34648,1.346655,1.346145,1.34635
1785964500,1.346345,1.34703,1.34623,1.346955
1785964800,1.34695,1.347005,1.3463,1.346435
1785965100,1.346435,1.34675,1.34621,1.34674
1785965400,1.34655,1.346755,1.34637,1.346465
1785965700,1.34646,1.34674,1.34625,1.346555
1785966000,1.34658,1.34667,1.34634,1.34648
1785966300,1.346445,1.346775,1.346435,1.34653
1785966600,1.34653,1.3469,1.346465,1.346725
1785966900,1.34673,1.347095,1.34635,1.346395
1785967200,1.3464,1.346745,1.3464,1.346545
1785967500,1.34655,1.346665,1.346475,1.34649
1785967800,1.346505,1.34664,1.346505,1.346625
1785968100,1.346625,1.346755,1.346605,1.346735
1785968400,1.34674,1.346765,1.34672,1.34674
1785968700,1.346725,1.346755,1.346705,1.34674
1785969000,1.346735,1.34674,1.3466,1.346705
1785969300,1.346705,1.34671,1.34661,1.346675
1785969600,1.346675,1.346705,1.346665,1.34669
1785969900,1.3467,1.346745,1.34669,1.34672
1785970200,1.34672,1.346735,1.346605,1.346605
1785970500,1.34661,1.34672,1.346605,1.34671
1785970800,1.34671,1.34678,1.34668,1.34668
1785971100,1.346685,1.34671,1.346665,1.346685
1785971400,1.346685,1.34689,1.346685,1.34688
1785971700,1.34688,1.34689,1.34682,1.34685
1785972000,1.34685,1.34685,1.3468,1.34684
1785972300,1.346835,1.346835,1.34673,1.34674
1785972600,1.346735,1.34679,1.346715,1.34673
1785972900,1.34673,1.34688,1.34672,1.34687
1785973200,1.34687,1.346875,1.34679,1.346865
1785973500,1.34686,1.34706,1.34686,1.34706
1785973800,1.34705,1.3471,1.347,1.347005
1785974100,1.347,1.347005,1.34677,1.34691
1785974400,1.34693,1.34698,1.346665,1.346805
1785974700,1.3468,1.34685,1.346625,1.34673
1785975000,1.346735,1.346775,1.346565,1.34667
1785975300,1.346665,1.346845,1.346665,1.34672
1785975600,1.346725,1.346995,1.346675,1.346975
1785975900,1.34697,1.346975,1.34664,1.346665
1785976200,1.34667,1.34686,1.34665,1.346835
1785976500,1.346835,1.34697,1.34682,1.346885
1785976800,1.34689,1.346975,1.34677,1.34681
1785977100,1.346815,1.34697,1.34681,1.34682
1785977400,1.346825,1.34712,1.3468,1.347
1785977700,1.347005,1.347025,1.34658,1.34668
1785978000,1.346675,1.346825,1.346475,1.34653
1785978300,1.346525,1.346705,1.34637,1.34667
1785978600,1.34667,1.34673,1.34641,1.346705
1785978900,1.346695,1.34691,1.346575,1.346785
1785979200,1.34679,1.346915,1.346715,1.3469
1785979500,1.346905,1.34712,1.346725,1.346825
1785979800,1.34682,1.34694,1.346755,1.34689
1785980100,1.346895,1.34707,1.34684,1.347055
1785980400,1.34706,1.347065,1.346935,1.347
1785980700,1.347005,1.347005,1.346765,1.34686
1785981000,1.34686,1.34699,1.34682,1.346885
1785981300,1.34689,1.34698,1.346755,1.34686
1785981600,1.346865,1.34705,1.346835,1.34701
1785981900,1.347005,1.347255,1.347,1.347185
1785982200,1.34718,1.347205,1.34686,1.34694
1785982500,1.346935,1.34708,1.34686,1.34701
1785982800,1.34701,1.347185,1.34699,1.34706
1785983100,1.34707,1.34708,1.346835,1.34695
1785983400,1.346945,1.34697,1.34681,1.34687
1785983700,1.346875,1.347,1.34684,1.346975
1785984000,1.34698,1.34708,1.346895,1.347065
1785984300,1.34707,1.34708,1.346785,1.346865
1785984600,1.34687,1.346895,1.34681,1.346885
1785984900,1.34688,1.34688,1.34665,1.346735
1785985200,1.34673,1.34674,1.34662,1.346635
1785985500,1.346635,1.34668,1.346535,1.34656
1785985800,1.346555,1.346575,1.34644,1.34646
1785986100,1.346455,1.3465,1.346325,1.3464
1785986400,1.346405,1.34641,1.34609,1.346125
1785986700,1.34612,1.346225,1.346055,1.34616
1785987000,1.346155,1.346305,1.346125,1.34627
1785987300,1.34626,1.34626,1.34605,1.34608
1785987600,1.346085,1.34611,1.34589,1.345915
1785987900,1.34592,1.34599,1.34588,1.34598
1785988200,1.34598,1.34601,1.34586,1.345875
1785988500,1.34586,1.34602,1.345805,1.34601
1785988800,1.346015,1.346185,1.34599,1.34613
1785989100,1.346135,1.346135,1.346035,1.34608
1785989400,1.34608,1.346175,1.34601,1.346125
1785989700,1.34613,1.346155,1.346065,1.346065
1785990000,1.34607,1.34609,1.34597,1.34601
1785990300,1.346005,1.34609,1.34593,1.346
1785990600,1.345995,1.3461,1.34598,1.346015
1785990900,1.34601,1.34603,1.345865,1.34588
1785991200,1.34588,1.34598,1.34587,1.345925
1785991500,1.345925,1.345975,1.345815,1.345965
1785991800,1.34596,1.34602,1.34589,1.3459
1785992100,1.3459,1.34603,1.34589,1.34602
1785992400,1.346025,1.34603,1.34579,1.345835
1785992700,1.345845,1.34585,1.34577,1.345775
1785993000,1.34577,1.3458,1.345585,1.34567
1785993300,1.345665,1.3457,1.34561,1.345665
1785993600,1.345665,1.345695,1.34556,1.34562
1785993900,1.345615,1.34567,1.345585,1.34562
1785994200,1.345615,1.34577,1.34552,1.34574
1785994500,1.345735,1.34602,1.345725,1.345995
1785994800,1.346,1.346135,1.345985,1.34611
1785995100,1.346115,1.34622,1.34604,1.346185
1785995400,1.34618,1.34633,1.346165,1.34633
1785995700,1.346325,1.346325,1.346215,1.346305
1785996000,1.346295,1.346525,1.34625,1.346465
1785996300,1.346455,1.34652,1.346215,1.34625
1785996600,1.346255,1.346255,1.34604,1.346165
1785996900,1.34616,1.346175,1.345915,1.346165
1785997200,1.34617,1.34622,1.34598,1.34618
1785997500,1.346175,1.346175,1.34594,1.34609
1785997800,1.346085,1.34609,1.34587,1.34591
1785998100,1.345915,1.34592,1.345665,1.345705
1785998400,1.3457,1.34585,1.34546,1.34585
1785998700,1.345855,1.34602,1.34566,1.34567
1785999000,1.345675,1.345885,1.34563,1.34574
1785999300,1.345735,1.345985,1.345705,1.345975
1785999600,1.34598,1.34602,1.345725,1.34576
1785999900,1.345765,1.3459,1.34556,1.34562
1786000200,1.345605,1.34613,1.345605,1.346035
1786000500,1.34604,1.34623,1.345995,1.346005
1786000800,1.346,1.346195,1.345965,1.34606
1786001100,1.346055,1.34624,1.34598,1.346075
1786001400,1.34607,1.34611,1.34586,1.34596
1786001700,1.345955,1.34596,1.345605,1.34569
1786002000,1.345685,1.34594,1.345685,1.34583
1786002300,1.345825,1.34583,1.345525,1.34568
1786002600,1.345685,1.346015,1.34567,1.345905
1786002900,1.3459,1.346135,1.34587,1.34597
1786003200,1.345975,1.3461,1.34567,1.34599
1786003500,1.345985,1.346295,1.34591,1.346255
1786003800,1.34624,1.346495,1.346225,1.346245
1786004100,1.34624,1.346485,1.346195,1.34647
1786004400,1.346475,1.346505,1.34624,1.346385
1786004700,1.34638,1.346415,1.346195,1.34622
1786005000,1.346215,1.3464,1.345965,1.346275
1786005300,1.346275,1.346425,1.34616,1.346215
1786005600,1.34621,1.346575,1.34621,1.346425
1786005900,1.34643,1.346465,1.346235,1.34627
1786006200,1.346265,1.34656,1.34617,1.346335
1786006500,1.34633,1.346425,1.34626,1.34641
1786006800,1.346415,1.34662,1.346345,1.34651
1786007100,1.346505,1.346575,1.3461,1.34614
1786007400,1.346135,1.346525,1.346135,1.346485
1786007700,1.34649,1.346495,1.34614,1.346295
1786008000,1.346305,1.34656,1.346255,1.34647
1786008300,1.346465,1.346475,1.346235,1.34628
1786008600,1.34628,1.34631,1.346105,1.346155
1786008900,1.346155,1.34617,1.345605,1.345705
1786009200,1.3457,1.345705,1.34526,1.34528
1786009500,1.34529,1.345645,1.345215,1.34561
1786009800,1.345605,1.34571,1.345555,1.34558
1786010100,1.345585,1.34572,1.345515,1.345655
1786010400,1.345645,1.345675,1.34549,1.34567
1786010700,1.345665,1.34568,1.345485,1.34564
1786011000,1.345645,1.34574,1.345415,1.345485
1786011300,1.34548,1.345645,1.34541,1.345525
1786011600,1.34553,1.345955,1.345525,1.345945
1786011900,1.34593,1.34614,1.34583,1.346025
1786012200,1.34602,1.34611,1.34591,1.34604
1786012500,1.346035,1.346035,1.345895,1.34592
1786012800,1.345915,1.345975,1.345805,1.345935
1786013100,1.34593,1.34621,1.34588,1.34619
1786013400,1.346195,1.34621,1.34602,1.34606
1786013700,1.346055,1.346275,1.345975,1.346115
1786014000,1.34612,1.34655,1.346115,1.346355
1786014300,1.346355,1.3466,1.34626,1.346545
1786014600,1.346555,1.34657,1.34628,1.34633
1786014900,1.346325,1.346505,1.346255,1.34645
1786015200,1.346455,1.346465,1.346285,1.34642
1786015500,1.346415,1.34662,1.346395,1.34641
1786015800,1.346405,1.346475,1.346205,1.34623
1786016100,1.346225,1.34631,1.3459,1.345975
1786016400,1.34597,1.34606,1.3459,1.345905
1786016700,1.34591,1.3462,1.34577,1.346125
1786017000,1.34613,1.346565,1.34599,1.346395
1786017300,1.34639,1.346865,1.346305,1.34686
1786017600,1.346855,1.34693,1.34659,1.34661
1786017900,1.346615,1.34681,1.34657,1.346715
1786018200,1.34671,1.346795,1.34621,1.34631
1786018500,1.3463,1.346835,1.3463,1.346825
1786018800,1.34683,1.34694,1.346725,1.346805
1786019100,1.3468,1.34703,1.346775,1.346915
1786019400,1.34693,1.34697,1.346755,1.346915
1786019700,1.34691,1.347045,1.346795,1.34704
1786020000,1.347035,1.347185,1.34692,1.347085
1786020300,1.34709,1.34711,1.34656,1.34669
1786020600,1.346695,1.346995,1.346485,1.34689
1786020900,1.346885,1.34702,1.34671,1.34693
1786021200,1.34694,1.34713,1.34689,1.34709
1786021500,1.347085,1.347105,1.346695,1.346715
1786021800,1.346705,1.3468,1.34647,1.346575
1786022100,1.346575,1.34699,1.34646,1.34694
1786022400,1.34695,1.34709,1.346795,1.34688
1786022700,1.346875,1.34702,1.346655,1.346905
1786023000,1.3469,1.347355,1.346855,1.34728
1786023300,1.347285,1.34731,1.346965,1.34716
1786023600,1.347155,1.34757,1.347155,1.34742
1786023900,1.347415,1.347445,1.347095,1.34712
1786024200,1.347125,1.347665,1.34708,1.34756
1786024500,1.347565,1.34793,1.34755,1.34772
1786024800,1.347725,1.34793,1.347615,1.347675
1786025100,1.347665,1.347675,1.34678,1.3469
1786025400,1.346895,1.347085,1.346585,1.346705
1786025700,1.34671,1.34701,1.3465,1.346995
1786026000,1.34698,1.34716,1.346685,1.34709
1786026300,1.3471,1.3471,1.34681,1.346885
1786026600,1.34689,1.347135,1.34688,1.34698
1786026900,1.346965,1.347015,1.346585,1.34661
1786027200,1.346615,1.347205,1.3465,1.34708
1786027500,1.347075,1.347075,1.34646,1.34658
1786027800,1.346585,1.34686,1.34636,1.346785
1786028100,1.34679,1.346835,1.3464,1.346585
1786028400,1.34659,1.346655,1.34624,1.3464
1786028700,1.34641,1.346465,1.345935,1.34605
1786029000,1.34606,1.346165,1.3457,1.34579
1786029300,1.345785,1.345915,1.34536,1.34538
1786029600,1.345385,1.345475,1.34523,1.34534
1786029900,1.345335,1.345695,1.34517,1.34531
1786030200,1.345305,1.34548,1.34523,1.345255
1786030500,1.345265,1.345345,1.344985,1.34511
1786030800,1.34511,1.345435,1.34495,1.345315
1786031100,1.34532,1.345635,1.34531,1.34559
1786031400,1.34558,1.3457,1.345035,1.345125
1786031700,1.34513,1.34564,1.34513,1.34537
1786032000,1.345365,1.345595,1.345185,1.34552
1786032300,1.345515,1.345905,1.34549,1.345645
1786032600,1.34564,1.345695,1.345295,1.345405
1786032900,1.34541,1.345525,1.34494,1.34517
1786033200,1.345175,1.345275,1.345,1.345265
1786033500,1.34527,1.345585,1.345225,1.345555
1786033800,1.34556,1.34561,1.34525,1.34539
1786034100,1.345395,1.345455,1.34524,1.345425
1786034400,1.34543,1.34544,1.34509,1.34516
1786034700,1.345165,1.34527,1.34515,1.345215
1786035000,1.34522,1.34569,1.34522,1.34567
1786035300,1.345675,1.34573,1.345455,1.3456
1786035600,1.345595,1.34571,1.34556,1.345655
1786035900,1.34565,1.3458,1.345495,1.34579
1786036200,1.345795,1.345905,1.345595,1.345615
1786036500,1.34561,1.34561,1.34514,1.345345
1786036800,1.34535,1.34555,1.345345,1.34543
1786037100,1.345435,1.345575,1.345435,1.345575
1786037400,1.34557,1.345595,1.3454,1.3455
1786037700,1.345505,1.345515,1.34518,1.345345
1786038000,1.34535,1.345415,1.34525,1.34531
1786038300,1.34531,1.34548,1.345245,1.34538
1786038600,1.34538,1.34564,1.34537,1.34554
1786038900,1.345535,1.34565,1.345485,1.345605
1786039200,1.3456,1.34572,1.34556,1.34571
1786039500,1.345705,1.345925,1.345685,1.345825
1786039800,1.34583,1.34584,1.34572,1.34572
1786040100,1.34573,1.345855,1.345695,1.345795
1786040400,1.3458,1.345815,1.345585,1.34559
1786040700,1.345595,1.34561,1.345405,1.34552
1786041000,1.345515,1.34567,1.34547,1.34561
1786041300,1.34561,1.34561,1.34542,1.345425
1786041600,1.34542,1.345485,1.345275,1.34534
1786041900,1.345335,1.34547,1.34527,1.3454
1786042200,1.345405,1.34547,1.34523,1.34538
1786042500,1.345375,1.345705,1.34536,1.345675
1786042800,1.34567,1.34591,1.34567,1.345875
1786043100,1.345875,1.345885,1.345775,1.345855
1786043400,1.34586,1.34591,1.34554,1.345605
1786043700,1.34561,1.34574,1.345605,1.345695
1786044000,1.345695,1.34576,1.34525,1.3453
1786044300,1.345295,1.34538,1.344955,1.34514
1786044600,1.345145,1.34529,1.34506,1.34525
1786044900,1.34525,1.34525,1.34495,1.34497
1786045200,1.344975,1.345015,1.34486,1.344895
1786045500,1.344895,1.345045,1.34485,1.345005
1786045800,1.34501,1.345665,1.344985,1.345535
1786046100,1.34553,1.345565,1.34535,1.34549
1786046400,1.345485,1.3455,1.345355,1.34548
1786046700,1.345495,1.34557,1.345265,1.345285
1786047000,1.34529,1.3453,1.345235,1.345275
1786047300,1.345275,1.345275,1.34508,1.34509
1786047600,1.345095,1.345095,1.344835,1.344845
1786047900,1.34485,1.344955,1.34483,1.344915
1786048200,1.34491,1.34498,1.344865,1.344965
1786048500,1.344975,1.345065,1.34495,1.34498
1786048800,1.344975,1.345095,1.3449,1.34508
1786049100,1.345075,1.345185,1.34502,1.34513
1786049400,1.345135,1.345295,1.345115,1.345265
1786049700,1.34526,1.345565,1.345205,1.34549
1786050000,1.34549,1.34558,1.34549,1.34558
1786050300,1.34558,1.34558,1.345095,1.345095
1786050600,1.345095,1.34568,1.344965,1.34558
1786050900,1.34558,1.34558,1.344975,1.34499
1786051200,1.34499,1.3453,1.34481,1.345255
1786051500,1.345255,1.345255,1.34518,1.34518
1786051800,1.345175,1.34536,1.34511,1.345355
1786052100,1.345355,1.3454,1.345115,1.345125
1786052400,1.345155,1.345205,1.344675,1.34478
1786052700,1.344785,1.34493,1.34448,1.344885
1786053000,1.344885,1.34492,1.34469,1.344715
1786053300,1.344715,1.3455,1.3447,1.34544
1786053600,1.34526,1.3454,1.345025,1.345125
1786053900,1.34513,1.34516,1.345055,1.34509
1786054200,1.345085,1.345215,1.34505,1.345205
1786054500,1.345195,1.3452,1.34517,1.345175
1786054800,1.345175,1.345195,1.3451,1.345145
1786055100,1.34515,1.345195,1.345135,1.345175
1786055400,1.345175,1.345185,1.345095,1.34518
1786055700,1.34518,1.345205,1.345165,1.345175
1786056000,1.345175,1.345195,1.345115,1.345165
1786056300,1.345155,1.345195,1.3451,1.345105
1786056600,1.345105,1.3452,1.3451,1.345175
1786056900,1.345175,1.345185,1.34514,1.345145
1786057200,1.345155,1.34521,1.34514,1.34521
1786057500,1.34521,1.3453,1.34521,1.345295
1786057800,1.345295,1.34537,1.34529,1.345365
1786058100,1.34536,1.345405,1.345345,1.34535
1786058400,1.34534,1.34538,1.345315,1.34537
1786058700,1.34537,1.345395,1.345355,1.34538
1786059000,1.34538,1.345395,1.34531,1.34531
1786059300,1.34531,1.34531,1.345285,1.3453
1786059600,1.3453,1.34545,1.3453,1.34545
1786059900,1.345445,1.345545,1.3454,1.345505
1786060200,1.34551,1.34551,1.34538,1.345405
1786060500,1.34541,1.34548,1.34538,1.345465
1786060800,1.34547,1.345515,1.34534,1.345435
1786061100,1.34544,1.345495,1.34531,1.345315
1786061400,1.34532,1.34532,1.345125,1.34517
1786061700,1.345175,1.34521,1.34505,1.345105
1786062000,1.3451,1.345165,1.34502,1.34507
1786062300,1.34507,1.3452,1.344995,1.3451
1786062600,1.345095,1.34525,1.345075,1.345235
1786062900,1.345235,1.345265,1.34502,1.34508
1786063200,1.345085,1.3451,1.34499,1.34508
1786063500,1.34508,1.345105,1.34497,1.34501
1786063800,1.345,1.34517,1.34486,1.344935
1786064100,1.34493,1.34507,1.34475,1.34497
1786064400,1.34498,1.3451,1.34486,1.344915
1786064700,1.34492,1.345215,1.34488,1.34512
1786065000,1.345125,1.3453,1.34508,1.34524
1786065300,1.345235,1.34524,1.34511,1.345145
1786065600,1.345145,1.345295,1.34513,1.345205
1786065900,1.345205,1.34531,1.345175,1.345245
1786066200,1.345255,1.345285,1.345015,1.345175
1786066500,1.34517,1.34532,1.345155,1.34521
1786066800,1.345205,1.34565,1.345185,1.34552
1786067100,1.345515,1.34558,1.34532,1.34537
1786067400,1.345375,1.34541,1.345265,1.345315
1786067700,1.34532,1.34542,1.345245,1.3453
1786068000,1.345305,1.345415,1.34527,1.34537
1786068300,1.345375,1.34541,1.345265,1.34529
1786068600,1.34529,1.345375,1.345255,1.34527
1786068900,1.345265,1.345295,1.34516,1.34518
1786069200,1.345175,1.345395,1.34517,1.34538
1786069500,1.34538,1.3454,1.34529,1.345335
1786069800,1.34535,1.34538,1.34521,1.34522
1786070100,1.34522,1.34525,1.345125,1.34521
1786070400,1.34521,1.345235,1.345115,1.345135
1786070700,1.34513,1.34538,1.34508,1.34538
1786071000,1.34538,1.345385,1.34524,1.34528
1786071300,1.345275,1.34528,1.345115,1.34517
1786071600,1.345165,1.34532,1.34512,1.345205
1786071900,1.3452,1.34522,1.345075,1.34508
1786072200,1.34508,1.34517,1.34505,1.34516
1786072500,1.345165,1.345165,1.345045,1.34514
1786072800,1.345125,1.345175,1.345075,1.345135
1786073100,1.34513,1.34515,1.34509,1.345095
1786073400,1.345095,1.34518,1.345075,1.345155
1786073700,1.345155,1.345205,1.34515,1.34518
1786074000,1.34518,1.345195,1.34505,1.34509
1786074300,1.34509,1.345165,1.34508,1.345155
1786074600,1.34516,1.3452,1.345065,1.34518
1786074900,1.345185,1.34529,1.345155,1.34529
1786075200,1.345295,1.345375,1.34522,1.34523
1786075500,1.345235,1.34531,1.34522,1.34526
1786075800,1.345255,1.345285,1.345205,1.345265
1786076100,1.34527,1.345285,1.3452,1.345235
1786076400,1.34523,1.345435,1.345195,1.34532
1786076700,1.345325,1.34541,1.34531,1.345345
1786077000,1.34534,1.3455,1.34527,1.34548
1786077300,1.34549,1.34549,1.34538,1.34539
1786077600,1.345385,1.34545,1.345285,1.345405
1786077900,1.3454,1.34542,1.345295,1.345325
1786078200,1.34532,1.34544,1.345315,1.34543
1786078500,1.34543,1.34549,1.345355,1.34536
1786078800,1.345355,1.3455,1.345325,1.34549
1786079100,1.34549,1.34549,1.34544,1.34547
1786079400,1.34547,1.3456,1.34543,1.345545
1786079700,1.345545,1.34556,1.34537,1.345385
1786080000,1.345385,1.34539,1.345265,1.34527
1786080300,1.345265,1.34531,1.345165,1.34517
1786080600,1.345175,1.34529,1.345115,1.34521
1786080900,1.345205,1.345395,1.3452,1.34537
1786081200,1.345375,1.345405,1.345195,1.34523
1786081500,1.345225,1.34536,1.34513,1.345345
1786081800,1.34536,1.34546,1.345265,1.34531
1786082100,1.34531,1.345345,1.34521,1.34526
1786082400,1.345265,1.34556,1.345255,1.34532
1786082700,1.345315,1.34537,1.345155,1.34529
1786083000,1.345285,1.34558,1.34528,1.34558
1786083300,1.345575,1.3456,1.34529,1.34546
1786083600,1.34547,1.345805,1.34543,1.345795
1786083900,1.34579,1.34579,1.345455,1.345595
1786084200,1.34559,1.345605,1.345265,1.345295
1786084500,1.34529,1.34555,1.345235,1.345385
1786084800,1.34539,1.345445,1.34524,1.34538
1786085100,1.34538,1.34555,1.34531,1.345325
1786085400,1.345325,1.345475,1.345245,1.345455
1786085700,1.34545,1.34563,1.34534,1.34536
1786086000,1.345355,1.34537,1.345145,1.34515
1786086300,1.345155,1.345155,1.344835,1.344875
1786086600,1.34487,1.345245,1.34487,1.345115
1786086900,1.34511,1.34531,1.345015,1.34509
1786087200,1.345095,1.345145,1.34485,1.344955
1786087500,1.344955,1.345045,1.34479,1.34483
1786087800,1.344825,1.34506,1.3448,1.344815
1786088100,1.34481,1.34485,1.34466,1.34471
1786088400,1.344705,1.344865,1.34455,1.344655
1786088700,1.34466,1.34501,1.344655,1.344915
1786089000,1.34492,1.34507,1.3448,1.344915
1786089300,1.34491,1.344965,1.344765,1.3448
1786089600,1.344805,1.344995,1.34469,1.344825
1786089900,1.34482,1.34488,1.344595,1.344695
1786090200,1.34469,1.34475,1.34447,1.34455
1786090500,1.34455,1.34473,1.34449,1.34461
1786090800,1.34461,1.34463,1.34445,1.34455
1786091100,1.344545,1.34463,1.34445,1.34448
1786091400,1.344475,1.344805,1.344315,1.344765
1786091700,1.34476,1.3448,1.34457,1.344585
1786092000,1.34459,1.344885,1.344585,1.344815
1786092300,1.34482,1.344925,1.344585,1.34469
1786092600,1.34469,1.34489,1.3446,1.344635
1786092900,1.34463,1.34471,1.344275,1.34429
1786093200,1.344285,1.344515,1.344085,1.34409
1786093500,1.344095,1.34433,1.344055,1.34426
1786093800,1.344255,1.34461,1.34418,1.34459
1786094100,1.3446,1.34466,1.34444,1.34453
1786094400,1.344535,1.344625,1.34445,1.34454
1786094700,1.34453,1.34466,1.3444,1.344425
1786095000,1.34442,1.344435,1.344075,1.34411
1786095300,1.34411,1.34412,1.34395,1.343985
1786095600,1.34398,1.344265,1.343965,1.34399
1786095900,1.343985,1.344225,1.34395,1.344215
1786096200,1.34422,1.34437,1.344125,1.34431
1786096500,1.344305,1.34434,1.34415,1.344185
1786096800,1.34418,1.34427,1.34396,1.344
1786097100,1.344005,1.34415,1.343885,1.344075
1786097400,1.34408,1.34415,1.343655,1.343705
1786097700,1.3437,1.344,1.343665,1.34388
1786098000,1.343875,1.34389,1.34376,1.343825
1786098300,1.34382,1.34387,1.34368,1.343755
1786098600,1.34375,1.34387,1.34366,1.343705
1786098900,1.34371,1.34389,1.34364,1.343805
1786099200,1.3438,1.343845,1.343405,1.343445
1786099500,1.34344,1.343685,1.34343,1.343605
1786099800,1.34361,1.34387,1.343605,1.34378
1786100100,1.343785,1.343875,1.343715,1.343745
1786100400,1.343755,1.344205,1.343735,1.34418
1786100700,1.34419,1.34433,1.34407,1.34431
1786101000,1.344305,1.344325,1.34416,1.344185
1786101300,1.34419,1.3444,1.34413,1.344305
1786101600,1.34431,1.344415,1.343985,1.344075
1786101900,1.34408,1.344135,1.3439,1.34393
1786102200,1.343935,1.34447,1.34392,1.344295
1786102500,1.344295,1.34447,1.344245,1.34446
1786102800,1.344465,1.34475,1.344455,1.344705
1786103100,1.344705,1.34474,1.344575,1.34466
1786103400,1.344665,1.344775,1.344585,1.344695
1786103700,1.34469,1.344985,1.34466,1.34495
1786104000,1.344955,1.3452,1.344865,1.345055
1786104300,1.34506,1.34513,1.34475,1.34496
1786104600,1.344965,1.345125,1.344695,1.34473
1786104900,1.344725,1.34505,1.34467,1.344775
1786105200,1.34477,1.34496,1.34467,1.3448
1786105500,1.344795,1.344995,1.344435,1.34461
1786105800,1.344625,1.34976,1.344585,1.34961
1786106100,1.349615,1.34965,1.348655,1.34952
1786106400,1.349525,1.35034,1.349245,1.34984
1786106700,1.349845,1.350805,1.349795,1.35055
1786107000,1.350545,1.35081,1.349995,1.350365
1786107300,1.35037,1.35042,1.34956,1.35002
1786107600,1.35001,1.35021,1.349285,1.3493
1786107900,1.349305,1.35008,1.3493,1.349775
1786108200,1.34977,1.350355,1.349515,1.350325
1786108500,1.35032,1.35033,1.34945,1.34975
1786108800,1.349755,1.350685,1.349595,1.350615
1786109100,1.35061,1.350885,1.35031,1.350375
1786109400,1.350385,1.35065,1.34933,1.349585
1786109700,1.34959,1.350475,1.34938,1.35042
1786110000,1.35041,1.350825,1.35033,1.350405
1786110300,1.3504,1.35044,1.349545,1.34971
1786110600,1.349715,1.349745,1.34921,1.34951
1786110900,1.34952,1.349665,1.348725,1.34896
1786111200,1.348955,1.349195,1.34853,1.348545
1786111500,1.348535,1.34931,1.348305,1.3492
1786111800,1.349195,1.34942,1.34888,1.34938
1786112100,1.349385,1.350075,1.349185,1.35005
1786112400,1.350055,1.350165,1.34985,1.35
1786112700,1.349995,1.350005,1.349315,1.34942
1786113000,1.34943,1.34965,1.348955,1.34956
1786113300,1.349565,1.349655,1.349165,1.34947
1786113600,1.349465,1.349595,1.34886,1.349045
1786113900,1.34904,1.349195,1.3486,1.34862
1786114200,1.348615,1.349025,1.34834,1.34859
1786114500,1.348595,1.34914,1.34848,1.348875
1786114800,1.34887,1.349085,1.34831,1.348325
1786115100,1.34833,1.348895,1.34827,1.348855
1786115400,1.348855,1.34956,1.348855,1.34956
1786115700,1.349555,1.349895,1.34939,1.349865
1786116000,1.34986,1.35,1.34974,1.34976
1786116300,1.349765,1.349945,1.34946,1.349475
1786116600,1.34948,1.349515,1.34915,1.34924
1786116900,1.349245,1.35003,1.349245,1.349715
1786117200,1.34971,1.349955,1.34958,1.34983
1786117500,1.349825,1.349955,1.349455,1.3495
1786117800,1.349505,1.349575,1.349185,1.349525
1786118100,1.34953,1.349815,1.349465,1.349605
1786118400,1.34961,1.349755,1.349445,1.34975
1786118700,1.349745,1.35001,1.349655,1.349685
1786119000,1.34968,1.350145,1.349655,1.350145
1786119300,1.35014,1.350145,1.3498,1.349845
1786119600,1.34984,1.35038,1.349705,1.350095
1786119900,1.3501,1.350255,1.34983,1.349925
1786120200,1.34993,1.35003,1.349675,1.3497
1786120500,1.349705,1.3499,1.349655,1.349895
1786120800,1.349895,1.35007,1.349835,1.34992
1786121100,1.34992,1.35038,1.34989,1.35037
1786121400,1.350365,1.35038,1.349695,1.349775
1786121700,1.34977,1.34986,1.349505,1.34962
1786122000,1.349615,1.34974,1.349475,1.349545
1786122300,1.34955,1.349615,1.349445,1.34956
1786122600,1.349555,1.349715,1.349445,1.349665
1786122900,1.34967,1.34971,1.349395,1.34951
1786123200,1.3495,1.34971,1.349485,1.34964
1786123500,1.34963,1.34983,1.349525,1.349605
1786123800,1.34961,1.34987,1.34954,1.34956
1786124100,1.349565,1.349755,1.34941,1.349725
1786124400,1.349725,1.349855,1.349725,1.34978
1786124700,1.349775,1.34983,1.34973,1.349765
1786125000,1.34977,1.349855,1.349705,1.349755
1786125300,1.34975,1.34978,1.349505,1.349525
1786125600,1.34953,1.349555,1.3492,1.34925
1786125900,1.349255,1.3496,1.349225,1.349565
1786126200,1.349565,1.34967,1.349335,1.34937
1786126500,1.349365,1.349505,1.349355,1.34938
1786126800,1.349385,1.349405,1.34917,1.349275
1786127100,1.34928,1.349585,1.349265,1.349555
1786127400,1.34955,1.34976,1.34953,1.3497
1786127700,1.349695,1.349745,1.34962,1.349665
1786128000,1.349665,1.349885,1.34958,1.34986
1786128300,1.349865,1.34998,1.34985,1.349955
1786128600,1.34996,1.35007,1.34991,1.349955
1786128900,1.34996,1.34997,1.349815,1.34995
1786129200,1.349955,1.35028,1.349905,1.35004
1786129500,1.350055,1.35013,1.34994,1.350125
1786129800,1.35012,1.350155,1.34979,1.349895
1786130100,1.34989,1.35026,1.34981,1.350015
1786130400,1.35001,1.35038,1.35001,1.350315
1786130700,1.35031,1.35033,1.35016,1.35026
1786131000,1.350265,1.350355,1.35017,1.350275
1786131300,1.350275,1.35028,1.350025,1.35008
1786131600,1.350085,1.35011,1.349875,1.349895
1786131900,1.3499,1.350085,1.34988,1.349965
1786132200,1.349975,1.350005,1.349645,1.34974
1786132500,1.349735,1.34992,1.349645,1.34976
1786132800,1.349755,1.34985,1.349645,1.349675
1786133100,1.34968,1.34972,1.349505,1.349515
1786133400,1.34951,1.34953,1.34934,1.349365
1786133700,1.349355,1.349395,1.349115,1.34931
1786134000,1.349315,1.34932,1.349115,1.349145
1786134300,1.349145,1.349175,1.349035,1.349105
1786134600,1.34909,1.34909,1.34893,1.348985
1786134900,1.34898,1.34909,1.348955,1.349045
1786135200,1.349045,1.34915,1.349015,1.34906
1786135500,1.349045,1.34918,1.348965,1.34902
1786135800,1.34903,1.349215,1.348995,1.349155
1786136100,1.349165,1.349495,1.34886,1.349145
1786309200,1.349145,1.349395,1.349145,1.349395
1786309500,1.34929,1.349805,1.34929,1.34969
1786309800,1.34969,1.349905,1.34969,1.34976
1786310100,1.34976,1.349775,1.349595,1.3497
1786310400,1.3497,1.34975,1.349595,1.34972
1786310700,1.34972,1.34988,1.349595,1.349815
1786311000,1.349815,1.349815,1.34939,1.34959
1786311300,1.34963,1.349855,1.34911,1.349245
1786311600,1.349245,1.349625,1.34899,1.3493
1786311900,1.34933,1.34955,1.348795,1.3491
1786312200,1.3491,1.34938,1.349055,1.349235
1786312500,1.349235,1.34944,1.34881,1.34927
1786312800,1.34922,1.349425,1.348975,1.34899
1786313100,1.34899,1.349055,1.34888,1.34903
1786313400,1.34903,1.34915,1.348995,1.3491
1786313700,1.349105,1.349125,1.349005,1.349025
1786314000,1.34902,1.34907,1.349,1.349045
1786314300,1.349055,1.349095,1.3488,1.348815
1786314600,1.348825,1.348935,1.348815,1.348885
1786314900,1.348885,1.34902,1.348885,1.349015
1786315200,1.349015,1.349045,1.348985,1.34901
1786315500,1.34901,1.349095,1.349,1.34903
1786315800,1.34903,1.34911,1.34888,1.348895
1786316100,1.348895,1.348955,1.348885,1.34891
1786316400,1.348915,1.349125,1.348915,1.34911
1786316700,1.34911,1.349255,1.349055,1.349085
1786317000,1.349085,1.349295,1.349045,1.349235
1786317300,1.34924,1.349245,1.34918,1.349185
1786317600,1.34918,1.349265,1.349175,1.34923
1786317900,1.34923,1.349295,1.34919,1.34919
1786318200,1.34919,1.34921,1.34893,1.349005
1786318500,1.349005,1.34901,1.34882,1.34894
1786318800,1.348935,1.349175,1.348935,1.349165
1786319100,1.34917,1.34923,1.349045,1.349135
1786319400,1.34914,1.34925,1.349105,1.349195
1786319700,1.349195,1.349195,1.348835,1.34886
1786320000,1.348855,1.349285,1.348855,1.34916
1786320300,1.349155,1.349265,1.349075,1.349175
1786320600,1.349185,1.349385,1.34901,1.34933
1786320900,1.349325,1.34934,1.348985,1.34908
1786321200,1.349075,1.349085,1.348905,1.349005
1786321500,1.349005,1.34912,1.3489,1.349015
1786321800,1.34902,1.34908,1.348965,1.34904
1786322100,1.349045,1.349105,1.34887,1.34891
1786322400,1.348915,1.348945,1.34883,1.34884
1786322700,1.348845,1.34912,1.34878,1.349115
1786323000,1.34912,1.349255,1.34902,1.349105
1786323300,1.34911,1.34917,1.349005,1.34904
1786323600,1.34903,1.34918,1.34849,1.34862
1786323900,1.348615,1.34869,1.348415,1.34858
1786324200,1.348575,1.348735,1.348495,1.348695
1786324500,1.3487,1.3489,1.348645,1.34874
1786324800,1.348745,1.34887,1.34864,1.348825
1786325100,1.348825,1.34895,1.34872,1.348785
1786325400,1.34879,1.3488,1.34848,1.34862
1786325700,1.348625,1.348675,1.348435,1.34862
1786326000,1.348625,1.348735,1.348595,1.348695
1786326300,1.34869,1.34897,1.34866,1.348915
1786326600,1.34891,1.34895,1.34879,1.348815
1786326900,1.34882,1.348915,1.348695,1.348875
1786327200,1.34888,1.34898,1.348825,1.34891
1786327500,1.34891,1.348935,1.348765,1.348805
1786327800,1.3488,1.348825,1.348705,1.348795
1786328100,1.34879,1.348915,1.34878,1.34887
1786328400,1.34887,1.34887,1.348735,1.34876
1786328700,1.348755,1.348825,1.34868,1.3488
1786329000,1.348795,1.34896,1.348755,1.34889
1786329300,1.34889,1.3489,1.34876,1.34877
1786329600,1.34877,1.34878,1.34863,1.348635
1786329900,1.34864,1.348725,1.348635,1.34871
1786330200,1.348705,1.348745,1.348585,1.34866
1786330500,1.348655,1.348715,1.34854,1.34861
1786330800,1.348605,1.3487,1.34843,1.348515
1786331100,1.348515,1.348515,1.34833,1.34835
1786331400,1.34835,1.348515,1.348305,1.3485
1786331700,1.3485,1.348505,1.348375,1.34849
1786332000,1.348485,1.348665,1.348485,1.348585
1786332300,1.348585,1.348625,1.348365,1.34852
1786332600,1.348515,1.348535,1.34837,1.34839
1786332900,1.34839,1.348505,1.348375,1.3484
1786333200,1.348405,1.348485,1.348345,1.34842
1786333500,1.348415,1.34862,1.348415,1.34861
1786333800,1.348605,1.34863,1.34852,1.348625
1786334100,1.34863,1.34863,1.348485,1.3485
1786334400,1.34851,1.34861,1.34844,1.348555
1786334700,1.34856,1.348575,1.34839,1.34845
1786335000,1.348445,1.34852,1.348365,1.348515
1786335300,1.348515,1.348525,1.348415,1.348495
1786335600,1.348505,1.34858,1.34848,1.348565
1786335900,1.348565,1.34867,1.34856,1.348605
1786336200,1.34861,1.34868,1.34854,1.34862
1786336500,1.348615,1.34862,1.34848,1.348515
1786336800,1.34851,1.34866,1.3485,1.34865
1786337100,1.34866,1.348905,1.348635,1.3489
1786337400,1.3489,1.349005,1.34889,1.34891
1786337700,1.348905,1.34898,1.34882,1.34883
1786338000,1.34884,1.34905,1.34875,1.34904
1786338300,1.349035,1.34914,1.348955,1.348975
1786338600,1.34897,1.348995,1.348805,1.348905
1786338900,1.348905,1.34897,1.348785,1.348785
1786339200,1.34878,1.34886,1.34877,1.34883
1786339500,1.348825,1.348875,1.34875,1.34887
1786339800,1.348875,1.34896,1.348725,1.348895
1786340100,1.3489,1.34917,1.348825,1.34909
1786340400,1.349085,1.34916,1.34891,1.34897
1786340700,1.348965,1.349125,1.348895,1.34909
1786341000,1.34909,1.34932,1.34909,1.349255
1786341300,1.34926,1.349435,1.34922,1.34939
1786341600,1.349395,1.349585,1.34932,1.34937
1786341900,1.349375,1.349715,1.34937,1.34967
1786342200,1.349665,1.349695,1.349265,1.3494
1786342500,1.34939,1.349775,1.34938,1.34956
1786342800,1.349555,1.349675,1.3494,1.3495
1786343100,1.349505,1.349605,1.349375,1.349585
1786343400,1.34958,1.34967,1.349385,1.34948
1786343700,1.349475,1.34954,1.34936,1.34941
1786344000,1.349405,1.34951,1.349195,1.349285
1786344300,1.34929,1.349475,1.34923,1.349375
1786344600,1.349365,1.349395,1.349185,1.34939
1786344900,1.34939,1.349505,1.34927,1.34948
1786345200,1.34947,1.349495,1.349175,1.349245
1786345500,1.34924,1.34961,1.349195,1.34952
1786345800,1.349515,1.34977,1.34942,1.349425
1786346100,1.34943,1.34962,1.34935,1.34948
1786346400,1.349475,1.349515,1.34919,1.34948
1786346700,1.34948,1.34955,1.349155,1.349165
1786347000,1.349165,1.34933,1.349155,1.349305
1786347300,1.3493,1.3498,1.349295,1.349505
1786347600,1.3495,1.34987,1.349485,1.349865
1786347900,1.349855,1.350135,1.349575,1.34959
1786348200,1.349595,1.3497,1.349375,1.34947
1786348500,1.349475,1.349645,1.34946,1.349595
1786348800,1.349605,1.34969,1.34943,1.34963
1786349100,1.349635,1.35017,1.3496,1.350095
1786349400,1.3501,1.35048,1.34992,1.35046
1786349700,1.350465,1.35056,1.350255,1.350385
1786350000,1.350395,1.3505,1.35027,1.350325
1786350300,1.350325,1.350325,1.35014,1.350285
1786350600,1.35029,1.35039,1.35015,1.350155
1786350900,1.350155,1.350295,1.350115,1.35022
1786351200,1.35022,1.350385,1.35018,1.3502
1786351500,1.3502,1.3502,1.349995,1.35
1786351800,1.349995,1.350355,1.34998,1.35022
1786352100,1.350225,1.350335,1.350135,1.35033
1786352400,1.350335,1.35038,1.350175,1.35019
1786352700,1.350195,1.3505,1.350185,1.3504
1786353000,1.350395,1.35066,1.35021,1.350645
1786353300,1.35064,1.350675,1.350305,1.35034
1786353600,1.350335,1.35058,1.350305,1.35058
1786353900,1.350575,1.3506,1.350435,1.35051
1786354200,1.350505,1.350555,1.35016,1.35019
1786354500,1.350195,1.350255,1.34956,1.349615
1786354800,1.3496,1.34975,1.349565,1.349685
1786355100,1.34969,1.34995,1.3496,1.34978
1786355400,1.349785,1.349825,1.34962,1.34979
1786355700,1.349795,1.349895,1.34951,1.349525
1786356000,1.34952,1.349525,1.349245,1.349415
1786356300,1.34942,1.349695,1.349325,1.34964
1786356600,1.34965,1.349735,1.34957,1.3496
1786356900,1.349605,1.34965,1.34952,1.34962
1786357200,1.349625,1.349955,1.34962,1.34975
1786357500,1.34974,1.349805,1.349665,1.34967
1786357800,1.349675,1.35001,1.349495,1.35
1786358100,1.349995,1.35003,1.349765,1.34991
1786358400,1.349915,1.35002,1.349795,1.34998
1786358700,1.349985,1.35012,1.349875,1.349965
1786359000,1.349965,1.35002,1.349885,1.349925
1786359300,1.34992,1.35009,1.34992,1.35008
1786359600,1.35007,1.35024,1.35003,1.35007
1786359900,1.350065,1.3501,1.34989,1.349925
1786360200,1.34993,1.349975,1.349615,1.34981
1786360500,1.3498,1.35,1.349685,1.34992
1786360800,1.349915,1.35011,1.3498,1.34992
1786361100,1.349915,1.350015,1.34981,1.34987
1786361400,1.349865,1.34995,1.34977,1.34995
1786361700,1.34995,1.350275,1.349905,1.350265
1786362000,1.35026,1.350265,1.350035,1.350065
1786362300,1.350065,1.35012,1.349775,1.34982
1786362600,1.349825,1.34991,1.349785,1.349885
1786362900,1.34989,1.3501,1.34981,1.3501
1786363200,1.350095,1.350095,1.349875,1.34989
1786363500,1.349885,1.350395,1.34975,1.350395
1786363800,1.350405,1.350425,1.34975,1.34981
1786364100,1.349815,1.34991,1.34955,1.34965
1786364400,1.349655,1.34978,1.34948,1.34952
1786364700,1.349515,1.34955,1.349275,1.34943
1786365000,1.349425,1.349655,1.349315,1.34937
1786365300,1.34937,1.34947,1.34909,1.349165
1786365600,1.34916,1.34954,1.349025,1.34923
1786365900,1.349235,1.349595,1.349165,1.34954
1786366200,1.349535,1.349605,1.349365,1.349415
1786366500,1.34942,1.34972,1.34941,1.34948
1786366800,1.349485,1.349765,1.349485,1.34957
1786367100,1.349575,1.349885,1.349475,1.34988
1786367400,1.349875,1.35038,1.349815,1.350365
1786367700,1.35037,1.35067,1.35027,1.350465
1786368000,1.350475,1.350755,1.35016,1.35023
1786368300,1.350235,1.350545,1.3502,1.350365
1786368600,1.350365,1.3506,1.35015,1.350565
1786368900,1.35056,1.3508,1.350215,1.35033
1786369200,1.350335,1.3505,1.35021,1.3503
1786369500,1.350305,1.35054,1.350085,1.35017
1786369800,1.350165,1.35022,1.34984,1.35006
1786370100,1.350055,1.35065,1.34988,1.350455
1786370400,1.35046,1.350955,1.350395,1.35085
1786370700,1.35086,1.35156,1.35086,1.351385
1786371000,1.35139,1.35185,1.35134,1.35167
1786371300,1.351675,1.351725,1.351265,1.351455
1786371600,1.351445,1.351525,1.35125,1.351305
1786371900,1.351315,1.351865,1.351285,1.3518
1786372200,1.351805,1.35189,1.35157,1.35166
1786372500,1.351665,1.352005,1.35166,1.351865
1786372800,1.35186,1.352585,1.35179,1.35247
1786373100,1.352475,1.35305,1.35236,1.35283
1786373400,1.352825,1.352825,1.351775,1.35199
1786373700,1.351985,1.35213,1.35189,1.352075
1786374000,1.35208,1.35208,1.351675,1.351705
1786374300,1.35171,1.352075,1.35158,1.35176
1786374600,1.351765,1.35227,1.351705,1.35226
1786374900,1.352255,1.35242,1.352105,1.3523
1786375200,1.352305,1.35272,1.35223,1.35244
1786375500,1.352445,1.352475,1.35179,1.35218
1786375800,1.352185,1.352305,1.352085,1.3522
1786376100,1.35219,1.35253,1.352185,1.35248
1786376400,1.352475,1.35265,1.352375,1.352605
1786376700,1.352605,1.35274,1.35237,1.35239
1786377000,1.35239,1.35264,1.352105,1.352205
1786377300,1.3522,1.35259,1.352115,1.35256
1786377600,1.352565,1.352685,1.35227,1.3524
1786377900,1.352405,1.352615,1.35236,1.35239
1786378200,1.352395,1.3526,1.35237,1.35238
1786378500,1.35238,1.35238,1.351985,1.35208
1786378800,1.35208,1.352145,1.3519,1.351985
1786379100,1.351985,1.352345,1.351915,1.352325
1786379400,1.352325,1.35242,1.35172,1.35208
1786379700,1.352075,1.35226,1.352005,1.35201
1786380000,1.352015,1.352025,1.351635,1.351665
1786380300,1.35167,1.35171,1.351355,1.351455
1786380600,1.351455,1.35167,1.351405,1.35151
1786380900,1.351505,1.35153,1.35134,1.351375
1786381200,1.35138,1.351475,1.351105,1.351195
1786381500,1.35119,1.351195,1.350945,1.3511
1786381800,1.3511,1.35121,1.35101,1.351115
1786382100,1.35111,1.35114,1.35085,1.350905
1786382400,1.35091,1.350965,1.350685,1.35094
1786382700,1.350945,1.351065,1.3508,1.35094
1786383000,1.350935,1.35112,1.350925,1.351
1786383300,1.351,1.351085,1.35095,1.35099
1786383600,1.35099,1.35106,1.350815,1.350845
1786383900,1.35085,1.350875,1.35052,1.35076
1786384200,1.350765,1.35085,1.35065,1.350655
1786384500,1.350665,1.35069,1.350575,1.35065
1786384800,1.350645,1.35078,1.350585,1.35066
1786385100,1.35066,1.350715,1.350615,1.350705
1786385400,1.3507,1.35082,1.35068,1.35079
1786385700,1.350785,1.350905,1.35069,1.35079
1786386000,1.350785,1.35088,1.350725,1.3508
1786386300,1.350795,1.35083,1.350715,1.35079
1786386600,1.350785,1.35113,1.35067,1.350975
1786386900,1.35097,1.351005,1.35079,1.350985
1786387200,1.35098,1.35117,1.35098,1.351155
1786387500,1.35115,1.35118,1.351005,1.351055
1786387800,1.35106,1.351075,1.350705,1.350735
1786388100,1.35073,1.35102,1.35069,1.35091
1786388400,1.350905,1.350975,1.350695,1.350695
1786388700,1.350695,1.350755,1.350665,1.35068
1786389000,1.35068,1.350795,1.350605,1.35079
1786389300,1.35079,1.35079,1.350635,1.350755
1786389600,1.35075,1.350925,1.350745,1.350815
1786389900,1.35082,1.35088,1.350715,1.35077
1786390200,1.350775,1.350865,1.350545,1.35056
1786390500,1.35055,1.35076,1.35055,1.350655
1786390800,1.35066,1.35086,1.35065,1.350755
1786391100,1.350755,1.350895,1.35067,1.350815
1786391400,1.350805,1.35091,1.35076,1.35088
1786391700,1.35089,1.35091,1.350735,1.3508
1786392000,1.350795,1.351005,1.350795,1.35091
1786392300,1.35091,1.35102,1.35089,1.350935
1786392600,1.350945,1.350955,1.350885,1.35089
1786392900,1.35089,1.350895,1.350765,1.350775
1786393200,1.350775,1.350775,1.35067,1.3507
1786393500,1.35071,1.350755,1.35062,1.350645
1786393800,1.35064,1.35069,1.350625,1.35069
1786394100,1.35069,1.35078,1.350665,1.35071
1786394400,1.35071,1.350815,1.35071,1.350795
1786394700,1.35079,1.35079,1.35071,1.35072
1786395000,1.350715,1.350765,1.350595,1.350625
1786395300,1.350625,1.350795,1.350625,1.35072
1786395600,1.35072,1.35072,1.35072,1.35072
1786395900,1.350605,1.35093,1.3506,1.35069
1786396200,1.35069,1.35081,1.35062,1.35065
1786396500,1.35065,1.35067,1.35058,1.350665
1786396800,1.350665,1.350705,1.350595,1.35063
1786397100,1.350635,1.35116,1.35063,1.35088
1786397400,1.35088,1.35088,1.35046,1.350765
1786397700,1.350765,1.35084,1.35066,1.350735
1786398000,1.350735,1.350795,1.35068,1.35072
1786398300,1.3507,1.35073,1.350635,1.35072
1786398600,1.35072,1.35079,1.350585,1.350645
1786398900,1.350645,1.350775,1.35059,1.35068
1786399200,1.350725,1.35086,1.35065,1.35077
1786399500,1.350765,1.35079,1.350655,1.3507
1786399800,1.350705,1.350805,1.3507,1.35079
1786400100,1.35077,1.350795,1.350735,1.350745
1786400400,1.350745,1.350745,1.350645,1.35066
1786400700,1.35066,1.350695,1.35065,1.35069
1786401000,1.35069,1.350775,1.35068,1.350715
1786401300,1.35072,1.350795,1.35066,1.350795
1786401600,1.350795,1.350805,1.350785,1.3508
1786401900,1.3508,1.350905,1.3508,1.35084
1786402200,1.35084,1.350895,1.350835,1.35088
1786402500,1.35088,1.35091,1.35086,1.350895
1786402800,1.350895,1.350965,1.35079,1.350815
1786403100,1.350815,1.35087,1.35079,1.35079
1786403400,1.3508,1.350845,1.350785,1.350825
1786403700,1.350815,1.350815,1.35078,1.350805
1786404000,1.350805,1.35086,1.35079,1.350815
1786404300,1.350815,1.35083,1.35073,1.35076
1786404600,1.350755,1.350775,1.35069,1.35071
1786404900,1.350705,1.35084,1.350685,1.35082
1786405200,1.35082,1.350825,1.35065,1.35072
1786405500,1.350715,1.35094,1.350685,1.35092
1786405800,1.35092,1.35092,1.350825,1.350875
1786406100,1.350875,1.35115,1.350825,1.351085
1786406400,1.35109,1.351205,1.351035,1.351195
1786406700,1.351205,1.35125,1.351065,1.351215
1786407000,1.35121,1.351315,1.351165,1.35119
1786407300,1.351185,1.35126,1.3511,1.351165
1786407600,1.35117,1.351275,1.35115,1.35118
1786407900,1.35118,1.35134,1.35118,1.35131
1786408200,1.351305,1.351365,1.35121,1.35125
1786408500,1.35125,1.35129,1.351185,1.351285
1786408800,1.35128,1.35154,1.351275,1.351435
1786409100,1.35144,1.35148,1.35127,1.35128
1786409400,1.351275,1.35137,1.351145,1.35117
1786409700,1.351175,1.35128,1.35104,1.35109
1786410000,1.351085,1.351095,1.3506,1.35065
1786410300,1.35066,1.35106,1.35062,1.351
1786410600,1.351005,1.35118,1.350905,1.35117
1786410900,1.351175,1.351305,1.351065,1.351265
1786411200,1.35127,1.35141,1.351215,1.351225
1786411500,1.351225,1.351355,1.35118,1.35131
1786411800,1.351305,1.35151,1.351265,1.35151
1786412100,1.35151,1.35151,1.35126,1.351285
1786412400,1.35129,1.35134,1.35104,1.351065
1786412700,1.351065,1.35136,1.351035,1.35136
1786413000,1.35136,1.351415,1.35126,1.35139
1786413300,1.351395,1.35141,1.351075,1.35108
1786413600,1.351075,1.351105,1.350955,1.3511
1786413900,1.351105,1.351185,1.35091,1.35094
1786414200,1.35094,1.351065,1.35082,1.35103
1786414500,1.35103,1.351075,1.35082,1.35088
1786414800,1.350875,1.350895,1.350595,1.350635
1786415100,1.350635,1.350845,1.350605,1.350655
1786415400,1.350665,1.350775,1.350595,1.350775
1786415700,1.350765,1.35079,1.350655,1.350695
1786416000,1.35069,1.350785,1.350665,1.350715
1786416300,1.35071,1.35074,1.350505,1.350615
1786416600,1.350615,1.350615,1.35045,1.350465
1786416900,1.35047,1.3505,1.35025,1.35046
1786417200,1.350465,1.350595,1.35046,1.350585
1786417500,1.350585,1.350845,1.350575,1.35074
1786417800,1.350745,1.350865,1.350725,1.35084
1786418100,1.350835,1.350965,1.350815,1.35096
1786418400,1.350955,1.351005,1.35083,1.3509
1786418700,1.350905,1.351255,1.350895,1.35123
1786419000,1.351225,1.3513,1.351215,1.35125
1786419300,1.351255,1.35128,1.351135,1.351145
1786419600,1.35115,1.3512,1.351085,1.35109
1786419900,1.35109,1.351105,1.351035,1.351065
1786420200,1.35107,1.35107,1.350945,1.35105
1786420500,1.351045,1.35113,1.350975,1.351025
1786420800,1.35103,1.351125,1.351,1.3511
1786421100,1.3511,1.35119,1.351085,1.351085
1786421400,1.351085,1.35116,1.351065,1.35111
1786421700,1.3511,1.35126,1.3511,1.351175
1786422000,1.35117,1.35119,1.35112,1.35116
1786422300,1.35116,1.35127,1.35116,1.35125
1786422600,1.351255,1.351365,1.351005,1.35107
1786422900,1.351065,1.351075,1.35097,1.35098
1786423200,1.350985,1.35101,1.350825,1.350895
1786423500,1.3509,1.3511,1.350715,1.350725
1786423800,1.350715,1.351,1.3507,1.35096
1786424100,1.350965,1.35117,1.350965,1.35117
1786424400,1.351165,1.351185,1.351015,1.35103
1786424700,1.35103,1.351045,1.350925,1.351005
1786425000,1.351005,1.35107,1.35078,1.35087
1786425300,1.35086,1.350905,1.35082,1.350855
1786425600,1.350855,1.350915,1.35074,1.3509
1786425900,1.350895,1.350915,1.35078,1.350835
1786426200,1.35084,1.35104,1.350735,1.35102
1786426500,1.35101,1.35134,1.35095,1.35131
1786426800,1.351315,1.35143,1.351275,1.351395
1786427100,1.351405,1.351405,1.35118,1.35128
1786427400,1.35128,1.35132,1.35101,1.351085
1786427700,1.35109,1.35128,1.35099,1.35126
1786428000,1.351255,1.35159,1.351255,1.351455
1786428300,1.35146,1.35147,1.35129,1.35142
1786428600,1.351415,1.35156,1.351275,1.351355
1786428900,1.35136,1.35151,1.350765,1.350795
1786429200,1.3508,1.3508,1.35039,1.35042
1786429500,1.350415,1.35075,1.3504,1.35066
1786429800,1.350655,1.35077,1.3502,1.350355
1786430100,1.35035,1.350815,1.350155,1.350755
1786430400,1.35076,1.350865,1.35059,1.350635
1786430700,1.350645,1.35065,1.35041,1.3506
1786431000,1.350605,1.350625,1.350215,1.350305
1786431300,1.350305,1.35056,1.35021,1.35055
1786431600,1.350555,1.35081,1.35044,1.35062
1786431900,1.350605,1.35084,1.35055,1.35061
1786432200,1.350605,1.350655,1.35038,1.350615
1786432500,1.35061,1.35061,1.350275,1.350375
1786432800,1.35038,1.35041,1.349865,1.34997
1786433100,1.349965,1.35017,1.34993,1.350075
1786433400,1.35007,1.350245,1.349955,1.3502
1786433700,1.35019,1.350265,1.34971,1.349715
1786434000,1.34971,1.3498,1.34944,1.349695
1786434300,1.349705,1.349935,1.349675,1.34993
1786434600,1.349925,1.349985,1.34978,1.34982
1786434900,1.349815,1.34993,1.34958,1.349655
1786435200,1.349645,1.34979,1.3496,1.34973
1786435500,1.349725,1.34998,1.349535,1.34996
1786435800,1.349965,1.35002,1.34974,1.34992
1786436100,1.349915,1.35017,1.3499,1.35007
1786436400,1.350065,1.350195,1.350005,1.350145
1786436700,1.35014,1.350205,1.350005,1.350165
1786437000,1.35016,1.35056,1.350135,1.350495
1786437300,1.35049,1.35065,1.35029,1.350635
1786437600,1.35063,1.350885,1.350595,1.350615
1786437900,1.35061,1.35075,1.3505,1.35061
1786438200,1.3506,1.35063,1.35021,1.350255
1786438500,1.35025,1.35046,1.350225,1.350425
1786438800,1.35042,1.35044,1.350165,1.350315
1786439100,1.35031,1.35032,1.350055,1.350065
1786439400,1.350065,1.35024,1.34989,1.349935
1786439700,1.34994,1.350085,1.349875,1.35004
1786440000,1.35004,1.350185,1.34998,1.35003
1786440300,1.350035,1.35006,1.34989,1.35001
1786440600,1.350005,1.35023,1.35,1.35013
1786440900,1.35013,1.35018,1.350035,1.350065
1786441200,1.35007,1.35024,1.34994,1.35022
1786441500,1.350215,1.35053,1.35018,1.350485
1786441800,1.35048,1.350495,1.350345,1.35039
1786442100,1.350395,1.350505,1.35035,1.35042
1786442400,1.350415,1.350435,1.350035,1.350295
1786442700,1.35029,1.35052,1.35022,1.35032
1786443000,1.35032,1.350455,1.35009,1.3501
1786443300,1.350105,1.35016,1.34986,1.34986
1786443600,1.34986,1.35016,1.34975,1.34997
1786443900,1.34996,1.35031,1.34988,1.35002
1786444200,1.35002,1.35026,1.350005,1.3502
1786444500,1.3502,1.350285,1.35018,1.35022
1786444800,1.35022,1.35028,1.35006,1.350075
1786445100,1.35007,1.35018,1.349965,1.34997
1786445400,1.34997,1.350055,1.34969,1.349705
1786445700,1.3497,1.349825,1.34965,1.34982
1786446000,1.349815,1.350635,1.34966,1.350335
1786446300,1.35034,1.350405,1.34991,1.349995
1786446600,1.350005,1.35008,1.349825,1.349955
1786446900,1.34996,1.350075,1.34977,1.349805
1786447200,1.34981,1.349925,1.349725,1.34987
1786447500,1.349875,1.350195,1.349815,1.350045
1786447800,1.35005,1.350115,1.349795,1.35002
1786448100,1.350025,1.350065,1.34979,1.349855
1786448400,1.349855,1.349945,1.349685,1.349725
1786448700,1.34973,1.349765,1.349385,1.34939
1786449000,1.349395,1.34971,1.34935,1.3494
1786449300,1.34941,1.34953,1.34932,1.34934
1786449600,1.349335,1.349515,1.34921,1.349325
1786449900,1.34933,1.350035,1.3493,1.349975
1786450200,1.34998,1.350015,1.34952,1.3496
1786450500,1.349595,1.3497,1.34948,1.349685
1786450800,1.34968,1.34992,1.34927,1.349415
1786451100,1.34942,1.34973,1.34942,1.34963
1786451400,1.349625,1.350285,1.349615,1.35002
1786451700,1.350025,1.35003,1.34964,1.3497
1786452000,1.349705,1.34983,1.3496,1.3498
1786452300,1.349795,1.35001,1.34969,1.349815
1786452600,1.34981,1.349905,1.349705,1.349865
1786452900,1.34987,1.3501,1.34975,1.349925
1786453200,1.34993,1.35039,1.34992,1.34996
1786453500,1.349965,1.35016,1.34986,1.35002
1786453800,1.350025,1.350315,1.34991,1.349915
1786454100,1.34992,1.35015,1.34977,1.3498
1786454400,1.349805,1.350185,1.349765,1.35013
1786454700,1.350125,1.350205,1.34998,1.35008
1786455000,1.350085,1.350115,1.349665,1.34984
1786455300,1.34985,1.350315,1.349815,1.35023
1786455600,1.350245,1.35048,1.350105,1.3504
1786455900,1.35041,1.35068,1.350375,1.350485
1786456200,1.3505,1.350635,1.350275,1.35029
1786456500,1.3503,1.35042,1.35006,1.350075
1786456800,1.35008,1.3501,1.34981,1.350065
1786457100,1.35006,1.3503,1.35001,1.350025
1786457400,1.350025,1.35019,1.349835,1.350185
1786457700,1.35018,1.350505,1.35016,1.35049
1786458000,1.35048,1.350605,1.35019,1.35033
1786458300,1.350325,1.35044,1.350165,1.350305
1786458600,1.35031,1.350615,1.350235,1.3506
1786458900,1.350595,1.35075,1.350485,1.35055
1786459200,1.350545,1.350885,1.35045,1.350875
1786459500,1.35088,1.350925,1.350555,1.3506
1786459800,1.35059,1.350995,1.35049,1.35089
1786460100,1.350885,1.350965,1.35064,1.350845
1786460400,1.35085,1.350975,1.35068,1.35081
1786460700,1.350805,1.35083,1.350635,1.35073
1786461000,1.35073,1.35082,1.350295,1.350295
1786461300,1.350295,1.350375,1.35019,1.350305
1786461600,1.3503,1.350895,1.350265,1.350585
1786461900,1.35059,1.351015,1.35058,1.350895
1786462200,1.35089,1.35113,1.35061,1.350725
1786462500,1.35072,1.35098,1.350665,1.350775
1786462800,1.35077,1.350815,1.350365,1.350515
1786463100,1.35051,1.350745,1.350505,1.350615
1786463400,1.35061,1.350735,1.350455,1.35072
1786463700,1.350725,1.351485,1.350685,1.35148
1786464000,1.35149,1.35156,1.350995,1.351
1786464300,1.351005,1.351015,1.350855,1.350975
1786464600,1.35098,1.35102,1.35076,1.350765
1786464900,1.35076,1.35078,1.35057,1.35058
1786465200,1.350575,1.35071,1.35057,1.35064
1786465500,1.350645,1.35075,1.350615,1.350715
1786465800,1.35072,1.35072,1.3505,1.350505
1786466100,1.350505,1.350575,1.350405,1.350465
1786466400,1.350465,1.350605,1.350375,1.350505
1786466700,1.3505,1.35071,1.35042,1.35066
1786467000,1.35065,1.35071,1.35041,1.350465
1786467300,1.35047,1.350665,1.350435,1.350565
1786467600,1.35057,1.35063,1.35044,1.35045
1786467900,1.35045,1.35046,1.349965,1.350005
1786468200,1.349995,1.350005,1.34978,1.3498
1786468500,1.349795,1.349995,1.349705,1.34998
1786468800,1.349975,1.350115,1.34988,1.34991
1786469100,1.349905,1.34993,1.34973,1.349865
1786469400,1.349865,1.34995,1.349765,1.34977
1786469700,1.349765,1.35003,1.349745,1.350015
1786470000,1.350015,1.35024,1.350005,1.350195
1786470300,1.350195,1.35042,1.35019,1.350385
1786470600,1.35039,1.35042,1.35024,1.350245
1786470900,1.350235,1.35027,1.35006,1.35021
1786471200,1.350205,1.35022,1.349995,1.349995
1786471500,1.350005,1.350005,1.34987,1.349885
1786471800,1.349885,1.34995,1.349855,1.349925
1786472100,1.349915,1.34995,1.34963,1.34978
1786472400,1.349775,1.349805,1.34967,1.349705
1786472700,1.34971,1.34982,1.349695,1.34971
1786473000,1.349715,1.35002,1.349675,1.35
1786473300,1.349995,1.350215,1.349925,1.350205
1786473600,1.3502,1.35031,1.35008,1.350255
1786473900,1.35026,1.35039,1.35023,1.35028
1786474200,1.350275,1.350335,1.35007,1.35012
1786474500,1.350125,1.350325,1.35012,1.35031
1786474800,1.350315,1.35046,1.35026,1.35028
1786475100,1.350275,1.350445,1.35025,1.350385
1786475400,1.350375,1.35058,1.35032,1.350505
1786475700,1.350505,1.35051,1.350265,1.350295
1786476000,1.350295,1.35047,1.35025,1.350465
1786476300,1.35047,1.350605,1.350425,1.35057
1786476600,1.350575,1.35064,1.35049,1.3506
1786476900,1.3506,1.35067,1.35048,1.35067
1786477200,1.350665,1.350675,1.35057,1.35058
1786477500,1.35058,1.350685,1.350525,1.350675
1786477800,1.35067,1.350725,1.350655,1.350655
1786478100,1.35066,1.35084,1.35064,1.35081
1786478400,1.35082,1.35091,1.35079,1.350815
1786478700,1.350825,1.350885,1.350785,1.35085
1786479000,1.35084,1.35087,1.35069,1.350715
1786479300,1.350725,1.350725,1.35065,1.350675
1786479600,1.35067,1.35069,1.350625,1.35065
1786479900,1.350655,1.35067,1.35048,1.35051
1786480200,1.3505,1.35052,1.350395,1.350465
1786480500,1.350465,1.35057,1.35046,1.35049
1786480800,1.35049,1.35049,1.350395,1.350425
1786481100,1.35043,1.350715,1.35038,1.35071
1786481400,1.350705,1.350805,1.350705,1.350785
1786481700,1.35079,1.35087,1.350685,1.35077
1786482000,1.35077,1.35077,1.35077,1.35077
1786482300,1.35053,1.350665,1.350315,1.35037
1786482600,1.35037,1.350555,1.35037,1.35048
1786482900,1.35048,1.350515,1.35039,1.3505
1786483200,1.3505,1.35055,1.350465,1.350485
1786483500,1.350485,1.350635,1.35045,1.350635
1786483800,1.35061,1.350675,1.350495,1.35052
1786484100,1.35056,1.35061,1.350515,1.35053
1786484400,1.35053,1.350585,1.35053,1.350555
1786484700,1.350535,1.350605,1.350535,1.35056
1786485000,1.35056,1.35059,1.35054,1.35054
1786485300,1.35054,1.35085,1.35054,1.350825
1786485600,1.35083,1.35088,1.350645,1.35082
1786485900,1.350815,1.35083,1.350695,1.350815
1786486200,1.350815,1.350985,1.35066,1.350965
1786486500,1.350965,1.35099,1.350955,1.350975
1786486800,1.350975,1.350995,1.350965,1.350965
1786487100,1.350965,1.351065,1.35096,1.35105
1786487400,1.35104,1.35106,1.35098,1.35099
1786487700,1.35099,1.350995,1.35091,1.35091
1786488000,1.35091,1.350985,1.350895,1.35093
1786488300,1.35093,1.35097,1.350915,1.35095
1786488600,1.350945,1.35102,1.35091,1.35101
1786488900,1.35101,1.351035,1.350995,1.351015
1786489200,1.35102,1.35103,1.350975,1.350975
1786489500,1.350975,1.351105,1.35094,1.35108
1786489800,1.351075,1.351105,1.350935,1.350935
1786490100,1.35093,1.35098,1.35091,1.35091
1786490400,1.350915,1.35099,1.350915,1.35095
1786490700,1.350945,1.35101,1.35089,1.35089
1786491000,1.350895,1.35091,1.3508,1.350825
1786491300,1.35082,1.350915,1.35082,1.350885
1786491600,1.35089,1.35097,1.35077,1.350815
1786491900,1.350815,1.35085,1.35078,1.35081
1786492200,1.35081,1.350885,1.35078,1.350885
1786492500,1.350885,1.350935,1.350845,1.350935
1786492800,1.35094,1.351105,1.350785,1.351015
1786493100,1.35101,1.3511,1.35088,1.35106
1786493400,1.351055,1.35113,1.35099,1.35105
1786493700,1.351045,1.351115,1.35098,1.35109
1786494000,1.351095,1.35113,1.351025,1.351105
1786494300,1.351105,1.35113,1.35099,1.351065
1786494600,1.35107,1.351095,1.35096,1.351055
1786494900,1.35105,1.351065,1.350915,1.351
1786495200,1.350995,1.3511,1.35092,1.350965
1786495500,1.35096,1.35097,1.350785,1.350845
1786495800,1.35085,1.350865,1.350645,1.35072
1786496100,1.350715,1.350905,1.35068,1.350765
1786496400,1.35077,1.350785,1.350395,1.35052
1786496700,1.350525,1.35059,1.35045,1.35049
1786497000,1.35048,1.35049,1.35027,1.350395
1786497300,1.3504,1.35049,1.350265,1.350485
1786497600,1.350475,1.35051,1.350415,1.35049
1786497900,1.350485,1.3505,1.350305,1.35048
1786498200,1.350485,1.3506,1.350465,1.35048
1786498500,1.350475,1.35056,1.35041,1.350525
1786498800,1.35053,1.35066,1.350505,1.350625
1786499100,1.35063,1.35092,1.35061,1.350845
1786499400,1.35085,1.350915,1.350655,1.35071
1786499700,1.350705,1.350705,1.350515,1.350635
1786500000,1.35064,1.35067,1.35039,1.35043
1786500300,1.35043,1.35051,1.350385,1.35049
1786500600,1.35049,1.350505,1.350345,1.350355
1786500900,1.35036,1.35036,1.350165,1.350215
1786501200,1.350215,1.350375,1.350205,1.350285
1786501500,1.35028,1.35047,1.350275,1.35046
1786501800,1.350465,1.35069,1.35043,1.350585
1786502100,1.35059,1.350765,1.35053,1.35063
1786502400,1.350625,1.350705,1.350555,1.35068
1786502700,1.35068,1.35072,1.350615,1.35067
1786503000,1.35067,1.350705,1.350615,1.350675
1786503300,1.350685,1.350715,1.350565,1.35068
1786503600,1.350675,1.350725,1.350575,1.350575
1786503900,1.35057,1.350745,1.350555,1.350735
1786504200,1.35073,1.350825,1.350715,1.35073
1786504500,1.35073,1.350765,1.35064,1.35069
1786504800,1.350695,1.350775,1.35067,1.35073
1786505100,1.350735,1.350785,1.35067,1.350705
1786505400,1.35071,1.350735,1.350685,1.3507
1786505700,1.350695,1.350795,1.35066,1.350665
1786506000,1.35066,1.350705,1.350535,1.350565
1786506300,1.35056,1.350645,1.35056,1.350625
1786506600,1.350625,1.35064,1.35052,1.350535
1786506900,1.35053,1.35057,1.35046,1.35056
1786507200,1.350555,1.35062,1.3505,1.35061
1786507500,1.3506,1.35067,1.350575,1.3506
1786507800,1.350595,1.3506,1.35043,1.35049
1786508100,1.35049,1.350495,1.350325,1.35038
1786508400,1.35038,1.350505,1.35036,1.350465
1786508700,1.35047,1.35052,1.350425,1.35049
1786509000,1.350485,1.35055,1.350465,1.35053
1786509300,1.35053,1.35056,1.35051,1.35053
1786509600,1.35053,1.35074,1.350525,1.350695
1786509900,1.35069,1.350725,1.35064,1.35071
1786510200,1.35071,1.350725,1.35061,1.350615
1786510500,1.35061,1.35074,1.35061,1.35072
1786510800,1.350715,1.35072,1.350565,1.350585
1786511100,1.350585,1.350635,1.350505,1.35059
1786511400,1.35059,1.35061,1.3505,1.35051
1786511700,1.350505,1.350575,1.350485,1.35056
1786512000,1.35056,1.35059,1.35028,1.35034
1786512300,1.35034,1.35039,1.35024,1.350375
1786512600,1.35038,1.35058,1.350375,1.350375
1786512900,1.350375,1.350485,1.35035,1.35048
1786513200,1.35048,1.350515,1.3504,1.350425
1786513500,1.350425,1.35043,1.35036,1.35037
1786513800,1.35037,1.350545,1.35032,1.35053
1786514100,1.350535,1.35061,1.35052,1.350585
1786514400,1.35058,1.350695,1.35046,1.35051
1786514700,1.350515,1.35057,1.35045,1.35048
1786515000,1.350475,1.35065,1.350475,1.3506
1786515300,1.350595,1.35068,1.35053,1.3506
1786515600,1.350605,1.350645,1.350455,1.3505
1786515900,1.3505,1.350535,1.35044,1.35047
1786516200,1.350475,1.35062,1.35026,1.350535
1786516500,1.350535,1.350695,1.350495,1.35057
1786516800,1.350565,1.350745,1.350555,1.35067
1786517100,1.350675,1.35078,1.350525,1.3506
1786517400,1.3506,1.35063,1.35043,1.35049
1786517700,1.3505,1.350885,1.35047,1.35088
1786518000,1.350865,1.35101,1.35076,1.350765
1786518300,1.35077,1.35112,1.350765,1.35111
1786518600,1.351115,1.351125,1.35094,1.35106
1786518900,1.351055,1.35117,1.35101,1.351115
1786519200,1.351115,1.35114,1.350905,1.35096
1786519500,1.350975,1.351075,1.3509,1.35102
1786519800,1.351015,1.35108,1.35089,1.350915
1786520100,1.35092,1.35104,1.35086,1.351005
1786520400,1.351005,1.351005,1.350795,1.3508
1786520700,1.3508,1.351005,1.3508,1.35098
1786521000,1.35098,1.35102,1.35088,1.350885
1786521300,1.35088,1.350885,1.3506,1.35084
1786521600,1.350845,1.350885,1.35069,1.35073
1786521900,1.350725,1.350885,1.35069,1.35082
1786522200,1.35082,1.350945,1.350795,1.350915
1786522500,1.35092,1.351125,1.350795,1.351095
1786522800,1.3511,1.35117,1.3509,1.35092
1786523100,1.35091,1.351045,1.35086,1.351015
1786523400,1.35101,1.35108,1.350855,1.35086
1786523700,1.35086,1.35102,1.35082,1.35098
1786524000,1.35098,1.35117,1.3509,1.35114
1786524300,1.351145,1.351185,1.35106,1.351175
1786524600,1.35117,1.351235,1.351025,1.351035
1786524900,1.35103,1.351075,1.35095,1.35107
1786525200,1.351075,1.35158,1.35104,1.351495
1786525500,1.35149,1.35151,1.35128,1.35139
1786525800,1.35139,1.351975,1.351385,1.35188
1786526100,1.351875,1.352085,1.351775,1.352005
1786526400,1.352,1.352955,1.35188,1.35254
1786526700,1.352545,1.352565,1.351675,1.35182
1786527000,1.351815,1.351955,1.35167,1.35179
1786527300,1.351785,1.35186,1.35152,1.35157
1786527600,1.351565,1.35162,1.35145,1.35154
1786527900,1.351545,1.351635,1.351385,1.351395
1786528200,1.35141,1.35183,1.35114,1.35129
1786528500,1.351285,1.351335,1.35108,1.35128
1786528800,1.351285,1.35173,1.351225,1.35169
1786529100,1.3517,1.35193,1.35168,1.35188
1786529400,1.35188,1.352085,1.35186,1.351935
1786529700,1.35193,1.35222,1.35188,1.35212
1786530000,1.352115,1.352115,1.35192,1.35196
1786530300,1.351965,1.35211,1.351875,1.3521
1786530600,1.352095,1.352145,1.351925,1.35212
1786530900,1.352115,1.35212,1.35192,1.35203
1786531200,1.352035,1.35221,1.35197,1.3522
1786531500,1.352195,1.352275,1.35142,1.35173
1786531800,1.351735,1.351815,1.351475,1.351705
1786532100,1.3517,1.351805,1.35151,1.351515
1786532400,1.35152,1.351655,1.35139,1.35158
1786532700,1.351575,1.351885,1.351505,1.3517
1786533000,1.35169,1.35183,1.35163,1.35165
1786533300,1.351645,1.351815,1.35162,1.35169
1786533600,1.351695,1.35183,1.351585,1.35175
1786533900,1.351755,1.35201,1.351675,1.35197
1786534200,1.351975,1.35213,1.35181,1.35183
1786534500,1.351825,1.352145,1.351815,1.352095
1786534800,1.352095,1.35223,1.35207,1.35217
1786535100,1.352175,1.35238,1.35217,1.352335
1786535400,1.35234,1.35257,1.352275,1.352475
1786535700,1.35248,1.35292,1.35248,1.352655
1786536000,1.35266,1.352825,1.35257,1.35261
1786536300,1.352615,1.352715,1.352465,1.352595
1786536600,1.3526,1.352735,1.3523,1.3527
1786536900,1.352695,1.3527,1.35213,1.352155
1786537200,1.35216,1.35226,1.352025,1.35208
1786537500,1.35207,1.352925,1.351865,1.35287
1786537800,1.352875,1.35462,1.35068,1.3531
1786538100,1.353105,1.353765,1.3529,1.353705
1786538400,1.35371,1.35408,1.35323,1.353775
1786538700,1.35378,1.353795,1.352855,1.3532
1786539000,1.35321,1.35372,1.353045,1.353565
1786539300,1.35357,1.35384,1.3532,1.353765
1786539600,1.353755,1.35399,1.353275,1.35336
1786539900,1.353345,1.354115,1.3533,1.35371
1786540200,1.353715,1.353835,1.35255,1.352625
1786540500,1.35263,1.35333,1.35233,1.352805
1786540800,1.35281,1.352945,1.3523,1.35262
1786541100,1.352625,1.353085,1.352515,1.35308
1786541400,1.353075,1.353375,1.35297,1.353055
1786541700,1.35305,1.353135,1.3521,1.35225
1786542000,1.352255,1.352555,1.35171,1.351845
1786542300,1.35184,1.352425,1.3517,1.35218
1786542600,1.35219,1.352775,1.35218,1.35255
1786542900,1.35256,1.35274,1.35239,1.352495
1786543200,1.3525,1.352945,1.35247,1.35292
1786543500,1.352925,1.35298,1.352385,1.352415
1786543800,1.35241,1.3525,1.352005,1.352205
1786544100,1.3522,1.352505,1.35201,1.352155
1786544400,1.35215,1.35263,1.35214,1.352205
1786544700,1.35221,1.352325,1.3516,1.35173
1786545000,1.351725,1.35199,1.3506,1.35143
1786545300,1.35142,1.35182,1.3514,1.35163
1786545600,1.351635,1.351825,1.351225,1.351235
1786545900,1.35124,1.35146,1.35103,1.351175
1786546200,1.35117,1.35129,1.35038,1.350925
1786546500,1.35093,1.35106,1.350695,1.350915
1786546800,1.35091,1.35093,1.350185,1.35024
1786547100,1.350245,1.350835,1.35022,1.350825
1786547400,1.35083,1.351015,1.350715,1.35083
1786547700,1.350835,1.350925,1.350625,1.35074
1786548000,1.35073,1.350825,1.3506,1.35072
1786548300,1.350715,1.35093,1.35058,1.35063
1786548600,1.35064,1.350805,1.350595,1.35075
1786548900,1.350745,1.35085,1.350565,1.35073
1786549200,1.35073,1.350745,1.35036,1.350465
1786549500,1.35047,1.35051,1.350265,1.3505
1786549800,1.35049,1.35101,1.35043,1.35092
1786550100,1.350915,1.35118,1.35087,1.35097
1786550400,1.350975,1.35114,1.35068,1.350805
1786550700,1.350795,1.350795,1.35032,1.35061
1786551000,1.35061,1.350985,1.35051,1.350895
1786551300,1.35089,1.350905,1.35051,1.35054
1786551600,1.350545,1.350565,1.35032,1.350385
1786551900,1.35038,1.35045,1.35027,1.350295
1786552200,1.3503,1.350335,1.349955,1.35005
1786552500,1.35004,1.350115,1.34993,1.350055
1786552800,1.35006,1.35018,1.350005,1.35011
1786553100,1.350115,1.350145,1.34949,1.349525
1786553400,1.34952,1.349815,1.349435,1.349815
1786553700,1.34981,1.34982,1.34953,1.349705
1786554000,1.34971,1.350155,1.3497,1.34992
1786554300,1.34992,1.35003,1.34981,1.34988
1786554600,1.349875,1.34988,1.34964,1.34965
1786554900,1.34964,1.34966,1.349565,1.34961
1786555200,1.34961,1.349735,1.34948,1.3495
1786555500,1.3495,1.34963,1.349485,1.349615
1786555800,1.34961,1.349745,1.349525,1.349665
1786556100,1.34966,1.349675,1.349375,1.34942
1786556400,1.349415,1.34953,1.34919,1.34928
1786556700,1.349275,1.349465,1.349255,1.349345
1786557000,1.349355,1.34937,1.34917,1.349255
1786557300,1.349255,1.34935,1.349225,1.349235
1786557600,1.34924,1.349245,1.348905,1.349135
1786557900,1.34913,1.3493,1.34902,1.34929
1786558200,1.34929,1.349625,1.349285,1.34945
1786558500,1.34944,1.349525,1.349325,1.34942
1786558800,1.34942,1.34962,1.349405,1.349595
1786559100,1.3496,1.34973,1.349475,1.349515
1786559400,1.349505,1.349525,1.349275,1.349435
1786559700,1.34943,1.349515,1.349255,1.34929
1786560000,1.349285,1.349285,1.349095,1.34913
1786560300,1.349135,1.34919,1.34898,1.349095
1786560600,1.3491,1.34912,1.34899,1.34904
1786560900,1.34905,1.34907,1.348765,1.348805
1786561200,1.34881,1.34902,1.34877,1.34883
1786561500,1.34883,1.348945,1.348795,1.3489
1786561800,1.348905,1.34904,1.348885,1.349025
1786562100,1.34903,1.3492,1.348965,1.34918
1786562400,1.349185,1.349385,1.349145,1.34915
1786562700,1.34915,1.34922,1.349045,1.34908
1786563000,1.349085,1.349165,1.34904,1.34905
1786563300,1.34905,1.349085,1.34895,1.349
1786563600,1.349005,1.34912,1.34891,1.34911
1786563900,1.34911,1.34914,1.34898,1.349085
1786564200,1.34909,1.349115,1.348945,1.34895
1786564500,1.348955,1.349235,1.348835,1.34923
1786564800,1.349235,1.349285,1.349105,1.34911
1786565100,1.349115,1.349245,1.349115,1.349125
1786565400,1.349125,1.34914,1.349005,1.34902
1786565700,1.349015,1.349045,1.34898,1.349005
1786566000,1.349015,1.34906,1.348985,1.34905
1786566300,1.349095,1.34915,1.349025,1.349105
1786566600,1.34911,1.349245,1.34909,1.3492
1786566900,1.3492,1.34933,1.3492,1.34932
1786567200,1.349315,1.349365,1.349295,1.349365
1786567500,1.34936,1.349585,1.349355,1.349505
1786567800,1.34951,1.349605,1.349465,1.349485
1786568100,1.349475,1.34958,1.3494,1.349505
1786568400,1.349505,1.349505,1.34933,1.3494
1786568700,1.3494,1.34954,1.34938,1.3495
1786569000,1.3495,1.34963,1.349385,1.34939
1786569300,1.34938,1.349605,1.34938,1.349595
1786569600,1.34959,1.349595,1.34903,1.34928
1786569900,1.349275,1.34973,1.348895,1.34938
1786570200,1.349395,1.34951,1.34915,1.34948
1786570500,1.34948,1.349625,1.34947,1.3496
1786570800,1.349605,1.349605,1.349485,1.34958
1786571100,1.349475,1.349575,1.349395,1.34954
1786571400,1.34954,1.349735,1.349395,1.349445
1786571700,1.349445,1.349515,1.34931,1.349515
1786572000,1.349405,1.34952,1.349165,1.34924
1786572300,1.349245,1.349265,1.3492,1.34924
1786572600,1.34924,1.349345,1.349185,1.349345
1786572900,1.349345,1.349385,1.349305,1.34933
1786573200,1.34933,1.349415,1.349315,1.349325
1786573500,1.349325,1.349405,1.349315,1.34936
1786573800,1.349365,1.349415,1.349335,1.349405
1786574100,1.349405,1.34942,1.3494,1.349415
1786574400,1.349415,1.3495,1.349405,1.349435
1786574700,1.349435,1.3495,1.349425,1.3495
1786575000,1.3495,1.34958,1.349495,1.349555
1786575300,1.349555,1.34962,1.34953,1.349615
1786575600,1.349615,1.3497,1.349595,1.349625
1786575900,1.34962,1.34967,1.34959,1.34962
1786576200,1.34962,1.34963,1.3496,1.34963
1786576500,1.34963,1.34973,1.34963,1.349715
1786576800,1.349715,1.34974,1.349705,1.349725
1786577100,1.349725,1.34974,1.34969,1.349715
1786577400,1.34971,1.34973,1.349635,1.349685
1786577700,1.349685,1.34969,1.349625,1.34964
1786578000,1.34964,1.349695,1.349535,1.349575
1786578300,1.349575,1.349645,1.34954,1.34961
1786578600,1.34961,1.349715,1.34951,1.34971
1786578900,1.34971,1.34978,1.349685,1.34973
1786579200,1.34972,1.34996,1.34969,1.349865
1786579500,1.34987,1.34996,1.34984,1.349925
1786579800,1.34992,1.34993,1.349715,1.34973
1786580100,1.349725,1.34996,1.34972,1.34992
1786580400,1.34992,1.349985,1.349845,1.34995
1786580700,1.34996,1.34996,1.349765,1.34985
1786581000,1.349845,1.35005,1.349845,1.350005
1786581300,1.35001,1.35007,1.34984,1.34985
1786581600,1.349855,1.34998,1.34985,1.34992
1786581900,1.349925,1.349925,1.349635,1.34965
1786582200,1.349645,1.34973,1.34952,1.349635
1786582500,1.34963,1.349775,1.34946,1.34976
1786582800,1.349765,1.349855,1.349655,1.34971
1786583100,1.349705,1.34975,1.34957,1.349725
1786583400,1.34972,1.34984,1.34968,1.3497
1786583700,1.349695,1.34986,1.34967,1.34979
1786584000,1.34978,1.34991,1.34971,1.34985
1786584300,1.349855,1.349885,1.3497,1.34977
1786584600,1.349765,1.349935,1.34976,1.349875
1786584900,1.34988,1.349915,1.349625,1.349695
1786585200,1.34968,1.34971,1.34952,1.34953
1786585500,1.34953,1.349545,1.349325,1.34944
1786585800,1.349435,1.34944,1.349135,1.34915
1786586100,1.34916,1.349255,1.34911,1.34923
1786586400,1.349235,1.349305,1.349135,1.349185
1786586700,1.34919,1.349245,1.34919,1.34922
1786587000,1.34922,1.349225,1.349055,1.34909
1786587300,1.3491,1.3491,1.348985,1.348995
1786587600,1.348995,1.349065,1.348935,1.34895
1786587900,1.34895,1.34899,1.34882,1.348855
1786588200,1.34886,1.34895,1.348725,1.348775
1786588500,1.348775,1.3488,1.34868,1.348705
1786588800,1.348705,1.348855,1.34867,1.34884
1786589100,1.348835,1.348885,1.34872,1.348875
1786589400,1.348875,1.348875,1.348755,1.34877
1786589700,1.34877,1.348885,1.348765,1.34882
1786590000,1.34882,1.34902,1.348685,1.349005
1786590300,1.349,1.34912,1.348815,1.34882
1786590600,1.348825,1.348935,1.348685,1.34891
1786590900,1.348915,1.34892,1.34878,1.348805
1786591200,1.3488,1.34887,1.348685,1.348815
1786591500,1.348815,1.34891,1.34876,1.348885
1786591800,1.34889,1.348975,1.34884,1.34893
1786592100,1.348925,1.3491,1.34891,1.349035
1786592400,1.349035,1.349125,1.34903,1.34912
1786592700,1.34912,1.349135,1.34899,1.349015
1786593000,1.349015,1.34911,1.34898,1.349005
1786593300,1.349,1.349085,1.34898,1.34903
1786593600,1.349025,1.34903,1.34889,1.34892
1786593900,1.34892,1.34899,1.34889,1.3489
1786594200,1.348905,1.348905,1.34875,1.3488
1786594500,1.348805,1.348825,1.348735,1.34875
1786594800,1.34875,1.348755,1.348685,1.34873
1786595100,1.348725,1.34881,1.348715,1.34881
1786595400,1.34882,1.34888,1.348785,1.34886
1786595700,1.348845,1.348945,1.34882,1.348915
1786596000,1.348915,1.34897,1.34888,1.3489
1786596300,1.348895,1.34939,1.34889,1.34928
1786596600,1.34928,1.34934,1.34919,1.34924
1786596900,1.349245,1.34966,1.34924,1.349555
1786597200,1.34956,1.3496,1.349415,1.34947
1786597500,1.349475,1.349595,1.349415,1.34951
1786597800,1.349515,1.34958,1.3494,1.34953
1786598100,1.34953,1.349615,1.349485,1.34951
1786598400,1.34951,1.349705,1.34944,1.34965
1786598700,1.349655,1.349755,1.3496,1.349625
1786599000,1.34962,1.349625,1.34933,1.349415
1786599300,1.349415,1.349435,1.349335,1.34941
1786599600,1.349415,1.34947,1.349245,1.34927
1786599900,1.349275,1.349285,1.34918,1.34928
1786600200,1.34928,1.34942,1.34924,1.349385
1786600500,1.34938,1.34961,1.34927,1.34938
1786600800,1.349375,1.34996,1.349305,1.349345
1786601100,1.34935,1.349435,1.349155,1.349225
1786601400,1.349225,1.349225,1.348985,1.34901
1786601700,1.34902,1.34931,1.349015,1.34929
1786602000,1.349285,1.34939,1.349005,1.34901
1786602300,1.34901,1.34909,1.34851,1.34863
1786602600,1.348625,1.34864,1.347425,1.347525
1786602900,1.34752,1.348015,1.347435,1.34784
1786603200,1.347845,1.348015,1.347755,1.34796
1786603500,1.347965,1.34813,1.34791,1.34812
1786603800,1.348115,1.348345,1.34808,1.34823
1786604100,1.348225,1.34832,1.34806,1.348245
1786604400,1.34824,1.34843,1.34812,1.34816
1786604700,1.348155,1.348225,1.34775,1.347885
1786605000,1.34788,1.347905,1.34754,1.34778
1786605300,1.34779,1.34814,1.347785,1.3481
1786605600,1.348105,1.348385,1.34809,1.34829
1786605900,1.348285,1.34848,1.34816,1.348415
1786606200,1.34842,1.348535,1.348015,1.348095
1786606500,1.34809,1.348445,1.34809,1.348235
1786606800,1.34823,1.348615,1.34823,1.34851
1786607100,1.34851,1.34876,1.348385,1.348495
1786607400,1.34849,1.348815,1.348325,1.348465
1786607700,1.34847,1.348535,1.348215,1.34828
1786608000,1.348285,1.34836,1.34782,1.348095
1786608300,1.3481,1.348205,1.34793,1.348115
1786608600,1.34811,1.34821,1.347925,1.34802
1786608900,1.34802,1.34811,1.34785,1.347865
1786609200,1.34786,1.347995,1.34781,1.34785
1786609500,1.34785,1.348,1.347755,1.34791
1786609800,1.347915,1.348185,1.347885,1.34815
1786610100,1.348145,1.34828,1.34803,1.348235
1786610400,1.34824,1.34836,1.34816,1.34816
1786610700,1.34817,1.34824,1.348075,1.34811
1786611000,1.348105,1.348295,1.347965,1.34803
1786611300,1.348025,1.34803,1.347785,1.347875
1786611600,1.34788,1.34788,1.347535,1.347595
1786611900,1.3476,1.347965,1.347525,1.347875
1786612200,1.347875,1.34815,1.34783,1.348085
1786612500,1.34809,1.34832,1.347995,1.34828
1786612800,1.348285,1.348585,1.348285,1.348525
1786613100,1.34852,1.34883,1.34852,1.34875
1786613400,1.348745,1.34894,1.348665,1.34885
1786613700,1.348845,1.34898,1.348775,1.348895
1786614000,1.348895,1.3489,1.3487,1.34877
1786614300,1.348765,1.34901,1.34868,1.34872
1786614600,1.348715,1.348865,1.34862,1.348775
1786614900,1.34878,1.34915,1.34876,1.349135
1786615200,1.34914,1.34937,1.349075,1.349315
1786615500,1.34931,1.349555,1.34931,1.349485
1786615800,1.34949,1.349625,1.349375,1.349625
1786616100,1.34963,1.34986,1.349545,1.34975
1786616400,1.34975,1.349835,1.34957,1.34958
1786616700,1.349585,1.349855,1.34957,1.34984
1786617000,1.34985,1.350005,1.349765,1.34997
1786617300,1.34997,1.3501,1.349885,1.35004
1786617600,1.350045,1.35005,1.34968,1.349705
1786617900,1.3497,1.349725,1.349395,1.34942
1786618200,1.349425,1.349435,1.349155,1.34919
1786618500,1.34919,1.34921,1.348845,1.34895
1786618800,1.348955,1.3491,1.34874,1.348765
1786619100,1.348775,1.349095,1.34876,1.349015
1786619400,1.34901,1.34943,1.349005,1.349355
1786619700,1.34936,1.34939,1.349185,1.349275
1786620000,1.349275,1.349425,1.34922,1.3493
1786620300,1.349305,1.349495,1.3493,1.34948
1786620600,1.349475,1.34952,1.34929,1.34946
1786620900,1.34946,1.349625,1.349435,1.34951
1786621200,1.34951,1.34958,1.34932,1.34937
1786621500,1.34937,1.34952,1.34935,1.349515
1786621800,1.34951,1.34965,1.34925,1.349305
1786622100,1.3493,1.34932,1.349065,1.34922
1786622400,1.349225,1.349265,1.34897,1.349065
1786622700,1.34907,1.349265,1.34898,1.34914
1786623000,1.349135,1.349225,1.349,1.34907
1786623300,1.349065,1.34907,1.34878,1.348955
1786623600,1.34896,1.34921,1.34896,1.348995
1786623900,1.34899,1.34911,1.34871,1.34911
1786624200,1.349085,1.34998,1.34838,1.34919
1786624500,1.349185,1.349415,1.349035,1.349385
1786624800,1.34938,1.349875,1.34928,1.349615
1786625100,1.34961,1.350215,1.34958,1.34996
1786625400,1.349965,1.35034,1.349885,1.350065
1786625700,1.350065,1.350975,1.350065,1.35087
1786626000,1.350875,1.350995,1.350525,1.35077
1786626300,1.350775,1.35082,1.35034,1.35057
1786626600,1.350565,1.350615,1.350215,1.35059
1786626900,1.350595,1.350835,1.35054,1.350615
1786627200,1.35062,1.35086,1.3504,1.350465
1786627500,1.35046,1.35047,1.35015,1.350235
1786627800,1.35023,1.35032,1.349965,1.35006
1786628100,1.350055,1.350175,1.349705,1.3501
1786628400,1.350105,1.350165,1.349765,1.350095
1786628700,1.3501,1.35022,1.349825,1.34989
1786629000,1.349895,1.35011,1.34948,1.34987
1786629300,1.349875,1.35012,1.349735,1.34984
1786629600,1.349845,1.350455,1.34983,1.350125
1786629900,1.35013,1.35063,1.349955,1.3503
1786630200,1.350295,1.35072,1.35021,1.35059
1786630500,1.350595,1.3513,1.350485,1.35125
1786630800,1.351255,1.35127,1.35062,1.35074
1786631100,1.350745,1.35077,1.350385,1.350405
1786631400,1.35039,1.350465,1.350115,1.350465
1786631700,1.35046,1.350575,1.350055,1.350275
1786632000,1.35027,1.350575,1.35016,1.35023
1786632300,1.350225,1.35032,1.34988,1.349935
1786632600,1.34993,1.35087,1.34991,1.35072
1786632900,1.350715,1.350975,1.350615,1.35074
1786633200,1.35073,1.35091,1.3506,1.35077
1786633500,1.35078,1.350925,1.35057,1.35061
1786633800,1.350615,1.35066,1.350165,1.350255
1786634100,1.35026,1.350315,1.349715,1.34978
1786634400,1.34979,1.349995,1.349635,1.349955
1786634700,1.34996,1.350195,1.3495,1.349635
1786635000,1.34963,1.349845,1.349545,1.349605
1786635300,1.3496,1.349855,1.34948,1.34979
1786635600,1.349785,1.349905,1.349485,1.349505
1786635900,1.3495,1.34976,1.3495,1.349715
1786636200,1.349705,1.34976,1.34939,1.349465
1786636500,1.34947,1.349725,1.34947,1.349565
1786636800,1.34957,1.34962,1.34937,1.34953
1786637100,1.349525,1.349565,1.34908,1.349105
1786637400,1.3491,1.349105,1.34877,1.34886
1786637700,1.348855,1.348975,1.34841,1.348415
1786638000,1.348425,1.348615,1.34829,1.348615
1786638300,1.348605,1.34871,1.348495,1.34853
1786638600,1.348525,1.34863,1.34835,1.34843
1786638900,1.348435,1.348585,1.348395,1.3484
1786639200,1.348405,1.348485,1.34828,1.348405
1786639500,1.3484,1.34863,1.34839,1.348625
1786639800,1.34863,1.348705,1.348575,1.348665
1786640100,1.34867,1.34873,1.348475,1.348585
1786640400,1.348575,1.34892,1.348385,1.34848
1786640700,1.348475,1.34857,1.34821,1.348235
1786641000,1.34823,1.34841,1.34811,1.348125
1786641300,1.34812,1.34841,1.34812,1.34827
1786641600,1.34826,1.348395,1.348245,1.348275
1786641900,1.348275,1.348285,1.34808,1.34817
1786642200,1.348175,1.34818,1.34796,1.34812
1786642500,1.348115,1.348395,1.348065,1.348375
1786642800,1.34838,1.348415,1.34825,1.348385
1786643100,1.348385,1.348395,1.34818,1.348385
1786643400,1.34838,1.34843,1.34825,1.3484
1786643700,1.348405,1.348525,1.348175,1.348185
1786644000,1.348195,1.348275,1.347955,1.348055
1786644300,1.348055,1.34825,1.348015,1.348225
1786644600,1.34822,1.348735,1.348215,1.34858
1786644900,1.348575,1.34862,1.34848,1.34858
1786645200,1.348585,1.34859,1.34831,1.348385
1786645500,1.348385,1.34858,1.34836,1.348535
1786645800,1.34853,1.348625,1.348355,1.34841
1786646100,1.348415,1.348665,1.34839,1.34862
1786646400,1.348625,1.348735,1.348585,1.348605
1786646700,1.3486,1.348625,1.34841,1.34848
1786647000,1.34849,1.348565,1.34842,1.348485
1786647300,1.34848,1.348515,1.34836,1.348385
1786647600,1.34838,1.348495,1.348355,1.348455
1786647900,1.348455,1.34861,1.34841,1.348545
1786648200,1.34855,1.348575,1.348455,1.348475
1786648500,1.348475,1.34858,1.3484,1.34857
1786648800,1.348575,1.34871,1.34857,1.3487
1786649100,1.3487,1.34878,1.34867,1.348725
1786649400,1.348735,1.34876,1.34864,1.348675
1786649700,1.348675,1.348825,1.348615,1.34868
1786650000,1.34868,1.3487,1.348375,1.34847
1786650300,1.348475,1.348485,1.34838,1.348475
1786650600,1.34846,1.34869,1.348395,1.34867
1786650900,1.34866,1.34878,1.348605,1.34872
1786651200,1.348715,1.34878,1.34862,1.3487
1786651500,1.3487,1.3487,1.34849,1.34854
1786651800,1.348535,1.3486,1.34846,1.348595
1786652100,1.34859,1.3486,1.34849,1.348505
1786652400,1.348505,1.348575,1.348485,1.34849
1786652700,1.348495,1.34868,1.348495,1.348635
1786653000,1.34863,1.34863,1.348495,1.34856
1786653300,1.348565,1.34861,1.34853,1.348595
1786653600,1.34859,1.348595,1.3485,1.34853
1786653900,1.34852,1.3487,1.34852,1.348695
1786654200,1.348705,1.34879,1.348675,1.34872
1786654500,1.348715,1.348745,1.34861,1.34867
1786654800,1.34867,1.34872,1.34848,1.34861
1786655100,1.348625,1.34872,1.34848,1.34851
1786655400,1.34851,1.34872,1.34827,1.34836
1786655700,1.34835,1.34857,1.34834,1.348355
1786656000,1.348355,1.348675,1.348355,1.34851
1786656300,1.34851,1.34881,1.348485,1.34868
1786656600,1.348675,1.349315,1.34863,1.348915
1786656900,1.348915,1.348985,1.348815,1.348895
1786657200,1.348895,1.34898,1.348725,1.348955
1786657500,1.34892,1.348935,1.34858,1.348615
1786657800,1.348615,1.348615,1.34858,1.3486
1786658100,1.3486,1.348695,1.348425,1.3486
1786658400,1.34859,1.34886,1.348495,1.34866
1786658700,1.34866,1.34866,1.3486,1.348615
1786659000,1.34861,1.34863,1.348505,1.34858
1786659300,1.348585,1.34873,1.348565,1.34871
1786659600,1.348715,1.348815,1.348695,1.348695
1786659900,1.348695,1.348735,1.348695,1.348725
1786660200,1.34872,1.348755,1.34869,1.348695
1786660500,1.348695,1.348725,1.34869,1.348715
1786660800,1.348715,1.348795,1.348715,1.34879
1786661100,1.34879,1.348805,1.348725,1.34873
1786661400,1.34873,1.3488,1.34873,1.348785
1786661700,1.348785,1.348845,1.34878,1.348845
1786662000,1.34886,1.348965,1.34886,1.348925
1786662300,1.348925,1.349005,1.34889,1.348995
1786662600,1.349,1.349005,1.34896,1.348975
1786662900,1.348975,1.34898,1.348885,1.348885
1786663200,1.348885,1.34891,1.348805,1.34882
1786663500,1.348815,1.34888,1.34879,1.34882
1786663800,1.34882,1.34891,1.34881,1.34891
1786664100,1.34891,1.34891,1.34886,1.34891
1786664400,1.34891,1.349005,1.34888,1.34893
1786664700,1.348935,1.349095,1.34892,1.349005
1786665000,1.348995,1.349075,1.34898,1.34901
1786665300,1.34901,1.34906,1.34899,1.349005
1786665600,1.34901,1.3493,1.34897,1.34918
1786665900,1.349175,1.349295,1.34912,1.34924
1786666200,1.349235,1.349265,1.349085,1.34912
1786666500,1.34912,1.34924,1.34911,1.349235
1786666800,1.349235,1.34941,1.349205,1.34937
1786667100,1.34937,1.349485,1.34932,1.34944
1786667400,1.349445,1.34955,1.34939,1.349525
1786667700,1.34952,1.34961,1.34942,1.34943
1786668000,1.349435,1.34949,1.34941,1.349475
1786668300,1.34948,1.34954,1.349415,1.34942
1786668600,1.349415,1.349705,1.349405,1.34969
1786668900,1.349695,1.349815,1.349595,1.349755
1786669200,1.349745,1.349785,1.34947,1.349575
1786669500,1.34957,1.34957,1.349365,1.34941
1786669800,1.349415,1.349415,1.349105,1.349125
1786670100,1.349135,1.349325,1.3491,1.349185
1786670400,1.34918,1.349215,1.349005,1.34902
1786670700,1.349015,1.34919,1.348965,1.349115
1786671000,1.349105,1.349395,1.34898,1.34935
1786671300,1.349355,1.349555,1.34932,1.349395
1786671600,1.3494,1.349435,1.34928,1.349365
1786671900,1.34936,1.34945,1.349295,1.349375
1786672200,1.34938,1.349455,1.349345,1.34939
1786672500,1.349385,1.34944,1.348915,1.348925
1786672800,1.34893,1.3491,1.348915,1.34898
1786673100,1.348985,1.34913,1.3489,1.349105
1786673400,1.3491,1.349185,1.349055,1.34909
1786673700,1.349095,1.34921,1.349085,1.34917
1786674000,1.349165,1.349245,1.349065,1.349185
1786674300,1.349175,1.349345,1.34914,1.34914
1786674600,1.349145,1.34934,1.349095,1.349265
1786674900,1.34926,1.34936,1.349205,1.349275
1786675200,1.34929,1.349395,1.34927,1.34936
1786675500,1.349365,1.349395,1.34912,1.34916
1786675800,1.34916,1.34922,1.34897,1.34897
1786676100,1.34896,1.349075,1.348855,1.34897
1786676400,1.34898,1.349145,1.34889,1.34911
1786676700,1.34911,1.34926,1.34911,1.349175
1786677000,1.349185,1.34925,1.349065,1.349245
1786677300,1.34924,1.34937,1.349185,1.349365
1786677600,1.349365,1.349695,1.34934,1.349555
1786677900,1.34955,1.349695,1.349465,1.34967
1786678200,1.349675,1.349745,1.349595,1.349675
1786678500,1.34968,1.3497,1.349475,1.349555
1786678800,1.349555,1.349605,1.3495,1.34956
1786679100,1.34956,1.34957,1.349455,1.349495
1786679400,1.3495,1.34952,1.34936,1.34938
1786679700,1.349385,1.349565,1.34938,1.349505
1786680000,1.3495,1.349645,1.349465,1.349625
1786680300,1.34964,1.349755,1.349575,1.34975
1786680600,1.34976,1.34982,1.34967,1.349685
1786680900,1.34969,1.34975,1.34964,1.3497
1786681200,1.3497,1.349725,1.34962,1.34967
1786681500,1.34967,1.349695,1.3495,1.349515
1786681800,1.34952,1.35001,1.34947,1.3499
1786682100,1.349905,1.349915,1.34976,1.349785
1786682400,1.34978,1.3498,1.3496,1.349605
1786682700,1.349605,1.34966,1.34957,1.349585
1786683000,1.34958,1.3497,1.34957,1.34967
1786683300,1.349665,1.34979,1.34966,1.34972
1786683600,1.349725,1.3499,1.3497,1.349865
1786683900,1.34987,1.349895,1.349755,1.34978
1786684200,1.349785,1.349845,1.34976,1.34979
1786684500,1.3498,1.349885,1.349775,1.349815
1786684800,1.34982,1.34983,1.34975,1.349795
1786685100,1.34979,1.35001,1.349785,1.34998
1786685400,1.349985,1.350015,1.34984,1.349965
1786685700,1.349965,1.34999,1.34988,1.349925
1786686000,1.34992,1.350235,1.349895,1.349895
1786686300,1.349885,1.349975,1.349815,1.349865
1786686600,1.34986,1.350015,1.349855,1.349975
1786686900,1.349985,1.35009,1.34986,1.35009
1786687200,1.35008,1.35023,1.35006,1.3502
1786687500,1.350205,1.35028,1.35008,1.350155
1786687800,1.35015,1.350215,1.350075,1.35016
1786688100,1.350155,1.35025,1.350065,1.35007
1786688400,1.350075,1.35017,1.349855,1.349865
1786688700,1.34987,1.349985,1.3498,1.349965
1786689000,1.34996,1.35017,1.34993,1.3501
1786689300,1.350095,1.350375,1.350075,1.350215
1786689600,1.35021,1.350335,1.350055,1.35029
1786689900,1.350295,1.350365,1.35016,1.350345
1786690200,1.35035,1.35043,1.350115,1.350145
1786690500,1.350155,1.35047,1.350125,1.35046
1786690800,1.35047,1.350845,1.350365,1.350615
1786691100,1.35061,1.35062,1.35038,1.35061
1786691400,1.35061,1.350845,1.35054,1.35057
1786691700,1.350565,1.350705,1.35045,1.350655
1786692000,1.35066,1.350695,1.350355,1.350375
1786692300,1.35037,1.350535,1.35035,1.3504
1786692600,1.350405,1.350545,1.350305,1.350505
1786692900,1.3505,1.350785,1.35038,1.35077
1786693200,1.350765,1.350985,1.3507,1.350745
1786693500,1.350755,1.35132,1.350685,1.351285
1786693800,1.35128,1.35135,1.35093,1.35108
1786694100,1.351075,1.351315,1.35097,1.35123
1786694400,1.351235,1.35171,1.351215,1.35156
1786694700,1.35155,1.35199,1.35153,1.351975
1786695000,1.35197,1.351975,1.351585,1.351675
1786695300,1.351675,1.35181,1.35159,1.351615
1786695600,1.35161,1.3519,1.351545,1.351875
1786695900,1.351885,1.352285,1.35186,1.352215
1786696200,1.35221,1.3523,1.351965,1.35217
1786696500,1.352165,1.35253,1.3521,1.3525
1786696800,1.352505,1.352715,1.35216,1.35222
1786697100,1.352215,1.35226,1.35198,1.352005
1786697400,1.352,1.35224,1.35186,1.3522
1786697700,1.352205,1.352405,1.352,1.352275
1786698000,1.35227,1.352585,1.352235,1.35229
1786698300,1.35229,1.352395,1.352135,1.3522
1786698600,1.352205,1.35226,1.351955,1.352175
1786698900,1.35217,1.35231,1.352075,1.352135
1786699200,1.35213,1.352195,1.35206,1.352175
1786699500,1.35218,1.352305,1.352115,1.352265
1786699800,1.35226,1.35237,1.352115,1.352145
1786700100,1.35215,1.352195,1.352,1.352165
1786700400,1.352165,1.35225,1.35208,1.35219
1786700700,1.352195,1.35244,1.352195,1.35227
1786701000,1.352275,1.35241,1.352165,1.352385
1786701300,1.35239,1.35252,1.35224,1.352495
1786701600,1.3525,1.352595,1.35231,1.35245
1786701900,1.35245,1.35268,1.35245,1.352635
1786702200,1.35263,1.352805,1.35259,1.352655
1786702500,1.352665,1.35271,1.352655,1.352705
1786702800,1.3527,1.352785,1.352655,1.35269
1786703100,1.352695,1.35272,1.3526,1.35269
1786703400,1.352695,1.352805,1.35266,1.35267
1786703700,1.35266,1.35292,1.35266,1.35282
1786704000,1.352815,1.352885,1.352665,1.352875
1786704300,1.35288,1.352935,1.352795,1.352805
1786704600,1.35281,1.352985,1.35276,1.352765
1786704900,1.35277,1.352835,1.352665,1.352755
1786705200,1.35276,1.35308,1.352755,1.35284
1786705500,1.35284,1.35287,1.352655,1.352825
1786705800,1.35283,1.353085,1.35282,1.353065
1786706100,1.35306,1.35344,1.35301,1.35335
1786706400,1.35336,1.353685,1.35335,1.353585
1786706700,1.35359,1.353645,1.353385,1.35346
1786707000,1.353465,1.353875,1.35344,1.35384
1786707300,1.35385,1.35408,1.35383,1.353975
1786707600,1.35398,1.354265,1.35397,1.35404
1786707900,1.354055,1.354075,1.35369,1.35397
1786708200,1.353965,1.354145,1.353525,1.353665
1786708500,1.35366,1.3537,1.35346,1.353505
1786708800,1.3535,1.35386,1.353435,1.35373
1786709100,1.35374,1.35412,1.353625,1.353625
1786709400,1.3536,1.35368,1.353295,1.353565
1786709700,1.35356,1.353855,1.35352,1.3538
1786710000,1.353795,1.35437,1.35371,1.35434
1786710300,1.354345,1.354445,1.354,1.354345
1786710600,1.354335,1.35509,1.354335,1.354355
1786710900,1.35436,1.35448,1.353745,1.353805
1786711200,1.353795,1.35395,1.35355,1.353575
1786711500,1.35357,1.354155,1.353515,1.35382
1786711800,1.353815,1.35399,1.353695,1.353885
1786712100,1.35388,1.354065,1.35349,1.353825
1786712400,1.35383,1.35388,1.353425,1.353635
1786712700,1.35364,1.3539,1.353575,1.353875
1786713000,1.35387,1.353965,1.353615,1.35365
1786713300,1.353655,1.353805,1.353485,1.353615
1786713600,1.35362,1.354095,1.35361,1.35409
1786713900,1.354085,1.354515,1.354065,1.35431
1786714200,1.354315,1.35475,1.354125,1.35472
1786714500,1.354725,1.355595,1.354725,1.35559
1786714800,1.355585,1.3556,1.355185,1.355525
1786715100,1.35552,1.356185,1.355505,1.35576
1786715400,1.355765,1.35604,1.355085,1.35517
1786715700,1.355165,1.355525,1.35505,1.3552
1786716000,1.355195,1.355785,1.355055,1.355565
1786716300,1.35557,1.35559,1.35521,1.35545
1786716600,1.355445,1.35562,1.35506,1.355075
1786716900,1.35508,1.35562,1.35501,1.35504
1786717200,1.355045,1.355625,1.355025,1.355625
1786717500,1.355625,1.35614,1.3556,1.355835
1786717800,1.35583,1.355875,1.35509,1.35511
1786718100,1.355105,1.35551,1.354915,1.355335
1786718400,1.35534,1.35551,1.35498,1.35516
1786718700,1.355155,1.35517,1.354695,1.35478
1786719000,1.35477,1.355075,1.35455,1.35476
1786719300,1.35477,1.355085,1.354565,1.35484
1786719600,1.35483,1.355325,1.35471,1.35512
1786719900,1.355115,1.355235,1.35479,1.35489
1786720200,1.354895,1.35504,1.35484,1.354865
1786720500,1.354865,1.35493,1.35448,1.35451
1786720800,1.354515,1.35457,1.35396,1.35425
1786721100,1.354245,1.354825,1.354175,1.35482
1786721400,1.354825,1.355285,1.354825,1.355165
1786721700,1.35516,1.35547,1.355005,1.35508
1786722000,1.355075,1.35519,1.354865,1.355105
1786722300,1.3551,1.35561,1.35505,1.355535
1786722600,1.35554,1.355715,1.35543,1.35544
1786722900,1.355445,1.355665,1.35536,1.35539
1786723200,1.355395,1.355665,1.35529,1.35551
1786723500,1.355515,1.355615,1.3552,1.355215
1786723800,1.355215,1.35524,1.35495,1.35496
1786724100,1.354955,1.355415,1.354945,1.35526
1786724400,1.355265,1.35534,1.35505,1.35509
1786724700,1.355095,1.355095,1.35486,1.35489
1786725000,1.354895,1.355005,1.354645,1.354975
1786725300,1.35497,1.355295,1.35496,1.355185
1786725600,1.35519,1.35521,1.35461,1.35467
1786725900,1.354675,1.35471,1.354405,1.35441
1786726200,1.35442,1.354445,1.35403,1.35407
1786726500,1.354065,1.354095,1.353835,1.35394
1786726800,1.353935,1.353945,1.35357,1.353605
1786727100,1.35361,1.35366,1.35322,1.35327
1786727400,1.353265,1.35337,1.353105,1.353205
1786727700,1.3532,1.35337,1.35284,1.352855
1786728000,1.352845,1.352955,1.35271,1.35283
1786728300,1.352825,1.353065,1.352755,1.353005
1786728600,1.352995,1.353175,1.352905,1.35316
1786728900,1.353155,1.353225,1.35309,1.35316
1786729200,1.353165,1.353245,1.352885,1.35291
1786729500,1.352915,1.353075,1.352835,1.352995
1786729800,1.353,1.35319,1.35292,1.35314
1786730100,1.353145,1.353315,1.35312,1.35322
1786730400,1.353225,1.35325,1.353065,1.35316
1786730700,1.353165,1.35335,1.353115,1.35324
1786731000,1.35323,1.35327,1.352965,1.35303
1786731300,1.353035,1.353315,1.352995,1.353305
1786731600,1.353295,1.353445,1.35327,1.35334
1786731900,1.35334,1.353485,1.353335,1.35345
1786732200,1.353455,1.35349,1.353245,1.35336
1786732500,1.353355,1.353435,1.35332,1.353375
1786732800,1.353375,1.353505,1.35337,1.353415
1786733100,1.35342,1.35346,1.35329,1.353415
1786733400,1.35342,1.353575,1.35339,1.353525
1786733700,1.35352,1.353575,1.353265,1.353315
1786734000,1.35332,1.353485,1.35323,1.353285
1786734300,1.35329,1.35348,1.353215,1.35346
1786734600,1.353455,1.3536,1.353455,1.35348
1786734900,1.353485,1.353585,1.353425,1.35351
1786735200,1.353515,1.35361,1.35346,1.3535
1786735500,1.35349,1.35372,1.35349,1.35362
1786735800,1.353615,1.353705,1.35353,1.35357
1786736100,1.35358,1.353625,1.35335,1.353515
1786736400,1.353515,1.35356,1.353435,1.353465
1786736700,1.35347,1.35358,1.35341,1.35354
1786737000,1.353535,1.35361,1.35342,1.35345
1786737300,1.353445,1.35351,1.3533,1.353485
1786737600,1.35349,1.35353,1.353355,1.35351
1786737900,1.353505,1.35361,1.353385,1.3536
1786738200,1.353595,1.353605,1.35343,1.353455
1786738500,1.35346,1.35351,1.353415,1.3535
1786738800,1.353505,1.3536,1.3535,1.35353
1786739100,1.353535,1.353665,1.353535,1.35362
1786739400,1.353615,1.35363,1.3534,1.3534
1786739700,1.35339,1.353495,1.35338,1.353395
1786740000,1.3534,1.353435,1.353345,1.35343
1786740300,1.353425,1.353475,1.353305,1.35333
1786740600,1.35334,1.35344,1.353325,1.35336
1786740900,1.353355,1.35361,1.353125,1.35323
1786914000,1.35323,1.35437,1.35323,1.354085
1786914300,1.354085,1.354085,1.35362,1.354025
1786914600,1.35403,1.354235,1.3539,1.354155
1786914900,1.35416,1.35417,1.35415,1.35415
1786915200,1.35415,1.35417,1.35407,1.35411
1786915500,1.3541,1.35417,1.353835,1.353865
1786915800,1.35379,1.35399,1.35363,1.353855
1786916100,1.35385,1.35386,1.35364,1.35366
1786916400,1.35366,1.353815,1.35366,1.353775
1786916700,1.353765,1.35384,1.35356,1.353715
1786917000,1.35372,1.35372,1.35333,1.35333
1786917300,1.35333,1.353665,1.353205,1.353575
1786917600,1.35355,1.35369,1.353185,1.3532
1786917900,1.3532,1.353215,1.353085,1.353115
1786918200,1.353115,1.353265,1.3531,1.353235
1786918500,1.35324,1.35344,1.353235,1.353425
1786918800,1.35342,1.353725,1.35342,1.3537
1786919100,1.353695,1.353785,1.35369,1.353765
1786919400,1.353745,1.35395,1.35373,1.35392
1786919700,1.353915,1.35404,1.35388,1.354005
1786920000,1.353995,1.35402,1.353955,1.35397
1786920300,1.353975,1.35403,1.35393,1.35403
1786920600,1.35403,1.354245,1.354025,1.35421
1786920900,1.354195,1.35437,1.35406,1.354345
1786921200,1.35434,1.35445,1.35432,1.354425
1786921500,1.35442,1.354535,1.35437,1.354495
1786921800,1.35449,1.35454,1.354365,1.354425
1786922100,1.354425,1.354445,1.354315,1.35433
1786922400,1.35433,1.35443,1.354325,1.35442
1786922700,1.35442,1.354445,1.354385,1.354415
1786923000,1.35442,1.354435,1.3543,1.35435
1786923300,1.35435,1.35447,1.35432,1.35445
1786923600,1.35445,1.35455,1.354445,1.354515
1786923900,1.354505,1.35473,1.354495,1.35472
1786924200,1.354725,1.354725,1.35446,1.354505
1786924500,1.354505,1.35467,1.354505,1.354625
1786924800,1.35462,1.355215,1.35462,1.355165
1786925100,1.355155,1.35518,1.35502,1.355065
1786925400,1.35507,1.355205,1.35502,1.355195
1786925700,1.355185,1.35532,1.355065,1.35521
1786926000,1.355205,1.35536,1.35509,1.35532
1786926300,1.35532,1.355395,1.35524,1.355305
1786926600,1.3553,1.355605,1.3553,1.355515
1786926900,1.355515,1.35557,1.355255,1.35535
1786927200,1.355345,1.3554,1.355275,1.355325
1786927500,1.35532,1.35538,1.355265,1.355285
1786927800,1.35528,1.355495,1.355185,1.35531
1786928100,1.35531,1.355575,1.355265,1.3555
1786928400,1.355505,1.35561,1.35524,1.35541
1786928700,1.355395,1.355475,1.35522,1.35524
1786929000,1.355235,1.35532,1.35517,1.355285
1786929300,1.355295,1.355325,1.355195,1.355215
1786929600,1.35522,1.35568,1.3552,1.35542
1786929900,1.355425,1.355565,1.355375,1.355395
1786930200,1.35539,1.35542,1.355095,1.355115
1786930500,1.35511,1.35518,1.355025,1.355135
1786930800,1.35514,1.35539,1.35509,1.35539
1786931100,1.355385,1.355515,1.355335,1.35544
1786931400,1.355435,1.3556,1.35536,1.355515
1786931700,1.35551,1.355575,1.355405,1.35552
1786932000,1.355525,1.355545,1.35546,1.35553
1786932300,1.355525,1.35561,1.35536,1.35537
1786932600,1.35537,1.3554,1.355165,1.355385
1786932900,1.35539,1.35551,1.35529,1.355495
1786933200,1.35549,1.3555,1.35536,1.355385
1786933500,1.35538,1.35553,1.35536,1.355505
1786933800,1.35551,1.35559,1.35496,1.354985
1786934100,1.354975,1.35521,1.35496,1.35517
1786934400,1.35517,1.35533,1.355065,1.355065
1786934700,1.35508,1.355205,1.35506,1.355175
1786935000,1.355175,1.35518,1.355055,1.355085
1786935300,1.355085,1.355085,1.35494,1.35497
1786935600,1.354985,1.35501,1.354805,1.354815
1786935900,1.35482,1.35499,1.35479,1.354905
1786936200,1.35491,1.35496,1.35482,1.35495
1786936500,1.35496,1.35508,1.354895,1.355005
1786936800,1.355,1.355025,1.354935,1.35495
1786937100,1.354955,1.35497,1.35486,1.35492
1786937400,1.354925,1.355005,1.354875,1.354875
1786937700,1.35488,1.35488,1.354665,1.35475
1786938000,1.354745,1.35483,1.354745,1.354795
1786938300,1.3548,1.354895,1.35477,1.35485
1786938600,1.35485,1.35498,1.354755,1.35496
1786938900,1.354965,1.3552,1.354905,1.355165
1786939200,1.355175,1.355225,1.355055,1.35518
1786939500,1.35519,1.35557,1.355175,1.35552
1786939800,1.355515,1.355635,1.35547,1.355555
1786940100,1.355555,1.355575,1.35546,1.35547
1786940400,1.35547,1.355515,1.355375,1.35549
1786940700,1.355495,1.355575,1.355475,1.355475
1786941000,1.35548,1.35551,1.355365,1.355415
1786941300,1.355415,1.35554,1.35539,1.355475
1786941600,1.355465,1.35553,1.355445,1.3555
1786941900,1.355505,1.355515,1.355365,1.355375
1786942200,1.35537,1.35539,1.35521,1.35522
1786942500,1.355225,1.35523,1.355095,1.355115
1786942800,1.35511,1.35527,1.35511,1.355215
1786943100,1.355215,1.35523,1.355155,1.35518
1786943400,1.35518,1.35519,1.354965,1.35502
1786943700,1.355025,1.35519,1.354975,1.355185
1786944000,1.35519,1.355465,1.355185,1.35537
1786944300,1.355365,1.355495,1.35531,1.35542
1786944600,1.355425,1.355535,1.355305,1.355385
1786944900,1.355385,1.355465,1.35526,1.355465
1786945200,1.355465,1.355495,1.355305,1.35532
1786945500,1.355325,1.355775,1.35528,1.355765
1786945800,1.35576,1.35587,1.355475,1.35548
1786946100,1.355495,1.35562,1.355265,1.35537
1786946400,1.355375,1.355665,1.355375,1.35548
1786946700,1.355485,1.355565,1.355205,1.35523
1786947000,1.355235,1.3553,1.35506,1.3552
1786947300,1.35522,1.3553,1.35508,1.355275
1786947600,1.355285,1.35538,1.355085,1.355175
1786947900,1.35516,1.355575,1.35507,1.355555
1786948200,1.35555,1.3556,1.355265,1.35527
1786948500,1.355275,1.35539,1.35506,1.35538
1786948800,1.35537,1.35538,1.355155,1.35537
1786949100,1.355365,1.355765,1.35529,1.355665
1786949400,1.35567,1.355955,1.355655,1.35589
1786949700,1.355885,1.35605,1.35575,1.35587
1786950000,1.35586,1.35592,1.35544,1.35571
1786950300,1.355705,1.356,1.355585,1.355775
1786950600,1.35578,1.35597,1.35569,1.35582
1786950900,1.355815,1.35645,1.35579,1.356225
1786951200,1.35622,1.35645,1.35608,1.35628
1786951500,1.356285,1.356535,1.356185,1.356505
1786951800,1.3565,1.35699,1.356455,1.356605
1786952100,1.35661,1.35672,1.35646,1.356665
1786952400,1.35667,1.35712,1.35664,1.356755
1786952700,1.35676,1.35677,1.35616,1.35621
1786953000,1.3562,1.356495,1.3561,1.35618
1786953300,1.35619,1.35639,1.35615,1.356305
1786953600,1.3563,1.35638,1.356,1.356285
1786953900,1.35629,1.356545,1.356185,1.356295
1786954200,1.3563,1.356565,1.356195,1.35647
1786954500,1.356465,1.3567,1.356465,1.35655
1786954800,1.356555,1.356775,1.35644,1.356705
1786955100,1.3567,1.35707,1.356675,1.35706
1786955400,1.357065,1.357095,1.3567,1.35676
1786955700,1.35674,1.3568,1.35637,1.35661
1786956000,1.356615,1.356645,1.35598,1.35604
1786956300,1.356045,1.356155,1.355765,1.35578
1786956600,1.355775,1.35581,1.354925,1.355055
1786956900,1.35506,1.355395,1.35495,1.35537
1786957200,1.355375,1.355505,1.35515,1.355485
1786957500,1.355495,1.35571,1.355485,1.355695
1786957800,1.355685,1.35572,1.355485,1.355605
1786958100,1.3556,1.35584,1.35549,1.35565
1786958400,1.35565,1.355685,1.355425,1.355625
1786958700,1.35562,1.35584,1.35562,1.35578
1786959000,1.355785,1.355905,1.35573,1.35588
1786959300,1.355885,1.35593,1.35573,1.355915
1786959600,1.35592,1.35622,1.355915,1.35615
1786959900,1.356145,1.356175,1.355875,1.35591
1786960200,1.355915,1.35611,1.35587,1.35601
1786960500,1.356005,1.356075,1.355795,1.35588
1786960800,1.355885,1.35596,1.355685,1.355815
1786961100,1.35582,1.355845,1.35552,1.355525
1786961400,1.35553,1.356115,1.35549,1.355905
1786961700,1.35591,1.356085,1.35587,1.355915
1786962000,1.35592,1.355955,1.355705,1.355915
1786962300,1.35592,1.35647,1.35577,1.35635
1786962600,1.356355,1.35651,1.35585,1.355955
1786962900,1.35596,1.35605,1.35577,1.35582
1786963200,1.355825,1.355985,1.355825,1.35595
1786963500,1.355955,1.35597,1.355755,1.35578
1786963800,1.355785,1.35581,1.35551,1.35563
1786964100,1.355625,1.355705,1.35536,1.355615
1786964400,1.355625,1.355795,1.35562,1.355655
1786964700,1.35566,1.356105,1.35565,1.35597
1786965000,1.355975,1.35599,1.35557,1.355585
1786965300,1.35559,1.35563,1.355215,1.355265
1786965600,1.35527,1.355735,1.35519,1.355715
1786965900,1.35571,1.355935,1.355655,1.355875
1786966200,1.35588,1.355915,1.35569,1.355805
1786966500,1.3558,1.355815,1.355415,1.35561
1786966800,1.355615,1.35569,1.35538,1.35541
1786967100,1.355415,1.35543,1.35522,1.355255
1786967400,1.35526,1.355605,1.35525,1.355575
1786967700,1.35557,1.355685,1.35548,1.35562
1786968000,1.355625,1.35599,1.355555,1.35591
1786968300,1.355915,1.35625,1.35587,1.35589
1786968600,1.355885,1.35622,1.35586,1.35596
1786968900,1.355965,1.356025,1.355675,1.3558
1786969200,1.355805,1.35619,1.35571,1.35612
1786969500,1.356115,1.35613,1.35528,1.355555
1786969800,1.35556,1.355795,1.355385,1.355615
1786970100,1.35562,1.35564,1.355395,1.355495
1786970400,1.355485,1.355865,1.35545,1.35582
1786970700,1.35581,1.355875,1.35541,1.355455
1786971000,1.355465,1.35572,1.355365,1.3556
1786971300,1.355595,1.35608,1.355525,1.356065
1786971600,1.35607,1.356285,1.355855,1.35607
1786971900,1.356075,1.356435,1.35607,1.35643
1786972200,1.356425,1.356625,1.356155,1.35617
1786972500,1.356165,1.35655,1.35606,1.35648
1786972800,1.35648,1.356595,1.356245,1.356295
1786973100,1.35629,1.35646,1.35604,1.356165
1786973400,1.35617,1.356515,1.35611,1.35636
1786973700,1.356355,1.35649,1.35589,1.35607
1786974000,1.356065,1.35607,1.355545,1.35555
1786974300,1.355555,1.35559,1.3551,1.35558
1786974600,1.355575,1.35586,1.35552,1.35556
1786974900,1.355565,1.35602,1.355545,1.355995
1786975200,1.35599,1.356625,1.355885,1.35661
1786975500,1.356615,1.35662,1.356145,1.3564
1786975800,1.356405,1.356525,1.356235,1.356505
1786976100,1.356505,1.356875,1.3565,1.356735
1786976400,1.35674,1.35686,1.356465,1.356575
1786976700,1.35657,1.356705,1.35588,1.356085
1786977000,1.35608,1.356195,1.35582,1.35587
1786977300,1.35587,1.355975,1.355505,1.35565
1786977600,1.355655,1.35588,1.35553,1.35556
1786977900,1.35555,1.355675,1.355395,1.35554
1786978200,1.355545,1.3556,1.35503,1.35514
1786978500,1.355145,1.35559,1.355055,1.35528
1786978800,1.355275,1.35532,1.355055,1.35522
1786979100,1.355215,1.35537,1.35507,1.35535
1786979400,1.355355,1.35547,1.35527,1.35532
1786979700,1.35532,1.35547,1.35516,1.35533
1786980000,1.355335,1.355405,1.35522,1.35538
1786980300,1.355375,1.35567,1.35535,1.355635
1786980600,1.35563,1.355805,1.355455,1.355525
1786980900,1.35552,1.355735,1.355505,1.35562
1786981200,1.355615,1.3557,1.35517,1.35521
1786981500,1.355205,1.355705,1.35515,1.355695
1786981800,1.35569,1.3561,1.355675,1.35609
1786982100,1.356095,1.356195,1.35605,1.356185
1786982400,1.35619,1.35624,1.355765,1.355805
1786982700,1.35581,1.35603,1.355765,1.355805
1786983000,1.35581,1.35597,1.35571,1.35589
1786983300,1.355885,1.35629,1.355825,1.356265
1786983600,1.356265,1.356315,1.35619,1.356225
1786983900,1.35622,1.356305,1.35609,1.35611
1786984200,1.356115,1.35628,1.3561,1.356215
1786984500,1.3562,1.35643,1.35611,1.356415
1786984800,1.356415,1.35647,1.356175,1.356205
1786985100,1.35621,1.35621,1.35603,1.356135
1786985400,1.35613,1.35617,1.35595,1.356
1786985700,1.355995,1.356075,1.355775,1.355865
1786986000,1.355875,1.355985,1.35587,1.35593
1786986300,1.355935,1.355935,1.355685,1.355875
1786986600,1.355875,1.35589,1.355745,1.35576
1786986900,1.35576,1.355775,1.35553,1.355585
1786987200,1.35559,1.35559,1.355185,1.35527
1786987500,1.355265,1.355465,1.355215,1.35545
1786987800,1.355465,1.35556,1.355145,1.35515
1786988100,1.35516,1.35517,1.35444,1.354445
1786988400,1.35445,1.354755,1.3544,1.354755
1786988700,1.35476,1.354915,1.35463,1.35474
1786989000,1.35474,1.35479,1.35458,1.35466
1786989300,1.354665,1.35469,1.35439,1.35444
1786989600,1.354435,1.35447,1.354315,1.354375
1786989900,1.354365,1.354525,1.35428,1.35438
1786990200,1.354385,1.35445,1.354185,1.354425
1786990500,1.354425,1.354565,1.35437,1.35437
1786990800,1.354375,1.354385,1.35409,1.354105
1786991100,1.354105,1.354105,1.35379,1.35399
1786991400,1.353995,1.35402,1.353705,1.353765
1786991700,1.35376,1.35388,1.35371,1.35387
1786992000,1.353865,1.353965,1.353695,1.35376
1786992300,1.353755,1.35381,1.353565,1.353705
1786992600,1.353705,1.353935,1.35369,1.35376
1786992900,1.35377,1.35387,1.353635,1.353775
1786993200,1.353785,1.353925,1.35359,1.353775
1786993500,1.35378,1.353885,1.35365,1.3538
1786993800,1.353795,1.354085,1.35371,1.354085
1786994100,1.35409,1.354235,1.35408,1.35414
1786994400,1.354145,1.354315,1.354145,1.35422
1786994700,1.354215,1.35432,1.35418,1.35429
1786995000,1.354285,1.354345,1.354125,1.35417
1786995300,1.354175,1.35438,1.35414,1.35435
1786995600,1.354355,1.35449,1.35432,1.35446
1786995900,1.354465,1.35448,1.35434,1.35439
1786996200,1.354395,1.354445,1.354175,1.35418
1786996500,1.354185,1.354345,1.354145,1.35432
1786996800,1.35431,1.35451,1.35431,1.3544
1786997100,1.3544,1.3544,1.354185,1.3542
1786997400,1.354195,1.354205,1.354125,1.354125
1786997700,1.35413,1.35441,1.354115,1.354405
1786998000,1.354405,1.354505,1.354395,1.35441
1786998300,1.354415,1.35444,1.35437,1.354385
1786998600,1.35438,1.354385,1.354295,1.354335
1786998900,1.354335,1.354395,1.35429,1.3543
1786999200,1.354305,1.354365,1.35428,1.354295
1786999500,1.3543,1.35437,1.354265,1.354295
1786999800,1.35429,1.354335,1.35427,1.354335
1787000100,1.354325,1.354405,1.35404,1.354405
1787000400,1.35441,1.35485,1.354255,1.35458
1787000700,1.35458,1.354605,1.35435,1.354505
1787001000,1.354505,1.354875,1.354395,1.354745
1787001300,1.354745,1.355105,1.35452,1.354605
1787001600,1.354605,1.35493,1.35445,1.35455
1787001900,1.35455,1.354605,1.354125,1.354595
1787002200,1.354595,1.354595,1.35424,1.35432
1787002500,1.35432,1.354405,1.354275,1.354385
1787002800,1.354385,1.354495,1.354305,1.354475
1787003100,1.35441,1.35441,1.35419,1.35426
1787003400,1.35426,1.35433,1.3542,1.35427
1787003700,1.35427,1.35435,1.354085,1.354285
1787004000,1.35428,1.35444,1.35427,1.35439
1787004300,1.35438,1.354385,1.354295,1.35434
1787004600,1.354335,1.354405,1.354285,1.35439
1787004900,1.354395,1.354405,1.354275,1.354325
1787005200,1.35432,1.354405,1.35431,1.35439
1787005500,1.3544,1.354535,1.35439,1.354475
1787005800,1.35447,1.354485,1.354355,1.354385
1787006100,1.354385,1.3544,1.354255,1.354255
1787006400,1.35426,1.35443,1.35426,1.35441
1787006700,1.35441,1.35443,1.354395,1.35441
1787007000,1.35441,1.35442,1.35433,1.35436
1787007300,1.354355,1.354415,1.35435,1.35441
1787007600,1.354405,1.35441,1.35435,1.3544
1787007900,1.3544,1.35456,1.354395,1.35454
1787008200,1.35454,1.354595,1.35454,1.35457
1787008500,1.35457,1.35461,1.354565,1.354605
1787008800,1.3546,1.35467,1.354585,1.354625
1787009100,1.35463,1.354785,1.354605,1.354785
1787009400,1.35478,1.354825,1.354735,1.354815
1787009700,1.354815,1.35493,1.3548,1.354915
1787010000,1.354915,1.35515,1.354895,1.35512
1787010300,1.35512,1.35521,1.355095,1.355165
1787010600,1.355165,1.355185,1.35497,1.354995
1787010900,1.354985,1.355095,1.35492,1.355045
1787011200,1.35504,1.355365,1.35503,1.35528
1787011500,1.35529,1.355405,1.35512,1.355125
1787011800,1.35513,1.3552,1.35501,1.355155
1787012100,1.35515,1.35527,1.355085,1.35516
1787012400,1.355165,1.355175,1.35495,1.354955
1787012700,1.35495,1.35499,1.35476,1.35479
1787013000,1.354785,1.3548,1.3545,1.3547
1787013300,1.354705,1.354975,1.35466,1.35496
1787013600,1.35496,1.35497,1.35482,1.3549
1787013900,1.3549,1.354905,1.354665,1.354765
1787014200,1.35477,1.35494,1.354765,1.35481
1787014500,1.354815,1.355035,1.35477,1.355025
1787014800,1.35503,1.35511,1.35482,1.354865
1787015100,1.35486,1.355115,1.35485,1.355105
1787015400,1.3551,1.355345,1.355055,1.355285
1787015700,1.35529,1.355305,1.35483,1.35493
1787016000,1.354925,1.35501,1.35477,1.35488
1787016300,1.354875,1.354885,1.354585,1.354845
1787016600,1.35484,1.35504,1.354815,1.355005
1787016900,1.355005,1.355215,1.35499,1.35512
1787017200,1.355115,1.35513,1.354825,1.35485
1787017500,1.354845,1.354855,1.354605,1.35474
1787017800,1.354735,1.35488,1.354625,1.3548
1787018100,1.354795,1.35486,1.35452,1.35463
1787018400,1.35463,1.35463,1.35441,1.35458
1787018700,1.354585,1.354715,1.35449,1.35449
1787019000,1.354495,1.354495,1.354355,1.35437
1787019300,1.354365,1.35446,1.354275,1.354365
1787019600,1.35436,1.3544,1.35415,1.35419
1787019900,1.354185,1.354275,1.354135,1.354235
1787020200,1.35423,1.35426,1.35392,1.35418
1787020500,1.354175,1.35427,1.35413,1.354155
1787020800,1.35416,1.35425,1.354115,1.354225
1787021100,1.35422,1.35442,1.354165,1.35442
1787021400,1.354415,1.354565,1.354395,1.35456
1787021700,1.354555,1.35461,1.35449,1.3546
1787022000,1.3546,1.3546,1.354295,1.35439
1787022300,1.35439,1.354405,1.35418,1.35423
1787022600,1.354225,1.354295,1.354165,1.35419
1787022900,1.35419,1.35419,1.35388,1.35388
1787023200,1.35388,1.35389,1.35375,1.353765
1787023500,1.35376,1.35385,1.353715,1.353805
1787023800,1.353795,1.353805,1.3537,1.353725
1787024100,1.35373,1.353735,1.353555,1.35357
1787024400,1.353565,1.35364,1.353545,1.353615
1787024700,1.353615,1.35362,1.35341,1.353415
1787025000,1.353415,1.353495,1.353405,1.35345
1787025300,1.35344,1.353625,1.353415,1.35352
1787025600,1.35352,1.3536,1.353455,1.353485
1787025900,1.353485,1.35351,1.353295,1.3533
1787026200,1.353305,1.35332,1.35312,1.35317
1787026500,1.35317,1.35321,1.353115,1.353165
1787026800,1.35315,1.3537,1.353085,1.353685
1787027100,1.35368,1.353805,1.353475,1.35366
1787027400,1.353665,1.35368,1.35335,1.353405
1787027700,1.35341,1.3536,1.35341,1.353475
1787028000,1.353475,1.35369,1.353475,1.35361
1787028300,1.353615,1.35379,1.353515,1.35379
1787028600,1.353785,1.3538,1.35368,1.353725
1787028900,1.353725,1.35376,1.3535,1.353515
1787029200,1.35351,1.35355,1.35337,1.353395
1787029500,1.353395,1.35346,1.353355,1.3534
1787029800,1.35341,1.35344,1.353345,1.353365
1787030100,1.35336,1.353565,1.353265,1.353495
1787030400,1.35349,1.353615,1.353475,1.35359
1787030700,1.353585,1.35388,1.35355,1.353795
1787031000,1.353795,1.35387,1.353685,1.35369
1787031300,1.353685,1.353705,1.353595,1.353645
1787031600,1.35365,1.353705,1.353515,1.35369
1787031900,1.35369,1.353885,1.353635,1.353885
1787032200,1.353875,1.353905,1.353695,1.353765
1787032500,1.35376,1.353845,1.35357,1.353575
1787032800,1.353585,1.3543,1.35227,1.3524
1787033100,1.352405,1.352625,1.352175,1.3526
1787033400,1.35259,1.353,1.352575,1.352795
1787033700,1.3528,1.352935,1.35257,1.3529
1787034000,1.35289,1.353085,1.35266,1.353015
1787034300,1.35301,1.35332,1.353,1.35327
1787034600,1.35326,1.35331,1.3528,1.352805
1787034900,1.35279,1.35288,1.352565,1.35279
1787035200,1.352785,1.35287,1.35267,1.352815
1787035500,1.35281,1.35284,1.352615,1.352775
1787035800,1.35278,1.35282,1.35211,1.35233
1787036100,1.352325,1.352705,1.35225,1.35268
1787036400,1.35269,1.352865,1.35253,1.35285
1787036700,1.35286,1.352885,1.3523,1.35242
1787037000,1.35243,1.352465,1.352045,1.35216
1787037300,1.352155,1.35232,1.35195,1.352225
1787037600,1.35223,1.352525,1.35222,1.352505
1787037900,1.3525,1.352735,1.35248,1.35249
1787038200,1.352505,1.352695,1.35237,1.35238
1787038500,1.352375,1.352985,1.352375,1.35291
1787038800,1.352905,1.353045,1.352825,1.352895
1787039100,1.352905,1.35302,1.35283,1.352945
1787039400,1.35294,1.35313,1.352595,1.352685
1787039700,1.35269,1.353075,1.352645,1.35287
1787040000,1.352875,1.35288,1.35241,1.35268
1787040300,1.352685,1.35272,1.352375,1.35249
1787040600,1.352495,1.35274,1.352475,1.352545
1787040900,1.352545,1.352655,1.35246,1.352635
1787041200,1.35264,1.35265,1.352355,1.35245
1787041500,1.352445,1.35281,1.35241,1.3528
1787041800,1.352795,1.353,1.352665,1.352815
1787042100,1.35281,1.35294,1.35264,1.35282
1787042400,1.352825,1.353045,1.352765,1.352945
1787042700,1.35294,1.353165,1.352895,1.353075
1787043000,1.35307,1.35307,1.35283,1.353
1787043300,1.35299,1.353365,1.35299,1.3532
1787043600,1.35322,1.35322,1.35297,1.35307
1787043900,1.35307,1.35318,1.35289,1.35296
1787044200,1.352955,1.35301,1.35285,1.35288
1787044500,1.352875,1.35293,1.352635,1.352845
1787044800,1.35284,1.353145,1.35284,1.35303
1787045100,1.353035,1.353285,1.353,1.35318
1787045400,1.35317,1.353355,1.353145,1.35323
1787045700,1.35322,1.353285,1.35304,1.35306
1787046000,1.353065,1.35308,1.35273,1.35301
1787046300,1.353,1.35324,1.352965,1.353175
1787046600,1.35317,1.35328,1.35306,1.353115
1787046900,1.35312,1.353355,1.35312,1.35319
1787047200,1.353195,1.353225,1.35285,1.35295
1787047500,1.352945,1.352995,1.35271,1.35285
1787047800,1.352845,1.35286,1.35258,1.35258
1787048100,1.35258,1.35286,1.35253,1.352605
1787048400,1.3526,1.352665,1.352495,1.352645
1787048700,1.35264,1.35292,1.35245,1.35288
1787049000,1.35289,1.35301,1.352765,1.352785
1787049300,1.352785,1.35291,1.352755,1.352885
1787049600,1.35289,1.352925,1.352685,1.352705
1787049900,1.352705,1.35299,1.352705,1.35293
1787050200,1.352935,1.35304,1.35252,1.35258
1787050500,1.352575,1.35282,1.352435,1.352585
1787050800,1.352575,1.352745,1.352245,1.35229
1787051100,1.352285,1.35247,1.352225,1.35238
1787051400,1.352375,1.35257,1.352325,1.352385
1787051700,1.35239,1.352395,1.35224,1.35227
1787052000,1.35227,1.352395,1.35225,1.35228
1787052300,1.35229,1.35238,1.351975,1.35203
1787052600,1.352035,1.352325,1.352005,1.352165
1787052900,1.35216,1.35236,1.35209,1.352165
1787053200,1.35216,1.35238,1.35208,1.35216
1787053500,1.352165,1.352325,1.35215,1.352325
1787053800,1.352335,1.35253,1.352265,1.35243
1787054100,1.352425,1.352765,1.352385,1.352715
1787054400,1.35271,1.35289,1.3525,1.35277
1787054700,1.352765,1.35282,1.352485,1.352585
1787055000,1.35259,1.352825,1.352475,1.352795
1787055300,1.35279,1.35297,1.35265,1.35297
1787055600,1.35298,1.3532,1.352825,1.352895
1787055900,1.352895,1.353,1.352615,1.35275
1787056200,1.352755,1.353005,1.352575,1.352605
1787056500,1.3526,1.352655,1.35236,1.35257
1787056800,1.352575,1.352885,1.352495,1.352875
1787057100,1.35287,1.35317,1.352775,1.35316
1787057400,1.353165,1.353265,1.353075,1.35322
1787057700,1.353225,1.35341,1.353125,1.353125
1787058000,1.35311,1.353765,1.35311,1.35376
1787058300,1.353765,1.35377,1.353465,1.353595
1787058600,1.3536,1.353795,1.353555,1.353725
1787058900,1.35372,1.353745,1.35341,1.353415
1787059200,1.35341,1.3536,1.353325,1.35338
1787059500,1.353375,1.353585,1.35322,1.353365
1787059800,1.35337,1.35401,1.35286,1.35393
1787060100,1.353925,1.354335,1.353755,1.35428
1787060400,1.35427,1.35437,1.353795,1.35389
1787060700,1.353895,1.353935,1.35355,1.35362
1787061000,1.353625,1.353765,1.35328,1.353565
1787061300,1.35357,1.354095,1.35357,1.354095
1787061600,1.35409,1.354445,1.35394,1.354275
1787061900,1.354285,1.35456,1.35406,1.35447
1787062200,1.354465,1.354565,1.35412,1.354205
1787062500,1.35421,1.354715,1.35404,1.354565
1787062800,1.35457,1.354865,1.354355,1.354765
1787063100,1.35477,1.35483,1.35416,1.35437
1787063400,1.35438,1.3545,1.35404,1.354365
1787063700,1.35436,1.354375,1.3539,1.353975
1787064000,1.35398,1.35464,1.353945,1.354595
1787064300,1.35459,1.35487,1.354375,1.35471
1787064600,1.35471,1.35511,1.354375,1.354585
1787064900,1.35458,1.35477,1.354235,1.354275
1787065200,1.35428,1.3548,1.35398,1.354745
1787065500,1.35475,1.35482,1.35393,1.35398
1787065800,1.353975,1.354125,1.353655,1.35367
1787066100,1.353675,1.35416,1.353615,1.353915
1787066400,1.35391,1.35421,1.35372,1.35373
1787066700,1.353735,1.354045,1.353675,1.35393
1787067000,1.353925,1.353965,1.35361,1.353795
1787067300,1.353805,1.354075,1.35378,1.35384
1787067600,1.35385,1.35401,1.35374,1.35381
1787067900,1.353805,1.354105,1.353805,1.35407
1787068200,1.354065,1.354205,1.353965,1.354085
1787068500,1.35408,1.35444,1.353995,1.354285
1787068800,1.35429,1.354465,1.354065,1.35434
1787069100,1.354335,1.354515,1.354275,1.354405
1787069400,1.35441,1.354625,1.35432,1.35439
1787069700,1.3544,1.35448,1.354275,1.35445
1787070000,1.354455,1.354675,1.354455,1.354625
1787070300,1.35464,1.3547,1.354155,1.354235
1787070600,1.35423,1.35441,1.35411,1.354225
1787070900,1.35422,1.35438,1.35409,1.354305
1787071200,1.354305,1.35448,1.354275,1.354405
1787071500,1.354405,1.35447,1.35429,1.35434
1787071800,1.354335,1.35439,1.354205,1.35429
1787072100,1.35428,1.35428,1.35404,1.35406
1787072400,1.354055,1.354125,1.353755,1.35381
1787072700,1.353805,1.353835,1.35338,1.353485
1787073000,1.35349,1.35349,1.35338,1.35345
1787073300,1.353445,1.353625,1.35344,1.35357
1787073600,1.35357,1.353755,1.353565,1.35371
1787073900,1.353705,1.353715,1.353425,1.35358
1787074200,1.353575,1.353585,1.35328,1.353465
1787074500,1.35346,1.353475,1.35322,1.353375
1787074800,1.35337,1.353515,1.35337,1.35347
1787075100,1.35347,1.35356,1.353425,1.353445
1787075400,1.35345,1.353565,1.353405,1.353465
1787075700,1.35347,1.353505,1.35337,1.35347
1787076000,1.353475,1.353475,1.353255,1.35328
1787076300,1.353275,1.35349,1.35326,1.35349
1787076600,1.353485,1.35354,1.353365,1.353505
1787076900,1.35351,1.353675,1.3535,1.353675
1787077200,1.35367,1.35376,1.35358,1.35363
1787077500,1.353635,1.35379,1.353615,1.353715
1787077800,1.35372,1.35372,1.35357,1.35364
1787078100,1.353635,1.35365,1.353475,1.353545
1787078400,1.35354,1.35354,1.35334,1.35335
1787078700,1.353345,1.353395,1.353255,1.35327
1787079000,1.353275,1.35332,1.353245,1.353265
1787079300,1.35327,1.353415,1.353255,1.353385
1787079600,1.35338,1.353425,1.35327,1.353385
1787079900,1.353385,1.353395,1.35325,1.35332
1787080200,1.35332,1.3537,1.3533,1.353575
1787080500,1.35358,1.353625,1.353455,1.353515
1787080800,1.35352,1.353635,1.35346,1.35358
1787081100,1.353575,1.35358,1.353475,1.35351
1787081400,1.35351,1.35362,1.35347,1.35362
1787081700,1.35362,1.35375,1.353555,1.353715
1787082000,1.353715,1.35397,1.353685,1.3537
1787082300,1.353705,1.353765,1.353475,1.35358
1787082600,1.35358,1.35368,1.35348,1.353515
1787082900,1.353515,1.353515,1.35312,1.35327
1787083200,1.353265,1.35328,1.353025,1.35304
1787083500,1.353045,1.35309,1.35293,1.352955
1787083800,1.352955,1.353075,1.352865,1.353055
1787084100,1.353055,1.35306,1.352975,1.353035
1787084400,1.35304,1.35306,1.352865,1.352875
1787084700,1.35289,1.35296,1.352845,1.352955
1787085000,1.352965,1.35315,1.352955,1.35315
1787085300,1.35315,1.35317,1.35311,1.35314
1787085600,1.35315,1.353195,1.35308,1.35315
1787085900,1.353165,1.3532,1.35305,1.35314
1787086200,1.353145,1.353165,1.3531,1.353165
1787086500,1.35317,1.353235,1.353075,1.35319
1787086800,1.35319,1.35361,1.35319,1.353385
1787087100,1.3536,1.3536,1.352875,1.353055
1787087400,1.353055,1.353615,1.352945,1.35356
1787087700,1.35356,1.35359,1.353355,1.35356
1787088000,1.35356,1.353675,1.35336,1.353645
1787088300,1.353675,1.353685,1.353375,1.3535
1787088600,1.3535,1.353625,1.35344,1.353475
1787088900,1.353475,1.353495,1.35338,1.353415
1787089200,1.353425,1.353445,1.35321,1.35325
1787089500,1.353225,1.35332,1.35304,1.35318
1787089800,1.35318,1.35325,1.35311,1.353115
1787090100,1.353115,1.353615,1.35293,1.353555
1787090400,1.353555,1.35375,1.35317,1.353295
1787090700,1.3533,1.35332,1.353245,1.35327
1787091000,1.353275,1.353315,1.353155,1.353165
1787091300,1.353165,1.35328,1.35312,1.353225
1787091600,1.35322,1.353235,1.35313,1.35316
1787091900,1.35316,1.35319,1.353135,1.353165
1787092200,1.353165,1.35322,1.353095,1.353195
1787092500,1.353195,1.353275,1.35318,1.35321
1787092800,1.353205,1.353215,1.353175,1.35318
1787093100,1.35318,1.353305,1.35318,1.3533
1787093400,1.3533,1.353435,1.3533,1.35342
1787093700,1.35342,1.353425,1.35338,1.35339
1787094000,1.353395,1.353625,1.353385,1.353585
1787094300,1.353585,1.35361,1.35353,1.353585
1787094600,1.35359,1.353625,1.353505,1.353525
1787094900,1.353525,1.353525,1.353485,1.353485
1787095200,1.3535,1.353545,1.353485,1.35351
1787095500,1.35351,1.353535,1.353225,1.353295
1787095800,1.353295,1.353425,1.35329,1.353325
1787096100,1.353325,1.35333,1.353195,1.353215
1787096400,1.353215,1.353285,1.35319,1.353235
1787096700,1.35323,1.353385,1.353175,1.353315
1787097000,1.353315,1.35343,1.35329,1.353415
1787097300,1.35341,1.353625,1.353375,1.353625
1787097600,1.35364,1.354075,1.353505,1.354035
1787097900,1.35403,1.35413,1.35384,1.353855
1787098200,1.35385,1.35417,1.353805,1.35402
1787098500,1.354025,1.35409,1.3539,1.3539
1787098800,1.353905,1.353925,1.35379,1.35387
1787099100,1.35387,1.353905,1.353765,1.353825
1787099400,1.35382,1.35386,1.353355,1.353505
1787099700,1.3535,1.353635,1.353415,1.35361
1787100000,1.353595,1.353715,1.35342,1.35346
1787100300,1.353465,1.353475,1.35327,1.35332
1787100600,1.353315,1.3535,1.3532,1.35323
1787100900,1.35322,1.353385,1.3529,1.352915
1787101200,1.352905,1.35298,1.352685,1.35296
1787101500,1.352965,1.353,1.352785,1.3528
1787101800,1.35281,1.352875,1.352605,1.35264
1787102100,1.352645,1.35272,1.35234,1.35256
1787102400,1.352565,1.35269,1.35246,1.35265
1787102700,1.35265,1.35279,1.352605,1.35277
1787103000,1.352775,1.35295,1.352755,1.352795
1787103300,1.3528,1.352975,1.352785,1.352855
1787103600,1.35285,1.352985,1.352845,1.35288
1787103900,1.35288,1.352995,1.352815,1.35283
1787104200,1.352825,1.352875,1.35276,1.352825
1787104500,1.35283,1.35314,1.35283,1.35307
1787104800,1.35307,1.353195,1.353,1.353175
1787105100,1.35317,1.3535,1.35317,1.35349
1787105400,1.353495,1.353505,1.35333,1.35345
1787105700,1.353445,1.354135,1.353165,1.35369
1787106000,1.353685,1.35415,1.35351,1.35379
1787106300,1.353785,1.353855,1.353485,1.35364
1787106600,1.353645,1.3538,1.353525,1.353595
1787106900,1.35359,1.354,1.35358,1.353915
1787107200,1.35391,1.35417,1.35386,1.35411
1787107500,1.354125,1.35438,1.35402,1.35406
1787107800,1.354065,1.354115,1.353705,1.35386
1787108100,1.353855,1.353995,1.35376,1.35397
1787108400,1.35398,1.354165,1.353905,1.353985
1787108700,1.353975,1.353975,1.353715,1.35379
1787109000,1.35379,1.35397,1.35377,1.353895
1787109300,1.35389,1.35408,1.35389,1.354035
1787109600,1.35404,1.354075,1.35397,1.353985
1787109900,1.35399,1.35409,1.353955,1.35402
1787110200,1.354015,1.35409,1.35386,1.353875
1787110500,1.353885,1.35394,1.35379,1.35387
1787110800,1.35387,1.35388,1.353745,1.35387
1787111100,1.35387,1.35394,1.35381,1.353915
1787111400,1.35391,1.35396,1.35384,1.353855
1787111700,1.353845,1.353845,1.35369,1.35372
1787112000,1.353725,1.35387,1.353625,1.35369
1787112300,1.353695,1.353705,1.353675,1.3537
1787112600,1.353705,1.353995,1.35364,1.35398
1787112900,1.35398,1.35398,1.35386,1.35391
1787113200,1.353915,1.353965,1.35386,1.3539
1787113500,1.353905,1.35397,1.353795,1.353855
1787113800,1.35385,1.35417,1.353845,1.35392
1787114100,1.353935,1.354,1.35375,1.35376
1787114400,1.35376,1.353865,1.353645,1.35386
1787114700,1.35386,1.35404,1.35382,1.35399
1787115000,1.353985,1.35401,1.353905,1.354
1787115300,1.354,1.354255,1.353955,1.354165
1787115600,1.35417,1.354305,1.354105,1.35419
1787115900,1.354185,1.35419,1.35395,1.35397
1787116200,1.353975,1.354165,1.35396,1.35416
1787116500,1.35416,1.354295,1.35411,1.354205
1787116800,1.35421,1.354275,1.354075,1.354185
1787117100,1.35419,1.35421,1.35407,1.35416
1787117400,1.354165,1.35431,1.354115,1.35429
1787117700,1.3543,1.354305,1.354095,1.354265
1787118000,1.35427,1.35439,1.35417,1.35437
1787118300,1.354375,1.354465,1.354225,1.354375
1787118600,1.35438,1.35449,1.354245,1.354275
1787118900,1.35428,1.35445,1.354195,1.35438
1787119200,1.354375,1.35498,1.354035,1.35469
1787119500,1.354695,1.354805,1.35446,1.35456
1787119800,1.354565,1.3546,1.354375,1.35438
1787120100,1.35437,1.355185,1.35433,1.355165
1787120400,1.35516,1.355795,1.355095,1.355655
1787120700,1.35565,1.35577,1.35524,1.355375
1787121000,1.35538,1.355475,1.354875,1.355065
1787121300,1.35506,1.355175,1.354975,1.355125
1787121600,1.355115,1.355245,1.354935,1.35517
1787121900,1.355175,1.35521,1.354945,1.35515
1787122200,1.355145,1.355325,1.35504,1.35515
1787122500,1.355145,1.355185,1.354945,1.355095
1787122800,1.3551,1.355585,1.355,1.35517
1787123100,1.35517,1.355485,1.354985,1.35526
1787123400,1.355255,1.3553,1.354795,1.354795
1787123700,1.3548,1.3548,1.354465,1.35462
1787124000,1.354615,1.35522,1.35461,1.354985
1787124300,1.35498,1.355065,1.35489,1.354985
1787124600,1.35498,1.355285,1.354885,1.35528
1787124900,1.355275,1.35542,1.35509,1.35531
1787125200,1.355315,1.355425,1.355075,1.35516
1787125500,1.355155,1.35531,1.35513,1.355215
1787125800,1.35521,1.355475,1.35515,1.35542
1787126100,1.355415,1.3556,1.35534,1.355565
1787126400,1.35557,1.355685,1.355415,1.35566
1787126700,1.35566,1.356125,1.355565,1.35594
1787127000,1.355945,1.356515,1.355925,1.356275
1787127300,1.35627,1.356625,1.35621,1.356275
1787127600,1.35627,1.35627,1.35578,1.35587
1787127900,1.35586,1.35588,1.355495,1.35564
1787128200,1.355635,1.35564,1.35534,1.35551
1787128500,1.35551,1.355605,1.355365,1.35558
1787128800,1.355575,1.356125,1.355555,1.35608
1787129100,1.356075,1.356275,1.35597,1.35626
1787129400,1.356265,1.35627,1.355955,1.35607
1787129700,1.356075,1.3561,1.35527,1.355315
1787130000,1.35531,1.3557,1.354965,1.35561
1787130300,1.355605,1.35565,1.355285,1.355285
1787130600,1.355285,1.35548,1.355175,1.355365
1787130900,1.35537,1.355515,1.355105,1.35542
1787131200,1.355415,1.355695,1.35532,1.355635
1787131500,1.355635,1.355755,1.35524,1.355515
1787131800,1.355515,1.35561,1.355315,1.355505
1787132100,1.35551,1.35567,1.3552,1.35525
1787132400,1.355245,1.355495,1.355235,1.355415
1787132700,1.355415,1.355815,1.35536,1.355795
1787133000,1.3558,1.355955,1.355615,1.35568
1787133300,1.35569,1.355915,1.35565,1.355835
1787133600,1.355835,1.35585,1.35559,1.355635
1787133900,1.35563,1.355765,1.35556,1.355675
1787134200,1.35567,1.35618,1.35567,1.35615
1787134500,1.35616,1.35627,1.355995,1.356175
1787134800,1.35618,1.356305,1.356065,1.35619
1787135100,1.356185,1.35627,1.355925,1.35625
1787135400,1.35625,1.35636,1.356155,1.35629
1787135700,1.356285,1.35636,1.35619,1.35625
1787136000,1.356255,1.35641,1.356225,1.3563
1787136300,1.356295,1.35644,1.356295,1.35632
1787136600,1.35632,1.356325,1.35585,1.355865
1787136900,1.35587,1.355885,1.35546,1.35562
1787137200,1.355625,1.35607,1.355625,1.35571
1787137500,1.35571,1.355755,1.355315,1.35532
1787137800,1.355325,1.355565,1.355175,1.355555
1787138100,1.35555,1.35562,1.3554,1.355515
1787138400,1.355515,1.35561,1.35538,1.355515
1787138700,1.355525,1.355655,1.355365,1.35542
1787139000,1.35542,1.35553,1.355305,1.3555
1787139300,1.3555,1.35556,1.35497,1.355065
1787139600,1.35506,1.35514,1.354745,1.354955
1787139900,1.35495,1.355525,1.35494,1.35543
1787140200,1.355425,1.355515,1.35527,1.35536
1787140500,1.355345,1.3554,1.35518,1.3553
1787140800,1.355305,1.355565,1.35524,1.355395
1787141100,1.3554,1.35576,1.355375,1.3556
1787141400,1.35561,1.3558,1.35557,1.35578
1787141700,1.35578,1.3561,1.35577,1.356085
1787142000,1.35608,1.35647,1.355995,1.35621
1787142300,1.35621,1.35627,1.35593,1.35607
1787142600,1.35608,1.357825,1.356045,1.35769
1787142900,1.35768,1.358585,1.35727,1.357795
1787143200,1.35778,1.35889,1.357555,1.35889
1787143500,1.358885,1.35997,1.358555,1.35986
1787143800,1.359865,1.360195,1.35917,1.36012
1787144100,1.360125,1.36031,1.35945,1.359475
1787144400,1.35947,1.360195,1.35947,1.359955
1787144700,1.35995,1.36087,1.35985,1.360865
1787145000,1.36087,1.361725,1.360705,1.36149
1787145300,1.36151,1.361965,1.361285,1.361965
1787145600,1.361975,1.36219,1.36143,1.361445
1787145900,1.36144,1.362215,1.361125,1.36219
1787146200,1.362195,1.3624,1.36189,1.36215
1787146500,1.362155,1.36231,1.36125,1.362235
1787146800,1.36224,1.36242,1.361565,1.361865
1787147100,1.36187,1.362,1.361335,1.3615
1787147400,1.361495,1.36201,1.36096,1.361985
1787147700,1.36199,1.362355,1.36173,1.361745
1787148000,1.36175,1.361955,1.36134,1.36178
1787148300,1.361785,1.36196,1.36148,1.361795
1787148600,1.3618,1.3625,1.36176,1.361965
1787148900,1.36197,1.362435,1.361945,1.36211
1787149200,1.362115,1.362255,1.36149,1.36177
1787149500,1.361775,1.362375,1.36171,1.36237
1787149800,1.362375,1.36247,1.362005,1.362215
1787150100,1.362215,1.36304,1.362195,1.36271
1787150400,1.362705,1.36272,1.362175,1.362515
1787150700,1.36252,1.36254,1.36136,1.36157
1787151000,1.361575,1.36161,1.360875,1.36091
1787151300,1.360915,1.3611,1.36065,1.36087
1787151600,1.360875,1.361055,1.360465,1.36074
1787151900,1.360745,1.3612,1.36067,1.360775
1787152200,1.36078,1.361375,1.360655,1.36137
1787152500,1.361375,1.36156,1.36078,1.36091
1787152800,1.360905,1.360955,1.36027,1.36038
1787153100,1.360375,1.36077,1.360085,1.36074
1787153400,1.360735,1.36091,1.36065,1.360875
1787153700,1.36088,1.36111,1.36078,1.360905
1787154000,1.360895,1.36099,1.360605,1.360955
1787154300,1.36095,1.36107,1.360465,1.36088
1787154600,1.360875,1.36089,1.360265,1.360365
1787154900,1.36036,1.36067,1.360175,1.36066
1787155200,1.360665,1.360825,1.360505,1.360775
1787155500,1.36078,1.360975,1.360415,1.36096
1787155800,1.360965,1.36122,1.360835,1.36101
1787156100,1.36101,1.36122,1.36066,1.36073
1787156400,1.360725,1.36115,1.360695,1.361115
1787156700,1.36112,1.36125,1.36069,1.360805
1787157000,1.3608,1.361225,1.360725,1.361025
1787157300,1.361025,1.361145,1.36092,1.36102
1787157600,1.361025,1.361095,1.36077,1.360955
1787157900,1.36095,1.36121,1.36088,1.360965
1787158200,1.36097,1.36147,1.36097,1.36142
1787158500,1.36142,1.36156,1.360855,1.36101
1787158800,1.361035,1.36158,1.360905,1.36095
1787159100,1.360945,1.36102,1.36041,1.36058
1787159400,1.36058,1.360705,1.360195,1.36035
1787159700,1.36035,1.360355,1.35996,1.36006
1787160000,1.360055,1.360165,1.35996,1.36002
1787160300,1.360015,1.360015,1.359565,1.359815
1787160600,1.35981,1.35987,1.35944,1.359565
1787160900,1.35956,1.35959,1.359345,1.35949
1787161200,1.359485,1.3599,1.3594,1.35951
1787161500,1.359505,1.35975,1.35947,1.35957
1787161800,1.359565,1.359675,1.359275,1.359325
1787162100,1.35933,1.35933,1.35905,1.35915
1787162400,1.359155,1.36004,1.35899,1.35996
1787162700,1.359955,1.360195,1.35953,1.359965
1787163000,1.35996,1.36032,1.35995,1.35999
1787163300,1.359995,1.36011,1.359805,1.36
1787163600,1.360005,1.360005,1.3592,1.35928
1787163900,1.359285,1.35929,1.358965,1.35912
1787164200,1.359115,1.35972,1.359095,1.35968
1787164500,1.359685,1.3602,1.35968,1.36018
1787164800,1.360185,1.360775,1.36016,1.360565
1787165100,1.36057,1.360915,1.36051,1.36088
1787165400,1.360865,1.36095,1.360675,1.3609
1787165700,1.360905,1.36099,1.36067,1.3607
1787166000,1.360705,1.360895,1.360345,1.3604
1787166300,1.360405,1.361065,1.360255,1.361005
1787166600,1.36101,1.36106,1.36058,1.360675
1787166900,1.36067,1.36095,1.36066,1.360815
1787167200,1.36081,1.360915,1.36071,1.36086
1787167500,1.36085,1.36119,1.36078,1.361115
1787167800,1.36112,1.36119,1.360925,1.36102
1787168100,1.361025,1.36105,1.36038,1.36058
1787168400,1.360585,1.360735,1.36051,1.36068
1787168700,1.360675,1.360725,1.36048,1.36062
1787169000,1.36063,1.361075,1.36058,1.36107
1787169300,1.36105,1.36109,1.36065,1.360765
1787169600,1.36076,1.36099,1.360655,1.36098
1787169900,1.36097,1.361005,1.36067,1.360695
1787170200,1.360695,1.3607,1.36039,1.36041
1787170500,1.360405,1.360415,1.360295,1.36032
1787170800,1.36032,1.360345,1.36027,1.360305
1787171100,1.3603,1.360355,1.360235,1.36026
1787171400,1.360255,1.360485,1.360225,1.36033
1787171700,1.360335,1.36055,1.36028,1.36055
1787172000,1.36053,1.36071,1.360475,1.3606
1787172300,1.360605,1.360685,1.360575,1.36067
1787172600,1.360665,1.36077,1.360605,1.360715
1787172900,1.36072,1.360735,1.360575,1.360595
1787173200,1.360595,1.36097,1.36029,1.3606
1787173500,1.3606,1.360685,1.360305,1.360445
1787173800,1.36046,1.36058,1.3604,1.36051
1787174100,1.360505,1.360875,1.36042,1.36076
1787174400,1.360765,1.361325,1.360635,1.360985
1787174700,1.36099,1.36111,1.360845,1.360855
1787175000,1.360855,1.360965,1.36076,1.360845
1787175300,1.360845,1.360845,1.360605,1.36069
1787175600,1.36069,1.360915,1.360585,1.360845
1787175900,1.36086,1.36093,1.360405,1.360625
1787176200,1.360625,1.36079,1.360195,1.36079
1787176500,1.360785,1.360935,1.360725,1.36078
1787176800,1.360765,1.360995,1.36064,1.36091
1787177100,1.360915,1.361,1.360875,1.3609
1787177400,1.360895,1.36091,1.360675,1.360785
1787177700,1.360785,1.36081,1.360725,1.36075
1787178000,1.360745,1.360805,1.36074,1.360785
1787178300,1.360785,1.360795,1.36071,1.36079
1787178600,1.360795,1.360865,1.36067,1.360685
1787178900,1.360685,1.360705,1.36063,1.36064
1787179200,1.36064,1.360675,1.360615,1.360635
1787179500,1.36063,1.360675,1.360605,1.36065
1787179800,1.36065,1.36068,1.36043,1.360475
1787180100,1.360475,1.36056,1.360325,1.360325
1787180400,1.360335,1.360505,1.360185,1.36049
1787180700,1.360505,1.360675,1.360455,1.360495
1787181000,1.360495,1.360495,1.360375,1.360385
1787181300,1.36038,1.36041,1.360305,1.360365
1787181600,1.360365,1.360405,1.360205,1.360275
1787181900,1.360275,1.360285,1.360175,1.36022
1787182200,1.36022,1.360295,1.360045,1.360055
1787182500,1.36005,1.360175,1.360015,1.360175
1787182800,1.360175,1.360175,1.35999,1.359995
1787183100,1.359995,1.36011,1.359955,1.360075
1787183400,1.360075,1.3601,1.360015,1.36002
1787183700,1.360025,1.360025,1.35987,1.36001
1787184000,1.36002,1.3607,1.36,1.36061
1787184300,1.360615,1.360695,1.35996,1.360005
1787184600,1.36,1.360315,1.35997,1.360285
1787184900,1.36028,1.36058,1.360245,1.36043
1787185200,1.360435,1.36046,1.35999,1.36008
1787185500,1.360085,1.360155,1.36,1.360085
1787185800,1.36009,1.36047,1.36008,1.36026
1787186100,1.360265,1.360465,1.36018,1.36021
1787186400,1.36021,1.360265,1.36006,1.360075
1787186700,1.36007,1.360075,1.359855,1.35992
1787187000,1.35991,1.359935,1.359745,1.35991
1787187300,1.359905,1.36007,1.35981,1.359955
1787187600,1.359945,1.36001,1.35955,1.35962
1787187900,1.359615,1.35979,1.359455,1.35971
1787188200,1.359705,1.359815,1.35947,1.35979
1787188500,1.359785,1.3603,1.35976,1.36026
1787188800,1.360255,1.36051,1.360205,1.360505
1787189100,1.3605,1.360685,1.360295,1.36056
1787189400,1.360565,1.36083,1.35999,1.360505
1787189700,1.360515,1.360775,1.360455,1.36065
1787190000,1.36066,1.360785,1.36054,1.360565
1787190300,1.360575,1.360705,1.36036,1.36038
1787190600,1.360375,1.360475,1.36027,1.36041
1787190900,1.36042,1.360775,1.36042,1.360765
1787191200,1.36077,1.361495,1.36068,1.3612
1787191500,1.361205,1.3614,1.360875,1.360875
1787191800,1.36088,1.360975,1.360775,1.360825
1787192100,1.36083,1.36083,1.360415,1.36045
1787192400,1.360455,1.360555,1.360195,1.36052
1787192700,1.360515,1.36054,1.36039,1.36048
1787193000,1.360485,1.360565,1.36039,1.36049
1787193300,1.36049,1.36052,1.360315,1.360485
1787193600,1.360485,1.360735,1.36044,1.360465
1787193900,1.36046,1.3606,1.36038,1.36038
1787194200,1.360375,1.360525,1.36036,1.360465
1787194500,1.36047,1.36057,1.360345,1.36049
1787194800,1.36048,1.36073,1.36046,1.360595
1787195100,1.36061,1.3607,1.360525,1.36063
1787195400,1.360625,1.361075,1.360585,1.36099
1787195700,1.360985,1.36099,1.36072,1.360895
1787196000,1.36089,1.36121,1.360885,1.36118
1787196300,1.361185,1.361395,1.36106,1.36106
1787196600,1.361055,1.36122,1.361015,1.361155
1787196900,1.36115,1.36115,1.360965,1.3611
1787197200,1.3611,1.36128,1.361065,1.36125
1787197500,1.361235,1.361365,1.36121,1.36133
1787197800,1.36133,1.361435,1.361265,1.361395
1787198100,1.3614,1.361475,1.36133,1.361395
1787198400,1.3614,1.36143,1.36129,1.3613
1787198700,1.361295,1.36153,1.361215,1.36151
1787199000,1.36151,1.361665,1.36149,1.361535
1787199300,1.361535,1.36158,1.36133,1.36137
1787199600,1.36137,1.361405,1.361185,1.3612
1787199900,1.3612,1.361325,1.36119,1.361255
1787200200,1.36125,1.36131,1.36117,1.36123
1787200500,1.36123,1.36125,1.3611,1.361205
1787200800,1.3612,1.361215,1.36105,1.361065
1787201100,1.36106,1.361135,1.36101,1.36107
1787201400,1.361065,1.36116,1.36093,1.36097
1787201700,1.360965,1.36111,1.360575,1.36072
1787202000,1.360725,1.361015,1.36071,1.36097
1787202300,1.360975,1.361,1.360865,1.36088
1787202600,1.360885,1.36091,1.360675,1.3608
1787202900,1.360795,1.36081,1.36058,1.360665
1787203200,1.36067,1.36087,1.36066,1.360785
1787203500,1.36078,1.36079,1.36042,1.36044
1787203800,1.360445,1.360685,1.36036,1.36045
1787204100,1.360445,1.3605,1.36028,1.3603
1787204400,1.360305,1.36035,1.36011,1.36018
1787204700,1.360175,1.360365,1.360095,1.360285
1787205000,1.36029,1.36031,1.36001,1.360015
1787205300,1.36001,1.36064,1.359975,1.36047
1787205600,1.360475,1.360575,1.360275,1.36038
1787205900,1.360385,1.360665,1.3603,1.36062
1787206200,1.360615,1.36125,1.36059,1.361085
1787206500,1.36108,1.36112,1.36088,1.36099
1787206800,1.361,1.36101,1.36066,1.36069
1787207100,1.36069,1.360875,1.36059,1.36072
1787207400,1.36072,1.360795,1.36049,1.360765
1787207700,1.36076,1.360955,1.36068,1.360755
1787208000,1.36076,1.360925,1.360725,1.36089
1787208300,1.360895,1.36153,1.36089,1.361255
1787208600,1.36125,1.361295,1.3611,1.36118
1787208900,1.361175,1.36169,1.361175,1.36165
1787209200,1.361645,1.361815,1.36087,1.36102
1787209500,1.361015,1.361225,1.360955,1.361065
1787209800,1.36107,1.36147,1.36104,1.361285
1787210100,1.36129,1.361475,1.36117,1.36136
1787210400,1.361365,1.36148,1.361125,1.36125
1787210700,1.36126,1.36137,1.361085,1.36132
1787211000,1.36132,1.362035,1.361285,1.362025
1787211300,1.36203,1.362435,1.36203,1.362425
1787211600,1.362415,1.36313,1.362415,1.362755
1787211900,1.36276,1.362855,1.36212,1.36214
1787212200,1.36215,1.362425,1.36203,1.36239
1787212500,1.362395,1.36272,1.36236,1.36249
1787212800,1.362495,1.362745,1.362315,1.362635
1787213100,1.362635,1.36286,1.362455,1.362825
1787213400,1.36282,1.36304,1.362785,1.36301
1787213700,1.363015,1.36339,1.36297,1.363225
1787214000,1.36323,1.36362,1.363225,1.36349
1787214300,1.36349,1.36362,1.36323,1.363335
1787214600,1.363335,1.363365,1.362945,1.36315
1787214900,1.363155,1.36333,1.36305,1.363165
1787215200,1.363165,1.36362,1.363165,1.36327
1787215500,1.363265,1.363485,1.363205,1.363265
1787215800,1.36327,1.36375,1.363235,1.363625
1787216100,1.36363,1.363655,1.3633,1.363545
1787216400,1.36355,1.363615,1.363195,1.363245
1787216700,1.36326,1.36359,1.363145,1.36357
1787217000,1.36357,1.364175,1.36357,1.36398
1787217300,1.363975,1.36428,1.36391,1.36407
1787217600,1.364065,1.36454,1.36403,1.364145
1787217900,1.36415,1.36439,1.364115,1.364365
1787218200,1.36437,1.36456,1.36423,1.364245
1787218500,1.36425,1.364285,1.36394,1.363945
1787218800,1.36395,1.364525,1.363945,1.36447
1787219100,1.36447,1.36447,1.36419,1.36432
1787219400,1.364325,1.364655,1.364265,1.36456
1787219700,1.364565,1.36476,1.364425,1.36475
1787220000,1.364755,1.36476,1.36417,1.36467
1787220300,1.364675,1.36527,1.36456,1.365265
1787220600,1.36527,1.36596,1.36519,1.365395
1787220900,1.3654,1.36556,1.365345,1.36536
1787221200,1.36536,1.36543,1.36499,1.365225
1787221500,1.36523,1.365665,1.36521,1.365605
1787221800,1.36561,1.365665,1.365415,1.365625
1787222100,1.36562,1.3657,1.365205,1.365225
1787222400,1.36523,1.365235,1.36474,1.36477
1787222700,1.36478,1.36483,1.36461,1.364685
1787223000,1.36469,1.364745,1.36406,1.364145
1787223300,1.36415,1.36446,1.364075,1.36444
1787223600,1.364445,1.36459,1.363995,1.364045
1787223900,1.364045,1.364045,1.36333,1.363355
1787224200,1.36335,1.363485,1.36316,1.36338
1787224500,1.36338,1.36355,1.36328,1.363505
1787224800,1.3635,1.363875,1.363435,1.36384
1787225100,1.36385,1.364025,1.36352,1.36356
1787225400,1.36356,1.364105,1.36346,1.3641
1787225700,1.364095,1.364285,1.36391,1.36397
1787226000,1.363975,1.36406,1.363215,1.363255
1787226300,1.36326,1.363335,1.36298,1.36322
1787226600,1.363225,1.36332,1.3629,1.363225
1787226900,1.36323,1.363475,1.363095,1.36318
1787227200,1.363175,1.36335,1.362745,1.36291
1787227500,1.36292,1.36294,1.362025,1.362605
1787227800,1.362615,1.36342,1.3626,1.363295
1787228100,1.3633,1.36396,1.36329,1.36369
1787228400,1.363695,1.364025,1.3636,1.36374
1787228700,1.36373,1.363815,1.36343,1.36361
1787229000,1.363685,1.363795,1.362545,1.36259
1787229300,1.36258,1.363085,1.36258,1.36298
1787229600,1.36297,1.36388,1.362935,1.363835
1787229900,1.363825,1.36392,1.36354,1.363905
1787230200,1.3639,1.364195,1.363675,1.36371
1787230500,1.363725,1.36455,1.36372,1.36422
1787230800,1.36423,1.365025,1.36423,1.365005
1787231100,1.36501,1.365285,1.36455,1.36472
1787231400,1.364715,1.365055,1.364265,1.36436
1787231700,1.364365,1.364905,1.36423,1.36478
1787232000,1.36479,1.364945,1.36419,1.36427
1787232300,1.364265,1.364275,1.36384,1.364205
1787232600,1.3642,1.364435,1.36367,1.363835
1787232900,1.36384,1.36436,1.36364,1.36383
1787233200,1.363815,1.364025,1.3635,1.36387
1787233500,1.363875,1.364045,1.36329,1.363335
1787233800,1.36335,1.36388,1.36335,1.36359
1787234100,1.363595,1.363895,1.36329,1.363375
1787234400,1.36338,1.36397,1.363255,1.3635
1787234700,1.363505,1.363555,1.363165,1.36324
1787235000,1.363235,1.36326,1.362765,1.36285
1787235300,1.36285,1.36316,1.36266,1.363145
1787235600,1.363135,1.363595,1.36297,1.36337
1787235900,1.363375,1.36367,1.36325,1.3635
1787236200,1.363505,1.36367,1.36332,1.36357
1787236500,1.363575,1.36367,1.36321,1.36325
1787236800,1.363255,1.36341,1.36309,1.36326
1787237100,1.363265,1.363635,1.363225,1.36357
1787237400,1.36358,1.363605,1.362945,1.363285
1787237700,1.363275,1.36337,1.362965,1.36317
1787238000,1.363165,1.364785,1.363085,1.36423
1787238300,1.364225,1.364225,1.363025,1.363435
1787238600,1.36343,1.3639,1.363195,1.36379
1787238900,1.363795,1.363905,1.363595,1.363855
1787239200,1.363855,1.36409,1.362965,1.36321
1787239500,1.363205,1.364265,1.362965,1.36426
1787239800,1.364265,1.364445,1.363665,1.36374
1787240100,1.363735,1.36388,1.36334,1.363425
1787240400,1.36343,1.36356,1.36272,1.36296
1787240700,1.36295,1.36343,1.36282,1.36324
1787241000,1.36323,1.36364,1.36319,1.363535
1787241300,1.36354,1.36379,1.36353,1.363665
1787241600,1.36366,1.36377,1.36332,1.363445
1787241900,1.36345,1.363585,1.363185,1.363465
1787242200,1.36347,1.36359,1.36308,1.36312
1787242500,1.363125,1.363285,1.36295,1.363285
1787242800,1.36328,1.36329,1.36308,1.36315
1787243100,1.363155,1.363225,1.36272,1.362755
1787243400,1.36275,1.362845,1.36238,1.3626
1787243700,1.362595,1.362895,1.362465,1.36248
1787244000,1.362485,1.362785,1.362475,1.362745
1787244300,1.36274,1.363135,1.362705,1.36311
1787244600,1.363115,1.363185,1.362845,1.36299
1787244900,1.362985,1.363355,1.362955,1.363055
1787245200,1.36306,1.363155,1.36285,1.362985
1787245500,1.36298,1.362995,1.362575,1.362645
1787245800,1.36265,1.36266,1.36245,1.362465
1787246100,1.36246,1.36267,1.3624,1.362455
1787246400,1.362455,1.362565,1.362345,1.36247
1787246700,1.36247,1.362685,1.36247,1.362675
1787247000,1.36267,1.362705,1.36246,1.3626
1787247300,1.36259,1.36267,1.362365,1.362405
1787247600,1.362395,1.36252,1.3623,1.36248
1787247900,1.36248,1.362675,1.362455,1.36261
1787248200,1.362615,1.36277,1.362605,1.36271
1787248500,1.362705,1.36275,1.36256,1.36274
1787248800,1.362745,1.362815,1.36254,1.3627
1787249100,1.362705,1.362835,1.3624,1.36247
1787249400,1.362465,1.36252,1.36215,1.362285
1787249700,1.36228,1.3623,1.362055,1.362295
1787250000,1.36229,1.36242,1.36227,1.36228
1787250300,1.36228,1.36241,1.362235,1.36231
1787250600,1.362305,1.362505,1.362295,1.362435
1787250900,1.362425,1.36254,1.3624,1.362415
1787251200,1.36242,1.362535,1.36235,1.36237
1787251500,1.362365,1.36268,1.36236,1.36262
1787251800,1.36262,1.36276,1.36255,1.362755
1787252100,1.36276,1.36282,1.36265,1.362755
1787252400,1.36275,1.3628,1.3625,1.36263
1787252700,1.362625,1.362815,1.362615,1.362785
1787253000,1.36278,1.36299,1.362665,1.362965
1787253300,1.36297,1.36304,1.362835,1.3629
1787253600,1.3629,1.363,1.36286,1.362975
1787253900,1.36297,1.363,1.36288,1.36289
1787254200,1.362885,1.363025,1.362765,1.36277
1787254500,1.362775,1.36297,1.362715,1.362895
1787254800,1.362895,1.362895,1.36275,1.36278
1787255100,1.36278,1.36299,1.36273,1.362975
1787255400,1.36297,1.363075,1.36295,1.363025
1787255700,1.363035,1.36308,1.3628,1.362855
1787256000,1.36286,1.363015,1.36286,1.362985
1787256300,1.36299,1.363005,1.36286,1.362905
1787256600,1.36291,1.362975,1.36289,1.362905
1787256900,1.3629,1.36293,1.36289,1.3629
1787257200,1.3629,1.36291,1.362755,1.36277
1787257500,1.362775,1.362885,1.362775,1.362855
1787257800,1.36286,1.36293,1.36285,1.3629
1787258100,1.3629,1.362985,1.3629,1.36297
1787258400,1.362975,1.363275,1.36297,1.363205
1787258700,1.36321,1.363295,1.363165,1.36325
1787259000,1.363255,1.363255,1.363085,1.363085
1787259300,1.36309,1.363145,1.36302,1.363045
1787259600,1.363045,1.363045,1.362825,1.362825
1787259900,1.36282,1.36309,1.362615,1.362745
1787260200,1.362745,1.362985,1.36261,1.362925
1787260500,1.362925,1.363045,1.36285,1.362865
1787260800,1.362865,1.36302,1.36283,1.36302
1787261100,1.36302,1.363165,1.36299,1.36307
1787261400,1.363095,1.36322,1.363045,1.363115
1787261700,1.36313,1.363195,1.362945,1.36302
1787262000,1.363025,1.36312,1.362895,1.36301
1787262300,1.363035,1.36308,1.36299,1.36303
1787262600,1.363045,1.363195,1.362985,1.36301
1787262900,1.36301,1.36329,1.36287,1.363155
1787263200,1.363165,1.36349,1.36312,1.36349
1787263500,1.36349,1.3635,1.36339,1.36339
1787263800,1.36339,1.36347,1.36336,1.363405
1787264100,1.363405,1.363495,1.363245,1.363275
1787264400,1.36327,1.36348,1.363265,1.363475
1787264700,1.363475,1.36362,1.363475,1.36351
1787265000,1.36351,1.363515,1.36338,1.3634
1787265300,1.3634,1.36348,1.363395,1.36348
1787265600,1.36348,1.363495,1.36346,1.36346
1787265900,1.36346,1.36351,1.36346,1.363505
1787266200,1.363505,1.36369,1.363505,1.363605
1787266500,1.36361,1.363635,1.363575,1.36361
1787266800,1.36362,1.363985,1.363605,1.36393
1787267100,1.36393,1.36393,1.36369,1.36378
1787267400,1.363785,1.363915,1.36377,1.36389
1787267700,1.36389,1.364005,1.36386,1.364
1787268000,1.364005,1.364105,1.364005,1.364095
1787268300,1.36409,1.364095,1.36398,1.36398
1787268600,1.363985,1.36413,1.363865,1.36388
1787268900,1.36388,1.36395,1.36379,1.363855
1787269200,1.36385,1.36407,1.36385,1.364045
1787269500,1.36404,1.364185,1.36398,1.36417
1787269800,1.36417,1.364205,1.36405,1.36417
1787270100,1.364165,1.36438,1.36413,1.364305
1787270400,1.36431,1.364375,1.36408,1.364175
1787270700,1.36417,1.36419,1.3639,1.36403
1787271000,1.364025,1.36454,1.364005,1.36449
1787271300,1.364485,1.364625,1.364355,1.364575
1787271600,1.364575,1.36467,1.36443,1.364475
1787271900,1.36447,1.3646,1.36409,1.364205
1787272200,1.36421,1.364225,1.36401,1.364155
1787272500,1.36416,1.36436,1.36406,1.36409
1787272800,1.364095,1.36413,1.363825,1.363955
1787273100,1.36396,1.36406,1.36385,1.363995
1787273400,1.36398,1.3641,1.363855,1.363915
1787273700,1.36391,1.364,1.363745,1.36378
1787274000,1.363775,1.36407,1.363735,1.36382
1787274300,1.363825,1.36394,1.363655,1.363815
1787274600,1.36382,1.364095,1.363685,1.364015
1787274900,1.36402,1.364345,1.3639,1.364165
1787275200,1.36417,1.364505,1.364135,1.3644
1787275500,1.364395,1.364605,1.364305,1.364575
1787275800,1.36458,1.3649,1.364565,1.36487
1787276100,1.364855,1.364915,1.36444,1.36449
1787276400,1.36448,1.36457,1.36438,1.364425
1787276700,1.36442,1.364605,1.364365,1.36451
1787277000,1.364505,1.364535,1.36423,1.36431
1787277300,1.364315,1.36449,1.3643,1.36446
1787277600,1.36447,1.36458,1.36421,1.364235
1787277900,1.36424,1.364365,1.36405,1.36436
1787278200,1.364355,1.364535,1.36434,1.36453
1787278500,1.36453,1.364595,1.36438,1.36446
1787278800,1.36446,1.36503,1.3644,1.365
1787279100,1.365005,1.365035,1.364765,1.364825
1787279400,1.36482,1.36516,1.364815,1.364885
1787279700,1.36488,1.365,1.364855,1.364905
1787280000,1.364905,1.36503,1.364845,1.36502
1787280300,1.365025,1.36548,1.365025,1.365455
1787280600,1.36545,1.365555,1.36526,1.36535
1787280900,1.365355,1.36536,1.36486,1.364875
1787281200,1.36487,1.36501,1.364775,1.36479
1787281500,1.364785,1.36502,1.364745,1.364885
1787281800,1.36488,1.365115,1.364865,1.365025
1787282100,1.36503,1.36507,1.36486,1.36488
1787282400,1.36488,1.36501,1.36486,1.36486
1787282700,1.36486,1.364875,1.36461,1.36461
1787283000,1.364605,1.364665,1.36451,1.36457
1787283300,1.36457,1.364575,1.36431,1.364375
1787283600,1.364375,1.36452,1.36431,1.36447
1787283900,1.364475,1.364555,1.36437,1.36442
1787284200,1.364415,1.364515,1.36433,1.3645
1787284500,1.364495,1.364605,1.36447,1.36456
1787284800,1.364565,1.36457,1.364435,1.364475
1787285100,1.36448,1.3646,1.364405,1.36447
1787285400,1.36447,1.364525,1.36434,1.36441
1787285700,1.36441,1.36449,1.364335,1.364475
1787286000,1.36447,1.364475,1.364195,1.364245
1787286300,1.36424,1.36426,1.36406,1.36414
1787286600,1.364145,1.364195,1.364065,1.364105
1787286900,1.36411,1.364125,1.36402,1.36406
1787287200,1.36406,1.36424,1.36397,1.3642
1787287500,1.364195,1.36434,1.36414,1.364145
1787287800,1.36414,1.36422,1.36406,1.36416
1787288100,1.364155,1.36436,1.36414,1.364345
1787288400,1.36434,1.364355,1.36408,1.364285
1787288700,1.36429,1.36437,1.36423,1.36429
1787289000,1.36429,1.364375,1.36422,1.36427
1787289300,1.364265,1.36438,1.3642,1.36427
1787289600,1.36427,1.3643,1.36421,1.36427
1787289900,1.36427,1.36429,1.364125,1.36418
1787290200,1.364175,1.364495,1.364075,1.36449
1787290500,1.364485,1.36481,1.36447,1.364775
1787290800,1.36478,1.36481,1.36448,1.364805
1787291100,1.36481,1.364875,1.364595,1.364875
1787291400,1.36488,1.36525,1.36478,1.36507
1787291700,1.365075,1.36534,1.36498,1.36521
1787292000,1.3652,1.36526,1.364375,1.36449
1787292300,1.364485,1.364625,1.36428,1.36443
1787292600,1.364425,1.36454,1.36434,1.364385
1787292900,1.36438,1.36474,1.364375,1.36465
1787293200,1.364645,1.364665,1.364055,1.364185
1787293500,1.36419,1.364635,1.364165,1.36445
1787293800,1.36446,1.36498,1.364435,1.364965
1787294100,1.36497,1.36504,1.364545,1.36461
1787294400,1.364615,1.364655,1.36442,1.36455
1787294700,1.364555,1.364885,1.364305,1.364855
1787295000,1.36486,1.36496,1.364575,1.36465
1787295300,1.364655,1.364975,1.36456,1.36494
1787295600,1.36493,1.365265,1.364865,1.365065
1787295900,1.36506,1.36506,1.36437,1.364495
1787296200,1.364485,1.364885,1.36448,1.364835
1787296500,1.36483,1.36528,1.364675,1.36528
1787296800,1.36528,1.3653,1.364835,1.36502
1787297100,1.365005,1.36501,1.36467,1.364945
1787297400,1.364965,1.365185,1.364655,1.365145
1787297700,1.365145,1.36531,1.364995,1.36525
1787298000,1.365245,1.36534,1.36425,1.364365
1787298300,1.36437,1.364375,1.36395,1.364235
1787298600,1.36424,1.3643,1.36376,1.363905
1787298900,1.36391,1.3641,1.36377,1.3641
1787299200,1.364095,1.36431,1.363885,1.36407
1787299500,1.364065,1.364175,1.36352,1.36386
1787299800,1.363865,1.364145,1.36383,1.364075
1787300100,1.36408,1.36426,1.363805,1.364
1787300400,1.363995,1.364125,1.363795,1.36408
1787300700,1.364085,1.36472,1.364065,1.36464
1787301000,1.36467,1.365185,1.364635,1.3648
1787301300,1.364805,1.365225,1.364675,1.36522
1787301600,1.36522,1.365875,1.36519,1.365695
1787301900,1.365685,1.36587,1.365465,1.36558
1787302200,1.36558,1.36609,1.36558,1.36589
1787302500,1.365895,1.366535,1.365885,1.36646
1787302800,1.366455,1.366865,1.3663,1.36673
1787303100,1.366725,1.367505,1.36649,1.367495
1787303400,1.36749,1.36755,1.367155,1.367185
1787303700,1.36719,1.36736,1.366805,1.36682
1787304000,1.36683,1.36691,1.366325,1.366435
1787304300,1.36644,1.366465,1.365945,1.366115
1787304600,1.36611,1.36631,1.365855,1.36624
1787304900,1.36624,1.366335,1.36597,1.366165
1787305200,1.36616,1.36618,1.36585,1.36587
1787305500,1.365875,1.366055,1.365655,1.366035
1787305800,1.366035,1.36604,1.36576,1.365945
1787306100,1.36595,1.366025,1.36549,1.36552
1787306400,1.365515,1.366,1.36537,1.36591
1787306700,1.365905,1.365955,1.365745,1.365855
1787307000,1.36586,1.366025,1.365645,1.365765
1787307300,1.36576,1.366275,1.36568,1.366165
1787307600,1.36616,1.366255,1.36591,1.366245
1787307900,1.366255,1.36664,1.36623,1.366435
1787308200,1.36644,1.36646,1.366105,1.36624
1787308500,1.366235,1.366545,1.366175,1.366395
1787308800,1.36639,1.36639,1.366035,1.36611
1787309100,1.366105,1.36614,1.365755,1.365775
1787309400,1.36577,1.3658,1.36525,1.365365
1787309700,1.365365,1.365455,1.36434,1.36484
1787310000,1.364845,1.364985,1.364725,1.364935
1787310300,1.36493,1.36516,1.36465,1.36514
1787310600,1.365135,1.365455,1.365025,1.365445
1787310900,1.36545,1.36568,1.36544,1.36545
1787311200,1.36545,1.36638,1.365435,1.366275
1787311500,1.36627,1.36648,1.365945,1.366285
1787311800,1.36628,1.36637,1.36537,1.36551
1787312100,1.365515,1.36608,1.36547,1.365745
1787312400,1.36574,1.36575,1.36532,1.36553
1787312700,1.365535,1.36555,1.36524,1.36537
1787313000,1.365365,1.365365,1.36506,1.3652
1787313300,1.365185,1.36578,1.365155,1.36573
1787313600,1.365735,1.365995,1.36543,1.36553
1787313900,1.365525,1.365955,1.36552,1.36561
1787314200,1.365605,1.36565,1.365305,1.365305
1787314500,1.36531,1.36576,1.3652,1.36571
1787314800,1.365715,1.365885,1.36547,1.36577
1787315100,1.365765,1.36582,1.36526,1.36537
1787315400,1.365365,1.365365,1.36476,1.364855
1787315700,1.36486,1.364865,1.36353,1.36358
1787316000,1.363575,1.36471,1.3635,1.36444
1787316300,1.364445,1.364535,1.364305,1.364385
1787316600,1.364385,1.36444,1.3639,1.364295
1787316900,1.3643,1.36443,1.363945,1.364335
1787317200,1.36434,1.364595,1.36403,1.364245
1787317500,1.36424,1.36426,1.36364,1.363955
1787317800,1.36396,1.36408,1.36356,1.36378
1787318100,1.363785,1.36392,1.3635,1.36356
1787318400,1.363565,1.363855,1.36345,1.36353
1787318700,1.363525,1.363695,1.363425,1.3636
1787319000,1.363595,1.363745,1.363415,1.363625
1787319300,1.36362,1.363935,1.36349,1.363685
1787319600,1.363665,1.363985,1.36361,1.36395
1787319900,1.363945,1.364175,1.36368,1.363985
1787320200,1.36399,1.36447,1.363965,1.364465
1787320500,1.36447,1.36472,1.364235,1.364415
1787320800,1.36441,1.36442,1.363905,1.364295
1787321100,1.3643,1.36438,1.363695,1.36389
1787321400,1.363885,1.36406,1.36378,1.364035
1787321700,1.36404,1.36429,1.36399,1.364125
1787322000,1.36412,1.36412,1.363495,1.36368
1787322300,1.363675,1.3638,1.36322,1.36323
1787322600,1.363235,1.36324,1.362495,1.36257
1787322900,1.36258,1.36273,1.361845,1.36211
1787323200,1.362115,1.36277,1.361835,1.362285
1787323500,1.36229,1.362765,1.36229,1.36259
1787323800,1.362585,1.363175,1.36246,1.36248
1787324100,1.362475,1.362625,1.36206,1.362405
1787324400,1.3624,1.362925,1.362205,1.362765
1787324700,1.362775,1.362925,1.36228,1.362375
1787325000,1.36238,1.36281,1.36238,1.362625
1787325300,1.36263,1.362765,1.36234,1.36257
1787325600,1.362565,1.362765,1.36243,1.362585
1787325900,1.3626,1.363145,1.362565,1.362955
1787326200,1.362965,1.363395,1.36294,1.36339
1787326500,1.36339,1.363705,1.363175,1.36327
1787326800,1.363275,1.363815,1.363195,1.363775
1787327100,1.363785,1.363915,1.36354,1.363545
1787327400,1.36355,1.36403,1.36348,1.36399
1787327700,1.363995,1.36422,1.363925,1.364175
1787328000,1.36418,1.364385,1.364165,1.36438
1787328300,1.364385,1.36441,1.36368,1.363955
1787328600,1.36396,1.36419,1.36386,1.36397
1787328900,1.363965,1.364055,1.36368,1.363695
1787329200,1.36368,1.36465,1.363675,1.364205
1787329500,1.36421,1.36436,1.363915,1.364175
1787329800,1.364175,1.3644,1.36414,1.36425
1787330100,1.36425,1.364465,1.3642,1.36446
1787330400,1.364465,1.364465,1.36406,1.36417
1787330700,1.364165,1.364335,1.364015,1.36414
1787331000,1.364135,1.36423,1.36403,1.364095
1787331300,1.36409,1.364265,1.36399,1.36421
1787331600,1.364205,1.36424,1.364095,1.3641
1787331900,1.36411,1.36426,1.363985,1.364255
1787332200,1.364255,1.364255,1.36395,1.364055
1787332500,1.36405,1.364295,1.36401,1.36428
1787332800,1.364285,1.364375,1.36416,1.36427
1787333100,1.364275,1.364595,1.364205,1.36448
1787333400,1.364485,1.364685,1.36439,1.364685
1787333700,1.364685,1.36494,1.364645,1.364655
1787334000,1.36466,1.36473,1.364505,1.364505
1787334300,1.3645,1.36465,1.36447,1.364565
1787334600,1.36456,1.3648,1.364505,1.364765
1787334900,1.364765,1.364965,1.364695,1.364865
1787335200,1.36487,1.365375,1.364865,1.365315
1787335500,1.365315,1.365355,1.36518,1.36527
1787335800,1.365265,1.36529,1.364995,1.365
1787336100,1.364995,1.365115,1.364975,1.365085
1787336400,1.36508,1.36508,1.364885,1.364995
1787336700,1.36501,1.36527,1.36501,1.36516
1787337000,1.365165,1.365195,1.365055,1.365155
1787337300,1.365155,1.36522,1.365,1.36518
1787337600,1.36518,1.36526,1.36509,1.365125
1787337900,1.36513,1.365225,1.36505,1.36508
1787338200,1.365085,1.3651,1.364875,1.365085
1787338500,1.36509,1.36516,1.364945,1.365145
1787338800,1.36515,1.365275,1.36498,1.36498
1787339100,1.36499,1.36504,1.36478,1.36478
1787339400,1.364775,1.36496,1.36476,1.364875
1787339700,1.36488,1.364885,1.36478,1.36483
1787340000,1.364825,1.36491,1.36477,1.364805
1787340300,1.36481,1.364815,1.364665,1.36477
1787340600,1.364765,1.36489,1.364665,1.364665
1787340900,1.364665,1.3648,1.36457,1.36478
1787341200,1.364775,1.36481,1.364645,1.36468
1787341500,1.364675,1.365045,1.364665,1.36503
1787341800,1.365025,1.365035,1.36468,1.36478
1787342100,1.364775,1.364775,1.364535,1.364695
1787342400,1.36469,1.36478,1.364585,1.364765
1787342700,1.364765,1.364855,1.36459,1.36484
1787343000,1.364845,1.364845,1.364675,1.364785
1787343300,1.36478,1.36481,1.36466,1.36468
1787343600,1.36468,1.364695,1.364625,1.364655
1787343900,1.364665,1.36472,1.36448,1.364495
1787344200,1.36449,1.364495,1.364245,1.36428
1787344500,1.36428,1.36447,1.3642,1.3642
1787344800,1.364205,1.36441,1.364155,1.364365
1787345100,1.364385,1.364495,1.36428,1.36441
1787345400,1.364395,1.364475,1.36426,1.36439
1787345700,1.364385,1.36466,1.36413,1.364595
1787518800,1.364595,1.364595,1.36321,1.363965
1787519100,1.36367,1.36367,1.36323,1.36323
1787519400,1.36323,1.363385,1.363205,1.363245
1787519700,1.363245,1.363325,1.3632,1.363325
1787520000,1.363325,1.36352,1.363235,1.36352
1787520300,1.36352,1.363525,1.36352,1.363525
1787520600,1.363525,1.364595,1.36352,1.364515
1787520900,1.364515,1.364655,1.36387,1.36405
1787521200,1.36405,1.36405,1.36364,1.363735
1787521500,1.363725,1.36381,1.36369,1.363795
1787521800,1.363795,1.363815,1.3635,1.36355
1787522100,1.36355,1.36362,1.36339,1.363605
1787522400,1.36359,1.364235,1.36359,1.364095
1787522700,1.364105,1.36438,1.364105,1.36438
1787523000,1.36438,1.364595,1.364365,1.36446
1787523300,1.364465,1.3645,1.364445,1.36449
1787523600,1.364485,1.364505,1.364455,1.36446
1787523900,1.36446,1.36452,1.364425,1.36451
1787524200,1.36451,1.364655,1.36446,1.3645
1787524500,1.3645,1.364545,1.36442,1.364505
1787524800,1.36451,1.364555,1.364385,1.36442
1787525100,1.364425,1.36443,1.36431,1.364375
1787525400,1.364375,1.36439,1.36433,1.364365
1787525700,1.36437,1.364385,1.364285,1.364295
1787526000,1.36429,1.364425,1.36428,1.36435
1787526300,1.36435,1.36441,1.36434,1.36441
1787526600,1.36441,1.36448,1.36438,1.36441
1787526900,1.36441,1.36442,1.364305,1.36441
1787527200,1.3644,1.364595,1.3644,1.364575
1787527500,1.36458,1.36459,1.364515,1.36452
1787527800,1.36452,1.364595,1.364485,1.36453
1787528100,1.36453,1.364685,1.36453,1.36459
1787528400,1.36459,1.36468,1.364525,1.36461
1787528700,1.364615,1.36486,1.364605,1.36486
1787529000,1.364855,1.36517,1.364775,1.36509
1787529300,1.36509,1.3654,1.365085,1.36537
1787529600,1.36539,1.36557,1.36519,1.36543
1787529900,1.365435,1.36559,1.365275,1.36529
1787530200,1.36529,1.36556,1.36528,1.365355
1787530500,1.36535,1.365495,1.36526,1.365275
1787530800,1.36527,1.36549,1.36514,1.365365
1787531100,1.365365,1.3654,1.365095,1.365135
1787531400,1.36513,1.3652,1.365055,1.36506
1787531700,1.365055,1.36516,1.364955,1.3651
1787532000,1.365105,1.36517,1.36498,1.3651
1787532300,1.365105,1.36517,1.364945,1.36516
1787532600,1.365165,1.365305,1.365065,1.36521
1787532900,1.365205,1.36556,1.36511,1.36546
1787533200,1.365465,1.36562,1.365045,1.365095
1787533500,1.365105,1.365285,1.36486,1.36499
1787533800,1.365,1.365095,1.364735,1.364745
1787534100,1.364765,1.36484,1.36458,1.36477
1787534400,1.36477,1.36478,1.3645,1.36467
1787534700,1.364675,1.364685,1.36426,1.364315
1787535000,1.36432,1.364325,1.36417,1.3643
1787535300,1.364295,1.364355,1.364165,1.36426
1787535600,1.36425,1.36441,1.364215,1.364345
1787535900,1.36435,1.36448,1.364305,1.364475
1787536200,1.36448,1.364805,1.364475,1.364785
1787536500,1.36478,1.36487,1.36469,1.364785
1787536800,1.364785,1.364875,1.364675,1.364815
1787537100,1.36481,1.36485,1.364645,1.36482
1787537400,1.364825,1.36511,1.364785,1.36507
1787537700,1.365065,1.36522,1.36503,1.36507
1787538000,1.36507,1.3651,1.36499,1.36507
1787538300,1.365075,1.36516,1.36498,1.364985
1787538600,1.36499,1.365005,1.36458,1.36459
1787538900,1.364595,1.36477,1.36458,1.36462
1787539200,1.364615,1.3648,1.364585,1.36478
1787539500,1.364785,1.364805,1.3646,1.36466
1787539800,1.364655,1.364915,1.36464,1.36489
1787540100,1.36489,1.365015,1.36489,1.36496
1787540400,1.36496,1.36506,1.364725,1.36491
1787540700,1.364905,1.364915,1.36471,1.36478
1787541000,1.364785,1.364805,1.364535,1.364765
1787541300,1.364765,1.36484,1.364705,1.36478
1787541600,1.364785,1.36491,1.36467,1.364905
1787541900,1.364905,1.364915,1.36471,1.36471
1787542200,1.364715,1.364805,1.364705,1.3648
1787542500,1.3648,1.3648,1.364685,1.364735
1787542800,1.36474,1.36476,1.364555,1.364555
1787543100,1.364555,1.364575,1.36438,1.36439
1787543400,1.364395,1.36458,1.364365,1.36457
1787543700,1.364565,1.36465,1.364495,1.36454
1787544000,1.364545,1.36459,1.364385,1.364385
1787544300,1.36437,1.364395,1.364165,1.36417
1787544600,1.364175,1.36457,1.364105,1.36439
1787544900,1.364395,1.364395,1.364255,1.36428
1787545200,1.364285,1.364465,1.36425,1.36438
1787545500,1.36439,1.36472,1.364365,1.364665
1787545800,1.36467,1.364675,1.3645,1.364595
1787546100,1.364595,1.36465,1.36446,1.36453
1787546400,1.36453,1.364605,1.36447,1.36451
1787546700,1.364515,1.36465,1.364435,1.36447
1787547000,1.364475,1.3647,1.36447,1.36468
1787547300,1.364685,1.36475,1.364565,1.36474
1787547600,1.364745,1.364775,1.364495,1.36455
1787547900,1.36455,1.364595,1.364455,1.364475
1787548200,1.36448,1.36453,1.364405,1.364485
1787548500,1.364485,1.364675,1.364465,1.3646
1787548800,1.3646,1.3646,1.364285,1.364325
1787549100,1.36432,1.36446,1.3643,1.364345
1787549400,1.36435,1.364375,1.36414,1.364195
1787549700,1.3642,1.364305,1.36403,1.364045
1787550000,1.36405,1.36409,1.3639,1.36395
1787550300,1.363945,1.364095,1.36389,1.364085
1787550600,1.36408,1.36435,1.36405,1.36424
1787550900,1.364245,1.36448,1.364215,1.364385
1787551200,1.36439,1.3645,1.36424,1.364285
1787551500,1.36429,1.36439,1.364195,1.36437
1787551800,1.364375,1.364405,1.364165,1.364315
1787552100,1.36431,1.36442,1.36416,1.36416
1787552400,1.364165,1.364225,1.363955,1.3641
1787552700,1.364095,1.36419,1.36385,1.3639
1787553000,1.363905,1.364175,1.363875,1.36417
1787553300,1.364165,1.36421,1.36407,1.364155
1787553600,1.36416,1.364195,1.36401,1.364095
1787553900,1.36409,1.36416,1.36376,1.364025
1787554200,1.36403,1.36461,1.36403,1.364455
1787554500,1.36446,1.364465,1.364235,1.36434
1787554800,1.364345,1.364905,1.3643,1.36464
1787555100,1.364645,1.364655,1.364255,1.36451
1787555400,1.364505,1.36456,1.3643,1.3644
1787555700,1.364395,1.364395,1.364125,1.36435
1787556000,1.364345,1.36464,1.36434,1.36443
1787556300,1.364425,1.36458,1.36437,1.364495
1787556600,1.36449,1.36489,1.36441,1.36485
1787556900,1.364855,1.36489,1.36458,1.3646
1787557200,1.364605,1.36463,1.36334,1.363355
1787557500,1.363345,1.363555,1.36318,1.363435
1787557800,1.36343,1.36375,1.3634,1.363745
1787558100,1.36375,1.36394,1.36326,1.36326
1787558400,1.36327,1.363495,1.363015,1.36341
1787558700,1.363415,1.36391,1.363375,1.36356
1787559000,1.363565,1.363585,1.36295,1.36296
1787559300,1.362965,1.36326,1.362775,1.36319
1787559600,1.363195,1.363275,1.362835,1.362845
1787559900,1.362845,1.36289,1.362475,1.3626
1787560200,1.36261,1.36303,1.36261,1.363
1787560500,1.362995,1.363095,1.36285,1.363055
1787560800,1.36305,1.3633,1.36304,1.36312
1787561100,1.363115,1.36324,1.3629,1.36323
1787561400,1.363225,1.36338,1.362995,1.36304
1787561700,1.36304,1.363045,1.36212,1.362165
1787562000,1.362175,1.362955,1.36216,1.362785
1787562300,1.36278,1.36288,1.362455,1.36248
1787562600,1.362475,1.362815,1.36242,1.36277
1787562900,1.36277,1.36287,1.362645,1.362845
1787563200,1.362845,1.362945,1.36274,1.36283
1787563500,1.362835,1.362955,1.36265,1.362935
1787563800,1.36294,1.36315,1.36284,1.36284
1787564100,1.36285,1.362855,1.362605,1.36283
1787564400,1.362835,1.362945,1.36266,1.36291
1787564700,1.362905,1.36317,1.36289,1.36313
1787565000,1.36313,1.36333,1.363075,1.36329
1787565300,1.363305,1.363425,1.363145,1.36341
1787565600,1.363415,1.36348,1.363185,1.36331
1787565900,1.36331,1.363355,1.36314,1.363185
1787566200,1.36319,1.36337,1.363085,1.363275
1787566500,1.36328,1.363445,1.36311,1.36339
1787566800,1.363385,1.363405,1.363245,1.36338
1787567100,1.363385,1.363535,1.363295,1.363315
1787567400,1.36331,1.36336,1.363045,1.36322
1787567700,1.363225,1.36323,1.363005,1.363065
1787568000,1.363065,1.3631,1.362605,1.362715
1787568300,1.36271,1.362885,1.36262,1.36267
1787568600,1.362665,1.36284,1.36256,1.36267
1787568900,1.36269,1.36301,1.36257,1.36258
1787569200,1.362575,1.36277,1.362275,1.362365
1787569500,1.36237,1.36289,1.362365,1.362845
1787569800,1.362845,1.362875,1.362625,1.36272
1787570100,1.362725,1.362815,1.36256,1.36271
1787570400,1.362715,1.363,1.3627,1.36297
1787570700,1.362975,1.36312,1.36295,1.363055
1787571000,1.36306,1.36334,1.36293,1.36323
1787571300,1.363235,1.3641,1.36322,1.363415
1787571600,1.36342,1.36373,1.36336,1.363455
1787571900,1.36346,1.36368,1.36341,1.36347
1787572200,1.363475,1.36386,1.363245,1.36386
1787572500,1.363865,1.36402,1.36372,1.36388
1787572800,1.363885,1.363945,1.36356,1.36356
1787573100,1.363555,1.363565,1.36315,1.36342
1787573400,1.363425,1.36365,1.363265,1.36348
1787573700,1.363475,1.36372,1.363255,1.36371
1787574000,1.363705,1.36425,1.363635,1.36409
1787574300,1.3641,1.36449,1.364065,1.364455
1787574600,1.36445,1.36455,1.363595,1.36418
1787574900,1.36417,1.36455,1.364165,1.36446
1787575200,1.364465,1.364745,1.36392,1.363975
1787575500,1.36398,1.36415,1.363705,1.364105
1787575800,1.36411,1.36459,1.36402,1.36459
1787576100,1.364595,1.36463,1.364165,1.36426
1787576400,1.364265,1.36465,1.364245,1.36437
1787576700,1.364365,1.364715,1.3643,1.36469
1787577000,1.364685,1.36481,1.364525,1.36477
1787577300,1.364765,1.36497,1.364595,1.36486
1787577600,1.364855,1.36494,1.36461,1.36477
1787577900,1.364775,1.364825,1.364265,1.36427
1787578200,1.364275,1.364525,1.364115,1.36444
1787578500,1.364435,1.364595,1.3643,1.364455
1787578800,1.36446,1.364795,1.364085,1.36412
1787579100,1.36413,1.364535,1.36401,1.36447
1787579400,1.364475,1.364555,1.363945,1.364255
1787579700,1.36426,1.364275,1.3638,1.364105
1787580000,1.3641,1.3642,1.363775,1.363955
1787580300,1.36396,1.36404,1.363645,1.36387
1787580600,1.36387,1.36418,1.36379,1.36401
1787580900,1.364005,1.36402,1.36343,1.3639
1787581200,1.3639,1.364245,1.3638,1.36418
1787581500,1.364185,1.36429,1.36406,1.364165
1787581800,1.36417,1.36419,1.363805,1.36399
1787582100,1.363995,1.364185,1.363935,1.36402
1787582400,1.364025,1.364125,1.36375,1.364085
1787582700,1.36409,1.364275,1.364005,1.364095
1787583000,1.36409,1.3641,1.36348,1.363545
1787583300,1.36355,1.36363,1.36326,1.3634
1787583600,1.363395,1.364085,1.36335,1.364
1787583900,1.364005,1.364095,1.363805,1.363865
1787584200,1.36386,1.363995,1.363705,1.36396
1787584500,1.363955,1.36406,1.36381,1.363815
1787584800,1.36382,1.36386,1.363605,1.3638
1787585100,1.363805,1.36449,1.363805,1.364245
1787585400,1.36425,1.3643,1.36378,1.363995
1787585700,1.364,1.364045,1.36364,1.36365
1787586000,1.363655,1.36371,1.363435,1.363445
1787586300,1.36344,1.36359,1.36335,1.3634
1787586600,1.3634,1.363465,1.36315,1.363255
1787586900,1.36325,1.36326,1.362875,1.362975
1787587200,1.36297,1.363705,1.362885,1.3634
1787587500,1.36341,1.363655,1.363145,1.363165
1787587800,1.363155,1.36341,1.36306,1.36331
1787588100,1.363315,1.363575,1.363265,1.363465
1787588400,1.363465,1.363565,1.363395,1.363485
1787588700,1.36348,1.363625,1.3634,1.36346
1787589000,1.363465,1.363775,1.36335,1.363465
1787589300,1.36347,1.36375,1.36339,1.3635
1787589600,1.36349,1.36354,1.36337,1.36347
1787589900,1.363465,1.36353,1.363185,1.363225
1787590200,1.36322,1.36335,1.363005,1.363105
1787590500,1.3631,1.36349,1.362945,1.36346
1787590800,1.363465,1.36357,1.36321,1.363235
1787591100,1.363245,1.3637,1.36305,1.36333
1787591400,1.363325,1.363415,1.363065,1.36329
1787591700,1.363285,1.36341,1.36305,1.36329
1787592000,1.363285,1.363285,1.36268,1.36277
1787592300,1.362765,1.3629,1.36266,1.362835
1787592600,1.36283,1.363085,1.36279,1.362905
1787592900,1.3629,1.362905,1.362755,1.36286
1787593200,1.362865,1.362895,1.36271,1.362755
1787593500,1.362755,1.362765,1.362495,1.36266
1787593800,1.362655,1.36283,1.36254,1.36276
1787594100,1.362755,1.362895,1.36267,1.362885
1787594400,1.36288,1.36294,1.36272,1.36277
1787594700,1.36277,1.362775,1.36246,1.36264
1787595000,1.362635,1.362815,1.36262,1.362805
1787595300,1.36281,1.36308,1.36278,1.362985
1787595600,1.36299,1.36324,1.36298,1.363215
1787595900,1.36321,1.363455,1.3632,1.363395
1787596200,1.3634,1.36345,1.363095,1.36313
1787596500,1.363135,1.36317,1.36294,1.36306
1787596800,1.363065,1.363235,1.36305,1.363135
1787597100,1.363135,1.36322,1.362975,1.363025
1787597400,1.36303,1.36314,1.36294,1.36305
1787597700,1.363055,1.36316,1.362835,1.363125
1787598000,1.36312,1.363145,1.36288,1.362945
1787598300,1.36295,1.36298,1.362725,1.36275
1787598600,1.36275,1.362865,1.36275,1.36282
1787598900,1.362825,1.36285,1.362725,1.362785
1787599200,1.36278,1.36286,1.362645,1.36265
1787599500,1.36265,1.362715,1.362555,1.362555
1787599800,1.362555,1.36269,1.36246,1.362675
1787600100,1.362675,1.362685,1.36256,1.36257
1787600400,1.362575,1.36286,1.362565,1.3628
1787600700,1.362805,1.363005,1.362755,1.362995
1787601000,1.363,1.36304,1.362875,1.36297
1787601300,1.36295,1.362995,1.36274,1.3628
1787601600,1.362805,1.36294,1.36276,1.362885
1787601900,1.36288,1.36313,1.36287,1.36304
1787602200,1.363035,1.36309,1.363015,1.36304
1787602500,1.36304,1.363065,1.36304,1.363055
1787602800,1.36305,1.363085,1.363,1.36302
1787603100,1.363015,1.36307,1.363005,1.36307
1787603400,1.36306,1.36308,1.36296,1.362985
1787603700,1.36298,1.363,1.362945,1.36298
1787604000,1.362985,1.362985,1.362945,1.362955
1787604300,1.362955,1.363075,1.362955,1.36307
1787604600,1.363065,1.36307,1.363005,1.363065
1787604900,1.36306,1.363145,1.363055,1.36313
1787605200,1.36313,1.36336,1.36313,1.36336
1787605500,1.3633,1.36355,1.363055,1.36312
1787605800,1.36312,1.36313,1.363095,1.36312
1787606100,1.36312,1.36345,1.36303,1.363375
1787606400,1.363375,1.363765,1.36333,1.36343
1787606700,1.36343,1.363455,1.36336,1.36336
1787607000,1.36336,1.36348,1.36333,1.363365
1787607300,1.363365,1.363385,1.362915,1.36311
1787607600,1.36311,1.363415,1.36302,1.363355
1787607900,1.36336,1.363575,1.363335,1.36342
1787608200,1.36342,1.36359,1.363325,1.36338
1787608500,1.363375,1.363565,1.363355,1.363565
1787608800,1.363345,1.363535,1.363215,1.36328
1787609100,1.363285,1.36332,1.363245,1.363265
1787609400,1.363265,1.36329,1.363235,1.36328
1787609700,1.36328,1.36329,1.363245,1.363285
1787610000,1.36328,1.363355,1.363275,1.363285
1787610300,1.363285,1.363285,1.363185,1.363275
1787610600,1.363275,1.363285,1.363255,1.363275
1787610900,1.363295,1.363375,1.36329,1.36331
1787611200,1.36331,1.3634,1.363265,1.363395
1787611500,1.36339,1.363425,1.36338,1.363385
1787611800,1.36339,1.3634,1.363375,1.36339
1787612100,1.363385,1.363415,1.363385,1.363405
1787612400,1.36341,1.36349,1.36338,1.363415
1787612700,1.363415,1.36351,1.363415,1.36347
1787613000,1.36347,1.36349,1.363465,1.36347
1787613300,1.36347,1.363545,1.36347,1.363505
1787613600,1.36352,1.36352,1.36347,1.36347
1787613900,1.36347,1.36347,1.363455,1.36346
1787614200,1.363465,1.36347,1.36337,1.36345
1787614500,1.363445,1.36345,1.363395,1.36341
1787614800,1.36341,1.36345,1.363355,1.363435
1787615100,1.363435,1.363485,1.36342,1.36345
1787615400,1.363455,1.363795,1.363455,1.363745
1787615700,1.36375,1.363805,1.363685,1.363745
1787616000,1.36374,1.36401,1.363675,1.363685
1787616300,1.36368,1.36397,1.36366,1.36381
1787616600,1.363805,1.36397,1.363765,1.3639
1787616900,1.363895,1.36391,1.363755,1.3638
1787617200,1.363805,1.363835,1.363725,1.3638
1787617500,1.363795,1.36391,1.36372,1.363905
1787617800,1.36391,1.363985,1.36383,1.363965
1787618100,1.36397,1.364055,1.363865,1.36388
1787618400,1.36388,1.364005,1.36385,1.363955
1787618700,1.36394,1.36397,1.363755,1.36392
1787619000,1.363925,1.363955,1.36359,1.363645
1787619300,1.36365,1.363965,1.363645,1.36393
1787619600,1.363935,1.363945,1.363635,1.36377
1787619900,1.36376,1.363965,1.36372,1.3639
1787620200,1.3639,1.36396,1.36377,1.363875
1787620500,1.363875,1.363875,1.363565,1.363725
1787620800,1.36372,1.36376,1.36344,1.363455
1787621100,1.363455,1.363695,1.363345,1.36369
1787621400,1.36368,1.363785,1.36352,1.36352
1787621700,1.363525,1.36369,1.36346,1.36366
1787622000,1.363655,1.3638,1.363585,1.363635
1787622300,1.36363,1.363635,1.36338,1.36351
1787622600,1.36351,1.36352,1.36326,1.36334
1787622900,1.363335,1.363365,1.36309,1.363215
1787623200,1.36321,1.36327,1.36304,1.363075
1787623500,1.36308,1.363475,1.36304,1.363465
1787623800,1.36347,1.363485,1.36333,1.36336
1787624100,1.363355,1.36346,1.363275,1.363355
1787624400,1.36336,1.36353,1.36328,1.363495
1787624700,1.36351,1.36356,1.36337,1.36356
1787625000,1.363565,1.363575,1.36325,1.363275
1787625300,1.363275,1.36349,1.363275,1.36348
1787625600,1.363475,1.36358,1.3634,1.36343
1787625900,1.363435,1.36352,1.36332,1.36336
1787626200,1.363365,1.363385,1.36312,1.36321
1787626500,1.363205,1.36321,1.362965,1.363165
1787626800,1.36317,1.36321,1.36306,1.363125
1787627100,1.36312,1.36335,1.363065,1.36335
1787627400,1.363345,1.36335,1.363115,1.363165
1787627700,1.36317,1.36326,1.363085,1.36318
1787628000,1.36318,1.36318,1.36306,1.36308
1787628300,1.363085,1.36314,1.36289,1.36295
1787628600,1.362945,1.36305,1.362845,1.363
1787628900,1.362995,1.36305,1.362925,1.362945
1787629200,1.36295,1.36311,1.36295,1.36302
1787629500,1.36302,1.36302,1.36295,1.36297
1787629800,1.362965,1.362965,1.362835,1.362905
1787630100,1.3629,1.36302,1.362865,1.362885
1787630400,1.36288,1.36289,1.362745,1.36277
1787630700,1.362775,1.362775,1.3625,1.36251
1787631000,1.362515,1.36261,1.362425,1.362585
1787631300,1.36259,1.362595,1.36247,1.36249
1787631600,1.362495,1.362565,1.36238,1.36256
1787631900,1.362555,1.362595,1.36248,1.36254
1787632200,1.36254,1.36266,1.36248,1.362655
1787632500,1.36265,1.36269,1.36261,1.36269
1787632800,1.362695,1.36273,1.362635,1.36266
1787633100,1.36266,1.36269,1.36255,1.362675
1787633400,1.362675,1.36268,1.36256,1.36261
1787633700,1.362615,1.362665,1.36257,1.36262
1787634000,1.362625,1.36267,1.362515,1.362665
1787634300,1.36267,1.36283,1.36265,1.362815
1787634600,1.36282,1.36288,1.36263,1.3627
1787634900,1.362695,1.36275,1.362635,1.36272
1787635200,1.36273,1.36274,1.362655,1.36266
1787635500,1.362665,1.36276,1.362655,1.36275
1787635800,1.362745,1.36277,1.36263,1.36266
1787636100,1.362655,1.362665,1.36253,1.36255
1787636400,1.36255,1.36256,1.36241,1.362455
1787636700,1.36245,1.36246,1.36229,1.36231
1787637000,1.362305,1.362475,1.362265,1.36247
1787637300,1.36248,1.362525,1.362205,1.362275
1787637600,1.362265,1.362395,1.36222,1.36223
1787637900,1.36222,1.36239,1.3622,1.362375
1787638200,1.36237,1.36273,1.36235,1.36268
1787638500,1.362685,1.362685,1.36244,1.362475
1787638800,1.36247,1.36268,1.36241,1.362565
1787639100,1.36256,1.36272,1.36248,1.36268
1787639400,1.36268,1.36286,1.362605,1.36269
1787639700,1.362685,1.36271,1.36242,1.36244
1787640000,1.362435,1.362655,1.362345,1.362565
1787640300,1.36256,1.36257,1.36236,1.36255
1787640600,1.362555,1.36264,1.36234,1.362585
1787640900,1.36259,1.362785,1.362415,1.36276
1787641200,1.362765,1.36357,1.362765,1.36355
1787641500,1.363545,1.364015,1.363535,1.36387
1787641800,1.36387,1.36416,1.363715,1.36404
1787642100,1.364035,1.36445,1.36398,1.3644
1787642400,1.36439,1.364395,1.36399,1.364
1787642700,1.364,1.364065,1.3638,1.36381
1787643000,1.363805,1.363885,1.363655,1.363665
1787643300,1.363665,1.363905,1.363655,1.363865
1787643600,1.36387,1.36388,1.363745,1.363805
1787643900,1.3638,1.36398,1.363695,1.36398
1787644200,1.363975,1.364005,1.36383,1.36393
1787644500,1.36391,1.363915,1.36366,1.36385
1787644800,1.363855,1.36398,1.363505,1.363505
1787645100,1.36351,1.363625,1.36304,1.363045
1787645400,1.36304,1.36327,1.36286,1.363255
1787645700,1.36325,1.363585,1.36314,1.363235
1787646000,1.36324,1.364135,1.363165,1.36393
1787646300,1.36394,1.364025,1.363395,1.363395
1787646600,1.36339,1.363515,1.36322,1.363495
1787646900,1.3635,1.36368,1.363355,1.36338
1787647200,1.36337,1.36373,1.36334,1.36369
1787647500,1.363695,1.363955,1.36366,1.36378
1787647800,1.363795,1.364,1.36377,1.363855
1787648100,1.363855,1.364225,1.36382,1.36414
1787648400,1.36413,1.364675,1.363975,1.3646
1787648700,1.364605,1.364755,1.364345,1.3647
1787649000,1.3647,1.36495,1.3646,1.364785
1787649300,1.36478,1.36481,1.364465,1.36458
1787649600,1.36458,1.36465,1.36436,1.364375
1787649900,1.36437,1.36438,1.36408,1.36414
1787650200,1.364145,1.36483,1.36406,1.364735
1787650500,1.36473,1.364885,1.364165,1.36419
1787650800,1.364195,1.36446,1.36412,1.36414
1787651100,1.364135,1.364435,1.364135,1.36438
1787651400,1.364375,1.364565,1.364335,1.36436
1787651700,1.364365,1.36473,1.364265,1.36428
1787652000,1.364275,1.36428,1.36395,1.364
1787652300,1.364005,1.364275,1.36395,1.36407
1787652600,1.364075,1.364085,1.36361,1.36369
1787652900,1.363685,1.363975,1.363575,1.3636
1787653200,1.363595,1.36375,1.363495,1.363525
1787653500,1.36352,1.36365,1.36341,1.363485
1787653800,1.36349,1.36366,1.363385,1.363455
1787654100,1.36345,1.363795,1.36344,1.36374
1787654400,1.36375,1.36395,1.363695,1.36386
1787654700,1.363855,1.363865,1.363625,1.36366
1787655000,1.363655,1.36367,1.36312,1.36328
1787655300,1.36327,1.36342,1.363195,1.36326
1787655600,1.363265,1.363375,1.36307,1.36325
1787655900,1.36325,1.36326,1.36283,1.36304
1787656200,1.36305,1.363225,1.36297,1.363025
1787656500,1.36302,1.36308,1.362745,1.362975
1787656800,1.36298,1.36323,1.36282,1.36289
1787657100,1.362885,1.36297,1.362765,1.362965
1787657400,1.36297,1.36317,1.3629,1.36313
1787657700,1.363135,1.36322,1.36292,1.363165
1787658000,1.36316,1.363165,1.36283,1.36286
1787658300,1.36286,1.363565,1.36285,1.363535
1787658600,1.36354,1.36376,1.36347,1.363475
1787658900,1.363485,1.363515,1.36317,1.363225
1787659200,1.36322,1.36359,1.3632,1.363555
1787659500,1.36355,1.363685,1.363155,1.36316
1787659800,1.36317,1.36344,1.362955,1.36337
1787660100,1.36337,1.363635,1.363355,1.36341
1787660400,1.363415,1.363515,1.363105,1.363165
1787660700,1.36317,1.363385,1.363155,1.36333
1787661000,1.363335,1.363435,1.36292,1.36297
1787661300,1.36298,1.36303,1.36261,1.362675
1787661600,1.36267,1.36308,1.362605,1.36299
1787661900,1.363,1.363245,1.363,1.36317
1787662200,1.36317,1.36337,1.36306,1.36316
1787662500,1.363165,1.363595,1.36316,1.36357
1787662800,1.363575,1.363735,1.363405,1.36362
1787663100,1.363615,1.36453,1.363585,1.364425
1787663400,1.36442,1.36532,1.364395,1.36469
1787663700,1.364695,1.36486,1.364345,1.36461
1787664000,1.364605,1.36464,1.364345,1.36446
1787664300,1.364465,1.36453,1.364225,1.36437
1787664600,1.364375,1.36487,1.364185,1.364295
1787664900,1.3643,1.364475,1.363985,1.364375
1787665200,1.36438,1.364465,1.36405,1.36406
1787665500,1.36405,1.36408,1.36387,1.363975
1787665800,1.36397,1.364195,1.36396,1.36403
1787666100,1.364035,1.364345,1.363915,1.36429
1787666400,1.364295,1.36436,1.36373,1.363735
1787666700,1.36373,1.36437,1.363625,1.364135
1787667000,1.36413,1.36426,1.36402,1.364175
1787667300,1.36417,1.364265,1.363755,1.36398
1787667600,1.363975,1.364055,1.363435,1.36345
1787667900,1.363445,1.36349,1.36293,1.36345
1787668200,1.363455,1.363555,1.36274,1.363415
1787668500,1.36341,1.363705,1.36328,1.36367
1787668800,1.363675,1.363695,1.363075,1.36358
1787669100,1.36357,1.36438,1.363555,1.36416
1787669400,1.364155,1.364165,1.36314,1.36329
1787669700,1.3633,1.36344,1.363045,1.36328
1787670000,1.363285,1.363555,1.36325,1.36344
1787670300,1.363445,1.36355,1.363065,1.363485
1787670600,1.36348,1.363505,1.36321,1.36329
1787670900,1.363285,1.363365,1.363025,1.36329
1787671200,1.363295,1.363585,1.363165,1.36331
1787671500,1.363315,1.36359,1.36326,1.36345
1787671800,1.363455,1.36378,1.363345,1.363715
1787672100,1.363725,1.363975,1.363375,1.363375
1787672400,1.36338,1.36355,1.36314,1.36333
1787672700,1.36332,1.363575,1.36332,1.363505
1787673000,1.3635,1.36376,1.363475,1.363575
1787673300,1.36357,1.36398,1.363365,1.363975
1787673600,1.36398,1.36411,1.363755,1.363755
1787673900,1.363765,1.363935,1.363645,1.363655
1787674200,1.36366,1.36375,1.36358,1.363585
1787674500,1.36358,1.363585,1.363205,1.363285
1787674800,1.36328,1.36354,1.36326,1.36348
1787675100,1.363485,1.36361,1.363415,1.36352
1787675400,1.36353,1.36383,1.36351,1.363685
1787675700,1.36368,1.363975,1.363635,1.363765
1787676000,1.363765,1.363775,1.36362,1.363665
1787676300,1.36366,1.36369,1.36356,1.36357
1787676600,1.363575,1.363575,1.36326,1.363275
1787676900,1.363285,1.36354,1.363235,1.36349
1787677200,1.363485,1.36361,1.363355,1.36359
1787677500,1.363585,1.36371,1.36337,1.36348
1787677800,1.36348,1.363605,1.36342,1.36352
1787678100,1.363515,1.36385,1.36351,1.3638
1787678400,1.36379,1.36389,1.36365,1.363655
1787678700,1.363655,1.363905,1.36359,1.36378
1787679000,1.363785,1.363915,1.36367,1.36385
1787679300,1.363855,1.36422,1.36385,1.364175
1787679600,1.364175,1.36418,1.3639,1.363975
1787679900,1.363965,1.364205,1.363935,1.36416
1787680200,1.364155,1.364195,1.36402,1.364155
1787680500,1.36416,1.36446,1.364155,1.364385
1787680800,1.36438,1.36443,1.364225,1.364355
1787681100,1.36436,1.364675,1.364355,1.364565
1787681400,1.364565,1.364675,1.36447,1.364485
1787681700,1.36448,1.36456,1.36445,1.36449
1787682000,1.36449,1.36461,1.364335,1.364355
1787682300,1.36436,1.364585,1.36436,1.36446
1787682600,1.364455,1.36451,1.36441,1.36446
1787682900,1.364465,1.36447,1.36433,1.364365
1787683200,1.36436,1.364485,1.364285,1.36441
1787683500,1.364405,1.36445,1.364265,1.36437
1787683800,1.364375,1.364515,1.364255,1.364475
1787684100,1.36447,1.3646,1.364395,1.36458
1787684400,1.364575,1.364595,1.36441,1.36449
1787684700,1.364485,1.36468,1.36448,1.36467
1787685000,1.36468,1.36481,1.36467,1.36478
1787685300,1.364795,1.365185,1.364765,1.365075
1787685600,1.36508,1.365085,1.36487,1.36488
1787685900,1.364885,1.36493,1.36468,1.36471
1787686200,1.364715,1.364715,1.36449,1.364505
1787686500,1.3645,1.364575,1.364355,1.3645
1787686800,1.3645,1.364635,1.364455,1.364565
1787687100,1.364565,1.364945,1.364535,1.364895
1787687400,1.36489,1.365255,1.36481,1.36512
1787687700,1.365125,1.36542,1.3649,1.365255
1787688000,1.365265,1.3653,1.36497,1.36502
1787688300,1.36503,1.365445,1.365,1.36542
1787688600,1.365425,1.36548,1.365265,1.365275
1787688900,1.36528,1.36538,1.36522,1.365285
1787689200,1.36529,1.36529,1.3652,1.365245
1787689500,1.36525,1.36535,1.3651,1.365205
1787689800,1.365215,1.36528,1.365075,1.36508
1787690100,1.365075,1.365075,1.36498,1.36499
1787690400,1.365,1.36503,1.36489,1.36489
1787690700,1.364895,1.36494,1.36484,1.364855
1787691000,1.36485,1.365035,1.36485,1.364965
1787691300,1.36497,1.36506,1.364745,1.3649
1787691600,1.364945,1.36495,1.36449,1.364895
1787691900,1.36487,1.365125,1.36475,1.365125
1787692200,1.365125,1.365125,1.36497,1.36501
1787692500,1.365025,1.36503,1.364905,1.36496
1787692800,1.36496,1.36497,1.36492,1.364955
1787693100,1.364965,1.364985,1.36489,1.36496
1787693400,1.36495,1.364955,1.364745,1.364815
1787693700,1.3648,1.3648,1.364595,1.36463
1787694000,1.364625,1.36486,1.364545,1.36484
1787694300,1.364835,1.3649,1.36467,1.36486
1787694600,1.36486,1.364875,1.36427,1.3646
1787694900,1.364605,1.36467,1.36424,1.364615
1787695200,1.36462,1.364845,1.36457,1.36483
1787695500,1.36482,1.36485,1.364725,1.364775
1787695800,1.364775,1.36478,1.36459,1.364705
1787696100,1.36471,1.36475,1.3647,1.36474
1787696400,1.364745,1.36493,1.364685,1.36486
1787696700,1.36486,1.364905,1.364825,1.36486
1787697000,1.36486,1.36489,1.36481,1.364885
1787697300,1.36488,1.364895,1.364845,1.364875
1787697600,1.364865,1.364975,1.36486,1.364975
1787697900,1.364975,1.365005,1.364955,1.364985
1787698200,1.364975,1.364995,1.364955,1.364975
1787698500,1.364975,1.36501,1.364955,1.36501
1787698800,1.365005,1.36501,1.364915,1.36496
1787699100,1.364955,1.36498,1.364875,1.36488
1787699400,1.364875,1.3649,1.36478,1.36487
1787699700,1.36487,1.364905,1.364865,1.36489
1787700000,1.364885,1.364905,1.36487,1.364875
1787700300,1.364875,1.3649,1.36468,1.364765
1787700600,1.36476,1.36477,1.36467,1.364695
1787700900,1.364695,1.3647,1.364675,1.364685
1787701200,1.364675,1.364675,1.36446,1.36458
1787701500,1.364585,1.36467,1.364555,1.36458
1787701800,1.364575,1.36464,1.36451,1.36457
1787702100,1.36457,1.364675,1.36455,1.36457
1787702400,1.364565,1.36466,1.36447,1.364515
1787702700,1.36451,1.364665,1.364435,1.364655
1787703000,1.36465,1.364765,1.364615,1.36476
1787703300,1.36476,1.364865,1.364735,1.364775
1787703600,1.36477,1.364785,1.364635,1.36464
1787703900,1.36465,1.364695,1.3646,1.36466
1787704200,1.364655,1.364865,1.364615,1.36464
1787704500,1.36464,1.36465,1.364445,1.364465
1787704800,1.36447,1.364805,1.364465,1.364775
1787705100,1.36477,1.364885,1.36475,1.364825
1787705400,1.36482,1.364845,1.364655,1.36475
1787705700,1.364755,1.364765,1.3645,1.364515
1787706000,1.36451,1.36471,1.364475,1.36456
1787706300,1.364555,1.36456,1.36441,1.36444
1787706600,1.36444,1.364495,1.36438,1.36443
1787706900,1.364425,1.364675,1.364415,1.36448
1787707200,1.364485,1.36458,1.3644,1.36452
1787707500,1.364515,1.364545,1.36442,1.364425
1787707800,1.364435,1.36473,1.364395,1.36445
1787708100,1.36445,1.364595,1.364415,1.36455
1787708400,1.364555,1.364585,1.3644,1.36443
1787708700,1.36442,1.36456,1.3644,1.3645
1787709000,1.364495,1.364755,1.364455,1.364555
1787709300,1.36456,1.36459,1.36445,1.36446
1787709600,1.364455,1.36474,1.36442,1.36457
1787709900,1.364565,1.36465,1.36444,1.364515
1787710200,1.36452,1.36465,1.36446,1.36459
1787710500,1.364595,1.364635,1.364385,1.364455
1787710800,1.36445,1.364555,1.36437,1.364395
1787711100,1.3644,1.364405,1.3642,1.36426
1787711400,1.364265,1.364395,1.36426,1.36433
1787711700,1.364325,1.36436,1.364155,1.364255
1787712000,1.36425,1.364425,1.36411,1.36436
1787712300,1.364365,1.36439,1.364265,1.36428
1787712600,1.364285,1.364315,1.3641,1.364105
1787712900,1.36411,1.364115,1.36394,1.363975
1787713200,1.36397,1.36415,1.36396,1.364125
1787713500,1.36412,1.364125,1.363855,1.363895
1787713800,1.3639,1.36392,1.3638,1.363875
1787714100,1.36388,1.364005,1.363865,1.36396
1787714400,1.36396,1.36407,1.363875,1.363915
1787714700,1.36392,1.36411,1.363865,1.363865
1787715000,1.36387,1.36387,1.363635,1.363685
1787715300,1.36369,1.363865,1.36368,1.363865
1787715600,1.36386,1.363885,1.36382,1.363875
1787715900,1.36388,1.36388,1.363625,1.36368
1787716200,1.36368,1.36378,1.363665,1.3637
1787716500,1.363695,1.363735,1.36366,1.363685
1787716800,1.36369,1.363705,1.363545,1.363545
1787717100,1.363545,1.3636,1.363515,1.363585
1787717400,1.36358,1.3636,1.363485,1.36349
1787717700,1.363495,1.3635,1.363395,1.36345
1787718000,1.36345,1.3636,1.36342,1.36359
1787718300,1.3636,1.363675,1.363555,1.36356
1787718600,1.363555,1.36367,1.36354,1.36354
1787718900,1.36353,1.36355,1.3634,1.36343
1787719200,1.363425,1.36346,1.36338,1.36339
1787719500,1.363385,1.363395,1.36319,1.363255
1787719800,1.36325,1.363355,1.363225,1.363275
1787720100,1.36328,1.36336,1.363255,1.36326
1787720400,1.363265,1.36335,1.36322,1.36326
1787720700,1.363255,1.36327,1.3631,1.3632
1787721000,1.363205,1.36325,1.363035,1.363065
1787721300,1.36307,1.36342,1.363055,1.36338
1787721600,1.363375,1.3634,1.363255,1.363285
1787721900,1.363295,1.36336,1.363235,1.36327
1787722200,1.363275,1.363555,1.36326,1.363485
1787722500,1.36348,1.36358,1.36345,1.36349
1787722800,1.363495,1.363695,1.363495,1.363535
1787723100,1.36354,1.36364,1.36345,1.36349
1787723400,1.363485,1.36349,1.36333,1.363355
1787723700,1.36336,1.363515,1.36336,1.36348
1787724000,1.363485,1.363515,1.36305,1.36309
1787724300,1.363095,1.363255,1.363075,1.363145
1787724600,1.36316,1.363165,1.3629,1.362955
1787724900,1.36296,1.363195,1.362925,1.36311
1787725200,1.363115,1.36316,1.36291,1.363095
1787725500,1.3631,1.363195,1.362965,1.36298
1787725800,1.362975,1.363195,1.362875,1.362885
1787726100,1.36288,1.36292,1.362585,1.362715
1787726400,1.36271,1.36286,1.36267,1.362805
1787726700,1.362805,1.36282,1.3625,1.36258
1787727000,1.362575,1.36282,1.36257,1.36272
1787727300,1.362715,1.363345,1.362595,1.36323
1787727600,1.36323,1.36359,1.363205,1.36348
1787727900,1.36348,1.36381,1.36336,1.363785
1787728200,1.36378,1.36399,1.36359,1.363805
1787728500,1.3638,1.36406,1.36368,1.36369
1787728800,1.363695,1.3637,1.36346,1.363485
1787729100,1.36349,1.36364,1.363465,1.36352
1787729400,1.36351,1.363745,1.363385,1.363645
1787729700,1.36364,1.36376,1.36357,1.36361
1787730000,1.363615,1.363655,1.363435,1.363465
1787730300,1.36346,1.36357,1.363385,1.36344
1787730600,1.363445,1.363505,1.36302,1.363135
1787730900,1.36313,1.363265,1.36302,1.36317
1787731200,1.363175,1.363365,1.362895,1.363345
1787731500,1.36335,1.36347,1.36318,1.36341
1787731800,1.36341,1.3637,1.36341,1.363465
1787732100,1.36346,1.36365,1.3634,1.363485
1787732400,1.36349,1.36366,1.36341,1.363505
1787732700,1.36351,1.36353,1.363335,1.36346
1787733000,1.363465,1.363465,1.363165,1.36325
1787733300,1.363245,1.3633,1.363135,1.36326
1787733600,1.36326,1.3633,1.36297,1.363165
1787733900,1.36317,1.36319,1.36287,1.36299
1787734200,1.362995,1.36313,1.36284,1.36287
1787734500,1.362865,1.36289,1.36264,1.36286
1787734800,1.362865,1.362895,1.36257,1.362745
1787735100,1.362745,1.36275,1.36231,1.362315
1787735400,1.36231,1.362575,1.36231,1.362475
1787735700,1.36248,1.36263,1.36246,1.362565
1787736000,1.36257,1.362575,1.3624,1.36244
1787736300,1.362435,1.362595,1.36229,1.36247
1787736600,1.362475,1.362665,1.362465,1.36252
1787736900,1.362525,1.3628,1.362505,1.362705
1787737200,1.36271,1.362735,1.36255,1.36273
1787737500,1.362725,1.362955,1.362675,1.362745
1787737800,1.36275,1.36298,1.36274,1.362875
1787738100,1.36289,1.362935,1.36265,1.36269
1787738400,1.362685,1.36269,1.3624,1.36247
1787738700,1.362465,1.362475,1.362365,1.36245
1787739000,1.362455,1.362475,1.36233,1.362355
1787739300,1.36235,1.36235,1.361915,1.36196
1787739600,1.361955,1.362165,1.361835,1.36188
1787739900,1.361875,1.361985,1.361685,1.36178
1787740200,1.36179,1.362165,1.361785,1.362135
1787740500,1.36214,1.36226,1.36195,1.362185
1787740800,1.36218,1.36221,1.362005,1.3622
1787741100,1.362205,1.362255,1.36201,1.36209
1787741400,1.3621,1.3621,1.361905,1.36209
1787741700,1.362085,1.362095,1.36186,1.36203
1787742000,1.36203,1.362365,1.362025,1.362275
1787742300,1.36227,1.362355,1.362165,1.36218
1787742600,1.362185,1.36256,1.362165,1.362495
1787742900,1.36249,1.36252,1.36218,1.36227
1787743200,1.362275,1.362365,1.36211,1.36217
1787743500,1.362165,1.362575,1.362165,1.36242
1787743800,1.362425,1.36269,1.362355,1.362675
1787744100,1.36268,1.362755,1.36246,1.36247
1787744400,1.36247,1.36259,1.36245,1.362495
1787744700,1.3625,1.36276,1.36246,1.36272
1787745000,1.362725,1.362755,1.36257,1.3627
1787745300,1.362695,1.36306,1.362655,1.3629
1787745600,1.362895,1.362975,1.362795,1.36294
1787745900,1.362945,1.363395,1.362945,1.36303
1787746200,1.36302,1.3633,1.36301,1.363275
1787746500,1.363265,1.36356,1.36324,1.36337
1787746800,1.363365,1.36349,1.363135,1.36316
1787747100,1.363175,1.36319,1.36261,1.362975
1787747400,1.362985,1.36337,1.36143,1.361725
1787747700,1.36171,1.36185,1.361275,1.361305
1787748000,1.361305,1.36178,1.36124,1.361475
1787748300,1.36148,1.361525,1.36127,1.36149
1787748600,1.361495,1.36162,1.36088,1.361325
1787748900,1.36133,1.36141,1.36067,1.36071
1787749200,1.3607,1.36077,1.36039,1.360465
1787749500,1.36047,1.36088,1.36041,1.36057
1787749800,1.360575,1.360895,1.36042,1.36079
1787750100,1.36079,1.36087,1.360365,1.360825
1787750400,1.360815,1.360825,1.360305,1.360605
1787750700,1.3606,1.36072,1.360375,1.36065
1787751000,1.360645,1.36076,1.36024,1.360265
1787751300,1.360245,1.360515,1.36018,1.36019
1787751600,1.360205,1.36047,1.360185,1.36028
1787751900,1.360285,1.36047,1.36023,1.36042
1787752200,1.360415,1.36079,1.3603,1.36057
1787752500,1.360565,1.3607,1.360175,1.3602
1787752800,1.36021,1.360265,1.359625,1.35994
1787753100,1.359945,1.35998,1.35966,1.359885
1787753400,1.35988,1.35991,1.359655,1.35988
1787753700,1.359885,1.35993,1.359325,1.359335
1787754000,1.35933,1.35942,1.358615,1.35871
1787754300,1.358705,1.359015,1.358465,1.358665
1787754600,1.35866,1.359195,1.35843,1.35912
1787754900,1.359115,1.35945,1.35896,1.35934
1787755200,1.359335,1.359615,1.359235,1.359455
1787755500,1.35946,1.35946,1.358465,1.35849
1787755800,1.358475,1.3588,1.358325,1.35877
1787756100,1.35878,1.35927,1.35861,1.358765
1787756400,1.35877,1.359165,1.35866,1.359045
1787756700,1.35905,1.35949,1.35891,1.359485
1787757000,1.35949,1.359515,1.35902,1.35902
1787757300,1.359015,1.3591,1.35876,1.358995
1787757600,1.359,1.35907,1.35868,1.35892
1787757900,1.35893,1.35913,1.35889,1.35911
1787758200,1.359105,1.35928,1.35899,1.35928
1787758500,1.359275,1.35971,1.359275,1.35971
1787758800,1.35971,1.359875,1.35961,1.35963
1787759100,1.359635,1.35978,1.359485,1.359595
1787759400,1.3596,1.3596,1.35894,1.35931
1787759700,1.359315,1.35949,1.359045,1.35935
1787760000,1.35934,1.35945,1.35913,1.35939
1787760300,1.3594,1.35972,1.35936,1.35951
1787760600,1.359505,1.359625,1.359435,1.35961
1787760900,1.359615,1.359675,1.35944,1.35959
1787761200,1.359585,1.359665,1.359425,1.35946
1787761500,1.359455,1.35956,1.35941,1.359415
1787761800,1.35942,1.35947,1.35914,1.35917
1787762100,1.359175,1.35919,1.3589,1.35891
1787762400,1.358915,1.359095,1.358855,1.359025
1787762700,1.35903,1.359405,1.358955,1.3594
1787763000,1.359395,1.359405,1.358915,1.35892
1787763300,1.35893,1.35918,1.358835,1.359045
1787763600,1.35905,1.359375,1.35903,1.35917
1787763900,1.359175,1.359175,1.35888,1.35898
1787764200,1.358975,1.359175,1.358865,1.359175
1787764500,1.359165,1.359385,1.35912,1.359345
1787764800,1.35935,1.35947,1.359305,1.359415
1787765100,1.35941,1.359435,1.359245,1.359385
1787765400,1.35938,1.35959,1.35936,1.35955
1787765700,1.359555,1.359565,1.35934,1.359345
1787766000,1.35934,1.359445,1.35927,1.35943
1787766300,1.359425,1.35943,1.35922,1.359255
1787766600,1.35926,1.359405,1.35925,1.35937
1787766900,1.35937,1.359405,1.35918,1.3594
1787767200,1.359405,1.359475,1.359355,1.359385
1787767500,1.35938,1.359505,1.359185,1.35946
1787767800,1.359465,1.35958,1.3594,1.35949
1787768100,1.359495,1.35959,1.35942,1.35954
1787768400,1.359535,1.359545,1.35929,1.35937
1787768700,1.359375,1.35944,1.35925,1.35928
1787769000,1.359275,1.35928,1.359155,1.359165
1787769300,1.359165,1.359175,1.35898,1.359045
1787769600,1.359045,1.3591,1.359,1.35907
1787769900,1.35907,1.359245,1.35907,1.359205
1787770200,1.3592,1.35926,1.359105,1.35914
1787770500,1.359145,1.35917,1.35899,1.35915
1787770800,1.35916,1.35923,1.35904,1.35916
1787771100,1.35916,1.35921,1.3591,1.359105
1787771400,1.35911,1.359205,1.35911,1.35917
1787771700,1.35917,1.35918,1.35901,1.35904
1787772000,1.359045,1.359205,1.35904,1.35917
1787772300,1.359175,1.35936,1.35915,1.359265
1787772600,1.35927,1.35938,1.35917,1.3592
1787772900,1.359205,1.359305,1.35919,1.359275
1787773200,1.35928,1.35935,1.359235,1.359265
1787773500,1.35926,1.359375,1.35924,1.35926
1787773800,1.359255,1.35926,1.35909,1.35919
1787774100,1.359205,1.359425,1.359195,1.359395
1787774400,1.35939,1.35945,1.35933,1.359375
1787774700,1.35938,1.359495,1.359375,1.3594
1787775000,1.359395,1.359405,1.35928,1.35929
1787775300,1.359295,1.359375,1.35927,1.359355
1787775600,1.35935,1.359405,1.359255,1.35931
1787775900,1.359315,1.359385,1.359305,1.35931
1787776200,1.359305,1.359545,1.3593,1.35947
1787776500,1.35948,1.359635,1.35946,1.35957
1787776800,1.359575,1.359605,1.359545,1.35957
1787777100,1.359565,1.359565,1.359435,1.359455
1787777400,1.35946,1.3595,1.359415,1.359485
1787777700,1.359485,1.35982,1.35939,1.35943
1787778000,1.359385,1.359395,1.35936,1.35939
1787778300,1.35939,1.359435,1.359265,1.359345
1787778600,1.359345,1.359345,1.35922,1.35933
1787778900,1.359315,1.35954,1.359095,1.35927
1787779200,1.35927,1.35957,1.35921,1.359385
1787779500,1.359385,1.359585,1.359295,1.359345
1787779800,1.35945,1.3596,1.35931,1.359465
1787780100,1.359465,1.35959,1.35929,1.35956
1787780400,1.35956,1.359635,1.35933,1.35945
1787780700,1.359375,1.35943,1.35914,1.35935
1787781000,1.35935,1.359435,1.35916,1.359305
1787781300,1.359315,1.359585,1.35897,1.35941
1787781600,1.3594,1.359765,1.359345,1.35965
1787781900,1.35963,1.359675,1.35941,1.359425
1787782200,1.359415,1.3595,1.359385,1.359485
1787782500,1.359485,1.35967,1.35947,1.359615
1787782800,1.35962,1.35962,1.35951,1.35952
1787783100,1.359525,1.359645,1.35951,1.35961
1787783400,1.35961,1.35969,1.35958,1.359625
1787783700,1.359625,1.359625,1.359525,1.35961
1787784000,1.35961,1.35968,1.359605,1.359655
1787784300,1.359655,1.359685,1.35951,1.35958
1787784600,1.35959,1.359595,1.359545,1.359555
1787784900,1.359555,1.35959,1.35952,1.359545
1787785200,1.359555,1.3597,1.35946,1.35956
1787785500,1.35956,1.35962,1.35953,1.3596
1787785800,1.3596,1.35976,1.359575,1.35973
1787786100,1.35974,1.359845,1.35959,1.35978
1787786400,1.359775,1.359805,1.35963,1.35973
1787786700,1.359725,1.35976,1.359585,1.359625
1787787000,1.359635,1.35973,1.35955,1.35972
1787787300,1.359715,1.35974,1.359665,1.359735
1787787600,1.35973,1.35977,1.359705,1.359705
1787787900,1.3597,1.359755,1.35965,1.359695
1787788200,1.359685,1.3597,1.35954,1.359635
1787788500,1.35962,1.35969,1.35961,1.35968
1787788800,1.359685,1.35974,1.35944,1.359575
1787789100,1.35958,1.35961,1.35929,1.3594
1787789400,1.359395,1.359415,1.35922,1.35925
1787789700,1.359245,1.35937,1.359205,1.35931
1787790000,1.35931,1.359485,1.35931,1.35939
1787790300,1.35939,1.35957,1.35938,1.359555
1787790600,1.35955,1.35963,1.359485,1.35961
1787790900,1.35961,1.359615,1.35929,1.35933
1787791200,1.359325,1.35937,1.35919,1.359205
1787791500,1.3592,1.35933,1.35913,1.3593
1787791800,1.3593,1.359345,1.35901,1.359145
1787792100,1.35915,1.359285,1.35907,1.359225
1787792400,1.35923,1.359335,1.359065,1.35927
1787792700,1.359265,1.35932,1.35902,1.35906
1787793000,1.35907,1.359155,1.359045,1.35915
1787793300,1.35915,1.359205,1.359035,1.35917
1787793600,1.359175,1.35946,1.35912,1.359375
1787793900,1.359375,1.35938,1.35908,1.3592
1787794200,1.359185,1.35929,1.35913,1.359235
1787794500,1.35923,1.35937,1.359065,1.359075
1787794800,1.35908,1.359145,1.35893,1.35906
1787795100,1.35906,1.35927,1.359025,1.359165
1787795400,1.35917,1.359275,1.35916,1.35926
1787795700,1.359265,1.359355,1.359215,1.359305
1787796000,1.35931,1.35936,1.35922,1.359355
1787796300,1.35936,1.359505,1.35931,1.359465
1787796600,1.35947,1.35949,1.35929,1.35932
1787796900,1.35932,1.35934,1.359235,1.35926
1787797200,1.359265,1.359265,1.35901,1.35902
1787797500,1.35902,1.35908,1.35897,1.358975
1787797800,1.35898,1.359035,1.35887,1.35898
1787798100,1.35898,1.359155,1.35895,1.359035
1787798400,1.359035,1.359165,1.35903,1.359125
1787798700,1.35912,1.35918,1.35906,1.35909
1787799000,1.359095,1.359275,1.35903,1.359055
1787799300,1.35906,1.35919,1.35901,1.35914
1787799600,1.359145,1.35926,1.359085,1.359165
1787799900,1.35917,1.359235,1.35911,1.35916
1787800200,1.35916,1.359265,1.359155,1.35925
1787800500,1.359255,1.359285,1.35915,1.359175
1787800800,1.359175,1.35921,1.35909,1.35915
1787801100,1.35915,1.35916,1.35901,1.35906
1787801400,1.359055,1.35909,1.35896,1.35898
1787801700,1.358995,1.358995,1.35881,1.35887
1787802000,1.35887,1.35896,1.3588,1.35891
1787802300,1.358905,1.359055,1.35888,1.35898
1787802600,1.358985,1.359025,1.358935,1.35894
1787802900,1.358955,1.35896,1.35872,1.358775
1787803200,1.35878,1.35906,1.358775,1.35898
1787803500,1.35898,1.35904,1.358915,1.35896
1787803800,1.35896,1.35907,1.35896,1.359055
1787804100,1.359055,1.35908,1.3589,1.35891
1787804400,1.35891,1.35894,1.35878,1.35884
1787804700,1.35884,1.359095,1.35882,1.358995
1787805000,1.35899,1.35899,1.35882,1.35882
1787805300,1.358825,1.35884,1.358715,1.35876
1787805600,1.358765,1.358805,1.35868,1.358715
1787805900,1.35872,1.35882,1.358675,1.35876
1787806200,1.35876,1.358835,1.358725,1.358755
1787806500,1.358755,1.35878,1.358715,1.358765
1787806800,1.35877,1.35885,1.358675,1.358755
1787807100,1.358755,1.358855,1.35874,1.35878
1787807400,1.358775,1.35887,1.35877,1.358785
1787807700,1.35878,1.35882,1.358555,1.35865
1787808000,1.35865,1.3589,1.35865,1.358895
1787808300,1.35889,1.35906,1.35888,1.35905
1787808600,1.359055,1.35912,1.35891,1.35892
1787808900,1.358915,1.358975,1.35888,1.358895
1787809200,1.358895,1.35899,1.35885,1.358965
1787809500,1.35896,1.359005,1.358935,1.358965
1787809800,1.35896,1.358975,1.35866,1.358765
1787810100,1.35877,1.35891,1.35875,1.35888
1787810400,1.35889,1.3589,1.3587,1.358735
1787810700,1.358735,1.358875,1.35873,1.35886
1787811000,1.358865,1.35903,1.3588,1.35887
1787811300,1.358875,1.358955,1.3588,1.35895
1787811600,1.358945,1.359135,1.35889,1.35905
1787811900,1.35905,1.35916,1.358965,1.359055
1787812200,1.35906,1.359085,1.358835,1.358895
1787812500,1.358885,1.358925,1.358695,1.3587
1787812800,1.358695,1.35897,1.358675,1.358955
1787813100,1.35895,1.359105,1.358665,1.358675
1787813400,1.358685,1.358755,1.3586,1.358745
1787813700,1.35875,1.35903,1.358745,1.358975
1787814000,1.35898,1.359415,1.358975,1.35936
1787814300,1.35937,1.359385,1.35916,1.359355
1787814600,1.35935,1.359685,1.359295,1.35952
1787814900,1.359525,1.35954,1.35919,1.3593
1787815200,1.3593,1.35931,1.35887,1.35896
1787815500,1.358955,1.35899,1.3587,1.358705
1787815800,1.35871,1.358925,1.35864,1.35891
1787816100,1.358915,1.359215,1.358855,1.35888
1787816400,1.358885,1.359165,1.35888,1.359165
1787816700,1.35918,1.359255,1.35893,1.35895
1787817000,1.358955,1.35898,1.35868,1.358805
1787817300,1.3588,1.35893,1.358645,1.35876
1787817600,1.358755,1.35934,1.358635,1.359135
1787817900,1.35914,1.35952,1.359095,1.35941
1787818200,1.35942,1.35946,1.35906,1.359075
1787818500,1.35908,1.35924,1.35895,1.35896
1787818800,1.358965,1.358965,1.3586,1.35868
1787819100,1.358675,1.35872,1.3585,1.358575
1787819400,1.35858,1.35865,1.358365,1.35839
1787819700,1.358385,1.35848,1.358045,1.35809
1787820000,1.358085,1.358565,1.358025,1.358455
1787820300,1.35846,1.358595,1.35829,1.358315
1787820600,1.35832,1.358395,1.35823,1.35825
1787820900,1.35826,1.35841,1.35797,1.357995
1787821200,1.35799,1.35804,1.357325,1.357375
1787821500,1.35738,1.35783,1.357375,1.357825
1787821800,1.35783,1.35796,1.3578,1.35789
1787822100,1.35789,1.357955,1.35763,1.35766
1787822400,1.35766,1.357905,1.357625,1.357865
1787822700,1.35787,1.35812,1.35772,1.35804
1787823000,1.358045,1.35806,1.35767,1.35773
1787823300,1.357735,1.35779,1.35715,1.35728
1787823600,1.357285,1.357755,1.35726,1.357565
1787823900,1.35757,1.357915,1.35755,1.35786
1787824200,1.357855,1.35818,1.35776,1.358095
1787824500,1.3581,1.35814,1.357455,1.35751
1787824800,1.357515,1.35756,1.357065,1.35729
1787825100,1.357295,1.357675,1.3572,1.35764
1787825400,1.357645,1.35788,1.35762,1.35783
1787825700,1.357835,1.35802,1.357615,1.35797
1787826000,1.357975,1.35823,1.357945,1.35804
1787826300,1.358045,1.358145,1.358,1.35812
1787826600,1.358125,1.35818,1.357955,1.357965
1787826900,1.357965,1.357985,1.35747,1.35752
1787827200,1.35752,1.35779,1.35746,1.35777
1787827500,1.357765,1.357765,1.357535,1.357615
1787827800,1.35762,1.35798,1.35759,1.35794
1787828100,1.357945,1.357955,1.357525,1.35755
1787828400,1.35756,1.35766,1.35731,1.357635
1787828700,1.35763,1.357845,1.3576,1.357765
1787829000,1.35776,1.357935,1.35765,1.35789
1787829300,1.357895,1.35811,1.35787,1.358095
1787829600,1.35809,1.358225,1.35801,1.358215
1787829900,1.35821,1.3583,1.35805,1.358075
1787830200,1.35807,1.358365,1.35768,1.35773
1787830500,1.35773,1.357745,1.35745,1.357665
1787830800,1.357655,1.35786,1.357365,1.35747
1787831100,1.357465,1.35757,1.35708,1.357215
1787831400,1.35722,1.35793,1.35718,1.357915
1787831700,1.35792,1.358155,1.357805,1.357825
1787832000,1.35782,1.358145,1.35777,1.357775
1787832300,1.357785,1.358225,1.35777,1.35817
1787832600,1.358165,1.358185,1.35786,1.35796
1787832900,1.357965,1.358065,1.35781,1.35805
1787833200,1.35806,1.358325,1.35787,1.358195
1787833500,1.3582,1.35838,1.358085,1.358135
1787833800,1.358145,1.35824,1.35776,1.35778
1787834100,1.357775,1.358015,1.357555,1.357735
1787834400,1.35773,1.358035,1.35763,1.35791
1787834700,1.3579,1.357945,1.35758,1.357625
1787835000,1.35763,1.35765,1.35743,1.35745
1787835300,1.357445,1.35756,1.35733,1.35745
1787835600,1.357455,1.358285,1.357345,1.35817
1787835900,1.358175,1.35852,1.35815,1.3585
1787836200,1.358495,1.359095,1.35846,1.35876
1787836500,1.35875,1.359115,1.358645,1.35911
1787836800,1.359115,1.35992,1.359085,1.35987
1787837100,1.359875,1.360255,1.359795,1.35995
1787837400,1.359945,1.36014,1.359745,1.3598
1787837700,1.359795,1.360045,1.359685,1.35969
1787838000,1.359685,1.35976,1.359195,1.35926
1787838300,1.35925,1.35949,1.3589,1.359345
1787838600,1.35934,1.359585,1.35922,1.35932
1787838900,1.359325,1.359515,1.35923,1.35932
1787839200,1.35933,1.35936,1.35894,1.359145
1787839500,1.35913,1.35973,1.359105,1.359485
1787839800,1.3595,1.35953,1.358895,1.359
1787840100,1.358995,1.359285,1.358905,1.35916
1787840400,1.359165,1.35918,1.3585,1.358515
1787840700,1.35851,1.35853,1.35831,1.35845
1787841000,1.358445,1.35885,1.358435,1.358785
1787841300,1.358785,1.359045,1.358665,1.359035
1787841600,1.359035,1.359135,1.35852,1.35865
1787841900,1.358655,1.35896,1.35828,1.35833
1787842200,1.358335,1.358455,1.358015,1.35833
1787842500,1.358335,1.358565,1.357995,1.3582
1787842800,1.35819,1.35864,1.35818,1.358365
1787843100,1.35836,1.358775,1.35834,1.35857
1787843400,1.358565,1.358945,1.358525,1.35877
1787843700,1.358775,1.358915,1.35857,1.358615
1787844000,1.35861,1.358775,1.35856,1.35866
1787844300,1.358665,1.35887,1.35865,1.35886
1787844600,1.358865,1.35893,1.358745,1.35891
1787844900,1.358905,1.359075,1.358805,1.359055
1787845200,1.35906,1.359125,1.358965,1.35902
1787845500,1.359025,1.35928,1.35888,1.35919
1787845800,1.359185,1.359635,1.359155,1.35959
1787846100,1.359585,1.35994,1.35955,1.35985
1787846400,1.359855,1.35994,1.359695,1.35977
1787846700,1.359765,1.359765,1.359435,1.35953
1787847000,1.35953,1.35973,1.35945,1.359565
1787847300,1.35957,1.35962,1.35937,1.359505
1787847600,1.3595,1.359825,1.35949,1.35962
1787847900,1.359625,1.359995,1.359595,1.35996
1787848200,1.359965,1.3601,1.35989,1.360075
1787848500,1.36007,1.36016,1.35993,1.35998
1787848800,1.359985,1.359985,1.359745,1.35979
1787849100,1.359785,1.35987,1.35949,1.359505
1787849400,1.35951,1.359685,1.35942,1.359435
1787849700,1.35944,1.35948,1.35915,1.35936
1787850000,1.359355,1.35968,1.35935,1.35966
1787850300,1.35966,1.359685,1.359335,1.359415
1787850600,1.359415,1.35946,1.359205,1.359205
1787850900,1.35921,1.359285,1.35913,1.359175
1787851200,1.35918,1.359315,1.359125,1.359175
1787851500,1.35918,1.359285,1.359145,1.359205
1787851800,1.359215,1.35932,1.35915,1.359165
1787852100,1.35916,1.359245,1.359115,1.35923
1787852400,1.35923,1.35925,1.35896,1.35903
1787852700,1.35904,1.359085,1.35883,1.358965
1787853000,1.358965,1.35903,1.3588,1.358965
1787853300,1.358965,1.359035,1.358765,1.358875
1787853600,1.35888,1.358975,1.35861,1.358625
1787853900,1.35863,1.358755,1.35857,1.35865
1787854200,1.35865,1.35878,1.358595,1.35874
1787854500,1.35875,1.358825,1.35861,1.35863
1787854800,1.358625,1.358735,1.358445,1.35852
1787855100,1.35852,1.358545,1.358425,1.358445
1787855400,1.35844,1.358525,1.35833,1.35836
1787855700,1.35836,1.358645,1.358355,1.3585
1787856000,1.358495,1.358575,1.358465,1.358555
1787856300,1.358555,1.35877,1.358535,1.35875
1787856600,1.358745,1.35886,1.35872,1.35885
1787856900,1.358855,1.35899,1.358845,1.35888
1787857200,1.358885,1.359005,1.358835,1.358855
1787857500,1.35885,1.359045,1.358825,1.358935
1787857800,1.35894,1.35894,1.358805,1.358875
1787858100,1.358875,1.35898,1.358835,1.35897
1787858400,1.358965,1.35898,1.358845,1.35886
1787858700,1.35886,1.35886,1.35874,1.358775
1787859000,1.35878,1.358805,1.35865,1.35873
1787859300,1.35873,1.35884,1.358685,1.35878
1787859600,1.35878,1.358805,1.35874,1.35878
1787859900,1.358775,1.358775,1.358645,1.35868
1787860200,1.358675,1.35874,1.3585,1.35866
1787860500,1.358645,1.359025,1.35856,1.35886
1787860800,1.358865,1.35898,1.358805,1.35897
1787861100,1.358965,1.359195,1.358965,1.359075
1787861400,1.35908,1.359295,1.359065,1.359235
1787861700,1.359245,1.35929,1.35907,1.35918
1787862000,1.35918,1.359185,1.35917,1.35918
1787862300,1.35919,1.35919,1.35907,1.35909
1787862600,1.359085,1.359205,1.359085,1.3592
1787862900,1.359195,1.359305,1.35919,1.359295
1787863200,1.359305,1.359305,1.359185,1.359195
1787863500,1.3592,1.35932,1.359185,1.35932
1787863800,1.35932,1.35933,1.35925,1.359295
1787864100,1.35929,1.35941,1.35925,1.359275
1787864400,1.35927,1.35934,1.358825,1.35905
1787864700,1.358915,1.35934,1.358915,1.359075
1787865000,1.35914,1.35926,1.358735,1.358935
1787865300,1.358935,1.359,1.35892,1.358975
1787865600,1.35893,1.359615,1.35893,1.359615
1787865900,1.35961,1.35964,1.35937,1.359475
1787866200,1.35942,1.359755,1.35929,1.359745
1787866500,1.359745,1.35978,1.35967,1.35971
1787866800,1.359705,1.35976,1.35929,1.35932
1787867100,1.35932,1.359505,1.35903,1.3595
1787867400,1.3595,1.35963,1.35929,1.359455
1787867700,1.359445,1.35945,1.35907,1.35933
1787868000,1.359335,1.35947,1.35931,1.359355
1787868300,1.359365,1.359415,1.359295,1.35937
1787868600,1.359385,1.359575,1.35937,1.3595
1787868900,1.359505,1.35962,1.35949,1.35959
1787869200,1.35958,1.35961,1.35951,1.35955
1787869500,1.359545,1.35955,1.359385,1.359395
1787869800,1.359395,1.359555,1.35938,1.359535
1787870100,1.359545,1.359575,1.359495,1.359555
1787870400,1.359545,1.359585,1.359495,1.35955
1787870700,1.359555,1.35956,1.35948,1.359525
1787871000,1.359525,1.359595,1.35949,1.359575
1787871300,1.359585,1.35967,1.359575,1.35966
1787871600,1.359655,1.3597,1.35962,1.359665
1787871900,1.359665,1.35968,1.35961,1.35966
1787872200,1.35966,1.3598,1.35966,1.359785
1787872500,1.35978,1.359795,1.359675,1.35968
1787872800,1.35968,1.35969,1.359575,1.35965
1787873100,1.35965,1.359685,1.359585,1.35959
1787873400,1.359585,1.35965,1.359575,1.35959
1787873700,1.35959,1.359795,1.35959,1.359785
1787874000,1.35978,1.359785,1.35968,1.359765
1787874300,1.35976,1.35981,1.359705,1.3598
1787874600,1.359795,1.35984,1.35969,1.359785
1787874900,1.359785,1.359785,1.359595,1.35971
1787875200,1.3597,1.3598,1.3596,1.35966
1787875500,1.359655,1.359745,1.35958,1.35958
1787875800,1.35958,1.359675,1.35957,1.35965
1787876100,1.359655,1.35968,1.359435,1.359435
1787876400,1.35943,1.35954,1.359345,1.359505
1787876700,1.35951,1.359565,1.359395,1.359565
1787877000,1.35956,1.35958,1.35945,1.359535
1787877300,1.359535,1.359685,1.359485,1.359545
1787877600,1.35954,1.35961,1.359515,1.35958
1787877900,1.359575,1.359735,1.35954,1.35964
1787878200,1.359645,1.35969,1.35951,1.35957
1787878500,1.359565,1.359665,1.35952,1.3596
1787878800,1.359595,1.359715,1.35948,1.359705
1787879100,1.359705,1.359805,1.359645,1.35976
1787879400,1.359765,1.359765,1.359465,1.3595
1787879700,1.359495,1.35953,1.35944,1.359485
1787880000,1.35949,1.359615,1.35946,1.359465
1787880300,1.35946,1.359495,1.35937,1.35938
1787880600,1.359385,1.359465,1.35933,1.35944
1787880900,1.359445,1.359675,1.35944,1.359635
1787881200,1.35963,1.35968,1.359485,1.35949
1787881500,1.359485,1.359515,1.35916,1.35922
1787881800,1.359215,1.35931,1.359075,1.35913
1787882100,1.359125,1.359175,1.35903,1.359055
1787882400,1.359055,1.3591,1.358905,1.35896
1787882700,1.358965,1.35913,1.358965,1.35902
1787883000,1.359025,1.35907,1.358775,1.35892
1787883300,1.358915,1.359035,1.358815,1.35903
1787883600,1.35903,1.359305,1.35902,1.359295
1787883900,1.3593,1.359325,1.35904,1.35906
1787884200,1.359065,1.35912,1.358955,1.359055
1787884500,1.359055,1.359135,1.35904,1.35907
1787884800,1.35907,1.35909,1.35896,1.358965
1787885100,1.35896,1.35911,1.358925,1.3591
1787885400,1.3591,1.359325,1.35908,1.3593
1787885700,1.35931,1.359365,1.35922,1.359355
1787886000,1.35935,1.359495,1.35935,1.35941
1787886300,1.359415,1.359435,1.359355,1.35938
1787886600,1.359375,1.359375,1.359305,1.35936
1787886900,1.359365,1.35941,1.359275,1.35932
1787887200,1.35932,1.35934,1.35926,1.359275
1787887500,1.359275,1.359405,1.35926,1.359385
1787887800,1.35938,1.359405,1.359255,1.359265
1787888100,1.35926,1.35926,1.359165,1.35917
1787888400,1.359165,1.359175,1.358985,1.35901
1787888700,1.35901,1.359035,1.358965,1.359
1787889000,1.359,1.359015,1.358925,1.35898
1787889300,1.358975,1.35906,1.3589,1.35898
1787889600,1.35898,1.359,1.358905,1.35894
1787889900,1.358945,1.358975,1.35887,1.35895
1787890200,1.35895,1.35895,1.35884,1.35887
1787890500,1.35887,1.358985,1.358865,1.358975
1787890800,1.358975,1.35898,1.358875,1.35888
1787891100,1.35888,1.358905,1.35883,1.35887
1787891400,1.358865,1.35889,1.358755,1.35885
1787891700,1.358855,1.35888,1.358775,1.35879
1787892000,1.35879,1.35889,1.358745,1.358855
1787892300,1.35886,1.3589,1.358855,1.358865
1787892600,1.35886,1.35889,1.35876,1.35889
1787892900,1.358885,1.358895,1.358815,1.358865
1787893200,1.35886,1.35888,1.358745,1.35878
1787893500,1.358785,1.35888,1.358745,1.35877
1787893800,1.358775,1.3588,1.358725,1.358765
1787894100,1.35877,1.35888,1.35877,1.35879
1787894400,1.35879,1.358855,1.35874,1.358755
1787894700,1.358755,1.358805,1.35873,1.3588
1787895000,1.358785,1.358875,1.35875,1.358795
1787895300,1.358795,1.358845,1.35872,1.35878
1787895600,1.35878,1.35878,1.3587,1.35876
1787895900,1.358765,1.35885,1.35875,1.358765
1787896200,1.358765,1.358875,1.358715,1.358875
1787896500,1.35887,1.359145,1.358865,1.35888
1787896800,1.358885,1.35912,1.35882,1.359
1787897100,1.359005,1.35909,1.35893,1.35908
1787897400,1.359075,1.359265,1.35907,1.35916
1787897700,1.359155,1.35916,1.35889,1.3589
1787898000,1.358905,1.35937,1.358905,1.35923
1787898300,1.35923,1.35948,1.35906,1.3594
1787898600,1.359395,1.35942,1.35894,1.35917
1787898900,1.359165,1.35931,1.35897,1.359065
1787899200,1.35906,1.35942,1.358975,1.359375
1787899500,1.35938,1.359475,1.35911,1.35919
1787899800,1.359185,1.35934,1.35912,1.35926
1787900100,1.359265,1.35948,1.359255,1.359275
1787900400,1.35927,1.359335,1.35883,1.358845
1787900700,1.35885,1.35887,1.358695,1.358735
1787901000,1.35873,1.35899,1.35868,1.358795
1787901300,1.3588,1.35886,1.358065,1.358245
1787901600,1.35824,1.35847,1.35817,1.35835
1787901900,1.35835,1.35843,1.35805,1.358075
1787902200,1.35807,1.358755,1.358065,1.35868
1787902500,1.358685,1.358795,1.35852,1.35856
1787902800,1.35856,1.358885,1.35852,1.35875
1787903100,1.35875,1.359145,1.358655,1.35906
1787903400,1.35906,1.359095,1.35874,1.3588
1787903700,1.358805,1.35905,1.358725,1.35874
1787904000,1.35873,1.359075,1.35861,1.358725
1787904300,1.35872,1.35872,1.358435,1.35846
1787904600,1.35846,1.358505,1.35837,1.35841
1787904900,1.358415,1.35866,1.358375,1.35858
1787905200,1.35858,1.358655,1.358505,1.358555
1787905500,1.35855,1.35866,1.358495,1.358535
1787905800,1.35853,1.358705,1.35851,1.35858
1787906100,1.358585,1.35865,1.35842,1.35865
1787906400,1.358645,1.35866,1.35842,1.358435
1787906700,1.35844,1.35862,1.358315,1.358465
1787907000,1.35846,1.35868,1.358455,1.358645
1787907300,1.358645,1.358745,1.358555,1.35874
1787907600,1.358735,1.35876,1.35826,1.35839
1787907900,1.358395,1.35857,1.35836,1.35856
1787908200,1.35855,1.358745,1.35847,1.358585
1787908500,1.35859,1.358695,1.35843,1.358475
1787908800,1.35847,1.358645,1.35838,1.35848
1787909100,1.358485,1.358485,1.358285,1.35838
1787909400,1.358375,1.35865,1.35837,1.35859
1787909700,1.358585,1.358585,1.358375,1.35844
1787910000,1.358435,1.3585,1.35823,1.35846
1787910300,1.358455,1.35858,1.358345,1.358455
1787910600,1.35846,1.358475,1.358125,1.35825
1787910900,1.35826,1.35839,1.358095,1.35811
1787911200,1.358125,1.35825,1.35801,1.35815
1787911500,1.358155,1.35849,1.358125,1.35846
1787911800,1.35847,1.35854,1.358235,1.358235
1787912100,1.358235,1.358525,1.35813,1.358455
1787912400,1.35846,1.35877,1.35834,1.358755
1787912700,1.35876,1.358765,1.35856,1.358715
1787913000,1.35872,1.35905,1.358655,1.35901
1787913300,1.359005,1.35904,1.35892,1.358975
1787913600,1.35898,1.359185,1.358945,1.359135
1787913900,1.359145,1.359205,1.35889,1.35894
1787914200,1.358945,1.358975,1.358765,1.358975
1787914500,1.35897,1.359175,1.35896,1.35917
1787914800,1.359175,1.359185,1.3589,1.35895
1787915100,1.358955,1.35898,1.358765,1.358945
1787915400,1.35894,1.35894,1.35876,1.358925
1787915700,1.358925,1.358925,1.35872,1.358725
1787916000,1.35873,1.358815,1.358565,1.35873
1787916300,1.358725,1.358775,1.35854,1.358655
1787916600,1.35865,1.35873,1.35857,1.358655
1787916900,1.35865,1.358705,1.35852,1.35863
1787917200,1.35863,1.35873,1.35855,1.358605
1787917500,1.35861,1.358765,1.358445,1.35856
1787917800,1.358565,1.358665,1.358465,1.358605
1787918100,1.3586,1.358625,1.35847,1.358515
1787918400,1.35851,1.358615,1.358435,1.358515
1787918700,1.35851,1.35857,1.35831,1.358325
1787919000,1.35832,1.35848,1.358245,1.358345
1787919300,1.35834,1.358385,1.358215,1.358315
1787919600,1.35832,1.35836,1.358225,1.35831
1787919900,1.35831,1.35835,1.35794,1.35798
1787920200,1.357965,1.35801,1.357625,1.35774
1787920500,1.357745,1.35777,1.357435,1.357445
1787920800,1.357445,1.35774,1.357355,1.35773
1787921100,1.357735,1.35808,1.357695,1.358065
1787921400,1.35807,1.358085,1.357885,1.358075
1787921700,1.35808,1.35854,1.35808,1.35839
1787922000,1.358395,1.358605,1.358365,1.35844
1787922300,1.35843,1.35846,1.358,1.35825
1787922600,1.358265,1.35834,1.35816,1.358185
1787922900,1.35819,1.358325,1.35806,1.3581
1787923200,1.358085,1.3581,1.357655,1.35771
1787923500,1.357705,1.35792,1.357545,1.357885
1787923800,1.35789,1.358125,1.35789,1.357955
1787924100,1.35796,1.35806,1.35768,1.358
1787924400,1.358005,1.35806,1.35771,1.35783
1787924700,1.357835,1.357875,1.357415,1.35745
1787925000,1.357445,1.358045,1.35733,1.357965
1787925300,1.35796,1.35876,1.3572,1.3572
1787925600,1.35719,1.359875,1.355125,1.355625
1787925900,1.35562,1.35606,1.354495,1.355725
1787926200,1.35572,1.35585,1.35511,1.35546
1787926500,1.355445,1.35552,1.35457,1.354575
1787926800,1.35458,1.354745,1.353855,1.35397
1787927100,1.353975,1.354105,1.35291,1.353865
1787927400,1.35386,1.354795,1.35372,1.35475
1787927700,1.354745,1.354885,1.35408,1.35413
1787928000,1.354135,1.354965,1.35392,1.354735
1787928300,1.35473,1.354975,1.354245,1.35455
1787928600,1.354545,1.3557,1.3544,1.35557
1787928900,1.355575,1.35785,1.35557,1.357175
1787929200,1.35718,1.35765,1.35684,1.35712
1787929500,1.357115,1.35712,1.35626,1.35643
1787929800,1.356425,1.356465,1.355535,1.355755
1787930100,1.35575,1.35609,1.35552,1.35555
1787930400,1.355545,1.355905,1.355495,1.35577
1787930700,1.35578,1.35625,1.355575,1.355885
1787931000,1.35589,1.356435,1.35581,1.355965
1787931300,1.35596,1.356275,1.35561,1.35567
1787931600,1.355665,1.35579,1.355145,1.355735
1787931900,1.35573,1.35627,1.35553,1.355605
1787932200,1.3556,1.35599,1.355435,1.35568
1787932500,1.355675,1.355785,1.355275,1.35533
1787932800,1.355335,1.35534,1.35492,1.35498
1787933100,1.354975,1.355015,1.3547,1.3549
1787933400,1.354905,1.354905,1.35424,1.35426
1787933700,1.35426,1.354305,1.35343,1.35347
1787934000,1.353465,1.353815,1.35346,1.35352
1787934300,1.353515,1.35387,1.35346,1.35368
1787934600,1.353685,1.35429,1.353665,1.35385
1787934900,1.353845,1.354025,1.35371,1.35378
1787935200,1.353775,1.35389,1.353455,1.35359
1787935500,1.35359,1.35403,1.353555,1.35399
1787935800,1.353985,1.354385,1.35387,1.35397
1787936100,1.35398,1.353995,1.353615,1.35371
1787936400,1.353705,1.353705,1.353185,1.353195
1787936700,1.35319,1.3533,1.35288,1.35317
1787937000,1.353165,1.353735,1.35316,1.35371
1787937300,1.353705,1.35375,1.35336,1.35345
1787937600,1.353455,1.353665,1.35345,1.35357
1787937900,1.353565,1.353575,1.353305,1.353465
1787938200,1.35347,1.35347,1.353215,1.353265
1787938500,1.35326,1.35343,1.35292,1.35292
1787938800,1.35293,1.35298,1.352675,1.35285
1787939100,1.352855,1.35297,1.352735,1.352865
1787939400,1.352865,1.353175,1.352865,1.35309
1787939700,1.35308,1.353185,1.35292,1.352995
1787940000,1.35299,1.353045,1.35272,1.35272
1787940300,1.35273,1.35318,1.35271,1.352915
1787940600,1.352915,1.35307,1.35279,1.352805
1787940900,1.35281,1.352925,1.35275,1.352835
1787941200,1.35283,1.35304,1.352815,1.35291
1787941500,1.35291,1.35321,1.352895,1.35303
1787941800,1.353025,1.353115,1.352925,1.353075
1787942100,1.353075,1.353145,1.35288,1.352885
1787942400,1.35289,1.35296,1.352805,1.35295
1787942700,1.35295,1.352975,1.352775,1.352875
1787943000,1.35287,1.352975,1.352805,1.352885
1787943300,1.35289,1.3531,1.35284,1.35305
1787943600,1.353055,1.35333,1.353,1.35319
1787943900,1.35318,1.35328,1.353065,1.353275
1787944200,1.353275,1.35339,1.35322,1.353265
1787944500,1.35327,1.353275,1.35307,1.35322
1787944800,1.35322,1.35357,1.35322,1.353515
1787945100,1.35352,1.35383,1.35351,1.35369
1787945400,1.353695,1.353735,1.353485,1.353715
1787945700,1.35372,1.353875,1.35359,1.35387
1787946000,1.35387,1.353925,1.35377,1.35385
1787946300,1.35386,1.35388,1.35368,1.35371
1787946600,1.353715,1.353785,1.35364,1.353705
1787946900,1.3537,1.354045,1.3537,1.35382
1787947200,1.353825,1.35386,1.35367,1.35368
1787947500,1.35368,1.353735,1.35358,1.353605
1787947800,1.35361,1.3538,1.35359,1.35379
1787948100,1.353795,1.353905,1.35373,1.35377
1787948400,1.35377,1.35377,1.353575,1.353575
1787948700,1.353575,1.35359,1.353465,1.353545
1787949000,1.35355,1.35359,1.35336,1.353375
1787949300,1.35337,1.35346,1.35304,1.353065
1787949600,1.35306,1.35318,1.353035,1.35317
1787949900,1.35315,1.353185,1.35308,1.35317
1787950200,1.353175,1.353315,1.35316,1.35327
1787950500,1.353275,1.353595,1.3532,1.3533
1788123600,1.3533,1.353645,1.3533,1.353395
1788123900,1.353395,1.35358,1.353395,1.353505
1788124200,1.353505,1.35367,1.35327,1.353515
1788124500,1.35352,1.353615,1.35315,1.35324
1788124800,1.353235,1.353285,1.353195,1.35327
1788125100,1.35327,1.353335,1.35327,1.353295
1788125400,1.353295,1.353325,1.353165,1.35321
1788125700,1.353215,1.353695,1.353125,1.353695
1788126000,1.353695,1.35373,1.35355,1.3536
1788126300,1.3536,1.35374,1.353365,1.35339
1788126600,1.35339,1.353715,1.35338,1.353405
1788126900,1.353405,1.353675,1.3534,1.35358
1788127200,1.353545,1.3536,1.35297,1.35309
1788127500,1.35309,1.353275,1.35309,1.35327
1788127800,1.35327,1.3533,1.35317,1.35318
1788128100,1.35318,1.353255,1.353145,1.353215
1788128400,1.35321,1.353235,1.353195,1.35321
1788128700,1.35321,1.353325,1.353185,1.35328
1788129000,1.353285,1.35349,1.35328,1.353465
1788129300,1.353465,1.353705,1.35343,1.353585
1788129600,1.353595,1.353655,1.353495,1.3535
1788129900,1.3535,1.3536,1.353485,1.35358
1788130200,1.353575,1.35359,1.35348,1.35358
1788130500,1.353585,1.353665,1.35349,1.3536
1788130800,1.353595,1.35374,1.353585,1.353655
1788131100,1.35366,1.353765,1.353505,1.35351
1788131400,1.353505,1.353695,1.35349,1.353645
1788131700,1.353645,1.353755,1.353565,1.3537
1788132000,1.353695,1.353805,1.353685,1.353715
1788132300,1.353725,1.353765,1.353665,1.35367
1788132600,1.353675,1.35391,1.35366,1.35386
1788132900,1.35386,1.353975,1.353815,1.353955
1788133200,1.353955,1.353965,1.353855,1.353865
1788133500,1.35386,1.35389,1.35376,1.35378
1788133800,1.35378,1.354005,1.353775,1.353995
1788134100,1.35399,1.35408,1.353915,1.354
1788134400,1.354005,1.35417,1.35399,1.354155
1788134700,1.35416,1.354265,1.35411,1.354235
1788135000,1.35423,1.35427,1.35402,1.35417
1788135300,1.35417,1.35428,1.354075,1.3541
1788135600,1.354105,1.354125,1.35378,1.35379
1788135900,1.353795,1.35381,1.35337,1.35346
1788136200,1.35346,1.353985,1.353455,1.35396
1788136500,1.353965,1.35434,1.35396,1.354295
1788136800,1.35429,1.35432,1.354145,1.354285
1788137100,1.35428,1.35437,1.35423,1.35424
1788137400,1.354245,1.354605,1.35419,1.354515
1788137700,1.35449,1.35473,1.35445,1.35451
1788138000,1.354515,1.354525,1.35397,1.354375
1788138300,1.35438,1.354405,1.353785,1.353805
1788138600,1.35381,1.35391,1.353705,1.35386
1788138900,1.353855,1.354015,1.353765,1.35392
1788139200,1.353915,1.354255,1.35388,1.35418
1788139500,1.35418,1.35434,1.354085,1.354295
1788139800,1.35429,1.354435,1.354125,1.3542
1788140100,1.354185,1.35452,1.35416,1.35452
1788140400,1.354515,1.354715,1.354325,1.3546
1788140700,1.354595,1.354665,1.354395,1.35442
1788141000,1.35442,1.354545,1.35436,1.35449
1788141300,1.354485,1.354515,1.35428,1.35433
1788141600,1.354325,1.354395,1.35422,1.35432
1788141900,1.354325,1.35455,1.354315,1.35446
1788142200,1.35447,1.3545,1.35437,1.354475
1788142500,1.35447,1.354575,1.354085,1.354255
1788142800,1.35426,1.35446,1.35416,1.35444
1788143100,1.354435,1.354565,1.3544,1.35449
1788143400,1.354495,1.354585,1.354345,1.35439
1788143700,1.354395,1.354425,1.354175,1.35424
1788144000,1.354245,1.354255,1.35385,1.35396
1788144300,1.353965,1.35424,1.353925,1.354185
1788144600,1.354185,1.354405,1.35418,1.354385
1788144900,1.35439,1.354465,1.354315,1.354465
1788145200,1.35446,1.3546,1.354425,1.354435
1788145500,1.35444,1.354535,1.354435,1.35451
1788145800,1.3545,1.35463,1.35449,1.354575
1788146100,1.354575,1.354665,1.354545,1.35458
1788146400,1.354585,1.35472,1.35454,1.354635
1788146700,1.35464,1.35469,1.354525,1.35453
1788147000,1.354525,1.354525,1.35438,1.35439
1788147300,1.354395,1.35442,1.35416,1.35418
1788147600,1.35418,1.354465,1.35416,1.3544
1788147900,1.354395,1.35441,1.354285,1.35429
1788148200,1.35429,1.354385,1.35427,1.35428
1788148500,1.354285,1.35444,1.354275,1.35439
1788148800,1.354395,1.354595,1.35439,1.35459
1788149100,1.35459,1.354625,1.35449,1.354605
1788149400,1.3546,1.354645,1.35458,1.354595
1788149700,1.3546,1.35464,1.354465,1.35447
1788150000,1.35447,1.3545,1.35431,1.354325
1788150300,1.35432,1.354405,1.35419,1.35424
1788150600,1.354235,1.354315,1.354175,1.354295
1788150900,1.354295,1.354335,1.35427,1.354285
1788151200,1.35428,1.354385,1.35416,1.354375
1788151500,1.35437,1.35446,1.354295,1.35439
1788151800,1.35439,1.35446,1.35431,1.35442
1788152100,1.35442,1.35449,1.35431,1.35449
1788152400,1.354485,1.354505,1.35428,1.35428
1788152700,1.35428,1.354285,1.354175,1.35422
1788153000,1.354215,1.354355,1.354155,1.354305
1788153300,1.354305,1.35444,1.35429,1.35439
1788153600,1.354395,1.354415,1.354275,1.35437
1788153900,1.354365,1.354695,1.35431,1.354685
1788154200,1.35469,1.35469,1.354215,1.35438
1788154500,1.35438,1.3544,1.35422,1.35428
1788154800,1.354285,1.354595,1.35423,1.35446
1788155100,1.354465,1.35457,1.35436,1.3544
1788155400,1.35439,1.354485,1.354305,1.354375
1788155700,1.35438,1.35468,1.35438,1.354675
1788156000,1.35468,1.35468,1.35437,1.354505
1788156300,1.354505,1.35456,1.35435,1.35438
1788156600,1.354385,1.35467,1.354345,1.354665
1788156900,1.354645,1.354805,1.35462,1.35478
1788157200,1.354785,1.35489,1.35462,1.354705
1788157500,1.35471,1.354735,1.35447,1.35451
1788157800,1.354505,1.354615,1.35441,1.354515
1788158100,1.35452,1.3548,1.354475,1.35477
1788158400,1.35478,1.3548,1.35445,1.35447
1788158700,1.354475,1.35457,1.35444,1.35447
1788159000,1.35447,1.354495,1.35418,1.35427
1788159300,1.35426,1.354415,1.353885,1.354385
1788159600,1.35438,1.35443,1.353875,1.35397
1788159900,1.353975,1.35409,1.35367,1.35408
1788160200,1.354085,1.35414,1.353845,1.35393
1788160500,1.35393,1.35413,1.353745,1.354085
1788160800,1.354085,1.354785,1.353955,1.354775
1788161100,1.35477,1.354815,1.354415,1.35457
1788161400,1.354585,1.3546,1.35429,1.354355
1788161700,1.35436,1.354455,1.35418,1.35426
1788162000,1.354265,1.35458,1.354185,1.354525
1788162300,1.35452,1.35468,1.35448,1.35466
1788162600,1.354655,1.354715,1.35448,1.35457
1788162900,1.35457,1.354785,1.35452,1.35463
1788163200,1.354625,1.35556,1.354565,1.3555
1788163500,1.355495,1.355575,1.354795,1.35483
1788163800,1.354825,1.354855,1.35441,1.354565
1788164100,1.35456,1.354695,1.35435,1.354525
1788164400,1.35453,1.354665,1.354445,1.35448
1788164700,1.35447,1.35472,1.354455,1.354685
1788165000,1.35468,1.35481,1.354575,1.35466
1788165300,1.35466,1.354685,1.354485,1.3546
1788165600,1.3546,1.3546,1.3542,1.354255
1788165900,1.35425,1.35442,1.35412,1.35414
1788166200,1.354135,1.354185,1.35381,1.35399
1788166500,1.353985,1.354115,1.353935,1.35402
1788166800,1.354025,1.35438,1.354025,1.35427
1788167100,1.35428,1.35439,1.35412,1.35419
1788167400,1.354195,1.35442,1.35411,1.35439
1788167700,1.354385,1.35458,1.35437,1.35439
1788168000,1.3544,1.354455,1.354215,1.354215
1788168300,1.35422,1.354375,1.354105,1.35434
1788168600,1.354345,1.3544,1.354055,1.35407
1788168900,1.354075,1.35415,1.353995,1.354005
1788169200,1.35399,1.354285,1.353965,1.35426
1788169500,1.354255,1.35438,1.354185,1.354255
1788169800,1.35425,1.354385,1.35414,1.354275
1788170100,1.35427,1.3543,1.354165,1.354215
1788170400,1.35421,1.35464,1.354165,1.35456
1788170700,1.354555,1.35467,1.3544,1.354415
1788171000,1.35441,1.35449,1.354305,1.35447
1788171300,1.35447,1.354475,1.3542,1.354345
1788171600,1.35435,1.354435,1.354245,1.354255
1788171900,1.354245,1.35445,1.35419,1.354385
1788172200,1.35438,1.35438,1.354155,1.354175
1788172500,1.354175,1.35419,1.35396,1.35402
1788172800,1.354025,1.35405,1.35382,1.353825
1788173100,1.35383,1.35384,1.353595,1.353665
1788173400,1.35366,1.35424,1.353635,1.353895
1788173700,1.3539,1.354185,1.3539,1.353975
1788174000,1.35397,1.354045,1.353725,1.35378
1788174300,1.35379,1.35388,1.35368,1.35377
1788174600,1.353765,1.35408,1.35367,1.35405
1788174900,1.354045,1.354265,1.354035,1.35416
1788175200,1.354155,1.354415,1.35414,1.354255
1788175500,1.35426,1.35457,1.35424,1.354535
1788175800,1.35454,1.35463,1.354145,1.35415
1788176100,1.354155,1.35418,1.35401,1.35405
1788176400,1.35406,1.35438,1.35406,1.354185
1788176700,1.354185,1.35431,1.353865,1.35394
1788177000,1.35394,1.354055,1.35378,1.35382
1788177300,1.353825,1.353965,1.353725,1.353865
1788177600,1.35386,1.354075,1.353855,1.35396
1788177900,1.353965,1.35409,1.35358,1.353945
1788178200,1.35395,1.354345,1.35383,1.354325
1788178500,1.35432,1.35463,1.35426,1.35448
1788178800,1.35449,1.354675,1.35399,1.354105
1788179100,1.35411,1.35458,1.353705,1.35436
1788179400,1.354365,1.354395,1.35398,1.35419
1788179700,1.35419,1.354205,1.353785,1.35403
1788180000,1.354035,1.354085,1.353705,1.35375
1788180300,1.353745,1.35379,1.353575,1.35367
1788180600,1.353675,1.35382,1.35364,1.35374
1788180900,1.353745,1.353945,1.35373,1.35384
1788181200,1.353845,1.35411,1.35379,1.35405
1788181500,1.354045,1.35431,1.35397,1.35427
1788181800,1.354275,1.35443,1.354145,1.354195
1788182100,1.35419,1.35437,1.35412,1.35426
1788182400,1.354275,1.354605,1.354105,1.354575
1788182700,1.35458,1.35485,1.35453,1.35478
1788183000,1.354785,1.35481,1.35432,1.354465
1788183300,1.35447,1.35474,1.354315,1.354565
1788183600,1.35456,1.354775,1.354175,1.35431
1788183900,1.354315,1.354475,1.35422,1.354275
1788184200,1.35428,1.35441,1.35413,1.35439
1788184500,1.354385,1.354405,1.35399,1.354275
1788184800,1.35428,1.354285,1.353715,1.353945
1788185100,1.35395,1.354035,1.353605,1.353735
1788185400,1.35373,1.35399,1.35359,1.353955
1788185700,1.35395,1.354215,1.35379,1.35413
1788186000,1.354135,1.354445,1.35403,1.35439
1788186300,1.354385,1.354495,1.354135,1.35419
1788186600,1.354185,1.35482,1.35403,1.35415
1788186900,1.354145,1.35471,1.354135,1.35447
1788187200,1.354475,1.354525,1.35385,1.3542
1788187500,1.354195,1.355295,1.35419,1.35447
1788187800,1.354475,1.356545,1.35432,1.35633
1788188100,1.356335,1.356455,1.35526,1.355455
1788188400,1.35546,1.35598,1.355055,1.355065
1788188700,1.35507,1.35547,1.35495,1.35537
1788189000,1.35537,1.35537,1.35485,1.355145
1788189300,1.35514,1.355175,1.354755,1.35478
1788189600,1.354775,1.354915,1.354555,1.354695
1788189900,1.35469,1.35508,1.354645,1.355045
1788190200,1.35505,1.3554,1.354975,1.355095
1788190500,1.35509,1.355285,1.35504,1.355065
1788190800,1.35507,1.35515,1.35498,1.355045
1788191100,1.35505,1.3555,1.35502,1.35516
1788191400,1.355165,1.3553,1.355025,1.355065
1788191700,1.35506,1.355175,1.35478,1.354855
1788192000,1.35486,1.355155,1.354815,1.35493
1788192300,1.35493,1.35507,1.35483,1.35483
1788192600,1.354835,1.35502,1.354825,1.354955
1788192900,1.354955,1.35508,1.35486,1.35496
1788193200,1.354965,1.35524,1.35496,1.355115
1788193500,1.355115,1.355125,1.354915,1.35504
1788193800,1.355045,1.355105,1.354935,1.355035
1788194100,1.35503,1.35505,1.35464,1.35466
1788194400,1.35466,1.35489,1.35466,1.35473
1788194700,1.354725,1.35486,1.35465,1.354665
1788195000,1.35466,1.354995,1.354655,1.354845
1788195300,1.35485,1.35491,1.35461,1.35487
1788195600,1.354875,1.354885,1.354715,1.354755
1788195900,1.35476,1.354765,1.35461,1.354675
1788196200,1.35467,1.35494,1.354665,1.35489
1788196500,1.354885,1.35508,1.354845,1.35508
1788196800,1.355075,1.3552,1.35505,1.35509
1788197100,1.35509,1.355125,1.35493,1.35494
1788197400,1.35495,1.355025,1.35483,1.35488
1788197700,1.354885,1.35498,1.354855,1.35487
1788198000,1.35487,1.35519,1.354845,1.35517
1788198300,1.35518,1.355325,1.35513,1.35532
1788198600,1.355325,1.355325,1.35499,1.355145
1788198900,1.35514,1.35519,1.35498,1.354985
1788199200,1.35499,1.35503,1.35484,1.35498
1788199500,1.354975,1.355095,1.354945,1.35503
1788199800,1.35503,1.35516,1.354995,1.355155
1788200100,1.35515,1.355165,1.35503,1.35511
1788200400,1.355115,1.355175,1.35504,1.35509
1788200700,1.355095,1.35512,1.354895,1.3549
1788201000,1.354905,1.354935,1.35475,1.35489
1788201300,1.354895,1.355,1.35477,1.354775
1788201600,1.35478,1.354915,1.354665,1.35477
1788201900,1.354765,1.354875,1.354715,1.35487
1788202200,1.35487,1.355115,1.35487,1.355065
1788202500,1.35507,1.35517,1.354925,1.35494
1788202800,1.354935,1.354945,1.35475,1.354845
1788203100,1.35484,1.354965,1.354765,1.35496
1788203400,1.354965,1.354985,1.35475,1.354765
1788203700,1.35476,1.354875,1.354685,1.354775
1788204000,1.354775,1.354955,1.354765,1.35495
1788204300,1.354955,1.35506,1.35476,1.35485
1788204600,1.35484,1.35497,1.35482,1.354865
1788204900,1.354865,1.3549,1.354695,1.35474
1788205200,1.354735,1.35479,1.35461,1.354775
1788205500,1.35477,1.35489,1.354695,1.35485
1788205800,1.354855,1.35517,1.354845,1.35515
1788206100,1.35514,1.355145,1.354835,1.35497
1788206400,1.354965,1.355155,1.35495,1.35503
1788206700,1.35502,1.35505,1.35485,1.35491
1788207000,1.35492,1.354965,1.35472,1.35472
1788207300,1.354715,1.354715,1.35463,1.35466
1788207600,1.35466,1.35469,1.354615,1.354655
1788207900,1.354655,1.35476,1.35465,1.35475
1788208200,1.354745,1.35483,1.35467,1.35483
1788208500,1.354825,1.35483,1.354735,1.354755
1788208800,1.35476,1.35488,1.35476,1.354835
1788209100,1.35484,1.35495,1.35484,1.35493
1788209400,1.354925,1.354935,1.354835,1.354845
1788209700,1.354845,1.35499,1.35477,1.354935
1788210000,1.354935,1.354935,1.354815,1.354825
1788210300,1.354835,1.355085,1.35483,1.354885
1788210600,1.354885,1.354885,1.354635,1.35475
1788210900,1.35476,1.354875,1.354645,1.354675
1788211200,1.354675,1.354895,1.354675,1.35469
1788211500,1.35469,1.355035,1.35466,1.35497
1788211800,1.35498,1.355265,1.35489,1.355005
1788212100,1.355005,1.3552,1.35495,1.35495
1788212400,1.35495,1.355225,1.354945,1.3552
1788212700,1.35514,1.35526,1.35494,1.355115
1788213000,1.3551,1.355235,1.355095,1.3552
1788213300,1.3552,1.35547,1.355115,1.35542
1788213600,1.3554,1.35546,1.354935,1.355055
1788213900,1.355055,1.35514,1.355055,1.35508
1788214200,1.355075,1.35508,1.35493,1.35494
1788214500,1.354935,1.35497,1.35492,1.354945
1788214800,1.354945,1.354975,1.35485,1.35486
1788215100,1.35486,1.354865,1.354825,1.354835
1788215400,1.35484,1.35487,1.354815,1.354825
1788215700,1.354825,1.35486,1.354765,1.354775
1788216000,1.354775,1.35478,1.354625,1.35466
1788216300,1.35466,1.354665,1.35457,1.354625
1788216600,1.35462,1.354645,1.354545,1.354565
1788216900,1.354565,1.354645,1.354565,1.354625
1788217200,1.35463,1.35464,1.354395,1.354415
1788217500,1.35442,1.35449,1.3544,1.35446
1788217800,1.354465,1.354495,1.35443,1.35443
1788218100,1.354435,1.354565,1.35442,1.354555
1788218400,1.354555,1.35456,1.35444,1.35444
1788218700,1.35444,1.35455,1.35444,1.35455
1788219000,1.354545,1.354665,1.354535,1.354635
1788219300,1.354635,1.354655,1.354555,1.35456
1788219600,1.354565,1.354775,1.354545,1.35468
1788219900,1.354675,1.354735,1.354635,1.35464
1788220200,1.35464,1.35488,1.354635,1.35486
1788220500,1.354855,1.35491,1.354735,1.354865
1788220800,1.35486,1.354905,1.354665,1.354895
1788221100,1.35489,1.355495,1.35488,1.355475
1788221400,1.35547,1.35558,1.35524,1.355315
1788221700,1.35532,1.35557,1.355215,1.35557
1788222000,1.355575,1.35577,1.35557,1.35566
1788222300,1.355665,1.35596,1.35564,1.355875
1788222600,1.35588,1.355915,1.355615,1.35588
1788222900,1.355885,1.355895,1.355545,1.35558
1788223200,1.355575,1.35574,1.35544,1.355485
1788223500,1.35548,1.35555,1.355335,1.35542
1788223800,1.355415,1.355635,1.35537,1.355385
1788224100,1.35539,1.35545,1.35521,1.35528
1788224400,1.355275,1.35534,1.355095,1.355175
1788224700,1.355185,1.35519,1.35483,1.35487
1788225000,1.35486,1.35488,1.354665,1.35481
1788225300,1.354815,1.35496,1.3546,1.354625
1788225600,1.35462,1.35469,1.35442,1.354425
1788225900,1.35444,1.354485,1.354345,1.35442
1788226200,1.354415,1.354545,1.354405,1.35454
1788226500,1.354545,1.35474,1.354515,1.35457
1788226800,1.354575,1.354945,1.354525,1.354945
1788227100,1.35494,1.35497,1.354635,1.354645
1788227400,1.35465,1.354675,1.35425,1.35427
1788227700,1.354275,1.354585,1.35421,1.354555
1788228000,1.35456,1.354565,1.35433,1.3544
1788228300,1.3544,1.354465,1.35414,1.354165
1788228600,1.35417,1.354345,1.35416,1.354255
1788228900,1.35426,1.35437,1.35423,1.35436
1788229200,1.35436,1.35448,1.35436,1.35446
1788229500,1.35447,1.3546,1.3544,1.354555
1788229800,1.354545,1.35457,1.354305,1.35432
1788230100,1.354325,1.354365,1.35414,1.354185
1788230400,1.35418,1.35438,1.35417,1.3543
1788230700,1.35429,1.35437,1.354235,1.354335
1788231000,1.35434,1.3545,1.35428,1.354465
1788231300,1.35446,1.35462,1.35445,1.354605
1788231600,1.3546,1.35461,1.35422,1.35428
1788231900,1.35428,1.35456,1.35428,1.354405
1788232200,1.3544,1.354475,1.35433,1.354465
1788232500,1.354465,1.354575,1.35445,1.354455
1788232800,1.35445,1.354455,1.354105,1.35415
1788233100,1.354155,1.35436,1.354145,1.35423
1788233400,1.354225,1.354315,1.35418,1.354285
1788233700,1.35428,1.3543,1.35417,1.35424
1788234000,1.35424,1.35433,1.35422,1.354315
1788234300,1.35431,1.354405,1.35431,1.35439
1788234600,1.35439,1.354395,1.354255,1.35427
1788234900,1.35426,1.35427,1.354065,1.354085
1788235200,1.35408,1.35426,1.35405,1.35424
1788235500,1.35424,1.354275,1.354055,1.35407
1788235800,1.35408,1.35418,1.354025,1.35411
1788236100,1.35412,1.35414,1.35401,1.354075
1788236400,1.354075,1.35413,1.35407,1.3541
1788236700,1.354105,1.354125,1.35388,1.3539
1788237000,1.3539,1.354,1.35382,1.35397
1788237300,1.35397,1.35399,1.35386,1.353875
1788237600,1.35388,1.354035,1.353865,1.354
1788237900,1.354005,1.35407,1.35394,1.35396
1788238200,1.353965,1.35423,1.35396,1.354175
1788238500,1.35418,1.35429,1.354075,1.35428
1788238800,1.354275,1.35461,1.35425,1.3546
1788239100,1.354595,1.354695,1.35453,1.354535
1788239400,1.354545,1.354695,1.35449,1.354675
1788239700,1.354675,1.35468,1.35437,1.35438
1788240000,1.354385,1.35449,1.35437,1.35448
1788240300,1.354485,1.35466,1.354485,1.35463
1788240600,1.354625,1.3547,1.35453,1.35458
1788240900,1.35457,1.35489,1.354555,1.354765
1788241200,1.35477,1.354865,1.354655,1.35468
1788241500,1.354675,1.354975,1.35462,1.354875
1788241800,1.35488,1.3549,1.35466,1.354865
1788242100,1.354875,1.3549,1.35465,1.354685
1788242400,1.354675,1.354675,1.35435,1.354465
1788242700,1.35447,1.35477,1.35445,1.354545
1788243000,1.35454,1.35456,1.35434,1.35444
1788243300,1.354435,1.35461,1.354235,1.354285
1788243600,1.35429,1.3543,1.3539,1.354
1788243900,1.354005,1.35401,1.353555,1.353575
1788244200,1.35358,1.35388,1.353545,1.353865
1788244500,1.35387,1.35407,1.353685,1.354065
1788244800,1.35406,1.354285,1.354045,1.35427
1788245100,1.35427,1.35431,1.35398,1.353995
1788245400,1.353995,1.35411,1.353945,1.354095
1788245700,1.35409,1.354175,1.35405,1.354095
1788246000,1.3541,1.354365,1.353985,1.353995
1788246300,1.354,1.354085,1.35393,1.354035
1788246600,1.35404,1.35417,1.35398,1.35417
1788246900,1.35416,1.35417,1.353925,1.354005
1788247200,1.353995,1.354175,1.353505,1.353505
1788247500,1.353515,1.35374,1.353445,1.35345
1788247800,1.353445,1.353465,1.353205,1.353235
1788248100,1.353235,1.353325,1.353165,1.353285
1788248400,1.35328,1.353365,1.353205,1.35322
1788248700,1.35322,1.353735,1.353105,1.35367
1788249000,1.353675,1.353735,1.353455,1.353575
1788249300,1.35357,1.353705,1.353465,1.353635
1788249600,1.35363,1.35364,1.35325,1.35345
1788249900,1.353455,1.353995,1.35317,1.3532
1788250200,1.353205,1.35332,1.352905,1.35309
1788250500,1.353085,1.353445,1.353035,1.3534
1788250800,1.353405,1.353565,1.353205,1.353235
1788251100,1.35324,1.35354,1.35311,1.353485
1788251400,1.35348,1.35348,1.353105,1.353165
1788251700,1.353165,1.353745,1.353165,1.35368
1788252000,1.353685,1.354005,1.353665,1.35394
1788252300,1.353935,1.35423,1.353885,1.354085
1788252600,1.354085,1.35409,1.353745,1.353765
1788252900,1.35377,1.35417,1.353735,1.35417
1788253200,1.35418,1.35418,1.35391,1.35405
1788253500,1.354045,1.35441,1.354035,1.354305
1788253800,1.35431,1.354395,1.35415,1.354215
1788254100,1.35422,1.35448,1.35416,1.354475
1788254400,1.35447,1.35459,1.354195,1.3545
1788254700,1.354495,1.354665,1.354385,1.35442
1788255000,1.354415,1.354675,1.354305,1.35464
1788255300,1.35463,1.35473,1.35444,1.35467
1788255600,1.354675,1.35485,1.35452,1.35453
1788255900,1.35452,1.35475,1.354345,1.354355
1788256200,1.35436,1.35442,1.35425,1.35431
1788256500,1.35432,1.35436,1.35392,1.35394
1788256800,1.353945,1.35417,1.35381,1.35393
1788257100,1.353925,1.354175,1.35382,1.35397
1788257400,1.353975,1.3543,1.35397,1.35416
1788257700,1.35417,1.354365,1.35404,1.35413
1788258000,1.35413,1.35438,1.35407,1.354315
1788258300,1.354305,1.35436,1.35413,1.354155
1788258600,1.35416,1.35418,1.353825,1.35384
1788258900,1.353835,1.353975,1.35379,1.353795
1788259200,1.3538,1.35385,1.35351,1.353525
1788259500,1.353525,1.353745,1.353395,1.35366
1788259800,1.353665,1.35371,1.353355,1.3534
1788260100,1.353405,1.353575,1.353335,1.353555
1788260400,1.35356,1.35356,1.353125,1.35316
1788260700,1.353155,1.35353,1.353045,1.35351
1788261000,1.353505,1.35357,1.35325,1.35334
1788261300,1.353335,1.353565,1.353225,1.35354
1788261600,1.353545,1.35398,1.353365,1.353645
1788261900,1.35364,1.353785,1.35351,1.35374
1788262200,1.35375,1.35395,1.35365,1.35371
1788262500,1.353715,1.353745,1.353565,1.35369
1788262800,1.353685,1.35385,1.3536,1.35378
1788263100,1.35378,1.353825,1.353555,1.35361
1788263400,1.35361,1.35369,1.353475,1.353485
1788263700,1.35349,1.35361,1.35338,1.353575
1788264000,1.35357,1.35357,1.353245,1.353305
1788264300,1.35331,1.353325,1.352975,1.35303
1788264600,1.353035,1.353165,1.3529,1.35316
1788264900,1.35316,1.353505,1.35313,1.35338
1788265200,1.353395,1.353405,1.353105,1.353405
1788265500,1.353405,1.3536,1.353285,1.35333
1788265800,1.353325,1.353465,1.353255,1.353255
1788266100,1.35326,1.353435,1.35305,1.35316
1788266400,1.353155,1.35319,1.352975,1.35313
1788266700,1.353125,1.35352,1.353065,1.35325
1788267000,1.353245,1.353305,1.35304,1.353075
1788267300,1.35307,1.353335,1.3529,1.35297
1788267600,1.352965,1.353005,1.352585,1.35261
1788267900,1.352605,1.353065,1.352525,1.353035
1788268200,1.35304,1.353045,1.35272,1.35285
1788268500,1.35283,1.35333,1.35283,1.35331
1788268800,1.353315,1.353455,1.353015,1.35314
1788269100,1.353135,1.35353,1.35309,1.35349
1788269400,1.353495,1.35393,1.353495,1.35391
1788269700,1.35392,1.354045,1.353715,1.353815
1788270000,1.35381,1.35462,1.35381,1.3545
1788270300,1.354505,1.354555,1.353605,1.353735
1788270600,1.35373,1.354145,1.35373,1.35397
1788270900,1.35398,1.354615,1.35397,1.354495
1788271200,1.354505,1.35495,1.35408,1.35447
1788271500,1.354475,1.35517,1.35446,1.354995
1788271800,1.35498,1.355225,1.35491,1.35508
1788272100,1.35509,1.35509,1.354595,1.354765
1788272400,1.35476,1.35499,1.35472,1.35492
1788272700,1.354925,1.35496,1.354185,1.35421
1788273000,1.35422,1.354445,1.35408,1.35423
1788273300,1.354235,1.35438,1.354185,1.354265
1788273600,1.35427,1.35433,1.354065,1.35426
1788273900,1.354265,1.35447,1.35403,1.35405
1788274200,1.354055,1.35417,1.35356,1.353965
1788274500,1.35396,1.354075,1.35367,1.353775
1788274800,1.35378,1.354055,1.352805,1.353225
1788275100,1.353235,1.353535,1.3531,1.353465
1788275400,1.35346,1.3536,1.35305,1.353225
1788275700,1.35323,1.35329,1.35294,1.35307
1788276000,1.353075,1.35317,1.3527,1.35273
1788276300,1.352725,1.352885,1.35249,1.352815
1788276600,1.35282,1.35288,1.35265,1.35278
1788276900,1.352775,1.35296,1.35266,1.352815
1788277200,1.35279,1.35309,1.352615,1.35287
1788277500,1.352875,1.35293,1.352645,1.352765
1788277800,1.352765,1.35279,1.352625,1.35267
1788278100,1.352665,1.352825,1.352375,1.35268
1788278400,1.352685,1.3528,1.352555,1.352665
1788278700,1.352665,1.35275,1.35254,1.352605
1788279000,1.35261,1.35278,1.352485,1.352665
1788279300,1.352665,1.35279,1.35237,1.352395
1788279600,1.3524,1.35257,1.352075,1.352395
1788279900,1.3524,1.35258,1.352215,1.352265
1788280200,1.35226,1.3524,1.352155,1.35232
1788280500,1.352325,1.352625,1.35213,1.352575
1788280800,1.352575,1.35276,1.352195,1.35225
1788281100,1.35227,1.352295,1.351805,1.35194
1788281400,1.351945,1.35204,1.351635,1.351745
1788281700,1.35174,1.35182,1.35142,1.35147
1788282000,1.351465,1.351685,1.35134,1.351555
1788282300,1.351565,1.351795,1.351425,1.35176
1788282600,1.351765,1.351785,1.35154,1.351655
1788282900,1.35165,1.35166,1.35138,1.35149
1788283200,1.35149,1.35176,1.351485,1.351735
1788283500,1.35173,1.351975,1.35145,1.351965
1788283800,1.35197,1.352115,1.351405,1.35142
1788284100,1.351425,1.351795,1.351415,1.351555
1788284400,1.35156,1.351565,1.351295,1.351455
1788284700,1.351455,1.351465,1.351155,1.35128
1788285000,1.35128,1.351455,1.35124,1.351415
1788285300,1.35141,1.351455,1.35122,1.35135
1788285600,1.35135,1.3516,1.3513,1.35147
1788285900,1.351475,1.35154,1.351315,1.351315
1788286200,1.351305,1.35132,1.35119,1.351245
1788286500,1.35125,1.35134,1.35114,1.35132
1788286800,1.35132,1.35143,1.351255,1.35126
1788287100,1.35126,1.351265,1.35102,1.35103
1788287400,1.35103,1.35103,1.350925,1.35096
1788287700,1.350955,1.35099,1.35065,1.35068
1788288000,1.35068,1.350865,1.3506,1.350855
1788288300,1.35086,1.351165,1.350855,1.35115
1788288600,1.351155,1.351465,1.35105,1.351365
1788288900,1.35136,1.351415,1.35118,1.351395
1788289200,1.3514,1.351485,1.351215,1.351475
1788289500,1.351475,1.351555,1.351365,1.351475
1788289800,1.35147,1.35157,1.35143,1.35149
1788290100,1.351485,1.351585,1.351385,1.35145
1788290400,1.351445,1.351445,1.351325,1.35136
1788290700,1.351355,1.351405,1.351275,1.351305
1788291000,1.351305,1.351475,1.351205,1.351225
1788291300,1.35123,1.35123,1.35108,1.351085
1788291600,1.35109,1.351165,1.351075,1.351085
1788291900,1.35109,1.35119,1.350985,1.3511
1788292200,1.351095,1.35129,1.35108,1.35111
1788292500,1.351115,1.35123,1.35109,1.351185
1788292800,1.35119,1.351195,1.35097,1.351085
1788293100,1.35109,1.35128,1.351085,1.351185
1788293400,1.351185,1.351185,1.35104,1.351045
1788293700,1.351045,1.35114,1.350975,1.351135
1788294000,1.35114,1.351165,1.351085,1.35114
1788294300,1.35114,1.351205,1.35114,1.351195
1788294600,1.3512,1.351285,1.35118,1.351205
1788294900,1.351205,1.35126,1.351205,1.35123
1788295200,1.351235,1.351555,1.35123,1.35144
1788295500,1.351445,1.35169,1.35141,1.35158
1788295800,1.351575,1.35158,1.3515,1.3515
1788296100,1.351505,1.35164,1.351505,1.351595
1788296400,1.351565,1.351725,1.3514,1.3514
1788296700,1.351465,1.351515,1.351335,1.351455
1788297000,1.351455,1.35152,1.351425,1.35145
1788297300,1.351475,1.35152,1.351395,1.35144
1788297600,1.35144,1.35151,1.35144,1.35144
1788297900,1.35144,1.352045,1.35144,1.351675
1788298200,1.35167,1.351955,1.351475,1.35153
1788298500,1.35153,1.351595,1.35143,1.35154
1788298800,1.35154,1.35165,1.3514,1.35142
1788299100,1.351435,1.351505,1.351365,1.351495
1788299400,1.351505,1.351875,1.35146,1.35159
1788299700,1.35159,1.35175,1.351525,1.3516
1788300000,1.35159,1.351885,1.35159,1.351775
1788300300,1.351775,1.3518,1.35166,1.3517
1788300600,1.351705,1.35186,1.351615,1.351815
1788300900,1.35182,1.351865,1.351745,1.351865
1788301200,1.351865,1.35189,1.351835,1.35184
1788301500,1.35184,1.351855,1.35157,1.35163
1788301800,1.351635,1.351675,1.351595,1.35163
1788302100,1.35163,1.35165,1.351595,1.351615
1788302400,1.351615,1.35162,1.35151,1.35152
1788302700,1.351525,1.351555,1.35151,1.351545
1788303000,1.351545,1.3516,1.351475,1.351505
1788303300,1.3515,1.35157,1.351485,1.35153
1788303600,1.351535,1.35155,1.351455,1.35149
1788303900,1.35149,1.35151,1.35146,1.35146
1788304200,1.35146,1.351535,1.35146,1.351475
1788304500,1.351475,1.351475,1.35146,1.35146
1788304800,1.35146,1.35148,1.35146,1.35146
1788305100,1.35146,1.35147,1.35143,1.35145
1788305400,1.351455,1.35149,1.35142,1.35148
1788305700,1.35148,1.351585,1.351475,1.35158
1788306000,1.35158,1.351665,1.351575,1.35163
1788306300,1.351625,1.351665,1.35158,1.3516
1788306600,1.351605,1.351675,1.35151,1.35152
1788306900,1.351515,1.35154,1.351325,1.35134
1788307200,1.351345,1.351485,1.351255,1.35139
1788307500,1.351395,1.351435,1.350965,1.351075
1788307800,1.35107,1.351135,1.35093,1.351065
1788308100,1.35106,1.35118,1.351055,1.351065
1788308400,1.35107,1.35147,1.350945,1.35125
1788308700,1.35126,1.3513,1.35088,1.35096
1788309000,1.350965,1.351095,1.35085,1.35106
1788309300,1.351065,1.351165,1.35101,1.351045
1788309600,1.35105,1.35126,1.35097,1.351215
1788309900,1.35121,1.351215,1.35086,1.35087
1788310200,1.350865,1.351,1.35075,1.350955
1788310500,1.35096,1.35102,1.35067,1.35067
1788310800,1.350655,1.35081,1.350575,1.35061
1788311100,1.350605,1.350635,1.35049,1.35054
1788311400,1.350545,1.35066,1.35039,1.35046
1788311700,1.350465,1.350725,1.350395,1.35066
1788312000,1.350665,1.350755,1.35058,1.35075
1788312300,1.350755,1.35082,1.350695,1.35077
1788312600,1.35078,1.35084,1.3505,1.350635
1788312900,1.35064,1.35064,1.35028,1.350435
1788313200,1.35044,1.350555,1.35038,1.350465
1788313500,1.35047,1.35051,1.35036,1.350435
1788313800,1.35043,1.35044,1.35024,1.350275
1788314100,1.350275,1.35054,1.35027,1.350505
1788314400,1.35051,1.350535,1.35006,1.350285
1788314700,1.35029,1.350325,1.350165,1.35028
1788315000,1.35028,1.35065,1.35027,1.35059
1788315300,1.350585,1.350735,1.350555,1.35068
1788315600,1.350685,1.35079,1.350285,1.35043
1788315900,1.350425,1.350685,1.350385,1.350595
1788316200,1.3506,1.3507,1.350465,1.35066
1788316500,1.350655,1.35071,1.350525,1.35069
1788316800,1.350685,1.350845,1.350685,1.350755
1788317100,1.35076,1.35078,1.350675,1.350735
1788317400,1.350745,1.350755,1.350625,1.35068
1788317700,1.350685,1.35074,1.35064,1.350675
1788318000,1.350685,1.35078,1.350645,1.3507
1788318300,1.3507,1.35077,1.350575,1.350765
1788318600,1.35076,1.350765,1.35055,1.35057
1788318900,1.350575,1.35063,1.35051,1.35054
1788319200,1.35054,1.35058,1.35037,1.35046
1788319500,1.350455,1.35049,1.350335,1.35034
1788319800,1.35034,1.35044,1.350325,1.35034
1788320100,1.350335,1.35034,1.350165,1.35032
1788320400,1.350325,1.350325,1.35011,1.350155
1788320700,1.35016,1.35029,1.350155,1.350225
1788321000,1.35023,1.350245,1.35013,1.350175
1788321300,1.35018,1.350275,1.35012,1.35027
1788321600,1.350275,1.350285,1.35003,1.350065
1788321900,1.35007,1.350115,1.349965,1.349975
1788322200,1.34998,1.35005,1.34993,1.34998
1788322500,1.34998,1.350155,1.349945,1.34998
1788322800,1.34998,1.35003,1.34983,1.3499
1788323100,1.349905,1.349955,1.349815,1.349875
1788323400,1.34987,1.34996,1.34976,1.349825
1788323700,1.34982,1.349875,1.34978,1.34978
1788324000,1.349785,1.34987,1.34977,1.349805
1788324300,1.34981,1.349995,1.349635,1.34965
1788324600,1.34965,1.349785,1.34964,1.349775
1788324900,1.34977,1.349875,1.34962,1.34966
1788325200,1.34966,1.34969,1.34949,1.34951
1788325500,1.349515,1.349675,1.34945,1.349665
1788325800,1.34966,1.34992,1.34964,1.349885
1788326100,1.34988,1.350095,1.34987,1.35001
1788326400,1.35002,1.35019,1.34997,1.350095
1788326700,1.3501,1.35023,1.34997,1.35022
1788327000,1.350225,1.350375,1.350185,1.35027
1788327300,1.35027,1.3503,1.350025,1.35005
1788327600,1.35004,1.3502,1.34998,1.350165
1788327900,1.350165,1.35028,1.35012,1.350195
1788328200,1.35019,1.35036,1.35008,1.350345
1788328500,1.350335,1.35048,1.35026,1.350295
1788328800,1.350305,1.35041,1.35003,1.350175
1788329100,1.35018,1.3505,1.350095,1.35046
1788329400,1.350455,1.350775,1.350375,1.350415
1788329700,1.35041,1.350505,1.34992,1.350175
1788330000,1.35018,1.35079,1.350125,1.3507
1788330300,1.350705,1.35086,1.350385,1.350395
1788330600,1.35039,1.35051,1.350315,1.35048
1788330900,1.350475,1.35052,1.350205,1.35039
1788331200,1.350395,1.350655,1.35029,1.35047
1788331500,1.35046,1.350475,1.34988,1.34991
1788331800,1.349905,1.349965,1.349585,1.349595
1788332100,1.34959,1.349725,1.34926,1.34927
1788332400,1.349275,1.34963,1.34917,1.34917
1788332700,1.34917,1.349575,1.348965,1.34947
1788333000,1.349475,1.350055,1.34946,1.34995
1788333300,1.349945,1.350495,1.349835,1.35045
1788333600,1.350445,1.35062,1.350245,1.35061
1788333900,1.35062,1.35069,1.35033,1.350375
1788334200,1.350375,1.35099,1.350295,1.35089
1788334500,1.350895,1.35127,1.350875,1.351195
1788334800,1.3512,1.3512,1.350725,1.35085
1788335100,1.350855,1.351115,1.350855,1.350995
1788335400,1.350995,1.35109,1.350805,1.35103
1788335700,1.351025,1.351125,1.350875,1.351075
1788336000,1.35108,1.35147,1.351055,1.351395
1788336300,1.35139,1.351485,1.3512,1.351305
1788336600,1.35131,1.351365,1.35091,1.35116
1788336900,1.35116,1.35136,1.351025,1.351075
1788337200,1.35108,1.35126,1.350955,1.35119
1788337500,1.351185,1.3513,1.35092,1.350995
1788337800,1.35099,1.35106,1.35086,1.3509
1788338100,1.3509,1.35124,1.35082,1.351185
1788338400,1.35118,1.35132,1.35113,1.351305
1788338700,1.351315,1.35135,1.35103,1.351095
1788339000,1.35109,1.35111,1.350545,1.3506
1788339300,1.350595,1.35068,1.350095,1.350095
1788339600,1.3501,1.350405,1.34999,1.35038
1788339900,1.350385,1.350695,1.350205,1.35034
1788340200,1.350335,1.350385,1.349985,1.350035
1788340500,1.35004,1.35028,1.35001,1.350175
1788340800,1.35017,1.35021,1.34995,1.34997
1788341100,1.349965,1.350145,1.349825,1.35005
1788341400,1.350045,1.350095,1.34952,1.349555
1788341700,1.349565,1.349735,1.349475,1.34955
1788342000,1.349555,1.349565,1.349375,1.34939
1788342300,1.349385,1.349405,1.349235,1.349305
1788342600,1.349305,1.349455,1.348795,1.34886
1788342900,1.348865,1.34904,1.34858,1.348655
1788343200,1.34865,1.34879,1.348265,1.34827
1788343500,1.34826,1.348515,1.34825,1.348485
1788343800,1.34848,1.34858,1.348245,1.34837
1788344100,1.348365,1.34838,1.34805,1.348145
1788344400,1.34815,1.348265,1.34804,1.348075
1788344700,1.348075,1.348485,1.34806,1.34823
1788345000,1.348235,1.348485,1.348065,1.348465
1788345300,1.348455,1.348475,1.348105,1.348135
1788345600,1.34814,1.34815,1.347925,1.34794
1788345900,1.347935,1.347965,1.347755,1.347925
1788346200,1.34792,1.34806,1.34768,1.34805
1788346500,1.34806,1.348445,1.34789,1.34841
1788346800,1.348415,1.34869,1.348315,1.348555
1788347100,1.34855,1.348855,1.34836,1.34874
1788347400,1.348735,1.348935,1.348255,1.34885
1788347700,1.348845,1.348935,1.34838,1.34863
1788348000,1.34862,1.34886,1.34856,1.34863
1788348300,1.34863,1.348695,1.348245,1.34826
1788348600,1.348255,1.348455,1.34806,1.34844
1788348900,1.348435,1.3486,1.348225,1.34825
1788349200,1.348255,1.34882,1.348225,1.348655
1788349500,1.34866,1.34912,1.34854,1.349055
1788349800,1.34905,1.34917,1.348765,1.349075
1788350100,1.34907,1.3491,1.34831,1.34847
1788350400,1.348465,1.348725,1.348375,1.3487
1788350700,1.348705,1.348885,1.34818,1.34831
1788351000,1.348315,1.34838,1.348,1.34833
1788351300,1.34834,1.348475,1.34785,1.34785
1788351600,1.347855,1.34884,1.347745,1.34849
1788351900,1.3485,1.34876,1.34805,1.348055
1788352200,1.34805,1.34814,1.34785,1.34787
1788352500,1.347875,1.34789,1.347705,1.347865
1788352800,1.347865,1.348,1.347625,1.347725
1788353100,1.34773,1.34837,1.347665,1.34797
1788353400,1.34797,1.34805,1.347645,1.34767
1788353700,1.347665,1.347825,1.34746,1.347505
1788354000,1.3475,1.34786,1.34749,1.347625
1788354300,1.34763,1.348035,1.34761,1.34794
1788354600,1.347945,1.348135,1.34774,1.34811
1788354900,1.348115,1.348695,1.3481,1.348575
1788355200,1.34858,1.34925,1.34857,1.349145
1788355500,1.34914,1.35091,1.34912,1.349755
1788355800,1.34975,1.35019,1.34927,1.34937
1788356100,1.349375,1.34983,1.349345,1.34983
1788356400,1.349815,1.35073,1.349695,1.3507
1788356700,1.350695,1.350695,1.349895,1.350035
1788357000,1.350015,1.351,1.349925,1.350955
1788357300,1.350965,1.351365,1.350485,1.35129
1788357600,1.35128,1.351315,1.350415,1.35097
1788357900,1.350985,1.35102,1.350235,1.35024
1788358200,1.350235,1.3506,1.35011,1.35037
1788358500,1.350375,1.35057,1.349825,1.349985
1788358800,1.34999,1.35018,1.34979,1.350065
1788359100,1.35006,1.350425,1.34996,1.35026
1788359400,1.350265,1.350355,1.350015,1.35013
1788359700,1.35013,1.350465,1.349945,1.350275
1788360000,1.35028,1.350585,1.349965,1.35012
1788360300,1.35013,1.350175,1.349735,1.35003
1788360600,1.350025,1.350885,1.349645,1.35003
1788360900,1.350035,1.35059,1.34986,1.35052
1788361200,1.35053,1.351035,1.350335,1.350735
1788361500,1.35074,1.35105,1.350525,1.350545
1788361800,1.35055,1.350665,1.35024,1.35032
1788362100,1.350315,1.350405,1.350155,1.35033
1788362400,1.35034,1.350355,1.34986,1.35025
1788362700,1.350245,1.350545,1.35024,1.35053
1788363000,1.350535,1.35075,1.350025,1.35003
1788363300,1.350025,1.350185,1.34981,1.35007
1788363600,1.350075,1.35015,1.349575,1.349575
1788363900,1.34957,1.34996,1.34945,1.34971
1788364200,1.34971,1.34977,1.34951,1.34957
1788364500,1.349575,1.35017,1.349485,1.35016
1788364800,1.350165,1.35035,1.35009,1.350115
1788365100,1.35012,1.35017,1.34994,1.350055
1788365400,1.35005,1.35039,1.34995,1.35037
1788365700,1.350375,1.350375,1.350115,1.35024
1788366000,1.350245,1.35037,1.349875,1.34993
1788366300,1.349925,1.350065,1.3496,1.349615
1788366600,1.34962,1.349855,1.34956,1.349665
1788366900,1.349665,1.349845,1.34965,1.34978
1788367200,1.349775,1.349885,1.34967,1.3498
1788367500,1.3498,1.34995,1.349615,1.349635
1788367800,1.34963,1.3499,1.349545,1.349765
1788368100,1.34977,1.349805,1.349415,1.349415
1788368400,1.34943,1.34955,1.349345,1.349435
1788368700,1.34944,1.349445,1.34911,1.34913
1788369000,1.34913,1.349165,1.348985,1.34913
1788369300,1.34913,1.34915,1.34852,1.348535
1788369600,1.34854,1.348735,1.34852,1.34863
1788369900,1.348625,1.349,1.34857,1.349
1788370200,1.348995,1.34901,1.34852,1.34876
1788370500,1.348765,1.34877,1.34858,1.34864
1788370800,1.34864,1.34905,1.34857,1.348865
1788371100,1.34886,1.349265,1.34877,1.34891
1788371400,1.348915,1.34894,1.34864,1.34865
1788371700,1.348645,1.34881,1.34856,1.34873
1788372000,1.348735,1.34893,1.348665,1.34889
1788372300,1.348885,1.348885,1.34866,1.348665
1788372600,1.34867,1.3487,1.348615,1.34866
1788372900,1.34866,1.349225,1.348445,1.348915
1788373200,1.34891,1.349025,1.34856,1.348565
1788373500,1.34856,1.348665,1.348495,1.34866
1788373800,1.348665,1.34877,1.348645,1.34869
1788374100,1.348695,1.348885,1.348665,1.348885
1788374400,1.348885,1.348885,1.34861,1.348655
1788374700,1.34866,1.34878,1.34865,1.348755
1788375000,1.348755,1.34883,1.34869,1.348705
1788375300,1.34871,1.34877,1.348485,1.348645
1788375600,1.34865,1.34873,1.34847,1.348495
1788375900,1.34849,1.348575,1.34842,1.34843
1788376200,1.34843,1.34853,1.3484,1.34843
1788376500,1.348425,1.348785,1.348405,1.34875
1788376800,1.34875,1.34875,1.34857,1.34865
1788377100,1.34865,1.348725,1.34852,1.34852
1788377400,1.34853,1.34861,1.348455,1.348545
1788377700,1.34856,1.348575,1.348445,1.348565
1788378000,1.348565,1.34862,1.34848,1.34857
1788378300,1.34857,1.34859,1.348335,1.348375
1788378600,1.348375,1.348535,1.348375,1.348485
1788378900,1.34849,1.34885,1.348435,1.34881
1788379200,1.348815,1.349095,1.348785,1.349015
1788379500,1.34901,1.349115,1.34888,1.34896
1788379800,1.34896,1.349035,1.34892,1.34898
1788380100,1.348975,1.348985,1.34884,1.34887
1788380400,1.34887,1.348985,1.34879,1.34897
1788380700,1.348975,1.348985,1.34879,1.348805
1788381000,1.3488,1.348895,1.34874,1.348895
1788381300,1.348895,1.348895,1.348765,1.34878
1788381600,1.34878,1.348875,1.34876,1.348825
1788381900,1.34882,1.349065,1.348815,1.34896
1788382200,1.34896,1.34896,1.348765,1.34877
1788382500,1.348765,1.348785,1.34835,1.348605
1788382800,1.348655,1.348785,1.348655,1.34874
1788383100,1.34872,1.34891,1.34859,1.34873
1788383400,1.348735,1.34898,1.348675,1.34893
1788383700,1.34893,1.34904,1.34882,1.34888
1788384000,1.34888,1.348955,1.348855,1.348885
1788384300,1.348885,1.34889,1.348325,1.34834
1788384600,1.34844,1.348955,1.34844,1.34866
1788384900,1.34866,1.34866,1.348475,1.348495
1788385200,1.348495,1.348605,1.34841,1.34848
1788385500,1.348515,1.34852,1.34837,1.348395
1788385800,1.348395,1.348545,1.348325,1.348325
1788386100,1.348375,1.34863,1.34825,1.348505
1788386400,1.34851,1.348575,1.34817,1.348265
1788386700,1.348265,1.348265,1.34817,1.34824
1788387000,1.348245,1.348315,1.348185,1.348255
1788387300,1.348255,1.34827,1.348125,1.34815
1788387600,1.348145,1.34828,1.348135,1.34824
1788387900,1.34824,1.348265,1.34822,1.34823
1788388200,1.348235,1.34827,1.34822,1.34826
1788388500,1.34828,1.348465,1.34828,1.34842
1788388800,1.348415,1.348445,1.348325,1.348335
1788389100,1.348335,1.34837,1.34824,1.348365
1788389400,1.348365,1.348465,1.348335,1.348365
1788389700,1.34836,1.34838,1.348335,1.348365
1788390000,1.348375,1.34843,1.34829,1.348355
1788390300,1.348355,1.348355,1.34823,1.34825
1788390600,1.34825,1.348255,1.348115,1.348155
1788390900,1.348155,1.348175,1.348135,1.348155
1788391200,1.34816,1.348255,1.34815,1.348245
1788391500,1.34824,1.34826,1.34814,1.34815
1788391800,1.34815,1.34816,1.34812,1.34815
1788392100,1.348145,1.34815,1.348025,1.348055
1788392400,1.348055,1.34815,1.34803,1.34812
1788392700,1.348125,1.348175,1.34812,1.34816
1788393000,1.348155,1.34816,1.34809,1.3481
1788393300,1.3481,1.34834,1.348085,1.348265
1788393600,1.34826,1.34833,1.34805,1.34824
1788393900,1.348245,1.34833,1.34807,1.34817
1788394200,1.34817,1.34835,1.34815,1.34823
1788394500,1.348235,1.348355,1.3482,1.348275
1788394800,1.348275,1.348445,1.348225,1.34839
1788395100,1.34838,1.348645,1.34837,1.348575
1788395400,1.34858,1.348615,1.348415,1.348525
1788395700,1.34853,1.348575,1.34842,1.34857
1788396000,1.34857,1.348625,1.348375,1.348425
1788396300,1.348435,1.34873,1.34834,1.34872
1788396600,1.348725,1.348985,1.348715,1.34889
1788396900,1.348885,1.34893,1.34875,1.348785
1788397200,1.348795,1.34889,1.34875,1.348835
1788397500,1.34884,1.34887,1.34875,1.34879
1788397800,1.348785,1.348885,1.34877,1.34877
1788398100,1.348775,1.34888,1.34874,1.348795
1788398400,1.34879,1.34886,1.348465,1.34849
1788398700,1.348485,1.34896,1.348475,1.34894
1788399000,1.348945,1.349185,1.34885,1.349085
1788399300,1.34908,1.34911,1.34884,1.34897
1788399600,1.348965,1.34903,1.348665,1.34867
1788399900,1.34868,1.34876,1.348375,1.34848
1788400200,1.34848,1.34848,1.34824,1.34831
1788400500,1.348315,1.348355,1.34806,1.348175
1788400800,1.34818,1.34844,1.34812,1.34826
1788401100,1.348265,1.34832,1.34819,1.3482
1788401400,1.34821,1.34828,1.34806,1.348275
1788401700,1.348275,1.348375,1.348145,1.34824
1788402000,1.34825,1.34877,1.348245,1.34866
1788402300,1.348665,1.348695,1.34846,1.348655
1788402600,1.34866,1.34893,1.34858,1.34887
1788402900,1.348875,1.34922,1.34887,1.349175
1788403200,1.34917,1.34919,1.34875,1.34876
1788403500,1.34877,1.34893,1.34863,1.3489
1788403800,1.34891,1.349,1.348795,1.34897
1788404100,1.348975,1.349045,1.348855,1.34889
1788404400,1.348895,1.349325,1.34887,1.349265
1788404700,1.349275,1.34949,1.349245,1.34948
1788405000,1.34947,1.34967,1.34936,1.349465
1788405300,1.34946,1.349475,1.349275,1.349375
1788405600,1.34938,1.34947,1.34926,1.349285
1788405900,1.34929,1.34957,1.349275,1.34944
1788406200,1.34944,1.349495,1.34924,1.349405
1788406500,1.34941,1.349445,1.34928,1.34943
1788406800,1.34943,1.34957,1.349375,1.349495
1788407100,1.34949,1.3495,1.34934,1.349425
1788407400,1.34943,1.34958,1.349395,1.34956
1788407700,1.349545,1.349545,1.34936,1.34947
1788408000,1.34946,1.34954,1.34934,1.34937
1788408300,1.349365,1.349465,1.349265,1.3494
1788408600,1.3494,1.34952,1.349375,1.349465
1788408900,1.349465,1.34948,1.34936,1.34944
1788409200,1.349445,1.34958,1.349425,1.34957
1788409500,1.349575,1.349625,1.34956,1.34958
1788409800,1.349575,1.34978,1.34944,1.349655
1788410100,1.34966,1.349795,1.349585,1.349785
1788410400,1.34978,1.349855,1.34968,1.349735
1788410700,1.34974,1.34977,1.34958,1.34959
1788411000,1.349585,1.34962,1.34938,1.3494
1788411300,1.349395,1.34942,1.349225,1.349365
1788411600,1.34936,1.349435,1.349135,1.34918
1788411900,1.349185,1.34923,1.34904,1.34907
1788412200,1.349075,1.349235,1.34907,1.34916
1788412500,1.34917,1.349415,1.349145,1.3493
1788412800,1.349305,1.34951,1.34914,1.34949
1788413100,1.34949,1.34968,1.349425,1.34949
1788413400,1.349485,1.349505,1.34941,1.34949
1788413700,1.349495,1.34959,1.34937,1.34957
1788414000,1.349575,1.349585,1.34922,1.34924
1788414300,1.349245,1.349355,1.34918,1.34935
1788414600,1.349345,1.34946,1.34897,1.349055
1788414900,1.34905,1.349185,1.34903,1.34916
1788415200,1.349155,1.3492,1.34857,1.348745
1788415500,1.34874,1.349195,1.34867,1.34887
1788415800,1.348865,1.348875,1.34839,1.34872
1788416100,1.348725,1.3488,1.34847,1.34849
1788416400,1.348485,1.34858,1.34833,1.34835
1788416700,1.348345,1.34863,1.348345,1.348585
1788417000,1.34859,1.349395,1.34859,1.349155
1788417300,1.34915,1.349295,1.34881,1.34896
1788417600,1.348955,1.349465,1.348865,1.34935
1788417900,1.349345,1.34969,1.349265,1.34961
1788418200,1.349605,1.34988,1.349535,1.34968
1788418500,1.349685,1.34987,1.34919,1.34919
1788418800,1.349185,1.350175,1.348965,1.34998
1788419100,1.349985,1.35027,1.34981,1.350195
1788419400,1.35019,1.35034,1.349485,1.349495
1788419700,1.3495,1.349815,1.34935,1.349705
1788420000,1.3497,1.35,1.34936,1.34977
1788420300,1.34977,1.34979,1.349165,1.34934
1788420600,1.349345,1.34969,1.34934,1.34959
1788420900,1.349595,1.35,1.34915,1.349575
1788421200,1.34958,1.3499,1.349385,1.349885
1788421500,1.34988,1.350305,1.34985,1.350225
1788421800,1.35022,1.350465,1.350045,1.350385
1788422100,1.35038,1.350395,1.350145,1.350285
1788422400,1.35029,1.350705,1.35,1.35037
1788422700,1.350375,1.35075,1.35034,1.35035
1788423000,1.350345,1.350365,1.34987,1.349975
1788423300,1.34998,1.35014,1.349845,1.35009
1788423600,1.350095,1.350265,1.349675,1.34979
1788423900,1.349795,1.35019,1.34974,1.35018
1788424200,1.350175,1.35019,1.34982,1.34983
1788424500,1.34984,1.34989,1.349645,1.34979
1788424800,1.349785,1.350085,1.349765,1.350065
1788425100,1.350075,1.350255,1.349805,1.34991
1788425400,1.349915,1.35044,1.34981,1.350395
1788425700,1.35039,1.350435,1.34993,1.35
1788426000,1.350005,1.35038,1.349755,1.349895
1788426300,1.34989,1.350285,1.349625,1.350235
1788426600,1.35024,1.35025,1.34983,1.34996
1788426900,1.349955,1.35004,1.34966,1.349865
1788427200,1.349865,1.349885,1.34942,1.349425
1788427500,1.34943,1.349485,1.349315,1.349475
1788427800,1.34948,1.34955,1.349025,1.34909
1788428100,1.34908,1.34931,1.348965,1.34918
1788428400,1.349175,1.3494,1.349005,1.34936
1788428700,1.349355,1.349725,1.349355,1.34961
1788429000,1.349605,1.349795,1.34938,1.349645
1788429300,1.34965,1.34981,1.34943,1.349795
1788429600,1.3498,1.34997,1.349675,1.34985
1788429900,1.349855,1.349915,1.349425,1.349425
1788430200,1.34943,1.3495,1.34902,1.34903
1788430500,1.34903,1.349275,1.348965,1.34903
1788430800,1.349025,1.34923,1.34891,1.34917
1788431100,1.349175,1.349465,1.34911,1.34922
1788431400,1.34923,1.34923,1.348765,1.34882
1788431700,1.348815,1.348855,1.348455,1.348485
1788432000,1.34849,1.34873,1.34844,1.348675
1788432300,1.34867,1.348855,1.348665,1.34879
1788432600,1.348785,1.34906,1.34877,1.34904
1788432900,1.34904,1.34953,1.348985,1.349435
1788433200,1.34944,1.349545,1.34906,1.349225
1788433500,1.34922,1.349635,1.34915,1.349565
1788433800,1.349575,1.34976,1.3495,1.349665
1788434100,1.349665,1.35006,1.349645,1.34965
1788434400,1.349655,1.34968,1.34934,1.349435
1788434700,1.34944,1.34944,1.34896,1.349245
1788435000,1.34925,1.349315,1.348665,1.34925
1788435300,1.349255,1.34938,1.34914,1.349245
1788435600,1.34924,1.349255,1.348975,1.34898
1788435900,1.348975,1.34928,1.348875,1.34925
1788436200,1.34925,1.34946,1.34918,1.34928
1788436500,1.349275,1.349635,1.34927,1.349465
1788436800,1.34947,1.349675,1.34927,1.34957
1788437100,1.349565,1.34988,1.349455,1.34978
1788437400,1.349775,1.349805,1.349365,1.349645
1788437700,1.34965,1.34966,1.34942,1.34952
1788438000,1.349515,1.349535,1.348915,1.34941
1788438300,1.349405,1.349405,1.348945,1.34921
1788438600,1.34922,1.351245,1.34921,1.350265
1788438900,1.35026,1.351255,1.34992,1.35118
1788439200,1.351185,1.351245,1.350625,1.350775
1788439500,1.35077,1.35144,1.35066,1.351375
1788439800,1.35137,1.352195,1.35123,1.35204
1788440100,1.352035,1.35214,1.351635,1.35183
1788440400,1.35184,1.351975,1.351475,1.351665
1788440700,1.35167,1.35175,1.3512,1.351365
1788441000,1.351365,1.35158,1.35108,1.35149
1788441300,1.351495,1.351585,1.35089,1.350945
1788441600,1.35095,1.351175,1.350855,1.351055
1788441900,1.35106,1.351215,1.350785,1.350995
1788442200,1.35099,1.35103,1.350565,1.350605
1788442500,1.35061,1.35082,1.350495,1.35055
1788442800,1.350555,1.351075,1.35029,1.351055
1788443100,1.35106,1.351165,1.350255,1.35032
1788443400,1.350315,1.35118,1.35024,1.35112
1788443700,1.351115,1.351775,1.35108,1.35175
1788444000,1.351735,1.35178,1.350865,1.35119
1788444300,1.351185,1.351475,1.35089,1.350975
1788444600,1.35097,1.35167,1.350915,1.35147
1788444900,1.351465,1.35152,1.351095,1.351215
1788445200,1.35122,1.351465,1.35074,1.351
1788445500,1.350995,1.35116,1.350675,1.3511
1788445800,1.351095,1.35125,1.350625,1.35066
1788446100,1.350655,1.350735,1.35014,1.35015
1788446400,1.350145,1.350395,1.350045,1.35022
1788446700,1.35022,1.350845,1.35015,1.350755
1788447000,1.35075,1.35178,1.35064,1.35174
1788447300,1.351745,1.352065,1.35112,1.351785
1788447600,1.35179,1.35275,1.35178,1.35269
1788447900,1.352695,1.353915,1.35268,1.353365
1788448200,1.35336,1.35371,1.353265,1.353545
1788448500,1.35354,1.35375,1.353245,1.35367
1788448800,1.353665,1.3541,1.35356,1.353665
1788449100,1.35367,1.353925,1.353475,1.35375
1788449400,1.353745,1.35404,1.35355,1.353605
1788449700,1.3536,1.353605,1.353035,1.353125
1788450000,1.35314,1.353375,1.352925,1.353235
1788450300,1.353245,1.3533,1.35282,1.35284
1788450600,1.352845,1.352895,1.3527,1.352785
1788450900,1.35278,1.35329,1.352715,1.35324
1788451200,1.353235,1.353535,1.353115,1.353275
1788451500,1.35327,1.35353,1.353255,1.353475
1788451800,1.35347,1.354035,1.35338,1.35398
1788452100,1.35399,1.35425,1.353915,1.35423
1788452400,1.354225,1.35434,1.35404,1.35433
1788452700,1.354325,1.354505,1.35406,1.35447
1788453000,1.354475,1.35478,1.35431,1.35436
1788453300,1.354355,1.35447,1.354175,1.354355
1788453600,1.35436,1.35449,1.354205,1.354445
1788453900,1.35445,1.354695,1.354435,1.35467
1788454200,1.354675,1.35482,1.354465,1.35447
1788454500,1.354475,1.354775,1.354405,1.354425
1788454800,1.35443,1.35452,1.354165,1.354175
1788455100,1.35418,1.35436,1.35407,1.35408
1788455400,1.354085,1.35427,1.35407,1.354255
1788455700,1.35426,1.35446,1.354255,1.354345
1788456000,1.35435,1.354635,1.35434,1.35461
1788456300,1.354605,1.354605,1.354365,1.35457
1788456600,1.354575,1.354705,1.35445,1.354525
1788456900,1.35453,1.354595,1.35437,1.35441
1788457200,1.354415,1.354475,1.354265,1.354355
1788457500,1.35436,1.3544,1.354275,1.35434
1788457800,1.35434,1.354345,1.354045,1.354265
1788458100,1.35427,1.354295,1.35387,1.35388
1788458400,1.353885,1.354125,1.353875,1.35407
1788458700,1.354065,1.35422,1.35385,1.354205
1788459000,1.35421,1.35436,1.35418,1.35428
1788459300,1.354275,1.354405,1.354135,1.354155
1788459600,1.35416,1.35422,1.354,1.35415
1788459900,1.354155,1.35431,1.35406,1.35407
1788460200,1.354065,1.35409,1.353835,1.35385
1788460500,1.35384,1.3539,1.3538,1.35384
1788460800,1.353835,1.353945,1.35381,1.353835
1788461100,1.35383,1.35395,1.35373,1.353845
1788461400,1.35384,1.353995,1.353835,1.353905
1788461700,1.3539,1.35397,1.35379,1.353875
1788462000,1.35388,1.353985,1.35378,1.35382
1788462300,1.353825,1.353935,1.35377,1.353795
1788462600,1.35379,1.353895,1.353245,1.353245
1788462900,1.35324,1.353275,1.352805,1.352905
1788463200,1.3529,1.35294,1.35237,1.35242
1788463500,1.352425,1.3525,1.352335,1.352455
1788463800,1.35246,1.352535,1.352245,1.35225
1788464100,1.352245,1.352505,1.35224,1.352485
1788464400,1.35249,1.352625,1.35247,1.352605
1788464700,1.3526,1.352885,1.352585,1.35279
1788465000,1.352795,1.352855,1.352655,1.352685
1788465300,1.35269,1.352835,1.35254,1.352575
1788465600,1.352575,1.35287,1.352515,1.3528
1788465900,1.352805,1.352905,1.352755,1.352875
1788466200,1.352875,1.352905,1.35265,1.35266
1788466500,1.35266,1.35266,1.35249,1.35256
1788466800,1.35256,1.35268,1.352535,1.352565
1788467100,1.35257,1.35266,1.35255,1.35266
1788467400,1.352655,1.35268,1.352535,1.352575
1788467700,1.35257,1.352695,1.35249,1.352685
1788468000,1.352675,1.3527,1.352565,1.352655
1788468300,1.352665,1.3527,1.35264,1.35269
1788468600,1.352695,1.352695,1.35265,1.352685
1788468900,1.35268,1.352695,1.35235,1.35249
1788469200,1.35249,1.35285,1.35249,1.35285
1788469500,1.35285,1.35301,1.35264,1.352925
1788469800,1.352925,1.353,1.352835,1.3529
1788470100,1.3529,1.352915,1.352845,1.352885
1788470400,1.352885,1.352935,1.35283,1.35289
1788470700,1.3529,1.3529,1.35277,1.352785
1788471000,1.35276,1.35289,1.35274,1.352825
1788471300,1.352825,1.352905,1.352725,1.352725
1788471600,1.352725,1.35289,1.352725,1.352835
1788471900,1.35276,1.352835,1.352565,1.35269
1788472200,1.35269,1.35283,1.35261,1.35261
1788472500,1.35261,1.3529,1.352585,1.352585
1788472800,1.35257,1.35268,1.352365,1.352475
1788473100,1.352475,1.352475,1.35237,1.35237
1788473400,1.352365,1.352485,1.352345,1.352465
1788473700,1.35246,1.3525,1.352375,1.352375
1788474000,1.35239,1.352395,1.352345,1.352355
1788474300,1.352355,1.352385,1.352355,1.352355
1788474600,1.352365,1.35248,1.352355,1.352455
1788474900,1.352455,1.352465,1.35237,1.352415
1788475200,1.35242,1.352475,1.35239,1.35242
1788475500,1.352415,1.35244,1.35237,1.352395
1788475800,1.352395,1.352415,1.35233,1.35238
1788476100,1.35238,1.35244,1.35237,1.3524
1788476400,1.352385,1.352495,1.352375,1.35247
1788476700,1.35247,1.352605,1.352455,1.352565
1788477000,1.352565,1.352585,1.352485,1.352525
1788477300,1.352525,1.35258,1.352485,1.35257
1788477600,1.35257,1.35272,1.35257,1.352705
1788477900,1.352705,1.352705,1.35263,1.35268
1788478200,1.352675,1.35298,1.35265,1.35266
1788478500,1.35266,1.352715,1.352585,1.35266
1788478800,1.35266,1.352765,1.35259,1.35266
1788479100,1.352655,1.35285,1.352615,1.35279
1788479400,1.352785,1.35288,1.35274,1.352865
1788479700,1.352855,1.35289,1.352815,1.35283
1788480000,1.35284,1.35302,1.35272,1.352965
1788480300,1.35296,1.35306,1.352705,1.35271
1788480600,1.3527,1.35286,1.35268,1.35284
1788480900,1.35285,1.352865,1.35259,1.35267
1788481200,1.35267,1.35279,1.35257,1.35272
1788481500,1.352725,1.35273,1.35254,1.35255
1788481800,1.35256,1.35275,1.35252,1.35264
1788482100,1.352645,1.35275,1.352485,1.35257
1788482400,1.35257,1.352865,1.35253,1.35283
1788482700,1.352825,1.35307,1.352795,1.353025
1788483000,1.35303,1.35337,1.353025,1.35334
1788483300,1.353335,1.35337,1.352995,1.35301
1788483600,1.353015,1.35319,1.35293,1.352985
1788483900,1.35298,1.353155,1.35291,1.35303
1788484200,1.353025,1.353185,1.352855,1.352865
1788484500,1.35286,1.35316,1.352815,1.353105
1788484800,1.35311,1.35348,1.35307,1.353215
1788485100,1.35321,1.353375,1.353095,1.353255
1788485400,1.35326,1.35332,1.35309,1.353165
1788485700,1.35317,1.353385,1.353145,1.353235
1788486000,1.35324,1.353355,1.353215,1.35329
1788486300,1.35328,1.35331,1.35319,1.353265
1788486600,1.35326,1.353295,1.35315,1.35328
1788486900,1.353275,1.353495,1.353275,1.35349
1788487200,1.353495,1.353775,1.353425,1.353745
1788487500,1.353745,1.35376,1.353405,1.35341
1788487800,1.353405,1.353485,1.35337,1.35347
1788488100,1.35347,1.3535,1.353235,1.353265
1788488400,1.353265,1.35327,1.353005,1.353065
1788488700,1.35307,1.3531,1.35295,1.353065
1788489000,1.35307,1.353175,1.35301,1.353015
1788489300,1.35302,1.353195,1.352975,1.353175
1788489600,1.35317,1.353285,1.35315,1.353165
1788489900,1.35316,1.353225,1.35312,1.353185
1788490200,1.35318,1.353385,1.35317,1.353375
1788490500,1.35338,1.353395,1.353095,1.35313
1788490800,1.353125,1.353295,1.35312,1.35325
1788491100,1.35325,1.353305,1.35313,1.35329
1788491400,1.353285,1.35337,1.353195,1.35335
1788491700,1.353355,1.35346,1.353345,1.3534
1788492000,1.353395,1.35347,1.353345,1.35336
1788492300,1.353365,1.353365,1.353055,1.35308
1788492600,1.353085,1.353085,1.3529,1.35305
1788492900,1.35304,1.353065,1.35272,1.352775
1788493200,1.35278,1.352875,1.352675,1.35268
1788493500,1.35268,1.35283,1.35267,1.352765
1788493800,1.352765,1.35301,1.352745,1.352935
1788494100,1.35293,1.35307,1.35287,1.352945
1788494400,1.35294,1.35326,1.35293,1.353205
1788494700,1.3532,1.353305,1.35302,1.35303
1788495000,1.353035,1.353165,1.352995,1.35311
1788495300,1.35311,1.35313,1.353045,1.35307
1788495600,1.353065,1.353145,1.353,1.35303
1788495900,1.35303,1.35314,1.352965,1.3531
1788496200,1.353095,1.35324,1.35304,1.35306
1788496500,1.35306,1.353295,1.353005,1.35326
1788496800,1.353265,1.35327,1.35316,1.35319
1788497100,1.353185,1.35321,1.353075,1.353145
1788497400,1.353155,1.35322,1.35309,1.3532
1788497700,1.3532,1.35326,1.353115,1.35318
1788498000,1.353175,1.3532,1.35305,1.35306
1788498300,1.35306,1.35321,1.352985,1.3531
1788498600,1.35309,1.35326,1.35306,1.35325
1788498900,1.35325,1.353335,1.353175,1.35321
1788499200,1.353215,1.353315,1.35315,1.353165
1788499500,1.353165,1.35327,1.35314,1.35322
1788499800,1.353215,1.353395,1.35321,1.35338
1788500100,1.353385,1.3535,1.35334,1.35346
1788500400,1.353455,1.35346,1.35327,1.353285
1788500700,1.35328,1.35346,1.353195,1.35339
1788501000,1.353385,1.35346,1.353235,1.35339
1788501300,1.353385,1.35358,1.35337,1.35355
1788501600,1.353555,1.35377,1.35349,1.35371
1788501900,1.3537,1.354095,1.353685,1.354065
1788502200,1.35406,1.35437,1.35394,1.354345
1788502500,1.35434,1.354355,1.35403,1.35417
1788502800,1.354175,1.35439,1.35417,1.354265
1788503100,1.35426,1.354405,1.35414,1.354365
1788503400,1.35436,1.354445,1.35402,1.354345
1788503700,1.35435,1.35441,1.35414,1.354165
1788504000,1.354165,1.354495,1.354155,1.3543
1788504300,1.3543,1.35448,1.354195,1.3542
1788504600,1.354195,1.354325,1.35418,1.35429
1788504900,1.354295,1.35439,1.35409,1.35417
1788505200,1.354175,1.35459,1.3541,1.354495
1788505500,1.354495,1.35467,1.354405,1.354465
1788505800,1.35446,1.35455,1.35414,1.354145
1788506100,1.35414,1.354355,1.35412,1.35435
1788506400,1.354345,1.354385,1.354155,1.35428
1788506700,1.354285,1.354655,1.354255,1.35465
1788507000,1.354645,1.35492,1.35464,1.35465
1788507300,1.35465,1.35465,1.35413,1.354155
1788507600,1.35415,1.35473,1.354125,1.35467
1788507900,1.354665,1.354765,1.354435,1.35445
1788508200,1.354455,1.3545,1.353795,1.3538
1788508500,1.3538,1.353805,1.353285,1.353405
1788508800,1.3534,1.35369,1.353315,1.35368
1788509100,1.353685,1.35382,1.35329,1.35354
1788509400,1.353545,1.35366,1.353395,1.35347
1788509700,1.353465,1.35376,1.353295,1.35372
1788510000,1.353725,1.35383,1.35362,1.353685
1788510300,1.35369,1.35431,1.35368,1.35429
1788510600,1.354295,1.354295,1.352925,1.353055
1788510900,1.35306,1.353275,1.353,1.35326
1788511200,1.353265,1.35334,1.353125,1.35329
1788511500,1.3533,1.35349,1.35318,1.353395
1788511800,1.3534,1.353485,1.35308,1.35328
1788512100,1.35328,1.35352,1.35315,1.353285
1788512400,1.35328,1.353285,1.35295,1.353085
1788512700,1.35309,1.353095,1.352875,1.35302
1788513000,1.353025,1.353025,1.352745,1.3528
1788513300,1.352795,1.353015,1.352775,1.35295
1788513600,1.352945,1.35299,1.35265,1.35266
1788513900,1.352665,1.3527,1.352485,1.35267
1788514200,1.352675,1.3527,1.35224,1.352435
1788514500,1.35244,1.352715,1.352365,1.35266
1788514800,1.352665,1.35277,1.35224,1.352255
1788515100,1.35226,1.35268,1.35226,1.35267
1788515400,1.352665,1.352675,1.352245,1.35244
1788515700,1.352445,1.35266,1.352165,1.35229
1788516000,1.352295,1.35252,1.352195,1.352355
1788516300,1.35235,1.352555,1.35222,1.352535
1788516600,1.35253,1.352555,1.352335,1.352465
1788516900,1.35247,1.352775,1.35246,1.35269
1788517200,1.352685,1.352705,1.35249,1.3526
1788517500,1.35261,1.35293,1.352385,1.35262
1788517800,1.352625,1.35298,1.352565,1.352795
1788518100,1.3528,1.35292,1.35264,1.35284
1788518400,1.352835,1.353165,1.352775,1.353145
1788518700,1.35314,1.35345,1.35312,1.35333
1788519000,1.353335,1.353525,1.353225,1.353365
1788519300,1.35336,1.353375,1.35311,1.353145
1788519600,1.35315,1.353415,1.35315,1.353355
1788519900,1.35336,1.353405,1.353215,1.353325
1788520200,1.35332,1.35364,1.353265,1.35358
1788520500,1.353565,1.35367,1.353425,1.353645
1788520800,1.35365,1.35387,1.353625,1.35371
1788521100,1.353705,1.35371,1.35349,1.35364
1788521400,1.353635,1.353645,1.3534,1.35347
1788521700,1.353475,1.35363,1.353425,1.35344
1788522000,1.353445,1.35352,1.3532,1.35343
1788522300,1.353425,1.353655,1.35337,1.353465
1788522600,1.353455,1.35372,1.3533,1.353435
1788522900,1.35343,1.353595,1.353225,1.35323
1788523200,1.353225,1.353645,1.353215,1.353465
1788523500,1.35346,1.353545,1.35294,1.35306
1788523800,1.35307,1.35321,1.35268,1.35296
1788524100,1.352955,1.353265,1.35291,1.35296
1788524400,1.352955,1.353115,1.352845,1.35293
1788524700,1.35292,1.35331,1.352875,1.3532
1788525000,1.353215,1.353295,1.348195,1.34962
1788525300,1.349615,1.35031,1.349405,1.34977
1788525600,1.349765,1.349975,1.34935,1.34979
1788525900,1.349785,1.350205,1.34886,1.35007
1788526200,1.350065,1.350555,1.349785,1.34997
1788526500,1.349975,1.35044,1.349745,1.35039
1788526800,1.350395,1.35046,1.34979,1.349795
1788527100,1.3498,1.350015,1.349585,1.3496
1788527400,1.34959,1.350135,1.34948,1.34996
1788527700,1.349965,1.35074,1.349875,1.35068
1788528000,1.350685,1.351125,1.35065,1.35107
1788528300,1.351075,1.35155,1.351065,1.35143
1788528600,1.351435,1.35175,1.35114,1.35139
1788528900,1.351385,1.351485,1.35079,1.350855
1788529200,1.350865,1.351365,1.350855,1.351215
1788529500,1.35122,1.35244,1.35122,1.352225
1788529800,1.352235,1.35231,1.35104,1.35117
1788530100,1.351165,1.351195,1.35033,1.35056
1788530400,1.350555,1.35099,1.35053,1.35084
1788530700,1.350845,1.351325,1.35076,1.351095
1788531000,1.35109,1.351135,1.350635,1.35109
1788531300,1.35108,1.35137,1.3508,1.351325
1788531600,1.35132,1.351455,1.351025,1.351055
1788531900,1.35106,1.351445,1.35105,1.351185
1788532200,1.35119,1.35181,1.351155,1.351675
1788532500,1.35167,1.351875,1.351385,1.351765
1788532800,1.35176,1.352265,1.351675,1.352085
1788533100,1.352085,1.35237,1.351805,1.35197
1788533400,1.351975,1.351985,1.35133,1.351575
1788533700,1.35157,1.351995,1.35127,1.351435
1788534000,1.35144,1.351645,1.351025,1.351505
1788534300,1.3515,1.35177,1.35142,1.35161
1788534600,1.35161,1.35194,1.351555,1.3519
1788534900,1.35189,1.35237,1.35179,1.35235
1788535200,1.352345,1.352385,1.352025,1.352135
1788535500,1.35214,1.352275,1.352005,1.35207
1788535800,1.352075,1.35233,1.351965,1.352025
1788536100,1.35202,1.35237,1.35202,1.352245
1788536400,1.35224,1.352525,1.35208,1.35218
1788536700,1.352185,1.3525,1.35207,1.35249
1788537000,1.352485,1.352505,1.35195,1.351955
1788537300,1.35195,1.352255,1.35195,1.35203
1788537600,1.352035,1.352315,1.35201,1.352295
1788537900,1.35229,1.35236,1.352,1.35215
1788538200,1.35216,1.352425,1.351935,1.352365
1788538500,1.35237,1.352475,1.3521,1.35219
1788538800,1.352195,1.352405,1.351915,1.35194
1788539100,1.351945,1.352025,1.351775,1.35184
1788539400,1.351845,1.35219,1.351785,1.352165
1788539700,1.352165,1.35226,1.35195,1.35197
1788540000,1.351965,1.351995,1.351805,1.35199
1788540300,1.351995,1.35216,1.35193,1.35209
1788540600,1.35209,1.352175,1.35201,1.352015
1788540900,1.35201,1.3521,1.351815,1.352
1788541200,1.351995,1.352005,1.35125,1.35126
1788541500,1.351265,1.35156,1.351215,1.35147
1788541800,1.351475,1.35158,1.351435,1.35154
1788542100,1.351545,1.35177,1.35154,1.35159
1788542400,1.351585,1.351755,1.351455,1.3516
1788542700,1.351605,1.351645,1.35139,1.351425
1788543000,1.351435,1.3516,1.351435,1.35157
1788543300,1.351565,1.35162,1.35138,1.3515
1788543600,1.3515,1.351505,1.351275,1.35129
1788543900,1.3513,1.35135,1.351165,1.3512
1788544200,1.35119,1.35139,1.351175,1.35137
1788544500,1.351365,1.35142,1.351265,1.351355
1788544800,1.35136,1.35144,1.351225,1.351375
1788545100,1.35138,1.351465,1.35117,1.35129
1788545400,1.35129,1.35145,1.35127,1.351345
1788545700,1.35136,1.35136,1.351205,1.35126
1788546000,1.351265,1.35136,1.35115,1.351265
1788546300,1.35126,1.351385,1.35121,1.351275
1788546600,1.35128,1.351345,1.35124,1.35131
1788546900,1.351315,1.35132,1.35111,1.351175
1788547200,1.35118,1.351375,1.35117,1.35122
1788547500,1.351225,1.35124,1.35107,1.351195
1788547800,1.351195,1.351225,1.351155,1.35118
1788548100,1.351185,1.351415,1.351175,1.35137
1788548400,1.351365,1.351555,1.351325,1.35152
1788548700,1.351525,1.35164,1.35151,1.3516
1788549000,1.3516,1.35163,1.35151,1.35156
1788549300,1.35156,1.35172,1.35156,1.35168
1788549600,1.351675,1.35186,1.351605,1.351765
1788549900,1.35177,1.351895,1.35173,1.35185
1788550200,1.351855,1.35205,1.3518,1.35198
1788550500,1.351975,1.352015,1.35189,1.35199
1788550800,1.351995,1.352175,1.351945,1.352165
1788551100,1.35217,1.35217,1.351975,1.35199
1788551400,1.351995,1.352095,1.351965,1.35198
1788551700,1.351985,1.35203,1.35182,1.35189
1788552000,1.351885,1.35197,1.35176,1.35186
1788552300,1.35186,1.35187,1.351525,1.351545
1788552600,1.35155,1.351585,1.35146,1.35158
1788552900,1.351575,1.351595,1.351555,1.35159
1788553200,1.351595,1.35167,1.351575,1.351615
1788553500,1.35162,1.35183,1.351585,1.351725
1788553800,1.351715,1.351735,1.351515,1.35153
1788554100,1.351525,1.351545,1.35148,1.351545
1788554400,1.351555,1.35158,1.35151,1.35154
1788554700,1.351535,1.351575,1.351425,1.35147
1788555000,1.351475,1.35156,1.351365,1.351485
1788555300,1.35148,1.351925,1.35144,1.351515
1788728400,1.351515,1.352375,1.351515,1.35228
1788728700,1.35228,1.35228,1.3518,1.351825
1788729000,1.35182,1.35182,1.35178,1.35178
1788729300,1.35178,1.352035,1.35167,1.35167
1788729600,1.35167,1.352095,1.351535,1.35166
1788729900,1.351675,1.35184,1.351495,1.35184
1788730200,1.35184,1.35188,1.35154,1.35188
1788730500,1.35188,1.352025,1.351775,1.352005
1788730800,1.352005,1.352005,1.351705,1.35192
1788731100,1.351925,1.35195,1.351675,1.351705
1788731400,1.351705,1.35177,1.35169,1.35171
1788731700,1.35171,1.35199,1.35168,1.35179
1788732000,1.35181,1.35189,1.351435,1.35157
1788732300,1.351565,1.35164,1.35148,1.351605
1788732600,1.351605,1.351605,1.35149,1.351585
1788732900,1.351595,1.351655,1.35158,1.351595
1788733200,1.3516,1.351605,1.35156,1.351595
1788733500,1.351595,1.35161,1.351565,1.351565
1788733800,1.35157,1.35157,1.351505,1.35154
1788734100,1.35154,1.35155,1.351465,1.351485
1788734400,1.351485,1.351535,1.351465,1.351515
1788734700,1.351515,1.351695,1.351505,1.35168
1788735000,1.35168,1.351695,1.35159,1.351595
1788735300,1.35161,1.351635,1.35158,1.351625
1788735600,1.35162,1.351745,1.35158,1.351705
1788735900,1.351705,1.35178,1.351705,1.351755
1788736200,1.351745,1.35188,1.351675,1.351845
1788736500,1.351845,1.35187,1.351845,1.351845
1788736800,1.351845,1.351865,1.35178,1.35178
1788737100,1.35178,1.35187,1.35177,1.351845
1788737400,1.35184,1.35199,1.35177,1.35198
1788737700,1.351975,1.35199,1.35187,1.35197
1788738000,1.35197,1.351975,1.35189,1.351965
1788738300,1.351965,1.351985,1.351735,1.35175
1788738600,1.351745,1.35186,1.351645,1.35185
1788738900,1.351855,1.351875,1.35165,1.35169
1788739200,1.351695,1.35178,1.35158,1.351715
1788739500,1.35172,1.351855,1.351545,1.35162
1788739800,1.351615,1.35192,1.35161,1.351845
1788740100,1.35185,1.352065,1.351805,1.35189
1788740400,1.351895,1.35193,1.351655,1.35182
1788740700,1.351815,1.35213,1.351815,1.352035
1788741000,1.35204,1.35213,1.351935,1.35195
1788741300,1.351955,1.35213,1.351895,1.352075
1788741600,1.352075,1.35221,1.352035,1.35213
1788741900,1.35213,1.35217,1.35204,1.352125
1788742200,1.35213,1.352175,1.35196,1.352065
1788742500,1.352065,1.35207,1.351845,1.35201
1788742800,1.352005,1.352045,1.351695,1.351715
1788743100,1.351715,1.35193,1.351615,1.351635
1788743400,1.35163,1.35178,1.35156,1.35169
1788743700,1.351695,1.351765,1.351265,1.35135
1788744000,1.35135,1.351625,1.351315,1.35146
1788744300,1.35145,1.35174,1.351445,1.351655
1788744600,1.35165,1.351685,1.35143,1.35145
1788744900,1.351445,1.35158,1.35142,1.351545
1788745200,1.351545,1.35157,1.35126,1.351385
1788745500,1.35139,1.35146,1.351265,1.351405
1788745800,1.35141,1.351565,1.35139,1.351445
1788746100,1.35144,1.35144,1.35118,1.35125
1788746400,1.351255,1.35127,1.35104,1.35111
1788746700,1.351105,1.35112,1.350845,1.350875
1788747000,1.350875,1.350905,1.35073,1.35074
1788747300,1.350735,1.350845,1.35067,1.35083
1788747600,1.35083,1.35086,1.35065,1.35086
1788747900,1.350855,1.350905,1.35075,1.35087
1788748200,1.350875,1.35097,1.35084,1.35094
1788748500,1.35094,1.35098,1.35088,1.3509
1788748800,1.3509,1.350915,1.350635,1.35065
1788749100,1.35065,1.35078,1.350605,1.35073
1788749400,1.35073,1.350745,1.35064,1.350665
1788749700,1.35066,1.350745,1.35055,1.350715
1788750000,1.350725,1.350935,1.350685,1.350925
1788750300,1.35092,1.35094,1.35078,1.3508
1788750600,1.350795,1.35089,1.350745,1.35089
1788750900,1.350885,1.351085,1.350855,1.351065
1788751200,1.35106,1.35125,1.351045,1.351195
1788751500,1.3512,1.35125,1.35117,1.35123
1788751800,1.351235,1.351245,1.35092,1.35095
1788752100,1.350945,1.350985,1.35085,1.350865
1788752400,1.35087,1.350965,1.350775,1.35084
1788752700,1.350845,1.350895,1.350835,1.35085
1788753000,1.35085,1.350875,1.350785,1.35084
1788753300,1.350845,1.35113,1.35084,1.351115
1788753600,1.351105,1.351165,1.35096,1.351
1788753900,1.351,1.35113,1.350975,1.35109
1788754200,1.351085,1.351125,1.35104,1.351095
1788754500,1.351085,1.35111,1.35098,1.351005
1788754800,1.35101,1.351055,1.3509,1.350995
1788755100,1.35099,1.35105,1.350955,1.35099
1788755400,1.350985,1.35102,1.35093,1.35101
1788755700,1.35102,1.35103,1.350845,1.350875
1788756000,1.35087,1.35099,1.35082,1.35095
1788756300,1.35095,1.351135,1.35094,1.351085
1788756600,1.351085,1.351185,1.35106,1.35113
1788756900,1.351135,1.35125,1.35113,1.3512
1788757200,1.351195,1.351275,1.35112,1.35125
1788757500,1.351255,1.35126,1.35108,1.35112
1788757800,1.35112,1.351245,1.35109,1.35109
1788758100,1.35109,1.35113,1.35104,1.35108
1788758400,1.35108,1.35112,1.351025,1.351095
1788758700,1.35109,1.35129,1.350985,1.351245
1788759000,1.35125,1.3513,1.35114,1.351275
1788759300,1.35127,1.351425,1.351265,1.35141
1788759600,1.351405,1.351425,1.3513,1.351385
1788759900,1.35138,1.351485,1.35137,1.351445
1788760200,1.351445,1.35161,1.351365,1.351485
1788760500,1.351475,1.35194,1.351445,1.35188
1788760800,1.351885,1.35189,1.35136,1.35158
1788761100,1.351585,1.35179,1.351525,1.35171
1788761400,1.351725,1.35179,1.351605,1.35173
1788761700,1.35172,1.352085,1.351635,1.35207
1788762000,1.352075,1.35258,1.35198,1.35258
1788762300,1.352575,1.352665,1.352405,1.3526
1788762600,1.352595,1.353135,1.352545,1.353075
1788762900,1.35307,1.353085,1.352645,1.35299
1788763200,1.352995,1.353065,1.35282,1.35285
1788763500,1.352845,1.352955,1.35271,1.35275
1788763800,1.352755,1.352815,1.352715,1.35273
1788764100,1.352725,1.35276,1.352555,1.352615
1788764400,1.35262,1.352865,1.3524,1.352825
1788764700,1.35282,1.35284,1.35244,1.35245
1788765000,1.352455,1.3525,1.35221,1.352375
1788765300,1.35237,1.352495,1.352305,1.352315
1788765600,1.35232,1.35247,1.3523,1.352435
1788765900,1.352435,1.35266,1.352365,1.352485
1788766200,1.35248,1.352765,1.35248,1.3527
1788766500,1.352695,1.352695,1.35234,1.35244
1788766800,1.35244,1.352605,1.35224,1.3526
1788767100,1.352605,1.35282,1.35256,1.35277
1788767400,1.352775,1.353035,1.35268,1.35292
1788767700,1.35291,1.353385,1.35291,1.35327
1788768000,1.353275,1.353375,1.353025,1.35319
1788768300,1.353185,1.35376,1.353055,1.35353
1788768600,1.353525,1.35402,1.35349,1.353835
1788768900,1.35383,1.354265,1.35358,1.354175
1788769200,1.35417,1.35451,1.353955,1.35397
1788769500,1.353975,1.35441,1.35397,1.35415
1788769800,1.354145,1.3544,1.35408,1.35433
1788770100,1.354325,1.35439,1.35377,1.35379
1788770400,1.353785,1.353845,1.353475,1.353495
1788770700,1.35349,1.35366,1.35331,1.353365
1788771000,1.35336,1.353465,1.35318,1.353445
1788771300,1.35345,1.35359,1.353185,1.353565
1788771600,1.35357,1.35366,1.353375,1.35348
1788771900,1.353475,1.353645,1.35327,1.35361
1788772200,1.353625,1.35364,1.353405,1.35359
1788772500,1.353595,1.353795,1.353585,1.3537
1788772800,1.353705,1.353875,1.35358,1.353855
1788773100,1.35385,1.354065,1.353755,1.35396
1788773400,1.353955,1.354375,1.353875,1.354185
1788773700,1.354185,1.354265,1.35407,1.354175
1788774000,1.35418,1.35418,1.353655,1.35369
1788774300,1.35368,1.3539,1.353675,1.35378
1788774600,1.35378,1.35378,1.353345,1.353545
1788774900,1.35355,1.35367,1.35351,1.35358
1788775200,1.353585,1.35369,1.353535,1.3536
1788775500,1.353595,1.35363,1.35335,1.353435
1788775800,1.35343,1.35356,1.35337,1.35341
1788776100,1.3534,1.3538,1.353345,1.35379
1788776400,1.35379,1.35388,1.35357,1.353815
1788776700,1.35382,1.35382,1.353535,1.353555
1788777000,1.35356,1.353685,1.35348,1.3535
1788777300,1.353495,1.353645,1.35344,1.353645
1788777600,1.35364,1.35397,1.35362,1.353905
1788777900,1.353905,1.354065,1.35388,1.35391
1788778200,1.353905,1.354095,1.35388,1.353955
1788778500,1.353965,1.35398,1.3536,1.353865
1788778800,1.35387,1.35394,1.35366,1.35376
1788779100,1.353755,1.354005,1.353755,1.353785
1788779400,1.35378,1.35381,1.35348,1.353615
1788779700,1.35361,1.35373,1.353485,1.35356
1788780000,1.353565,1.35372,1.35355,1.35367
1788780300,1.353665,1.3537,1.353545,1.3536
1788780600,1.353595,1.353625,1.353405,1.353475
1788780900,1.353475,1.353735,1.35341,1.35369
1788781200,1.353685,1.35371,1.35355,1.35361
1788781500,1.353605,1.35375,1.35351,1.353675
1788781800,1.35368,1.35374,1.3534,1.35341
1788782100,1.353405,1.353465,1.35317,1.35321
1788782400,1.353205,1.353315,1.35295,1.352965
1788782700,1.35296,1.353335,1.35296,1.35307
1788783000,1.353075,1.35311,1.352925,1.35301
1788783300,1.353005,1.35327,1.352915,1.353225
1788783600,1.35322,1.35346,1.353105,1.35337
1788783900,1.35337,1.353565,1.35328,1.353565
1788784200,1.35356,1.35373,1.3535,1.353655
1788784500,1.353655,1.35386,1.35352,1.35373
1788784800,1.353725,1.353885,1.35364,1.353875
1788785100,1.35387,1.353895,1.353655,1.3538
1788785400,1.353805,1.35393,1.35343,1.35351
1788785700,1.353505,1.35377,1.35349,1.35375
1788786000,1.353755,1.353985,1.353715,1.353775
1788786300,1.35378,1.353785,1.35359,1.353745
1788786600,1.35375,1.35395,1.35372,1.3539
1788786900,1.3539,1.353915,1.353555,1.35366
1788787200,1.353655,1.3539,1.353635,1.35379
1788787500,1.353795,1.3538,1.353635,1.353665
1788787800,1.35366,1.353855,1.353565,1.353745
1788788100,1.35375,1.353805,1.353595,1.353645
1788788400,1.35365,1.35381,1.35365,1.35375
1788788700,1.35376,1.354015,1.3537,1.35377
1788789000,1.353765,1.353975,1.35374,1.353845
1788789300,1.35384,1.353895,1.35375,1.353885
1788789600,1.35388,1.35401,1.353675,1.353695
1788789900,1.3537,1.35382,1.35363,1.35381
1788790200,1.35382,1.35418,1.353785,1.35401
1788790500,1.354005,1.354285,1.35394,1.35417
1788790800,1.354175,1.35419,1.353845,1.35409
1788791100,1.354095,1.354175,1.353925,1.353945
1788791400,1.35395,1.35396,1.35381,1.35382
1788791700,1.353825,1.35417,1.353825,1.3541
1788792000,1.354105,1.354145,1.353915,1.35395
1788792300,1.35395,1.35404,1.35382,1.35396
1788792600,1.353965,1.35426,1.35393,1.35408
1788792900,1.354095,1.354615,1.35402,1.35457
1788793200,1.354575,1.354725,1.35439,1.35455
1788793500,1.354555,1.354575,1.354135,1.35439
1788793800,1.354385,1.354425,1.354235,1.354315
1788794100,1.35431,1.35434,1.35413,1.354175
1788794400,1.35418,1.35435,1.35413,1.35429
1788794700,1.35428,1.354465,1.35424,1.354325
1788795000,1.354325,1.354375,1.35413,1.354155
1788795300,1.35416,1.35426,1.35415,1.35425
1788795600,1.35425,1.35428,1.35406,1.35421
1788795900,1.354215,1.354215,1.3541,1.354175
1788796200,1.35418,1.354185,1.35397,1.35397
1788796500,1.35397,1.35407,1.35393,1.35397
1788796800,1.353975,1.35402,1.353855,1.35398
1788797100,1.35398,1.35418,1.35398,1.35417
1788797400,1.35417,1.354185,1.35406,1.354165
1788797700,1.35416,1.35418,1.354055,1.35406
1788798000,1.354065,1.3541,1.35404,1.35406
1788798300,1.35406,1.354315,1.354025,1.354295
1788798600,1.35429,1.354445,1.35429,1.35443
1788798900,1.354435,1.3545,1.354415,1.35447
1788799200,1.35447,1.354605,1.354465,1.35459
1788799500,1.35459,1.354705,1.35459,1.354685
1788799800,1.354695,1.354755,1.354645,1.35466
1788800100,1.35466,1.35469,1.354605,1.354665
1788800400,1.35466,1.35466,1.354405,1.35441
1788800700,1.35442,1.35447,1.35439,1.3544
1788801000,1.3544,1.35445,1.35435,1.354435
1788801300,1.35444,1.354445,1.35426,1.354265
1788801600,1.354265,1.35431,1.35424,1.35424
1788801900,1.35424,1.35433,1.35424,1.35428
1788802200,1.354275,1.3543,1.354275,1.35429
1788802500,1.35429,1.3543,1.35426,1.354285
1788802800,1.35428,1.35429,1.354225,1.35429
1788803100,1.35429,1.35429,1.35417,1.354175
1788803400,1.354175,1.35419,1.354175,1.354185
1788803700,1.354185,1.35428,1.35417,1.35426
1788804000,1.35426,1.35429,1.35425,1.354265
1788804300,1.354265,1.354275,1.354155,1.35418
1788804600,1.35418,1.35419,1.35417,1.35417
1788804900,1.35417,1.35418,1.354165,1.35417
1788805200,1.35417,1.354175,1.354155,1.354155
1788805500,1.354155,1.354155,1.35406,1.354075
1788805800,1.35408,1.35417,1.35406,1.354165
1788806100,1.35417,1.35421,1.354135,1.35419
1788806400,1.35419,1.35422,1.35419,1.35419
1788806700,1.35419,1.3542,1.35409,1.354135
1788807000,1.354135,1.35415,1.354065,1.354065
1788807300,1.354065,1.35417,1.35406,1.35416
1788807600,1.354165,1.35417,1.35413,1.354155
1788807900,1.354155,1.35417,1.35406,1.35406
1788808200,1.35406,1.354125,1.35406,1.354075
1788808500,1.354075,1.3541,1.35402,1.354055
1788808800,1.354055,1.354055,1.353955,1.354015
1788809100,1.354015,1.354045,1.354015,1.354015
1788809400,1.35401,1.354015,1.3539,1.353955
1788809700,1.353955,1.353975,1.35389,1.353955
1788810000,1.353955,1.35397,1.35394,1.353945
1788810300,1.353945,1.35399,1.35394,1.35399
1788810600,1.35399,1.35399,1.35395,1.35398
1788810900,1.35398,1.35401,1.35398,1.353995
1788811200,1.353985,1.354005,1.35396,1.354005
1788811500,1.353995,1.353995,1.353985,1.353985
1788811800,1.353985,1.353995,1.353985,1.35399
1788812100,1.35399,1.354095,1.35399,1.35408
1788812400,1.35408,1.354085,1.354065,1.354065
1788812700,1.354075,1.35408,1.35407,1.35407
1788813000,1.354065,1.35407,1.354055,1.35407
1788813300,1.35407,1.35408,1.354045,1.35407
1788813600,1.35407,1.35413,1.354065,1.35409
1788813900,1.354085,1.354105,1.354085,1.3541
1788814200,1.354095,1.354145,1.35406,1.35407
1788814500,1.354065,1.3541,1.354065,1.35409
1788814800,1.35409,1.35409,1.35409,1.35409
1788815100,1.35409,1.35431,1.35399,1.3541
1788815400,1.3541,1.35418,1.353915,1.35399
1788815700,1.354015,1.354285,1.35386,1.354285
1788816000,1.35424,1.354285,1.35418,1.35421
1788816300,1.354215,1.35432,1.35413,1.354205
1788816600,1.35418,1.354475,1.35401,1.354315
1788816900,1.354315,1.35439,1.354125,1.354185
1788817200,1.354185,1.35428,1.354125,1.354235
1788817500,1.35423,1.354265,1.35417,1.354225
1788817800,1.354225,1.354265,1.354215,1.35422
1788818100,1.35422,1.354425,1.35422,1.354235
1788818400,1.35422,1.35441,1.35407,1.35422
1788818700,1.35422,1.35422,1.354105,1.35417
1788819000,1.354145,1.35426,1.354115,1.354225
1788819300,1.354225,1.35433,1.354225,1.354325
1788819600,1.354325,1.35433,1.354135,1.354255
1788819900,1.35426,1.35435,1.3542,1.354325
1788820200,1.35433,1.354355,1.354215,1.354235
1788820500,1.354235,1.354255,1.354125,1.35417
1788820800,1.354175,1.35418,1.354135,1.35416
1788821100,1.354165,1.354225,1.354115,1.354185
1788821400,1.354185,1.354265,1.354175,1.354245
1788821700,1.35425,1.354325,1.35423,1.35428
1788822000,1.35428,1.35439,1.35428,1.354375
1788822300,1.354375,1.354485,1.35431,1.354465
1788822600,1.354465,1.35458,1.354405,1.354575
1788822900,1.354575,1.35474,1.3544,1.354735
1788823200,1.35473,1.354765,1.35462,1.354645
1788823500,1.35464,1.3547,1.354535,1.35467
1788823800,1.354675,1.354765,1.354575,1.354665
1788824100,1.354665,1.354775,1.35459,1.354685
1788824400,1.35469,1.35488,1.35464,1.35487
1788824700,1.354875,1.354885,1.354805,1.35486
1788825000,1.35486,1.35486,1.3545,1.354525
1788825300,1.354515,1.35473,1.354515,1.354675
1788825600,1.35468,1.354895,1.354535,1.354565
1788825900,1.35457,1.35461,1.35445,1.354485
1788826200,1.35448,1.35449,1.35412,1.354135
1788826500,1.35413,1.35433,1.35407,1.35427
1788826800,1.354265,1.354445,1.35418,1.35424
1788827100,1.354235,1.354515,1.354235,1.35446
1788827400,1.354465,1.35459,1.35438,1.354435
1788827700,1.354435,1.354505,1.354335,1.35437
1788828000,1.354375,1.35453,1.35427,1.354295
1788828300,1.35429,1.354425,1.35423,1.35442
1788828600,1.354425,1.354535,1.35434,1.35449
1788828900,1.354485,1.354485,1.35426,1.35426
1788829200,1.35427,1.3544,1.354085,1.354135
1788829500,1.35413,1.354475,1.35412,1.35444
1788829800,1.354445,1.354475,1.35428,1.354375
1788830100,1.35437,1.354675,1.354355,1.354465
1788830400,1.35446,1.35478,1.35438,1.35477
1788830700,1.354775,1.354985,1.35469,1.354755
1788831000,1.35475,1.35476,1.35452,1.35453
1788831300,1.354535,1.35465,1.354425,1.35443
1788831600,1.354435,1.35464,1.354335,1.354565
1788831900,1.35457,1.35466,1.35453,1.354565
1788832200,1.35456,1.354605,1.35439,1.35457
1788832500,1.354565,1.354835,1.354535,1.354835
1788832800,1.35484,1.3549,1.354565,1.354635
1788833100,1.354625,1.354685,1.354435,1.354465
1788833400,1.35446,1.35452,1.3542,1.35428
1788833700,1.354285,1.354535,1.35427,1.35433
1788834000,1.35433,1.354575,1.35425,1.35438
1788834300,1.354375,1.35445,1.353885,1.354045
1788834600,1.35405,1.354085,1.353775,1.353795
1788834900,1.3538,1.35381,1.35349,1.3536
1788835200,1.353595,1.35375,1.353565,1.35374
1788835500,1.35374,1.35377,1.353555,1.353565
1788835800,1.35357,1.35369,1.35341,1.35347
1788836100,1.35347,1.353525,1.35342,1.35343
1788836400,1.353425,1.35349,1.353355,1.35349
1788836700,1.353505,1.35366,1.353475,1.353555
1788837000,1.35356,1.35363,1.35346,1.35361
1788837300,1.3536,1.35381,1.353545,1.35377
1788837600,1.35377,1.35386,1.35368,1.35375
1788837900,1.353755,1.35386,1.35374,1.35378
1788838200,1.35378,1.353865,1.35358,1.353675
1788838500,1.35368,1.353785,1.35363,1.353755
1788838800,1.353755,1.35393,1.35373,1.35391
1788839100,1.35391,1.354045,1.35384,1.35403
1788839400,1.35403,1.35403,1.353645,1.353745
1788839700,1.353745,1.353825,1.35364,1.353765
1788840000,1.353775,1.35388,1.353665,1.35378
1788840300,1.353785,1.35386,1.35367,1.35371
1788840600,1.353715,1.35383,1.35367,1.353685
1788840900,1.35369,1.35369,1.3536,1.35366
1788841200,1.353665,1.353885,1.35356,1.353875
1788841500,1.35387,1.353875,1.35364,1.353675
1788841800,1.35368,1.353775,1.353635,1.353665
1788842100,1.353665,1.353685,1.35357,1.35368
1788842400,1.35368,1.35384,1.353675,1.353835
1788842700,1.35384,1.35389,1.35377,1.353825
1788843000,1.35383,1.35389,1.35374,1.35386
1788843300,1.35385,1.35401,1.35381,1.35397
1788843600,1.35397,1.35407,1.35395,1.35404
1788843900,1.35404,1.35408,1.353965,1.354
1788844200,1.35401,1.35407,1.35396,1.35397
1788844500,1.353965,1.35419,1.353965,1.35408
1788844800,1.35408,1.35411,1.35379,1.35383
1788845100,1.35383,1.35389,1.353735,1.353735
1788845400,1.35374,1.35392,1.353675,1.35391
1788845700,1.353925,1.353995,1.35384,1.353865
1788846000,1.35387,1.35409,1.35383,1.354065
1788846300,1.35406,1.354085,1.353845,1.35399
1788846600,1.353985,1.35409,1.35387,1.353875
1788846900,1.35388,1.354385,1.353875,1.354365
1788847200,1.35436,1.355175,1.35432,1.355175
1788847500,1.35517,1.355275,1.354645,1.35473
1788847800,1.354725,1.354745,1.354315,1.35453
1788848100,1.35451,1.354535,1.35392,1.353945
1788848400,1.35393,1.353955,1.35355,1.35386
1788848700,1.353865,1.35395,1.35368,1.35372
1788849000,1.353715,1.35396,1.35363,1.35367
1788849300,1.353665,1.353895,1.353515,1.35379
1788849600,1.35379,1.354195,1.35379,1.35403
1788849900,1.35403,1.35407,1.35384,1.35402
1788850200,1.35401,1.354065,1.353755,1.353925
1788850500,1.35392,1.35397,1.35365,1.353675
1788850800,1.35367,1.35401,1.353435,1.353955
1788851100,1.35395,1.35419,1.353835,1.35396
1788851400,1.35394,1.35409,1.353755,1.353955
1788851700,1.35396,1.35398,1.35365,1.35389
1788852000,1.353895,1.35398,1.353345,1.35336
1788852300,1.35336,1.3536,1.353295,1.35348
1788852600,1.353475,1.35385,1.35342,1.35344
1788852900,1.353435,1.353555,1.35314,1.353165
1788853200,1.35317,1.35317,1.35262,1.352955
1788853500,1.35296,1.35322,1.35278,1.35298
1788853800,1.35298,1.35329,1.35288,1.352975
1788854100,1.35298,1.353155,1.35291,1.353145
1788854400,1.35314,1.353385,1.352995,1.353375
1788854700,1.35337,1.35357,1.352785,1.352785
1788855000,1.35279,1.35307,1.352535,1.352535
1788855300,1.35254,1.352585,1.352205,1.35258
1788855600,1.35257,1.35281,1.352435,1.35279
1788855900,1.352795,1.35309,1.35279,1.352895
1788856200,1.3529,1.353285,1.35283,1.353155
1788856500,1.35315,1.353155,1.35288,1.35311
1788856800,1.353115,1.353115,1.35269,1.352695
1788857100,1.35269,1.35304,1.352525,1.35276
1788857400,1.352765,1.35288,1.35244,1.352655
1788857700,1.35265,1.35266,1.352275,1.352555
1788858000,1.35255,1.352765,1.35236,1.35268
1788858300,1.35268,1.353085,1.35244,1.352455
1788858600,1.352465,1.35256,1.35229,1.352505
1788858900,1.3525,1.352615,1.352345,1.35239
1788859200,1.35239,1.35259,1.35233,1.35246
1788859500,1.352455,1.352605,1.35242,1.35255
1788859800,1.35254,1.352855,1.3525,1.35261
1788860100,1.3526,1.352995,1.352595,1.35297
1788860400,1.352965,1.35342,1.352775,1.352875
1788860700,1.35288,1.352995,1.35265,1.35282
1788861000,1.352825,1.353005,1.35263,1.35266
1788861300,1.352665,1.353185,1.35265,1.35305
1788861600,1.353045,1.35305,1.35252,1.352555
1788861900,1.35255,1.352915,1.352515,1.352795
1788862200,1.35279,1.353075,1.35267,1.35289
1788862500,1.35289,1.353045,1.35283,1.352975
1788862800,1.35298,1.35385,1.352875,1.352885
1788863100,1.35289,1.35299,1.35278,1.35296
1788863400,1.352965,1.352975,1.35247,1.35255
1788863700,1.352555,1.352575,1.35223,1.35225
1788864000,1.352245,1.352405,1.35215,1.35228
1788864300,1.352275,1.35261,1.352275,1.35257
1788864600,1.352565,1.35282,1.35255,1.35268
1788864900,1.35267,1.35297,1.352605,1.352775
1788865200,1.35278,1.352875,1.35249,1.35257
1788865500,1.352565,1.353,1.352415,1.35262
1788865800,1.352615,1.35264,1.35224,1.35247
1788866100,1.352475,1.3531,1.35238,1.353085
1788866400,1.353075,1.353445,1.352965,1.35344
1788866700,1.35344,1.35362,1.3533,1.353555
1788867000,1.35355,1.35392,1.353485,1.35386
1788867300,1.353855,1.35429,1.353805,1.354035
1788867600,1.35403,1.354085,1.35361,1.353715
1788867900,1.35372,1.35389,1.35353,1.35385
1788868200,1.353855,1.35394,1.353365,1.35358
1788868500,1.353595,1.35459,1.35356,1.354485
1788868800,1.35449,1.35456,1.35424,1.354465
1788869100,1.354475,1.35477,1.354425,1.354605
1788869400,1.3546,1.354695,1.354415,1.35454
1788869700,1.35454,1.35474,1.3542,1.354725
1788870000,1.35473,1.354845,1.3545,1.354745
1788870300,1.35474,1.35517,1.354625,1.35514
1788870600,1.355135,1.355205,1.35473,1.355145
1788870900,1.35514,1.355285,1.35499,1.35514
1788871200,1.35515,1.35524,1.354795,1.355055
1788871500,1.35505,1.35547,1.35487,1.355445
1788871800,1.35544,1.355535,1.355205,1.35542
1788872100,1.35543,1.35555,1.355255,1.35541
1788872400,1.355415,1.355545,1.35511,1.355275
1788872700,1.35527,1.35582,1.35525,1.35568
1788873000,1.355685,1.356,1.35559,1.355635
1788873300,1.35563,1.35579,1.355485,1.355725
1788873600,1.35572,1.3562,1.35572,1.35591
1788873900,1.355905,1.356045,1.35538,1.35543
1788874200,1.35542,1.35558,1.35525,1.355255
1788874500,1.35525,1.355585,1.355,1.355525
1788874800,1.355525,1.355525,1.35522,1.355235
1788875100,1.35523,1.35527,1.354745,1.355025
1788875400,1.35503,1.35533,1.354835,1.355185
1788875700,1.35519,1.355295,1.354965,1.355175
1788876000,1.35517,1.355355,1.354915,1.35507
1788876300,1.355075,1.355235,1.354765,1.354775
1788876600,1.35477,1.35477,1.354245,1.354345
1788876900,1.35435,1.35474,1.35434,1.35466
1788877200,1.354655,1.355195,1.35453,1.35516
1788877500,1.35517,1.355385,1.355045,1.35527
1788877800,1.355275,1.355535,1.355245,1.355475
1788878100,1.35547,1.35566,1.355255,1.35534
1788878400,1.35533,1.35556,1.35519,1.35546
1788878700,1.355455,1.35565,1.3552,1.355345
1788879000,1.35534,1.3555,1.354925,1.3551
1788879300,1.355105,1.35529,1.354775,1.35529
1788879600,1.355285,1.355295,1.35484,1.35509
1788879900,1.355085,1.355205,1.354975,1.355185
1788880200,1.35519,1.35548,1.35493,1.35495
1788880500,1.35496,1.355185,1.354725,1.35495
1788880800,1.354955,1.354975,1.35462,1.35484
1788881100,1.354835,1.355105,1.35465,1.354675
1788881400,1.35468,1.35485,1.354145,1.35422
1788881700,1.354225,1.35428,1.354115,1.35427
1788882000,1.354265,1.354355,1.35413,1.35419
1788882300,1.354195,1.3542,1.3539,1.35407
1788882600,1.354075,1.35426,1.35396,1.35413
1788882900,1.35413,1.35426,1.354035,1.35405
1788883200,1.354045,1.35416,1.353925,1.354155
1788883500,1.354155,1.35416,1.3536,1.35364
1788883800,1.35365,1.35368,1.35332,1.35344
1788884100,1.353445,1.353605,1.353295,1.353365
1788884400,1.35337,1.353535,1.353285,1.35347
1788884700,1.353465,1.35357,1.35333,1.35347
1788885000,1.353465,1.35362,1.3534,1.353555
1788885300,1.35355,1.35363,1.35329,1.353385
1788885600,1.35338,1.353445,1.35309,1.353185
1788885900,1.35319,1.35328,1.353045,1.353275
1788886200,1.353275,1.35365,1.35326,1.35339
1788886500,1.353395,1.35365,1.353155,1.35365
1788886800,1.353645,1.35397,1.353615,1.353835
1788887100,1.35383,1.35393,1.353725,1.35375
1788887400,1.353755,1.353875,1.35375,1.35378
1788887700,1.353775,1.35394,1.35375,1.35381
1788888000,1.353805,1.353805,1.353595,1.35379
1788888300,1.353785,1.353805,1.353585,1.35379
1788888600,1.353795,1.353885,1.35371,1.353745
1788888900,1.35375,1.353795,1.353635,1.35371
1788889200,1.353705,1.353705,1.353645,1.35368
1788889500,1.353675,1.353815,1.35367,1.353785
1788889800,1.353785,1.35424,1.353785,1.354035
1788890100,1.35404,1.3542,1.35397,1.35418
1788890400,1.35417,1.35428,1.35412,1.35425
1788890700,1.35425,1.3543,1.35403,1.354145
1788891000,1.35415,1.35426,1.354135,1.35415
1788891300,1.35415,1.354175,1.35395,1.354035
1788891600,1.35404,1.354345,1.354035,1.354325
1788891900,1.35433,1.354485,1.354265,1.354475
1788892200,1.35448,1.354685,1.354435,1.354675
1788892500,1.35467,1.354795,1.354635,1.354775
1788892800,1.35477,1.35498,1.35476,1.354955
1788893100,1.35496,1.355065,1.35388,1.35393
1788893400,1.353935,1.35455,1.35393,1.354515
1788893700,1.354525,1.354765,1.354355,1.354655
1788894000,1.35466,1.35476,1.35454,1.35466
1788894300,1.354665,1.354725,1.354345,1.35435
1788894600,1.35435,1.354485,1.35425,1.35437
1788894900,1.354365,1.354455,1.35426,1.35435
1788895200,1.354345,1.354455,1.35416,1.35416
1788895500,1.354155,1.354315,1.35414,1.35419
1788895800,1.354195,1.35434,1.354075,1.35416
1788896100,1.354165,1.35427,1.35409,1.35418
1788896400,1.354185,1.354285,1.35417,1.354275
1788896700,1.35428,1.354285,1.354135,1.354155
1788897000,1.35416,1.35418,1.353825,1.353865
1788897300,1.353875,1.35404,1.35377,1.353955
1788897600,1.35395,1.35417,1.35394,1.354055
1788897900,1.354055,1.35406,1.35378,1.35385
1788898200,1.35385,1.35388,1.353765,1.35386
1788898500,1.35386,1.353975,1.353855,1.35396
1788898800,1.353955,1.354195,1.353955,1.35406
1788899100,1.35407,1.35407,1.353725,1.35382
1788899400,1.353825,1.354065,1.353735,1.35404
1788899700,1.35404,1.354175,1.35404,1.354175
1788900000,1.354175,1.354175,1.354035,1.3541
1788900300,1.354095,1.354095,1.35392,1.35393
1788900600,1.353935,1.354135,1.353935,1.3541
1788900900,1.354095,1.3541,1.353945,1.353995
1788901200,1.353995,1.35417,1.353655,1.353655
1788901500,1.35366,1.353965,1.353615,1.35365
1788901800,1.35365,1.353725,1.353595,1.353645
1788902100,1.353645,1.35365,1.353545,1.35361
1788902400,1.35361,1.353665,1.35359,1.353625
1788902700,1.353625,1.35369,1.353605,1.35368
1788903000,1.353645,1.353695,1.353495,1.35368
1788903300,1.35368,1.353745,1.35357,1.35361
1788903600,1.35361,1.35368,1.35361,1.353645
1788903900,1.353645,1.353645,1.353565,1.353625
1788904200,1.353625,1.35376,1.353575,1.353615
1788904500,1.353615,1.35368,1.353575,1.35361
1788904800,1.35379,1.35406,1.35375,1.35406
1788905100,1.35406,1.3541,1.353955,1.354045
1788905400,1.354045,1.35409,1.35402,1.354075
1788905700,1.354075,1.354155,1.354055,1.354145
1788906000,1.354155,1.35417,1.354055,1.354135
1788906300,1.354135,1.354195,1.354115,1.354195
1788906600,1.35419,1.35423,1.35407,1.35407
1788906900,1.35407,1.354085,1.354045,1.354075
1788907200,1.354075,1.354085,1.354015,1.35405
1788907500,1.35404,1.354125,1.35404,1.354125
1788907800,1.354125,1.354155,1.354055,1.354065
1788908100,1.354065,1.35413,1.354045,1.354065
1788908400,1.354065,1.354185,1.35404,1.35405
1788908700,1.35405,1.354205,1.35404,1.35416
1788909000,1.354165,1.35417,1.354095,1.35416
1788909300,1.35416,1.35423,1.354145,1.354175
1788909600,1.354175,1.354185,1.354065,1.354165
1788909900,1.354165,1.35418,1.35412,1.35418
1788910200,1.354175,1.354225,1.354045,1.354045
1788910500,1.354045,1.354135,1.35403,1.354135
1788910800,1.354135,1.35431,1.354135,1.35424
1788911100,1.35425,1.354425,1.35419,1.354385
1788911400,1.35439,1.35439,1.35419,1.35427
1788911700,1.35427,1.354385,1.35423,1.354365
1788912000,1.354355,1.35475,1.354355,1.354735
1788912300,1.35474,1.354745,1.354505,1.354565
1788912600,1.35455,1.3547,1.35451,1.354605
1788912900,1.3546,1.354725,1.35452,1.35466
1788913200,1.354655,1.35466,1.354485,1.354515
1788913500,1.35452,1.354665,1.354475,1.35466
1788913800,1.354665,1.354665,1.35443,1.35447
1788914100,1.354475,1.35451,1.35433,1.35449
1788914400,1.35448,1.35452,1.354395,1.35449
1788914700,1.354485,1.35458,1.354425,1.35457
1788915000,1.354575,1.35475,1.35451,1.354615
1788915300,1.354625,1.354795,1.35453,1.354795
1788915600,1.35479,1.35482,1.35431,1.354365
1788915900,1.35437,1.35456,1.354295,1.354555
1788916200,1.35456,1.354665,1.354525,1.35466
1788916500,1.354665,1.354765,1.3545,1.354565
1788916800,1.35457,1.354575,1.35429,1.354355
1788917100,1.35435,1.35439,1.35428,1.354355
1788917400,1.354355,1.354365,1.35417,1.35427
1788917700,1.35427,1.35431,1.354165,1.35426
1788918000,1.354255,1.35436,1.35419,1.35421
1788918300,1.35421,1.35444,1.354195,1.354275
1788918600,1.35428,1.35448,1.354265,1.35446
1788918900,1.35446,1.354655,1.354435,1.35461
1788919200,1.354605,1.354605,1.3543,1.35434
1788919500,1.35434,1.35437,1.354195,1.35434
1788919800,1.354345,1.35447,1.35425,1.35434
1788920100,1.354335,1.35441,1.35425,1.354385
1788920400,1.35439,1.35439,1.35417,1.354265
1788920700,1.35426,1.354275,1.354145,1.354195
1788921000,1.3542,1.35436,1.354155,1.35427
1788921300,1.354265,1.3543,1.354165,1.35426
1788921600,1.35426,1.35441,1.35424,1.35438
1788921900,1.354375,1.354655,1.35437,1.35455
1788922200,1.354545,1.354645,1.35446,1.354555
1788922500,1.354555,1.35471,1.35446,1.35468
1788922800,1.354685,1.354695,1.354565,1.354585
1788923100,1.354585,1.35469,1.354475,1.35455
1788923400,1.354555,1.35473,1.35452,1.354565
1788923700,1.354565,1.354575,1.354435,1.35455
1788924000,1.35455,1.35455,1.354455,1.35451
1788924300,1.354515,1.35463,1.354495,1.35451
1788924600,1.354505,1.354575,1.35438,1.35456
1788924900,1.354565,1.35473,1.354555,1.3547
1788925200,1.354695,1.35477,1.354665,1.35474
1788925500,1.35474,1.354835,1.35474,1.354805
1788925800,1.354815,1.354865,1.35464,1.35466
1788926100,1.35466,1.35467,1.354465,1.354495
1788926400,1.3545,1.354685,1.35445,1.35467
1788926700,1.354665,1.354675,1.35458,1.35466
1788927000,1.354665,1.35469,1.354565,1.35465
1788927300,1.35465,1.35467,1.35456,1.35466
1788927600,1.35466,1.35476,1.35454,1.354675
1788927900,1.35467,1.354915,1.35467,1.35481
1788928200,1.35481,1.354885,1.35474,1.354755
1788928500,1.35475,1.35482,1.35472,1.35474
1788928800,1.354735,1.354775,1.354655,1.354755
1788929100,1.354765,1.35483,1.35469,1.354765
1788929400,1.35476,1.35488,1.35472,1.35483
1788929700,1.35483,1.35507,1.35483,1.35504
1788930000,1.35503,1.355095,1.3549,1.35508
1788930300,1.35508,1.355235,1.35506,1.355235
1788930600,1.35523,1.35528,1.355095,1.355155
1788930900,1.355155,1.355225,1.355025,1.355225
1788931200,1.35523,1.35528,1.355135,1.35526
1788931500,1.35527,1.355465,1.355195,1.355365
1788931800,1.35537,1.35546,1.355175,1.35526
1788932100,1.35525,1.35527,1.355095,1.35522
1788932400,1.355225,1.35524,1.35503,1.35504
1788932700,1.355035,1.355035,1.354825,1.35496
1788933000,1.35495,1.35516,1.354845,1.355155
1788933300,1.35516,1.355315,1.3551,1.355165
1788933600,1.35517,1.35566,1.35517,1.355625
1788933900,1.35562,1.355665,1.3553,1.35534
1788934200,1.35534,1.35574,1.35528,1.355655
1788934500,1.35566,1.356275,1.35564,1.356245
1788934800,1.35625,1.356265,1.35582,1.35595
1788935100,1.355955,1.355965,1.35577,1.355845
1788935400,1.35585,1.35616,1.355725,1.35612
1788935700,1.356125,1.35619,1.355985,1.356055
1788936000,1.35605,1.356055,1.35561,1.35565
1788936300,1.355645,1.355915,1.35558,1.355845
1788936600,1.35584,1.35586,1.35567,1.355855
1788936900,1.35585,1.35599,1.35584,1.35592
1788937200,1.355925,1.356125,1.35588,1.35592
1788937500,1.355915,1.35622,1.355885,1.356175
1788937800,1.35618,1.35671,1.35617,1.35656
1788938100,1.356565,1.356795,1.35647,1.356475
1788938400,1.35648,1.35649,1.356105,1.35614
1788938700,1.356145,1.35617,1.35591,1.35613
1788939000,1.356125,1.35627,1.355825,1.35593
1788939300,1.355925,1.35629,1.35591,1.35627
1788939600,1.356275,1.35638,1.35622,1.35635
1788939900,1.356355,1.356525,1.35612,1.35621
1788940200,1.356205,1.356245,1.35563,1.35571
1788940500,1.355715,1.35597,1.355665,1.3559
1788940800,1.35591,1.355935,1.355205,1.355215
1788941100,1.35521,1.355215,1.35462,1.354645
1788941400,1.35465,1.35497,1.3546,1.354915
1788941700,1.35491,1.355175,1.35467,1.355045
1788942000,1.35504,1.355155,1.35465,1.35471
1788942300,1.354715,1.35479,1.354455,1.354625
1788942600,1.35462,1.35479,1.354555,1.354735
1788942900,1.35474,1.354745,1.35446,1.35454
1788943200,1.354545,1.354575,1.3543,1.354465
1788943500,1.354465,1.354695,1.35444,1.35447
1788943800,1.354465,1.35456,1.35433,1.35438
1788944100,1.354385,1.35453,1.354195,1.354265
1788944400,1.35426,1.354445,1.35412,1.35432
1788944700,1.354325,1.354425,1.354205,1.354385
1788945000,1.354375,1.354385,1.354075,1.354255
1788945300,1.35426,1.35453,1.354235,1.3545
1788945600,1.3545,1.3547,1.354385,1.35466
1788945900,1.354655,1.35485,1.35462,1.354735
1788946200,1.354735,1.354745,1.35429,1.354305
1788946500,1.35431,1.3545,1.354115,1.354445
1788946800,1.354445,1.35454,1.354265,1.354285
1788947100,1.35429,1.354355,1.35393,1.35398
1788947400,1.35397,1.354045,1.35351,1.353575
1788947700,1.35358,1.35367,1.353225,1.35328
1788948000,1.353275,1.35344,1.35303,1.353325
1788948300,1.35333,1.35353,1.35332,1.353495
1788948600,1.35349,1.353725,1.353165,1.35326
1788948900,1.353255,1.353435,1.35305,1.35342
1788949200,1.353425,1.353635,1.35342,1.353465
1788949500,1.35347,1.353705,1.353435,1.353595
1788949800,1.3536,1.35387,1.35342,1.35385
1788950100,1.353855,1.354185,1.35378,1.35404
1788950400,1.354045,1.3541,1.35384,1.353895
1788950700,1.35389,1.35417,1.353825,1.354135
1788951000,1.354145,1.35421,1.35372,1.353795
1788951300,1.3538,1.35386,1.35342,1.353635
1788951600,1.35364,1.35384,1.353505,1.353775
1788951900,1.35377,1.35403,1.353715,1.35401
1788952200,1.354005,1.35402,1.35381,1.35389
1788952500,1.3539,1.35495,1.35389,1.354815
1788952800,1.35482,1.355355,1.354755,1.35529
1788953100,1.355285,1.356465,1.355255,1.356455
1788953400,1.35646,1.356585,1.355755,1.35633
1788953700,1.356335,1.35637,1.355935,1.356085
1788954000,1.35609,1.35623,1.355745,1.35584
1788954300,1.355845,1.35661,1.355745,1.35637
1788954600,1.35636,1.35664,1.35577,1.35581
1788954900,1.3558,1.356135,1.3557,1.356105
1788955200,1.35611,1.35644,1.35601,1.35611
1788955500,1.356115,1.356485,1.355995,1.356475
1788955800,1.35648,1.35662,1.35609,1.356125
1788956100,1.35612,1.35619,1.35574,1.35608
1788956400,1.356095,1.356135,1.35566,1.35574
1788956700,1.355735,1.355795,1.35551,1.355515
1788957000,1.35552,1.355555,1.355305,1.35545
1788957300,1.355445,1.35567,1.355275,1.355325
1788957600,1.355335,1.355365,1.35514,1.355165
1788957900,1.35517,1.355645,1.354985,1.355015
1788958200,1.35502,1.35502,1.35475,1.354835
1788958500,1.35484,1.355095,1.354755,1.35509
1788958800,1.3551,1.355565,1.355,1.35544
1788959100,1.355445,1.35559,1.355355,1.355525
1788959400,1.35552,1.35578,1.355415,1.35567
1788959700,1.35566,1.355665,1.355125,1.355235
1788960000,1.35524,1.35528,1.35492,1.35517
1788960300,1.35517,1.355355,1.355025,1.355215
1788960600,1.35521,1.35581,1.355175,1.35564
1788960900,1.355645,1.35574,1.35535,1.35535
1788961200,1.355355,1.35597,1.355165,1.35593
1788961500,1.355935,1.356165,1.35585,1.355965
1788961800,1.355975,1.35612,1.355495,1.355525
1788962100,1.35553,1.35603,1.35553,1.35581
1788962400,1.355815,1.35606,1.35566,1.3559
1788962700,1.355905,1.35619,1.355905,1.356155
1788963000,1.35615,1.356395,1.35594,1.356245
1788963300,1.35625,1.35627,1.35583,1.356055
1788963600,1.35606,1.35629,1.35576,1.35583
1788963900,1.355835,1.35627,1.35583,1.35625
1788964200,1.356255,1.356255,1.35585,1.35604
1788964500,1.356035,1.35627,1.35592,1.35615
1788964800,1.356145,1.356155,1.35586,1.35591
1788965100,1.355925,1.356115,1.35585,1.35597
1788965400,1.355975,1.35624,1.35595,1.35614
1788965700,1.356145,1.356295,1.35594,1.35624
1788966000,1.356245,1.35651,1.35481,1.354935
1788966300,1.35493,1.355025,1.35445,1.35468
1788966600,1.354675,1.35468,1.353885,1.3541
1788966900,1.354105,1.354355,1.353635,1.35386
1788967200,1.353855,1.35416,1.35344,1.35354
1788967500,1.353545,1.354595,1.35354,1.354545
1788967800,1.35456,1.354685,1.354135,1.35468
1788968100,1.35467,1.35549,1.354655,1.35542
1788968400,1.35541,1.35545,1.354945,1.354965
1788968700,1.35497,1.355085,1.35455,1.354725
1788969000,1.35473,1.35512,1.35473,1.35486
1788969300,1.354865,1.35493,1.354635,1.354695
1788969600,1.35469,1.355455,1.354675,1.35544
1788969900,1.355435,1.35554,1.35471,1.35475
1788970200,1.354745,1.35494,1.35469,1.354845
1788970500,1.35485,1.35488,1.354495,1.35464
1788970800,1.354645,1.354835,1.35456,1.35481
1788971100,1.354815,1.35496,1.35457,1.35467
1788971400,1.354675,1.354905,1.35463,1.354875
1788971700,1.35488,1.355005,1.35466,1.35485
1788972000,1.354845,1.35508,1.354825,1.355035
1788972300,1.35503,1.35538,1.35502,1.355325
1788972600,1.355325,1.355575,1.35527,1.35535
1788972900,1.355345,1.35535,1.355105,1.35516
1788973200,1.355165,1.35562,1.35511,1.35559
1788973500,1.35559,1.35584,1.35558,1.355655
1788973800,1.35566,1.35577,1.35563,1.35566
1788974100,1.355665,1.355865,1.35562,1.35577
1788974400,1.355765,1.355995,1.355765,1.355985
1788974700,1.35598,1.356075,1.35593,1.355975
1788975000,1.35598,1.35605,1.355845,1.35596
1788975300,1.355955,1.355955,1.355635,1.35567
1788975600,1.355675,1.35603,1.355675,1.35596
1788975900,1.355955,1.35601,1.355795,1.355825
1788976200,1.35582,1.355855,1.35575,1.355805
1788976500,1.35581,1.35595,1.355805,1.35586
1788976800,1.355865,1.35598,1.3558,1.35595
1788977100,1.35595,1.355965,1.35574,1.35578
1788977400,1.355775,1.35591,1.355745,1.355825
1788977700,1.35583,1.35583,1.35549,1.35553
1788978000,1.35553,1.355665,1.355435,1.35557
1788978300,1.355575,1.35566,1.35545,1.3555
1788978600,1.3555,1.35551,1.35526,1.355345
1788978900,1.35534,1.35536,1.355205,1.35525
1788979200,1.355245,1.35532,1.35496,1.355015
1788979500,1.355015,1.35504,1.354735,1.35475
1788979800,1.354755,1.35476,1.354525,1.35456
1788980100,1.35455,1.35463,1.35445,1.35455
1788980400,1.354555,1.354665,1.35424,1.354265
1788980700,1.35426,1.354415,1.354165,1.3543
1788981000,1.354305,1.354345,1.35417,1.354255
1788981300,1.35426,1.354435,1.354225,1.35439
1788981600,1.354395,1.35451,1.35433,1.354345
1788981900,1.354345,1.35436,1.35422,1.35425
1788982200,1.354245,1.35437,1.35418,1.35434
1788982500,1.354345,1.35438,1.354235,1.354375
1788982800,1.354375,1.35452,1.35436,1.3545
1788983100,1.354505,1.35476,1.354505,1.354665
1788983400,1.35466,1.354665,1.354475,1.35463
1788983700,1.354625,1.35465,1.35442,1.35458
1788984000,1.35459,1.3546,1.354395,1.35442
1788984300,1.354405,1.354455,1.35431,1.35435
1788984600,1.35435,1.354425,1.354345,1.354375
1788984900,1.354375,1.354375,1.35415,1.35417
1788985200,1.35417,1.35431,1.354155,1.35431
1788985500,1.354315,1.35449,1.35431,1.35446
1788985800,1.35447,1.35459,1.354465,1.354545
1788986100,1.35455,1.35466,1.35455,1.35457
1788986400,1.354565,1.354645,1.354565,1.354615
1788986700,1.35462,1.35466,1.354575,1.35466
1788987000,1.354655,1.35477,1.354635,1.354735
1788987300,1.354725,1.354785,1.35458,1.35465
1788987600,1.35465,1.35522,1.35427,1.35459
1788987900,1.354575,1.35534,1.354235,1.355165
1788988200,1.355095,1.35542,1.35461,1.355105
1788988500,1.35511,1.35537,1.354715,1.354745
1788988800,1.35489,1.355205,1.354635,1.354745
1788989100,1.354735,1.35513,1.354585,1.35481
1788989400,1.354735,1.355105,1.354605,1.35486
1788989700,1.35486,1.354915,1.354795,1.35484
1788990000,1.35484,1.354935,1.354715,1.35479
1788990300,1.354835,1.354935,1.35465,1.354845
1788990600,1.354825,1.354905,1.35464,1.35474
1788990900,1.35474,1.35494,1.354565,1.35494
1788991200,1.35497,1.354995,1.354665,1.35474
1788991500,1.354735,1.35488,1.3547,1.35487
1788991800,1.35487,1.355,1.35487,1.354955
1788992100,1.354965,1.35509,1.354955,1.355075
1788992400,1.355085,1.355225,1.355055,1.35514
1788992700,1.35514,1.35519,1.355135,1.355155
1788993000,1.35515,1.35517,1.35506,1.35507
1788993300,1.35507,1.355075,1.354975,1.354975
1788993600,1.354975,1.355175,1.354975,1.35514
1788993900,1.35514,1.355165,1.355095,1.35513
1788994200,1.355135,1.355165,1.35512,1.355145
1788994500,1.355145,1.355245,1.355075,1.355175
1788994800,1.355185,1.35525,1.35516,1.355165
1788995100,1.355165,1.35519,1.355135,1.35514
1788995400,1.355135,1.35526,1.355135,1.35526
1788995700,1.35526,1.35528,1.35524,1.35524
1788996000,1.35524,1.35524,1.355155,1.35516
1788996300,1.35516,1.35525,1.35513,1.35521
1788996600,1.35521,1.35527,1.355135,1.35515
1788996900,1.35515,1.35519,1.355135,1.355165
1788997200,1.355165,1.3552,1.35506,1.355185
1788997500,1.35518,1.35522,1.355055,1.35513
1788997800,1.355125,1.355155,1.35494,1.35495
1788998100,1.35495,1.35498,1.354855,1.354965
1788998400,1.35497,1.355025,1.35469,1.3547
1788998700,1.354705,1.354775,1.35458,1.35477
1788999000,1.35476,1.354935,1.354715,1.3548
1788999300,1.35479,1.354905,1.354735,1.35477
1788999600,1.354775,1.354905,1.35458,1.35462
1788999900,1.354625,1.354745,1.35453,1.35454
1789000200,1.35454,1.35465,1.35447,1.35454
1789000500,1.35454,1.354765,1.3545,1.354745
1789000800,1.35474,1.35479,1.35466,1.35477
1789001100,1.354765,1.35483,1.354665,1.35483
1789001400,1.354825,1.35498,1.35472,1.35482
1789001700,1.354825,1.354845,1.35454,1.35456
1789002000,1.35457,1.354755,1.354505,1.35466
1789002300,1.35466,1.35502,1.35464,1.35501
1789002600,1.355015,1.35505,1.35475,1.35498
1789002900,1.354975,1.355165,1.354905,1.355055
1789003200,1.35506,1.35508,1.35487,1.35489
1789003500,1.354895,1.3549,1.35471,1.35471
1789003800,1.354715,1.35485,1.35462,1.35484
1789004100,1.354845,1.35493,1.354775,1.354855
1789004400,1.35486,1.35496,1.354835,1.35494
1789004700,1.354935,1.355235,1.354895,1.35517
1789005000,1.355175,1.35557,1.35515,1.35549
1789005300,1.355485,1.355795,1.35548,1.355755
1789005600,1.35576,1.35603,1.355725,1.35584
1789005900,1.35584,1.355905,1.35577,1.355795
1789006200,1.355795,1.355795,1.355605,1.355655
1789006500,1.35566,1.35567,1.35545,1.35553
1789006800,1.355535,1.355615,1.35546,1.355485
1789007100,1.35549,1.355535,1.355435,1.35548
1789007400,1.35548,1.35548,1.355225,1.35529
1789007700,1.355285,1.355615,1.35524,1.355575
1789008000,1.355575,1.355675,1.355505,1.355525
1789008300,1.355525,1.35567,1.35546,1.355645
1789008600,1.355645,1.35582,1.355575,1.35578
1789008900,1.355775,1.35597,1.355665,1.355965
1789009200,1.35597,1.355995,1.35585,1.35587
1789009500,1.35586,1.35586,1.35547,1.355535
1789009800,1.355545,1.35562,1.355505,1.35552
1789010100,1.355515,1.355585,1.35546,1.355575
1789010400,1.355585,1.355585,1.355415,1.355525
1789010700,1.35552,1.35561,1.35548,1.35556
1789011000,1.355555,1.35561,1.35544,1.35554
1789011300,1.35554,1.355565,1.35545,1.35545
1789011600,1.35545,1.35546,1.355395,1.35545
1789011900,1.35545,1.35554,1.35541,1.355515
1789012200,1.35551,1.355535,1.35547,1.355515
1789012500,1.35552,1.35568,1.3555,1.355655
1789012800,1.35566,1.355695,1.355475,1.355555
1789013100,1.355555,1.35567,1.35551,1.355555
1789013400,1.35555,1.355735,1.35554,1.355655
1789013700,1.35565,1.35571,1.355635,1.35566
1789014000,1.355655,1.35567,1.355525,1.35553
1789014300,1.355535,1.355555,1.355465,1.355465
1789014600,1.355465,1.35562,1.355465,1.35557
1789014900,1.355565,1.35563,1.35553,1.3556
1789015200,1.35561,1.35564,1.355445,1.355455
1789015500,1.35545,1.355465,1.355385,1.355425
1789015800,1.355425,1.35543,1.35526,1.355265
1789016100,1.35527,1.355365,1.35524,1.355345
1789016400,1.35535,1.35551,1.355345,1.355375
1789016700,1.355375,1.3554,1.355205,1.35524
1789017000,1.355235,1.35539,1.35523,1.355375
1789017300,1.35538,1.35549,1.355345,1.35537
1789017600,1.35537,1.35545,1.355345,1.35543
1789017900,1.35543,1.35553,1.35535,1.35553
1789018200,1.355535,1.35565,1.355465,1.355625
1789018500,1.355625,1.35564,1.355315,1.35532
1789018800,1.35532,1.35545,1.355235,1.35526
1789019100,1.355255,1.35548,1.35525,1.355355
1789019400,1.35536,1.355625,1.35536,1.355615
1789019700,1.35561,1.355845,1.3556,1.35582
1789020000,1.355825,1.355955,1.3557,1.35577
1789020300,1.355765,1.35588,1.35568,1.355855
1789020600,1.35586,1.355885,1.35546,1.355485
1789020900,1.35548,1.35566,1.355435,1.35565
1789021200,1.355645,1.355705,1.355505,1.35563
1789021500,1.355625,1.35567,1.355535,1.355615
1789021800,1.35562,1.35568,1.35542,1.355645
1789022100,1.355635,1.35575,1.35562,1.35574
1789022400,1.355745,1.35578,1.355465,1.35552
1789022700,1.35553,1.35576,1.35553,1.35572
1789023000,1.355715,1.355755,1.35545,1.35574
1789023300,1.355745,1.355765,1.355625,1.35572
1789023600,1.355725,1.355735,1.355175,1.355215
1789023900,1.35522,1.355235,1.355105,1.355125
1789024200,1.35512,1.35534,1.355085,1.355325
1789024500,1.35532,1.35556,1.35524,1.35535
1789024800,1.35535,1.35547,1.35531,1.35546
1789025100,1.355455,1.35548,1.3552,1.355325
1789025400,1.35533,1.35566,1.35533,1.355535
1789025700,1.355535,1.35566,1.35527,1.35534
1789026000,1.355335,1.35556,1.355265,1.35553
1789026300,1.355535,1.355555,1.35519,1.355215
1789026600,1.35521,1.355615,1.355205,1.35561
1789026900,1.355615,1.355625,1.355255,1.355375
1789027200,1.355365,1.3554,1.354895,1.35491
1789027500,1.35492,1.355005,1.354745,1.354955
1789027800,1.354965,1.35502,1.354775,1.35486
1789028100,1.354855,1.355095,1.354825,1.355055
1789028400,1.35505,1.355115,1.354695,1.354745
1789028700,1.35474,1.35495,1.354695,1.35494
1789029000,1.354945,1.35501,1.35472,1.35498
1789029300,1.35498,1.35527,1.35498,1.355065
1789029600,1.355065,1.35513,1.355,1.35506
1789029900,1.35506,1.3553,1.355045,1.35513
1789030200,1.355135,1.355265,1.35502,1.355185
1789030500,1.35518,1.35568,1.354995,1.35567
1789030800,1.355665,1.355765,1.35526,1.355385
1789031100,1.35537,1.35564,1.35534,1.355385
1789031400,1.35538,1.35567,1.35537,1.35565
1789031700,1.355645,1.35568,1.35552,1.355565
1789032000,1.355555,1.35557,1.35517,1.355185
1789032300,1.35518,1.355215,1.354945,1.355015
1789032600,1.35502,1.35502,1.35462,1.35473
1789032900,1.354725,1.35473,1.35452,1.354525
1789033200,1.354515,1.354565,1.35416,1.35451
1789033500,1.354515,1.35459,1.3544,1.35453
1789033800,1.354525,1.354785,1.35433,1.3547
1789034100,1.354705,1.354975,1.35468,1.35494
1789034400,1.354945,1.355195,1.35481,1.35517
1789034700,1.35517,1.355295,1.355035,1.35522
1789035000,1.355215,1.35526,1.35494,1.35495
1789035300,1.354945,1.35512,1.35451,1.354535
1789035600,1.35453,1.35468,1.354355,1.35445
1789035900,1.354455,1.3545,1.354205,1.354225
1789036200,1.35423,1.354235,1.353965,1.354035
1789036500,1.35403,1.354035,1.353625,1.3538
1789036800,1.353805,1.35404,1.35369,1.35376
1789037100,1.35375,1.35388,1.3537,1.35383
1789037400,1.353835,1.35406,1.35373,1.35377
1789037700,1.353765,1.35433,1.35373,1.35393
1789038000,1.35392,1.35395,1.35365,1.353755
1789038300,1.35376,1.3538,1.353225,1.35324
1789038600,1.353245,1.353305,1.35295,1.353265
1789038900,1.35326,1.35343,1.353235,1.353425
1789039200,1.35343,1.353445,1.35312,1.35313
1789039500,1.353135,1.353525,1.353115,1.35317
1789039800,1.353175,1.35343,1.353125,1.35328
1789040100,1.353275,1.353565,1.353255,1.353535
1789040400,1.35354,1.353635,1.35307,1.353265
1789040700,1.35326,1.35345,1.353035,1.353435
1789041000,1.35344,1.353465,1.35305,1.35319
1789041300,1.353195,1.353195,1.3526,1.352875
1789041600,1.35287,1.35305,1.352335,1.352345
1789041900,1.35235,1.352405,1.35193,1.35197
1789042200,1.351975,1.3523,1.35188,1.352105
1789042500,1.35211,1.352135,1.35141,1.351815
1789042800,1.35182,1.35216,1.35174,1.35199
1789043100,1.351995,1.35234,1.35197,1.352275
1789043400,1.352285,1.352895,1.350285,1.35037
1789043700,1.350365,1.35071,1.34923,1.34946
1789044000,1.34945,1.350235,1.34913,1.35006
1789044300,1.35005,1.350995,1.350025,1.350925
1789044600,1.35092,1.35118,1.35054,1.35075
1789044900,1.35076,1.35111,1.35,1.35111
1789045200,1.351105,1.351195,1.350475,1.351015
1789045500,1.35102,1.35117,1.35018,1.3502
1789045800,1.350195,1.3504,1.34985,1.34993
1789046100,1.349935,1.35036,1.349795,1.349965
1789046400,1.34997,1.350565,1.34985,1.34996
1789046700,1.349955,1.35025,1.34963,1.350165
1789047000,1.35016,1.350885,1.34991,1.35075
1789047300,1.350745,1.351155,1.350735,1.35096
1789047600,1.350955,1.35174,1.350905,1.35152
1789047900,1.351515,1.352045,1.35149,1.35195
1789048200,1.35196,1.35197,1.35154,1.351545
1789048500,1.35155,1.351745,1.35141,1.35155
1789048800,1.351545,1.35202,1.351435,1.35192
1789049100,1.351915,1.352075,1.35156,1.35163
1789049400,1.35162,1.35169,1.35134,1.351525
1789049700,1.35152,1.3517,1.351275,1.351545
1789050000,1.35154,1.3522,1.351505,1.35212
1789050300,1.352115,1.35239,1.351495,1.351775
1789050600,1.35177,1.352085,1.351645,1.35197
1789050900,1.351965,1.35237,1.351965,1.35204
1789051200,1.352045,1.352545,1.352035,1.352285
1789051500,1.35228,1.352525,1.35228,1.35246
1789051800,1.352455,1.352565,1.35238,1.3524
1789052100,1.352405,1.35306,1.352285,1.35302
1789052400,1.353015,1.35307,1.35251,1.35288
1789052700,1.352875,1.35321,1.352845,1.35302
1789053000,1.35303,1.35345,1.35285,1.35285
1789053300,1.352855,1.35333,1.35275,1.352945
1789053600,1.35295,1.353285,1.352885,1.352955
1789053900,1.35296,1.352965,1.35269,1.35276
1789054200,1.352765,1.353075,1.352635,1.35305
1789054500,1.353045,1.35326,1.352965,1.35321
1789054800,1.353215,1.35326,1.35296,1.35315
1789055100,1.353145,1.353225,1.352625,1.352885
1789055400,1.35289,1.35335,1.35288,1.353075
1789055700,1.35308,1.35327,1.35297,1.353085
1789056000,1.35309,1.353215,1.35278,1.35278
1789056300,1.352785,1.352855,1.35248,1.35258
1789056600,1.352585,1.35283,1.35246,1.35272
1789056900,1.35271,1.35277,1.35253,1.35275
1789057200,1.352755,1.353145,1.352745,1.35314
1789057500,1.35315,1.353175,1.352945,1.353
1789057800,1.35298,1.353125,1.35248,1.35255
1789058100,1.352555,1.352655,1.352315,1.35235
1789058400,1.35235,1.35245,1.35222,1.3524
1789058700,1.352405,1.352515,1.352325,1.35233
1789059000,1.352335,1.352485,1.35231,1.352345
1789059300,1.35234,1.35245,1.35218,1.35234
1789059600,1.352345,1.35253,1.35197,1.352295
1789059900,1.3523,1.352395,1.352095,1.35232
1789060200,1.352315,1.352865,1.35227,1.35284
1789060500,1.35284,1.35286,1.35263,1.352745
1789060800,1.35274,1.353035,1.352715,1.35297
1789061100,1.352975,1.353055,1.352785,1.352925
1789061400,1.35293,1.352995,1.352755,1.35283
1789061700,1.352825,1.352875,1.352605,1.352635
1789062000,1.35264,1.3527,1.352435,1.352465
1789062300,1.352475,1.352485,1.35231,1.3524
1789062600,1.35239,1.35249,1.35231,1.35241
1789062900,1.352405,1.35241,1.35201,1.352095
1789063200,1.352095,1.352115,1.351745,1.351935
1789063500,1.35194,1.352025,1.351595,1.351625
1789063800,1.35162,1.35162,1.35116,1.35123
1789064100,1.351225,1.35142,1.35114,1.35137
1789064400,1.351375,1.35172,1.351375,1.35164
1789064700,1.351645,1.35169,1.351315,1.35153
1789065000,1.351535,1.351545,1.3511,1.35128
1789065300,1.351285,1.35141,1.35119,1.351255
1789065600,1.35126,1.35143,1.35123,1.351365
1789065900,1.35137,1.35137,1.35103,1.35113
1789066200,1.351125,1.35159,1.351075,1.35141
1789066500,1.3514,1.35151,1.35123,1.35135
1789066800,1.351345,1.35135,1.351005,1.35104
1789067100,1.351045,1.35129,1.35095,1.35123
1789067400,1.351225,1.35123,1.35074,1.35087
1789067700,1.35086,1.350975,1.350825,1.35096
1789068000,1.350955,1.35118,1.35095,1.35111
1789068300,1.351105,1.35116,1.350975,1.35107
1789068600,1.351085,1.35119,1.350945,1.35104
1789068900,1.351045,1.351115,1.350935,1.35097
1789069200,1.350965,1.35112,1.35095,1.351045
1789069500,1.35104,1.3511,1.35094,1.35109
1789069800,1.351085,1.351135,1.35093,1.35102
1789070100,1.35101,1.35105,1.35083,1.35095
1789070400,1.350955,1.350955,1.35079,1.35084
1789070700,1.35085,1.35096,1.35081,1.35084
1789071000,1.35085,1.350875,1.350825,1.35087
1789071300,1.350875,1.350885,1.350625,1.35066
1789071600,1.35066,1.35067,1.350455,1.350525
1789071900,1.35053,1.35062,1.35045,1.35061
1789072200,1.35063,1.35088,1.350615,1.35088
1789072500,1.35088,1.35108,1.35084,1.35098
1789072800,1.350985,1.351,1.35076,1.35076
1789073100,1.35076,1.35101,1.350755,1.35097
1789073400,1.350975,1.351085,1.35096,1.35104
1789073700,1.351045,1.35119,1.351035,1.35113
1789074000,1.35113,1.35113,1.35113,1.35113
1789074300,1.35113,1.35149,1.35103,1.35115
1789074600,1.35113,1.351195,1.350695,1.351025
1789074900,1.35097,1.3512,1.350745,1.35111
1789075200,1.35111,1.351185,1.350655,1.350785
1789075500,1.350785,1.35132,1.350615,1.3511
1789075800,1.351115,1.35131,1.35092,1.35118
1789076100,1.35118,1.351435,1.350885,1.35123
1789076400,1.35123,1.35134,1.350895,1.35127
1789076700,1.35133,1.351535,1.351325,1.35138
1789077000,1.351385,1.351585,1.35095,1.350985
1789077300,1.350985,1.351045,1.350935,1.351015
1789077600,1.351005,1.3514,1.350965,1.351075
1789077900,1.351075,1.351305,1.35107,1.351075
1789078200,1.35108,1.35112,1.350955,1.35111
1789078500,1.351115,1.35116,1.351075,1.351105
1789078800,1.351105,1.35127,1.35107,1.35118
1789079100,1.351185,1.351205,1.351085,1.351125
1789079400,1.35112,1.351185,1.351025,1.35117
1789079700,1.35117,1.35117,1.35108,1.351085
1789080000,1.35108,1.351195,1.351045,1.351115
1789080300,1.35111,1.351175,1.351095,1.35116
1789080600,1.351165,1.351225,1.35114,1.35118
1789080900,1.351185,1.351295,1.351125,1.35119
1789081200,1.351185,1.351265,1.351005,1.35101
1789081500,1.35101,1.35101,1.35092,1.35096
1789081800,1.35096,1.351025,1.35093,1.351015
1789082100,1.351015,1.3511,1.351,1.351085
1789082400,1.35108,1.351095,1.350905,1.350925
1789082700,1.350925,1.351,1.35089,1.35091
1789083000,1.350905,1.35101,1.35082,1.35093
1789083300,1.35093,1.350985,1.35087,1.350965
1789083600,1.35097,1.35101,1.35086,1.35101
1789083900,1.351015,1.351055,1.350885,1.35093
1789084200,1.35093,1.35101,1.35085,1.35091
1789084500,1.350905,1.35103,1.35087,1.35102
1789084800,1.351025,1.35144,1.350995,1.35121
1789085100,1.351205,1.35149,1.35117,1.351305
1789085400,1.35131,1.351325,1.3511,1.351185
1789085700,1.3512,1.351405,1.351135,1.351405
1789086000,1.3514,1.351425,1.35118,1.351205
1789086300,1.3512,1.35131,1.35109,1.35131
1789086600,1.351305,1.351425,1.351205,1.3514
1789086900,1.351405,1.351495,1.351385,1.351435
1789087200,1.35143,1.351465,1.3513,1.35139
1789087500,1.351395,1.35157,1.35137,1.35139
1789087800,1.351395,1.3515,1.351275,1.351285
1789088100,1.35129,1.35159,1.351275,1.35157
1789088400,1.35156,1.351645,1.351395,1.3516
1789088700,1.351605,1.351605,1.351445,1.351505
1789089000,1.3515,1.351575,1.35139,1.35147
1789089300,1.35147,1.35161,1.35142,1.351565
1789089600,1.35157,1.351575,1.351215,1.351235
1789089900,1.351245,1.35144,1.35124,1.351265
1789090200,1.35126,1.35132,1.351165,1.35121
1789090500,1.351215,1.35143,1.351215,1.351325
1789090800,1.35133,1.35133,1.3511,1.3512
1789091100,1.351195,1.351205,1.35085,1.3509
1789091400,1.350905,1.350955,1.35074,1.35076
1789091700,1.350755,1.35087,1.35068,1.35087
1789092000,1.350875,1.35089,1.35045,1.350575
1789092300,1.35057,1.350675,1.35045,1.350665
1789092600,1.35067,1.35083,1.35062,1.350695
1789092900,1.3507,1.350715,1.35051,1.35068
1789093200,1.350685,1.350705,1.350465,1.35049
1789093500,1.35048,1.35049,1.350215,1.35022
1789093800,1.350225,1.350275,1.350085,1.35015
1789094100,1.350155,1.35032,1.35006,1.350295
1789094400,1.350285,1.350435,1.350275,1.35028
1789094700,1.350285,1.35046,1.35027,1.350445
1789095000,1.35045,1.350505,1.350375,1.350395
1789095300,1.35039,1.350495,1.35036,1.350385
1789095600,1.35039,1.35045,1.350285,1.350295
1789095900,1.35029,1.3503,1.35001,1.35018
1789096200,1.350185,1.3503,1.35017,1.35029
1789096500,1.35029,1.35032,1.349995,1.35002
1789096800,1.35002,1.35009,1.34975,1.34976
1789097100,1.34976,1.34988,1.34973,1.349755
1789097400,1.34975,1.349825,1.349555,1.349595
1789097700,1.3496,1.349785,1.34958,1.3497
1789098000,1.349695,1.349905,1.349685,1.34981
1789098300,1.349815,1.34982,1.34964,1.349705
1789098600,1.3497,1.34988,1.349685,1.34987
1789098900,1.349875,1.35016,1.349875,1.34997
1789099200,1.34997,1.35022,1.349835,1.3502
1789099500,1.350205,1.35042,1.35016,1.350395
1789099800,1.3504,1.35066,1.350395,1.35051
1789100100,1.350505,1.350605,1.350475,1.35059
1789100400,1.35058,1.3507,1.350485,1.35049
1789100700,1.35049,1.350595,1.35046,1.350555
1789101000,1.35056,1.350645,1.35037,1.350375
1789101300,1.35037,1.35044,1.3503,1.35041
1789101600,1.35041,1.350495,1.350315,1.350485
1789101900,1.35049,1.35054,1.35032,1.35035
1789102200,1.350345,1.350495,1.35028,1.350305
1789102500,1.35031,1.35033,1.35027,1.35028
1789102800,1.35029,1.350485,1.350195,1.35034
1789103100,1.35034,1.350595,1.35034,1.350525
1789103400,1.35053,1.35072,1.35043,1.350695
1789103700,1.3507,1.350965,1.350695,1.35093
1789104000,1.350925,1.35099,1.35078,1.3509
1789104300,1.350895,1.3509,1.35063,1.35079
1789104600,1.350795,1.3511,1.350795,1.351035
1789104900,1.35103,1.35139,1.351025,1.351315
1789105200,1.35131,1.35142,1.35112,1.35133
1789105500,1.35133,1.3514,1.35112,1.351175
1789105800,1.35117,1.35137,1.35097,1.350995
1789106100,1.351,1.35125,1.351,1.351055
1789106400,1.35105,1.351935,1.351035,1.35141
1789106700,1.351405,1.35175,1.35132,1.351495
1789107000,1.351505,1.35244,1.351385,1.352315
1789107300,1.35232,1.35266,1.352145,1.35224
1789107600,1.35225,1.352315,1.352075,1.35217
1789107900,1.35218,1.352475,1.35212,1.35238
1789108200,1.352375,1.3526,1.351865,1.351905
1789108500,1.35191,1.352415,1.351865,1.35222
1789108800,1.352215,1.352325,1.352035,1.352315
1789109100,1.35232,1.352575,1.35226,1.35239
1789109400,1.352395,1.35256,1.352305,1.35255
1789109700,1.352555,1.35265,1.35236,1.352455
1789110000,1.35246,1.35261,1.351825,1.35197
1789110300,1.35196,1.3522,1.35192,1.352145
1789110600,1.35215,1.352375,1.35204,1.352065
1789110900,1.35206,1.35206,1.35181,1.35186
1789111200,1.351855,1.35239,1.351805,1.35236
1789111500,1.352355,1.35245,1.351965,1.35198
1789111800,1.351985,1.35219,1.35183,1.35191
1789112100,1.351915,1.352045,1.35184,1.352
1789112400,1.352,1.35208,1.351665,1.35171
1789112700,1.351715,1.35172,1.35137,1.35157
1789113000,1.351565,1.35174,1.351395,1.351575
1789113300,1.35158,1.35176,1.351405,1.35158
1789113600,1.351575,1.35164,1.351205,1.351275
1789113900,1.35128,1.351625,1.35117,1.3512
1789114200,1.351205,1.35157,1.35105,1.35132
1789114500,1.351315,1.351475,1.351105,1.35115
1789114800,1.351155,1.351745,1.35092,1.35144
1789115100,1.351435,1.35145,1.35097,1.350985
1789115400,1.35099,1.351195,1.35079,1.350825
1789115700,1.35083,1.35102,1.35068,1.35071
1789116000,1.35072,1.35113,1.35072,1.35101
1789116300,1.351005,1.35117,1.350805,1.35088
1789116600,1.350875,1.351035,1.35081,1.350915
1789116900,1.35092,1.350925,1.350535,1.350585
1789117200,1.35058,1.350975,1.35039,1.35041
1789117500,1.35041,1.35059,1.350075,1.350095
1789117800,1.35009,1.35036,1.34978,1.350295
1789118100,1.35029,1.35063,1.35021,1.35062
1789118400,1.350615,1.351105,1.3506,1.351095
1789118700,1.3511,1.351495,1.350885,1.3509
1789119000,1.350905,1.35092,1.350565,1.35064
1789119300,1.35065,1.35086,1.350475,1.3507
1789119600,1.35069,1.35083,1.350595,1.35082
1789119900,1.35083,1.35083,1.35065,1.350785
1789120200,1.35079,1.35098,1.35058,1.350585
1789120500,1.35059,1.3509,1.35036,1.35088
1789120800,1.350885,1.351325,1.350695,1.351185
1789121100,1.35119,1.351245,1.350775,1.35078
1789121400,1.350775,1.35097,1.350635,1.35097
1789121700,1.350965,1.35097,1.35061,1.350655
1789122000,1.35066,1.3507,1.350405,1.35061
1789122300,1.350615,1.350705,1.35046,1.350505
1789122600,1.35051,1.35062,1.35039,1.350475
1789122900,1.35048,1.35048,1.350255,1.350425
1789123200,1.35043,1.35043,1.350105,1.350315
1789123500,1.35031,1.35056,1.35018,1.35051
1789123800,1.350515,1.3506,1.350425,1.350485
1789124100,1.35049,1.350615,1.35039,1.350535
1789124400,1.35054,1.35082,1.350425,1.350785
1789124700,1.350785,1.351035,1.350715,1.350985
1789125000,1.35098,1.35099,1.3507,1.350885
1789125300,1.35089,1.35103,1.35066,1.350915
1789125600,1.350915,1.35094,1.35059,1.350615
1789125900,1.35061,1.35095,1.350575,1.35066
1789126200,1.350665,1.350805,1.350575,1.350645
1789126500,1.35065,1.350765,1.35046,1.35061
1789126800,1.35061,1.350835,1.35037,1.350635
1789127100,1.35063,1.35066,1.35035,1.350475
1789127400,1.35047,1.350815,1.35039,1.35049
1789127700,1.350485,1.350595,1.35018,1.350375
1789128000,1.35038,1.35092,1.35035,1.35086
1789128300,1.350865,1.351175,1.350805,1.350865
1789128600,1.35087,1.351185,1.35075,1.351125
1789128900,1.35113,1.35141,1.35097,1.351245
1789129200,1.351235,1.35144,1.35105,1.35127
1789129500,1.351265,1.35173,1.351075,1.351575
1789129800,1.35161,1.351815,1.34802,1.34962
1789130100,1.349625,1.350535,1.349625,1.35024
1789130400,1.350235,1.351055,1.35016,1.35084
1789130700,1.35085,1.351955,1.350835,1.351375
1789131000,1.35138,1.352285,1.351275,1.3518
1789131300,1.351805,1.352415,1.351735,1.352395
1789131600,1.35238,1.35294,1.35225,1.35257
1789131900,1.352565,1.352785,1.35173,1.35189
1789132200,1.351885,1.35236,1.35169,1.35216
1789132500,1.35215,1.3522,1.351365,1.35158
1789132800,1.351585,1.352095,1.351585,1.35188
1789133100,1.351875,1.35249,1.351675,1.352005
1789133400,1.352,1.35233,1.351665,1.3521
1789133700,1.352095,1.352375,1.351735,1.352065
1789134000,1.352065,1.3528,1.35166,1.351995
1789134300,1.352,1.35272,1.3519,1.35244
1789134600,1.352445,1.352725,1.35218,1.3527
1789134900,1.352705,1.353485,1.3525,1.35321
1789135200,1.353205,1.35338,1.35228,1.353095
1789135500,1.3531,1.353435,1.352985,1.35325
1789135800,1.35326,1.35337,1.35267,1.35267
1789136100,1.352675,1.35301,1.352615,1.352985
1789136400,1.35298,1.35304,1.352745,1.352975
1789136700,1.35297,1.352985,1.352425,1.352485
1789137000,1.35249,1.35268,1.35217,1.352505
1789137300,1.3525,1.352785,1.35232,1.3524
1789137600,1.352405,1.352745,1.35223,1.352425
1789137900,1.35243,1.35312,1.35242,1.352835
1789138200,1.35283,1.353015,1.35243,1.352615
1789138500,1.35261,1.353015,1.352555,1.35293
1789138800,1.35294,1.3531,1.352665,1.35281
1789139100,1.352805,1.35302,1.35246,1.35259
1789139400,1.352585,1.35268,1.35234,1.352555
1789139700,1.35255,1.35284,1.35246,1.35261
1789140000,1.352605,1.35281,1.352305,1.352365
1789140300,1.35237,1.352495,1.35228,1.352335
1789140600,1.35233,1.35238,1.35211,1.352245
1789140900,1.35225,1.352335,1.35194,1.35214
1789141200,1.352145,1.352235,1.351905,1.35208
1789141500,1.35207,1.35213,1.351775,1.35199
1789141800,1.351985,1.352005,1.35183,1.35193
1789142100,1.351935,1.35206,1.35183,1.352035
1789142400,1.35203,1.352385,1.352025,1.35234
1789142700,1.35235,1.35235,1.35212,1.352245
1789143000,1.35225,1.352365,1.35212,1.35212
1789143300,1.352125,1.352355,1.35207,1.35228
1789143600,1.352285,1.35247,1.352285,1.35236
1789143900,1.352365,1.35261,1.352165,1.352195
1789144200,1.3522,1.352495,1.352035,1.35237
1789144500,1.352375,1.352375,1.35201,1.35202
1789144800,1.352025,1.35224,1.35198,1.352145
1789145100,1.35215,1.352475,1.35211,1.352235
1789145400,1.35224,1.352245,1.35202,1.35217
1789145700,1.35218,1.352435,1.352165,1.352335
1789146000,1.35233,1.35234,1.35189,1.351925
1789146300,1.351925,1.35226,1.35173,1.351775
1789146600,1.35178,1.352035,1.35174,1.35198
1789146900,1.351985,1.35223,1.35194,1.352165
1789147200,1.35216,1.352305,1.35212,1.35227
1789147500,1.35227,1.352375,1.352185,1.35222
1789147800,1.35221,1.35243,1.35221,1.352365
1789148100,1.35236,1.35243,1.35225,1.35241
1789148400,1.352415,1.3525,1.352245,1.352415
1789148700,1.352425,1.352475,1.352255,1.352435
1789149000,1.352425,1.352675,1.35235,1.352665
1789149300,1.352675,1.352685,1.3523,1.35236
1789149600,1.352355,1.352775,1.3523,1.35276
1789149900,1.352755,1.3528,1.352645,1.352655
1789150200,1.35266,1.35274,1.352545,1.352585
1789150500,1.35259,1.35272,1.352535,1.35266
1789150800,1.352665,1.352685,1.352255,1.35256
1789151100,1.352555,1.3526,1.35241,1.35255
1789151400,1.352555,1.352585,1.35223,1.35228
1789151700,1.352275,1.352275,1.351945,1.351985
1789152000,1.351985,1.35218,1.35191,1.352065
1789152300,1.35206,1.352095,1.35196,1.35203
1789152600,1.35202,1.35226,1.352,1.352215
1789152900,1.35222,1.35246,1.35216,1.352455
1789153200,1.35246,1.352555,1.352315,1.35252
1789153500,1.35252,1.352605,1.35232,1.35257
1789153800,1.352565,1.35271,1.35249,1.352665
1789154100,1.352665,1.352835,1.352545,1.35257
1789154400,1.35257,1.35271,1.35253,1.352675
1789154700,1.352685,1.352695,1.3526,1.352605
1789155000,1.3526,1.352675,1.352505,1.352555
1789155300,1.352555,1.35266,1.352395,1.352455
1789155600,1.352455,1.35262,1.352435,1.352555
1789155900,1.352545,1.35262,1.352465,1.352485
1789156200,1.35249,1.35264,1.35241,1.352635
1789156500,1.35263,1.3528,1.35258,1.352655
1789156800,1.35266,1.352765,1.352635,1.352715
1789157100,1.352715,1.352865,1.352715,1.35286
1789157400,1.352855,1.352855,1.352575,1.35263
1789157700,1.35263,1.352655,1.352535,1.352655
1789158000,1.352655,1.35269,1.352605,1.35265
1789158300,1.352655,1.35271,1.35257,1.352605
1789158600,1.352615,1.35264,1.352255,1.352255
1789158900,1.352265,1.35237,1.352265,1.352335
1789159200,1.35234,1.35253,1.352305,1.352455
1789159500,1.35245,1.352555,1.352345,1.35245
1789159800,1.35246,1.35278,1.352435,1.352735
1789160100,1.352725,1.352785,1.35222,1.35247
1789333200,1.35247,1.3529,1.35247,1.35274
1789333500,1.35274,1.35274,1.35215,1.352595
1789333800,1.35246,1.352665,1.35191,1.35237
1789334100,1.35236,1.35264,1.35189,1.352205
1789334400,1.352205,1.35268,1.3519,1.352175
1789334700,1.352175,1.35273,1.352,1.352595
1789335000,1.352595,1.35293,1.352205,1.352435
1789335300,1.352335,1.35271,1.3523,1.35252
1789335600,1.35252,1.352645,1.35228,1.352525
1789335900,1.352525,1.352715,1.35227,1.35268
1789336200,1.35266,1.35271,1.35249,1.352595
1789336500,1.352595,1.352815,1.352125,1.35251
1789336800,1.352525,1.35275,1.352385,1.352565
1789337100,1.35259,1.352685,1.352205,1.352285
1789337400,1.352285,1.352435,1.352215,1.352235
1789337700,1.35232,1.352325,1.351955,1.35212
1789338000,1.352125,1.35215,1.3519,1.3519
1789338300,1.35193,1.35208,1.35185,1.35201
1789338600,1.35202,1.352195,1.3519,1.35214
1789338900,1.35214,1.352145,1.35196,1.351985
1789339200,1.351985,1.352195,1.35194,1.352195
1789339500,1.35219,1.35238,1.352175,1.35238
1789339800,1.352375,1.35238,1.352145,1.35222
1789340100,1.352215,1.3523,1.352135,1.352265
1789340400,1.35228,1.352345,1.352225,1.352275
1789340700,1.352275,1.35238,1.352255,1.35236
1789341000,1.35236,1.35248,1.352255,1.352265
1789341300,1.352265,1.3523,1.35206,1.3521
1789341600,1.3521,1.352135,1.35203,1.352095
1789341900,1.3521,1.352155,1.352025,1.35215
1789342200,1.352155,1.35226,1.35196,1.352175
1789342500,1.35218,1.352205,1.35197,1.35207
1789342800,1.352065,1.352245,1.352025,1.35215
1789343100,1.35214,1.352385,1.35206,1.35216
1789343400,1.35215,1.352345,1.352145,1.352215
1789343700,1.35221,1.352665,1.35215,1.35254
1789344000,1.352535,1.352645,1.35233,1.35247
1789344300,1.352475,1.35285,1.352465,1.35269
1789344600,1.35268,1.35272,1.35236,1.35252
1789344900,1.352515,1.352645,1.35235,1.35236
1789345200,1.352365,1.35242,1.352145,1.35221
1789345500,1.352215,1.352285,1.35171,1.351775
1789345800,1.351785,1.35193,1.351615,1.351725
1789346100,1.35172,1.35182,1.351625,1.35163
1789346400,1.351625,1.35174,1.35153,1.35168
1789346700,1.351675,1.35177,1.35159,1.351615
1789347000,1.351615,1.351895,1.351615,1.351875
1789347300,1.351885,1.351955,1.35163,1.35183
1789347600,1.351835,1.351875,1.35158,1.3516
1789347900,1.351595,1.3517,1.35135,1.351435
1789348200,1.35143,1.35151,1.35131,1.35131
1789348500,1.351315,1.35144,1.35129,1.351335
1789348800,1.351325,1.35166,1.3513,1.35162
1789349100,1.351615,1.35165,1.35148,1.35165
1789349400,1.351655,1.351655,1.35127,1.35138
1789349700,1.351375,1.351705,1.351355,1.351635
1789350000,1.351635,1.351835,1.351615,1.35183
1789350300,1.351835,1.351935,1.3517,1.351705
1789350600,1.351715,1.35172,1.35159,1.35164
1789350900,1.351635,1.35178,1.3516,1.35167
1789351200,1.351665,1.35173,1.35156,1.35167
1789351500,1.351665,1.35196,1.351615,1.35192
1789351800,1.35192,1.351975,1.351765,1.35182
1789352100,1.35182,1.35186,1.35164,1.35166
1789352400,1.35166,1.35186,1.35162,1.35175
1789352700,1.35174,1.35175,1.35159,1.35168
1789353000,1.351685,1.351725,1.351425,1.35146
1789353300,1.35146,1.351535,1.351275,1.351295
1789353600,1.3513,1.351405,1.35123,1.35134
1789353900,1.351335,1.3515,1.35124,1.351395
1789354200,1.351395,1.35148,1.35135,1.351365
1789354500,1.35136,1.35144,1.35123,1.351275
1789354800,1.35128,1.35128,1.35088,1.3509
1789355100,1.350895,1.351125,1.35089,1.35101
1789355400,1.351015,1.35102,1.35074,1.35078
1789355700,1.350785,1.35085,1.35067,1.350725
1789356000,1.35073,1.35077,1.35062,1.350625
1789356300,1.35063,1.350835,1.350595,1.350825
1789356600,1.35082,1.35082,1.35042,1.35042
1789356900,1.350425,1.350585,1.350405,1.35048
1789357200,1.350485,1.3505,1.350305,1.35039
1789357500,1.350395,1.35048,1.350355,1.35045
1789357800,1.350455,1.350595,1.350425,1.350575
1789358100,1.350575,1.3506,1.35046,1.35055
1789358400,1.350545,1.35064,1.35048,1.350635
1789358700,1.35064,1.35072,1.350415,1.35057
1789359000,1.350575,1.35068,1.350565,1.35062
1789359300,1.350615,1.35066,1.35047,1.350495
1789359600,1.3505,1.35053,1.35036,1.35037
1789359900,1.350385,1.35051,1.350305,1.350325
1789360200,1.35033,1.350475,1.35026,1.35047
1789360500,1.350465,1.350565,1.350415,1.35056
1789360800,1.350555,1.350565,1.3502,1.35021
1789361100,1.35021,1.35039,1.35015,1.350325
1789361400,1.350315,1.35039,1.350215,1.35038
1789361700,1.350385,1.35049,1.350305,1.35035
1789362000,1.350345,1.35037,1.350265,1.3503
1789362300,1.350305,1.350415,1.35022,1.35022
1789362600,1.35022,1.35022,1.350075,1.350165
1789362900,1.35017,1.35033,1.35016,1.350235
1789363200,1.35023,1.35028,1.35019,1.35024
1789363500,1.35023,1.350465,1.35023,1.350375
1789363800,1.35037,1.35063,1.350325,1.35053
1789364100,1.35053,1.3506,1.35041,1.35054
1789364400,1.350535,1.350535,1.3503,1.35046
1789364700,1.350465,1.35054,1.35031,1.350325
1789365000,1.35033,1.350525,1.350295,1.35048
1789365300,1.350485,1.35064,1.350475,1.35057
1789365600,1.35058,1.35058,1.350025,1.35004
1789365900,1.35003,1.35006,1.3492,1.349575
1789366200,1.34957,1.349655,1.34944,1.349515
1789366500,1.34951,1.34952,1.34874,1.34877
1789366800,1.348775,1.34917,1.34863,1.34911
1789367100,1.349115,1.34936,1.349055,1.349245
1789367400,1.349235,1.34974,1.349215,1.349575
1789367700,1.34958,1.350035,1.34958,1.34997
1789368000,1.34997,1.350165,1.349805,1.35
1789368300,1.350005,1.35007,1.34919,1.34923
1789368600,1.349235,1.349395,1.34896,1.34896
1789368900,1.34895,1.34914,1.348915,1.34912
1789369200,1.349125,1.34926,1.34874,1.34924
1789369500,1.349245,1.349545,1.349135,1.349395
1789369800,1.3494,1.34975,1.349305,1.34975
1789370100,1.349745,1.349925,1.34962,1.349635
1789370400,1.34964,1.34978,1.349575,1.34962
1789370700,1.349625,1.34986,1.349265,1.34927
1789371000,1.349265,1.34953,1.349085,1.34937
1789371300,1.349375,1.34945,1.34921,1.349425
1789371600,1.34943,1.34947,1.34899,1.34915
1789371900,1.34915,1.349435,1.34912,1.34927
1789372200,1.349275,1.349305,1.34885,1.348975
1789372500,1.34897,1.34937,1.348955,1.34921
1789372800,1.349215,1.349325,1.34853,1.34854
1789373100,1.34853,1.34866,1.348345,1.348535
1789373400,1.34854,1.34854,1.34824,1.34826
1789373700,1.348265,1.34837,1.348095,1.34835
1789374000,1.34834,1.34836,1.348,1.34807
1789374300,1.348075,1.348255,1.34795,1.34805
1789374600,1.34804,1.34822,1.347945,1.348145
1789374900,1.34815,1.348355,1.34812,1.348205
1789375200,1.34821,1.34825,1.348075,1.348125
1789375500,1.34813,1.34843,1.348065,1.348305
1789375800,1.34831,1.34842,1.3481,1.34813
1789376100,1.34813,1.34845,1.34811,1.348335
1789376400,1.34834,1.34864,1.348295,1.3484
1789376700,1.3484,1.34855,1.348305,1.34834
1789377000,1.348335,1.34845,1.34766,1.347725
1789377300,1.34772,1.34773,1.34732,1.34754
1789377600,1.34754,1.348105,1.34742,1.348065
1789377900,1.34806,1.348435,1.34796,1.348375
1789378200,1.348385,1.3484,1.347885,1.34822
1789378500,1.348225,1.348475,1.34815,1.34846
1789378800,1.348455,1.34885,1.34835,1.348735
1789379100,1.34873,1.348865,1.34858,1.34864
1789379400,1.34864,1.34907,1.348455,1.34905
1789379700,1.349055,1.34906,1.34867,1.348755
1789380000,1.34876,1.348765,1.348195,1.34829
1789380300,1.348295,1.3484,1.34811,1.34817
1789380600,1.34818,1.34834,1.34804,1.348255
1789380900,1.34826,1.34837,1.348125,1.34832
1789381200,1.348315,1.34835,1.34782,1.3482
1789381500,1.348195,1.348365,1.3481,1.34835
1789381800,1.348355,1.34875,1.348325,1.348595
1789382100,1.3486,1.348805,1.348575,1.3486
1789382400,1.348605,1.348645,1.348285,1.34847
1789382700,1.348475,1.34871,1.34843,1.34844
1789383000,1.348445,1.348735,1.348245,1.348725
1789383300,1.34873,1.348845,1.348375,1.348645
1789383600,1.348635,1.349155,1.34855,1.34914
1789383900,1.349155,1.349295,1.34889,1.3489
1789384200,1.348905,1.34901,1.34884,1.34899
1789384500,1.34898,1.34916,1.34891,1.34912
1789384800,1.349125,1.349175,1.348825,1.348915
1789385100,1.34892,1.349235,1.348895,1.34915
1789385400,1.349155,1.34935,1.349075,1.34919
1789385700,1.349195,1.34956,1.349195,1.349525
1789386000,1.34953,1.349625,1.349255,1.34926
1789386300,1.349265,1.349325,1.34866,1.34871
1789386600,1.348705,1.34895,1.348575,1.348825
1789386900,1.34883,1.34909,1.348825,1.34907
1789387200,1.349075,1.34924,1.348925,1.34918
1789387500,1.349185,1.34954,1.349185,1.349495
1789387800,1.34949,1.349515,1.34918,1.349215
1789388100,1.34922,1.349505,1.34882,1.34883
1789388400,1.348825,1.34897,1.3486,1.34876
1789388700,1.348765,1.348865,1.34867,1.348765
1789389000,1.34877,1.349,1.348495,1.34861
1789389300,1.348615,1.34873,1.34766,1.34768
1789389600,1.34767,1.348215,1.34758,1.3481
1789389900,1.348095,1.3481,1.34759,1.347885
1789390200,1.34788,1.347905,1.346795,1.34689
1789390500,1.346885,1.347125,1.34665,1.346905
1789390800,1.34691,1.34704,1.34642,1.34649
1789391100,1.346485,1.3468,1.3464,1.346745
1789391400,1.34675,1.34733,1.34674,1.347295
1789391700,1.34729,1.34755,1.347115,1.347525
1789392000,1.34753,1.347745,1.347445,1.34765
1789392300,1.34766,1.347745,1.34743,1.347605
1789392600,1.347615,1.34775,1.34736,1.3476
1789392900,1.347605,1.347655,1.347195,1.34723
1789393200,1.34724,1.347725,1.347115,1.34749
1789393500,1.347495,1.34758,1.347025,1.34703
1789393800,1.347045,1.347245,1.34682,1.346825
1789394100,1.34682,1.34698,1.3465,1.34677
1789394400,1.346765,1.347035,1.3465,1.34664
1789394700,1.346645,1.3474,1.346645,1.34738
1789395000,1.347385,1.347765,1.34723,1.347745
1789395300,1.34774,1.348245,1.34774,1.34807
1789395600,1.348065,1.348125,1.347015,1.34704
1789395900,1.347035,1.34738,1.346905,1.34735
1789396200,1.347355,1.347625,1.34699,1.34754
1789396500,1.347545,1.34764,1.34722,1.34755
1789396800,1.34755,1.347705,1.347325,1.347665
1789397100,1.34767,1.34786,1.34765,1.34768
1789397400,1.347685,1.34786,1.347305,1.347495
1789397700,1.347505,1.347615,1.347215,1.34755
1789398000,1.347545,1.34776,1.347315,1.34763
1789398300,1.347625,1.34905,1.3476,1.348445
1789398600,1.34845,1.34856,1.348175,1.348175
1789398900,1.348165,1.348295,1.34799,1.348285
1789399200,1.34829,1.348295,1.34797,1.348175
1789399500,1.34817,1.34836,1.34801,1.348015
1789399800,1.348025,1.348565,1.34791,1.348365
1789400100,1.34836,1.348655,1.348205,1.34861
1789400400,1.348605,1.348975,1.348305,1.3489
1789400700,1.348895,1.34894,1.34869,1.348765
1789401000,1.34876,1.349365,1.348705,1.34926
1789401300,1.34927,1.349325,1.349085,1.34926
1789401600,1.349265,1.34944,1.34906,1.349105
1789401900,1.3491,1.34935,1.349035,1.34917
1789402200,1.349165,1.349415,1.349105,1.34914
1789402500,1.349145,1.34949,1.349145,1.349295
1789402800,1.34929,1.34967,1.34925,1.349605
1789403100,1.3496,1.34964,1.34928,1.349455
1789403400,1.34946,1.34968,1.34931,1.349345
1789403700,1.349345,1.349825,1.349275,1.349775
1789404000,1.34977,1.350275,1.34977,1.35023
1789404300,1.350235,1.35086,1.35008,1.350685
1789404600,1.350685,1.35088,1.35063,1.35065
1789404900,1.350655,1.350785,1.35047,1.350545
1789405200,1.35055,1.35069,1.350405,1.35053
1789405500,1.350535,1.35075,1.35053,1.35074
1789405800,1.350745,1.35091,1.35063,1.35065
1789406100,1.350655,1.350735,1.350515,1.350565
1789406400,1.350575,1.35074,1.350535,1.35061
1789406700,1.350605,1.350825,1.350525,1.350735
1789407000,1.35073,1.35085,1.350615,1.35069
1789407300,1.35069,1.35084,1.350585,1.350735
1789407600,1.350725,1.350725,1.3505,1.350575
1789407900,1.35058,1.350715,1.350465,1.35067
1789408200,1.350675,1.35088,1.35065,1.35074
1789408500,1.350745,1.350965,1.35073,1.3508
1789408800,1.35081,1.351035,1.35065,1.350655
1789409100,1.35065,1.35094,1.35056,1.35093
1789409400,1.350935,1.351095,1.350875,1.35107
1789409700,1.351075,1.35121,1.351045,1.35117
1789410000,1.351165,1.35119,1.35098,1.35105
1789410300,1.35105,1.351155,1.35091,1.35094
1789410600,1.350935,1.35124,1.350925,1.3512
1789410900,1.351195,1.351365,1.35116,1.351305
1789411200,1.3513,1.35132,1.351065,1.35112
1789411500,1.351115,1.351165,1.35098,1.351135
1789411800,1.35113,1.351215,1.351,1.351115
1789412100,1.35112,1.351215,1.350945,1.351135
1789412400,1.35114,1.351195,1.351005,1.35109
1789412700,1.35109,1.351095,1.35084,1.35104
1789413000,1.351045,1.35108,1.35093,1.350955
1789413300,1.35095,1.351,1.35074,1.350835
1789413600,1.35083,1.350835,1.350575,1.35068
1789413900,1.35069,1.35078,1.35061,1.35061
1789414200,1.35062,1.350635,1.350485,1.35052
1789414500,1.350525,1.350625,1.35045,1.35046
1789414800,1.350455,1.35046,1.35035,1.350365
1789415100,1.350365,1.350375,1.35021,1.350215
1789415400,1.35021,1.350235,1.350055,1.350135
1789415700,1.35014,1.35022,1.349945,1.34999
1789416000,1.349985,1.34999,1.34962,1.34965
1789416300,1.349655,1.34975,1.34962,1.34972
1789416600,1.349715,1.349825,1.349635,1.349815
1789416900,1.349815,1.34985,1.349725,1.349835
1789417200,1.349835,1.349855,1.34982,1.349845
1789417500,1.34985,1.349875,1.3497,1.34977
1789417800,1.34978,1.349875,1.34978,1.349825
1789418100,1.34982,1.34983,1.34972,1.34982
1789418400,1.349815,1.34996,1.349795,1.34993
1789418700,1.349925,1.34996,1.349905,1.349925
1789419000,1.34994,1.35006,1.34994,1.35003
1789419300,1.350025,1.35008,1.349955,1.34997
1789419600,1.34997,1.34997,1.34997,1.34997
1789419900,1.350135,1.350135,1.34991,1.350095
1789420200,1.350095,1.350165,1.35001,1.35011
1789420500,1.35017,1.350215,1.35009,1.3501
1789420800,1.3501,1.350155,1.349905,1.35014
1789421100,1.35014,1.35015,1.350115,1.35015
1789421400,1.350125,1.350125,1.34992,1.349985
1789421700,1.349985,1.350065,1.349965,1.35002
1789422000,1.35002,1.350035,1.349895,1.34992
1789422300,1.349915,1.35003,1.349845,1.34991
1789422600,1.34991,1.35014,1.3499,1.350085
1789422900,1.35006,1.350275,1.350005,1.350025
1789423200,1.350085,1.350145,1.34989,1.35008
1789423500,1.35007,1.35017,1.350025,1.350115
1789423800,1.35012,1.35012,1.349885,1.34997
1789424100,1.34997,1.350245,1.34997,1.35006
1789424400,1.35005,1.350135,1.349975,1.350035
1789424700,1.350035,1.3501,1.350015,1.350075
1789425000,1.35007,1.35027,1.350055,1.350255
1789425300,1.350255,1.35028,1.350235,1.35028
1789425600,1.35028,1.35028,1.350235,1.350255
1789425900,1.350255,1.350265,1.350165,1.350255
1789426200,1.350265,1.350375,1.350255,1.35036
1789426500,1.35036,1.350485,1.35034,1.350465
1789426800,1.350455,1.350465,1.35037,1.35044
1789427100,1.35044,1.350475,1.35037,1.350435
1789427400,1.350435,1.35044,1.35034,1.35035
1789427700,1.35035,1.35035,1.35016,1.35017
1789428000,1.35017,1.35019,1.35007,1.350185
1789428300,1.35019,1.350235,1.350125,1.35015
1789428600,1.350155,1.350155,1.349935,1.350055
1789428900,1.350055,1.35009,1.350035,1.35007
1789429200,1.35007,1.350235,1.350015,1.35017
1789429500,1.350165,1.35017,1.350025,1.35016
1789429800,1.35016,1.350185,1.349855,1.349855
1789430100,1.349855,1.35014,1.34982,1.35004
1789430400,1.35003,1.350105,1.349895,1.349975
1789430700,1.34998,1.350055,1.34985,1.34999
1789431000,1.349985,1.35005,1.3499,1.34995
1789431300,1.34996,1.35002,1.34981,1.34983
1789431600,1.34983,1.349965,1.34976,1.34993
1789431900,1.349925,1.34995,1.34962,1.349625
1789432200,1.34962,1.34975,1.349595,1.34961
1789432500,1.34961,1.34975,1.349555,1.34965
1789432800,1.349645,1.34966,1.34955,1.349655
1789433100,1.34966,1.34978,1.349655,1.34971
1789433400,1.34971,1.349775,1.349525,1.34961
1789433700,1.3496,1.34961,1.34947,1.34955
1789434000,1.349555,1.34963,1.349365,1.34963
1789434300,1.349625,1.349645,1.34938,1.3494
1789434600,1.349395,1.349445,1.34932,1.349405
1789434900,1.3494,1.34951,1.349315,1.34932
1789435200,1.349325,1.34934,1.349025,1.34904
1789435500,1.349045,1.349045,1.34881,1.348845
1789435800,1.348855,1.349015,1.348745,1.34887
1789436100,1.34888,1.348885,1.34869,1.34874
1789436400,1.34874,1.348765,1.348615,1.348625
1789436700,1.348625,1.34884,1.348595,1.3488
1789437000,1.348795,1.34884,1.34867,1.34867
1789437300,1.348675,1.348715,1.34859,1.34865
1789437600,1.348655,1.34888,1.34863,1.34865
1789437900,1.348645,1.3487,1.34854,1.34863
1789438200,1.34864,1.34866,1.3485,1.34853
1789438500,1.348525,1.34866,1.348485,1.34865
1789438800,1.348655,1.34869,1.348515,1.34856
1789439100,1.348555,1.34866,1.34853,1.34855
1789439400,1.348555,1.34857,1.34846,1.34846
1789439700,1.348465,1.348465,1.34834,1.34845
1789440000,1.34845,1.34853,1.348395,1.34843
1789440300,1.348435,1.34876,1.34843,1.34876
1789440600,1.34876,1.348815,1.348695,1.34877
1789440900,1.34878,1.348925,1.348765,1.34887
1789441200,1.34888,1.348985,1.34885,1.34895
1789441500,1.348945,1.34895,1.3488,1.34892
1789441800,1.348915,1.34895,1.348755,1.34876
1789442100,1.34876,1.34886,1.34872,1.348855
1789442400,1.34886,1.348865,1.34856,1.34866
1789442700,1.348665,1.34876,1.348595,1.34874
1789443000,1.34874,1.34883,1.34871,1.348735
1789443300,1.34873,1.34876,1.348565,1.34857
1789443600,1.34857,1.34865,1.34854,1.348635
1789443900,1.34864,1.34873,1.348595,1.348615
1789444200,1.34861,1.34878,1.348575,1.348745
1789444500,1.348745,1.348765,1.348555,1.34856
1789444800,1.348565,1.348665,1.34843,1.348455
1789445100,1.34846,1.34848,1.348395,1.348455
1789445400,1.34846,1.348555,1.348355,1.348455
1789445700,1.348455,1.34854,1.3483,1.348345
1789446000,1.34834,1.348495,1.348315,1.34836
1789446300,1.348365,1.348415,1.34827,1.348365
1789446600,1.34836,1.348475,1.34834,1.34846
1789446900,1.34846,1.3486,1.348415,1.34858
1789447200,1.348575,1.348705,1.348545,1.34859
1789447500,1.34859,1.348635,1.348545,1.348575
1789447800,1.348575,1.34858,1.348435,1.348475
1789448100,1.348485,1.34857,1.34837,1.34838
1789448400,1.348385,1.34857,1.348375,1.34838
1789448700,1.348375,1.34846,1.348275,1.348285
1789449000,1.348285,1.34849,1.348245,1.34848
1789449300,1.348485,1.348485,1.34822,1.348275
1789449600,1.348275,1.348385,1.34824,1.34834
1789449900,1.34834,1.348475,1.34829,1.34846
1789450200,1.348465,1.3485,1.34813,1.34823
1789450500,1.34824,1.34828,1.34815,1.348175
1789450800,1.34818,1.34857,1.34818,1.34853
1789451100,1.348535,1.348615,1.348435,1.348475
1789451400,1.34847,1.34866,1.348365,1.348365
1789451700,1.348375,1.348395,1.34816,1.34817
1789452000,1.348165,1.34833,1.34757,1.347725
1789452300,1.34772,1.34775,1.34754,1.34755
1789452600,1.347545,1.3481,1.34754,1.34807
1789452900,1.348065,1.348065,1.34769,1.347775
1789453200,1.34778,1.34778,1.34728,1.3473
1789453500,1.347295,1.347425,1.34718,1.34724
1789453800,1.347235,1.34726,1.346905,1.34709
1789454100,1.347095,1.34716,1.346935,1.34703
1789454400,1.347035,1.34706,1.34668,1.34672
1789454700,1.346705,1.34674,1.34643,1.346445
1789455000,1.34644,1.34672,1.346425,1.34664
1789455300,1.346635,1.346945,1.34663,1.34693
1789455600,1.346935,1.34706,1.34654,1.34675
1789455900,1.346755,1.34733,1.3467,1.34726
1789456200,1.347255,1.34774,1.34712,1.34736
1789456500,1.347355,1.34743,1.347225,1.34728
1789456800,1.347275,1.347455,1.34722,1.347255
1789457100,1.34726,1.34757,1.34721,1.347545
1789457400,1.34755,1.34764,1.34735,1.34752
1789457700,1.347525,1.347565,1.347095,1.3471
1789458000,1.3471,1.347645,1.34699,1.347635
1789458300,1.34763,1.34788,1.34758,1.34767
1789458600,1.347675,1.34775,1.3473,1.347545
1789458900,1.34754,1.34797,1.347525,1.34796
1789459200,1.347955,1.34796,1.347015,1.347015
1789459500,1.34701,1.347155,1.34691,1.34702
1789459800,1.34702,1.347395,1.346855,1.347365
1789460100,1.347355,1.34792,1.347265,1.34761
1789460400,1.347615,1.34763,1.34723,1.34747
1789460700,1.347475,1.34796,1.34747,1.34768
1789461000,1.347685,1.34772,1.34726,1.34752
1789461300,1.347515,1.347915,1.347515,1.34781
1789461600,1.347815,1.34792,1.3474,1.347515
1789461900,1.34752,1.347635,1.34743,1.34753
1789462200,1.347525,1.347705,1.34743,1.34748
1789462500,1.347485,1.34775,1.34739,1.34742
1789462800,1.34743,1.347545,1.34731,1.34741
1789463100,1.347405,1.347535,1.34722,1.34729
1789463400,1.34728,1.34752,1.347185,1.34742
1789463700,1.347415,1.347445,1.34691,1.347
1789464000,1.347005,1.34716,1.346815,1.346855
1789464300,1.34685,1.34748,1.346835,1.34743
1789464600,1.347435,1.347495,1.34722,1.34732
1789464900,1.347325,1.34736,1.347155,1.34734
1789465200,1.347345,1.347595,1.34729,1.3474
1789465500,1.347405,1.34786,1.3474,1.3478
1789465800,1.3478,1.34809,1.34779,1.34804
1789466100,1.34804,1.348135,1.347815,1.347815
1789466400,1.347805,1.347935,1.347625,1.34764
1789466700,1.347645,1.347785,1.347645,1.34776
1789467000,1.347755,1.348205,1.347605,1.34765
1789467300,1.347645,1.347715,1.34749,1.34761
1789467600,1.347605,1.34789,1.347585,1.34777
1789467900,1.34777,1.34778,1.34748,1.347605
1789468200,1.3476,1.34791,1.34755,1.347805
1789468500,1.3478,1.34791,1.34771,1.34771
1789468800,1.347715,1.347775,1.347595,1.34761
1789469100,1.34761,1.347715,1.347575,1.347605
1789469400,1.34761,1.34781,1.34758,1.347595
1789469700,1.3476,1.34771,1.347425,1.347495
1789470000,1.34749,1.347775,1.347395,1.347515
1789470300,1.34752,1.34801,1.347515,1.348005
1789470600,1.348,1.348045,1.3479,1.348005
1789470900,1.348005,1.348515,1.348005,1.34848
1789471200,1.34848,1.348665,1.3484,1.348525
1789471500,1.34853,1.348825,1.34847,1.348825
1789471800,1.34883,1.348925,1.348715,1.348915
1789472100,1.34892,1.34898,1.348545,1.3486
1789472400,1.348595,1.348705,1.348555,1.348565
1789472700,1.34855,1.34869,1.348425,1.348495
1789473000,1.348485,1.348515,1.34826,1.348475
1789473300,1.34847,1.34852,1.34819,1.34832
1789473600,1.348315,1.34859,1.34815,1.348565
1789473900,1.34856,1.34861,1.34825,1.3483
1789474200,1.34829,1.3486,1.348255,1.34847
1789474500,1.348475,1.3485,1.348055,1.348065
1789474800,1.348065,1.34818,1.347985,1.348045
1789475100,1.34804,1.34821,1.347995,1.34817
1789475400,1.348175,1.3486,1.34817,1.348565
1789475700,1.348575,1.348585,1.34839,1.3484
1789476000,1.348395,1.34845,1.34826,1.3484
1789476300,1.348395,1.348875,1.34826,1.348815
1789476600,1.34882,1.348825,1.34838,1.34847
1789476900,1.348475,1.348595,1.34818,1.3482
1789477200,1.34819,1.348715,1.34817,1.348695
1789477500,1.3487,1.34872,1.348345,1.348505
1789477800,1.34851,1.348675,1.348335,1.34843
1789478100,1.348425,1.34849,1.348195,1.348195
1789478400,1.348195,1.34841,1.348005,1.348405
1789478700,1.3484,1.348515,1.34835,1.34838
1789479000,1.348385,1.348485,1.34795,1.34811
1789479300,1.348115,1.34862,1.348085,1.34837
1789479600,1.348375,1.34884,1.348375,1.348835
1789479900,1.34883,1.349155,1.34871,1.34915
1789480200,1.349155,1.349635,1.349155,1.34961
1789480500,1.349615,1.34968,1.3493,1.349325
1789480800,1.34932,1.349405,1.34888,1.34889
1789481100,1.348895,1.34942,1.34885,1.349395
1789481400,1.34939,1.349405,1.349085,1.34914
1789481700,1.34914,1.34927,1.34873,1.349135
1789482000,1.34914,1.349205,1.34892,1.349165
1789482300,1.34917,1.34936,1.34902,1.34911
1789482600,1.349105,1.34959,1.349055,1.34926
1789482900,1.349255,1.349315,1.34881,1.34896
1789483200,1.348955,1.34932,1.348885,1.349125
1789483500,1.34913,1.349275,1.34897,1.349015
1789483800,1.34902,1.34928,1.348745,1.349125
1789484100,1.34912,1.349415,1.34877,1.348785
1789484400,1.34878,1.348935,1.348585,1.34892
1789484700,1.348925,1.349045,1.348635,1.34871
1789485000,1.348705,1.34891,1.348275,1.3484
1789485300,1.348395,1.3485,1.34822,1.348415
1789485600,1.348405,1.34852,1.34827,1.348505
1789485900,1.3485,1.34863,1.348425,1.34854
1789486200,1.348545,1.348575,1.34805,1.34815
1789486500,1.348155,1.348155,1.347405,1.34743
1789486800,1.347425,1.34764,1.3474,1.347525
1789487100,1.34753,1.347725,1.347405,1.34743
1789487400,1.347425,1.347735,1.347415,1.34744
1789487700,1.347445,1.348075,1.34744,1.347725
1789488000,1.347725,1.347875,1.347615,1.34768
1789488300,1.347675,1.347685,1.347365,1.347475
1789488600,1.34748,1.34754,1.347345,1.347465
1789488900,1.34747,1.347545,1.34704,1.34705
1789489200,1.347045,1.347285,1.34698,1.347275
1789489500,1.34727,1.347285,1.34711,1.347265
1789489800,1.34727,1.34748,1.34723,1.34745
1789490100,1.34745,1.347685,1.347425,1.34756
1789490400,1.347555,1.34769,1.34746,1.34768
1789490700,1.347685,1.34778,1.347565,1.34766
1789491000,1.347655,1.34796,1.34764,1.34793
1789491300,1.34794,1.34816,1.34793,1.348125
1789491600,1.34812,1.34826,1.34782,1.34783
1789491900,1.347825,1.347925,1.34766,1.34768
1789492200,1.347685,1.347895,1.347675,1.34783
1789492500,1.347825,1.34793,1.347535,1.347565
1789492800,1.34756,1.34764,1.34746,1.347565
1789493100,1.34757,1.34768,1.347545,1.347625
1789493400,1.347635,1.347875,1.347595,1.347865
1789493700,1.34786,1.347905,1.347765,1.347885
1789494000,1.34788,1.34794,1.34775,1.34783
1789494300,1.347835,1.347875,1.34747,1.347485
1789494600,1.34748,1.3475,1.34736,1.34746
1789494900,1.347465,1.34757,1.34742,1.34745
1789495200,1.34745,1.34749,1.347215,1.347355
1789495500,1.34735,1.347465,1.34731,1.34744
1789495800,1.347445,1.34771,1.34743,1.34763
1789496100,1.34764,1.347745,1.34759,1.34774
1789496400,1.34773,1.34796,1.34773,1.34795
1789496700,1.347945,1.348165,1.34794,1.348135
1789497000,1.34813,1.34813,1.34766,1.34776
1789497300,1.347765,1.347825,1.34765,1.347665
1789497600,1.34766,1.34793,1.34757,1.347725
1789497900,1.34774,1.34806,1.34763,1.34804
1789498200,1.348045,1.348145,1.347975,1.348035
1789498500,1.348035,1.34805,1.34782,1.34805
1789498800,1.34805,1.34805,1.347635,1.34772
1789499100,1.347715,1.347895,1.34764,1.347835
1789499400,1.347835,1.347915,1.34773,1.34776
1789499700,1.347755,1.34785,1.347655,1.347675
1789500000,1.347675,1.34775,1.34758,1.34766
1789500300,1.347655,1.347655,1.3476,1.347645
1789500600,1.34765,1.34787,1.347605,1.34781
1789500900,1.34781,1.34786,1.347605,1.347625
1789501200,1.34762,1.34775,1.34759,1.34772
1789501500,1.347715,1.347725,1.347515,1.34766
1789501800,1.347665,1.347735,1.34749,1.347495
1789502100,1.347505,1.34754,1.34736,1.34741
1789502400,1.347415,1.347465,1.347375,1.347435
1789502700,1.347435,1.34747,1.347325,1.34736
1789503000,1.347355,1.347395,1.347205,1.34721
1789503300,1.347215,1.347235,1.347205,1.34722
1789503600,1.34722,1.34723,1.347105,1.34716
1789503900,1.347165,1.34728,1.347155,1.347275
1789504200,1.34728,1.347385,1.347275,1.347345
1789504500,1.347345,1.34735,1.34725,1.347265
1789504800,1.347265,1.34731,1.34724,1.347265
1789505100,1.34727,1.34747,1.34727,1.34746
1789505400,1.347455,1.347475,1.347375,1.34746
1789505700,1.34747,1.347765,1.34747,1.347755
1789506000,1.347755,1.347755,1.34757,1.34758
1789506300,1.34762,1.34775,1.347605,1.347655
1789506600,1.347655,1.347765,1.34748,1.3476
1789506900,1.347595,1.34767,1.34755,1.34764
1789507200,1.34764,1.347665,1.347565,1.347585
1789507500,1.347585,1.34766,1.347425,1.34743
1789507800,1.34743,1.347585,1.347305,1.347315
1789508100,1.347315,1.347315,1.347235,1.3473
1789508400,1.34726,1.347305,1.347215,1.347285
1789508700,1.347285,1.347295,1.34722,1.347245
1789509000,1.347245,1.34726,1.34719,1.347245
1789509300,1.34724,1.34726,1.347185,1.34721
1789509600,1.347205,1.34787,1.347205,1.34778
1789509900,1.34778,1.347825,1.3475,1.34761
1789510200,1.347605,1.347685,1.347475,1.3476
1789510500,1.3476,1.347695,1.347575,1.34764
1789510800,1.34764,1.34775,1.347635,1.34772
1789511100,1.347725,1.34778,1.347705,1.34776
1789511400,1.347765,1.3479,1.34769,1.347845
1789511700,1.347845,1.34789,1.34783,1.34784
1789512000,1.347835,1.347835,1.347715,1.34773
1789512300,1.347725,1.347735,1.34769,1.3477
1789512600,1.3477,1.3477,1.34762,1.347635
1789512900,1.347635,1.34766,1.347535,1.347545
1789513200,1.34755,1.34756,1.34734,1.34735
1789513500,1.34735,1.34737,1.3473,1.34736
1789513800,1.347365,1.34742,1.34731,1.34732
1789514100,1.347315,1.34751,1.347315,1.34735
1789514400,1.34735,1.34736,1.347325,1.34734
1789514700,1.34734,1.34743,1.347135,1.347255
1789515000,1.34726,1.347315,1.34723,1.34724
1789515300,1.34724,1.34725,1.34694,1.347005
1789515600,1.34701,1.347125,1.34693,1.347055
1789515900,1.34705,1.347235,1.34704,1.347235
1789516200,1.347235,1.347335,1.34721,1.347305
1789516500,1.3473,1.347305,1.347045,1.34705
1789516800,1.34706,1.347105,1.3469,1.346915
1789517100,1.346925,1.34708,1.346725,1.34674
1789517400,1.346735,1.34687,1.34665,1.34685
1789517700,1.346845,1.347215,1.34684,1.347175
1789518000,1.347155,1.347335,1.34714,1.34722
1789518300,1.34721,1.34721,1.347045,1.34712
1789518600,1.347125,1.347165,1.346895,1.346955
1789518900,1.34695,1.346965,1.34681,1.34684
1789519200,1.34684,1.34687,1.346715,1.34672
1789519500,1.34672,1.346765,1.34666,1.34673
1789519800,1.346735,1.346885,1.346715,1.34683
1789520100,1.346835,1.346955,1.34669,1.34694
1789520400,1.346945,1.34706,1.34679,1.346815
1789520700,1.34681,1.34681,1.346635,1.34668
1789521000,1.346675,1.34694,1.34663,1.34693
1789521300,1.346935,1.34704,1.34691,1.34694
1789521600,1.346935,1.34703,1.346925,1.346985
1789521900,1.34698,1.34704,1.34682,1.346825
1789522200,1.34682,1.34685,1.346695,1.34672
1789522500,1.34672,1.346755,1.34665,1.346705
1789522800,1.34669,1.34688,1.346655,1.346845
1789523100,1.34684,1.34692,1.34674,1.34682
1789523400,1.346805,1.346825,1.34664,1.346655
1789523700,1.34664,1.346725,1.34654,1.346595
1789524000,1.346605,1.34676,1.34659,1.346695
1789524300,1.34669,1.347055,1.34664,1.34705
1789524600,1.347045,1.34725,1.347045,1.34718
1789524900,1.34718,1.347445,1.347175,1.347345
1789525200,1.34734,1.3474,1.34723,1.34732
1789525500,1.347315,1.347505,1.3473,1.34737
1789525800,1.34738,1.34776,1.347375,1.347755
1789526100,1.34776,1.34792,1.34774,1.34784
1789526400,1.347845,1.34786,1.347575,1.34763
1789526700,1.34763,1.34778,1.347625,1.34777
1789527000,1.347765,1.34778,1.3476,1.347705
1789527300,1.347695,1.347965,1.34768,1.34795
1789527600,1.347945,1.34805,1.34793,1.34797
1789527900,1.34797,1.348035,1.34793,1.34796
1789528200,1.347965,1.348155,1.347945,1.34797
1789528500,1.347975,1.348165,1.34797,1.34813
1789528800,1.348135,1.34816,1.34802,1.348055
1789529100,1.34806,1.34809,1.348,1.348055
1789529400,1.34805,1.34807,1.34791,1.34793
1789529700,1.34793,1.347955,1.34783,1.347865
1789530000,1.347865,1.347905,1.347745,1.347855
1789530300,1.34785,1.34794,1.34779,1.347905
1789530600,1.34791,1.348035,1.34786,1.347965
1789530900,1.347975,1.348,1.347935,1.34797
1789531200,1.347965,1.348075,1.347965,1.34806
1789531500,1.34806,1.348135,1.347985,1.34805
1789531800,1.34805,1.34818,1.34803,1.34815
1789532100,1.34815,1.34818,1.348,1.34802
1789532400,1.34802,1.348225,1.34802,1.34815
1789532700,1.34815,1.348255,1.34812,1.348255
1789533000,1.34825,1.34845,1.34823,1.348315
1789533300,1.348315,1.34858,1.34831,1.34857
1789533600,1.348565,1.34858,1.34831,1.34835
1789533900,1.34835,1.348395,1.34827,1.34833
1789534200,1.348335,1.348375,1.34825,1.34837
1789534500,1.348365,1.34846,1.348335,1.34846
1789534800,1.348465,1.34847,1.348405,1.34846
1789535100,1.34845,1.348485,1.34834,1.34839
1789535400,1.34839,1.34866,1.34839,1.34857
1789535700,1.34858,1.348685,1.34854,1.348675
1789536000,1.348675,1.348715,1.348645,1.348675
1789536300,1.34868,1.348865,1.348645,1.34873
1789536600,1.348735,1.3489,1.348695,1.348805
1789536900,1.34881,1.34887,1.348735,1.348755
1789537200,1.34875,1.34876,1.348635,1.348705
1789537500,1.3487,1.34894,1.3487,1.348795
1789537800,1.34879,1.34925,1.34879,1.34919
1789538100,1.349195,1.34949,1.349165,1.34919
1789538400,1.349225,1.349665,1.34809,1.348315
1789538700,1.34831,1.34837,1.347845,1.34828
1789539000,1.348275,1.348625,1.34817,1.34855
1789539300,1.348545,1.34868,1.348335,1.34848
1789539600,1.34849,1.34854,1.34809,1.34809
1789539900,1.348085,1.348105,1.34784,1.347955
1789540200,1.34795,1.348055,1.347785,1.347835
1789540500,1.34783,1.348015,1.34781,1.34796
1789540800,1.347955,1.34797,1.347695,1.34784
1789541100,1.34783,1.347835,1.3476,1.34772
1789541400,1.34772,1.34786,1.34758,1.347645
1789541700,1.34764,1.348075,1.34763,1.34804
1789542000,1.348035,1.34814,1.347635,1.347895
1789542300,1.3479,1.34803,1.34773,1.34801
1789542600,1.34802,1.34822,1.347805,1.3482
1789542900,1.348195,1.34823,1.347885,1.34795
1789543200,1.347955,1.34806,1.3478,1.3478
1789543500,1.347795,1.34805,1.347625,1.34803
1789543800,1.348025,1.348465,1.348015,1.348185
1789544100,1.34819,1.348385,1.34802,1.34805
1789544400,1.348045,1.34805,1.34768,1.347785
1789544700,1.34779,1.34793,1.34768,1.3478
1789545000,1.347805,1.347805,1.3472,1.34722
1789545300,1.34721,1.347365,1.34711,1.347165
1789545600,1.34717,1.34723,1.34685,1.34694
1789545900,1.346945,1.34696,1.346675,1.34692
1789546200,1.346915,1.34703,1.346745,1.346805
1789546500,1.3468,1.34734,1.34669,1.34706
1789546800,1.347055,1.34749,1.34697,1.347135
1789547100,1.34713,1.34728,1.34709,1.34723
1789547400,1.347225,1.34723,1.34691,1.34703
1789547700,1.347025,1.347135,1.346965,1.34704
1789548000,1.347045,1.34723,1.34699,1.347
1789548300,1.347005,1.347125,1.346975,1.347025
1789548600,1.34703,1.347225,1.346955,1.34701
1789548900,1.347015,1.347165,1.34698,1.34704
1789549200,1.347035,1.347145,1.346735,1.346785
1789549500,1.34679,1.346945,1.34677,1.3469
1789549800,1.346905,1.347185,1.346865,1.34714
1789550100,1.347135,1.34714,1.34691,1.34698
1789550400,1.34698,1.34709,1.3468,1.34681
1789550700,1.346815,1.34705,1.34677,1.347015
1789551000,1.34702,1.34733,1.346925,1.34721
1789551300,1.347205,1.34732,1.347055,1.347065
1789551600,1.34707,1.34718,1.346885,1.347125
1789551900,1.34712,1.347215,1.346975,1.347005
1789552200,1.347015,1.34711,1.346815,1.34682
1789552500,1.346825,1.34706,1.34672,1.346735
1789552800,1.34673,1.346895,1.346635,1.346675
1789553100,1.34667,1.34672,1.346565,1.346635
1789553400,1.34664,1.346815,1.34663,1.346715
1789553700,1.34671,1.3469,1.346655,1.346855
1789554000,1.34685,1.347065,1.3467,1.34672
1789554300,1.346715,1.346815,1.346645,1.346795
1789554600,1.346795,1.346805,1.346605,1.34673
1789554900,1.34673,1.34693,1.346695,1.34691
1789555200,1.34691,1.34711,1.34685,1.34711
1789555500,1.347105,1.347105,1.34677,1.34684
1789555800,1.34684,1.34689,1.346635,1.346705
1789556100,1.3467,1.347205,1.3467,1.347185
1789556400,1.34719,1.34732,1.34679,1.346805
1789556700,1.34681,1.346825,1.34636,1.34639
1789557000,1.346385,1.34643,1.34588,1.3462
1789557300,1.34621,1.34639,1.34607,1.346325
1789557600,1.346315,1.346435,1.346165,1.3462
1789557900,1.346195,1.346635,1.34604,1.34651
1789558200,1.34652,1.346615,1.346275,1.34631
1789558500,1.34632,1.3465,1.34597,1.34606
1789558800,1.346055,1.346115,1.34582,1.346035
1789559100,1.34603,1.346125,1.345745,1.345775
1789559400,1.34577,1.34583,1.345555,1.3457
1789559700,1.345705,1.345705,1.34547,1.345575
1789560000,1.34558,1.345775,1.34555,1.345705
1789560300,1.34571,1.345815,1.34538,1.345535
1789560600,1.345525,1.345535,1.345315,1.34546
1789560900,1.34546,1.34553,1.345095,1.34512
1789561200,1.345115,1.34512,1.344875,1.34492
1789561500,1.34493,1.345025,1.344785,1.34485
1789561800,1.34488,1.3454,1.344555,1.34525
1789562100,1.345235,1.345355,1.34516,1.345225
1789562400,1.34522,1.345635,1.34521,1.34543
1789562700,1.345425,1.34594,1.345325,1.34582
1789563000,1.345815,1.34604,1.345805,1.34594
1789563300,1.345935,1.34598,1.3456,1.34574
1789563600,1.345735,1.34578,1.34542,1.345585
1789563900,1.34559,1.345875,1.34548,1.34574
1789564200,1.345745,1.346115,1.345725,1.34592
1789564500,1.345915,1.345985,1.34551,1.345515
1789564800,1.34551,1.34569,1.34544,1.345635
1789565100,1.34563,1.345865,1.34553,1.34558
1789565400,1.345575,1.34587,1.34551,1.345855
1789565700,1.34586,1.346055,1.345755,1.345915
1789566000,1.34592,1.34597,1.345615,1.345615
1789566300,1.34561,1.34576,1.34534,1.34538
1789566600,1.345385,1.34539,1.345115,1.345225
1789566900,1.345235,1.34536,1.34495,1.344965
1789567200,1.34497,1.345065,1.3446,1.3448
1789567500,1.344805,1.3452,1.344645,1.34514
1789567800,1.345145,1.345585,1.345045,1.345565
1789568100,1.34557,1.34558,1.345005,1.345155
1789568400,1.345145,1.345425,1.345135,1.345205
1789568700,1.34521,1.345515,1.34521,1.345415
1789569000,1.34541,1.345665,1.345315,1.34563
1789569300,1.345625,1.34612,1.34559,1.34601
1789569600,1.34602,1.34631,1.345805,1.346105
1789569900,1.346095,1.346165,1.345845,1.345865
1789570200,1.34587,1.346065,1.34579,1.345885
1789570500,1.34587,1.34596,1.345085,1.345395
1789570800,1.3454,1.345495,1.345005,1.345025
1789571100,1.34503,1.34582,1.34503,1.345785
1789571400,1.34578,1.34582,1.34535,1.34557
1789571700,1.345565,1.34559,1.345335,1.34551
1789572000,1.345505,1.34552,1.34528,1.34533
1789572300,1.345335,1.345335,1.344815,1.344835
1789572600,1.34484,1.344845,1.344545,1.344685
1789572900,1.344695,1.345015,1.344655,1.344885
1789573200,1.34488,1.34492,1.344585,1.3446
1789573500,1.344615,1.34524,1.34451,1.344795
1789573800,1.34479,1.34493,1.34458,1.34458
1789574100,1.344585,1.34476,1.34447,1.3445
1789574400,1.344505,1.34459,1.344365,1.34437
1789574700,1.344375,1.34448,1.34423,1.34429
1789575000,1.344285,1.344425,1.34426,1.34441
1789575300,1.344415,1.344785,1.3444,1.344675
1789575600,1.34467,1.345065,1.34465,1.34504
1789575900,1.345045,1.345115,1.34481,1.34487
1789576200,1.34487,1.34493,1.34467,1.344905
1789576500,1.344905,1.345015,1.3448,1.34489
1789576800,1.344885,1.34491,1.344775,1.344795
1789577100,1.3448,1.3449,1.344685,1.34472
1789577400,1.344715,1.34477,1.34462,1.344625
1789577700,1.344625,1.34474,1.344495,1.344495
1789578000,1.3445,1.34451,1.344305,1.344335
1789578300,1.344335,1.34439,1.34413,1.344145
1789578600,1.34415,1.34417,1.34394,1.344005
1789578900,1.344,1.344255,1.343965,1.3441
1789579200,1.3441,1.34423,1.34406,1.344085
1789579500,1.34408,1.34426,1.344065,1.34421
1789579800,1.344205,1.344385,1.34419,1.344345
1789580100,1.344345,1.344435,1.344245,1.344245
1789580400,1.34425,1.34442,1.344215,1.34437
1789580700,1.344375,1.344475,1.34432,1.34437
1789581000,1.344365,1.34452,1.344265,1.344345
1789581300,1.34435,1.34503,1.3443,1.345
1789581600,1.345015,1.34618,1.34168,1.342455
1789581900,1.34245,1.343495,1.34203,1.34276
1789582200,1.342765,1.34285,1.34101,1.341105
1789582500,1.34111,1.34151,1.340695,1.34122
1789582800,1.34123,1.34196,1.34104,1.3414
1789583100,1.34139,1.341395,1.34077,1.34106
1789583400,1.34105,1.34121,1.339275,1.339375
1789583700,1.33937,1.340035,1.338585,1.33972
1789584000,1.339725,1.340525,1.33907,1.33991
1789584300,1.339915,1.34045,1.33957,1.339985
1789584600,1.33998,1.34007,1.33838,1.338705
1789584900,1.33871,1.33908,1.338075,1.338155
1789585200,1.33816,1.339285,1.33808,1.338895
1789585500,1.33889,1.3391,1.33812,1.33821
1789585800,1.3382,1.33847,1.33795,1.33831
1789586100,1.33832,1.338505,1.33759,1.337785
1789586400,1.337795,1.33796,1.337545,1.33775
1789586700,1.337745,1.337885,1.33723,1.33777
1789587000,1.337765,1.338655,1.337685,1.33865
1789587300,1.338645,1.33907,1.33844,1.338855
1789587600,1.33885,1.3391,1.33848,1.33851
1789587900,1.338485,1.33883,1.33828,1.33854
1789588200,1.338555,1.33857,1.33827,1.33845
1789588500,1.338455,1.3387,1.338275,1.33868
1789588800,1.338675,1.33896,1.338565,1.338575
1789589100,1.33857,1.33863,1.33815,1.338395
1789589400,1.3384,1.3384,1.338055,1.3381
1789589700,1.3381,1.33827,1.3379,1.33793
1789590000,1.337945,1.337945,1.33757,1.33764
1789590300,1.337645,1.337735,1.33747,1.33766
1789590600,1.337655,1.33795,1.33762,1.33794
1789590900,1.33794,1.338255,1.33787,1.338175
1789591200,1.33817,1.33817,1.33797,1.33808
1789591500,1.338085,1.338285,1.338065,1.33818
1789591800,1.338185,1.33819,1.33787,1.33807
1789592100,1.338065,1.33817,1.337895,1.338065
1789592400,1.338065,1.3383,1.33794,1.33807
1789592700,1.33809,1.33827,1.33801,1.338245
1789593000,1.338245,1.338515,1.338165,1.338295
1789593300,1.338415,1.338885,1.33815,1.33817
1789593600,1.33817,1.338825,1.33817,1.338585
1789593900,1.338585,1.338625,1.33858,1.33858
1789594200,1.33858,1.33894,1.33813,1.33821
1789594500,1.33821,1.33832,1.33809,1.33815
1789594800,1.338165,1.338325,1.33812,1.338265
1789595100,1.338265,1.338775,1.338205,1.338645
1789595400,1.338645,1.338915,1.33824,1.33847
1789595700,1.33847,1.33867,1.337755,1.33782
1789596000,1.337815,1.33799,1.337495,1.3375
1789596300,1.337505,1.337915,1.337505,1.337785
1789596600,1.33778,1.33782,1.33765,1.337715
1789596900,1.33771,1.337995,1.3377,1.33791
1789597200,1.3379,1.337975,1.33788,1.33793
1789597500,1.33793,1.338125,1.337925,1.338005
1789597800,1.33799,1.3381,1.33792,1.338025
1789598100,1.338025,1.3381,1.337995,1.338015
1789598400,1.338015,1.33803,1.33801,1.338015
1789598700,1.33801,1.338215,1.338005,1.33809
1789599000,1.338095,1.338135,1.33795,1.337955
1789599300,1.33796,1.33804,1.33796,1.338025
1789599600,1.338015,1.338125,1.33788,1.338125
1789599900,1.33812,1.338245,1.33799,1.338115
1789600200,1.338115,1.338235,1.338105,1.33818
1789600500,1.338185,1.33831,1.338185,1.338195
1789600800,1.3382,1.338345,1.3382,1.338215
1789601100,1.338215,1.3383,1.33811,1.338115
1789601400,1.33813,1.338335,1.338125,1.338295
1789601700,1.338295,1.338425,1.338265,1.338325
1789602000,1.338315,1.338575,1.33828,1.33834
1789602300,1.33835,1.33843,1.33822,1.338355
1789602600,1.33836,1.338605,1.338345,1.33838
1789602900,1.33837,1.3384,1.338175,1.33819
1789603200,1.338195,1.33855,1.338145,1.33847
1789603500,1.338465,1.338705,1.338425,1.3386
1789603800,1.338615,1.33866,1.338395,1.3384
1789604100,1.338395,1.338425,1.33812,1.338285
1789604400,1.33828,1.338315,1.338105,1.338185
1789604700,1.3382,1.33829,1.33804,1.338085
1789605000,1.338085,1.338235,1.338045,1.33812
1789605300,1.33812,1.33813,1.33788,1.33789
1789605600,1.337895,1.33807,1.337815,1.337925
1789605900,1.33792,1.33798,1.33772,1.33773
1789606200,1.33773,1.33779,1.33722,1.337315
1789606500,1.33731,1.33739,1.33722,1.33725
1789606800,1.337245,1.33733,1.337065,1.337115
1789607100,1.33711,1.33767,1.33708,1.33758
1789607400,1.33758,1.33766,1.33727,1.33765
1789607700,1.337655,1.33781,1.33757,1.33757
1789608000,1.33758,1.337905,1.337505,1.337765
1789608300,1.33777,1.33777,1.337535,1.33761
1789608600,1.337615,1.337875,1.33759,1.33762
1789608900,1.33762,1.337625,1.33713,1.33716
1789609200,1.337155,1.337185,1.337015,1.33711
1789609500,1.337105,1.33712,1.336975,1.337025
1789609800,1.33702,1.337265,1.337,1.337255
1789610100,1.33726,1.33726,1.33702,1.337085
1789610400,1.337085,1.337405,1.33708,1.337405
1789610700,1.3374,1.33762,1.337385,1.337595
1789611000,1.337595,1.337675,1.337305,1.33766
1789611300,1.33765,1.3377,1.337465,1.337595
1789611600,1.3376,1.3376,1.337355,1.33739
1789611900,1.337395,1.33751,1.33737,1.33737
1789612200,1.337365,1.3374,1.337195,1.337215
1789612500,1.33721,1.337475,1.337065,1.337455
1789612800,1.33745,1.3375,1.337365,1.337375
1789613100,1.337375,1.33741,1.33711,1.337175
1789613400,1.33718,1.3373,1.336965,1.336995
1789613700,1.33699,1.33708,1.33694,1.33708
1789614000,1.337085,1.33719,1.33695,1.337075
1789614300,1.33708,1.337315,1.33707,1.33727
1789614600,1.337265,1.33742,1.337255,1.337415
1789614900,1.33741,1.337475,1.33712,1.33736
1789615200,1.33736,1.33737,1.33712,1.33721
1789615500,1.33721,1.33722,1.337055,1.33707
1789615800,1.337065,1.337265,1.33705,1.337175
1789616100,1.33717,1.337415,1.337095,1.337415
1789616400,1.33741,1.337435,1.33719,1.337195
1789616700,1.3372,1.337225,1.337065,1.33717
1789617000,1.337175,1.337195,1.337095,1.33717
1789617300,1.337175,1.337455,1.337175,1.337365
1789617600,1.33737,1.337595,1.33728,1.33755
1789617900,1.33755,1.337635,1.33754,1.337605
1789618200,1.3376,1.33761,1.3374,1.33741
1789618500,1.337405,1.33759,1.33731,1.33758
1789618800,1.337585,1.33782,1.33758,1.33772
1789619100,1.33772,1.33772,1.337605,1.337695
1789619400,1.33769,1.337965,1.33761,1.337875
1789619700,1.337875,1.33809,1.337795,1.3378
1789620000,1.3378,1.3378,1.33766,1.337785
1789620300,1.33778,1.33809,1.33778,1.33799
1789620600,1.33799,1.338115,1.33797,1.338025
1789620900,1.33803,1.338115,1.337995,1.33809
1789621200,1.338085,1.33829,1.33807,1.33817
1789621500,1.33817,1.338185,1.33792,1.337985
1789621800,1.337985,1.33802,1.33787,1.338005
1789622100,1.338,1.338,1.33785,1.337915
1789622400,1.337915,1.337975,1.3378,1.33797
1789622700,1.33796,1.338215,1.33792,1.338185
1789623000,1.33819,1.33822,1.33802,1.338195
1789623300,1.338195,1.33831,1.33811,1.338205
1789623600,1.338205,1.338285,1.33816,1.33821
1789623900,1.338215,1.33828,1.338125,1.33821
1789624200,1.338215,1.33831,1.33805,1.33819
1789624500,1.338195,1.338195,1.338075,1.33817
1789624800,1.338165,1.338285,1.337975,1.338125
1789625100,1.33812,1.3384,1.33812,1.338285
1789625400,1.33829,1.338605,1.338245,1.338585
1789625700,1.338585,1.33867,1.33838,1.33864
1789626000,1.338645,1.339005,1.33861,1.338995
1789626300,1.339,1.33931,1.33899,1.339215
1789626600,1.33921,1.33939,1.339045,1.3392
1789626900,1.339205,1.339295,1.33899,1.33905
1789627200,1.339045,1.339425,1.339045,1.339395
1789627500,1.3394,1.33961,1.33926,1.3396
1789627800,1.339605,1.3401,1.3396,1.340075
1789628100,1.34008,1.340225,1.33979,1.33988
1789628400,1.33987,1.33993,1.33934,1.339345
1789628700,1.33935,1.33948,1.33917,1.339265
1789629000,1.33927,1.3395,1.33902,1.339125
1789629300,1.33912,1.33957,1.33912,1.339265
1789629600,1.33926,1.33927,1.33902,1.3392
1789629900,1.339195,1.33936,1.33912,1.33933
1789630200,1.339335,1.33943,1.33905,1.33912
1789630500,1.339125,1.339375,1.338955,1.339335
1789630800,1.33933,1.33935,1.33895,1.339135
1789631100,1.339135,1.33914,1.3389,1.339035
1789631400,1.33903,1.33904,1.338625,1.33876
1789631700,1.338765,1.338915,1.33856,1.338865
1789632000,1.33886,1.33886,1.33846,1.338535
1789632300,1.33855,1.338645,1.338465,1.338525
1789632600,1.33853,1.33856,1.3379,1.338
1789632900,1.337995,1.338235,1.33793,1.33807
1789633200,1.33806,1.338255,1.33796,1.338065
1789633500,1.33807,1.3382,1.337905,1.338185
1789633800,1.33818,1.33841,1.33811,1.33836
1789634100,1.338355,1.33848,1.338315,1.33845
1789634400,1.338445,1.33867,1.338425,1.338605
1789634700,1.338595,1.339165,1.338485,1.338955
1789635000,1.33897,1.33897,1.33858,1.33858
1789635300,1.338585,1.339605,1.33858,1.339505
1789635600,1.33951,1.3398,1.339295,1.339355
1789635900,1.33935,1.33972,1.33934,1.33966
1789636200,1.339665,1.339985,1.33963,1.33977
1789636500,1.339765,1.33989,1.33955,1.339555
1789636800,1.33955,1.3396,1.339325,1.33956
1789637100,1.33955,1.339565,1.33921,1.33948
1789637400,1.339475,1.33957,1.33927,1.339495
1789637700,1.33948,1.339775,1.339405,1.33974
1789638000,1.339735,1.339785,1.339345,1.339355
1789638300,1.339345,1.339435,1.339255,1.33943
1789638600,1.339425,1.33964,1.339415,1.33958
1789638900,1.339585,1.3397,1.339355,1.339465
1789639200,1.33947,1.339735,1.339405,1.33947
1789639500,1.339465,1.339925,1.33944,1.339765
1789639800,1.33976,1.340315,1.33976,1.340075
1789640100,1.34007,1.340435,1.33998,1.340375
1789640400,1.340375,1.3405,1.34012,1.34036
1789640700,1.340355,1.340465,1.340065,1.340355
1789641000,1.34036,1.34046,1.340105,1.340225
1789641300,1.34022,1.340535,1.340205,1.340335
1789641600,1.34034,1.34037,1.34002,1.340175
1789641900,1.34018,1.34036,1.340135,1.34032
1789642200,1.340315,1.34061,1.34021,1.34025
1789642500,1.340245,1.34063,1.340245,1.34043
1789642800,1.340455,1.34054,1.337125,1.33726
1789643100,1.337255,1.337365,1.336015,1.336345
1789643400,1.33634,1.336915,1.33613,1.336525
1789643700,1.336525,1.33658,1.334975,1.33499
1789644000,1.334995,1.336015,1.334965,1.33585
1789644300,1.33586,1.33668,1.33565,1.336565
1789644600,1.33656,1.336805,1.335975,1.336465
1789644900,1.33647,1.33679,1.336315,1.33664
1789645200,1.336625,1.33737,1.33647,1.337055
1789645500,1.33705,1.337225,1.336515,1.33666
1789645800,1.33665,1.336865,1.336525,1.33685
1789646100,1.336845,1.3372,1.336445,1.336975
1789646400,1.336985,1.3374,1.336855,1.33712
1789646700,1.337125,1.337775,1.33712,1.337625
1789647000,1.33763,1.33859,1.337455,1.33836
1789647300,1.338365,1.33884,1.338025,1.33878
1789647600,1.33879,1.338925,1.338535,1.33883
1789647900,1.33884,1.339535,1.338795,1.339435
1789648200,1.33943,1.339555,1.33901,1.339225
1789648500,1.33923,1.33923,1.338425,1.338635
1789648800,1.33865,1.338755,1.338135,1.33833
1789649100,1.338325,1.33854,1.338215,1.33822
1789649400,1.33823,1.33839,1.33801,1.33836
1789649700,1.338365,1.338665,1.338225,1.33864
1789650000,1.338635,1.33881,1.338335,1.33837
1789650300,1.33837,1.33837,1.337755,1.33776
1789650600,1.33777,1.337915,1.33723,1.33737
1789650900,1.337375,1.33776,1.337355,1.33754
1789651200,1.337545,1.33776,1.337205,1.33753
1789651500,1.337535,1.337835,1.33746,1.33768
1789651800,1.337675,1.337775,1.337245,1.337385
1789652100,1.33739,1.3381,1.33739,1.337985
1789652400,1.33799,1.33804,1.33704,1.33715
1789652700,1.337145,1.337775,1.33712,1.33755
1789653000,1.337545,1.337685,1.337135,1.33714
1789653300,1.33715,1.337485,1.337125,1.337365
1789653600,1.33736,1.337775,1.336955,1.337735
1789653900,1.33774,1.338,1.337505,1.33799
1789654200,1.337985,1.33807,1.33757,1.337725
1789654500,1.33773,1.33785,1.33712,1.337145
1789654800,1.33715,1.33747,1.33692,1.33722
1789655100,1.337235,1.337245,1.33632,1.33633
1789655400,1.33633,1.336645,1.33617,1.33625
1789655700,1.336245,1.33625,1.3354,1.335405
1789656000,1.33541,1.33584,1.33534,1.33534
1789656300,1.335345,1.33597,1.33525,1.335855
1789656600,1.33586,1.336035,1.33522,1.335235
1789656900,1.33524,1.33548,1.33511,1.33527
1789657200,1.335275,1.33578,1.335205,1.33545
1789657500,1.335445,1.335785,1.33526,1.33544
1789657800,1.335435,1.33548,1.335095,1.335445
1789658100,1.33545,1.335995,1.33543,1.33595
1789658400,1.335955,1.335955,1.33544,1.335485
1789658700,1.33548,1.33566,1.335,1.335145
1789659000,1.33515,1.33515,1.334375,1.33454
1789659300,1.33455,1.33477,1.334205,1.33423
1789659600,1.334235,1.33448,1.33401,1.334025
1789659900,1.33402,1.334115,1.33363,1.334025
1789660200,1.33402,1.334655,1.33391,1.334645
1789660500,1.33464,1.33464,1.334335,1.33453
1789660800,1.334535,1.33468,1.334235,1.334255
1789661100,1.33425,1.334285,1.33387,1.33406
1789661400,1.33406,1.334475,1.33381,1.334455
1789661700,1.33445,1.3346,1.33425,1.33437
1789662000,1.334375,1.3347,1.33433,1.33459
1789662300,1.3346,1.3348,1.334565,1.334785
1789662600,1.334785,1.33488,1.334535,1.33478
1789662900,1.33478,1.33499,1.334735,1.33498
1789663200,1.33498,1.33509,1.334935,1.335085
1789663500,1.335085,1.335085,1.334855,1.334945
1789663800,1.334935,1.334945,1.33475,1.33477
1789664100,1.334775,1.33491,1.33456,1.334875
1789664400,1.33487,1.335155,1.33454,1.335155
1789664700,1.33516,1.3352,1.33504,1.33506
1789665000,1.33506,1.33506,1.334845,1.334985
1789665300,1.33498,1.335215,1.33493,1.33518
1789665600,1.33518,1.33527,1.33511,1.33525
1789665900,1.335245,1.33527,1.33502,1.335165
1789666200,1.33517,1.335245,1.33509,1.33509
1789666500,1.33508,1.335185,1.33498,1.335065
1789666800,1.33506,1.335105,1.334885,1.334975
1789667100,1.33497,1.33501,1.334675,1.33476
1789667400,1.334755,1.334775,1.33457,1.33469
1789667700,1.334685,1.335,1.334655,1.334995
1789668000,1.335,1.33539,1.33489,1.33538
1789668300,1.335385,1.33547,1.335205,1.33523
1789668600,1.33523,1.335465,1.33517,1.335455
1789668900,1.335455,1.335485,1.3353,1.33544
1789669200,1.33544,1.335495,1.33526,1.33526
1789669500,1.33526,1.335335,1.33524,1.33527
1789669800,1.335275,1.335395,1.335165,1.33526
1789670100,1.335255,1.33533,1.335185,1.335285
1789670400,1.335285,1.33541,1.335265,1.33538
1789670700,1.33538,1.335585,1.335275,1.33557
1789671000,1.33557,1.33558,1.335225,1.33535
1789671300,1.33535,1.33535,1.335045,1.33527
1789671600,1.335275,1.335615,1.33525,1.335435
1789671900,1.33544,1.33556,1.33536,1.33552
1789672200,1.33552,1.33554,1.335355,1.33546
1789672500,1.335455,1.3355,1.335325,1.33548
1789672800,1.33548,1.335675,1.33547,1.335585
1789673100,1.33558,1.33575,1.33558,1.335675
1789673400,1.33568,1.33581,1.33567,1.33578
1789673700,1.33578,1.33589,1.33576,1.33581
1789674000,1.335805,1.33588,1.335715,1.335775
1789674300,1.33577,1.335875,1.335725,1.3358
1789674600,1.335805,1.33591,1.33575,1.33588
1789674900,1.33589,1.33592,1.33575,1.33576
1789675200,1.33578,1.335895,1.33561,1.33561
1789675500,1.335615,1.3357,1.335565,1.335565
1789675800,1.335565,1.335565,1.33528,1.335405
1789676100,1.3354,1.33548,1.335365,1.33548
1789676400,1.33548,1.33556,1.33536,1.335365
1789676700,1.33537,1.33559,1.33537,1.33556
1789677000,1.33557,1.33567,1.33557,1.33558
1789677300,1.33558,1.335605,1.33556,1.33558
1789677600,1.335585,1.335625,1.335495,1.33559
1789677900,1.335595,1.335765,1.33556,1.335755
1789678200,1.335755,1.335855,1.3357,1.335725
1789678500,1.33571,1.335935,1.3357,1.335915
1789678800,1.33592,1.33593,1.33563,1.33563
1789679100,1.33553,1.33579,1.335485,1.335535
1789679400,1.335535,1.335585,1.33531,1.335455
1789679700,1.33546,1.335515,1.33546,1.33547
1789680000,1.33547,1.33559,1.335435,1.33559
1789680300,1.33559,1.335615,1.33556,1.33558
1789680600,1.33562,1.33597,1.33556,1.33582
1789680900,1.33582,1.336065,1.33582,1.335965
1789681200,1.335955,1.336085,1.335805,1.33585
1789681500,1.335865,1.33614,1.33586,1.336085
1789681800,1.336105,1.336105,1.335225,1.335705
1789682100,1.33574,1.335905,1.33543,1.33554
1789682400,1.33553,1.33603,1.335425,1.335565
1789682700,1.335565,1.33575,1.335465,1.335735
1789683000,1.33574,1.336,1.33569,1.335895
1789683300,1.33589,1.33592,1.335885,1.335885
1789683600,1.335885,1.335905,1.3358,1.33583
1789683900,1.33583,1.33592,1.3358,1.33592
1789684200,1.33591,1.33599,1.335885,1.335975
1789684500,1.335975,1.335995,1.33592,1.335975
1789684800,1.335975,1.335995,1.335945,1.335985
1789685100,1.33597,1.33599,1.335865,1.33592
1789685400,1.33592,1.33597,1.335885,1.335895
1789685700,1.335895,1.33598,1.335885,1.3359
1789686000,1.335905,1.33593,1.335865,1.335915
1789686300,1.335915,1.33599,1.33589,1.33597
1789686600,1.33597,1.33598,1.33595,1.33597
1789686900,1.33597,1.33597,1.33587,1.33589
1789687200,1.33589,1.335985,1.335875,1.335975
1789687500,1.33597,1.335975,1.335825,1.33589
1789687800,1.33589,1.33589,1.335675,1.33581
1789688100,1.335815,1.33601,1.33577,1.33598
1789688400,1.33598,1.33598,1.33574,1.33577
1789688700,1.335775,1.33591,1.335755,1.335795
1789689000,1.335795,1.335865,1.335665,1.33581
1789689300,1.33581,1.33583,1.33556,1.3356
1789689600,1.335605,1.335875,1.335525,1.33584
1789689900,1.335835,1.336115,1.335805,1.33611
1789690200,1.336105,1.33612,1.335975,1.33606
1789690500,1.33606,1.33615,1.33598,1.336115
1789690800,1.33612,1.33616,1.33598,1.336105
1789691100,1.336105,1.336105,1.335855,1.33589
1789691400,1.335885,1.335975,1.335865,1.33589
1789691700,1.335895,1.33597,1.335785,1.33582
1789692000,1.335825,1.33588,1.33568,1.33582
1789692300,1.335825,1.3359,1.33568,1.335885
1789692600,1.33588,1.33608,1.335805,1.33602
1789692900,1.33604,1.336215,1.336,1.33612
1789693200,1.336115,1.336375,1.33611,1.336155
1789693500,1.336145,1.336205,1.335855,1.33588
1789693800,1.33587,1.335915,1.33579,1.335815
1789694100,1.33581,1.33592,1.33578,1.33579
1789694400,1.33579,1.33606,1.335765,1.336025
1789694700,1.33603,1.33605,1.335815,1.33584
1789695000,1.335845,1.335885,1.33561,1.335785
1789695300,1.33578,1.33592,1.335655,1.335655
1789695600,1.33566,1.33594,1.335655,1.335815
1789695900,1.33581,1.33596,1.33571,1.33588
1789696200,1.33588,1.335995,1.33576,1.33598
1789696500,1.335975,1.33627,1.33591,1.33627
1789696800,1.336265,1.33627,1.336065,1.336075
1789697100,1.336075,1.336125,1.335895,1.3359
1789697400,1.335895,1.335965,1.335815,1.33591
1789697700,1.335905,1.33592,1.335755,1.335845
1789698000,1.335845,1.335955,1.335835,1.33593
1789698300,1.335935,1.33598,1.33583,1.335975
1789698600,1.33597,1.33604,1.335875,1.335895
1789698900,1.3359,1.33598,1.335795,1.33589
1789699200,1.335895,1.33594,1.335725,1.33575
1789699500,1.33576,1.336085,1.335755,1.335985
1789699800,1.33598,1.33608,1.33572,1.335725
1789700100,1.335735,1.336075,1.33571,1.33607
1789700400,1.336065,1.336265,1.335945,1.33622
1789700700,1.336225,1.33648,1.33617,1.33639
1789701000,1.336395,1.3367,1.336355,1.336585
1789701300,1.33658,1.336605,1.33646,1.336475
1789701600,1.33648,1.33658,1.33636,1.336405
1789701900,1.33641,1.33665,1.33641,1.33661
1789702200,1.336605,1.33678,1.336555,1.33678
1789702500,1.336785,1.3368,1.336595,1.33669
1789702800,1.336685,1.33697,1.33667,1.33696
1789703100,1.336965,1.33722,1.33696,1.33717
1789703400,1.337175,1.33721,1.33708,1.337185
1789703700,1.33718,1.337235,1.33708,1.3372
1789704000,1.337195,1.337545,1.337165,1.337465
1789704300,1.337475,1.33758,1.33741,1.33746
1789704600,1.337465,1.337475,1.337355,1.337395
1789704900,1.33739,1.337465,1.337335,1.337365
1789705200,1.33736,1.33738,1.33716,1.33727
1789705500,1.337275,1.337315,1.33711,1.33717
1789705800,1.33718,1.33725,1.33714,1.33716
1789706100,1.33716,1.337175,1.337035,1.3371
1789706400,1.337095,1.337265,1.33708,1.337135
1789706700,1.33714,1.33716,1.336965,1.337065
1789707000,1.337065,1.33717,1.33699,1.337055
1789707300,1.33705,1.337085,1.33688,1.336905
1789707600,1.336905,1.33705,1.33684,1.33688
1789707900,1.336885,1.337005,1.33685,1.3369
1789708200,1.336895,1.3369,1.336695,1.336755
1789708500,1.33676,1.33683,1.33668,1.3367
1789708800,1.3367,1.336715,1.33643,1.336545
1789709100,1.336545,1.336605,1.336375,1.33639
1789709400,1.33638,1.3364,1.33617,1.33618
1789709700,1.336185,1.336335,1.33616,1.336285
1789710000,1.336285,1.33631,1.33616,1.336275
1789710300,1.336275,1.336305,1.33614,1.336155
1789710600,1.33616,1.336325,1.336135,1.3362
1789710900,1.336195,1.336325,1.33613,1.33617
1789711200,1.336165,1.336615,1.33613,1.33639
1789711500,1.33639,1.33666,1.33629,1.336585
1789711800,1.33659,1.336875,1.33657,1.336775
1789712100,1.33678,1.33691,1.3365,1.336875
1789712400,1.33688,1.33719,1.336865,1.337085
1789712700,1.33709,1.337405,1.33697,1.33728
1789713000,1.337275,1.3374,1.337105,1.337185
1789713300,1.337175,1.33725,1.33684,1.33709
1789713600,1.337095,1.337505,1.33702,1.33721
1789713900,1.337215,1.337395,1.33715,1.337165
1789714200,1.33717,1.337305,1.336965,1.337165
1789714500,1.33716,1.337215,1.33698,1.337025
1789714800,1.33702,1.33714,1.33669,1.337105
1789715100,1.337115,1.337285,1.33707,1.337255
1789715400,1.33725,1.337295,1.3367,1.33678
1789715700,1.336785,1.33696,1.33664,1.33665
1789716000,1.336655,1.336695,1.336345,1.336455
1789716300,1.33646,1.33672,1.33645,1.336685
1789716600,1.336685,1.336715,1.33607,1.336435
1789716900,1.336435,1.336655,1.336125,1.3366
1789717200,1.336605,1.33697,1.336515,1.336915
1789717500,1.33692,1.33707,1.33671,1.33694
1789717800,1.336945,1.337215,1.33691,1.336925
1789718100,1.33692,1.337055,1.336715,1.336725
1789718400,1.33672,1.336925,1.33661,1.33692
1789718700,1.33693,1.337075,1.33683,1.33704
1789719000,1.33705,1.337285,1.336825,1.337135
1789719300,1.33713,1.337265,1.337065,1.33713
1789719600,1.337135,1.33725,1.33684,1.33707
1789719900,1.337065,1.337125,1.33694,1.33708
1789720200,1.33708,1.3372,1.33687,1.336875
1789720500,1.33687,1.337055,1.336785,1.336915
1789720800,1.33692,1.336925,1.33656,1.33672
1789721100,1.33673,1.336765,1.33651,1.33661
1789721400,1.33662,1.336985,1.336575,1.33695
1789721700,1.336955,1.33708,1.33676,1.33707
1789722000,1.33706,1.33712,1.3369,1.33709
1789722300,1.337085,1.337135,1.33685,1.33686
1789722600,1.33686,1.33696,1.33668,1.33679
1789722900,1.336785,1.3368,1.33663,1.336685
1789723200,1.33668,1.336795,1.336555,1.33679
1789723500,1.336785,1.3368,1.336545,1.33659
1789723800,1.336585,1.33677,1.3365,1.336685
1789724100,1.33669,1.336795,1.336555,1.336555
1789724400,1.33655,1.33686,1.336465,1.336675
1789724700,1.336685,1.336685,1.33643,1.33653
1789725000,1.336545,1.33722,1.33654,1.3372
1789725300,1.337205,1.33728,1.337,1.337065
1789725600,1.337055,1.33712,1.336805,1.33681
1789725900,1.336805,1.33719,1.336775,1.33697
1789726200,1.33697,1.337045,1.3369,1.33697
1789726500,1.336965,1.33702,1.33679,1.336925
1789726800,1.336925,1.336935,1.336705,1.33686
1789727100,1.336865,1.33695,1.33658,1.33663
1789727400,1.33663,1.336685,1.336375,1.33638
1789727700,1.336375,1.336445,1.336025,1.336055
1789728000,1.33606,1.33606,1.33546,1.33547
1789728300,1.335475,1.335475,1.33507,1.335125
1789728600,1.33512,1.3356,1.334975,1.33557
1789728900,1.335565,1.335805,1.335355,1.335795
1789729200,1.3358,1.336275,1.33575,1.336205
1789729500,1.3362,1.336225,1.33555,1.336105
1789729800,1.33611,1.336445,1.336,1.336025
1789730100,1.33603,1.33607,1.335575,1.33593
1789730400,1.335925,1.33602,1.335575,1.33576
1789730700,1.335755,1.33576,1.33523,1.33525
1789731000,1.335245,1.33539,1.33504,1.335305
1789731300,1.33531,1.33531,1.334635,1.334635
1789731600,1.334625,1.33474,1.3345,1.33455
1789731900,1.33454,1.33495,1.334495,1.3348
1789732200,1.334795,1.334795,1.33425,1.334365
1789732500,1.33436,1.334755,1.3343,1.334715
1789732800,1.33472,1.33489,1.334385,1.33475
1789733100,1.334745,1.33482,1.334225,1.33437
1789733400,1.334365,1.33442,1.33397,1.334415
1789733700,1.33441,1.334425,1.3338,1.33384
1789734000,1.333845,1.33398,1.333625,1.33364
1789734300,1.33364,1.333775,1.333555,1.333635
1789734600,1.33363,1.334205,1.333555,1.334165
1789734900,1.33416,1.33441,1.334155,1.33431
1789735200,1.334305,1.33437,1.334155,1.334265
1789735500,1.33427,1.334595,1.3342,1.33455
1789735800,1.33454,1.334915,1.334505,1.334675
1789736100,1.33468,1.33511,1.33468,1.334865
1789736400,1.33486,1.334895,1.33436,1.33461
1789736700,1.3346,1.334705,1.33438,1.334645
1789737000,1.33464,1.334645,1.334275,1.334275
1789737300,1.334275,1.3345,1.33417,1.33448
1789737600,1.334485,1.3346,1.33437,1.33447
1789737900,1.33446,1.33491,1.33445,1.334905
1789738200,1.334895,1.334975,1.33459,1.33464
1789738500,1.334635,1.334665,1.334065,1.33429
1789738800,1.334285,1.3347,1.334125,1.334695
1789739100,1.33469,1.33506,1.33455,1.334575
1789739400,1.334565,1.33472,1.334335,1.33435
1789739700,1.334345,1.33436,1.333945,1.33396
1789740000,1.333955,1.33461,1.333915,1.33446
1789740300,1.334465,1.33468,1.3341,1.334665
1789740600,1.33466,1.334965,1.33456,1.33496
1789740900,1.33496,1.335,1.33437,1.33444
1789741200,1.334435,1.33471,1.33415,1.33468
1789741500,1.334685,1.33499,1.33465,1.334855
1789741800,1.334845,1.33502,1.334785,1.334885
1789742100,1.33488,1.33535,1.33479,1.335185
1789742400,1.3352,1.33571,1.33518,1.33557
1789742700,1.335565,1.33593,1.33556,1.33576
1789743000,1.335765,1.33635,1.335755,1.33635
1789743300,1.33636,1.336595,1.336015,1.33604
1789743600,1.336035,1.33632,1.335665,1.335725
1789743900,1.33572,1.33611,1.335605,1.335995
1789744200,1.33599,1.33655,1.33575,1.33655
1789744500,1.33654,1.336805,1.336345,1.336795
1789744800,1.33679,1.337165,1.336595,1.337155
1789745100,1.33716,1.337545,1.337125,1.33739
1789745400,1.3374,1.33759,1.337145,1.33716
1789745700,1.33717,1.33768,1.33701,1.337025
1789746000,1.33703,1.33715,1.33676,1.336995
1789746300,1.337,1.33735,1.336805,1.337215
1789746600,1.33721,1.337225,1.336845,1.336915
1789746900,1.33692,1.33707,1.33664,1.33706
1789747200,1.337065,1.33719,1.33692,1.33694
1789747500,1.336945,1.33745,1.336925,1.337395
1789747800,1.33739,1.33765,1.337335,1.33762
1789748100,1.33763,1.338015,1.33749,1.33779
1789748400,1.337785,1.337865,1.337535,1.337635
1789748700,1.33764,1.33798,1.33764,1.33789
1789749000,1.337885,1.338295,1.337755,1.338055
1789749300,1.33805,1.33821,1.33796,1.338155
1789749600,1.338155,1.338485,1.338115,1.33831
1789749900,1.338315,1.33846,1.338265,1.33839
1789750200,1.33838,1.33857,1.3383,1.338505
1789750500,1.338495,1.33858,1.33821,1.33824
1789750800,1.338245,1.338535,1.33824,1.338435
1789751100,1.338435,1.338715,1.338375,1.338605
1789751400,1.33861,1.339315,1.338605,1.339315
1789751700,1.33932,1.339405,1.33919,1.339305
1789752000,1.339305,1.3394,1.339235,1.33931
1789752300,1.339305,1.33931,1.339135,1.33918
1789752600,1.339175,1.33927,1.338965,1.33915
1789752900,1.339155,1.3394,1.33914,1.339345
1789753200,1.33934,1.339405,1.33919,1.339295
1789753500,1.33929,1.33929,1.33895,1.33897
1789753800,1.338975,1.3391,1.33896,1.338975
1789754100,1.33898,1.33902,1.33884,1.33895
1789754400,1.338945,1.33913,1.33883,1.33902
1789754700,1.339015,1.33918,1.33899,1.339035
1789755000,1.339045,1.339115,1.338985,1.339045
1789755300,1.33904,1.339135,1.338835,1.33887
1789755600,1.338865,1.339,1.33885,1.33898
1789755900,1.338985,1.339,1.338905,1.33897
1789756200,1.338975,1.339075,1.33891,1.33907
1789756500,1.33907,1.33915,1.33893,1.33893
1789756800,1.338925,1.33894,1.33872,1.338745
1789757100,1.33875,1.339195,1.33873,1.33918
1789757400,1.339175,1.339285,1.339125,1.33913
1789757700,1.339125,1.339205,1.338995,1.33902
1789758000,1.33904,1.33919,1.339025,1.339045
1789758300,1.33904,1.33938,1.33904,1.33937
1789758600,1.339375,1.33954,1.33931,1.33949
1789758900,1.339485,1.339605,1.339375,1.339435
1789759200,1.33944,1.33976,1.339435,1.33967
1789759500,1.339665,1.33967,1.33937,1.33948
1789759800,1.339475,1.339595,1.33939,1.33956
1789760100,1.339555,1.33956,1.339385,1.339495
1789760400,1.3395,1.33951,1.33939,1.339455
1789760700,1.33945,1.339595,1.339375,1.33947
1789761000,1.339475,1.33959,1.339325,1.339325
1789761300,1.33933,1.339555,1.33933,1.3394
1789761600,1.339405,1.339575,1.339395,1.33957
1789761900,1.339575,1.339695,1.33948,1.339595
1789762200,1.339605,1.33978,1.339485,1.339555
1789762500,1.33956,1.339785,1.33947,1.339755
1789762800,1.33976,1.339765,1.339645,1.339665
1789763100,1.33967,1.339805,1.33967,1.3397
1789763400,1.3397,1.339775,1.339585,1.3396
1789763700,1.3396,1.33961,1.339485,1.339495
1789764000,1.339495,1.339535,1.339395,1.33953
1789764300,1.339525,1.339645,1.33938,1.339405
1789764600,1.33941,1.33946,1.33935,1.339375
1789764900,1.33939,1.33956,1.339225,1.339295
1789938000,1.339295,1.339295,1.33824,1.33867
1789938300,1.33893,1.33903,1.3389,1.339025
1789938600,1.339025,1.33908,1.339025,1.339075
1789938900,1.339075,1.339235,1.338725,1.33892
1789939200,1.33892,1.33919,1.338655,1.338895
1789939500,1.338895,1.33924,1.338735,1.33888
1789939800,1.339065,1.339215,1.338655,1.339015
1789940100,1.33899,1.33917,1.33861,1.338945
1789940400,1.338915,1.339175,1.338635,1.338925
1789940700,1.338925,1.33928,1.33863,1.338915
1789941000,1.338915,1.339185,1.33867,1.339095
1789941300,1.339265,1.339265,1.3387,1.33879
1789941600,1.3388,1.339285,1.338785,1.339275
1789941900,1.33928,1.33933,1.33921,1.339265
1789942200,1.33927,1.33932,1.339255,1.339305
1789942500,1.3393,1.33941,1.33929,1.339375
1789942800,1.339375,1.33939,1.339285,1.33929
1789943100,1.33929,1.339305,1.33919,1.33921
1789943400,1.339205,1.33925,1.339025,1.33904
1789943700,1.33904,1.339145,1.339,1.33911
1789944000,1.339115,1.33917,1.33909,1.339135
1789944300,1.339135,1.33914,1.339,1.339055
1789944600,1.339055,1.339095,1.339035,1.339075
1789944900,1.339075,1.33909,1.338905,1.33895
1789945200,1.338955,1.338955,1.338805,1.33881
1789945500,1.33882,1.33884,1.33875,1.33878
1789945800,1.33878,1.33896,1.338775,1.33896
1789946100,1.33895,1.33897,1.338835,1.338965
1789946400,1.338965,1.339005,1.33893,1.339005
1789946700,1.339,1.339125,1.33898,1.339115
1789947000,1.33911,1.339115,1.339005,1.33901
1789947300,1.339015,1.33906,1.33899,1.339
1789947600,1.339005,1.339005,1.33892,1.338925
1789947900,1.338925,1.339,1.338815,1.33898
1789948200,1.33898,1.338995,1.33883,1.33888
1789948500,1.338885,1.339,1.33886,1.338915
1789948800,1.33891,1.339005,1.338775,1.33886
1789949100,1.33886,1.339,1.33886,1.338925
1789949400,1.33892,1.339,1.33879,1.339
1789949700,1.339,1.339035,1.338865,1.338875
1789950000,1.33888,1.33898,1.338715,1.33898
1789950300,1.338975,1.33908,1.33895,1.339075
1789950600,1.339075,1.339155,1.338965,1.339045
1789950900,1.33905,1.33917,1.33898,1.339125
1789951200,1.33912,1.3393,1.33905,1.339095
1789951500,1.3391,1.339165,1.33896,1.339
1789951800,1.338995,1.33912,1.338965,1.338965
1789952100,1.33897,1.339,1.33877,1.338775
1789952400,1.33877,1.33905,1.33877,1.338875
1789952700,1.338875,1.339155,1.33882,1.33913
1789953000,1.339135,1.33924,1.33899,1.33906
1789953300,1.339055,1.339185,1.33898,1.33906
1789953600,1.339055,1.3392,1.33901,1.33916
1789953900,1.33916,1.33921,1.33907,1.33911
1789954200,1.33911,1.339185,1.339065,1.33913
1789954500,1.339125,1.33914,1.338975,1.33908
1789954800,1.33908,1.339315,1.33906,1.33928
1789955100,1.33928,1.33928,1.33918,1.339185
1789955400,1.339185,1.339295,1.33917,1.339265
1789955700,1.33926,1.33932,1.338885,1.33891
1789956000,1.338915,1.338955,1.33886,1.33889
1789956300,1.338885,1.338895,1.33869,1.338805
1789956600,1.338805,1.33884,1.33868,1.33871
1789956900,1.33871,1.33878,1.33869,1.338735
1789957200,1.33873,1.338765,1.338575,1.33861
1789957500,1.338605,1.33866,1.338575,1.338605
1789957800,1.33861,1.338645,1.33856,1.338575
1789958100,1.33857,1.33866,1.33849,1.33863
1789958400,1.338625,1.338645,1.33855,1.33857
1789958700,1.33857,1.33864,1.33844,1.33847
1789959000,1.33847,1.33847,1.33827,1.33827
1789959300,1.338275,1.338315,1.33822,1.338275
1789959600,1.33828,1.33829,1.338155,1.33827
1789959900,1.33827,1.33828,1.3381,1.338135
1789960200,1.338135,1.33847,1.338075,1.338465
1789960500,1.33846,1.33874,1.33844,1.338665
1789960800,1.338665,1.338665,1.33828,1.33837
1789961100,1.338375,1.338395,1.33796,1.33826
1789961400,1.338255,1.33837,1.338085,1.33836
1789961700,1.338355,1.33841,1.33829,1.33839
1789962000,1.338385,1.33839,1.33824,1.338245
1789962300,1.33825,1.33844,1.338245,1.338325
1789962600,1.338315,1.338325,1.338155,1.33817
1789962900,1.33818,1.338245,1.33816,1.338225
1789963200,1.33823,1.33826,1.338165,1.33819
1789963500,1.33819,1.33822,1.33807,1.33819
1789963800,1.338195,1.338285,1.33814,1.338285
1789964100,1.338285,1.33839,1.338275,1.33828
1789964400,1.338275,1.33837,1.338175,1.33827
1789964700,1.338265,1.338275,1.33763,1.3377
1789965000,1.337705,1.337755,1.337365,1.33775
1789965300,1.33775,1.33787,1.33766,1.33787
1789965600,1.33787,1.337965,1.33784,1.337845
1789965900,1.33785,1.33789,1.337835,1.33786
1789966200,1.33786,1.337885,1.33777,1.33786
1789966500,1.337865,1.337945,1.337765,1.33782
1789966800,1.337815,1.33785,1.337735,1.337745
1789967100,1.337745,1.33787,1.33772,1.33783
1789967400,1.33783,1.33788,1.33777,1.337865
1789967700,1.33787,1.337895,1.337775,1.33782
1789968000,1.337815,1.33783,1.33773,1.337775
1789968300,1.337765,1.337765,1.3376,1.33767
1789968600,1.33766,1.33777,1.337595,1.33768
1789968900,1.33768,1.337695,1.33755,1.337695
1789969200,1.33769,1.337705,1.337555,1.33762
1789969500,1.337615,1.33763,1.33753,1.33758
1789969800,1.33758,1.337705,1.33756,1.33764
1789970100,1.33763,1.337675,1.33754,1.337575
1789970400,1.337585,1.337635,1.337245,1.33731
1789970700,1.337315,1.33739,1.337245,1.33734
1789971000,1.337335,1.33748,1.33729,1.337455
1789971300,1.337465,1.337495,1.337325,1.337445
1789971600,1.33745,1.33768,1.33738,1.33767
1789971900,1.33767,1.337935,1.337655,1.337875
1789972200,1.33787,1.33791,1.337675,1.337795
1789972500,1.337795,1.33785,1.337735,1.337795
1789972800,1.337795,1.338065,1.337765,1.33799
1789973100,1.337985,1.338285,1.337945,1.33818
1789973400,1.338185,1.338335,1.338035,1.338035
1789973700,1.33803,1.33813,1.337665,1.33772
1789974000,1.337725,1.33777,1.336985,1.33716
1789974300,1.33717,1.3373,1.337065,1.337185
1789974600,1.33718,1.33726,1.336865,1.33726
1789974900,1.33725,1.337475,1.33719,1.33747
1789975200,1.337465,1.337815,1.337435,1.337685
1789975500,1.33769,1.33795,1.33765,1.337855
1789975800,1.337855,1.338015,1.33779,1.33794
1789976100,1.33794,1.33797,1.337555,1.33776
1789976400,1.337765,1.33798,1.337655,1.33788
1789976700,1.337885,1.338195,1.3378,1.33808
1789977000,1.338085,1.338195,1.33799,1.338045
1789977300,1.33804,1.33826,1.33796,1.33796
1789977600,1.337955,1.338195,1.337955,1.33814
1789977900,1.338135,1.338275,1.338035,1.338245
1789978200,1.33825,1.338685,1.33824,1.33848
1789978500,1.338475,1.338575,1.33828,1.338295
1789978800,1.33829,1.338585,1.33829,1.33838
1789979100,1.338385,1.338565,1.33838,1.338445
1789979400,1.33844,1.33884,1.33843,1.338835
1789979700,1.33883,1.338835,1.338405,1.33858
1789980000,1.338575,1.338725,1.338535,1.33869
1789980300,1.338685,1.338875,1.338605,1.338805
1789980600,1.3388,1.338805,1.338435,1.338435
1789980900,1.33844,1.33848,1.338235,1.338285
1789981200,1.33828,1.338455,1.33818,1.338265
1789981500,1.338265,1.33864,1.33825,1.33853
1789981800,1.338525,1.338665,1.33842,1.33864
1789982100,1.338645,1.33869,1.33852,1.33857
1789982400,1.338565,1.33859,1.338385,1.338535
1789982700,1.33853,1.33855,1.338285,1.338355
1789983000,1.33836,1.33845,1.33814,1.33817
1789983300,1.33817,1.33859,1.33817,1.33857
1789983600,1.338575,1.33865,1.338265,1.33827
1789983900,1.33828,1.33836,1.337965,1.337975
1789984200,1.337985,1.338365,1.337975,1.338355
1789984500,1.33836,1.33842,1.33809,1.338365
1789984800,1.33836,1.338495,1.33823,1.338375
1789985100,1.33837,1.33847,1.33835,1.338465
1789985400,1.338465,1.338505,1.33828,1.338395
1789985700,1.338395,1.33847,1.338275,1.338335
1789986000,1.33833,1.338405,1.338325,1.338335
1789986300,1.338325,1.338465,1.33832,1.33836
1789986600,1.338345,1.33835,1.338045,1.338065
1789986900,1.33807,1.33839,1.33807,1.338375
1789987200,1.338375,1.3385,1.33836,1.33837
1789987500,1.338375,1.3384,1.338185,1.3382
1789987800,1.3382,1.33826,1.338055,1.33816
1789988100,1.338165,1.338285,1.337965,1.338065
1789988400,1.338065,1.33828,1.33806,1.338275
1789988700,1.33828,1.33855,1.338175,1.33848
1789989000,1.338475,1.338495,1.33826,1.338495
1789989300,1.33849,1.338735,1.338485,1.33863
1789989600,1.338625,1.338765,1.33858,1.338715
1789989900,1.338725,1.338935,1.33871,1.338925
1789990200,1.33893,1.33896,1.33876,1.338875
1789990500,1.33888,1.339175,1.338875,1.33903
1789990800,1.33903,1.339605,1.338925,1.33952
1789991100,1.339515,1.339585,1.339335,1.339565
1789991400,1.339565,1.339635,1.33936,1.339575
1789991700,1.339555,1.33973,1.339305,1.33948
1789992000,1.339485,1.339935,1.339435,1.3399
1789992300,1.3399,1.340025,1.339455,1.339465
1789992600,1.339465,1.33948,1.33933,1.33936
1789992900,1.339365,1.339655,1.33932,1.339605
1789993200,1.3396,1.33977,1.339455,1.3395
1789993500,1.339495,1.3396,1.33925,1.33933
1789993800,1.33934,1.33945,1.339065,1.33919
1789994100,1.339195,1.339455,1.339015,1.339015
1789994400,1.33902,1.339285,1.33892,1.33923
1789994700,1.339235,1.33926,1.339045,1.33905
1789995000,1.339055,1.339195,1.33898,1.33906
1789995300,1.33906,1.33917,1.338955,1.339105
1789995600,1.33911,1.33925,1.339025,1.339165
1789995900,1.339165,1.339275,1.339005,1.339185
1789996200,1.33918,1.339235,1.33907,1.33916
1789996500,1.339155,1.339425,1.33914,1.339255
1789996800,1.33925,1.33931,1.33907,1.339155
1789997100,1.33915,1.339405,1.339035,1.339315
1789997400,1.33931,1.33935,1.338805,1.33903
1789997700,1.339025,1.339055,1.33866,1.338675
1789998000,1.33867,1.33901,1.338585,1.338655
1789998300,1.33866,1.33866,1.337995,1.338185
1789998600,1.338185,1.338485,1.338085,1.33809
1789998900,1.338095,1.33812,1.33787,1.337965
1789999200,1.33797,1.33799,1.337095,1.33712
1789999500,1.337125,1.337325,1.336855,1.337295
1789999800,1.337285,1.33738,1.33698,1.33734
1790000100,1.33734,1.337555,1.33703,1.33713
1790000400,1.337135,1.337445,1.33708,1.337245
1790000700,1.33724,1.33783,1.33718,1.33777
1790001000,1.337775,1.337875,1.337485,1.33754
1790001300,1.337535,1.337865,1.337535,1.337575
1790001600,1.33758,1.3379,1.33747,1.33749
1790001900,1.337495,1.337775,1.337155,1.33718
1790002200,1.33717,1.337655,1.337145,1.33765
1790002500,1.337655,1.337705,1.337295,1.337365
1790002800,1.337355,1.337505,1.337175,1.33727
1790003100,1.337275,1.33754,1.337185,1.337335
1790003400,1.33734,1.337395,1.337045,1.337355
1790003700,1.33736,1.337445,1.337235,1.337255
1790004000,1.337255,1.3373,1.337015,1.337155
1790004300,1.33715,1.33729,1.337135,1.33714
1790004600,1.337145,1.337185,1.337045,1.337175
1790004900,1.337175,1.337185,1.336845,1.336935
1790005200,1.33693,1.337,1.33676,1.336975
1790005500,1.33697,1.33716,1.336855,1.33695
1790005800,1.336945,1.33727,1.33672,1.33693
1790006100,1.336935,1.33704,1.336835,1.337035
1790006400,1.33704,1.33714,1.33684,1.337075
1790006700,1.33709,1.337345,1.33703,1.337215
1790007000,1.33721,1.33734,1.33704,1.337165
1790007300,1.337175,1.33736,1.337085,1.33735
1790007600,1.33734,1.33755,1.337215,1.33723
1790007900,1.337225,1.33736,1.337155,1.337155
1790008200,1.337155,1.33734,1.33712,1.33733
1790008500,1.33733,1.33749,1.337175,1.337185
1790008800,1.33718,1.337185,1.337045,1.33713
1790009100,1.337125,1.33722,1.33712,1.33718
1790009400,1.337185,1.33726,1.33696,1.33707
1790009700,1.337065,1.337125,1.33686,1.33691
1790010000,1.336905,1.337005,1.336795,1.3369
1790010300,1.336905,1.33713,1.33688,1.337115
1790010600,1.33712,1.337225,1.337055,1.33706
1790010900,1.337055,1.33711,1.33689,1.33691
1790011200,1.33692,1.33717,1.3369,1.33705
1790011500,1.337055,1.33734,1.337055,1.33726
1790011800,1.337265,1.33728,1.33693,1.33694
1790012100,1.336945,1.337,1.33678,1.336815
1790012400,1.336815,1.337035,1.336805,1.336935
1790012700,1.33693,1.33694,1.33676,1.336845
1790013000,1.33684,1.337075,1.336815,1.336965
1790013300,1.336955,1.337095,1.336915,1.33702
1790013600,1.337015,1.337125,1.33692,1.336935
1790013900,1.336955,1.337135,1.33694,1.33706
1790014200,1.33706,1.33717,1.33703,1.337135
1790014500,1.33714,1.33724,1.33711,1.33722
1790014800,1.337225,1.337285,1.33711,1.33721
1790015100,1.33721,1.337215,1.33705,1.33713
1790015400,1.33713,1.337135,1.33685,1.336865
1790015700,1.336865,1.336865,1.33647,1.336555
1790016000,1.33656,1.336725,1.336535,1.336635
1790016300,1.33664,1.33675,1.33653,1.336745
1790016600,1.33675,1.3368,1.33665,1.33675
1790016900,1.33675,1.33688,1.336745,1.336875
1790017200,1.33688,1.336885,1.33677,1.336875
1790017500,1.336875,1.33708,1.336875,1.33707
1790017800,1.33708,1.33718,1.337015,1.337125
1790018100,1.33712,1.33725,1.33711,1.337225
1790018400,1.337225,1.337335,1.33721,1.3373
1790018700,1.337295,1.33737,1.33719,1.337275
1790019000,1.33727,1.33736,1.337235,1.337295
1790019300,1.3373,1.33743,1.337225,1.33741
1790019600,1.33741,1.33743,1.3372,1.33722
1790019900,1.337215,1.33725,1.33714,1.337225
1790020200,1.33722,1.337235,1.337085,1.337115
1790020500,1.33711,1.33711,1.3367,1.336705
1790020800,1.336705,1.336725,1.33668,1.336705
1790021100,1.33671,1.33672,1.336695,1.336695
1790021400,1.336695,1.33674,1.336695,1.336705
1790021700,1.33671,1.33679,1.336705,1.336735
1790022000,1.33674,1.336825,1.33673,1.336815
1790022300,1.336815,1.33703,1.33681,1.33703
1790022600,1.337025,1.337135,1.33696,1.337035
1790022900,1.337025,1.33703,1.336875,1.336905
1790023200,1.336915,1.33693,1.336815,1.336825
1790023500,1.336815,1.336835,1.33679,1.336815
1790023800,1.33682,1.33682,1.336725,1.336755
1790024100,1.33675,1.336975,1.33666,1.33666
1790024400,1.3367,1.3367,1.33647,1.336525
1790024700,1.33652,1.336775,1.33652,1.336605
1790025000,1.336605,1.33662,1.33652,1.33658
1790025300,1.33658,1.336865,1.33654,1.3367
1790025600,1.33671,1.33692,1.336565,1.336665
1790025900,1.336675,1.336955,1.33656,1.336885
1790026200,1.336885,1.33702,1.336815,1.33691
1790026500,1.33691,1.33691,1.336505,1.336685
1790026800,1.33668,1.33712,1.336555,1.33709
1790027100,1.33709,1.33725,1.33709,1.33721
1790027400,1.33721,1.33725,1.337185,1.337185
1790027700,1.337185,1.337275,1.33662,1.336795
1790028000,1.336805,1.336975,1.336695,1.33676
1790028300,1.336755,1.336895,1.336755,1.33682
1790028600,1.336845,1.33699,1.336775,1.336935
1790028900,1.33694,1.336945,1.33693,1.336935
1790029200,1.33693,1.33697,1.336855,1.336965
1790029500,1.336965,1.33701,1.336925,1.33701
1790029800,1.337005,1.33702,1.336925,1.336935
1790030100,1.336935,1.33703,1.33693,1.33696
1790030400,1.33696,1.33697,1.33693,1.33693
1790030700,1.336935,1.337015,1.33693,1.337015
1790031000,1.337015,1.337115,1.337015,1.337065
1790031300,1.337065,1.337085,1.337025,1.337035
1790031600,1.33704,1.33705,1.33703,1.33703
1790031900,1.33703,1.33704,1.33702,1.33704
1790032200,1.33704,1.337055,1.33698,1.336995
1790032500,1.337005,1.33707,1.336945,1.33706
1790032800,1.33706,1.33707,1.33699,1.337
1790033100,1.336995,1.33703,1.33685,1.336945
1790033400,1.336945,1.336945,1.33685,1.33691
1790033700,1.336925,1.33696,1.336855,1.336865
1790034000,1.336865,1.337055,1.33686,1.337055
1790034300,1.33705,1.337065,1.33698,1.33703
1790034600,1.337025,1.337045,1.336905,1.336945
1790034900,1.336945,1.33696,1.336845,1.33687
1790035200,1.336865,1.33725,1.336835,1.33722
1790035500,1.337215,1.337385,1.33717,1.33734
1790035800,1.337345,1.337385,1.3373,1.33732
1790036100,1.33732,1.33732,1.337135,1.3372
1790036400,1.337205,1.33736,1.337205,1.337345
1790036700,1.337345,1.33736,1.33721,1.33725
1790037000,1.337245,1.33742,1.33715,1.337365
1790037300,1.33736,1.33743,1.337255,1.33736
1790037600,1.337355,1.33746,1.337355,1.33743
1790037900,1.33743,1.337575,1.33734,1.337535
1790038200,1.33754,1.337555,1.33738,1.33754
1790038500,1.337535,1.33758,1.337255,1.33742
1790038800,1.33741,1.33745,1.33721,1.33729
1790039100,1.337285,1.33734,1.337155,1.337205
1790039400,1.3372,1.3372,1.33689,1.336915
1790039700,1.33692,1.337045,1.33686,1.336955
1790040000,1.33694,1.33696,1.33675,1.336905
1790040300,1.33689,1.337065,1.33687,1.337
1790040600,1.337005,1.337025,1.336845,1.33692
1790040900,1.336915,1.33702,1.33687,1.33691
1790041200,1.336915,1.337,1.336315,1.336325
1790041500,1.33632,1.33641,1.33622,1.336385
1790041800,1.336385,1.33644,1.33629,1.33642
1790042100,1.33643,1.336535,1.33639,1.33642
1790042400,1.336415,1.336705,1.33639,1.336665
1790042700,1.33666,1.336725,1.33653,1.33671
1790043000,1.33671,1.33682,1.33671,1.33682
1790043300,1.336825,1.336835,1.33666,1.33682
1790043600,1.33682,1.337185,1.33682,1.337175
1790043900,1.337165,1.33742,1.33716,1.33733
1790044200,1.337315,1.337425,1.337205,1.33742
1790044500,1.33741,1.337445,1.33727,1.33734
1790044800,1.33734,1.337565,1.33731,1.337565
1790045100,1.33756,1.33757,1.337335,1.337405
1790045400,1.33741,1.337445,1.33731,1.337425
1790045700,1.33742,1.337525,1.337315,1.337495
1790046000,1.33749,1.337655,1.337405,1.33747
1790046300,1.337465,1.337475,1.337315,1.33733
1790046600,1.33734,1.337595,1.33733,1.33758
1790046900,1.337595,1.33766,1.33753,1.33754
1790047200,1.337545,1.337745,1.337535,1.33767
1790047500,1.33768,1.338045,1.33763,1.337965
1790047800,1.33796,1.338235,1.33793,1.33816
1790048100,1.338165,1.33835,1.33812,1.338305
1790048400,1.3383,1.338365,1.338165,1.338215
1790048700,1.338215,1.338255,1.338105,1.33823
1790049000,1.338235,1.338365,1.338225,1.338255
1790049300,1.33826,1.33839,1.338255,1.338265
1790049600,1.33826,1.33826,1.33807,1.338225
1790049900,1.338225,1.33824,1.33811,1.338215
1790050200,1.338215,1.33849,1.33821,1.338305
1790050500,1.33831,1.33834,1.338145,1.3383
1790050800,1.338305,1.33838,1.338265,1.33834
1790051100,1.338355,1.33836,1.338255,1.33833
1790051400,1.33834,1.33842,1.33827,1.33838
1790051700,1.33838,1.33852,1.33837,1.338455
1790052000,1.338455,1.338465,1.338365,1.33846
1790052300,1.338455,1.33853,1.33845,1.33851
1790052600,1.33852,1.33861,1.33845,1.33856
1790052900,1.33856,1.338715,1.33854,1.33869
1790053200,1.3387,1.33872,1.33855,1.338615
1790053500,1.338615,1.338625,1.33845,1.338605
1790053800,1.33861,1.33861,1.338465,1.338485
1790054100,1.338485,1.33857,1.33844,1.33845
1790054400,1.338445,1.33857,1.338435,1.33847
1790054700,1.33848,1.33866,1.33847,1.33856
1790055000,1.338555,1.338555,1.33835,1.33836
1790055300,1.33836,1.338385,1.33816,1.338165
1790055600,1.338175,1.33838,1.338155,1.338205
1790055900,1.3382,1.33821,1.33806,1.338145
1790056200,1.33815,1.338325,1.33805,1.33806
1790056500,1.338055,1.3382,1.338015,1.338145
1790056800,1.33814,1.338145,1.33761,1.337635
1790057100,1.337645,1.337655,1.33715,1.33738
1790057400,1.337385,1.33746,1.337225,1.337315
1790057700,1.33731,1.33739,1.33705,1.337065
1790058000,1.33707,1.337535,1.336855,1.33742
1790058300,1.337415,1.337465,1.337105,1.337185
1790058600,1.33718,1.33731,1.33713,1.337175
1790058900,1.33717,1.33717,1.33695,1.336955
1790059200,1.33696,1.337065,1.336855,1.336865
1790059500,1.33686,1.33698,1.33672,1.33697
1790059800,1.336975,1.337165,1.336965,1.337145
1790060100,1.33715,1.337405,1.337055,1.33738
1790060400,1.337375,1.337375,1.336705,1.33677
1790060700,1.336775,1.33685,1.336535,1.33676
1790061000,1.336755,1.337,1.336635,1.336845
1790061300,1.336845,1.337015,1.33664,1.33696
1790061600,1.33695,1.337385,1.33691,1.337365
1790061900,1.33737,1.3374,1.33695,1.33697
1790062200,1.336975,1.336975,1.335705,1.336125
1790062500,1.33612,1.336585,1.33603,1.336575
1790062800,1.33657,1.33672,1.33623,1.336425
1790063100,1.33643,1.336635,1.336295,1.33633
1790063400,1.33634,1.33641,1.336025,1.336115
1790063700,1.33612,1.336185,1.33544,1.335455
1790064000,1.33545,1.33571,1.33506,1.335075
1790064300,1.335095,1.335435,1.33497,1.335425
1790064600,1.335435,1.33545,1.33501,1.335025
1790064900,1.33502,1.335055,1.33446,1.33464
1790065200,1.334635,1.334725,1.334,1.33403
1790065500,1.334035,1.334285,1.33363,1.3339
1790065800,1.333905,1.333905,1.33263,1.333265
1790066100,1.33327,1.33404,1.333115,1.33403
1790066400,1.33402,1.335845,1.33397,1.33558
1790066700,1.335585,1.33561,1.334805,1.33536
1790067000,1.335355,1.33643,1.335115,1.33565
1790067300,1.335645,1.336165,1.3355,1.33572
1790067600,1.335715,1.33574,1.33483,1.334855
1790067900,1.33486,1.33567,1.33474,1.33544
1790068200,1.335435,1.33583,1.335375,1.335465
1790068500,1.33546,1.335875,1.33544,1.335645
1790068800,1.33564,1.33615,1.33556,1.33583
1790069100,1.335855,1.33596,1.33559,1.33564
1790069400,1.335645,1.33589,1.335515,1.335645
1790069700,1.33564,1.336035,1.33557,1.335945
1790070000,1.33594,1.33604,1.3356,1.336015
1790070300,1.33602,1.33622,1.335915,1.33603
1790070600,1.336035,1.336745,1.33597,1.33668
1790070900,1.336685,1.337165,1.336325,1.33708
1790071200,1.337075,1.33736,1.33668,1.336955
1790071500,1.33696,1.337265,1.33661,1.33662
1790071800,1.33661,1.336945,1.336505,1.336775
1790072100,1.336775,1.336885,1.33662,1.33667
1790072400,1.336675,1.336895,1.336555,1.336565
1790072700,1.33656,1.33668,1.336465,1.33653
1790073000,1.336535,1.33688,1.336435,1.336635
1790073300,1.33663,1.33695,1.33661,1.336825
1790073600,1.336825,1.33696,1.336625,1.33688
1790073900,1.336885,1.33694,1.336645,1.336665
1790074200,1.33666,1.33678,1.336405,1.33651
1790074500,1.33652,1.336685,1.336225,1.33646
1790074800,1.336455,1.33661,1.336235,1.336285
1790075100,1.33628,1.33629,1.335915,1.33608
1790075400,1.33608,1.336375,1.335925,1.33618
1790075700,1.336185,1.3365,1.335935,1.33602
1790076000,1.336015,1.33605,1.335615,1.335635
1790076300,1.33564,1.335915,1.33552,1.335665
1790076600,1.33566,1.335815,1.335385,1.335515
1790076900,1.33552,1.33573,1.335425,1.335635
1790077200,1.33564,1.335825,1.335555,1.33573
1790077500,1.335735,1.33619,1.33572,1.33615
1790077800,1.336155,1.33626,1.33608,1.33613
1790078100,1.33614,1.336395,1.33597,1.336065
1790078400,1.33606,1.336925,1.33606,1.33682
1790078700,1.336815,1.33685,1.336245,1.336305
1790079000,1.33631,1.336555,1.336265,1.336385
1790079300,1.33638,1.336865,1.336375,1.336805
1790079600,1.33681,1.33696,1.336735,1.33683
1790079900,1.336835,1.337025,1.336735,1.336945
1790080200,1.33694,1.337155,1.336735,1.336755
1790080500,1.33675,1.33694,1.33611,1.33618
1790080800,1.336185,1.336245,1.33572,1.335765
1790081100,1.33576,1.335965,1.33544,1.33545
1790081400,1.335445,1.33582,1.33532,1.33576
1790081700,1.335755,1.33583,1.33551,1.33552
1790082000,1.335525,1.33625,1.3355,1.335965
1790082300,1.33596,1.336425,1.33583,1.33601
1790082600,1.336005,1.33616,1.33583,1.33612
1790082900,1.336115,1.336155,1.33582,1.335845
1790083200,1.33584,1.336115,1.33559,1.3357
1790083500,1.335695,1.33576,1.335415,1.335515
1790083800,1.33552,1.336035,1.33547,1.335945
1790084100,1.335955,1.33625,1.33583,1.33599
1790084400,1.335985,1.33659,1.335655,1.33635
1790084700,1.33635,1.336615,1.335965,1.336435
1790085000,1.336425,1.33646,1.336125,1.336165
1790085300,1.33616,1.336335,1.335845,1.335865
1790085600,1.33586,1.336255,1.33563,1.33614
1790085900,1.336145,1.336145,1.335605,1.33564
1790086200,1.335635,1.33589,1.335275,1.335345
1790086500,1.33534,1.335385,1.33484,1.33504
1790086800,1.335045,1.335595,1.335,1.335585
1790087100,1.33558,1.33573,1.335345,1.33566
1790087400,1.335665,1.33575,1.33526,1.33536
1790087700,1.335365,1.33605,1.33516,1.33549
1790088000,1.335495,1.33556,1.334625,1.33465
1790088300,1.334655,1.33499,1.33437,1.334405
1790088600,1.33441,1.334735,1.33432,1.33436
1790088900,1.334365,1.334755,1.334295,1.334705
1790089200,1.33471,1.33475,1.33399,1.33405
1790089500,1.33405,1.33421,1.33376,1.334105
1790089800,1.3341,1.33427,1.33366,1.33376
1790090100,1.333755,1.33439,1.333755,1.334235
1790090400,1.33424,1.334775,1.334105,1.334455
1790090700,1.33445,1.33446,1.33408,1.33416
1790091000,1.334155,1.334235,1.333535,1.33354
1790091300,1.333535,1.33365,1.332945,1.33302
1790091600,1.333025,1.333165,1.332825,1.33285
1790091900,1.332845,1.332855,1.33245,1.33254
1790092200,1.332535,1.332855,1.332445,1.33261
1790092500,1.332615,1.33268,1.332315,1.332425
1790092800,1.332435,1.33258,1.3322,1.3324
1790093100,1.33241,1.33255,1.332325,1.33243
1790093400,1.332435,1.332785,1.33243,1.332585
1790093700,1.33259,1.33267,1.33228,1.332575
1790094000,1.332575,1.33265,1.33227,1.332275
1790094300,1.33227,1.33241,1.33225,1.332395
1790094600,1.33239,1.332395,1.33215,1.33238
1790094900,1.332395,1.33246,1.33225,1.33235
1790095200,1.33236,1.33271,1.3323,1.332595
1790095500,1.33259,1.33288,1.3322,1.332805
1790095800,1.3328,1.333125,1.332675,1.332815
1790096100,1.33282,1.33312,1.332815,1.33308
1790096400,1.333075,1.33308,1.332745,1.33276
1790096700,1.332765,1.332965,1.332525,1.33257
1790097000,1.332565,1.332785,1.33247,1.33269
1790097300,1.33269,1.332715,1.33248,1.332495
1790097600,1.332495,1.33252,1.33232,1.332385
1790097900,1.33238,1.3327,1.332375,1.33269
1790098200,1.332685,1.33281,1.33265,1.33279
1790098500,1.332795,1.332955,1.332765,1.33277
1790098800,1.33277,1.33278,1.332575,1.3327
1790099100,1.332695,1.33286,1.332585,1.33282
1790099400,1.332825,1.333585,1.332815,1.33332
1790099700,1.333325,1.33349,1.33313,1.33318
1790100000,1.333175,1.33332,1.332915,1.33309
1790100300,1.333085,1.33347,1.33306,1.333385
1790100600,1.33339,1.333725,1.333365,1.333665
1790100900,1.33366,1.333735,1.333355,1.33336
1790101200,1.33336,1.333485,1.33329,1.33347
1790101500,1.333465,1.33372,1.33339,1.33361
1790101800,1.333615,1.33371,1.333405,1.33347
1790102100,1.333465,1.333655,1.333295,1.333475
1790102400,1.33347,1.333585,1.33332,1.33357
1790102700,1.333575,1.333695,1.33348,1.3336
1790103000,1.3336,1.33367,1.333435,1.33345
1790103300,1.333445,1.333505,1.33323,1.333465
1790103600,1.33346,1.333605,1.333405,1.333495
1790103900,1.3335,1.333705,1.333495,1.333665
1790104200,1.33366,1.333825,1.33363,1.33381
1790104500,1.333815,1.334005,1.3338,1.333975
1790104800,1.33398,1.33401,1.33384,1.334
1790105100,1.333995,1.334275,1.33398,1.334205
1790105400,1.33421,1.33468,1.33417,1.33467
1790105700,1.334665,1.33495,1.33462,1.33488
1790106000,1.334875,1.3349,1.334575,1.334685
1790106300,1.33469,1.33476,1.33447,1.334565
1790106600,1.334555,1.334555,1.334285,1.33429
1790106900,1.334285,1.334435,1.334235,1.334285
1790107200,1.33428,1.3345,1.33428,1.334405
1790107500,1.33441,1.33462,1.33438,1.33457
1790107800,1.334565,1.33461,1.3343,1.334305
1790108100,1.334305,1.33435,1.33424,1.33427
1790108400,1.33427,1.334315,1.334095,1.3343
1790108700,1.334305,1.3344,1.33427,1.334365
1790109000,1.334375,1.334405,1.33427,1.33429
1790109300,1.33429,1.334385,1.334275,1.33437
1790109600,1.334375,1.33441,1.33437,1.33437
1790109900,1.33436,1.33438,1.334245,1.334365
1790110200,1.334375,1.33439,1.33429,1.33437
1790110500,1.334365,1.33454,1.334245,1.33441
1790110800,1.33441,1.33441,1.33441,1.33441
1790111100,1.3346,1.33462,1.334255,1.334505
1790111400,1.334505,1.3348,1.3344,1.3346
1790111700,1.334605,1.3347,1.334425,1.334575
1790112000,1.334575,1.33465,1.33427,1.33427
1790112300,1.33427,1.33427,1.3342,1.334215
1790112600,1.334255,1.33453,1.33416,1.33448
1790112900,1.334495,1.334745,1.33442,1.334645
1790113200,1.334635,1.33478,1.334605,1.334695
1790113500,1.334695,1.33479,1.33419,1.334515
1790113800,1.334515,1.33474,1.33439,1.33439
1790114100,1.33439,1.33458,1.33408,1.33417
1790114400,1.33416,1.334365,1.333945,1.334215
1790114700,1.33421,1.33426,1.334155,1.33423
1790115000,1.33423,1.334365,1.334215,1.33436
1790115300,1.334365,1.334485,1.33431,1.334385
1790115600,1.33438,1.334435,1.334335,1.33442
1790115900,1.33442,1.334565,1.33442,1.33452
1790116200,1.334525,1.33453,1.33445,1.334485
1790116500,1.334485,1.334485,1.334405,1.33441
1790116800,1.33441,1.334415,1.334355,1.33438
1790117100,1.33438,1.334395,1.334235,1.33427
1790117400,1.33427,1.33436,1.33425,1.33431
1790117700,1.33431,1.33431,1.334285,1.334305
1790118000,1.3343,1.33439,1.33426,1.33426
1790118300,1.33426,1.33429,1.33418,1.334195
1790118600,1.334195,1.33423,1.33418,1.33419
1790118900,1.334195,1.334395,1.334185,1.33439
1790119200,1.33439,1.334395,1.334305,1.334365
1790119500,1.334365,1.33439,1.3343,1.334375
1790119800,1.334375,1.33442,1.334345,1.334365
1790120100,1.334365,1.334405,1.33436,1.334385
1790120400,1.334385,1.33445,1.33438,1.334415
1790120700,1.334415,1.33452,1.334405,1.33447
1790121000,1.33448,1.33456,1.33435,1.334355
1790121300,1.33435,1.334375,1.33421,1.334345
1790121600,1.33435,1.33443,1.33406,1.334065
1790121900,1.33407,1.33408,1.33394,1.33406
1790122200,1.334055,1.33416,1.33401,1.33406
1790122500,1.33406,1.33416,1.33396,1.333965
1790122800,1.333965,1.33407,1.33386,1.334035
1790123100,1.33404,1.33413,1.33395,1.33406
1790123400,1.334055,1.33407,1.333925,1.33396
1790123700,1.33396,1.33396,1.33365,1.333845
1790124000,1.33385,1.33395,1.333825,1.333845
1790124300,1.333845,1.334005,1.333835,1.333855
1790124600,1.333855,1.33398,1.333845,1.33385
1790124900,1.333855,1.33387,1.33372,1.333745
1790125200,1.33375,1.333755,1.333475,1.333505
1790125500,1.3335,1.33365,1.33346,1.33346
1790125800,1.333455,1.33349,1.333335,1.333345
1790126100,1.333345,1.333345,1.333055,1.333145
1790126400,1.333145,1.33318,1.332875,1.33295
1790126700,1.33295,1.33295,1.332575,1.33266
1790127000,1.332655,1.333195,1.332635,1.333125
1790127300,1.33312,1.33322,1.333055,1.33315
1790127600,1.333155,1.333185,1.33295,1.332965
1790127900,1.332965,1.333,1.332895,1.33291
1790128200,1.332915,1.33304,1.332835,1.332875
1790128500,1.33288,1.33288,1.33267,1.33281
1790128800,1.332805,1.332805,1.33263,1.33269
1790129100,1.332685,1.332755,1.332375,1.33238
1790129400,1.332375,1.33241,1.332265,1.33239
1790129700,1.332395,1.3326,1.33229,1.332485
1790130000,1.33248,1.332645,1.332425,1.332595
1790130300,1.33259,1.33272,1.33256,1.332675
1790130600,1.33267,1.33275,1.33258,1.332695
1790130900,1.3327,1.332755,1.33246,1.332575
1790131200,1.332575,1.3327,1.332575,1.33268
1790131500,1.33268,1.332705,1.332455,1.332475
1790131800,1.332475,1.33251,1.332365,1.332375
1790132100,1.332375,1.33244,1.33225,1.332395
1790132400,1.3324,1.33241,1.33222,1.332345
1790132700,1.332335,1.332395,1.3322,1.33222
1790133000,1.332225,1.332345,1.33222,1.33227
1790133300,1.33227,1.33227,1.331755,1.33177
1790133600,1.331775,1.33214,1.33174,1.33213
1790133900,1.33214,1.33224,1.332055,1.332055
1790134200,1.33206,1.33224,1.33204,1.3321
1790134500,1.332095,1.332155,1.33185,1.331855
1790134800,1.33186,1.331955,1.331785,1.33188
1790135100,1.33188,1.331965,1.33179,1.331815
1790135400,1.331815,1.33182,1.331575,1.3317
1790135700,1.3317,1.331725,1.331555,1.33157
1790136000,1.331565,1.3317,1.331535,1.33156
1790136300,1.33156,1.331695,1.331545,1.33164
1790136600,1.331635,1.33175,1.33163,1.33166
1790136900,1.33166,1.331975,1.33166,1.33194
1790137200,1.331945,1.33202,1.33183,1.33184
1790137500,1.33184,1.33195,1.331815,1.331865
1790137800,1.33187,1.3319,1.33181,1.33185
1790138100,1.33186,1.331955,1.33183,1.331845
1790138400,1.331845,1.331865,1.331725,1.33175
1790138700,1.331745,1.33176,1.3315,1.331655
1790139000,1.33166,1.33166,1.33155,1.331655
1790139300,1.33165,1.33166,1.33156,1.3316
1790139600,1.331595,1.33171,1.331535,1.33167
1790139900,1.331675,1.33173,1.331575,1.331595
1790140200,1.3316,1.331675,1.33154,1.33165
1790140500,1.33165,1.3317,1.33163,1.331665
1790140800,1.33166,1.33175,1.33156,1.33163
1790141100,1.33163,1.331745,1.33157,1.33158
1790141400,1.331575,1.33168,1.331525,1.33154
1790141700,1.331545,1.33164,1.331435,1.33144
1790142000,1.331445,1.331535,1.33127,1.331275
1790142300,1.33127,1.33136,1.331115,1.33114
1790142600,1.331135,1.33139,1.33108,1.33133
1790142900,1.33132,1.331435,1.331245,1.33135
1790143200,1.33134,1.331475,1.331195,1.33126
1790143500,1.331265,1.33133,1.330985,1.33102
1790143800,1.331015,1.33108,1.33087,1.330995
1790144100,1.33099,1.33129,1.330865,1.33125
1790144400,1.33126,1.33137,1.33108,1.331365
1790144700,1.33137,1.331405,1.331225,1.331265
1790145000,1.33127,1.331395,1.33116,1.331385
1790145300,1.33139,1.33168,1.3313,1.33167
1790145600,1.33166,1.331815,1.33161,1.33179
1790145900,1.33179,1.332215,1.331685,1.33219
1790146200,1.33219,1.332265,1.331695,1.3317
1790146500,1.331705,1.33189,1.33165,1.331715
1790146800,1.33171,1.331855,1.33131,1.33138
1790147100,1.331375,1.33139,1.33087,1.33107
1790147400,1.331065,1.331235,1.33098,1.331105
1790147700,1.331115,1.331625,1.331115,1.33147
1790148000,1.331475,1.331625,1.331375,1.33154
1790148300,1.331535,1.33154,1.331045,1.33126
1790148600,1.331245,1.331545,1.331025,1.33107
1790148900,1.331075,1.33121,1.330795,1.330985
1790149200,1.33098,1.33111,1.33074,1.330955
1790149500,1.33095,1.33098,1.330525,1.33066
1790149800,1.330655,1.331,1.330595,1.33071
1790150100,1.330705,1.330705,1.330095,1.330195
1790150400,1.330205,1.33029,1.33005,1.33007
1790150700,1.330075,1.330145,1.329775,1.329975
1790151000,1.32997,1.32998,1.32949,1.32967
1790151300,1.329665,1.329735,1.32934,1.32969
1790151600,1.329695,1.3303,1.329675,1.33029
1790151900,1.33028,1.330615,1.3302,1.330615
1790152200,1.33061,1.33067,1.330395,1.33051
1790152500,1.330515,1.330925,1.3305,1.33084
1790152800,1.33084,1.33092,1.330405,1.33041
1790153100,1.330415,1.3307,1.33041,1.33064
1790153400,1.330645,1.33083,1.33041,1.33041
1790153700,1.33042,1.33048,1.33011,1.330115
1790154000,1.330115,1.33025,1.32963,1.32964
1790154300,1.329645,1.32991,1.32956,1.32974
1790154600,1.329735,1.32981,1.32939,1.329445
1790154900,1.32945,1.329565,1.32904,1.32915
1790155200,1.329145,1.32921,1.329025,1.32913
1790155500,1.32913,1.329265,1.328955,1.329095
1790155800,1.32909,1.32938,1.328825,1.3289
1790156100,1.328895,1.328915,1.3286,1.32868
1790156400,1.32868,1.32872,1.3284,1.32852
1790156700,1.32851,1.32853,1.328065,1.328275
1790157000,1.32827,1.32829,1.32799,1.3281
1790157300,1.328105,1.32821,1.32799,1.328
1790157600,1.327995,1.32889,1.327945,1.32867
1790157900,1.328675,1.32877,1.32838,1.328405
1790158200,1.3284,1.32871,1.32817,1.328475
1790158500,1.32848,1.32852,1.328035,1.3283
1790158800,1.328305,1.32841,1.328035,1.32808
1790159100,1.328075,1.32836,1.328045,1.32824
1790159400,1.328245,1.328245,1.32779,1.327925
1790159700,1.32792,1.32816,1.32786,1.328045
1790160000,1.32805,1.32805,1.32777,1.327845
1790160300,1.32784,1.32824,1.327735,1.32803
1790160600,1.328035,1.328535,1.32798,1.32853
1790160900,1.328525,1.32921,1.328525,1.32921
1790161200,1.32922,1.32944,1.32879,1.329085
1790161500,1.329085,1.32921,1.32896,1.3292
1790161800,1.329195,1.3296,1.32919,1.32958
1790162100,1.32957,1.32958,1.32919,1.32919
1790162400,1.32918,1.329245,1.32867,1.328795
1790162700,1.32879,1.328885,1.328465,1.32856
1790163000,1.328565,1.32859,1.32818,1.32819
1790163300,1.328195,1.328195,1.327655,1.327745
1790163600,1.32775,1.32792,1.327435,1.327655
1790163900,1.327655,1.32836,1.327635,1.32826
1790164200,1.328265,1.328265,1.327815,1.327875
1790164500,1.327885,1.328085,1.327755,1.327975
1790164800,1.32797,1.32806,1.32763,1.327635
1790165100,1.32764,1.327995,1.32752,1.32756
1790165400,1.327565,1.32764,1.32722,1.327315
1790165700,1.32733,1.32769,1.3272,1.32761
1790166000,1.327615,1.327725,1.32725,1.32744
1790166300,1.327445,1.32756,1.327135,1.32717
1790166600,1.32716,1.32716,1.326625,1.32669
1790166900,1.3267,1.326765,1.326355,1.326465
1790167200,1.32646,1.32678,1.32642,1.326435
1790167500,1.32644,1.326875,1.32633,1.32684
1790167800,1.32684,1.32724,1.326755,1.327135
1790168100,1.32714,1.32759,1.32704,1.327575
1790168400,1.32758,1.327705,1.32717,1.32767
1790168700,1.327665,1.32779,1.327045,1.32705
1790169000,1.327045,1.32709,1.32656,1.3266
1790169300,1.326605,1.327065,1.32656,1.32684
1790169600,1.326845,1.32759,1.32677,1.32725
1790169900,1.327255,1.32877,1.32721,1.32877
1790170200,1.328765,1.328885,1.328085,1.32827
1790170500,1.32826,1.328565,1.32803,1.328285
1790170800,1.32829,1.32852,1.32755,1.327605
1790171100,1.3276,1.3276,1.32568,1.32574
1790171400,1.32572,1.32633,1.32511,1.325145
1790171700,1.325155,1.32622,1.32511,1.32611
1790172000,1.32616,1.32665,1.325955,1.32616
1790172300,1.326165,1.326485,1.326055,1.326405
1790172600,1.32642,1.32664,1.32591,1.32595
1790172900,1.325945,1.32611,1.32541,1.32542
1790173200,1.325425,1.325865,1.32537,1.325535
1790173500,1.32554,1.32574,1.32479,1.325025
1790173800,1.32503,1.326275,1.32502,1.32614
1790174100,1.32615,1.32631,1.325485,1.325585
1790174400,1.325575,1.325995,1.32556,1.32558
1790174700,1.325575,1.32584,1.32512,1.325205
1790175000,1.3252,1.3269,1.32485,1.326505
1790175300,1.32651,1.326585,1.325995,1.32651
1790175600,1.326515,1.32663,1.32572,1.32584
1790175900,1.325845,1.32641,1.325785,1.32632
1790176200,1.326325,1.326615,1.326015,1.32614
1790176500,1.326145,1.32637,1.32599,1.32622
1790176800,1.326225,1.32627,1.325725,1.325815
1790177100,1.32582,1.326065,1.32559,1.325725
1790177400,1.32573,1.32573,1.325285,1.32539
1790177700,1.325385,1.325715,1.325275,1.3254
1790178000,1.325405,1.32543,1.325165,1.3253
1790178300,1.325305,1.325465,1.32495,1.32499
1790178600,1.325,1.32514,1.324755,1.32511
1790178900,1.325115,1.32554,1.32501,1.32511
1790179200,1.325115,1.32521,1.32476,1.32479
1790179500,1.32479,1.325095,1.32471,1.32492
1790179800,1.32492,1.325015,1.32483,1.32501
1790180100,1.32501,1.325255,1.32485,1.32525
1790180400,1.325245,1.325345,1.32511,1.32512
1790180700,1.325115,1.325135,1.32485,1.32496
1790181000,1.324965,1.324965,1.324405,1.324415
1790181300,1.324415,1.324965,1.3243,1.32491
1790181600,1.324915,1.32505,1.324545,1.324555
1790181900,1.32456,1.324645,1.323665,1.32378
1790182200,1.323785,1.323895,1.32302,1.323125
1790182500,1.32312,1.32362,1.32311,1.323345
1790182800,1.32335,1.32335,1.32247,1.32257
1790183100,1.322575,1.322885,1.322355,1.322815
1790183400,1.32281,1.322945,1.322455,1.322525
1790183700,1.32252,1.32291,1.322375,1.322835
1790184000,1.32283,1.32343,1.322815,1.32337
1790184300,1.323375,1.32379,1.32325,1.32377
1790184600,1.323775,1.32388,1.32365,1.323725
1790184900,1.32372,1.323735,1.32322,1.32325
1790185200,1.323265,1.32499,1.323215,1.32491
1790185500,1.324905,1.32524,1.324805,1.32516
1790185800,1.32517,1.32538,1.32496,1.325235
1790186100,1.32523,1.325345,1.324925,1.32528
1790186400,1.32527,1.32546,1.324775,1.324775
1790186700,1.32478,1.32491,1.32469,1.324805
1790187000,1.324815,1.32485,1.32463,1.324635
1790187300,1.324635,1.324775,1.324535,1.324645
1790187600,1.32465,1.32469,1.32423,1.32424
1790187900,1.32424,1.324255,1.323885,1.324035
1790188200,1.32404,1.32425,1.323875,1.324155
1790188500,1.32415,1.32434,1.32403,1.324055
1790188800,1.32405,1.324295,1.32399,1.32412
1790189100,1.32413,1.32416,1.32394,1.32414
1790189400,1.32414,1.32438,1.324135,1.324355
1790189700,1.32436,1.32438,1.324145,1.324275
1790190000,1.32427,1.324445,1.324235,1.324295
1790190300,1.324285,1.324535,1.32414,1.32435
1790190600,1.324345,1.32449,1.324155,1.32421
1790190900,1.324205,1.32421,1.32384,1.32389
1790191200,1.323895,1.32418,1.32386,1.32418
1790191500,1.32418,1.32425,1.324045,1.324235
1790191800,1.32423,1.324405,1.324125,1.32427
1790192100,1.32427,1.324355,1.32414,1.32416
1790192400,1.324165,1.324385,1.324165,1.32425
1790192700,1.324245,1.32441,1.324245,1.324395
1790193000,1.324375,1.324405,1.324145,1.324155
1790193300,1.32419,1.324265,1.32412,1.324165
1790193600,1.32416,1.324485,1.32407,1.32445
1790193900,1.32445,1.32456,1.324445,1.324455
1790194200,1.324455,1.324455,1.32415,1.32417
1790194500,1.324175,1.32428,1.324145,1.324155
1790194800,1.324155,1.32417,1.32406,1.32413
1790195100,1.32414,1.32418,1.32414,1.324155
1790195400,1.32416,1.32426,1.32403,1.32404
1790195700,1.32404,1.32407,1.32396,1.32397
1790196000,1.32397,1.32407,1.323965,1.32407
1790196300,1.32406,1.324145,1.32392,1.32396
1790196600,1.32396,1.324075,1.32392,1.324075
1790196900,1.324065,1.324075,1.323755,1.324055
1790197200,1.324055,1.324055,1.324055,1.324055
1790197500,1.324055,1.324255,1.323995,1.32423
1790197800,1.32423,1.324455,1.323975,1.324345
1790198100,1.324345,1.324415,1.324205,1.324415
1790198400,1.32442,1.32442,1.32407,1.32416
1790198700,1.32416,1.324335,1.32416,1.324325
1790199000,1.324325,1.324435,1.324175,1.324415
1790199300,1.324415,1.324525,1.3244,1.324405
1790199600,1.324405,1.324595,1.3244,1.32458
1790199900,1.32458,1.32464,1.324425,1.324635
1790200200,1.324635,1.32464,1.32437,1.324385
1790200500,1.324385,1.32442,1.32405,1.324165
1790200800,1.32409,1.32421,1.323915,1.32419
1790201100,1.32419,1.32432,1.324185,1.324265
1790201400,1.324265,1.324295,1.324075,1.324145
1790201700,1.324155,1.324265,1.32415,1.324245
1790202000,1.324245,1.324245,1.324195,1.324225
1790202300,1.324215,1.324265,1.3242,1.324255
1790202600,1.32425,1.32426,1.32414,1.324155
1790202900,1.324155,1.324285,1.324145,1.324275
1790203200,1.32428,1.324285,1.324225,1.324265
1790203500,1.324265,1.32434,1.324255,1.324305
1790203800,1.32431,1.32431,1.324205,1.324265
1790204100,1.324265,1.324285,1.324185,1.324215
1790204400,1.32421,1.32426,1.324135,1.32414
1790204700,1.324135,1.324175,1.32411,1.324175
1790205000,1.324175,1.32421,1.324155,1.324175
1790205300,1.32417,1.324195,1.324,1.324
1790205600,1.324005,1.324015,1.323875,1.32389
1790205900,1.32389,1.323895,1.32374,1.32376
1790206200,1.32376,1.32386,1.323745,1.323755
1790206500,1.323755,1.32385,1.32375,1.323835
1790206800,1.32384,1.323875,1.323755,1.32376
1790207100,1.323765,1.32398,1.32376,1.32395
1790207400,1.323955,1.323995,1.32392,1.323955
1790207700,1.32396,1.32397,1.32377,1.323785
1790208000,1.323795,1.324125,1.323785,1.32408
1790208300,1.324075,1.324075,1.323825,1.323855
1790208600,1.32385,1.32385,1.32362,1.323625
1790208900,1.323625,1.323635,1.32321,1.32332
1790209200,1.323315,1.323325,1.32299,1.323305
1790209500,1.32331,1.323405,1.323155,1.32329
1790209800,1.323285,1.32331,1.323135,1.32316
1790210100,1.32316,1.3233,1.32302,1.32302
1790210400,1.32302,1.32302,1.322845,1.322895
1790210700,1.3229,1.322905,1.32243,1.32243
1790211000,1.322435,1.3225,1.32229,1.322415
1790211300,1.32241,1.32292,1.32241,1.32291
1790211600,1.322915,1.32309,1.32278,1.322985
1790211900,1.322975,1.323245,1.32277,1.3232
1790212200,1.323205,1.323585,1.323165,1.323545
1790212500,1.32354,1.32364,1.323145,1.32334
1790212800,1.323335,1.323355,1.323035,1.32314
1790213100,1.32309,1.32325,1.32302,1.32322
1790213400,1.323225,1.32344,1.323045,1.323335
1790213700,1.32333,1.323425,1.323045,1.323295
1790214000,1.323285,1.32343,1.32306,1.32337
1790214300,1.32338,1.32348,1.3232,1.323375
1790214600,1.32338,1.323775,1.323265,1.32345
1790214900,1.32345,1.32352,1.32303,1.32327
1790215200,1.323265,1.32327,1.32276,1.32285
1790215500,1.322845,1.322845,1.32247,1.322555
1790215800,1.322555,1.322685,1.32245,1.32256
1790216100,1.32256,1.322935,1.32255,1.32287
1790216400,1.32286,1.322955,1.32277,1.322915
1790216700,1.32291,1.32325,1.32291,1.32316
1790217000,1.323165,1.323765,1.323115,1.323725
1790217300,1.323725,1.32376,1.32355,1.323585
1790217600,1.32359,1.32409,1.323555,1.32406
1790217900,1.32406,1.32408,1.32389,1.324045
1790218200,1.32405,1.324165,1.323915,1.32415
1790218500,1.324155,1.324315,1.32415,1.32418
1790218800,1.32417,1.324475,1.32417,1.324445
1790219100,1.32444,1.32444,1.32407,1.32416
1790219400,1.32416,1.32426,1.32403,1.32418
1790219700,1.324185,1.32419,1.32394,1.323945
1790220000,1.32395,1.32406,1.323925,1.324055
1790220300,1.32406,1.324145,1.32375,1.32376
1790220600,1.323765,1.323855,1.32368,1.32374
1790220900,1.323745,1.323865,1.32369,1.32379
1790221200,1.32379,1.32384,1.323545,1.323565
1790221500,1.323565,1.323665,1.323555,1.323555
1790221800,1.323555,1.32367,1.32351,1.32357
1790222100,1.323575,1.323655,1.32346,1.32356
1790222400,1.323565,1.323585,1.32329,1.32349
1790222700,1.3235,1.323555,1.323405,1.32348
1790223000,1.323485,1.323685,1.32348,1.323685
1790223300,1.32368,1.323765,1.32363,1.323745
1790223600,1.32375,1.323835,1.32363,1.32382
1790223900,1.32382,1.323965,1.32381,1.32393
1790224200,1.32392,1.32409,1.323855,1.32401
1790224500,1.32401,1.32422,1.32401,1.324215
1790224800,1.324205,1.324295,1.32413,1.324275
1790225100,1.32427,1.32437,1.32424,1.32427
1790225400,1.324275,1.324445,1.32423,1.32437
1790225700,1.32437,1.324475,1.324155,1.32417
1790226000,1.324165,1.324425,1.32415,1.32436
1790226300,1.32437,1.32448,1.324265,1.32427
1790226600,1.324275,1.32429,1.32397,1.324
1790226900,1.323995,1.324135,1.323945,1.3241
1790227200,1.324095,1.32417,1.32402,1.32417
1790227500,1.32416,1.3242,1.32403,1.32416
1790227800,1.32416,1.324335,1.32405,1.324055
1790228100,1.32405,1.32427,1.323975,1.32426
1790228400,1.324265,1.324365,1.32395,1.323955
1790228700,1.32395,1.32407,1.32379,1.32384
1790229000,1.32383,1.323985,1.32379,1.32382
1790229300,1.323825,1.323825,1.32324,1.323255
1790229600,1.32324,1.32394,1.323145,1.32384
1790229900,1.32384,1.32448,1.323835,1.324475
1790230200,1.32448,1.325055,1.32447,1.32496
1790230500,1.324965,1.32499,1.324465,1.32476
1790230800,1.324755,1.32484,1.32446,1.324565
1790231100,1.32457,1.32488,1.32449,1.324785
1790231400,1.32478,1.32478,1.32441,1.32464
1790231700,1.324635,1.32471,1.324205,1.32448
1790232000,1.324475,1.32449,1.32396,1.32423
1790232300,1.324235,1.32444,1.32405,1.324185
1790232600,1.32418,1.324455,1.324085,1.324355
1790232900,1.32435,1.324565,1.32422,1.32446
1790233200,1.324455,1.32458,1.324125,1.32434
1790233500,1.324335,1.324665,1.32409,1.32448
1790233800,1.324485,1.32455,1.32394,1.32396
1790234100,1.32395,1.324705,1.323915,1.32459
1790234400,1.324595,1.324605,1.324295,1.324395
1790234700,1.3244,1.32487,1.324355,1.32484
1790235000,1.32484,1.32488,1.32418,1.324275
1790235300,1.32427,1.324665,1.32426,1.32437
1790235600,1.32436,1.324825,1.3241,1.324785
1790235900,1.32478,1.325395,1.324765,1.325385
1790236200,1.32538,1.325605,1.325095,1.325195
1790236500,1.3252,1.3253,1.324505,1.32461
1790236800,1.324585,1.325445,1.32458,1.325435
1790237100,1.32544,1.3255,1.32494,1.324985
1790237400,1.32499,1.325005,1.32456,1.324795
1790237700,1.32479,1.324875,1.32423,1.32428
1790238000,1.324275,1.32449,1.32413,1.32416
1790238300,1.32416,1.32426,1.32386,1.323865
1790238600,1.32387,1.324585,1.323815,1.324255
1790238900,1.32425,1.32448,1.32398,1.324215
1790239200,1.32421,1.32426,1.32341,1.32343
1790239500,1.32345,1.323695,1.3234,1.32357
1790239800,1.323565,1.323835,1.3232,1.32321
1790240100,1.323205,1.32385,1.323065,1.323735
1790240400,1.32373,1.32406,1.323535,1.323685
1790240700,1.32368,1.32417,1.32361,1.32371
1790241000,1.323705,1.32378,1.323045,1.32312
1790241300,1.323115,1.323255,1.32285,1.32321
1790241600,1.323215,1.32356,1.323205,1.323455
1790241900,1.32346,1.32346,1.322995,1.32313
1790242200,1.32312,1.323355,1.322885,1.322915
1790242500,1.32291,1.32304,1.322625,1.322875
1790242800,1.322865,1.32293,1.3225,1.32251
1790243100,1.322515,1.32292,1.32251,1.32282
1790243400,1.322815,1.322945,1.32258,1.32261
1790243700,1.32261,1.322945,1.322605,1.32293
1790244000,1.322935,1.323015,1.322405,1.32248
1790244300,1.322485,1.32284,1.32245,1.32268
1790244600,1.322685,1.32294,1.32241,1.322415
1790244900,1.322425,1.32246,1.322175,1.32221
1790245200,1.322215,1.322245,1.32148,1.321535
1790245500,1.32154,1.322085,1.32145,1.32169
1790245800,1.321685,1.32217,1.32167,1.322165
1790246100,1.32216,1.32291,1.32216,1.32247
1790246400,1.322465,1.322685,1.32226,1.32234
1790246700,1.322335,1.3228,1.322165,1.322675
1790247000,1.32267,1.322745,1.32242,1.322425
1790247300,1.32243,1.322955,1.3224,1.322915
1790247600,1.32291,1.32298,1.32239,1.32241
1790247900,1.3224,1.322685,1.32232,1.32253
1790248200,1.322535,1.32263,1.32233,1.322495
1790248500,1.32249,1.322995,1.32234,1.32262
1790248800,1.322615,1.32314,1.322615,1.32305
1790249100,1.323045,1.32324,1.32291,1.322965
1790249400,1.32297,1.323095,1.322715,1.32286
1790249700,1.322865,1.32287,1.322245,1.322465
1790250000,1.32246,1.322595,1.32225,1.32255
1790250300,1.322555,1.32261,1.32223,1.322435
1790250600,1.322435,1.32257,1.32229,1.32234
1790250900,1.32236,1.322465,1.32201,1.322255
1790251200,1.32226,1.32226,1.321675,1.32175
1790251500,1.321755,1.322155,1.321615,1.321935
1790251800,1.32194,1.322135,1.32169,1.32205
1790252100,1.322055,1.32211,1.321875,1.321965
1790252400,1.32196,1.322505,1.32196,1.322455
1790252700,1.32245,1.322605,1.322065,1.32224
1790253000,1.322225,1.32227,1.321565,1.321665
1790253300,1.321655,1.32195,1.321505,1.32165
1790253600,1.32166,1.32265,1.321645,1.32227
1790253900,1.32228,1.32249,1.322135,1.32235
1790254200,1.322345,1.322785,1.322185,1.322725
1790254500,1.322715,1.323295,1.322665,1.323165
1790254800,1.32316,1.323385,1.322655,1.322675
1790255100,1.322665,1.32268,1.322335,1.322605
1790255400,1.32261,1.32291,1.32246,1.32279
1790255700,1.32279,1.323015,1.32271,1.322805
1790256000,1.32281,1.32283,1.32241,1.322595
1790256300,1.3226,1.32263,1.321645,1.321675
1790256600,1.32167,1.322345,1.321575,1.321905
1790256900,1.3219,1.32241,1.32182,1.3222
1790257200,1.322205,1.32237,1.32187,1.322065
1790257500,1.32207,1.322305,1.321875,1.32202
1790257800,1.322015,1.3224,1.321805,1.321885
1790258100,1.321865,1.322385,1.32183,1.32233
1790258400,1.322325,1.32262,1.321685,1.3226
1790258700,1.32261,1.32269,1.32228,1.322455
1790259000,1.32246,1.322635,1.32225,1.322265
1790259300,1.322255,1.32236,1.32193,1.32222
1790259600,1.322225,1.32229,1.32186,1.322185
1790259900,1.32218,1.32219,1.321445,1.321455
1790260200,1.32145,1.321595,1.321225,1.321505
1790260500,1.3215,1.321735,1.32148,1.321705
1790260800,1.32171,1.321795,1.32105,1.321175
1790261100,1.32117,1.3215,1.32112,1.32142
1790261400,1.321415,1.32198,1.321225,1.32178
1790261700,1.321785,1.32199,1.321645,1.321875
1790262000,1.32188,1.32199,1.3214,1.32144
1790262300,1.321445,1.32154,1.32124,1.32139
1790262600,1.321395,1.32147,1.32098,1.321045
1790262900,1.32104,1.32172,1.32104,1.321445
1790263200,1.32145,1.32148,1.32106,1.32148
1790263500,1.321485,1.32186,1.321305,1.32184
1790263800,1.321845,1.321845,1.32105,1.321145
1790264100,1.321155,1.321665,1.32114,1.321245
1790264400,1.32125,1.321465,1.32096,1.321365
1790264700,1.32135,1.321585,1.321065,1.32138
1790265000,1.321385,1.32176,1.321355,1.32155
1790265300,1.321555,1.321675,1.32135,1.32146
1790265600,1.321465,1.32176,1.321265,1.32175
1790265900,1.321755,1.321795,1.321555,1.32168
1790266200,1.321685,1.321765,1.321185,1.321745
1790266500,1.32173,1.324035,1.321655,1.3234
1790266800,1.32341,1.32359,1.322735,1.323465
1790267100,1.32347,1.32371,1.323055,1.323445
1790267400,1.32345,1.323545,1.322995,1.323165
1790267700,1.32317,1.32352,1.323045,1.323295
1790268000,1.323295,1.32385,1.32326,1.323305
1790268300,1.32331,1.32335,1.32298,1.32318
1790268600,1.323185,1.32342,1.322885,1.32295
1790268900,1.322955,1.323085,1.32283,1.32289
1790269200,1.322895,1.323575,1.322765,1.323095
1790269500,1.3231,1.323235,1.322915,1.32294
1790269800,1.322935,1.32307,1.322665,1.32302
1790270100,1.323025,1.32305,1.3223,1.322335
1790270400,1.32233,1.32247,1.32224,1.322255
1790270700,1.32225,1.32226,1.32192,1.322025
1790271000,1.32202,1.32231,1.32181,1.32181
1790271300,1.3218,1.321915,1.321705,1.32186
1790271600,1.321875,1.321965,1.32152,1.32153
1790271900,1.321535,1.321535,1.321255,1.32126
1790272200,1.32125,1.321365,1.32113,1.32126
1790272500,1.321265,1.32135,1.321055,1.321245
1790272800,1.32125,1.32128,1.320435,1.32054
1790273100,1.320545,1.321285,1.32049,1.321255
1790273400,1.32125,1.32182,1.32125,1.321675
1790273700,1.321685,1.3218,1.321495,1.32152
1790274000,1.321525,1.32163,1.32136,1.321545
1790274300,1.321535,1.3221,1.32153,1.322055
1790274600,1.32205,1.32208,1.321695,1.321725
1790274900,1.32172,1.32225,1.32145,1.322
1790275200,1.32199,1.321995,1.321405,1.321565
1790275500,1.32156,1.32173,1.32155,1.321675
1790275800,1.32167,1.32197,1.321575,1.321765
1790276100,1.32176,1.3219,1.321655,1.32169
1790276400,1.321695,1.321925,1.32153,1.321595
1790276700,1.32159,1.321755,1.321505,1.321575
1790277000,1.32157,1.32158,1.32115,1.32118
1790277300,1.32117,1.32148,1.321165,1.32137
1790277600,1.321375,1.32165,1.32115,1.32162
1790277900,1.321625,1.32168,1.32148,1.321525
1790278200,1.32153,1.321755,1.321455,1.321735
1790278500,1.32173,1.32174,1.32157,1.321655
1790278800,1.32166,1.32179,1.321435,1.321745
1790279100,1.32174,1.321915,1.32157,1.32189
1790279400,1.321885,1.32206,1.321855,1.321875
1790279700,1.32187,1.322105,1.321835,1.322065
1790280000,1.322065,1.322095,1.321995,1.322065
1790280300,1.322065,1.322075,1.32186,1.32186
1790280600,1.32186,1.32195,1.32165,1.32165
1790280900,1.321655,1.321755,1.32136,1.32151
1790281200,1.321515,1.321515,1.32115,1.32129
1790281500,1.321285,1.32139,1.32128,1.32131
1790281800,1.321305,1.321305,1.32114,1.321215
1790282100,1.32122,1.32162,1.32122,1.321605
1790282400,1.321615,1.32179,1.321605,1.321745
1790282700,1.32174,1.32186,1.321725,1.321735
1790283000,1.32175,1.32193,1.32175,1.32189
1790283300,1.321895,1.322045,1.321835,1.321975
1790283600,1.321975,1.32211,1.32145,1.321835
1790283900,1.321835,1.321835,1.32161,1.321735
1790284200,1.321735,1.321925,1.321695,1.321695
1790284500,1.321645,1.321955,1.321645,1.32184
1790284800,1.32183,1.321885,1.321775,1.3218
1790285100,1.3218,1.3218,1.321605,1.321785
1790285400,1.321785,1.32183,1.32158,1.321615
1790285700,1.321605,1.321635,1.321465,1.3215
1790286000,1.321495,1.321585,1.321415,1.3215
1790286300,1.321475,1.321575,1.32144,1.321575
1790286600,1.321575,1.321645,1.321445,1.32159
1790286900,1.32159,1.32159,1.32125,1.32149
1790287200,1.321485,1.321935,1.32148,1.321795
1790287500,1.32179,1.3218,1.32161,1.32162
1790287800,1.321625,1.32165,1.32142,1.32161
1790288100,1.321615,1.321705,1.321605,1.321615
1790288400,1.321615,1.32166,1.32158,1.32164
1790288700,1.32164,1.321665,1.32156,1.321595
1790289000,1.321605,1.321645,1.321535,1.321545
1790289300,1.32155,1.321555,1.32152,1.32153
1790289600,1.321535,1.32162,1.321505,1.32158
1790289900,1.32158,1.321625,1.321575,1.321625
1790290200,1.321625,1.3217,1.321595,1.321635
1790290500,1.321635,1.321645,1.321555,1.321555
1790290800,1.321565,1.321655,1.321535,1.32165
1790291100,1.32165,1.32165,1.3216,1.32161
1790291400,1.321615,1.32162,1.321545,1.32155
1790291700,1.321545,1.32156,1.321425,1.32143
1790292000,1.32143,1.32158,1.32143,1.321535
1790292300,1.321535,1.321535,1.32147,1.32153
1790292600,1.32153,1.321575,1.321435,1.32154
1790292900,1.32154,1.32174,1.32154,1.32164
1790293200,1.32164,1.32167,1.321405,1.321435
1790293500,1.321435,1.321435,1.3213,1.32132
1790293800,1.321325,1.321425,1.32128,1.321315
1790294100,1.321315,1.32132,1.320915,1.320925
1790294400,1.32093,1.321335,1.320915,1.321275
1790294700,1.32127,1.321335,1.321105,1.321245
1790295000,1.32124,1.32126,1.32105,1.32108
1790295300,1.32109,1.32121,1.32097,1.32101
1790295600,1.321015,1.32118,1.32096,1.321055
1790295900,1.32106,1.321325,1.32101,1.32122
1790296200,1.321215,1.32125,1.321085,1.32114
1790296500,1.321145,1.32119,1.32102,1.321075
1790296800,1.32108,1.32122,1.321075,1.32115
1790297100,1.321145,1.321195,1.32101,1.32111
1790297400,1.32111,1.3213,1.3211,1.32128
1790297700,1.32127,1.32156,1.32121,1.32142
1790298000,1.321425,1.32175,1.321395,1.32169
1790298300,1.321685,1.32193,1.321645,1.3219
1790298600,1.321905,1.322405,1.321845,1.322315
1790298900,1.32231,1.322355,1.321965,1.321975
1790299200,1.32198,1.322215,1.321945,1.322055
1790299500,1.32205,1.32207,1.321775,1.321825
1790299800,1.32183,1.32183,1.32154,1.32155
1790300100,1.32155,1.321845,1.32152,1.321805
1790300400,1.321805,1.32181,1.3215,1.321505
1790300700,1.3215,1.32152,1.321345,1.32149
1790301000,1.321485,1.32149,1.321355,1.321425
1790301300,1.321425,1.321515,1.321295,1.32149
1790301600,1.321495,1.32162,1.32148,1.3215
1790301900,1.321505,1.321905,1.321465,1.32184
1790302200,1.321835,1.321895,1.32165,1.32174
1790302500,1.321745,1.321765,1.32156,1.321725
1790302800,1.321715,1.32192,1.321645,1.321735
1790303100,1.32173,1.32185,1.32164,1.321755
1790303400,1.32175,1.321825,1.321705,1.321755
1790303700,1.321745,1.321755,1.3215,1.32156
1790304000,1.321555,1.321775,1.32145,1.32175
1790304300,1.32175,1.32177,1.32147,1.32147
1790304600,1.321475,1.32152,1.321315,1.32136
1790304900,1.321355,1.321375,1.32126,1.321335
1790305200,1.32133,1.321335,1.32113,1.32126
1790305500,1.32127,1.32143,1.32123,1.32126
1790305800,1.32126,1.32126,1.32108,1.321105
1790306100,1.32111,1.32123,1.3211,1.321195
1790306400,1.32119,1.321345,1.32119,1.32123
1790306700,1.32123,1.321275,1.321115,1.32114
1790307000,1.321145,1.32122,1.321045,1.321175
1790307300,1.321175,1.32123,1.32111,1.3212
1790307600,1.321195,1.32122,1.32112,1.321135
1790307900,1.32114,1.32117,1.321075,1.3211
1790308200,1.321095,1.321215,1.321035,1.321175
1790308500,1.32117,1.32126,1.321125,1.321155
1790308800,1.32115,1.321185,1.321055,1.32116
1790309100,1.32116,1.32136,1.32116,1.32131
1790309400,1.32131,1.321325,1.32113,1.32116
1790309700,1.321155,1.32122,1.32112,1.32119
1790310000,1.321195,1.321225,1.32107,1.32113
1790310300,1.321135,1.321225,1.321125,1.32119
1790310600,1.3212,1.32131,1.32117,1.321265
1790310900,1.321265,1.321305,1.32113,1.321215
1790311200,1.32122,1.321335,1.32122,1.321255
1790311500,1.32125,1.3214,1.32125,1.321365
1790311800,1.321365,1.32137,1.3213,1.32134
1790312100,1.321345,1.32135,1.321145,1.32129
1790312400,1.321285,1.321415,1.321215,1.321395
1790312700,1.321405,1.321565,1.321385,1.321555
1790313000,1.32156,1.32162,1.32147,1.32157
1790313300,1.321575,1.32173,1.32152,1.32153
1790313600,1.321525,1.32158,1.321445,1.321535
1790313900,1.321535,1.321605,1.32144,1.32155
1790314200,1.321545,1.322,1.32146,1.32192
1790314500,1.321925,1.321945,1.32169,1.32174
1790314800,1.32174,1.32185,1.321665,1.321825
1790315100,1.32183,1.32186,1.32163,1.32164
1790315400,1.321635,1.321885,1.321615,1.32177
1790315700,1.321765,1.32178,1.32147,1.321765
1790316000,1.32176,1.32195,1.321705,1.32194
1790316300,1.321935,1.32215,1.32184,1.32185
1790316600,1.321855,1.32254,1.321855,1.32249
1790316900,1.322485,1.32288,1.32246,1.32279
1790317200,1.3228,1.322945,1.322465,1.32289
1790317500,1.32289,1.322935,1.32261,1.322745
1790317800,1.32274,1.322815,1.322535,1.32273
1790318100,1.322735,1.322785,1.32222,1.32247
1790318400,1.322475,1.3226,1.32245,1.322565
1790318700,1.32256,1.3228,1.322525,1.322645
1790319000,1.32265,1.32273,1.32223,1.32256
1790319300,1.322555,1.322845,1.32238,1.32246
1790319600,1.322455,1.322775,1.32188,1.321975
1790319900,1.32197,1.32213,1.32172,1.32193
1790320200,1.32193,1.322265,1.32178,1.32214
1790320500,1.322135,1.322355,1.322025,1.32217
1790320800,1.322175,1.32227,1.321905,1.322
1790321100,1.322005,1.32218,1.321845,1.322065
1790321400,1.322065,1.322445,1.322065,1.322295
1790321700,1.3223,1.322575,1.322165,1.32218
1790322000,1.322175,1.32243,1.32214,1.32242
1790322300,1.322425,1.322825,1.322425,1.322775
1790322600,1.32277,1.32296,1.32264,1.322845
1790322900,1.32284,1.32315,1.32283,1.32314
1790323200,1.323135,1.32318,1.32284,1.32317
1790323500,1.323175,1.32379,1.32317,1.32365
1790323800,1.323655,1.32398,1.323595,1.32389
1790324100,1.32388,1.324085,1.32352,1.32366
1790324400,1.323665,1.32376,1.32341,1.32368
1790324700,1.323675,1.323745,1.323445,1.32355
1790325000,1.323545,1.32363,1.323225,1.32329
1790325300,1.323285,1.323345,1.32313,1.323285
1790325600,1.32329,1.323655,1.323275,1.32356
1790325900,1.32356,1.32383,1.32356,1.323735
1790326200,1.32373,1.32386,1.323585,1.323655
1790326500,1.32365,1.323745,1.32328,1.323325
1790326800,1.32332,1.323555,1.323215,1.323225
1790327100,1.32323,1.32364,1.32307,1.32362
1790327400,1.323625,1.323725,1.32346,1.32371
1790327700,1.32371,1.32393,1.32339,1.32365
1790328000,1.32366,1.32387,1.32347,1.32387
1790328300,1.323865,1.323885,1.3231,1.3231
1790328600,1.3231,1.32375,1.323095,1.32365
1790328900,1.323655,1.323715,1.32342,1.323655
1790329200,1.32366,1.324055,1.32363,1.323735
1790329500,1.32374,1.323755,1.32334,1.323445
1790329800,1.323445,1.32396,1.323415,1.32394
1790330100,1.323935,1.324235,1.32378,1.32405
1790330400,1.324055,1.3244,1.32404,1.32434
1790330700,1.32434,1.32481,1.32433,1.32481
1790331000,1.3248,1.32503,1.32475,1.32483
1790331300,1.32484,1.324995,1.324565,1.32465
1790331600,1.324655,1.32484,1.32448,1.32452
1790331900,1.324525,1.324585,1.3244,1.32445
1790332200,1.324445,1.324565,1.324225,1.32445
1790332500,1.324445,1.324495,1.324225,1.32444
1790332800,1.32445,1.324705,1.32444,1.32467
1790333100,1.324665,1.324735,1.324395,1.32442
1790333400,1.324415,1.324645,1.3243,1.32464
1790333700,1.324635,1.324665,1.32436,1.32438
1790334000,1.324385,1.32499,1.324335,1.324935
1790334300,1.324935,1.325445,1.32481,1.325355
1790334600,1.32535,1.325405,1.325175,1.32537
1790334900,1.325375,1.325655,1.32528,1.325305
1790335200,1.32531,1.325795,1.32531,1.32557
1790335500,1.325575,1.325655,1.325275,1.325295
1790335800,1.3253,1.32539,1.32521,1.32529
1790336100,1.325295,1.32598,1.32504,1.32507
1790336400,1.325075,1.32535,1.32507,1.32534
1790336700,1.32534,1.32543,1.324875,1.32525
1790337000,1.325255,1.325505,1.325225,1.325235
1790337300,1.32523,1.32535,1.32501,1.32505
1790337600,1.325055,1.32516,1.32493,1.325055
1790337900,1.32505,1.325305,1.324945,1.325225
1790338200,1.32523,1.32526,1.32481,1.324935
1790338500,1.32494,1.32536,1.324885,1.325345
1790338800,1.32533,1.32577,1.325285,1.325495
1790339100,1.32549,1.325795,1.32549,1.325555
1790339400,1.32556,1.325595,1.325175,1.32538
1790339700,1.32538,1.325545,1.325325,1.32552
1790340000,1.325525,1.325565,1.32509,1.32522
1790340300,1.32523,1.32579,1.325165,1.325455
1790340600,1.325465,1.325725,1.325345,1.32552
1790340900,1.325525,1.32573,1.325325,1.325705
1790341200,1.32571,1.32584,1.32543,1.325455
1790341500,1.32546,1.32637,1.325455,1.326225
1790341800,1.32621,1.326275,1.325755,1.32584
1790342100,1.325835,1.32584,1.325425,1.325835
1790342400,1.32583,1.32586,1.32534,1.32546
1790342700,1.325465,1.32551,1.32497,1.325
1790343000,1.32501,1.325745,1.324845,1.325435
1790343300,1.32544,1.32563,1.32527,1.32562
1790343600,1.325625,1.325855,1.3254,1.325545
1790343900,1.32554,1.325865,1.325385,1.325835
1790344200,1.32583,1.326035,1.32534,1.32534
1790344500,1.325345,1.32542,1.325175,1.32536
1790344800,1.325365,1.325455,1.324435,1.324515
1790345100,1.32451,1.32496,1.32411,1.324915
1790345400,1.32492,1.32503,1.32468,1.324945
1790345700,1.324935,1.324985,1.32463,1.32474
1790346000,1.324745,1.324765,1.32436,1.32447
1790346300,1.324465,1.3245,1.324055,1.324085
1790346600,1.324075,1.324545,1.32395,1.32433
1790346900,1.324325,1.324625,1.32429,1.324455
1790347200,1.32446,1.32456,1.32411,1.324265
1790347500,1.32427,1.32505,1.32421,1.32494
1790347800,1.324935,1.325175,1.324695,1.324915
1790348100,1.32492,1.32494,1.32433,1.32452
1790348400,1.32453,1.32467,1.32369,1.32372
1790348700,1.323715,1.32389,1.32338,1.3234
1790349000,1.323405,1.323715,1.32326,1.32363
1790349300,1.323625,1.32384,1.32333,1.323455
1790349600,1.32346,1.324065,1.32341,1.32374
1790349900,1.32373,1.32415,1.32356,1.32403
1790350200,1.32404,1.324415,1.323985,1.32411
1790350500,1.32412,1.32416,1.32339,1.32341
1790350800,1.32342,1.3236,1.323305,1.32334
1790351100,1.323345,1.32349,1.32321,1.323255
1790351400,1.323255,1.32352,1.32293,1.323425
1790351700,1.323435,1.324785,1.32327,1.324785
1790352000,1.32479,1.326105,1.32476,1.32584
1790352300,1.325835,1.32617,1.32558,1.326135
1790352600,1.32613,1.326225,1.32566,1.32594
1790352900,1.325935,1.325935,1.32503,1.32508
1790353200,1.32509,1.32513,1.32472,1.324905
1790353500,1.32491,1.325265,1.32469,1.325215
1790353800,1.32522,1.32529,1.32419,1.32456
1790354100,1.324555,1.324845,1.3243,1.3248
1790354400,1.324775,1.324825,1.32435,1.32451
1790354700,1.324505,1.32453,1.32388,1.32413
1790355000,1.324125,1.32432,1.32398,1.324175
1790355300,1.324175,1.32444,1.32411,1.324225
1790355600,1.32423,1.324575,1.32411,1.32436
1790355900,1.32436,1.324545,1.32416,1.324455
1790356200,1.32445,1.324465,1.324225,1.32424
1790356500,1.324235,1.32431,1.324095,1.32422
1790356800,1.324215,1.324255,1.32411,1.324195
1790357100,1.324205,1.32425,1.3241,1.32414
1790357400,1.32413,1.32447,1.32413,1.32426
1790357700,1.324265,1.32443,1.324005,1.32425
1790358000,1.324245,1.32473,1.324245,1.32463
1790358300,1.324635,1.324635,1.324125,1.32431
1790358600,1.324315,1.32449,1.32424,1.32441
1790358900,1.324395,1.3244,1.32409,1.324195
1790359200,1.32421,1.32446,1.324145,1.324285
1790359500,1.32428,1.32454,1.324215,1.32453
1790359800,1.32453,1.324565,1.32443,1.32453
1790360100,1.324525,1.32458,1.32429,1.324425
1790360400,1.324425,1.32489,1.32431,1.324845
1790360700,1.32485,1.32504,1.324525,1.324815
1790361000,1.32482,1.325235,1.324815,1.325235
1790361300,1.325225,1.32536,1.32492,1.32493
1790361600,1.324925,1.325285,1.324805,1.32517
1790361900,1.32517,1.32538,1.32514,1.325235
1790362200,1.325235,1.32527,1.32506,1.32515
1790362500,1.325155,1.32527,1.325025,1.32516
1790362800,1.32515,1.325355,1.32488,1.324945
1790363100,1.324945,1.32533,1.32484,1.325325
1790363400,1.32532,1.32542,1.32521,1.32537
1790363700,1.325375,1.325425,1.325145,1.325145
1790364000,1.32515,1.32523,1.325005,1.32517
1790364300,1.325165,1.325185,1.325005,1.32501
1790364600,1.325015,1.32515,1.324945,1.32507
1790364900,1.325075,1.32546,1.325055,1.32527
1790365200,1.325265,1.32538,1.32518,1.325335
1790365500,1.32534,1.32536,1.32513,1.325155
1790365800,1.32516,1.32523,1.32505,1.32515
1790366100,1.325155,1.325155,1.32491,1.32492
1790366400,1.32492,1.325065,1.324835,1.32496
1790366700,1.324955,1.324955,1.32473,1.32474
1790367000,1.324735,1.32475,1.32465,1.32466
1790367300,1.324665,1.324685,1.32458,1.32467
1790367600,1.324665,1.32471,1.324545,1.32462
1790367900,1.324625,1.32466,1.32443,1.32443
1790368200,1.324435,1.324775,1.324435,1.32475
1790368500,1.32476,1.3248,1.324725,1.324735
1790368800,1.32473,1.324735,1.324605,1.32461
1790369100,1.32462,1.324755,1.324535,1.32456
1790369400,1.32457,1.32459,1.324435,1.324485
1790369700,1.324455,1.32479,1.324225,1.32463
