time,asset,signal,info,payout,winrate,kelly,stake,profit,balance
2026-10-04T21:51:04,USDCAD-OTC,put,H008_ROUTER,0.86,0.58,0.0916,2.0,-2.0,98.0
2026-10-04T22:01:35,USDCAD-OTC,put,MHI_ML_ROUTER,0.86,0.5524,0.0319,1.0,-1.0,97.0
2026-10-04T22:06:09,AUDUSD-OTC,put,MHI_ML_ROUTER,0.86,0.58,0.0916,1.94,-1.94,90.18
2026-10-04T22:06:10,USDCAD-OTC,put,MHI_ML_ROUTER,0.86,0.5273,-0.02241014799154347,1.0,-1.0,90.18
2026-10-04T22:06:10,EURJPY-OTC,call,MHI_ML_ROUTER,0.86,0.58,0.0916,1.94,-1.94,90.18
2026-10-04T22:06:10,USDCHF-OTC,call,MHI_ML_ROUTER,0.86,0.58,0.0916,1.94,-1.94,90.18
2026-10-04T22:11:02,ETHUSD-OTC,put,MHI_ML_ROUTER,0.87,0.58,0.0972,1.8,1.48,64.22
2026-10-04T22:11:02,EURUSD-OTC,put,MHI_ML_ROUTER,0.85,0.58,0.0859,1.8,-1.8,64.22
2026-10-04T22:11:02,USDCHF-OTC,put,MHI_ML_ROUTER,0.86,0.58,0.0916,1.73,1.49,64.22
2026-10-04T22:11:03,NZDUSD-OTC,put,MHI_ML_ROUTER,0.86,0.58,0.0916,1.73,1.51,64.22
2026-10-04T22:11:03,EURGBP-OTC,put,MHI_ML_ROUTER,0.83,0.58,0.074,1.6,1.38,64.22
2026-10-04T22:11:03,GBPJPY-OTC,put,MHI_ML_ROUTER,0.86,0.58,0.0916,1.73,-1.73,64.22
2026-10-04T22:11:03,GBPCAD-OTC,call,MHI_ML_ROUTER,0.86,0.58,0.0916,1.73,-1.73,64.22
2026-10-04T22:11:03,GBPNZD-OTC,put,MHI_ML_ROUTER,0.86,0.58,0.0916,1.73,1.42,64.22
2026-10-04T22:11:04,AUDCAD-OTC,put,MHI_ML_ROUTER,0.85,0.58,0.0859,1.73,-1.73,64.22
2026-10-04T22:11:04,AUDNZD-OTC,call,MHI_ML_ROUTER,0.86,0.58,0.0916,1.73,1.42,64.22
2026-10-04T22:11:04,AUDCHF-OTC,put,MHI_ML_ROUTER,0.86,0.58,0.0916,1.73,0.0,64.22
2026-10-04T22:12:07,CHFJPY-OTC,call,MHI_ML_ROUTER,0.86,0.58,0.0916,1.73,-1.73,84.97
2026-10-04T22:12:07,CADCHF-OTC,call,MHI_ML_ROUTER,0.86,0.58,0.0916,1.73,1.42,84.97
2026-10-04T22:12:07,NZDJPY-OTC,put,MHI_ML_ROUTER,0.86,0.58,0.0916,1.73,-1.73,84.97
2026-10-04T22:12:07,NZDCAD-OTC,call,MHI_ML_ROUTER,0.86,0.58,0.0916,1.73,-1.73,84.97
2026-10-04T22:16:10,AUDJPY-OTC,call,MHI_ML_ROUTER,0.86,0.58,0.0916,1.76,1.44,65.78
2026-10-04T22:16:11,EURAUD-OTC,call,MHI_ML_ROUTER,0.86,0.58,0.0916,1.76,-1.76,65.78
2026-10-04T22:16:11,EURCHF-OTC,put,MHI_ML_ROUTER,0.86,0.58,0.0916,1.76,-1.76,65.78
2026-10-04T22:16:11,GBPAUD-OTC,put,MHI_ML_ROUTER,0.86,0.58,0.0916,1.76,-1.76,65.78
2026-10-04T22:16:11,AUDCAD-OTC,call,MHI_ML_ROUTER,0.85,0.5524,0.0258,1.0,-1.0,65.78
2026-10-04T22:16:11,AUDNZD-OTC,put,MHI_ML_ROUTER,0.86,0.6,0.1349,1.76,1.44,65.78
2026-10-04T22:16:11,CADCHF-OTC,call,MHI_ML_ROUTER,0.86,0.6,0.1349,1.76,-1.76,65.78
2026-10-04T22:16:11,NZDJPY-OTC,call,MHI_ML_ROUTER,0.86,0.5524,0.0319,1.0,-1.0,65.78
2026-10-04T22:16:11,NZDCAD-OTC,call,MHI_ML_ROUTER,0.86,0.5524,0.0319,1.0,-1.0,65.78
2026-10-04T22:16:12,ETHUSD-OTC,put,MHI_ML_ROUTER,0.87,0.58,0.0972,1.76,1.44,65.78
2026-10-04T22:16:12,XAUUSD,call,MHI_ML_ROUTER,0.87,0.58,0.0972,1.76,-1.76,65.78
2026-10-04T22:16:12,EURUSD-OTC,call,MHI_ML_ROUTER,0.85,0.5524,0.0258,1.0,-1.0,65.78
2026-10-04T22:16:12,GBPUSD-OTC,call,MHI_ML_ROUTER,0.86,0.58,0.0916,1.42,-1.42,65.78
2026-10-04T22:16:12,AUDUSD-OTC,call,MHI_ML_ROUTER,0.86,0.58,0.0916,1.42,-1.42,65.78
2026-10-04T22:17:14,USDCHF-OTC,call,MHI_ML_ROUTER,0.86,0.6,0.1349,1.42,1.22,75.38
2026-10-04T22:21:13,AUDUSD-OTC,call,MHI_ML_ROUTER,0.86,0.5524,0.0319,1.0,0.82,72.8
2026-10-04T22:21:14,USDCAD-OTC,call,MHI_ML_ROUTER,0.86,0.58,0.0916,1.56,-1.56,72.8
2026-10-04T22:21:14,USDCHF-OTC,call,MHI_ML_ROUTER,0.86,0.6182,0.1742,1.56,1.34,72.8
2026-10-04T22:21:14,NZDUSD-OTC,put,MHI_ML_ROUTER,0.86,0.6,0.1349,1.56,-1.56,72.8
2026-10-04T22:21:14,EURCHF-OTC,call,MHI_ML_ROUTER,0.86,0.5524,0.0319,1.0,-1.0,72.8
2026-10-04T22:21:14,GBPNZD-OTC,put,MHI_ML_ROUTER,0.86,0.6,0.1349,1.56,-1.56,72.8
2026-10-04T22:21:14,AUDCAD-OTC,call,MHI_ML_ROUTER,0.85,0.5273,-0.028877005347593705,1.0,0.86,72.8
2026-10-04T22:21:14,CADJPY-OTC,put,MHI_ML_ROUTER,0.86,0.58,0.0916,1.56,-1.56,72.8
2026-10-04T22:21:15,NZDCAD-OTC,put,MHI_ML_ROUTER,0.86,0.5273,-0.02241014799154347,1.0,-1.0,72.8
2026-10-04T22:26:17,EURUSD-OTC,put,MHI_ML_ROUTER,0.85,0.5273,-0.028877005347593705,1.0,-1.0,74.53
2026-10-04T22:26:17,AUDUSD-OTC,call,MHI_ML_ROUTER,0.86,0.5727,0.0759,1.38,-1.38,74.53
2026-10-04T22:26:17,USDCHF-OTC,put,MHI_ML_ROUTER,0.86,0.6348,0.2101,1.46,1.26,74.53
2026-10-04T22:26:17,NZDUSD-OTC,call,MHI_ML_ROUTER,0.86,0.5727,0.0759,1.38,-1.38,74.53
2026-10-04T22:26:17,EURGBP-OTC,put,MHI_ML_ROUTER,0.83,0.6,0.1181,1.46,1.26,74.53
2026-10-04T22:26:18,EURJPY-OTC,call,MHI_ML_ROUTER,0.86,0.58,0.0916,1.46,1.26,74.53
2026-10-04T22:26:18,GBPJPY-OTC,call,MHI_ML_ROUTER,0.86,0.5524,0.0319,1.0,0.86,74.53
2026-10-04T22:26:18,AUDJPY-OTC,call,MHI_ML_ROUTER,0.86,0.6,0.1349,1.29,-1.29,74.53
2026-10-04T22:26:18,EURCAD-OTC,call,MHI_ML_ROUTER,0.86,0.58,0.0916,1.29,-1.29,74.53
2026-10-04T22:26:18,EURCHF-OTC,put,MHI_ML_ROUTER,0.86,0.5273,-0.02241014799154347,1.0,0.82,74.53
2026-10-04T22:26:18,GBPNZD-OTC,call,MHI_ML_ROUTER,0.86,0.5727,0.0759,1.23,1.01,74.53
2026-10-04T22:26:18,AUDNZD-OTC,put,MHI_ML_ROUTER,0.86,0.6182,0.1742,1.29,-1.29,74.53
2026-10-04T22:26:19,CADCHF-OTC,put,MHI_ML_ROUTER,0.86,0.5727,0.0759,1.23,1.01,74.53
2026-10-04T22:26:19,NZDCAD-OTC,put,MHI_ML_ROUTER,0.86,0.5043,-0.07199191102123365,1.0,0.82,74.53
2026-10-04T22:26:19,ETHUSD-OTC,put,MHI_ML_ROUTER,0.87,0.58,0.0972,1.29,1.06,74.53
2026-10-04T22:31:15,USDCHF-OTC,call,MHI_ML_ROUTER,0.86,0.58,0.0916,1.49,-1.49,56.35
2026-10-04T22:31:16,EURGBP-OTC,put,MHI_ML_ROUTER,0.83,0.58,0.074,1.38,1.19,56.35
2026-10-04T22:31:16,AUDJPY-OTC,put,MHI_ML_ROUTER,0.86,0.58,0.0916,1.49,1.22,56.35
2026-10-04T22:31:16,EURNZD-OTC,call,MHI_ML_ROUTER,0.86,0.58,0.0916,1.49,1.22,56.35
2026-10-04T22:31:16,EURCHF-OTC,call,MHI_ML_ROUTER,0.86,0.58,0.0916,1.49,1.22,56.35
2026-10-04T22:31:16,GBPAUD-OTC,put,MHI_ML_ROUTER,0.86,0.58,0.0916,1.49,1.22,56.35
2026-10-04T22:31:16,GBPCAD-OTC,put,MHI_ML_ROUTER,0.86,0.58,0.0916,1.49,1.22,56.35
2026-10-04T22:31:16,GBPCHF-OTC,put,MHI_ML_ROUTER,0.86,0.58,0.0916,1.49,1.22,56.35
2026-10-04T22:31:16,AUDCAD-OTC,put,MHI_ML_ROUTER,0.85,0.58,0.0859,1.49,1.28,56.35
2026-10-04T22:31:17,AUDCHF-OTC,call,MHI_ML_ROUTER,0.86,0.58,0.0916,1.22,-1.22,56.35
2026-10-04T22:31:17,CADCHF-OTC,call,MHI_ML_ROUTER,0.86,0.58,0.0916,1.22,-1.22,56.35
2026-10-04T22:31:17,NZDJPY-OTC,put,MHI_ML_ROUTER,0.86,0.58,0.0916,1.22,-1.22,56.35
2026-10-04T22:32:19,EURUSD-OTC,call,MHI_ML_ROUTER,0.85,0.58,0.0859,1.22,1.06,77.95
2026-10-04T22:36:21,EURUSD-OTC,call,MHI_ML_ROUTER,0.85,0.6,0.1294,1.6,1.39,57.63
2026-10-04T22:36:21,GBPUSD-OTC,call,MHI_ML_ROUTER,0.86,0.58,0.0916,1.6,1.38,57.63
2026-10-04T22:36:21,AUDUSD-OTC,put,MHI_ML_ROUTER,0.86,0.58,0.0916,1.6,1.31,57.63
2026-10-04T22:36:21,NZDUSD-OTC,call,MHI_ML_ROUTER,0.86,0.58,0.0916,1.6,1.39,57.63
2026-10-04T22:36:22,EURGBP-OTC,call,MHI_ML_ROUTER,0.83,0.6,0.1181,1.6,-1.6,57.63
2026-10-04T22:36:22,AUDJPY-OTC,call,MHI_ML_ROUTER,0.86,0.6,0.1349,1.6,-1.6,57.63
2026-10-04T22:36:22,EURAUD-OTC,put,MHI_ML_ROUTER,0.86,0.58,0.0916,1.6,-1.6,57.63
2026-10-04T22:36:22,EURCAD-OTC,put,MHI_ML_ROUTER,0.86,0.58,0.0916,1.6,1.31,57.63
2026-10-04T22:36:22,EURCHF-OTC,call,MHI_ML_ROUTER,0.86,0.6,0.1349,1.6,-1.6,57.63
2026-10-04T22:36:22,GBPAUD-OTC,call,MHI_ML_ROUTER,0.86,0.6,0.1349,1.6,1.31,57.63
2026-10-04T22:36:22,GBPCAD-OTC,call,MHI_ML_ROUTER,0.86,0.6,0.1349,1.6,1.31,57.63
2026-10-04T22:36:22,GBPCHF-OTC,put,MHI_ML_ROUTER,0.86,0.6,0.1349,1.25,-1.25,57.63
2026-10-04T22:36:23,AUDCAD-OTC,call,MHI_ML_ROUTER,0.85,0.6,0.1294,1.25,1.08,57.63
2026-10-04T22:36:23,AUDNZD-OTC,call,MHI_ML_ROUTER,0.86,0.58,0.0916,1.25,-1.25,57.63
2026-10-04T22:36:23,CADJPY-OTC,put,MHI_ML_ROUTER,0.86,0.58,0.0916,1.25,1.03,57.63
2026-10-04T22:41:07,GBPNZD-OTC,put,MHI_ML_ROUTER,0.86,0.58,0.0916,1.66,-1.66,60.76
2026-10-04T22:41:07,AUDCAD-OTC,call,MHI_ML_ROUTER,0.85,0.6182,0.169,1.66,-1.66,60.76
2026-10-04T22:41:07,NZDJPY-OTC,put,MHI_ML_ROUTER,0.86,0.5524,0.0319,1.0,-1.0,60.76
2026-10-04T22:41:07,NZDCAD-OTC,call,MHI_ML_ROUTER,0.86,0.58,0.0916,1.57,1.29,60.76
2026-10-04T22:41:07,ETHUSD-OTC,call,MHI_ML_ROUTER,0.87,0.58,0.0972,1.57,1.29,60.76
2026-10-04T22:41:07,XAUUSD,call,MHI_ML_ROUTER,0.87,0.5524,0.0379,1.0,0.87,60.76
2026-10-04T22:41:07,EURUSD-OTC,put,MHI_ML_ROUTER,0.85,0.6182,0.169,1.57,-1.57,60.76
2026-10-04T22:41:07,AUDUSD-OTC,put,MHI_ML_ROUTER,0.86,0.6,0.1349,1.57,1.29,60.76
2026-10-04T22:41:07,EURGBP-OTC,put,MHI_ML_ROUTER,0.83,0.5727,0.0579,1.14,-1.14,60.76
2026-10-04T22:41:08,EURJPY-OTC,put,MHI_ML_ROUTER,0.86,0.58,0.0916,1.57,1.35,60.76
2026-10-04T22:41:08,GBPJPY-OTC,call,MHI_ML_ROUTER,0.86,0.58,0.0916,1.57,1.35,60.76
2026-10-04T22:42:10,EURCAD-OTC,call,MHI_ML_ROUTER,0.86,0.6,0.1349,1.57,1.29,85.48
2026-10-04T22:42:10,EURCHF-OTC,call,MHI_ML_ROUTER,0.86,0.5727,0.0759,1.49,1.22,85.48
2026-10-04T22:42:10,GBPAUD-OTC,put,MHI_ML_ROUTER,0.86,0.6182,0.1742,1.57,-1.57,85.48
2026-10-04T22:42:10,GBPCAD-OTC,put,MHI_ML_ROUTER,0.86,0.6182,0.1742,1.57,1.29,85.48
2026-10-04T22:46:09,EURCHF-OTC,put,MHI_ML_ROUTER,0.86,0.5913,0.1161,1.71,1.4,63.38
2026-10-04T22:46:09,GBPAUD-OTC,put,MHI_ML_ROUTER,0.86,0.5913,0.1161,1.71,1.4,63.38
2026-10-04T22:46:09,GBPCHF-OTC,put,MHI_ML_ROUTER,0.86,0.5727,0.0759,1.62,1.33,63.38
2026-10-04T22:46:10,AUDCAD-OTC,call,MHI_ML_ROUTER,0.85,0.5913,0.1105,1.71,-1.71,63.38
2026-10-04T22:46:10,AUDNZD-OTC,call,MHI_ML_ROUTER,0.86,0.5524,0.0319,1.0,0.82,63.38
2026-10-04T22:46:10,CHFJPY-OTC,put,MHI_ML_ROUTER,0.86,0.58,0.0916,1.71,-1.71,63.38
2026-10-04T22:46:10,NZDJPY-OTC,put,MHI_ML_ROUTER,0.86,0.5273,-0.02241014799154347,1.0,0.82,63.38
2026-10-04T22:46:10,NZDCAD-OTC,call,MHI_ML_ROUTER,0.86,0.6,0.1349,1.52,-1.52,63.38
2026-10-04T22:46:10,ETHUSD-OTC,call,MHI_ML_ROUTER,0.87,0.58,0.0972,1.52,-1.52,63.38
2026-10-04T22:46:10,XAUUSD,put,MHI_ML_ROUTER,0.87,0.5727,0.0816,1.52,1.32,63.38
2026-10-04T22:46:10,EURUSD-OTC,call,MHI_ML_ROUTER,0.85,0.5913,0.1105,1.52,-1.52,63.38
2026-10-04T22:46:10,AUDUSD-OTC,put,MHI_ML_ROUTER,0.86,0.6182,0.1742,1.52,1.25,63.38
2026-10-04T22:46:11,EURGBP-OTC,put,MHI_ML_ROUTER,0.83,0.5478,0.003,1.0,-1.0,63.38
2026-10-04T22:47:12,EURJPY-OTC,put,MHI_ML_ROUTER,0.86,0.6,0.1349,1.52,-1.52,81.8
2026-10-04T22:47:12,GBPJPY-OTC,put,MHI_ML_ROUTER,0.86,0.6,0.1349,1.52,-1.52,81.8
2026-10-04T22:51:10,EURJPY-OTC,put,MHI_ML_ROUTER,0.86,0.5727,0.0759,1.55,1.33,66.95
2026-10-04T22:51:10,AUDJPY-OTC,put,MHI_ML_ROUTER,0.86,0.5727,0.0759,1.55,1.27,66.95
2026-10-04T22:51:10,EURAUD-OTC,call,MHI_ML_ROUTER,0.86,0.5524,0.0319,1.0,0.82,66.95
2026-10-04T22:51:10,EURNZD-OTC,call,MHI_ML_ROUTER,0.86,0.6,0.1349,1.64,-1.64,66.95
2026-10-04T22:51:10,AUDNZD-OTC,put,MHI_ML_ROUTER,0.86,0.5727,0.0759,1.55,1.27,66.95
2026-10-04T22:51:10,CADJPY-OTC,put,MHI_ML_ROUTER,0.86,0.6,0.1349,1.64,-1.64,66.95
2026-10-04T22:51:11,NZDJPY-OTC,put,MHI_ML_ROUTER,0.86,0.5478,0.022,1.0,0.82,66.95
2026-10-04T22:51:11,ETHUSD-OTC,call,MHI_ML_ROUTER,0.87,0.58,0.0972,1.46,-1.46,66.95
2026-10-04T22:51:11,GBPUSD-OTC,call,MHI_ML_ROUTER,0.86,0.6,0.1349,1.46,1.26,66.95
2026-10-04T22:52:14,USDCHF-OTC,call,MHI_ML_ROUTER,0.86,0.5524,0.0319,1.0,-1.0,81.83
2026-10-04T22:52:14,EURGBP-OTC,call,MHI_ML_ROUTER,0.83,0.525,-0.04728915662650603,1.0,0.86,81.83
2026-10-04T22:56:12,NZDUSD-OTC,call,MHI_ML_ROUTER,0.86,0.6,0.1349,1.67,1.45,64.95
2026-10-04T22:56:12,EURGBP-OTC,call,MHI_ML_ROUTER,0.83,0.544,-0.005397590361445697,1.0,0.0,64.95
2026-10-04T22:56:12,EURAUD-OTC,call,MHI_ML_ROUTER,0.86,0.5727,0.0759,1.59,1.3,64.95
2026-10-04T22:56:12,GBPAUD-OTC,put,MHI_ML_ROUTER,0.86,0.6083,0.1529,1.67,1.37,64.95
2026-10-04T22:56:12,GBPCAD-OTC,call,MHI_ML_ROUTER,0.86,0.6348,0.2101,1.67,0.0,64.95
2026-10-04T22:56:12,AUDCAD-OTC,put,MHI_ML_ROUTER,0.85,0.5667,0.0569,1.19,1.02,64.95
2026-10-04T22:56:13,AUDNZD-OTC,call,MHI_ML_ROUTER,0.86,0.5913,0.1161,1.67,1.37,64.95
2026-10-04T22:56:13,AUDCHF-OTC,put,MHI_ML_ROUTER,0.86,0.5524,0.0319,1.0,-1.0,64.95
2026-10-04T22:56:13,CADJPY-OTC,call,MHI_ML_ROUTER,0.86,0.5727,0.0759,1.59,-1.59,64.95
2026-10-04T22:56:13,ETHUSD-OTC,put,MHI_ML_ROUTER,0.87,0.58,0.0972,1.67,1.37,64.95
2026-10-04T22:56:13,XAUUSD,put,MHI_ML_ROUTER,0.87,0.5913,0.1215,1.67,-1.67,64.95
2026-10-04T22:57:16,USDCAD-OTC,call,MHI_ML_ROUTER,0.86,0.58,0.0916,1.35,1.11,87.42
2026-10-04T22:57:16,USDCHF-OTC,put,MHI_ML_ROUTER,0.86,0.5273,-0.02241014799154347,1.0,-1.0,87.42
2026-10-04T23:01:16,EURUSD-OTC,put,MHI_ML_ROUTER,0.85,0.5667,0.0569,1.24,1.08,88.48
2026-10-04T23:01:17,EURGBP-OTC,call,MHI_ML_ROUTER,0.83,0.5231,-0.05152919369786835,1.0,-1.0,88.48
2026-10-04T23:01:17,EURJPY-OTC,put,MHI_ML_ROUTER,0.86,0.5913,0.1161,1.75,1.51,88.48
2026-10-04T23:01:17,AUDJPY-OTC,put,MHI_ML_ROUTER,0.86,0.5913,0.1161,1.75,1.44,88.48
2026-10-04T23:01:17,EURAUD-OTC,put,MHI_ML_ROUTER,0.86,0.5913,0.1161,1.63,1.34,88.48
2026-10-04T23:01:17,EURNZD-OTC,call,MHI_ML_ROUTER,0.86,0.5727,0.0759,1.55,-1.55,88.48
2026-10-04T23:01:17,GBPCAD-OTC,put,MHI_ML_ROUTER,0.86,0.6083,0.1529,1.63,-1.63,88.48
2026-10-04T23:01:17,GBPCHF-OTC,put,MHI_ML_ROUTER,0.86,0.5913,0.1161,1.63,-1.63,88.48
2026-10-04T23:01:17,AUDCHF-OTC,call,MHI_ML_ROUTER,0.86,0.5273,-0.02241014799154347,1.0,-1.0,88.48
2026-10-04T23:01:17,CHFJPY-OTC,call,MHI_ML_ROUTER,0.86,0.5524,0.0319,1.0,-1.0,88.48
2026-10-04T23:01:17,CADCHF-OTC,call,MHI_ML_ROUTER,0.86,0.5524,0.0319,1.0,0.82,88.48
2026-10-04T23:01:18,ETHUSD-OTC,put,MHI_ML_ROUTER,0.87,0.58,0.0972,1.63,1.34,88.48
2026-10-04T23:06:17,EURUSD-OTC,put,MHI_ML_ROUTER,0.85,0.584,0.0946,1.77,1.54,89.21
2026-10-04T23:06:17,AUDUSD-OTC,put,MHI_ML_ROUTER,0.86,0.6348,0.2101,1.77,-1.77,89.21
2026-10-04T23:06:17,EURJPY-OTC,put,MHI_ML_ROUTER,0.86,0.6083,0.1529,1.77,-1.77,89.21
2026-10-04T23:06:18,GBPJPY-OTC,put,MHI_ML_ROUTER,0.86,0.5727,0.0759,1.68,-1.68,89.21
2026-10-04T23:06:18,AUDJPY-OTC,call,MHI_ML_ROUTER,0.86,0.6083,0.1529,1.77,1.45,89.21
2026-10-04T23:06:18,EURCHF-OTC,put,MHI_ML_ROUTER,0.86,0.6083,0.1529,1.59,1.3,89.21
2026-10-04T23:06:18,AUDCAD-OTC,put,MHI_ML_ROUTER,0.85,0.584,0.0946,1.59,1.37,89.21
2026-10-04T23:06:18,CHFJPY-OTC,call,MHI_ML_ROUTER,0.86,0.5273,-0.02241014799154347,1.0,-1.0,89.21
2026-10-04T23:06:18,CADCHF-OTC,put,MHI_ML_ROUTER,0.86,0.5727,0.0759,1.51,1.24,89.21
2026-10-04T23:06:18,NZDJPY-OTC,call,MHI_ML_ROUTER,0.86,0.5667,0.0628,1.25,-1.25,89.21
2026-10-04T23:06:18,ETHUSD-OTC,put,MHI_ML_ROUTER,0.87,0.58,0.0972,1.59,1.3,89.21
2026-10-04T23:11:19,EURUSD-OTC,call,MHI_ML_ROUTER,0.85,0.6,0.1294,1.78,1.55,69.74
2026-10-04T23:11:19,AUDUSD-OTC,put,MHI_ML_ROUTER,0.86,0.6083,0.1529,1.78,-1.78,69.74
2026-10-04T23:11:19,USDCAD-OTC,call,MHI_ML_ROUTER,0.86,0.6,0.1349,1.78,1.46,69.74
2026-10-04T23:11:19,EURGBP-OTC,call,MHI_ML_ROUTER,0.83,0.5037,-0.0942436412315932,1.0,-1.0,69.74
2026-10-04T23:11:20,GBPJPY-OTC,put,MHI_ML_ROUTER,0.86,0.5478,0.022,1.0,-1.0,69.74
2026-10-04T23:11:20,AUDJPY-OTC,call,MHI_ML_ROUTER,0.86,0.624,0.1868,1.78,-1.78,69.74
2026-10-04T23:11:20,EURCAD-OTC,put,MHI_ML_ROUTER,0.86,0.6182,0.1742,1.78,-1.78,69.74
2026-10-04T23:11:20,EURNZD-OTC,call,MHI_ML_ROUTER,0.86,0.5478,0.022,1.0,-1.0,69.74
2026-10-04T23:11:20,EURCHF-OTC,put,MHI_ML_ROUTER,0.86,0.624,0.1868,1.78,-1.78,69.74
2026-10-04T23:11:20,GBPAUD-OTC,put,MHI_ML_ROUTER,0.86,0.624,0.1868,1.78,-1.78,69.74
2026-10-04T23:11:20,NZDJPY-OTC,put,MHI_ML_ROUTER,0.86,0.544,0.0138,1.0,-1.0,69.74
2026-10-04T23:12:01,XAUUSD,call,MHI_ML_ROUTER,0.87,0.5667,0.0686,1.23,-1.23,76.31
2026-10-04T23:16:00,GBPUSD-OTC,call,MHI_ML_ROUTER,0.86,0.6182,0.1742,1.5,-1.5,66.61
2026-10-04T23:16:00,USDCAD-OTC,call,MHI_ML_ROUTER,0.86,0.6182,0.1742,1.5,1.23,66.61
2026-10-04T23:16:00,EURAUD-OTC,call,MHI_ML_ROUTER,0.86,0.6083,0.1529,1.5,-1.5,66.61
2026-10-04T23:16:00,AUDNZD-OTC,call,MHI_ML_ROUTER,0.86,0.6083,0.1529,1.5,-1.5,66.61
2026-10-04T23:16:22,ETHUSD-OTC,put,MHI_ML_ROUTER,0.87,0.58,0.0972,1.53,1.25,73.98
2026-10-04T23:16:22,USDCHF-OTC,call,MHI_ML_ROUTER,0.86,0.5043,-0.07199191102123365,1.0,0.86,73.98
2026-10-04T23:16:22,GBPCHF-OTC,put,MHI_ML_ROUTER,0.86,0.5667,0.0628,1.17,-1.17,73.98
2026-10-04T23:21:21,XAUUSD,put,MHI_ML_ROUTER,0.87,0.544,0.0199,1.0,0.87,69.48
2026-10-04T23:21:21,AUDUSD-OTC,put,MHI_ML_ROUTER,0.86,0.584,0.1003,1.48,1.21,69.48
2026-10-04T23:21:21,USDCAD-OTC,call,MHI_ML_ROUTER,0.86,0.6348,0.2101,1.48,-1.48,69.48
2026-10-04T23:21:22,USDCHF-OTC,put,MHI_ML_ROUTER,0.86,0.525,-0.027325581395348797,1.0,-1.0,69.48
2026-10-04T23:21:22,EURGBP-OTC,put,MHI_ML_ROUTER,0.83,0.4857,-0.13390705679862303,1.0,0.86,69.48
2026-10-04T23:21:22,EURAUD-OTC,call,MHI_ML_ROUTER,0.86,0.584,0.1003,1.36,1.12,69.48
2026-10-04T23:21:22,EURCHF-OTC,put,MHI_ML_ROUTER,0.86,0.6,0.1349,1.36,-1.36,69.48
2026-10-04T23:21:22,GBPCHF-OTC,put,MHI_ML_ROUTER,0.86,0.544,0.0138,1.0,-1.0,69.48
2026-10-04T23:21:22,GBPNZD-OTC,call,MHI_ML_ROUTER,0.86,0.5524,0.0319,1.0,-1.0,69.48
2026-10-04T23:21:22,AUDNZD-OTC,put,MHI_ML_ROUTER,0.86,0.584,0.1003,1.36,-1.36,69.48
2026-10-04T23:22:03,CADCHF-OTC,call,MHI_ML_ROUTER,0.86,0.5913,0.1161,1.36,-1.36,69.48
2026-10-04T23:26:05,CHFJPY-OTC,put,MHI_ML_ROUTER,0.86,0.5043,-0.07199191102123365,1.0,-1.0,50.66
2026-10-04T23:26:05,CADCHF-OTC,call,MHI_ML_ROUTER,0.86,0.5667,0.0628,1.09,-1.09,50.66
2026-10-04T23:26:05,NZDCAD-OTC,put,MHI_ML_ROUTER,0.86,0.5727,0.0759,1.32,1.08,50.66
2026-10-04T23:26:05,XAUUSD,call,MHI_ML_ROUTER,0.87,0.5615,0.0576,1.0,0.87,50.66
2026-10-04T23:26:06,EURUSD-OTC,put,MHI_ML_ROUTER,0.85,0.6148,0.1617,1.39,1.21,50.66
2026-10-04T23:26:06,GBPUSD-OTC,put,MHI_ML_ROUTER,0.86,0.5913,0.1161,1.39,1.2,50.66
2026-10-04T23:26:06,USDCHF-OTC,put,MHI_ML_ROUTER,0.86,0.504,-0.07274418604651163,1.0,0.86,50.66
2026-10-04T23:26:06,NZDUSD-OTC,call,MHI_ML_ROUTER,0.86,0.6182,0.1742,1.39,-1.39,50.66
2026-10-04T23:26:06,EURGBP-OTC,call,MHI_ML_ROUTER,0.83,0.5034,-0.09480681346073949,1.0,-1.0,50.66
2026-10-04T23:26:06,EURJPY-OTC,call,MHI_ML_ROUTER,0.86,0.584,0.1003,1.39,-1.39,50.66
2026-10-04T23:26:06,EURAUD-OTC,put,MHI_ML_ROUTER,0.86,0.6,0.1349,1.39,1.14,50.66
2026-10-04T23:26:06,EURCAD-OTC,call,MHI_ML_ROUTER,0.86,0.5913,0.1161,1.39,1.14,50.66
2026-10-04T23:27:09,GBPCAD-OTC,call,MHI_ML_ROUTER,0.86,0.584,0.1003,1.07,0.88,68.86
2026-10-04T23:27:09,GBPCHF-OTC,put,MHI_ML_ROUTER,0.86,0.5231,-0.031484794275491924,1.0,-1.0,68.86
2026-10-04T23:27:09,AUDNZD-OTC,put,MHI_ML_ROUTER,0.86,0.5615,0.0517,1.0,-1.0,68.86
2026-10-04T23:31:10,EURCAD-OTC,put,MHI_ML_ROUTER,0.86,0.6083,0.1529,1.42,-1.42,62.96
2026-10-04T23:31:10,EURCHF-OTC,put,MHI_ML_ROUTER,0.86,0.5778,0.0868,1.42,-1.42,62.96
2026-10-04T23:31:10,GBPCAD-OTC,put,MHI_ML_ROUTER,0.86,0.6,0.1349,1.42,1.16,62.96
2026-10-04T23:31:10,GBPCHF-OTC,put,MHI_ML_ROUTER,0.86,0.5037,-0.07338501291989678,1.0,-1.0,62.96
2026-10-04T23:31:11,GBPNZD-OTC,put,MHI_ML_ROUTER,0.86,0.5273,-0.02241014799154347,1.0,-1.0,62.96
2026-10-04T23:31:11,AUDCAD-OTC,call,MHI_ML_ROUTER,0.85,0.6,0.1294,1.33,-1.33,62.96
2026-10-04T23:31:11,CHFJPY-OTC,call,MHI_ML_ROUTER,0.86,0.4833,-0.11744186046511619,1.0,0.82,62.96
2026-10-04T23:31:11,NZDJPY-OTC,call,MHI_ML_ROUTER,0.86,0.5231,-0.031484794275491924,1.0,-1.0,62.96
2026-10-04T23:32:12,AUDJPY-OTC,call,MHI_ML_ROUTER,0.86,0.6,0.1349,1.33,-1.33,65.38
2026-10-04T23:32:12,EURAUD-OTC,call,MHI_ML_ROUTER,0.86,0.6148,0.1669,1.33,1.09,65.38
2026-10-04T23:36:10,EURAUD-OTC,put,MHI_ML_ROUTER,0.86,0.6286,0.1967,1.31,1.07,54.87
2026-10-04T23:36:10,CADJPY-OTC,put,MHI_ML_ROUTER,0.86,0.5478,0.022,1.0,0.82,54.87
2026-10-04T23:36:10,CADCHF-OTC,put,MHI_ML_ROUTER,0.86,0.544,0.0138,1.0,-1.0,54.87
2026-10-04T23:36:10,NZDJPY-OTC,call,MHI_ML_ROUTER,0.86,0.5037,-0.07338501291989678,1.0,0.82,54.87
2026-10-04T23:36:10,NZDCAD-OTC,put,MHI_ML_ROUTER,0.86,0.5913,0.1161,1.24,-1.24,54.87
2026-10-04T23:36:11,ETHUSD-OTC,call,MHI_ML_ROUTER,0.87,0.58,0.0972,1.24,1.02,54.87
2026-10-04T23:36:11,EURUSD-OTC,put,MHI_ML_ROUTER,0.85,0.6286,0.1916,1.24,1.08,54.87
2026-10-04T23:36:11,AUDUSD-OTC,call,MHI_ML_ROUTER,0.86,0.6,0.1349,1.24,1.02,54.87
2026-10-04T23:37:12,USDCAD-OTC,call,MHI_ML_ROUTER,0.86,0.6083,0.1529,1.24,1.02,67.73
2026-10-04T23:41:14,EURGBP-OTC,put,MHI_ML_ROUTER,0.83,0.4867,-0.1318072289156628,1.0,-1.0,53.43
2026-10-04T23:41:15,EURAUD-OTC,call,MHI_ML_ROUTER,0.86,0.6414,0.2244,1.4,-1.4,53.43
2026-10-04T23:41:15,EURNZD-OTC,put,MHI_ML_ROUTER,0.86,0.525,-0.027325581395348797,1.0,-1.0,53.43
2026-10-04T23:41:15,EURCHF-OTC,put,MHI_ML_ROUTER,0.86,0.5571,0.0422,1.0,0.82,53.43
2026-10-04T23:41:15,GBPAUD-OTC,call,MHI_ML_ROUTER,0.86,0.6,0.1349,1.4,-1.4,53.43
2026-10-04T23:41:15,GBPCHF-OTC,put,MHI_ML_ROUTER,0.86,0.4857,-0.11229235880398666,1.0,-1.0,53.43
2026-10-04T23:41:15,GBPNZD-OTC,put,MHI_ML_ROUTER,0.86,0.5043,-0.07199191102123365,1.0,-1.0,53.43
2026-10-04T23:41:15,AUDCHF-OTC,call,MHI_ML_ROUTER,0.86,0.5043,-0.07199191102123365,1.0,0.82,53.43
2026-10-04T23:41:16,CADCHF-OTC,put,MHI_ML_ROUTER,0.86,0.5231,-0.031484794275491924,1.0,-1.0,53.43
2026-10-04T23:41:16,NZDJPY-OTC,put,MHI_ML_ROUTER,0.86,0.5214,-0.03504983388704312,1.0,0.82,53.43
2026-10-04T23:41:16,NZDCAD-OTC,put,MHI_ML_ROUTER,0.86,0.5667,0.0628,1.1,-1.1,53.43
2026-10-04T23:41:16,XAUUSD,put,MHI_ML_ROUTER,0.87,0.5778,0.0925,1.4,1.22,53.43
2026-10-04T23:42:20,AUDUSD-OTC,put,MHI_ML_ROUTER,0.86,0.6148,0.1669,1.13,0.93,61.51
2026-10-04T23:42:20,USDCAD-OTC,put,MHI_ML_ROUTER,0.86,0.624,0.1868,1.13,-1.13,61.51
2026-10-04T23:42:20,USDCHF-OTC,put,MHI_ML_ROUTER,0.86,0.5231,-0.031484794275491924,1.0,-1.0,61.51
2026-10-04T23:46:21,GBPUSD-OTC,put,MHI_ML_ROUTER,0.86,0.6083,0.1529,1.27,-1.27,65.06
2026-10-04T23:46:22,AUDUSD-OTC,put,MHI_ML_ROUTER,0.86,0.6286,0.1967,1.27,1.04,65.06
2026-10-04T23:46:22,USDCAD-OTC,put,MHI_ML_ROUTER,0.86,0.6,0.1349,1.27,1.04,65.06
2026-10-04T23:46:22,USDCHF-OTC,call,MHI_ML_ROUTER,0.86,0.5037,-0.07338501291989678,1.0,0.86,65.06
2026-10-04T23:46:22,EURJPY-OTC,put,MHI_ML_ROUTER,0.86,0.5615,0.0517,1.0,0.86,65.06
2026-10-04T23:46:22,GBPJPY-OTC,call,MHI_ML_ROUTER,0.86,0.525,-0.027325581395348797,1.0,0.86,65.06
2026-10-04T23:46:22,AUDJPY-OTC,put,MHI_ML_ROUTER,0.86,0.5778,0.0868,1.27,-1.27,65.06
2026-10-04T23:46:22,EURCAD-OTC,call,MHI_ML_ROUTER,0.86,0.584,0.1003,1.27,-1.27,65.06
2026-10-04T23:46:22,GBPCHF-OTC,put,MHI_ML_ROUTER,0.86,0.469,-0.1485164394546912,1.0,0.82,65.06
2026-10-04T23:46:23,CADJPY-OTC,call,MHI_ML_ROUTER,0.86,0.5667,0.0628,1.0,0.82,65.06
2026-10-04T23:47:03,NZDJPY-OTC,put,MHI_ML_ROUTER,0.86,0.5379,0.0006,1.0,0.82,65.06
2026-10-04T23:51:03,CADCHF-OTC,call,MHI_ML_ROUTER,0.86,0.5037,-0.07338501291989678,1.0,-1.0,56.22
2026-10-04T23:51:03,EURUSD-OTC,call,MHI_ML_ROUTER,0.85,0.6414,0.2195,1.34,-1.34,56.22
2026-10-04T23:51:03,GBPUSD-OTC,call,MHI_ML_ROUTER,0.86,0.584,0.1003,1.34,-1.34,56.22
2026-10-04T23:51:04,AUDUSD-OTC,put,MHI_ML_ROUTER,0.86,0.6414,0.2244,1.34,1.1,56.22
2026-10-04T23:51:04,EURJPY-OTC,call,MHI_ML_ROUTER,0.86,0.5778,0.0868,1.24,-1.24,56.22
2026-10-04T23:51:04,GBPJPY-OTC,put,MHI_ML_ROUTER,0.86,0.544,0.0138,1.0,0.86,56.22
2026-10-04T23:51:04,AUDJPY-OTC,call,MHI_ML_ROUTER,0.86,0.5571,0.0422,1.0,0.82,56.22
2026-10-04T23:51:04,EURCHF-OTC,put,MHI_ML_ROUTER,0.86,0.5724,0.0752,1.16,0.95,56.22
2026-10-04T23:56:08,GBPCAD-OTC,call,MHI_ML_ROUTER,0.86,0.6148,0.1669,1.34,1.1,50.34
2026-10-04T23:56:09,AUDCHF-OTC,call,MHI_ML_ROUTER,0.86,0.525,-0.027325581395348797,1.0,-1.0,50.34
2026-10-04T23:56:09,NZDCAD-OTC,call,MHI_ML_ROUTER,0.86,0.544,0.0138,1.0,-1.0,50.34
2026-10-04T23:56:09,ETHUSD-OTC,call,MHI_ML_ROUTER,0.87,0.58,0.0972,1.34,1.1,50.34
2026-10-04T23:56:09,XAUUSD,put,MHI_ML_ROUTER,0.87,0.5929,0.1249,1.34,-1.34,50.34
2026-10-04T23:56:09,AUDUSD-OTC,call,MHI_ML_ROUTER,0.86,0.6533,0.2502,1.19,-1.19,50.34
2026-10-04T23:56:09,USDCAD-OTC,call,MHI_ML_ROUTER,0.86,0.6148,0.1669,1.19,-1.19,50.34
2026-10-04T23:56:09,USDCHF-OTC,call,MHI_ML_ROUTER,0.86,0.5214,-0.03504983388704312,1.0,-1.0,50.34
2026-10-04T23:56:10,NZDUSD-OTC,call,MHI_ML_ROUTER,0.86,0.5913,0.1161,1.19,-1.19,50.34
2026-10-04T23:56:10,EURJPY-OTC,put,MHI_ML_ROUTER,0.86,0.5571,0.0422,1.0,0.86,50.34
2026-10-04T23:57:11,AUDJPY-OTC,put,MHI_ML_ROUTER,0.86,0.5724,0.0752,1.12,-1.12,59.52
2026-10-04T23:57:11,EURAUD-OTC,put,MHI_ML_ROUTER,0.86,0.62,0.1781,1.19,0.98,59.52
2026-10-04T23:57:12,EURCHF-OTC,put,MHI_ML_ROUTER,0.86,0.5867,0.106,1.19,0.98,59.52
2026-10-05T00:01:09,EURNZD-OTC,call,MHI_ML_ROUTER,0.86,0.504,-0.07274418604651163,1.0,0.82,51.62
2026-10-05T00:01:09,EURCHF-OTC,call,MHI_ML_ROUTER,0.86,0.6,0.1349,1.28,-1.28,51.62
2026-10-05T00:01:09,GBPCAD-OTC,put,MHI_ML_ROUTER,0.86,0.6286,0.1967,1.28,1.05,51.62
2026-10-05T00:01:09,GBPCHF-OTC,put,MHI_ML_ROUTER,0.86,0.4867,-0.110232558139535,1.0,0.82,51.62
2026-10-05T00:01:09,AUDNZD-OTC,put,MHI_ML_ROUTER,0.86,0.5407,0.0067,1.0,0.82,51.62
2026-10-05T00:01:09,AUDCHF-OTC,call,MHI_ML_ROUTER,0.86,0.504,-0.07274418604651163,1.0,-1.0,51.62
2026-10-05T00:01:09,CADJPY-OTC,call,MHI_ML_ROUTER,0.86,0.584,0.1003,1.28,-1.28,51.62
2026-10-05T00:01:10,EURUSD-OTC,put,MHI_ML_ROUTER,0.85,0.62,0.1729,1.28,-1.28,51.62
2026-10-05T00:01:10,USDCAD-OTC,put,MHI_ML_ROUTER,0.86,0.5929,0.1194,1.09,0.89,51.62
2026-10-05T00:02:10,EURJPY-OTC,put,MHI_ML_ROUTER,0.86,0.5724,0.0752,1.03,-1.03,63.25
2026-10-05T00:02:10,GBPJPY-OTC,put,MHI_ML_ROUTER,0.86,0.5615,0.0517,1.0,0.86,63.25
2026-10-05T00:06:06,GBPCAD-OTC,call,MHI_ML_ROUTER,0.86,0.6414,0.2244,1.27,-1.27,59.36
2026-10-05T00:06:06,GBPCHF-OTC,call,MHI_ML_ROUTER,0.86,0.5032,-0.07441860465116293,1.0,0.82,59.36
2026-10-05T00:06:06,NZDCAD-OTC,call,MHI_ML_ROUTER,0.86,0.5231,-0.031484794275491924,1.0,-1.0,59.36
2026-10-05T00:06:06,EURUSD-OTC,put,MHI_ML_ROUTER,0.85,0.6,0.1294,1.22,-1.22,59.36
2026-10-05T00:06:06,AUDUSD-OTC,call,MHI_ML_ROUTER,0.86,0.6323,0.2047,1.22,1.0,59.36
2026-10-05T00:06:06,NZDUSD-OTC,put,MHI_ML_ROUTER,0.86,0.5667,0.0628,1.0,-1.0,59.36
2026-10-05T00:06:06,EURAUD-OTC,put,MHI_ML_ROUTER,0.86,0.6323,0.2047,1.22,1.0,59.36
2026-10-05T00:07:07,EURNZD-OTC,put,MHI_ML_ROUTER,0.86,0.5231,-0.031484794275491924,1.0,-1.0,61.58
2026-10-05T00:07:07,EURCHF-OTC,call,MHI_ML_ROUTER,0.86,0.5813,0.0943,1.22,1.0,61.58
2026-10-05T00:11:01,NZDUSD-OTC,put,MHI_ML_ROUTER,0.86,0.544,0.0138,1.0,0.82,53.89
2026-10-05T00:11:02,EURGBP-OTC,put,MHI_ML_ROUTER,0.83,0.471,-0.16642052079284886,1.0,0.82,53.89
2026-10-05T00:11:02,GBPJPY-OTC,call,MHI_ML_ROUTER,0.86,0.5778,0.0868,1.23,-1.23,53.89
2026-10-05T00:11:02,AUDJPY-OTC,put,MHI_ML_ROUTER,0.86,0.5533,0.034,1.0,0.82,53.89
2026-10-05T00:11:02,EURCAD-OTC,call,MHI_ML_ROUTER,0.86,0.5615,0.0517,1.0,-1.0,53.89
2026-10-05T00:11:02,EURCHF-OTC,put,MHI_ML_ROUTER,0.86,0.5939,0.1218,1.23,1.01,53.89
2026-10-05T00:11:02,GBPAUD-OTC,call,MHI_ML_ROUTER,0.86,0.5778,0.0868,1.23,-1.23,53.89
2026-10-05T00:16:19,GBPJPY-OTC,call,MHI_ML_ROUTER,0.86,0.5571,0.0422,1.0,0.82,64.28
2026-10-05T00:16:20,EURAUD-OTC,call,MHI_ML_ROUTER,0.86,0.6438,0.2295,1.23,-1.23,64.28
2026-10-05T00:16:20,EURCAD-OTC,call,MHI_ML_ROUTER,0.86,0.5407,0.0067,1.0,0.82,64.28
2026-10-05T00:16:20,GBPCHF-OTC,call,MHI_ML_ROUTER,0.86,0.5188,-0.04084302325581385,1.0,0.82,64.28
2026-10-05T00:16:20,GBPNZD-OTC,call,MHI_ML_ROUTER,0.86,0.4833,-0.11744186046511619,1.0,-1.0,64.28
2026-10-05T00:16:20,CADJPY-OTC,call,MHI_ML_ROUTER,0.86,0.5615,0.0517,1.0,0.82,64.28
2026-10-05T00:16:20,CHFJPY-OTC,call,MHI_ML_ROUTER,0.86,0.504,-0.07274418604651163,1.0,0.82,64.28
2026-10-05T00:16:20,CADCHF-OTC,put,MHI_ML_ROUTER,0.86,0.4857,-0.11229235880398666,1.0,0.82,64.28
2026-10-05T00:21:15,EURUSD-OTC,call,MHI_ML_ROUTER,0.85,0.5813,0.0886,1.29,-1.29,54.0
2026-10-05T00:21:15,AUDUSD-OTC,put,MHI_ML_ROUTER,0.86,0.6438,0.2295,1.29,-1.29,54.0
2026-10-05T00:21:15,NZDUSD-OTC,call,MHI_ML_ROUTER,0.86,0.5615,0.0517,1.0,0.82,54.0
2026-10-05T00:21:15,EURAUD-OTC,call,MHI_ML_ROUTER,0.86,0.6242,0.1873,1.29,-1.29,54.0
2026-10-05T00:21:16,EURCAD-OTC,put,MHI_ML_ROUTER,0.86,0.5571,0.0422,1.0,0.82,54.0
2026-10-05T00:21:16,EURNZD-OTC,call,MHI_ML_ROUTER,0.86,0.5037,-0.07338501291989678,1.0,-1.0,54.0
2026-10-05T00:21:16,AUDCAD-OTC,put,MHI_ML_ROUTER,0.85,0.5778,0.081,1.29,1.06,54.0
2026-10-05T00:21:16,CADCHF-OTC,call,MHI_ML_ROUTER,0.86,0.5034,-0.07393744987971128,1.0,-1.0,54.0
2026-10-05T00:21:16,XAUUSD,put,MHI_ML_ROUTER,0.87,0.5724,0.0809,1.12,-1.12,54.0
2026-10-05T00:26:08,EURAUD-OTC,call,MHI_ML_ROUTER,0.86,0.6059,0.1476,1.2,0.98,56.79
2026-10-05T00:26:09,AUDNZD-OTC,put,MHI_ML_ROUTER,0.86,0.5571,0.0422,1.0,-1.0,56.79
2026-10-05T00:26:09,CADCHF-OTC,put,MHI_ML_ROUTER,0.86,0.4867,-0.110232558139535,1.0,-1.0,56.79
2026-10-05T00:31:05,GBPCHF-OTC,put,MHI_ML_ROUTER,0.86,0.5333,-0.009302325581395357,1.0,-1.0,52.49
2026-10-05T00:31:05,CADJPY-OTC,call,MHI_ML_ROUTER,0.86,0.5778,0.0868,1.16,-1.16,52.49
2026-10-05T00:31:06,CHFJPY-OTC,call,MHI_ML_ROUTER,0.86,0.5231,-0.031484794275491924,1.0,-1.0,52.49
2026-10-05T00:31:06,ETHUSD-OTC,call,MHI_ML_ROUTER,0.87,0.58,0.0972,1.16,-1.16,52.49
2026-10-05T00:31:06,NZDUSD-OTC,put,MHI_ML_ROUTER,0.86,0.5778,0.0868,1.16,-1.16,52.49
2026-10-05T00:31:06,EURGBP-OTC,call,MHI_ML_ROUTER,0.83,0.4875,-0.1299698795180723,1.0,-1.0,52.49
2026-10-05T00:36:01,CADCHF-OTC,put,MHI_ML_ROUTER,0.86,0.471,-0.14418604651162797,1.0,0.82,47.43
2026-10-05T00:36:02,ETHUSD-OTC,put,MHI_ML_ROUTER,0.87,0.58,0.0972,1.05,0.86,47.43
2026-10-05T00:36:02,EURUSD-OTC,put,MHI_ML_ROUTER,0.85,0.5636,0.0503,1.0,0.82,47.43
2026-10-05T00:36:02,USDCAD-OTC,call,MHI_ML_ROUTER,0.86,0.6069,0.1498,1.01,-1.01,47.43
2026-10-05T00:36:02,NZDUSD-OTC,call,MHI_ML_ROUTER,0.86,0.5571,0.0422,1.0,0.82,47.43
2026-10-05T00:41:20,USDCHF-OTC,call,MHI_ML_ROUTER,0.86,0.5034,-0.07393744987971128,1.0,-1.0,52.45
2026-10-05T00:41:20,NZDUSD-OTC,call,MHI_ML_ROUTER,0.86,0.5724,0.0752,1.03,0.84,52.45
2026-10-05T00:41:20,EURAUD-OTC,call,MHI_ML_ROUTER,0.86,0.6171,0.172,1.06,0.87,52.45
2026-10-05T00:41:20,GBPCAD-OTC,call,MHI_ML_ROUTER,0.86,0.62,0.1781,1.06,-1.06,52.45
2026-10-05T00:41:20,AUDNZD-OTC,call,MHI_ML_ROUTER,0.86,0.5379,0.0006,1.0,-1.0,52.45
2026-10-05T00:42:01,CADCHF-OTC,call,MHI_ML_ROUTER,0.86,0.4875,-0.10843023255813947,1.0,0.82,52.45
2026-10-05T00:46:17,EURUSD-OTC,put,MHI_ML_ROUTER,0.85,0.5765,0.0782,1.06,0.87,52.21
2026-10-05T00:46:17,AUDCHF-OTC,put,MHI_ML_ROUTER,0.86,0.4846,-0.11466905187835413,1.0,-1.0,52.21
2026-10-05T00:51:13,GBPUSD-OTC,put,MHI_ML_ROUTER,0.86,0.5615,0.0517,1.0,0.82,53.57
2026-10-05T00:51:13,USDCHF-OTC,call,MHI_ML_ROUTER,0.86,0.4867,-0.110232558139535,1.0,-1.0,53.57
2026-10-05T00:51:13,AUDCAD-OTC,call,MHI_ML_ROUTER,0.85,0.5929,0.1139,1.08,-1.08,53.57
2026-10-05T00:51:13,CADCHF-OTC,call,MHI_ML_ROUTER,0.86,0.503,-0.07484143763213529,1.0,0.82,53.57
2026-10-05T00:51:13,NZDCAD-OTC,call,MHI_ML_ROUTER,0.86,0.5037,-0.07338501291989678,1.0,-1.0,53.57
2026-10-05T00:51:13,XAUUSD,put,MHI_ML_ROUTER,0.87,0.5533,0.0399,1.0,0.87,53.57
2026-10-05T00:56:11,NZDUSD-OTC,put,MHI_ML_ROUTER,0.86,0.5867,0.106,1.07,0.88,50.07
2026-10-05T00:56:11,GBPJPY-OTC,put,MHI_ML_ROUTER,0.86,0.5724,0.0752,1.01,-1.01,50.07
2026-10-05T00:56:11,AUDJPY-OTC,put,MHI_ML_ROUTER,0.86,0.5677,0.0651,1.0,0.82,50.07
2026-10-05T00:56:11,GBPNZD-OTC,call,MHI_ML_ROUTER,0.86,0.464,-0.15925581395348848,1.0,-1.0,50.07
2026-10-05T00:56:11,AUDCHF-OTC,call,MHI_ML_ROUTER,0.86,0.4667,-0.15348837209302327,1.0,-1.0,50.07
2026-10-05T00:56:11,NZDCAD-OTC,call,MHI_ML_ROUTER,0.86,0.4857,-0.11229235880398666,1.0,-1.0,50.07
2026-10-05T00:56:11,ETHUSD-OTC,call,MHI_ML_ROUTER,0.87,0.58,0.0972,1.01,0.83,50.07
2026-10-05T00:57:15,AUDUSD-OTC,put,MHI_ML_ROUTER,0.86,0.6242,0.1873,1.01,-1.01,51.91
2026-10-05T00:57:15,USDCAD-OTC,put,MHI_ML_ROUTER,0.86,0.5867,0.106,1.01,0.83,51.91
2026-10-05T01:01:16,GBPUSD-OTC,put,MHI_ML_ROUTER,0.86,0.5778,0.0868,1.04,-1.04,48.83
2026-10-05T01:01:16,USDCAD-OTC,call,MHI_ML_ROUTER,0.86,0.6,0.1349,1.04,0.85,48.83
2026-10-05T01:01:16,GBPAUD-OTC,call,MHI_ML_ROUTER,0.86,0.5571,0.0422,1.0,0.82,48.83
2026-10-05T01:02:18,NZDUSD,call,MHI_ML_ROUTER,0.87,0.58,0.0972,1.0,0.85,51.54
2026-10-05T01:06:13,USDJPY,call,MHI_ML_ROUTER,0.87,0.58,0.0972,1.07,0.91,50.81
2026-10-05T01:06:14,EURJPY,call,MHI_ML_ROUTER,0.87,0.58,0.0972,1.07,-1.07,50.81
2026-10-05T01:06:14,GBPJPY,call,MHI_ML_ROUTER,0.87,0.58,0.0972,1.07,-1.07,50.81
2026-10-05T01:06:14,AUDJPY,call,MHI_ML_ROUTER,0.87,0.58,0.0972,1.07,0.91,50.81
2026-10-05T01:06:14,EURCHF-OTC,call,MHI_ML_ROUTER,0.86,0.6059,0.1476,1.07,0.88,50.81
2026-10-05T01:06:14,CHFJPY-OTC,call,MHI_ML_ROUTER,0.87,0.58,0.0972,1.07,-1.07,50.81
2026-10-05T01:06:14,CADCHF-OTC,put,MHI_ML_ROUTER,0.86,0.5176,-0.04322845417236651,1.0,-1.0,50.81
2026-10-05T01:11:06,AUDJPY,call,MHI_ML_ROUTER,0.87,0.6,0.1402,1.02,0.87,45.79
2026-10-05T01:11:06,GBPCHF-OTC,call,MHI_ML_ROUTER,0.86,0.5176,-0.04322845417236651,1.0,0.82,45.79
2026-10-05T01:11:06,EURUSD,call,MHI_ML_ROUTER,0.9,0.58,0.1133,1.0,0.88,45.79
2026-10-05T01:11:06,GBPUSD,call,MHI_ML_ROUTER,0.9,0.58,0.1133,1.0,0.87,45.79
2026-10-05T01:11:06,USDCHF-OTC,put,MHI_ML_ROUTER,0.86,0.471,-0.14418604651162797,1.0,0.82,45.79
2026-10-05T01:16:14,USDJPY,call,MHI_ML_ROUTER,0.87,0.6,0.1402,1.1,-1.1,45.81
2026-10-05T01:16:14,USDCHF-OTC,put,MHI_ML_ROUTER,0.86,0.4875,-0.10843023255813947,1.0,-1.0,45.81
2026-10-05T01:16:14,EURJPY,call,MHI_ML_ROUTER,0.87,0.5524,0.0379,1.0,-1.0,45.81
2026-10-05T01:16:14,AUDJPY,call,MHI_ML_ROUTER,0.87,0.6182,0.1793,1.1,-1.1,45.81
2026-10-05T01:16:14,EURCAD-OTC,put,MHI_ML_ROUTER,0.86,0.5724,0.0752,1.0,-1.0,45.81
2026-10-05T01:16:14,AUDCAD,call,MHI_ML_ROUTER,0.87,0.58,0.0972,1.02,-1.02,45.81
2026-10-05T01:16:14,AUDNZD,call,MHI_ML_ROUTER,0.87,0.58,0.0972,1.02,-1.02,45.81
2026-10-05T01:16:15,CHFJPY-OTC,call,MHI_ML_ROUTER,0.87,0.58,0.0972,1.02,0.84,45.81
2026-10-05T01:16:15,CADCHF-OTC,put,MHI_ML_ROUTER,0.86,0.5029,-0.07521594684385376,1.0,0.82,45.81
2026-10-05T01:21:14,CADCHF-OTC,call,MHI_ML_ROUTER,0.86,0.5167,-0.04534883720930224,1.0,0.82,46.49
2026-10-05T01:21:14,GBPUSD,put,MHI_ML_ROUTER,0.9,0.6,0.1556,1.0,0.87,46.49
2026-10-05T01:21:14,USDCHF-OTC,put,MHI_ML_ROUTER,0.86,0.4727,-0.14038054968287533,1.0,-1.0,46.49
2026-10-05T01:26:08,EURUSD,call,MHI_ML_ROUTER,0.9,0.6,0.1556,1.0,0.88,47.91
2026-10-05T01:26:08,USDCHF-OTC,put,MHI_ML_ROUTER,0.86,0.4588,-0.17045143638850901,1.0,-1.0,47.91
2026-10-05T01:26:09,EURCAD-OTC,call,MHI_ML_ROUTER,0.86,0.5533,0.034,1.0,-1.0,47.91
2026-10-05T01:26:09,GBPCAD-OTC,put,MHI_ML_ROUTER,0.86,0.6,0.1349,1.0,-1.0,47.91
2026-10-05T01:26:09,AUDCAD,call,MHI_ML_ROUTER,0.87,0.5524,0.0379,1.0,0.85,47.91
2026-10-05T01:26:09,AUDNZD,call,MHI_ML_ROUTER,0.87,0.5524,0.0379,1.0,-1.0,47.91
2026-10-05T01:31:07,EURJPY,call,MHI_ML_ROUTER,0.87,0.5273,-0.016091954022988585,1.0,0.85,38.91
2026-10-05T01:31:07,GBPJPY,call,MHI_ML_ROUTER,0.87,0.5524,0.0379,1.0,0.85,38.91
2026-10-05T01:31:07,AUDJPY,call,MHI_ML_ROUTER,0.87,0.5913,0.1215,1.0,0.85,38.91
2026-10-05T01:31:07,AUDCAD,put,MHI_ML_ROUTER,0.87,0.5727,0.0816,1.0,0.85,38.91
2026-10-05T01:31:07,CHFJPY-OTC,call,MHI_ML_ROUTER,0.87,0.58,0.0972,1.0,-1.0,38.91
2026-10-05T01:31:07,ETHUSD-OTC,put,MHI_ML_ROUTER,0.87,0.58,0.0972,1.0,-1.0,38.91
2026-10-05T01:31:07,EURUSD,put,MHI_ML_ROUTER,0.9,0.6182,0.1939,1.0,0.88,38.91
2026-10-05T01:31:08,GBPUSD,put,MHI_ML_ROUTER,0.9,0.6182,0.1939,1.0,0.87,38.91
2026-10-05T01:32:08,USDJPY,call,MHI_ML_ROUTER,0.87,0.5727,0.0816,1.0,0.85,50.06
2026-10-05T01:36:22,CADCHF-OTC,call,MHI_ML_ROUTER,0.86,0.5297,-0.01709616593337515,1.0,-1.0,47.63
2026-10-05T01:36:22,NZDCAD,call,MHI_ML_ROUTER,0.87,0.58,0.0972,1.04,0.88,47.63
2026-10-05T01:36:22,GBPUSD,put,MHI_ML_ROUTER,0.9,0.6348,0.229,1.04,-1.04,47.63
2026-10-05T01:36:22,NZDUSD,call,MHI_ML_ROUTER,0.87,0.6,0.1402,1.04,0.88,47.63
2026-10-05T01:36:22,EURCAD-OTC,call,MHI_ML_ROUTER,0.86,0.5355,-0.0046511627906976145,1.0,-1.0,47.63
2026-10-05T01:36:22,GBPCAD-OTC,put,MHI_ML_ROUTER,0.86,0.5813,0.0943,1.0,-1.0,47.63
2026-10-05T01:36:22,AUDCAD,call,MHI_ML_ROUTER,0.87,0.5913,0.1215,1.0,-1.0,47.63
2026-10-05T01:37:01,AUDNZD,put,MHI_ML_ROUTER,0.87,0.5273,-0.016091954022988585,1.0,0.85,47.63
2026-10-05T01:41:12,USDCAD-OTC,call,MHI_ML_ROUTER,0.86,0.6125,0.1619,1.0,0.82,40.48
2026-10-05T01:41:12,EURGBP-OTC,call,MHI_ML_ROUTER,0.83,0.4727,-0.16254107338444698,1.0,0.82,40.48
2026-10-05T01:41:12,EURCHF-OTC,call,MHI_ML_ROUTER,0.86,0.6171,0.172,1.0,-1.0,40.48
2026-10-05T01:41:12,GBPNZD-OTC,call,MHI_ML_ROUTER,0.86,0.4462,-0.19785330948121652,1.0,0.82,40.48
2026-10-05T01:41:12,AUDCHF-OTC,call,MHI_ML_ROUTER,0.86,0.45,-0.18953488372093028,1.0,-1.0,40.48
2026-10-05T01:41:12,CADCHF-OTC,call,MHI_ML_ROUTER,0.86,0.5158,-0.04724602203182367,1.0,0.82,40.48
2026-10-05T01:41:12,ETHUSD-OTC,put,MHI_ML_ROUTER,0.87,0.58,0.0972,1.0,0.82,40.48
2026-10-05T01:42:12,GBPUSD,put,MHI_ML_ROUTER,0.9,0.6083,0.1731,1.0,-1.0,51.43
2026-10-05T01:46:00,GBPCHF-OTC,call,MHI_ML_ROUTER,0.86,0.5314,-0.013421926910298927,1.0,-1.0,47.42
2026-10-05T01:46:00,USDCHF-OTC,put,MHI_ML_ROUTER,0.86,0.4457,-0.19880398671096344,1.0,-1.0,47.42
2026-10-05T01:46:21,ETHUSD-OTC,call,MHI_ML_ROUTER,0.87,0.58,0.0972,1.01,-1.01,47.42
2026-10-05T01:47:21,GBPCAD-OTC,call,MHI_ML_ROUTER,0.86,0.5636,0.0562,1.0,0.82,49.24
2026-10-05T01:51:11,GBPUSD,call,MHI_ML_ROUTER,0.9,0.584,0.1218,1.0,-1.0,42.24
2026-10-05T01:51:11,USDCAD-OTC,put,MHI_ML_ROUTER,0.86,0.6242,0.1873,1.0,-1.0,42.24
2026-10-05T01:51:11,USDCHF-OTC,put,MHI_ML_ROUTER,0.86,0.4333,-0.22558139534883723,1.0,0.82,42.24
2026-10-05T01:51:11,AUDJPY,put,MHI_ML_ROUTER,0.87,0.6083,0.1581,1.0,-1.0,42.24
2026-10-05T01:51:11,GBPCHF-OTC,put,MHI_ML_ROUTER,0.86,0.5167,-0.04534883720930224,1.0,0.82,42.24
2026-10-05T01:51:11,AUDCAD,call,MHI_ML_ROUTER,0.87,0.5667,0.0686,1.0,-1.0,42.24
2026-10-05T01:51:11,XAUUSD,put,MHI_ML_ROUTER,0.87,0.5677,0.0709,1.0,0.87,42.24
2026-10-05T01:56:15,USDJPY,call,MHI_ML_ROUTER,0.87,0.5913,0.1215,1.0,-1.0,41.75
2026-10-05T01:56:15,USDCAD-OTC,put,MHI_ML_ROUTER,0.86,0.6059,0.1476,1.0,-1.0,41.75
2026-10-05T01:56:15,NZDUSD,call,MHI_ML_ROUTER,0.87,0.6182,0.1793,1.0,0.85,41.75
2026-10-05T01:56:16,GBPJPY,call,MHI_ML_ROUTER,0.87,0.5727,0.0816,1.0,-1.0,41.75
2026-10-05T01:56:16,GBPAUD-OTC,put,MHI_ML_ROUTER,0.86,0.5724,0.0752,1.0,-1.0,41.75
2026-10-05T01:56:16,ETHUSD-OTC,call,MHI_ML_ROUTER,0.87,0.58,0.0972,1.0,0.82,41.75
2026-10-05T04:21:04,CADJPY-OTC,put,MHI_ML_ROUTER,0.87,0.58,0.0972,1.0,-1.0,38.42
2026-10-05T04:21:04,CHFJPY-OTC,put,MHI_ML_ROUTER,0.87,0.58,0.0972,1.0,0.82,38.42
2026-10-05T04:21:04,NZDCAD,call,MHI_ML_ROUTER,0.87,0.6,0.1402,1.0,0.85,38.42
2026-10-05T04:21:04,XAUUSD,call,MHI_ML_ROUTER,0.87,0.5813,0.0999,1.0,-1.0,38.42
2026-10-05T04:21:05,USDCAD-OTC,put,MHI_ML_ROUTER,0.86,0.58,0.0916,1.0,0.82,38.42
2026-10-05T04:21:05,EURAUD-OTC,call,MHI_ML_ROUTER,0.87,0.58,0.0972,1.0,-1.0,38.42
2026-10-05T04:22:06,GBPCAD-OTC,call,MHI_ML_ROUTER,0.86,0.58,0.0916,1.0,0.82,43.91
2026-10-05T04:31:07,GBPCAD-OTC,call,MHI_ML_ROUTER,0.86,0.58,0.0916,1.0,-1.0,38.55
2026-10-05T04:31:07,AUDCAD,call,MHI_ML_ROUTER,0.87,0.544,0.0199,1.0,0.85,38.55
2026-10-05T04:31:07,CHFJPY-OTC,put,MHI_ML_ROUTER,0.87,0.58,0.0972,1.0,0.82,38.55
2026-10-05T04:31:07,ETHUSD-OTC,call,MHI_ML_ROUTER,0.87,0.58,0.0972,1.0,0.82,38.55
2026-10-05T04:31:07,USDCHF-OTC,call,MHI_ML_ROUTER,0.86,0.58,0.0916,1.0,-1.0,38.55
2026-10-05T04:36:07,EURNZD,put,MHI_ML_ROUTER,0.87,0.58,0.0972,1.0,-1.0,40.91
2026-10-05T04:36:07,GBPNZD,put,MHI_ML_ROUTER,0.87,0.58,0.0972,1.0,-1.0,40.91
2026-10-05T04:36:07,AUDCHF,call,MHI_ML_ROUTER,0.87,0.58,0.0972,1.0,-1.0,40.91
2026-10-05T04:36:07,XAUUSD,put,MHI_ML_ROUTER,0.87,0.5636,0.0621,1.0,0.87,40.91
2026-10-05T04:37:06,GBPJPY,put,MHI_ML_ROUTER,0.87,0.5478,0.0281,1.0,0.85,40.91
2026-10-05T04:41:07,EURUSD,call,MHI_ML_ROUTER,0.9,0.6348,0.229,1.0,0.88,39.76
2026-10-05T04:41:07,AUDUSD,put,MHI_ML_ROUTER,0.87,0.58,0.0972,1.0,-1.0,39.76
2026-10-05T04:41:07,AUDCHF,put,MHI_ML_ROUTER,0.87,0.5524,0.0379,1.0,0.85,39.76
2026-10-05T04:46:13,AUDCAD,call,MHI_ML_ROUTER,0.87,0.5615,0.0576,1.0,0.85,40.49
2026-10-05T04:46:13,NZDCAD,call,MHI_ML_ROUTER,0.87,0.6182,0.1793,1.0,0.85,40.49
2026-10-05T04:46:13,AUDUSD,call,MHI_ML_ROUTER,0.87,0.5524,0.0379,1.0,0.85,40.49
2026-10-05T04:51:12,AUDUSD,put,MHI_ML_ROUTER,0.87,0.5727,0.0816,1.0,0.85,41.04
2026-10-05T04:51:12,NZDUSD,put,MHI_ML_ROUTER,0.87,0.6348,0.215,1.0,0.85,41.04
2026-10-05T04:51:12,EURJPY,put,MHI_ML_ROUTER,0.87,0.5478,0.0281,1.0,-1.0,41.04
2026-10-05T04:51:12,GBPJPY,put,MHI_ML_ROUTER,0.87,0.5667,0.0686,1.0,0.85,41.04
2026-10-05T04:51:12,AUDJPY,put,MHI_ML_ROUTER,0.87,0.584,0.1058,1.0,0.85,41.04
2026-10-05T04:56:10,AUDCAD,call,MHI_ML_ROUTER,0.87,0.5778,0.0925,1.0,-1.0,48.11
2026-10-05T04:56:11,AUDNZD,call,MHI_ML_ROUTER,0.87,0.5478,0.0281,1.0,-1.0,48.11
2026-10-05T04:56:11,ETHUSD-OTC,call,MHI_ML_ROUTER,0.87,0.58,0.0972,1.0,0.82,48.11
2026-10-05T04:56:11,AUDUSD,call,MHI_ML_ROUTER,0.87,0.5913,0.1215,1.0,0.85,48.11
2026-10-05T05:01:09,ETHUSD-OTC,call,MHI_ML_ROUTER,0.87,0.58,0.0972,1.0,-1.0,44.11
2026-10-05T05:01:09,GBPJPY,put,MHI_ML_ROUTER,0.87,0.584,0.1058,1.0,0.85,49.66
2026-10-05T05:01:10,GBPAUD,put,MHI_ML_ROUTER,0.87,0.58,0.0972,1.0,0.85,49.66
2026-10-05T05:01:10,AUDNZD,call,MHI_ML_ROUTER,0.87,0.525,-0.02097701149425286,1.0,0.85,49.66
2026-10-05T05:06:06,EURUSD,call,MHI_ML_ROUTER,0.9,0.65,0.2611,1.0,0.88,45.66
2026-10-05T05:06:06,EURJPY,call,MHI_ML_ROUTER,0.87,0.525,-0.02097701149425286,1.0,0.85,45.66
2026-10-05T05:06:06,GBPJPY,call,MHI_ML_ROUTER,0.87,0.6,0.1402,1.0,0.85,45.66
2026-10-05T05:06:06,AUDJPY,call,MHI_ML_ROUTER,0.87,0.6,0.1402,1.0,0.85,45.66
2026-10-05T05:11:02,AUDUSD,put,MHI_ML_ROUTER,0.87,0.6083,0.1581,1.06,-1.06,50.03
2026-10-05T05:11:02,EURNZD,put,MHI_ML_ROUTER,0.87,0.5524,0.0379,1.0,0.85,50.03
2026-10-05T05:11:02,GBPNZD,put,MHI_ML_ROUTER,0.87,0.5524,0.0379,1.0,0.85,50.03
2026-10-05T05:16:15,GBPAUD,call,MHI_ML_ROUTER,0.87,0.6,0.1402,1.07,-1.07,53.16
2026-10-05T05:16:15,GBPNZD,call,MHI_ML_ROUTER,0.87,0.5727,0.0816,1.07,-1.07,53.16
2026-10-05T05:16:15,AUDCAD,put,MHI_ML_ROUTER,0.87,0.5571,0.0481,1.0,0.85,53.16
2026-10-05T05:16:15,NZDCAD,put,MHI_ML_ROUTER,0.87,0.6348,0.215,1.07,-1.07,53.16
2026-10-05T05:16:15,ETHUSD-OTC,call,MHI_ML_ROUTER,0.87,0.58,0.0972,1.07,0.88,53.16
2026-10-05T05:16:16,AUDUSD,put,MHI_ML_ROUTER,0.87,0.584,0.1058,1.07,0.91,53.16
2026-10-05T05:16:16,NZDUSD,put,MHI_ML_ROUTER,0.87,0.65,0.2477,1.07,0.0,53.16
2026-10-05T05:21:11,AUDCAD,put,MHI_ML_ROUTER,0.87,0.5724,0.0809,1.06,0.9,52.1
2026-10-05T05:26:03,GBPAUD,call,MHI_ML_ROUTER,0.87,0.5727,0.0816,1.08,-1.08,50.82
2026-10-05T05:26:04,AUDCAD,put,MHI_ML_ROUTER,0.87,0.5867,0.1116,1.08,-1.08,50.82
2026-10-05T05:31:13,GBPNZD,put,MHI_ML_ROUTER,0.87,0.5478,0.0281,1.0,-1.0,46.76
2026-10-05T05:31:13,XAUUSD,call,MHI_ML_ROUTER,0.87,0.5765,0.0897,1.02,-1.02,46.76
2026-10-05T05:31:13,GBPJPY,put,MHI_ML_ROUTER,0.87,0.6148,0.1721,1.02,-1.02,46.76
2026-10-05T05:32:07,BTCUSD,put,MHI_ML_ROUTER,0.87,0.58,0.0972,1.02,0.89,46.76
2026-10-05T05:36:13,EURJPY,call,MHI_ML_ROUTER,0.87,0.544,0.0199,1.0,0.85,44.67
2026-10-05T05:36:13,GBPJPY,call,MHI_ML_ROUTER,0.87,0.5929,0.1249,1.0,-1.0,44.67
2026-10-05T05:36:13,EURNZD,call,MHI_ML_ROUTER,0.87,0.5727,0.0816,1.0,-1.0,44.67
2026-10-05T05:36:13,GBPAUD,call,MHI_ML_ROUTER,0.87,0.5478,0.0281,1.0,-1.0,44.67
2026-10-05T05:41:05,EURJPY,put,MHI_ML_ROUTER,0.87,0.5615,0.0576,1.0,-1.0,42.52
2026-10-05T05:41:05,GBPJPY,call,MHI_ML_ROUTER,0.87,0.5724,0.0809,1.0,0.85,42.52
2026-10-05T05:41:06,EURNZD,put,MHI_ML_ROUTER,0.87,0.5478,0.0281,1.0,-1.0,42.52
2026-10-05T05:41:06,BTCUSD,put,MHI_ML_ROUTER,0.87,0.6,0.1402,1.0,0.87,42.52
2026-10-05T05:46:03,AUDJPY,put,MHI_ML_ROUTER,0.87,0.6148,0.1721,1.0,0.85,42.24
2026-10-05T05:46:03,GBPNZD,call,MHI_ML_ROUTER,0.87,0.525,-0.02097701149425286,1.0,-1.0,42.24
2026-10-05T05:46:03,AUDNZD,call,MHI_ML_ROUTER,0.87,0.544,0.0199,1.0,0.85,42.24
2026-10-05T05:46:03,BTCUSD,put,MHI_ML_ROUTER,0.87,0.6182,0.1793,1.0,-1.0,42.24
2026-10-05T05:51:03,EURJPY,call,MHI_ML_ROUTER,0.87,0.5407,0.0129,1.0,0.85,38.94
2026-10-05T05:51:03,GBPJPY,call,MHI_ML_ROUTER,0.87,0.5867,0.1116,1.0,-1.0,38.94
2026-10-05T05:51:03,AUDJPY,call,MHI_ML_ROUTER,0.87,0.6286,0.2016,1.0,-1.0,38.94
2026-10-05T05:51:03,GBPNZD,call,MHI_ML_ROUTER,0.87,0.504,-0.06611494252873565,1.0,-1.0,38.94
2026-10-05T05:51:04,NZDCAD,put,MHI_ML_ROUTER,0.87,0.6083,0.1581,1.0,0.85,38.94
2026-10-05T05:51:04,EURUSD,put,MHI_ML_ROUTER,0.9,0.664,0.2907,1.0,-1.0,38.94
2026-10-05T05:51:04,NZDUSD,put,MHI_ML_ROUTER,0.87,0.624,0.1918,1.0,0.85,38.94
2026-10-05T05:56:15,AUDCHF,call,MHI_ML_ROUTER,0.87,0.5727,0.0816,1.0,0.85,35.49
2026-10-05T05:56:15,NZDCAD,call,MHI_ML_ROUTER,0.87,0.624,0.1918,1.0,-1.0,35.49
2026-10-05T05:56:16,XAUUSD,call,MHI_ML_ROUTER,0.87,0.56,0.0543,1.0,-1.0,35.49
2026-10-05T05:56:16,EURUSD,put,MHI_ML_ROUTER,0.9,0.6385,0.2368,1.0,0.88,35.49
2026-10-05T05:56:16,EURJPY,put,MHI_ML_ROUTER,0.87,0.5571,0.0481,1.0,0.85,35.49
2026-10-05T05:56:16,GBPAUD,put,MHI_ML_ROUTER,0.87,0.525,-0.02097701149425286,1.0,0.85,35.49
2026-10-05T05:56:16,GBPNZD,put,MHI_ML_ROUTER,0.87,0.4846,-0.10778072502210427,1.0,-1.0,35.49
2026-10-05T05:56:16,AUDCAD,call,MHI_ML_ROUTER,0.87,0.5677,0.0709,1.0,0.85,35.49
2026-10-05T05:56:16,AUDNZD,call,MHI_ML_ROUTER,0.87,0.5615,0.0576,1.0,0.0,35.49
2026-10-05T06:01:17,EURUSD,put,MHI_ML_ROUTER,0.9,0.6519,0.265,1.0,-1.0,42.77
2026-10-05T06:01:17,NZDUSD,put,MHI_ML_ROUTER,0.87,0.6385,0.2229,1.0,-1.0,42.77
2026-10-05T06:06:03,GBPAUD,put,MHI_ML_ROUTER,0.87,0.544,0.0199,1.0,-1.0,40.77
2026-10-05T06:06:03,GBPNZD,put,MHI_ML_ROUTER,0.87,0.4667,-0.14636015325670493,1.0,-1.0,40.77
2026-10-05T06:11:05,EURGBP,call,MHI_ML_ROUTER,0.87,0.58,0.0972,1.0,-1.0,37.77
2026-10-05T06:11:05,GBPJPY,call,MHI_ML_ROUTER,0.87,0.5677,0.0709,1.0,0.85,37.77
2026-10-05T06:11:06,AUDJPY,call,MHI_ML_ROUTER,0.87,0.6069,0.1551,1.0,0.85,37.77
2026-10-05T06:16:07,EURUSD,call,MHI_ML_ROUTER,0.9,0.6286,0.2159,1.0,0.88,42.75
2026-10-05T06:16:07,NZDUSD,call,MHI_ML_ROUTER,0.87,0.6148,0.1721,1.0,0.85,42.75
2026-10-05T06:16:07,EURJPY,call,MHI_ML_ROUTER,0.87,0.5724,0.0809,1.0,0.85,42.75
2026-10-05T06:16:07,GBPJPY,call,MHI_ML_ROUTER,0.87,0.5813,0.0999,1.0,0.85,42.75
2026-10-05T06:16:07,GBPAUD,call,MHI_ML_ROUTER,0.87,0.5231,-0.025110521662245738,1.0,-1.0,42.75
2026-10-05T06:16:08,AUDCAD,put,MHI_ML_ROUTER,0.87,0.5813,0.0999,1.0,-1.0,42.75
2026-10-05T06:16:08,AUDNZD,put,MHI_ML_ROUTER,0.87,0.5407,0.0129,1.0,0.85,42.75
2026-10-05T06:16:08,XAUUSD,put,MHI_ML_ROUTER,0.87,0.5444,0.0208,1.0,-1.0,42.75
2026-10-05T06:21:06,NZDUSD,put,MHI_ML_ROUTER,0.87,0.6286,0.2016,1.0,0.85,38.75
2026-10-05T06:21:06,EURNZD,call,MHI_ML_ROUTER,0.87,0.525,-0.02097701149425286,1.0,-1.0,38.75
2026-10-05T06:21:07,GBPNZD,call,MHI_ML_ROUTER,0.87,0.45,-0.18218390804597703,1.0,0.85,44.3
2026-10-05T06:21:07,AUDNZD,call,MHI_ML_ROUTER,0.87,0.5571,0.0481,1.0,0.85,44.3
2026-10-05T06:26:07,AUDUSD,put,MHI_ML_ROUTER,0.87,0.6,0.1402,1.0,-1.0,40.3
2026-10-05T06:26:08,EURJPY,call,MHI_ML_ROUTER,0.87,0.5867,0.1116,1.0,0.85,40.3
2026-10-05T06:26:08,EURNZD,call,MHI_ML_ROUTER,0.87,0.504,-0.06611494252873565,1.0,-1.0,40.3
2026-10-05T06:26:08,GBPNZD,call,MHI_ML_ROUTER,0.87,0.469,-0.14141894569956398,1.0,-1.0,40.3
2026-10-05T06:31:14,AUDCAD,call,MHI_ML_ROUTER,0.87,0.5636,0.0621,1.0,0.85,36.15
2026-10-05T06:31:14,BTCUSD,call,MHI_ML_ROUTER,0.87,0.5913,0.1215,1.0,0.87,36.15
2026-10-05T06:31:14,AUDUSD,call,MHI_ML_ROUTER,0.87,0.5778,0.0925,1.0,0.85,36.15
2026-10-05T06:31:14,EURGBP,call,MHI_ML_ROUTER,0.87,0.5524,0.0379,1.0,-1.0,36.15
2026-10-05T06:31:14,EURJPY,call,MHI_ML_ROUTER,0.87,0.6,0.1402,1.0,-1.0,36.15
2026-10-05T06:31:15,GBPAUD,call,MHI_ML_ROUTER,0.87,0.5037,-0.06675180928054501,1.0,0.85,36.15
2026-10-05T06:36:04,EURGBP,call,MHI_ML_ROUTER,0.87,0.5273,-0.016091954022988585,1.0,-1.0,41.09
2026-10-05T06:36:04,EURJPY,call,MHI_ML_ROUTER,0.87,0.5813,0.0999,1.0,-1.0,41.09
2026-10-05T06:36:04,AUDJPY,put,MHI_ML_ROUTER,0.87,0.62,0.1832,1.0,0.85,41.09
2026-10-05T06:36:04,GBPAUD,call,MHI_ML_ROUTER,0.87,0.5214,-0.028653530377668227,1.0,-1.0,41.09
2026-10-05T06:36:04,GBPNZD,call,MHI_ML_ROUTER,0.87,0.4533,-0.1750191570881226,1.0,-1.0,41.09
2026-10-05T06:36:04,BTCUSD,call,MHI_ML_ROUTER,0.87,0.6083,0.1581,1.0,-1.0,41.09
2026-10-05T06:36:04,ETHUSD-OTC,call,MHI_ML_ROUTER,0.87,0.58,0.0972,1.0,0.82,41.09
2026-10-05T06:41:16,AUDUSD,call,MHI_ML_ROUTER,0.87,0.5929,0.1249,1.0,0.85,47.04
2026-10-05T06:41:17,NZDUSD,call,MHI_ML_ROUTER,0.87,0.6414,0.2292,1.0,0.85,47.04
2026-10-05T06:41:17,EURJPY,call,MHI_ML_ROUTER,0.87,0.5636,0.0621,1.0,0.85,47.04
2026-10-05T06:41:17,GBPJPY,call,MHI_ML_ROUTER,0.87,0.5939,0.1272,1.0,0.85,47.04
2026-10-05T06:41:17,AUDJPY,call,MHI_ML_ROUTER,0.87,0.6323,0.2096,1.0,0.85,47.04
2026-10-05T06:41:17,AUDCAD,call,MHI_ML_ROUTER,0.87,0.5765,0.0897,1.0,0.85,47.04
2026-10-05T06:41:17,AUDCHF,call,MHI_ML_ROUTER,0.87,0.5913,0.1215,1.0,0.85,47.04
2026-10-05T06:46:13,AUDNZD,put,MHI_ML_ROUTER,0.87,0.5724,0.0809,1.0,0.85,45.04
2026-10-05T06:46:13,AUDCHF,put,MHI_ML_ROUTER,0.87,0.6083,0.1581,1.0,0.85,45.04
2026-10-05T06:51:19,NZDCAD,call,MHI_ML_ROUTER,0.87,0.6,0.1402,1.0,-1.0,49.26
2026-10-05T06:51:19,ETHUSD-OTC,call,MHI_ML_ROUTER,0.87,0.58,0.0972,1.0,0.82,49.26
2026-10-05T06:51:19,AUDUSD,call,MHI_ML_ROUTER,0.87,0.6069,0.1551,1.0,0.85,49.26
2026-10-05T06:51:19,GBPAUD,put,MHI_ML_ROUTER,0.87,0.5034,-0.06730083234244946,1.0,0.85,49.26
2026-10-05T06:51:20,AUDNZD,put,MHI_ML_ROUTER,0.87,0.5867,0.1116,1.0,-1.0,49.26
2026-10-05T06:56:11,GBPAUD,put,MHI_ML_ROUTER,0.87,0.52,-0.031724137931034437,1.0,0.85,52.68
2026-10-05T06:56:11,GBPNZD,put,MHI_ML_ROUTER,0.87,0.4387,-0.20645161290322578,1.0,0.85,52.68
2026-10-05T06:56:11,AUDNZD,put,MHI_ML_ROUTER,0.87,0.5677,0.0709,1.0,0.85,52.68
2026-10-05T06:56:11,BTCUSD,put,MHI_ML_ROUTER,0.87,0.584,0.1058,1.0,0.87,52.68
2026-10-05T07:01:12,AUDUSD,put,MHI_ML_ROUTER,0.87,0.62,0.1832,1.05,0.89,55.26
2026-10-05T07:01:12,EURNZD,call,MHI_ML_ROUTER,0.87,0.4846,-0.10778072502210427,1.0,0.85,55.26
2026-10-05T07:01:13,ETHUSD-OTC,put,MHI_ML_ROUTER,0.87,0.58,0.0972,1.03,0.84,55.26
2026-10-05T07:06:05,GBPCAD,call,MHI_ML_ROUTER,0.87,0.58,0.0972,1.11,0.94,50.93
2026-10-05T07:06:05,AUDCAD,call,MHI_ML_ROUTER,0.87,0.5886,0.1157,1.11,0.94,50.93
2026-10-05T07:06:05,AUDNZD,put,MHI_ML_ROUTER,0.87,0.5813,0.0999,1.11,0.94,50.93
2026-10-05T07:06:05,EURGBP,put,MHI_ML_ROUTER,0.87,0.5043,-0.06536731634182913,1.0,0.85,50.93
2026-10-05T07:11:18,BTCUSD,put,MHI_ML_ROUTER,0.87,0.6,0.1402,1.18,1.03,53.31
2026-10-05T07:11:19,AUDUSD,put,MHI_ML_ROUTER,0.87,0.6323,0.2096,1.18,-1.18,53.31
2026-10-05T07:11:19,GBPAUD,call,MHI_ML_ROUTER,0.87,0.5355,0.0016,1.0,0.0,53.31
2026-10-05T07:11:19,GBPCAD,call,MHI_ML_ROUTER,0.87,0.6,0.1402,1.13,0.96,53.31
2026-10-05T07:11:19,AUDCAD,put,MHI_ML_ROUTER,0.87,0.6,0.1402,1.13,0.0,53.31
2026-10-05T07:16:03,GBPAUD,put,MHI_ML_ROUTER,0.87,0.5188,-0.03441091954022976,1.0,0.85,55.23
2026-10-05T07:16:03,GBPCAD,put,MHI_ML_ROUTER,0.87,0.6182,0.1793,1.19,1.01,55.23
2026-10-05T07:16:03,EURUSD,put,MHI_ML_ROUTER,0.9,0.6414,0.2429,1.19,1.05,55.23
2026-10-05T07:16:04,NZDUSD,put,MHI_ML_ROUTER,0.87,0.6533,0.2549,1.13,0.96,55.23
2026-10-05T07:21:09,AUDUSD,call,MHI_ML_ROUTER,0.87,0.6125,0.1671,1.27,-1.27,64.51
2026-10-05T07:21:10,NZDUSD,call,MHI_ML_ROUTER,0.87,0.6645,0.2789,1.27,-1.27,64.51
2026-10-05T07:21:10,EURJPY,call,MHI_ML_ROUTER,0.87,0.5765,0.0897,1.22,1.04,64.51
2026-10-05T07:21:10,GBPJPY,call,MHI_ML_ROUTER,0.87,0.6059,0.1529,1.22,1.04,64.51
2026-10-05T07:21:10,GBPAUD,call,MHI_ML_ROUTER,0.87,0.5333,-0.0030651340996169034,1.0,0.85,64.51
2026-10-05T07:21:10,GBPCAD,call,MHI_ML_ROUTER,0.87,0.6348,0.215,1.22,1.04,64.51
2026-10-05T07:21:10,AUDNZD,put,MHI_ML_ROUTER,0.87,0.5939,0.1272,1.22,1.04,64.51
2026-10-05T07:21:10,BTCUSD,call,MHI_ML_ROUTER,0.87,0.6148,0.1721,1.22,-1.22,64.51
2026-10-05T07:21:11,ETHUSD-OTC,call,MHI_ML_ROUTER,0.87,0.58,0.0972,1.22,-1.22,64.51
2026-10-05T07:21:11,XAUUSD,call,MHI_ML_ROUTER,0.87,0.5297,-0.01081081081081075,1.0,0.87,64.51
2026-10-05T07:26:17,EURUSD,call,MHI_ML_ROUTER,0.9,0.6533,0.2681,1.29,1.14,70.42
2026-10-05T07:26:17,EURGBP,call,MHI_ML_ROUTER,0.87,0.525,-0.02097701149425286,1.0,0.85,70.42
2026-10-05T07:26:17,EURJPY,call,MHI_ML_ROUTER,0.87,0.5886,0.1157,1.29,1.1,70.42
2026-10-05T07:26:17,AUDJPY,call,MHI_ML_ROUTER,0.87,0.6438,0.2343,1.29,1.1,70.42
2026-10-05T07:26:17,EURNZD,call,MHI_ML_ROUTER,0.87,0.5037,-0.06675180928054501,1.0,-1.0,70.42
2026-10-05T07:26:17,GBPAUD,put,MHI_ML_ROUTER,0.87,0.5471,0.0264,1.0,0.85,70.42
2026-10-05T07:26:17,AUDCAD,call,MHI_ML_ROUTER,0.87,0.5838,0.1054,1.19,1.01,70.42
2026-10-05T07:26:17,AUDCHF,call,MHI_ML_ROUTER,0.87,0.624,0.1918,1.19,1.01,70.42
2026-10-05T07:26:18,BTCUSD,call,MHI_ML_ROUTER,0.87,0.5929,0.1249,1.19,1.04,70.42
2026-10-05T07:27:15,ETHUSD-OTC,call,MHI_ML_ROUTER,0.87,0.58,0.0972,1.19,-1.19,70.42
2026-10-05T07:31:15,NZDUSD,call,MHI_ML_ROUTER,0.87,0.6438,0.2343,1.41,-1.41,64.69
2026-10-05T07:31:15,EURGBP,put,MHI_ML_ROUTER,0.87,0.544,0.0199,1.0,-1.0,64.69
2026-10-05T07:31:15,EURNZD,put,MHI_ML_ROUTER,0.87,0.4857,-0.10541871921182264,1.0,-1.0,64.69
2026-10-05T07:31:15,GBPAUD,call,MHI_ML_ROUTER,0.87,0.56,0.0543,1.0,0.85,64.69
2026-10-05T07:31:15,AUDNZD,put,MHI_ML_ROUTER,0.87,0.6059,0.1529,1.32,-1.32,64.69
2026-10-05T07:36:10,BTCUSD,call,MHI_ML_ROUTER,0.87,0.6069,0.1551,1.33,1.16,67.7
2026-10-05T07:41:06,GBPAUD,put,MHI_ML_ROUTER,0.87,0.5722,0.0805,1.35,1.15,66.35
2026-10-05T07:46:03,GBPAUD,call,MHI_ML_ROUTER,0.87,0.5838,0.1054,1.38,1.17,64.71
2026-10-05T07:46:03,AUDCAD,put,MHI_ML_ROUTER,0.87,0.5947,0.1289,1.38,1.17,64.71
2026-10-05T07:46:03,NZDCAD,put,MHI_ML_ROUTER,0.87,0.5778,0.0925,1.38,1.17,64.71
2026-10-05T07:51:16,AUDNZD,call,MHI_ML_ROUTER,0.87,0.5886,0.1157,1.45,1.23,68.75
2026-10-05T07:51:16,BTCUSD,call,MHI_ML_ROUTER,0.87,0.62,0.1832,1.42,-1.42,68.75
2026-10-05T07:51:16,ETHUSD-OTC,call,MHI_ML_ROUTER,0.87,0.58,0.0972,1.42,-1.42,68.75
2026-10-05T07:51:16,XAUUSD,call,MHI_ML_ROUTER,0.87,0.5421,0.0158,1.0,-1.0,68.75
2026-10-05T07:51:16,GBPNZD,call,MHI_ML_ROUTER,0.87,0.4562,-0.16874999999999996,1.0,-1.0,68.75
2026-10-05T07:56:06,EURGBP,call,MHI_ML_ROUTER,0.87,0.5231,-0.025110521662245738,1.0,0.85,66.4
2026-10-05T07:56:06,AUDCHF,put,MHI_ML_ROUTER,0.87,0.6385,0.2229,1.35,1.15,66.4
2026-10-05T08:01:07,NZDUSD,call,MHI_ML_ROUTER,0.87,0.6242,0.1923,1.42,1.21,65.59
2026-10-05T08:01:07,EURNZD,put,MHI_ML_ROUTER,0.87,0.469,-0.14141894569956398,1.0,0.85,65.59
2026-10-05T08:01:07,NZDCAD,call,MHI_ML_ROUTER,0.87,0.5929,0.1249,1.37,1.16,65.59
2026-10-05T08:01:07,BTCUSD,call,MHI_ML_ROUTER,0.87,0.6,0.1402,1.37,-1.37,65.59
2026-10-05T08:06:03,AUDJPY,put,MHI_ML_ROUTER,0.87,0.6545,0.2575,1.45,1.23,75.03
2026-10-05T08:06:03,GBPAUD,call,MHI_ML_ROUTER,0.87,0.5947,0.1289,1.45,1.23,75.03
2026-10-05T08:06:03,AUDCAD,put,MHI_ML_ROUTER,0.87,0.6051,0.1513,1.45,1.23,75.03
2026-10-05T08:06:03,BTCUSD,put,MHI_ML_ROUTER,0.87,0.5813,0.0999,1.45,-1.45,75.03
2026-10-05T08:06:03,ETHUSD-OTC,put,MHI_ML_ROUTER,0.87,0.58,0.0972,1.45,1.19,75.03
2026-10-05T08:06:03,AUDUSD,put,MHI_ML_ROUTER,0.87,0.5939,0.1272,1.45,0.0,75.03
2026-10-05T08:06:03,EURGBP,call,MHI_ML_ROUTER,0.87,0.5407,0.0129,1.0,-1.0,75.03
2026-10-05T08:11:06,EURGBP,put,MHI_ML_ROUTER,0.87,0.5214,-0.028653530377668227,1.0,-1.0,67.5
2026-10-05T08:11:06,GBPAUD,call,MHI_ML_ROUTER,0.87,0.6051,0.1513,1.5,1.28,67.5
2026-10-05T08:11:06,GBPCAD,call,MHI_ML_ROUTER,0.87,0.65,0.2477,1.45,1.23,67.5
2026-10-05T08:11:06,GBPNZD,call,MHI_ML_ROUTER,0.87,0.4424,-0.19846743295019167,1.0,-1.0,67.5
2026-10-05T08:11:07,BTCUSD,put,MHI_ML_ROUTER,0.87,0.5636,0.0621,1.13,0.98,67.5
2026-10-05T08:11:07,ETHUSD-OTC,put,MHI_ML_ROUTER,0.87,0.58,0.0972,1.45,1.19,67.5
2026-10-05T08:16:15,AUDJPY,put,MHI_ML_ROUTER,0.87,0.6647,0.2793,1.55,-1.55,74.38
2026-10-05T08:16:15,GBPCAD,put,MHI_ML_ROUTER,0.87,0.664,0.2778,1.55,1.32,74.38
2026-10-05T08:16:15,AUDCHF,put,MHI_ML_ROUTER,0.87,0.6519,0.2517,1.55,-1.55,74.38
2026-10-05T08:16:15,BTCUSD,call,MHI_ML_ROUTER,0.87,0.5765,0.0897,1.55,-1.55,74.38
2026-10-05T08:21:20,NZDCAD,call,MHI_ML_ROUTER,0.87,0.6069,0.1551,1.49,1.27,63.76
2026-10-05T08:21:20,BTCUSD,call,MHI_ML_ROUTER,0.87,0.56,0.0543,1.01,-1.01,63.76
2026-10-05T08:21:20,AUDUSD,call,MHI_ML_ROUTER,0.87,0.5765,0.0897,1.49,1.27,63.76
2026-10-05T08:21:20,EURJPY,put,MHI_ML_ROUTER,0.87,0.6,0.1402,1.49,-1.49,76.23
2026-10-05T08:21:20,GBPJPY,put,MHI_ML_ROUTER,0.87,0.6171,0.1771,1.38,-1.38,76.23
2026-10-05T08:21:20,GBPAUD,put,MHI_ML_ROUTER,0.87,0.615,0.1725,1.38,1.17,76.23
2026-10-05T08:21:21,GBPNZD,put,MHI_ML_ROUTER,0.87,0.4294,-0.22643678160919542,1.0,0.85,76.23
2026-10-05T08:31:16,EURUSD,call,MHI_ML_ROUTER,0.9,0.6645,0.2918,1.44,-1.44,65.32
2026-10-05T08:31:17,AUDUSD,call,MHI_ML_ROUTER,0.87,0.5886,0.1157,1.44,-1.44,65.32
2026-10-05T08:31:17,GBPAUD,put,MHI_ML_ROUTER,0.87,0.6244,0.1927,1.39,1.18,65.32
2026-10-05T08:31:17,GBPCAD,call,MHI_ML_ROUTER,0.87,0.6769,0.3056,1.39,-1.39,65.32
2026-10-05T08:31:17,GBPNZD,put,MHI_ML_ROUTER,0.87,0.4457,-0.1913957307060755,1.0,-1.0,65.32
2026-10-05T08:31:17,AUDCAD,call,MHI_ML_ROUTER,0.87,0.615,0.1725,1.39,-1.39,65.32
2026-10-05T08:31:17,NZDCAD,call,MHI_ML_ROUTER,0.87,0.62,0.1832,1.39,-1.39,65.32
2026-10-05T08:36:06,NZDUSD,call,MHI_ML_ROUTER,0.87,0.6353,0.2161,1.31,1.11,57.39
2026-10-05T08:36:06,EURNZD,put,MHI_ML_ROUTER,0.87,0.4867,-0.10337164750957864,1.0,0.85,57.39
2026-10-05T08:36:07,GBPNZD,put,MHI_ML_ROUTER,0.87,0.4333,-0.21800766283524903,1.0,0.85,57.39
2026-10-05T08:36:07,AUDCHF,put,MHI_ML_ROUTER,0.87,0.6286,0.2016,1.31,-1.31,57.39
2026-10-05T08:36:07,NZDCAD,call,MHI_ML_ROUTER,0.87,0.6,0.1402,1.31,-1.31,57.39
2026-10-05T08:36:07,BTCUSD,call,MHI_ML_ROUTER,0.87,0.5444,0.0208,1.0,-1.0,57.39
2026-10-05T08:36:07,XAUUSD,call,MHI_ML_ROUTER,0.87,0.5282,-0.014087827880931289,1.0,-1.0,57.39
2026-10-05T08:41:07,EURUSD,put,MHI_ML_ROUTER,0.9,0.6438,0.2479,1.27,1.12,67.45
2026-10-05T08:41:07,AUDUSD,put,MHI_ML_ROUTER,0.87,0.5722,0.0805,1.27,1.08,67.45
2026-10-05T08:41:07,NZDUSD,put,MHI_ML_ROUTER,0.87,0.6457,0.2385,1.27,1.08,67.45
2026-10-05T08:41:08,EURGBP,call,MHI_ML_ROUTER,0.87,0.5034,-0.06730083234244946,1.0,0.85,67.45
2026-10-05T08:41:08,GBPCAD,put,MHI_ML_ROUTER,0.87,0.6519,0.2517,1.27,1.08,67.45
2026-10-05T08:41:08,AUDNZD,put,MHI_ML_ROUTER,0.87,0.6,0.1402,1.27,-1.27,67.45
2026-10-05T08:46:05,EURGBP,put,MHI_ML_ROUTER,0.87,0.52,-0.031724137931034437,1.0,0.85,66.45
2026-10-05T08:51:08,AUDUSD,put,MHI_ML_ROUTER,0.87,0.5838,0.1054,1.37,-1.37,55.76
2026-10-05T08:51:09,NZDUSD,put,MHI_ML_ROUTER,0.87,0.6556,0.2596,1.37,1.16,55.76
2026-10-05T08:51:09,EURNZD,call,MHI_ML_ROUTER,0.87,0.5032,-0.06777901371894711,1.0,0.85,55.76
2026-10-05T08:51:09,GBPAUD,call,MHI_ML_ROUTER,0.87,0.6333,0.2119,1.37,-1.37,55.76
2026-10-05T08:51:09,GBPCAD,put,MHI_ML_ROUTER,0.87,0.6643,0.2784,1.37,-1.37,55.76
2026-10-05T08:51:10,GBPNZD,call,MHI_ML_ROUTER,0.87,0.4486,-0.18508853681267462,1.0,0.85,55.76
2026-10-05T08:51:10,AUDCAD,put,MHI_ML_ROUTER,0.87,0.6,0.1402,1.37,-1.37,55.76
2026-10-05T08:51:10,AUDNZD,call,MHI_ML_ROUTER,0.87,0.5838,0.1054,1.37,1.16,55.76
2026-10-05T08:51:10,ETHUSD-OTC,put,MHI_ML_ROUTER,0.87,0.58,0.0972,1.16,0.95,55.76
2026-10-05T08:52:08,EURUSD,put,MHI_ML_ROUTER,0.9,0.6545,0.2707,1.16,-1.16,66.63
2026-10-05T08:56:15,EURUSD,call,MHI_ML_ROUTER,0.9,0.6353,0.2301,1.33,1.17,60.51
2026-10-05T08:56:16,AUDUSD,call,MHI_ML_ROUTER,0.87,0.5684,0.0724,1.21,1.03,60.51
2026-10-05T08:56:16,NZDUSD,call,MHI_ML_ROUTER,0.87,0.6649,0.2797,1.33,-1.33,60.51
2026-10-05T08:56:16,EURGBP,put,MHI_ML_ROUTER,0.87,0.5355,0.0016,1.0,-1.0,60.51
2026-10-05T08:56:16,GBPJPY,call,MHI_ML_ROUTER,0.87,0.6,0.1402,1.33,-1.33,60.51
2026-10-05T08:56:16,GBPAUD,call,MHI_ML_ROUTER,0.87,0.6186,0.1802,1.33,-1.33,60.51
2026-10-05T08:56:17,GBPCAD,call,MHI_ML_ROUTER,0.87,0.6414,0.2292,1.33,-1.33,60.51
2026-10-05T08:56:17,AUDCHF,call,MHI_ML_ROUTER,0.87,0.6069,0.1551,1.33,0.0,60.51
2026-10-05T08:56:17,BTCUSD,call,MHI_ML_ROUTER,0.87,0.5297,-0.01081081081081075,1.0,-1.0,60.51
2026-10-05T08:57:16,XAUUSD,call,MHI_ML_ROUTER,0.87,0.515,-0.04247126436781607,1.0,-1.0,60.51
2026-10-05T09:01:13,XAUUSD,put,MHI_ML_ROUTER,0.87,0.5024,-0.06947014297729184,1.0,0.87,50.58
2026-10-05T09:01:13,AUDUSD,put,MHI_ML_ROUTER,0.87,0.5795,0.0961,1.21,1.03,50.58
2026-10-05T09:01:13,NZDUSD,put,MHI_ML_ROUTER,0.87,0.6474,0.242,1.21,1.03,50.58
2026-10-05T09:01:14,AUDJPY,put,MHI_ML_ROUTER,0.87,0.6457,0.2385,1.21,1.03,50.58
2026-10-05T09:01:14,EURNZD,call,MHI_ML_ROUTER,0.87,0.5188,-0.03441091954022976,1.0,0.85,50.58
2026-10-05T09:01:14,GBPAUD,call,MHI_ML_ROUTER,0.87,0.6045,0.15,1.1,0.94,50.58
2026-10-05T09:01:14,GBPNZD,call,MHI_ML_ROUTER,0.87,0.4632,-0.15390199637023577,1.0,0.85,50.58
2026-10-05T09:01:14,AUDCAD,put,MHI_ML_ROUTER,0.87,0.5857,0.1095,1.1,0.94,50.58
2026-10-05T09:01:14,AUDCHF,put,MHI_ML_ROUTER,0.87,0.5867,0.1116,1.1,0.94,50.58
2026-10-05T09:11:18,AUDNZD,call,MHI_ML_ROUTER,0.87,0.5947,0.1289,1.38,-1.38,66.48
2026-10-05T09:11:18,XAUUSD,call,MHI_ML_ROUTER,0.87,0.5143,-0.04400656814449908,1.0,0.87,66.48
2026-10-05T09:11:18,EURGBP,call,MHI_ML_ROUTER,0.87,0.5188,-0.03441091954022976,1.0,-1.0,66.48
2026-10-05T09:11:18,EURNZD,call,MHI_ML_ROUTER,0.87,0.5333,-0.0030651340996169034,1.0,-1.0,66.48
2026-10-05T09:16:12,XAUUSD,call,MHI_ML_ROUTER,0.87,0.5256,-0.01972734562951087,1.0,-1.0,67.31
2026-10-05T09:16:12,EURGBP,call,MHI_ML_ROUTER,0.87,0.503,-0.06819923371647504,1.0,0.85,67.31
2026-10-05T09:16:12,EURNZD,put,MHI_ML_ROUTER,0.87,0.5176,-0.0367816091954022,1.0,-1.0,67.31
2026-10-05T09:16:13,GBPNZD,put,MHI_ML_ROUTER,0.87,0.4769,-0.12431476569407592,1.0,0.85,67.31
2026-10-05T09:16:13,AUDNZD,put,MHI_ML_ROUTER,0.87,0.5795,0.0961,1.33,1.13,67.31
2026-10-05T09:21:03,EURJPY,put,MHI_ML_ROUTER,0.87,0.5838,0.1054,1.35,1.15,58.53
2026-10-05T09:21:04,GBPJPY,put,MHI_ML_ROUTER,0.87,0.5838,0.1054,1.35,1.15,58.53
2026-10-05T09:21:04,EURNZD,put,MHI_ML_ROUTER,0.87,0.5029,-0.0685714285714285,1.0,-1.0,58.53
2026-10-05T09:21:04,GBPCAD,call,MHI_ML_ROUTER,0.87,0.62,0.1832,1.27,1.08,58.53
2026-10-05T09:21:04,AUDCHF,put,MHI_ML_ROUTER,0.87,0.6,0.1402,1.27,1.08,58.53
2026-10-05T09:21:04,NZDCAD,call,MHI_ML_ROUTER,0.87,0.5813,0.0999,1.27,-1.27,58.53
2026-10-05T09:21:05,EURUSD,put,MHI_ML_ROUTER,0.9,0.6457,0.2521,1.27,1.12,58.53
2026-10-05T09:26:17,GBPCAD,put,MHI_ML_ROUTER,0.87,0.6323,0.2096,1.41,-1.41,63.98
2026-10-05T09:26:17,AUDNZD,call,MHI_ML_ROUTER,0.87,0.59,0.1187,1.41,1.2,63.98
2026-10-05T09:26:17,EURUSD,put,MHI_ML_ROUTER,0.9,0.6556,0.2728,1.41,-1.41,63.98
2026-10-05T09:26:17,NZDUSD,put,MHI_ML_ROUTER,0.87,0.6564,0.2615,1.41,1.2,63.98
2026-10-05T09:26:18,EURGBP,call,MHI_ML_ROUTER,0.87,0.5176,-0.0367816091954022,1.0,0.85,63.98
2026-10-05T09:31:13,EURJPY,put,MHI_ML_ROUTER,0.87,0.5947,0.1289,1.42,1.21,68.42
2026-10-05T09:31:13,EURNZD,put,MHI_ML_ROUTER,0.87,0.4889,-0.09859514687100888,1.0,-1.0,68.42
2026-10-05T09:31:14,GBPCAD,call,MHI_ML_ROUTER,0.87,0.6125,0.1671,1.42,-1.42,68.42
2026-10-05T09:31:14,AUDNZD,put,MHI_ML_ROUTER,0.87,0.6,0.1402,1.42,-1.42,68.42
2026-10-05T09:36:17,BTCUSD,call,MHI_ML_ROUTER,0.87,0.5158,-0.04077434966727151,1.0,0.87,66.46
2026-10-05T09:36:18,EURUSD,call,MHI_ML_ROUTER,0.9,0.6378,0.2354,1.37,-1.37,66.46
2026-10-05T09:36:18,AUDUSD,call,MHI_ML_ROUTER,0.87,0.59,0.1187,1.37,-1.37,66.46
2026-10-05T09:36:18,NZDUSD,call,MHI_ML_ROUTER,0.87,0.665,0.2799,1.29,-1.29,66.46
2026-10-05T09:36:18,EURGBP,call,MHI_ML_ROUTER,0.87,0.5314,-0.007159277504105012,1.0,-1.0,66.46
2026-10-05T09:36:18,EURJPY,call,MHI_ML_ROUTER,0.87,0.6051,0.1513,1.29,1.1,66.46
2026-10-05T09:36:19,AUDJPY,call,MHI_ML_ROUTER,0.87,0.6556,0.2596,1.29,1.1,66.46
2026-10-05T09:41:11,NZDCAD,put,MHI_ML_ROUTER,0.87,0.5636,0.0621,1.03,0.88,65.43
2026-10-05T09:46:03,EURGBP,call,MHI_ML_ROUTER,0.87,0.5167,-0.03888888888888875,1.0,-1.0,58.5
2026-10-05T09:46:03,EURJPY,call,MHI_ML_ROUTER,0.87,0.615,0.1725,1.35,-1.35,58.5
2026-10-05T09:46:03,AUDCAD,call,MHI_ML_ROUTER,0.87,0.5953,0.1302,1.35,1.15,58.5
2026-10-05T09:46:03,NZDCAD,call,MHI_ML_ROUTER,0.87,0.5765,0.0897,1.35,1.15,58.5
2026-10-05T09:46:03,AUDUSD,call,MHI_ML_ROUTER,0.87,0.5756,0.0878,1.22,1.04,58.5
2026-10-05T09:46:04,NZDUSD,call,MHI_ML_ROUTER,0.87,0.6488,0.2451,1.22,1.04,58.5
2026-10-05T09:51:08,EURGBP,put,MHI_ML_ROUTER,0.87,0.5027,-0.06890338614476525,1.0,0.85,73.2
2026-10-05T09:51:08,GBPAUD,call,MHI_ML_ROUTER,0.87,0.6133,0.1689,1.36,1.16,73.2
2026-10-05T09:51:08,GBPCAD,call,MHI_ML_ROUTER,0.87,0.5939,0.1272,1.36,1.16,73.2
2026-10-05T09:51:08,GBPNZD,call,MHI_ML_ROUTER,0.87,0.49,-0.09620689655172414,1.0,0.85,73.2
2026-10-05T09:51:09,AUDCHF,call,MHI_ML_ROUTER,0.87,0.6125,0.1671,1.36,1.16,73.2
2026-10-05T09:56:14,AUDCAD,call,MHI_ML_ROUTER,0.87,0.6045,0.15,1.46,1.24,70.74
2026-10-05T09:56:14,EURNZD,call,MHI_ML_ROUTER,0.87,0.4757,-0.12699596147872005,1.0,0.85,70.74
2026-10-05T09:57:11,ETHUSD-OTC,call,MHI_ML_ROUTER,0.87,0.58,0.0972,1.41,1.16,73.88
2026-10-05T10:01:05,AUDUSD,put,MHI_ML_ROUTER,0.87,0.5857,0.1095,1.53,1.3,78.39
2026-10-05T10:01:06,GBPJPY,put,MHI_ML_ROUTER,0.87,0.5947,0.1289,1.53,1.3,78.39
2026-10-05T10:01:06,NZDCAD,call,MHI_ML_ROUTER,0.87,0.5886,0.1157,1.53,-1.53,78.39
2026-10-05T10:01:06,BTCUSD,put,MHI_ML_ROUTER,0.87,0.5282,-0.014087827880931289,1.0,0.87,78.39
2026-10-05T10:06:16,AUDCAD,put,MHI_ML_ROUTER,0.87,0.6133,0.1689,1.57,1.33,77.49
2026-10-05T10:06:17,EURGBP,put,MHI_ML_ROUTER,0.87,0.5158,-0.04077434966727151,1.0,0.85,77.49
2026-10-05T10:06:17,EURJPY,call,MHI_ML_ROUTER,0.87,0.6,0.1402,1.54,-1.54,77.49
2026-10-05T10:06:17,AUDJPY,call,MHI_ML_ROUTER,0.87,0.6649,0.2797,1.54,-1.54,77.49
2026-10-05T10:11:09,EURUSD,call,MHI_ML_ROUTER,0.9,0.6211,0.2,1.55,-1.55,70.84
2026-10-05T10:11:10,EURNZD,call,MHI_ML_ROUTER,0.87,0.4895,-0.0973381730187538,1.0,0.85,70.84
2026-10-05T10:11:10,GBPAUD,call,MHI_ML_ROUTER,0.87,0.6217,0.187,1.55,-1.55,70.84
2026-10-05T10:11:10,GBPNZD,call,MHI_ML_ROUTER,0.87,0.5024,-0.06947014297729184,1.0,-1.0,70.84
2026-10-05T10:11:10,AUDCHF,put,MHI_ML_ROUTER,0.87,0.6242,0.1923,1.55,-1.55,70.84
2026-10-05T10:16:21,AUDCAD,call,MHI_ML_ROUTER,0.87,0.6217,0.187,1.45,-1.45,70.98
2026-10-05T10:16:22,AUDNZD,call,MHI_ML_ROUTER,0.87,0.5857,0.1095,1.42,-1.42,70.98
2026-10-05T10:16:22,ETHUSD-OTC,call,MHI_ML_ROUTER,0.87,0.58,0.0972,1.42,1.16,70.98
2026-10-05T10:26:14,GBPCAD,put,MHI_ML_ROUTER,0.87,0.6059,0.1529,1.42,1.21,66.93
2026-10-05T10:26:14,AUDCAD,put,MHI_ML_ROUTER,0.87,0.6085,0.1585,1.42,-1.42,66.93
2026-10-05T10:26:14,AUDNZD,put,MHI_ML_ROUTER,0.87,0.5721,0.0802,1.42,-1.42,66.93
2026-10-05T10:26:14,AUDCHF,put,MHI_ML_ROUTER,0.87,0.6059,0.1529,1.42,-1.42,66.93
2026-10-05T10:26:14,BTCUSD,put,MHI_ML_ROUTER,0.87,0.54,0.0113,1.0,-1.0,66.93
2026-10-05T10:31:12,AUDJPY,call,MHI_ML_ROUTER,0.87,0.6474,0.242,1.34,1.14,62.3
2026-10-05T10:31:12,EURNZD,put,MHI_ML_ROUTER,0.87,0.5026,-0.06920129678750372,1.0,-1.0,62.3
2026-10-05T10:31:12,NZDCAD,call,MHI_ML_ROUTER,0.87,0.5722,0.0805,1.29,1.1,62.3
2026-10-05T10:31:12,BTCUSD,call,MHI_ML_ROUTER,0.87,0.5268,-0.01704513596860102,1.0,-1.0,62.3
2026-10-05T10:36:22,BTCUSD,put,MHI_ML_ROUTER,0.87,0.5143,-0.04400656814449908,1.0,-1.0,63.17
2026-10-05T10:36:22,XAUUSD,put,MHI_ML_ROUTER,0.87,0.5136,-0.045402298850574625,1.0,-1.0,63.17
2026-10-05T10:36:22,EURNZD,call,MHI_ML_ROUTER,0.87,0.49,-0.09620689655172414,1.0,-1.0,63.17
2026-10-05T10:36:22,GBPNZD,call,MHI_ML_ROUTER,0.87,0.4905,-0.09518336070060197,1.0,0.85,63.17
2026-10-05T10:41:21,EURUSD,call,MHI_ML_ROUTER,0.9,0.6051,0.1664,1.3,-1.3,65.97
2026-10-05T10:41:22,AUDUSD,call,MHI_ML_ROUTER,0.87,0.5953,0.1302,1.3,1.11,65.97
2026-10-05T10:41:22,NZDUSD,call,MHI_ML_ROUTER,0.87,0.6571,0.2631,1.3,1.11,65.97
2026-10-05T10:41:22,GBPJPY,call,MHI_ML_ROUTER,0.87,0.6051,0.1513,1.3,1.11,65.97
2026-10-05T10:41:22,GBPAUD,call,MHI_ML_ROUTER,0.87,0.6085,0.1585,1.3,1.11,65.97
2026-10-05T10:41:22,GBPCAD,call,MHI_ML_ROUTER,0.87,0.6171,0.1771,1.3,1.11,65.97
2026-10-05T10:41:23,AUDNZD,put,MHI_ML_ROUTER,0.87,0.5591,0.0523,1.0,-1.0,65.97
2026-10-05T10:46:01,AUDUSD,put,MHI_ML_ROUTER,0.87,0.6045,0.15,1.32,1.12,53.2
2026-10-05T10:46:02,EURGBP,call,MHI_ML_ROUTER,0.87,0.5282,-0.014087827880931289,1.0,-1.0,53.2
2026-10-05T10:46:02,GBPJPY,put,MHI_ML_ROUTER,0.87,0.615,0.1725,1.29,1.1,53.2
2026-10-05T10:46:02,EURNZD,call,MHI_ML_ROUTER,0.87,0.478,-0.1218951499859826,1.0,-1.0,53.2
2026-10-05T10:46:02,GBPCAD,put,MHI_ML_ROUTER,0.87,0.6278,0.1999,1.29,1.1,53.2
2026-10-05T10:46:02,GBPNZD,call,MHI_ML_ROUTER,0.87,0.5023,-0.06971398021919264,1.0,0.0,53.2
2026-10-05T10:46:03,AUDCAD,put,MHI_ML_ROUTER,0.87,0.5958,0.1313,1.29,1.1,53.2
2026-10-05T10:46:03,AUDNZD,call,MHI_ML_ROUTER,0.87,0.5467,0.0256,1.0,-1.0,53.2
2026-10-05T10:46:03,AUDCHF,call,MHI_ML_ROUTER,0.87,0.5886,0.1157,1.29,1.1,53.2
2026-10-05T10:47:03,NZDCAD,put,MHI_ML_ROUTER,0.87,0.5838,0.1054,1.29,-1.29,66.2
2026-10-05T10:47:03,BTCUSD,put,MHI_ML_ROUTER,0.87,0.5023,-0.06971398021919264,1.0,-1.0,66.2
2026-10-05T10:51:15,EURUSD,call,MHI_ML_ROUTER,0.9,0.59,0.1344,1.32,-1.32,59.87
2026-10-05T10:51:15,AUDJPY,put,MHI_ML_ROUTER,0.87,0.6564,0.2615,1.32,1.12,59.87
2026-10-05T10:51:15,GBPAUD,call,MHI_ML_ROUTER,0.87,0.6167,0.1761,1.27,1.08,59.87
2026-10-05T10:51:15,AUDCAD,put,MHI_ML_ROUTER,0.87,0.6041,0.149,1.27,1.08,59.87
2026-10-05T10:51:15,NZDCAD,put,MHI_ML_ROUTER,0.87,0.5684,0.0724,1.15,0.98,59.87
2026-10-05T10:56:02,GBPNZD,put,MHI_ML_ROUTER,0.87,0.4909,-0.09425287356321828,1.0,0.85,62.76
2026-10-05T10:56:03,EURUSD,call,MHI_ML_ROUTER,0.9,0.5756,0.1041,1.38,-1.38,62.76
2026-10-05T10:56:03,AUDUSD,call,MHI_ML_ROUTER,0.87,0.6133,0.1689,1.38,-1.38,62.76
2026-10-05T10:56:03,EURJPY,call,MHI_ML_ROUTER,0.87,0.5857,0.1095,1.31,-1.31,62.76
2026-10-05T10:56:03,AUDJPY,call,MHI_ML_ROUTER,0.87,0.665,0.2799,1.31,-1.31,62.76
2026-10-05T11:01:05,BTCUSD,call,MHI_ML_ROUTER,0.87,0.4909,-0.09425287356321828,1.0,-1.0,62.13
2026-10-05T11:01:06,ETHUSD-OTC,call,MHI_ML_ROUTER,0.87,0.58,0.0972,1.29,-1.29,62.13
2026-10-05T11:01:06,AUDUSD,call,MHI_ML_ROUTER,0.87,0.6,0.1402,1.29,1.1,62.13
2026-10-05T11:02:04,NZDUSD,call,MHI_ML_ROUTER,0.87,0.6651,0.2802,1.29,1.1,62.13
2026-10-05T11:06:04,GBPNZD,put,MHI_ML_ROUTER,0.87,0.5022,-0.0699361430395913,1.0,0.85,60.25
2026-10-05T11:06:04,AUDNZD,put,MHI_ML_ROUTER,0.87,0.5348,0,1.0,0.85,60.25
2026-10-05T11:06:04,BTCUSD,call,MHI_ML_ROUTER,0.87,0.48,-0.11770114942528735,1.0,0.87,60.25
2026-10-05T11:06:05,ETHUSD-OTC,call,MHI_ML_ROUTER,0.87,0.58,0.0972,1.27,-1.27,60.25
2026-10-05T11:11:03,AUDJPY,call,MHI_ML_ROUTER,0.87,0.6488,0.2451,1.32,1.12,61.18
2026-10-05T11:11:03,AUDNZD,put,MHI_ML_ROUTER,0.87,0.5447,0.0213,1.0,-1.0,61.18
2026-10-05T11:11:03,BTCUSD,call,MHI_ML_ROUTER,0.87,0.4913,-0.09340329835082445,1.0,0.87,61.18
2026-10-05T11:11:03,AUDUSD,call,MHI_ML_ROUTER,0.87,0.6085,0.1585,1.32,1.12,61.18
2026-10-05T11:16:16,BTCUSD,put,MHI_ML_ROUTER,0.87,0.5021,-0.0701393983859133,1.0,-1.0,64.25
2026-10-05T11:16:16,GBPAUD,put,MHI_ML_ROUTER,0.87,0.6245,0.1929,1.34,-1.34,64.25
2026-10-05T11:16:17,GBPCAD,put,MHI_ML_ROUTER,0.87,0.6378,0.2216,1.34,-1.34,64.25
2026-10-05T11:21:14,XAUUSD,call,MHI_ML_ROUTER,0.87,0.5022,-0.0699361430395913,1.0,-1.0,58.5
2026-10-05T11:21:14,AUDUSD,put,MHI_ML_ROUTER,0.87,0.6167,0.1761,1.28,1.09,58.5
2026-10-05T11:21:14,EURGBP,put,MHI_ML_ROUTER,0.87,0.515,-0.04247126436781607,1.0,-1.0,58.5
2026-10-05T11:21:14,GBPAUD,call,MHI_ML_ROUTER,0.87,0.612,0.166,1.28,-1.28,58.5
2026-10-05T11:21:15,AUDCAD,put,MHI_ML_ROUTER,0.87,0.612,0.166,1.19,-1.19,58.5
2026-10-05T11:26:15,EURUSD,put,MHI_ML_ROUTER,0.9,0.5619,0.0751,1.14,1.0,66.14
2026-10-05T11:26:15,AUDUSD,put,MHI_ML_ROUTER,0.87,0.6245,0.1929,1.22,1.04,66.14
2026-10-05T11:26:15,EURGBP,put,MHI_ML_ROUTER,0.87,0.5024,-0.06947014297729184,1.0,0.85,66.14
2026-10-05T11:26:15,EURJPY,put,MHI_ML_ROUTER,0.87,0.5721,0.0802,1.22,1.04,66.14
2026-10-05T11:26:15,GBPJPY,put,MHI_ML_ROUTER,0.87,0.6244,0.1927,1.22,1.04,66.14
2026-10-05T11:26:15,AUDJPY,put,MHI_ML_ROUTER,0.87,0.6571,0.2631,1.22,1.04,66.14
2026-10-05T11:26:15,EURNZD,put,MHI_ML_ROUTER,0.87,0.4667,-0.14636015325670493,1.0,0.85,66.14
2026-10-05T11:26:16,GBPAUD,put,MHI_ML_ROUTER,0.87,0.6,0.1402,1.22,-1.22,66.14
2026-10-05T11:26:16,GBPCAD,put,MHI_ML_ROUTER,0.87,0.6211,0.1855,1.22,-1.22,66.14
2026-10-05T11:26:16,GBPNZD,put,MHI_ML_ROUTER,0.87,0.513,-0.046676661669165335,1.0,0.85,66.14
2026-10-05T11:31:20,ETHUSD-OTC,put,MHI_ML_ROUTER,0.87,0.58,0.0972,1.32,1.08,62.15
2026-10-05T11:31:20,XAUUSD,put,MHI_ML_ROUTER,0.87,0.4913,-0.09340329835082445,1.0,0.87,62.15
2026-10-05T11:31:20,EURGBP,put,MHI_ML_ROUTER,0.87,0.5143,-0.04400656814449908,1.0,-1.0,62.15
2026-10-05T11:31:20,EURJPY,put,MHI_ML_ROUTER,0.87,0.5818,0.1011,1.28,-1.28,62.15
2026-10-05T11:31:21,AUDJPY,put,MHI_ML_ROUTER,0.87,0.6651,0.2802,1.28,-1.28,62.15
2026-10-05T11:31:21,GBPAUD,call,MHI_ML_ROUTER,0.87,0.5885,0.1154,1.28,-1.28,62.15
2026-10-05T11:31:21,GBPCAD,put,MHI_ML_ROUTER,0.87,0.6051,0.1513,1.28,1.09,62.15
2026-10-05T11:31:21,GBPNZD,call,MHI_ML_ROUTER,0.87,0.5234,-0.02440694546343857,1.0,-1.0,62.15
2026-10-05T11:31:21,AUDCHF,put,MHI_ML_ROUTER,0.87,0.6,0.1402,1.28,1.09,62.15
2026-10-05T11:32:19,NZDCAD,put,MHI_ML_ROUTER,0.87,0.5795,0.0961,1.28,1.09,66.39
2026-10-05T11:32:19,BTCUSD,put,MHI_ML_ROUTER,0.87,0.4917,-0.09262452107279688,1.0,0.87,66.39
2026-10-05T11:36:19,AUDCAD,call,MHI_ML_ROUTER,0.87,0.6,0.1402,1.33,1.13,60.18
2026-10-05T11:36:20,XAUUSD,call,MHI_ML_ROUTER,0.87,0.5021,-0.0701393983859133,1.0,-1.0,60.18
2026-10-05T11:36:20,EURUSD,call,MHI_ML_ROUTER,0.9,0.5721,0.0966,1.33,1.17,60.18
2026-10-05T11:36:20,EURJPY,call,MHI_ML_ROUTER,0.87,0.5689,0.0734,1.22,1.04,60.18
2026-10-05T11:36:20,AUDJPY,call,MHI_ML_ROUTER,0.87,0.65,0.2477,1.33,1.13,60.18
2026-10-05T11:41:15,EURUSD,put,MHI_ML_ROUTER,0.9,0.5818,0.1172,1.4,-1.4,67.7
2026-10-05T11:41:15,EURGBP,put,MHI_ML_ROUTER,0.87,0.5023,-0.06971398021919264,1.0,0.85,67.7
2026-10-05T11:41:15,EURJPY,put,MHI_ML_ROUTER,0.87,0.5783,0.0935,1.4,1.19,67.7
2026-10-05T11:41:15,NZDCAD,put,MHI_ML_ROUTER,0.87,0.59,0.1187,1.4,-1.4,67.7
2026-10-05T11:42:14,ETHUSD-OTC,call,MHI_ML_ROUTER,0.87,0.58,0.0972,1.4,-1.4,67.7
2026-10-05T11:46:16,EURUSD,put,MHI_ML_ROUTER,0.9,0.5689,0.0899,1.35,-1.35,60.38
2026-10-05T11:46:17,GBPJPY,put,MHI_ML_ROUTER,0.87,0.6333,0.2119,1.35,1.15,60.38
2026-10-05T11:46:17,GBPAUD,put,MHI_ML_ROUTER,0.87,0.5774,0.0916,1.35,1.15,60.38
2026-10-05T11:46:17,GBPCAD,put,MHI_ML_ROUTER,0.87,0.615,0.1725,1.27,-1.27,60.38
2026-10-05T11:46:17,GBPNZD,put,MHI_ML_ROUTER,0.87,0.5125,-0.04784482758620673,1.0,-1.0,60.38
2026-10-05T11:46:17,XAUUSD,call,MHI_ML_ROUTER,0.87,0.4917,-0.09262452107279688,1.0,0.87,60.38
2026-10-05T11:51:06,GBPNZD,put,MHI_ML_ROUTER,0.87,0.502,-0.07032606145906631,1.0,-1.0,63.91
2026-10-05T11:51:06,AUDCAD,call,MHI_ML_ROUTER,0.87,0.6077,0.1568,1.34,-1.34,63.91
2026-10-05T11:51:06,NZDCAD,call,MHI_ML_ROUTER,0.87,0.5756,0.0878,1.34,0.0,63.91
2026-10-05T11:51:06,XAUUSD,call,MHI_ML_ROUTER,0.87,0.502,-0.07032606145906631,1.0,-1.0,63.91
2026-10-05T11:56:18,AUDNZD,put,MHI_ML_ROUTER,0.87,0.5333,-0.0030651340996169034,1.0,-1.0,61.54
2026-10-05T11:56:18,AUDCHF,call,MHI_ML_ROUTER,0.87,0.6108,0.1635,1.28,1.09,61.54
2026-10-05T11:56:19,NZDUSD,call,MHI_ML_ROUTER,0.87,0.6727,0.2966,1.23,-1.23,61.54
2026-10-05T11:56:19,AUDJPY,call,MHI_ML_ROUTER,0.87,0.6578,0.2644,1.23,-1.23,61.54
2026-10-05T12:01:07,EURNZD,put,MHI_ML_ROUTER,0.87,0.4791,-0.1197006148088746,1.0,0.85,63.24
2026-10-05T12:01:08,AUDNZD,put,MHI_ML_ROUTER,0.87,0.5224,-0.02646023926812095,1.0,0.85,63.24
2026-10-05T12:06:03,GBPJPY,call,MHI_ML_ROUTER,0.87,0.6419,0.2302,1.26,1.07,56.53
2026-10-05T12:06:03,AUDJPY,call,MHI_ML_ROUTER,0.87,0.6435,0.2337,1.26,1.07,56.53
2026-10-05T12:06:03,EURNZD,call,MHI_ML_ROUTER,0.87,0.4909,-0.09425287356321828,1.0,-1.0,56.53
2026-10-05T12:06:04,GBPNZD,call,MHI_ML_ROUTER,0.87,0.492,-0.09190804597701147,1.0,-1.0,56.53
2026-10-05T12:06:04,BTCUSD,call,MHI_ML_ROUTER,0.87,0.502,-0.07032606145906631,1.0,0.87,56.53
2026-10-05T12:06:04,ETHUSD-OTC,call,MHI_ML_ROUTER,0.87,0.58,0.0972,1.19,0.98,56.53
2026-10-05T12:11:19,GBPNZD,call,MHI_ML_ROUTER,0.87,0.4824,-0.11264367816091946,1.0,-1.0,63.1
2026-10-05T12:11:19,AUDCAD,put,MHI_ML_ROUTER,0.87,0.5962,0.1321,1.3,1.11,63.1
2026-10-05T12:11:19,NZDCAD,put,MHI_ML_ROUTER,0.87,0.5619,0.0583,1.0,-1.0,63.1
2026-10-05T12:11:20,GBPAUD,call,MHI_ML_ROUTER,0.87,0.5852,0.1084,1.24,-1.24,63.1
2026-10-05T12:16:11,AUDUSD,put,MHI_ML_ROUTER,0.87,0.632,0.209,1.26,1.07,65.24
2026-10-05T12:16:12,AUDCHF,put,MHI_ML_ROUTER,0.87,0.6211,0.1855,1.26,1.07,65.24
2026-10-05T12:21:05,NZDUSD,call,MHI_ML_ROUTER,0.87,0.6578,0.2644,1.3,-1.3,59.64
2026-10-05T12:21:06,EURGBP,put,MHI_ML_ROUTER,0.87,0.5136,-0.045402298850574625,1.0,-1.0,59.64
2026-10-05T12:21:06,GBPAUD,call,MHI_ML_ROUTER,0.87,0.5745,0.0855,1.3,-1.3,59.64
2026-10-05T12:21:06,GBPNZD,call,MHI_ML_ROUTER,0.87,0.4731,-0.13258178603006174,1.0,-1.0,59.64
2026-10-05T12:21:06,XAUUSD,call,MHI_ML_ROUTER,0.87,0.492,-0.09190804597701147,1.0,0.87,59.64
2026-10-05T12:26:01,GBPNZD,call,MHI_ML_ROUTER,0.87,0.4642,-0.15176751247018,1.0,0.85,56.51
2026-10-05T12:26:01,AUDNZD,put,MHI_ML_ROUTER,0.87,0.532,-0.0059310344827585544,1.0,-1.0,56.51
2026-10-05T12:26:01,BTCUSD,call,MHI_ML_ROUTER,0.87,0.512,-0.04891954022988504,1.0,0.87,56.51
2026-10-05T12:26:01,EURGBP,put,MHI_ML_ROUTER,0.87,0.5022,-0.0699361430395913,1.0,-1.0,56.51
2026-10-05T12:26:01,EURNZD,put,MHI_ML_ROUTER,0.87,0.48,-0.11770114942528735,1.0,-1.0,56.51
2026-10-05T12:31:02,AUDCAD,put,MHI_ML_ROUTER,0.87,0.6037,0.1482,1.2,1.02,61.12
2026-10-05T12:31:02,AUDNZD,call,MHI_ML_ROUTER,0.87,0.5216,-0.028352490421455878,1.0,-1.0,61.12
2026-10-05T12:31:02,XAUUSD,call,MHI_ML_ROUTER,0.87,0.502,-0.07049808429118776,1.0,0.87,61.12
2026-10-05T12:36:01,XAUUSD,put,MHI_ML_ROUTER,0.87,0.5115,-0.0499115826702032,1.0,-1.0,60.12
2026-10-05T12:41:20,AUDCAD,call,MHI_ML_ROUTER,0.87,0.6109,0.1637,1.2,-1.2,59.81
2026-10-05T12:41:21,AUDCHF,call,MHI_ML_ROUTER,0.87,0.6308,0.2064,1.2,1.02,59.81
2026-10-05T12:41:21,NZDCAD,call,MHI_ML_ROUTER,0.87,0.5488,0.0303,1.0,-1.0,59.81
2026-10-05T12:41:21,BTCUSD,call,MHI_ML_ROUTER,0.87,0.5216,-0.028352490421455878,1.0,0.87,59.81
2026-10-05T12:46:06,GBPCAD,call,MHI_ML_ROUTER,0.87,0.6,0.1402,1.2,1.02,54.11
2026-10-05T12:46:06,AUDCAD,call,MHI_ML_ROUTER,0.87,0.6,0.1402,1.2,1.02,54.11
2026-10-05T12:46:06,AUDNZD,call,MHI_ML_ROUTER,0.87,0.5115,-0.0499115826702032,1.0,-1.0,54.11
2026-10-05T12:46:06,AUDCHF,call,MHI_ML_ROUTER,0.87,0.64,0.2262,1.2,-1.2,54.11
2026-10-05T12:46:06,AUDUSD,call,MHI_ML_ROUTER,0.87,0.6392,0.2245,1.1,0.94,54.11
2026-10-05T12:51:09,NZDUSD,call,MHI_ML_ROUTER,0.87,0.6435,0.2337,1.21,-1.21,55.0
2026-10-05T12:51:10,GBPCAD,call,MHI_ML_ROUTER,0.87,0.6095,0.1607,1.19,-1.19,55.0
2026-10-05T12:51:10,NZDCAD,call,MHI_ML_ROUTER,0.87,0.5364,0.0034,1.0,-1.0,55.0
2026-10-05T12:51:10,ETHUSD-OTC,call,MHI_ML_ROUTER,0.87,0.58,0.0972,1.19,-1.19,55.0
2026-10-05T12:51:10,XAUUSD,call,MHI_ML_ROUTER,0.87,0.5019,-0.07065712426805468,1.0,-1.0,55.0
2026-10-05T12:56:13,EURUSD,put,MHI_ML_ROUTER,0.9,0.5565,0.0638,1.0,0.88,50.9
2026-10-05T12:56:13,AUDCAD,call,MHI_ML_ROUTER,0.87,0.607,0.1553,1.1,0.94,50.9
2026-10-05T12:56:14,AUDNZD,call,MHI_ML_ROUTER,0.87,0.5019,-0.07065712426805468,1.0,0.85,50.9
2026-10-05T12:56:14,XAUUSD,put,MHI_ML_ROUTER,0.87,0.4926,-0.09063431247339279,1.0,-1.0,50.9
2026-10-05T13:01:11,NZDUSD,call,MHI_ML_ROUTER,0.87,0.6298,0.2043,1.13,-1.13,54.41
2026-10-05T13:01:11,GBPCAD,call,MHI_ML_ROUTER,0.87,0.5953,0.1302,1.13,-1.13,54.41
2026-10-05T13:06:02,ETHUSD-OTC,put,MHI_ML_ROUTER,0.87,0.58,0.0972,1.09,-1.09,50.32
2026-10-05T13:06:02,EURGBP,call,MHI_ML_ROUTER,0.87,0.4913,-0.09340329835082445,1.0,-1.0,50.32
2026-10-05T13:07:00,GBPNZD,put,MHI_ML_ROUTER,0.87,0.4741,-0.13043848446147294,1.0,0.85,50.32
2026-10-05T13:11:08,EURGBP,put,MHI_ML_ROUTER,0.87,0.4809,-0.1158718513083883,1.0,0.85,44.17
2026-10-05T13:11:08,EURNZD,call,MHI_ML_ROUTER,0.87,0.4696,-0.14012993503248383,1.0,-1.0,44.17
2026-10-05T13:11:08,GBPNZD,call,MHI_ML_ROUTER,0.87,0.4836,-0.10988505747126438,1.0,0.85,44.17
2026-10-05T13:11:08,AUDCAD,put,MHI_ML_ROUTER,0.87,0.6138,0.1699,1.0,-1.0,44.17
2026-10-05T13:11:09,AUDNZD,call,MHI_ML_ROUTER,0.87,0.5111,-0.050830140485312765,1.0,0.85,44.17
2026-10-05T13:11:09,NZDCAD,put,MHI_ML_ROUTER,0.87,0.5244,-0.02217113665389517,1.0,0.0,44.17
2026-10-05T13:11:09,BTCUSD,put,MHI_ML_ROUTER,0.87,0.5308,-0.008576480990274096,1.0,0.87,44.17
2026-10-05T13:11:09,ETHUSD-OTC,put,MHI_ML_ROUTER,0.87,0.58,0.0972,1.0,0.82,44.17
2026-10-05T13:16:10,GBPCAD,call,MHI_ML_ROUTER,0.87,0.5818,0.1011,1.09,0.93,49.18
2026-10-05T13:16:11,AUDCAD,call,MHI_ML_ROUTER,0.87,0.6034,0.1475,1.07,0.91,49.18
2026-10-05T13:16:11,NZDCAD,call,MHI_ML_ROUTER,0.87,0.513,-0.046676661669165335,1.0,0.85,49.18
2026-10-05T13:16:11,BTCUSD,call,MHI_ML_ROUTER,0.87,0.5396,0.0105,1.0,-1.0,49.18
2026-10-05T13:16:11,ETHUSD-OTC,call,MHI_ML_ROUTER,0.87,0.58,0.0972,1.07,0.88,49.18
2026-10-05T13:21:11,GBPJPY,put,MHI_ML_ROUTER,0.87,0.65,0.2477,1.14,0.97,57.92
2026-10-05T13:21:11,GBPCAD,put,MHI_ML_ROUTER,0.87,0.5911,0.1211,1.14,0.97,57.92
2026-10-05T13:21:11,BTCUSD,call,MHI_ML_ROUTER,0.87,0.5296,-0.011025968497232806,1.0,-1.0,57.92
2026-10-05T13:26:07,AUDUSD,call,MHI_ML_ROUTER,0.87,0.6462,0.2394,1.16,0.99,52.44
2026-10-05T13:26:07,AUDJPY,call,MHI_ML_ROUTER,0.87,0.6511,0.25,1.16,0.99,52.44
2026-10-05T13:26:08,GBPAUD,put,MHI_ML_ROUTER,0.87,0.5643,0.0635,1.0,0.85,52.44
2026-10-05T13:26:08,GBPCAD,put,MHI_ML_ROUTER,0.87,0.6,0.1402,1.16,0.99,52.44
2026-10-05T13:26:08,NZDCAD,call,MHI_ML_ROUTER,0.87,0.5234,-0.02440694546343857,1.0,0.85,52.44
2026-10-05T13:31:07,NZDUSD,call,MHI_ML_ROUTER,0.87,0.6167,0.1761,1.25,-1.25,56.46
2026-10-05T13:31:07,EURGBP,put,MHI_ML_ROUTER,0.87,0.4917,-0.09262452107279688,1.0,0.85,56.46
2026-10-05T13:31:08,GBPJPY,call,MHI_ML_ROUTER,0.87,0.6578,0.2644,1.25,-1.25,56.46
2026-10-05T13:31:08,GBPAUD,call,MHI_ML_ROUTER,0.87,0.5719,0.0799,1.25,1.06,56.46
2026-10-05T13:31:08,GBPCAD,call,MHI_ML_ROUTER,0.87,0.6085,0.1585,1.25,-1.25,56.46
2026-10-05T13:31:08,GBPNZD,call,MHI_ML_ROUTER,0.87,0.4929,-0.09006568144499172,1.0,-1.0,56.46
2026-10-05T13:31:09,BTCUSD,put,MHI_ML_ROUTER,0.87,0.52,-0.031724137931034437,1.0,0.87,56.46
2026-10-05T13:36:01,GBPAUD,call,MHI_ML_ROUTER,0.87,0.5793,0.0958,1.21,1.03,56.03
2026-10-05T13:36:02,ETHUSD-OTC,put,MHI_ML_ROUTER,0.87,0.58,0.0972,1.19,0.98,56.03
2026-10-05T13:36:02,XAUUSD,call,MHI_ML_ROUTER,0.87,0.4836,-0.10988505747126438,1.0,-1.0,56.03
2026-10-05T13:36:02,EURUSD,call,MHI_ML_ROUTER,0.9,0.566,0.0837,1.19,-1.19,56.03
2026-10-05T13:41:18,AUDCHF,call,MHI_ML_ROUTER,0.87,0.6244,0.1927,1.21,1.03,53.74
2026-10-05T13:41:18,NZDCAD,call,MHI_ML_ROUTER,0.87,0.5333,-0.0030651340996169034,1.0,-1.0,53.74
2026-10-05T13:41:19,NZDUSD,call,MHI_ML_ROUTER,0.87,0.6041,0.149,1.21,1.03,53.74
2026-10-05T13:41:19,GBPCAD,call,MHI_ML_ROUTER,0.87,0.5958,0.1313,1.14,0.97,53.74
2026-10-05T13:41:19,GBPNZD,call,MHI_ML_ROUTER,0.87,0.4842,-0.10865093768905028,1.0,0.85,53.74
2026-10-05T13:41:19,AUDCAD,call,MHI_ML_ROUTER,0.87,0.61,0.1617,1.14,0.97,53.74
2026-10-05T13:46:18,NZDCAD,call,MHI_ML_ROUTER,0.87,0.5224,-0.02646023926812095,1.0,-1.0,63.61
2026-10-05T13:46:18,XAUUSD,call,MHI_ML_ROUTER,0.87,0.475,-0.12844827586206886,1.0,-1.0,63.61
2026-10-05T13:46:18,EURGBP,put,MHI_ML_ROUTER,0.87,0.502,-0.07032606145906631,1.0,0.85,63.61
2026-10-05T13:46:18,GBPAUD,call,MHI_ML_ROUTER,0.87,0.5864,0.1111,1.29,1.1,63.61
2026-10-05T13:46:19,GBPCAD,call,MHI_ML_ROUTER,0.87,0.6041,0.149,1.29,-1.29,63.61
2026-10-05T13:46:19,GBPNZD,call,MHI_ML_ROUTER,0.87,0.4931,-0.0895362663495838,1.0,0.85,63.61
2026-10-05T13:46:19,AUDCAD,call,MHI_ML_ROUTER,0.87,0.6164,0.1755,1.29,-1.29,63.61
2026-10-05T13:46:19,AUDCHF,put,MHI_ML_ROUTER,0.87,0.6333,0.2119,1.29,1.1,63.61
2026-10-05T13:56:19,NZDCAD,put,MHI_ML_ROUTER,0.87,0.512,-0.04891954022988504,1.0,-1.0,58.07
2026-10-05T13:56:19,BTCUSD,call,MHI_ML_ROUTER,0.87,0.5286,-0.013300492610837432,1.0,0.88,58.07
2026-10-05T13:56:19,ETHUSD-OTC,call,MHI_ML_ROUTER,0.87,0.58,0.0972,1.27,-1.27,58.07
2026-10-05T13:56:20,GBPJPY,put,MHI_ML_ROUTER,0.87,0.6435,0.2337,1.27,1.08,58.07
2026-10-05T13:56:20,AUDNZD,call,MHI_ML_ROUTER,0.87,0.52,-0.031724137931034437,1.0,0.85,58.07
2026-10-05T14:01:01,AUDNZD,call,MHI_ML_ROUTER,0.87,0.5286,-0.013300492610837432,1.0,0.85,58.39
2026-10-05T14:01:01,AUDCHF,put,MHI_ML_ROUTER,0.87,0.6419,0.2302,1.28,-1.28,58.39
2026-10-05T14:01:01,AUDUSD,put,MHI_ML_ROUTER,0.87,0.6528,0.2538,1.24,1.05,58.39
2026-10-05T14:01:01,NZDUSD,put,MHI_ML_ROUTER,0.87,0.612,0.166,1.24,1.05,58.39
2026-10-05T14:01:01,EURGBP,call,MHI_ML_ROUTER,0.87,0.512,-0.04891954022988504,1.0,0.85,58.39
2026-10-05T14:06:09,NZDUSD,put,MHI_ML_ROUTER,0.87,0.6196,0.1824,1.33,-1.33,62.03
2026-10-05T14:06:09,NZDCAD,put,MHI_ML_ROUTER,0.87,0.502,-0.07049808429118776,1.0,-1.0,62.03
2026-10-05T14:06:09,BTCUSD,call,MHI_ML_ROUTER,0.87,0.5368,0.0045,1.0,0.88,62.03
2026-10-05T14:06:10,ETHUSD-OTC,call,MHI_ML_ROUTER,0.87,0.58,0.0972,1.31,-1.31,62.03
2026-10-05T14:11:21,AUDCHF,put,MHI_ML_ROUTER,0.87,0.6273,0.1989,1.28,-1.28,61.63
2026-10-05T14:11:21,BTCUSD,put,MHI_ML_ROUTER,0.87,0.5448,0.0216,1.0,0.88,61.63
2026-10-05T14:16:05,AUDCAD,call,MHI_ML_ROUTER,0.87,0.6065,0.1541,1.27,-1.27,59.97
2026-10-05T14:16:06,EURUSD,put,MHI_ML_ROUTER,0.9,0.5542,0.0588,1.0,0.88,59.97
2026-10-05T14:16:06,AUDUSD,put,MHI_ML_ROUTER,0.87,0.6593,0.2676,1.27,1.08,59.97
2026-10-05T14:21:06,NZDUSD,put,MHI_ML_ROUTER,0.87,0.6077,0.1568,1.28,-1.28,59.66
2026-10-05T14:21:06,GBPNZD,call,MHI_ML_ROUTER,0.87,0.5017,-0.07106954997077738,1.0,-1.0,59.66
2026-10-05T14:21:07,BTCUSD,call,MHI_ML_ROUTER,0.87,0.5525,0.0382,1.0,-1.0,59.66
2026-10-05T14:21:07,ETHUSD-OTC,call,MHI_ML_ROUTER,0.87,0.58,0.0972,1.26,-1.26,59.66
2026-10-05T14:26:13,AUDUSD,call,MHI_ML_ROUTER,0.87,0.6655,0.2809,1.19,-1.19,52.85
2026-10-05T14:26:13,NZDUSD,call,MHI_ML_ROUTER,0.87,0.5962,0.1321,1.19,1.01,52.85
2026-10-05T14:26:13,AUDJPY,call,MHI_ML_ROUTER,0.87,0.6583,0.2656,1.19,-1.19,52.85
2026-10-05T14:26:13,AUDCAD,call,MHI_ML_ROUTER,0.87,0.5968,0.1334,1.12,0.95,52.85
2026-10-05T14:26:14,NZDCAD,call,MHI_ML_ROUTER,0.87,0.4923,-0.09124668435013257,1.0,0.85,52.85
2026-10-05T14:26:14,ETHUSD-OTC,call,MHI_ML_ROUTER,0.87,0.58,0.0972,1.12,-1.12,52.85
2026-10-05T14:31:20,NZDCAD,call,MHI_ML_ROUTER,0.87,0.5019,-0.07065712426805468,1.0,-1.0,54.79
2026-10-05T14:31:20,ETHUSD-OTC,call,MHI_ML_ROUTER,0.87,0.58,0.0972,1.18,0.97,54.79
2026-10-05T14:31:20,XAUUSD,call,MHI_ML_ROUTER,0.87,0.4667,-0.14636015325670493,1.0,-1.0,54.79
2026-10-05T14:31:21,EURGBP,put,MHI_ML_ROUTER,0.87,0.5216,-0.028352490421455878,1.0,0.85,54.79
2026-10-05T14:36:08,AUDUSD,call,MHI_ML_ROUTER,0.87,0.6536,0.2554,1.18,-1.18,53.17
2026-10-05T14:36:08,NZDUSD,call,MHI_ML_ROUTER,0.87,0.6037,0.1482,1.15,-1.15,53.17
2026-10-05T14:36:08,AUDJPY,call,MHI_ML_ROUTER,0.87,0.6449,0.2367,1.15,-1.15,53.17
2026-10-05T14:36:09,AUDCHF,call,MHI_ML_ROUTER,0.87,0.6133,0.1689,1.15,0.98,53.17
2026-10-05T14:36:09,NZDCAD,call,MHI_ML_ROUTER,0.87,0.4926,-0.09063431247339279,1.0,-1.0,53.17
2026-10-05T14:36:09,XAUUSD,call,MHI_ML_ROUTER,0.87,0.4586,-0.16365437970669833,1.0,-1.0,53.17
2026-10-05T14:36:09,EURUSD,call,MHI_ML_ROUTER,0.9,0.5633,0.078,1.12,-1.12,53.17
2026-10-05T14:41:04,NZDCAD,put,MHI_ML_ROUTER,0.87,0.4836,-0.10988505747126438,1.0,-1.0,51.11
2026-10-05T14:41:04,ETHUSD-OTC,call,MHI_ML_ROUTER,0.87,0.58,0.0972,1.06,0.87,51.11
2026-10-05T14:46:01,EURNZD,put,MHI_ML_ROUTER,0.87,0.4596,-0.16160430423086322,1.0,-1.0,47.92
2026-10-05T14:46:02,GBPAUD,put,MHI_ML_ROUTER,0.87,0.5933,0.1259,1.06,0.9,47.92
2026-10-05T14:46:02,GBPNZD,put,MHI_ML_ROUTER,0.87,0.4933,-0.08904214559386962,1.0,0.85,47.92
2026-10-05T14:46:02,AUDNZD,call,MHI_ML_ROUTER,0.87,0.5368,0.0045,1.0,0.85,47.92
2026-10-05T14:46:02,AUDCHF,call,MHI_ML_ROUTER,0.87,0.6217,0.187,1.06,-1.06,47.92
2026-10-05T14:51:20,GBPCAD,call,MHI_ML_ROUTER,0.87,0.592,0.123,1.07,-1.07,52.27
2026-10-05T14:51:20,GBPNZD,call,MHI_ML_ROUTER,0.87,0.5016,-0.07118899566610142,1.0,-1.0,52.27
2026-10-05T14:51:20,AUDCAD,call,MHI_ML_ROUTER,0.87,0.6031,0.1469,1.07,0.91,52.27
2026-10-05T14:51:20,AUDNZD,call,MHI_ML_ROUTER,0.87,0.5448,0.0216,1.0,-1.0,52.27
2026-10-05T14:51:21,EURNZD,call,MHI_ML_ROUTER,0.87,0.45,-0.18218390804597703,1.0,0.85,52.27
2026-10-05T15:11:14,BTCUSD,call,MHI_ML_ROUTER,0.87,0.5433,0.0184,1.0,0.88,48.22
2026-10-05T15:11:15,EURUSD,call,MHI_ML_ROUTER,0.9,0.552,0.0542,1.0,0.88,48.22
2026-10-05T15:11:15,EURGBP,put,MHI_ML_ROUTER,0.87,0.5308,-0.008576480990274096,1.0,0.85,48.22
2026-10-05T15:11:15,GBPJPY,call,MHI_ML_ROUTER,0.87,0.6511,0.25,1.05,0.89,48.22
2026-10-05T15:16:02,GBPAUD,call,MHI_ML_ROUTER,0.87,0.6,0.1402,1.12,-1.12,51.53
2026-10-05T15:16:02,GBPNZD,call,MHI_ML_ROUTER,0.87,0.4935,-0.08857990359658867,1.0,-1.0,51.53
2026-10-05T15:16:02,NZDUSD,call,MHI_ML_ROUTER,0.87,0.5927,0.1246,1.12,-1.12,51.53
2026-10-05T15:16:02,EURGBP,put,MHI_ML_ROUTER,0.87,0.5396,0.0105,1.0,0.85,51.53
2026-10-05T15:21:02,EURUSD,put,MHI_ML_ROUTER,0.9,0.5608,0.0728,1.0,-1.0,50.33
2026-10-05T15:21:02,GBPJPY,call,MHI_ML_ROUTER,0.87,0.6583,0.2656,1.05,0.89,50.33
2026-10-05T15:21:02,XAUUSD,put,MHI_ML_ROUTER,0.87,0.4508,-0.18036236119228521,1.0,0.87,50.33
2026-10-05T15:31:02,EURGBP,call,MHI_ML_ROUTER,0.87,0.5481,0.0288,1.0,0.85,53.99
2026-10-05T15:31:02,GBPNZD,call,MHI_ML_ROUTER,0.87,0.4857,-0.10541871921182264,1.0,-1.0,53.99
2026-10-05T15:36:03,EURGBP,put,MHI_ML_ROUTER,0.87,0.5564,0.0464,1.0,0.85,48.81
2026-10-05T15:36:03,GBPJPY,call,MHI_ML_ROUTER,0.87,0.6653,0.2806,1.08,0.92,48.81
2026-10-05T15:36:04,GBPAUD,call,MHI_ML_ROUTER,0.87,0.5903,0.1194,1.08,0.92,48.81
2026-10-05T15:36:04,GBPCAD,call,MHI_ML_ROUTER,0.87,0.5804,0.0981,1.02,-1.02,48.81
2026-10-05T15:36:04,GBPNZD,call,MHI_ML_ROUTER,0.87,0.4781,-0.12173132183908043,1.0,0.85,48.81
2026-10-05T15:41:12,EURGBP,call,MHI_ML_ROUTER,0.87,0.5643,0.0635,1.0,-1.0,53.38
2026-10-05T15:41:12,GBPJPY,put,MHI_ML_ROUTER,0.87,0.672,0.295,1.13,-1.13,53.38
2026-10-05T15:41:12,EURNZD,put,MHI_ML_ROUTER,0.87,0.4612,-0.1580577058409571,1.0,0.85,53.38
2026-10-05T15:46:14,AUDCHF,call,MHI_ML_ROUTER,0.87,0.6085,0.1585,1.1,-1.1,51.93
2026-10-05T15:46:14,AUDUSD,call,MHI_ML_ROUTER,0.87,0.6421,0.2307,1.1,-1.1,51.93
2026-10-05T15:46:14,NZDUSD,call,MHI_ML_ROUTER,0.87,0.5821,0.1018,1.1,-1.1,51.93
2026-10-05T15:51:02,EURNZD,put,MHI_ML_ROUTER,0.87,0.472,-0.13489655172413795,1.0,-1.0,47.91
2026-10-05T15:51:02,BTCUSD,call,MHI_ML_ROUTER,0.87,0.5508,0.0345,1.0,-1.0,47.91
2026-10-05T15:51:02,ETHUSD-OTC,call,MHI_ML_ROUTER,0.87,0.58,0.0972,1.02,-1.02,47.91
2026-10-05T15:51:02,EURUSD,call,MHI_ML_ROUTER,0.9,0.55,0.05,1.0,0.88,47.91
2026-10-05T15:56:07,EURUSD,call,MHI_ML_ROUTER,0.9,0.5585,0.0679,1.0,-1.0,46.79
2026-10-05T15:56:07,EURGBP,put,MHI_ML_ROUTER,0.87,0.5544,0.0422,1.0,0.85,46.79
2026-10-05T15:56:07,EURNZD,call,MHI_ML_ROUTER,0.87,0.4627,-0.15478927203065126,1.0,-1.0,46.79
2026-10-05T16:01:17,EURUSD,call,MHI_ML_ROUTER,0.9,0.5481,0.0461,1.0,-1.0,44.64
2026-10-05T16:01:18,AUDUSD,call,MHI_ML_ROUTER,0.87,0.631,0.2069,1.0,-1.0,44.64
2026-10-05T16:01:18,EURJPY,call,MHI_ML_ROUTER,0.87,0.5872,0.1128,1.0,0.85,44.64
2026-10-05T16:01:18,GBPJPY,call,MHI_ML_ROUTER,0.87,0.6588,0.2667,1.0,-1.0,44.64
2026-10-05T16:06:11,AUDUSD,call,MHI_ML_ROUTER,0.87,0.6203,0.1839,1.0,-1.0,45.22
2026-10-05T16:06:11,NZDUSD,call,MHI_ML_ROUTER,0.87,0.5719,0.0799,1.0,-1.0,45.22
2026-10-05T16:06:12,EURGBP,put,MHI_ML_ROUTER,0.87,0.5621,0.0587,1.0,0.85,45.22
2026-10-05T16:06:12,BTCUSD,call,MHI_ML_ROUTER,0.87,0.5419,0.0154,1.0,0.88,45.22
2026-10-05T16:06:12,XAUUSD,call,MHI_ML_ROUTER,0.87,0.46,-0.16068965517241385,1.0,-1.0,45.22
2026-10-05T16:11:02,EURNZD,put,MHI_ML_ROUTER,0.87,0.4538,-0.17391688770999103,1.0,0.85,39.22
2026-10-05T16:11:02,GBPAUD,put,MHI_ML_ROUTER,0.87,0.5968,0.1334,1.0,0.85,39.22
2026-10-05T16:11:02,GBPCAD,put,MHI_ML_ROUTER,0.87,0.5692,0.0741,1.0,0.85,39.22
2026-10-05T16:11:03,GBPNZD,put,MHI_ML_ROUTER,0.87,0.4862,-0.10447391688770996,1.0,0.85,39.22
2026-10-05T16:11:03,NZDUSD,call,MHI_ML_ROUTER,0.87,0.5621,0.0587,1.0,-1.0,39.22
2026-10-05T16:11:03,EURGBP,call,MHI_ML_ROUTER,0.87,0.5695,0.0747,1.0,-1.0,39.22
2026-10-05T16:16:01,BTCUSD,call,MHI_ML_ROUTER,0.87,0.5492,0.0311,1.0,-1.0,45.62
2026-10-05T16:21:17,GBPCAD,call,MHI_ML_ROUTER,0.87,0.5774,0.0916,1.0,0.85,46.2
2026-10-05T16:21:17,AUDCHF,call,MHI_ML_ROUTER,0.87,0.5958,0.1313,1.0,-1.0,46.2
2026-10-05T16:21:17,EURUSD,call,MHI_ML_ROUTER,0.9,0.5382,0.0251,1.0,0.88,46.2
2026-10-05T16:21:18,AUDUSD,call,MHI_ML_ROUTER,0.87,0.61,0.1617,1.0,-1.0,46.2
2026-10-05T16:21:18,NZDUSD,call,MHI_ML_ROUTER,0.87,0.5525,0.0382,1.0,0.85,46.2
2026-10-05T16:26:11,AUDCHF,put,MHI_ML_ROUTER,0.87,0.5837,0.1051,1.0,-1.0,43.2
2026-10-05T16:26:11,EURUSD,call,MHI_ML_ROUTER,0.9,0.5464,0.0425,1.0,-1.0,43.2
2026-10-05T16:26:11,EURJPY,call,MHI_ML_ROUTER,0.87,0.5958,0.1313,1.0,-1.0,43.2
2026-10-05T16:36:19,NZDUSD,call,MHI_ML_ROUTER,0.87,0.56,0.0543,1.0,0.85,39.2
2026-10-05T16:36:19,EURNZD,put,MHI_ML_ROUTER,0.87,0.4642,-0.15176751247018,1.0,-1.0,39.2
2026-10-05T16:36:19,ETHUSD-OTC,put,MHI_ML_ROUTER,0.87,0.58,0.0972,1.0,-1.0,39.2
2026-10-05T16:36:20,AUDUSD,call,MHI_ML_ROUTER,0.87,0.6,0.1402,1.0,0.85,39.2
2026-10-05T16:41:18,EURJPY,put,MHI_ML_ROUTER,0.87,0.5837,0.1051,1.0,-1.0,35.9
2026-10-05T16:41:18,GBPJPY,put,MHI_ML_ROUTER,0.87,0.6462,0.2394,1.0,-1.0,35.9
2026-10-05T16:41:18,GBPAUD,put,MHI_ML_ROUTER,0.87,0.6031,0.1469,1.0,-1.0,35.9
2026-10-05T16:41:19,GBPCAD,put,MHI_ML_ROUTER,0.87,0.5852,0.1084,1.0,0.85,35.9
2026-10-05T16:41:19,EURUSD,put,MHI_ML_ROUTER,0.9,0.5368,0.0222,1.0,0.88,35.9
2026-10-05T16:41:19,AUDUSD,put,MHI_ML_ROUTER,0.87,0.6065,0.1541,1.0,0.85,35.9
2026-10-05T16:41:19,NZDUSD,put,MHI_ML_ROUTER,0.87,0.5672,0.0698,1.0,-1.0,35.9
2026-10-05T16:46:19,GBPJPY,put,MHI_ML_ROUTER,0.87,0.634,0.2132,1.0,0.85,45.7
2026-10-05T16:46:19,EURNZD,call,MHI_ML_ROUTER,0.87,0.4556,-0.17024265644955291,1.0,0.85,45.7
2026-10-05T16:46:20,GBPAUD,put,MHI_ML_ROUTER,0.87,0.5938,0.127,1.0,0.85,45.7
2026-10-05T16:46:20,ETHUSD-OTC,call,MHI_ML_ROUTER,0.87,0.58,0.0972,1.0,0.82,45.7
2026-10-05T16:46:20,NZDUSD,put,MHI_ML_ROUTER,0.87,0.5581,0.0501,1.0,0.85,45.7
2026-10-05T16:51:02,EURGBP,call,MHI_ML_ROUTER,0.87,0.56,0.0543,1.0,-1.0,40.7
2026-10-05T16:51:02,EURJPY,call,MHI_ML_ROUTER,0.87,0.572,0.08,1.0,-1.0,40.7
2026-10-05T16:51:03,EURNZD,call,MHI_ML_ROUTER,0.87,0.4655,-0.1489655172413793,1.0,-1.0,40.7
2026-10-05T16:51:03,AUDCHF,call,MHI_ML_ROUTER,0.87,0.572,0.08,1.0,0.85,40.7
2026-10-05T16:51:03,EURUSD,call,MHI_ML_ROUTER,0.9,0.5448,0.0391,1.0,0.88,40.7
2026-10-05T16:56:17,ETHUSD-OTC,put,MHI_ML_ROUTER,0.87,0.58,0.0972,1.0,-1.0,43.43
2026-10-05T17:01:18,XAUUSD,call,MHI_ML_ROUTER,0.87,0.4525,-0.1768984360278876,1.0,0.87,45.03
2026-10-05T17:01:18,EURUSD,call,MHI_ML_ROUTER,0.9,0.5525,0.0554,1.0,0.88,45.03
2026-10-05T17:01:18,NZDUSD,call,MHI_ML_ROUTER,0.87,0.5651,0.0652,1.0,-1.0,45.03
2026-10-05T17:01:18,GBPJPY,call,MHI_ML_ROUTER,0.87,0.6407,0.2278,1.0,0.85,45.03
2026-10-05T17:06:11,GBPJPY,call,MHI_ML_ROUTER,0.87,0.6473,0.2418,1.0,0.85,43.03
2026-10-05T17:06:11,GBPCAD,call,MHI_ML_ROUTER,0.87,0.5927,0.1246,1.0,0.85,43.03
2026-10-05T17:11:01,ETHUSD-OTC,put,MHI_ML_ROUTER,0.87,0.58,0.0972,1.0,-1.0,47.31
2026-10-05T17:11:01,XAUUSD,call,MHI_ML_ROUTER,0.87,0.4613,-0.1579162031887282,1.0,-1.0,47.31
2026-10-05T17:11:01,EURUSD,call,MHI_ML_ROUTER,0.9,0.56,0.0711,1.0,0.88,47.31
2026-10-05T17:11:02,EURGBP,put,MHI_ML_ROUTER,0.87,0.5508,0.0345,1.0,0.85,47.31
2026-10-05T17:11:02,GBPJPY,call,MHI_ML_ROUTER,0.87,0.6536,0.2554,1.0,0.85,47.31
2026-10-05T17:16:09,EURJPY,call,MHI_ML_ROUTER,0.87,0.5608,0.0559,1.0,0.85,46.31
2026-10-05T17:21:05,EURUSD,put,MHI_ML_ROUTER,0.9,0.5672,0.0863,1.0,-1.0,45.16
2026-10-05T17:21:05,NZDUSD,put,MHI_ML_ROUTER,0.87,0.5563,0.0462,1.0,-1.0,45.16
2026-10-05T17:21:06,EURJPY,put,MHI_ML_ROUTER,0.87,0.5692,0.0741,1.0,0.85,45.16
2026-10-05T17:31:16,GBPCAD,put,MHI_ML_ROUTER,0.87,0.6,0.1402,1.0,0.85,46.86
2026-10-05T17:31:16,XAUUSD,call,MHI_ML_ROUTER,0.87,0.454,-0.17365444261995994,1.0,-1.0,46.86
2026-10-05T17:41:10,EURJPY,put,MHI_ML_ROUTER,0.87,0.5774,0.0916,1.0,-1.0,46.71
2026-10-05T17:41:10,GBPCAD,put,MHI_ML_ROUTER,0.87,0.607,0.1553,1.0,0.85,46.71
2026-10-05T17:46:00,EURUSD,call,MHI_ML_ROUTER,0.9,0.5581,0.067,1.0,0.88,47.59
2026-10-05T17:51:19,EURGBP,call,MHI_ML_ROUTER,0.87,0.5581,0.0501,1.0,0.0,44.59
2026-10-05T17:51:19,EURJPY,call,MHI_ML_ROUTER,0.87,0.5667,0.0686,1.0,-1.0,44.59
2026-10-05T17:51:19,XAUUSD,put,MHI_ML_ROUTER,0.87,0.4469,-0.18890086206896547,1.0,-1.0,44.59
2026-10-05T17:52:00,EURUSD,put,MHI_ML_ROUTER,0.9,0.5651,0.0818,1.0,0.88,44.59
2026-10-05T17:56:07,NZDUSD,call,MHI_ML_ROUTER,0.87,0.5477,0.0278,1.0,0.85,45.47
2026-10-05T18:01:07,EURJPY,put,MHI_ML_ROUTER,0.87,0.5564,0.0464,1.0,-1.0,45.17
2026-10-05T18:01:07,GBPJPY,put,MHI_ML_ROUTER,0.87,0.6596,0.2684,1.0,0.85,45.17
2026-10-05T18:01:07,ETHUSD-OTC,put,MHI_ML_ROUTER,0.87,0.58,0.0972,1.0,-1.0,45.17
2026-10-05T18:01:07,EURUSD,put,MHI_ML_ROUTER,0.9,0.5719,0.0962,1.0,-1.0,45.17
2026-10-05T18:11:32,EURJPY,put,MHI_ML_ROUTER,0.87,0.5464,0.0251,1.0,-1.0,43.17
2026-10-05T18:11:32,GBPJPY,put,MHI_ML_ROUTER,0.87,0.6655,0.2811,1.0,-1.0,43.17
2026-10-05T18:21:13,NZDUSD,put,MHI_ML_ROUTER,0.87,0.5545,0.0425,1.0,0.85,42.17
2026-10-05T18:26:10,GBPJPY,put,MHI_ML_ROUTER,0.87,0.6542,0.2568,1.0,-1.0,43.02
2026-10-05T18:36:20,ETHUSD-OTC,put,MHI_ML_ROUTER,0.87,0.58,0.0972,1.0,0.82,43.84
2026-10-05T18:51:25,USDCAD-OTC,call,MHI_ML_ROUTER,0.82,0.58,0.0678,1.0,0.82,42.66
2026-10-05T18:52:46,AUDNZD-OTC,call,MHI_ML_ROUTER,0.86,0.58,0.0916,1.0,-1.0,44.48
2026-10-05T18:52:46,AUDCHF-OTC,call,MHI_ML_ROUTER,0.86,0.58,0.0916,1.0,0.82,44.48
2026-10-05T19:21:25,NZDUSD-OTC,call,MHI_ML_ROUTER,0.86,0.58,0.0916,1.0,-1.0,39.48
2026-10-05T19:21:25,GBPCHF-OTC,put,MHI_ML_ROUTER,0.86,0.58,0.0916,1.0,-1.0,39.48
2026-10-05T19:21:25,AUDCAD-OTC,put,MHI_ML_ROUTER,0.85,0.58,0.0859,1.0,-1.0,39.48
2026-10-05T19:22:48,CADJPY-OTC,put,MHI_ML_ROUTER,0.86,0.58,0.0916,1.0,0.82,43.12
2026-10-05T19:22:48,CADCHF-OTC,call,MHI_ML_ROUTER,0.82,0.58,0.0678,1.0,0.82,43.12
2026-10-05T19:33:06,ETHUSD-OTC,call,MHI_ML_ROUTER,0.87,0.58,0.0972,1.0,0.82,41.76
2026-10-05T19:33:07,AUDUSD-OTC,call,MHI_ML_ROUTER,0.86,0.58,0.0916,1.0,0.82,41.76
2026-10-05T19:33:07,NZDUSD-OTC,call,MHI_ML_ROUTER,0.86,0.5524,0.0319,1.0,-1.0,41.76
2026-10-05T19:33:07,EURCAD-OTC,call,MHI_ML_ROUTER,0.82,0.58,0.0678,1.0,-1.0,41.76
2026-10-05T19:33:07,CADCHF-OTC,call,MHI_ML_ROUTER,0.82,0.6,0.1122,1.0,-1.0,41.76
2026-10-05T19:39:27,GBPCHF-OTC,put,MHI_ML_ROUTER,0.86,0.5524,0.0319,1.0,-1.0,41.63
2026-10-05T19:39:27,XAUUSD,put,MHI_ML_ROUTER,0.87,0.44,-0.20367816091954033,1.0,0.87,41.63
2026-10-05T19:41:13,CHFJPY-OTC,call,MHI_ML_ROUTER,0.86,0.58,0.0916,1.0,0.82,40.45
2026-10-05T19:44:29,NZDCAD-OTC,put,MHI_ML_ROUTER,0.86,0.58,0.0916,1.0,0.82,42.27
2026-10-05T19:44:29,ETHUSD-OTC,call,MHI_ML_ROUTER,0.87,0.58,0.0972,1.0,-1.0,42.27
2026-10-05T19:46:14,USDCAD-OTC,call,MHI_ML_ROUTER,0.82,0.6,0.1122,1.0,0.82,40.09
2026-10-05T19:46:14,AUDNZD-OTC,call,MHI_ML_ROUTER,0.86,0.5524,0.0319,1.0,-1.0,40.09
2026-10-05T19:50:43,CADCHF-OTC,call,MHI_ML_ROUTER,0.82,0.5727,0.0517,1.0,-1.0,41.91
2026-10-05T19:50:43,ETHUSD-OTC,call,MHI_ML_ROUTER,0.87,0.58,0.0972,1.0,0.82,41.91
2026-10-05T19:52:27,EURAUD-OTC,call,MHI_ML_ROUTER,0.86,0.58,0.0916,1.0,-1.0,40.91
2026-10-05T19:56:18,AUDJPY-OTC,call,MHI_ML_ROUTER,0.86,0.58,0.0916,1.0,-1.0,37.73
2026-10-05T19:56:18,AUDNZD-OTC,call,MHI_ML_ROUTER,0.86,0.5273,-0.02241014799154347,1.0,0.82,37.73
2026-10-05T19:57:06,CADCHF-OTC,call,MHI_ML_ROUTER,0.82,0.5478,-0.0036055143160129022,1.0,0.82,43.24
2026-10-05T19:57:06,NZDCAD-OTC,call,MHI_ML_ROUTER,0.86,0.6,0.1349,1.0,0.82,43.24
2026-10-05T19:57:07,XAUUSD,call,MHI_ML_ROUTER,0.87,0.4485,-0.1854406130268199,1.0,0.87,43.24
2026-10-05T20:01:14,GBPJPY-OTC,call,MHI_ML_ROUTER,0.86,0.58,0.0916,1.0,-1.0,36.24
2026-10-05T20:01:14,AUDJPY-OTC,call,MHI_ML_ROUTER,0.86,0.5524,0.0319,1.0,0.82,36.24
2026-10-05T20:01:14,GBPAUD-OTC,call,MHI_ML_ROUTER,0.86,0.58,0.0916,1.0,-1.0,36.24
2026-10-05T20:01:14,GBPCHF-OTC,call,MHI_ML_ROUTER,0.86,0.5273,-0.02241014799154347,1.0,0.82,36.24
2026-10-05T20:01:14,AUDCHF-OTC,call,MHI_ML_ROUTER,0.86,0.6,0.1349,1.0,0.82,36.24
2026-10-05T20:01:15,CADCHF-OTC,call,MHI_ML_ROUTER,0.82,0.5667,0.0382,1.0,-1.0,36.24
2026-10-05T20:06:28,USDCHF-OTC,put,MHI_ML_ROUTER,0.86,0.58,0.0916,1.0,0.82,43.52
2026-10-05T20:18:47,GBPCHF-OTC,put,MHI_ML_ROUTER,0.86,0.5478,0.022,1.0,0.82,44.16
2026-10-05T20:18:47,AUDUSD-OTC,call,MHI_ML_ROUTER,0.86,0.6,0.1349,1.0,0.82,44.16
2026-10-05T20:18:48,NZDUSD-OTC,call,MHI_ML_ROUTER,0.86,0.5273,-0.02241014799154347,1.0,-1.0,44.16
2026-10-05T20:26:15,AUDNZD-OTC,call,MHI_ML_ROUTER,0.86,0.5478,0.022,1.0,-1.0,45.62
2026-10-05T20:26:16,CADCHF-OTC,put,MHI_ML_ROUTER,0.86,0.544,0.0138,1.0,0.82,45.62
2026-10-05T20:26:16,NZDCAD-OTC,call,MHI_ML_ROUTER,0.86,0.6182,0.1742,1.0,0.82,45.62
2026-10-05T20:26:16,GBPJPY-OTC,call,MHI_ML_ROUTER,0.86,0.5524,0.0319,1.0,0.82,45.62
2026-10-05T20:32:17,NZDCAD-OTC,call,MHI_ML_ROUTER,0.86,0.6348,0.2101,1.0,0.82,46.08
2026-10-05T20:32:17,EURUSD-OTC,call,MHI_ML_ROUTER,0.85,0.58,0.0859,1.0,0.82,46.08
2026-10-05T20:32:17,GBPJPY-OTC,call,MHI_ML_ROUTER,0.86,0.5727,0.0759,1.0,-1.0,46.08
2026-10-05T20:32:17,EURCAD-OTC,put,MHI_ML_ROUTER,0.86,0.5524,0.0319,1.0,-1.0,46.08
2026-10-05T20:32:17,EURCHF-OTC,call,MHI_ML_ROUTER,0.86,0.58,0.0916,1.0,0.82,46.08
2026-10-05T20:36:22,EURCHF-OTC,call,MHI_ML_ROUTER,0.86,0.6,0.1349,1.0,0.82,45.9
2026-10-05T20:38:22,CHFJPY-OTC,call,MHI_ML_ROUTER,0.86,0.6,0.1349,1.0,0.82,47.72
2026-10-05T20:41:32,USDCHF-OTC,put,MHI_ML_ROUTER,0.86,0.6,0.1349,1.0,0.82,45.36
2026-10-05T20:41:32,AUDJPY-OTC,call,MHI_ML_ROUTER,0.86,0.5727,0.0759,1.0,0.82,45.36
2026-10-05T20:41:32,GBPCAD-OTC,call,MHI_ML_ROUTER,0.86,0.58,0.0916,1.0,-1.0,45.36
2026-10-05T20:41:33,GBPNZD-OTC,put,MHI_ML_ROUTER,0.86,0.58,0.0916,1.0,-1.0,45.36
2026-10-05T20:41:33,AUDCHF-OTC,put,MHI_ML_ROUTER,0.86,0.6182,0.1742,1.0,-1.0,45.36
2026-10-05T20:42:06,NZDCAD-OTC,put,MHI_ML_ROUTER,0.86,0.65,0.243,1.0,-1.0,45.36
2026-10-05T20:51:03,GBPUSD-OTC,put,MHI_ML_ROUTER,0.86,0.58,0.0916,1.0,0.82,48.46
2026-10-05T20:51:03,AUDJPY-OTC,call,MHI_ML_ROUTER,0.86,0.5913,0.1161,1.0,0.82,48.46
2026-10-05T20:51:03,GBPCAD-OTC,call,MHI_ML_ROUTER,0.86,0.5524,0.0319,1.0,-1.0,48.46
2026-10-05T20:51:03,GBPCHF-OTC,call,MHI_ML_ROUTER,0.86,0.5667,0.0628,1.0,0.82,48.46
2026-10-05T20:51:04,GBPNZD-OTC,call,MHI_ML_ROUTER,0.86,0.5524,0.0319,1.0,0.82,48.46
2026-10-05T20:51:04,CADJPY-OTC,call,MHI_ML_ROUTER,0.86,0.6,0.1349,1.0,0.82,48.46
2026-10-05T21:04:56,XAUUSD,call,MHI_ML_ROUTER,0.87,0.4567,-0.1677474695488078,1.0,0.87,46.33
2026-10-05T21:04:56,AUDJPY-OTC,put,MHI_ML_ROUTER,0.86,0.6083,0.1529,1.0,-1.0,46.33
2026-10-05T21:04:56,EURNZD-OTC,call,MHI_ML_ROUTER,0.86,0.58,0.0916,1.0,-1.0,46.33
2026-10-05T21:04:56,EURCHF-OTC,call,MHI_ML_ROUTER,0.86,0.6182,0.1742,1.0,-1.0,46.33
2026-10-05T21:06:08,EURCHF-OTC,call,MHI_ML_ROUTER,0.86,0.5913,0.1161,1.0,0.82,44.33
2026-10-05T21:06:08,AUDCHF-OTC,call,MHI_ML_ROUTER,0.86,0.5913,0.1161,1.0,-1.0,44.33
2026-10-05T21:11:07,EURCAD-OTC,call,MHI_ML_ROUTER,0.86,0.5273,-0.02241014799154347,1.0,-1.0,40.15
2026-10-05T21:11:07,EURCHF-OTC,call,MHI_ML_ROUTER,0.86,0.6083,0.1529,1.0,0.82,42.79
2026-10-05T21:11:07,GBPCAD-OTC,put,MHI_ML_ROUTER,0.86,0.5273,-0.02241014799154347,1.0,-1.0,42.79
2026-10-05T21:11:07,GBPNZD-OTC,call,MHI_ML_ROUTER,0.86,0.5727,0.0759,1.0,-1.0,42.79
2026-10-05T21:11:08,AUDCAD-OTC,put,MHI_ML_ROUTER,0.85,0.5524,0.0258,1.0,0.82,42.79
2026-10-05T21:11:08,CADCHF-OTC,call,MHI_ML_ROUTER,0.86,0.5615,0.0517,1.0,-1.0,42.79
2026-10-05T21:13:42,USDCHF-OTC,call,MHI_ML_ROUTER,0.86,0.6182,0.1742,1.0,-1.0,42.79
2026-10-05T21:16:12,EURAUD-OTC,call,MHI_ML_ROUTER,0.86,0.5524,0.0319,1.0,-1.0,36.79
2026-10-05T21:16:12,GBPNZD-OTC,call,MHI_ML_ROUTER,0.86,0.5478,0.022,1.0,0.82,36.79
2026-10-05T21:16:12,CHFJPY-OTC,call,MHI_ML_ROUTER,0.86,0.6182,0.1742,1.0,-1.0,36.79
2026-10-05T21:16:12,NZDCAD-OTC,call,MHI_ML_ROUTER,0.86,0.624,0.1868,1.0,0.82,36.79
2026-10-05T21:17:16,USDCAD-OTC,call,MHI_ML_ROUTER,0.86,0.6182,0.1742,1.0,-1.0,40.43
2026-10-05T21:17:16,EURGBP-OTC,call,MHI_ML_ROUTER,0.83,0.58,0.074,1.0,0.82,40.43
2026-10-05T21:29:58,CHFJPY-OTC,call,MHI_ML_ROUTER,0.86,0.5913,0.1161,1.0,-1.0,36.89
2026-10-05T21:29:58,CADCHF-OTC,call,MHI_ML_ROUTER,0.86,0.5407,0.0067,1.0,-1.0,36.89
2026-10-05T21:29:59,ETHUSD-OTC,call,MHI_ML_ROUTER,0.87,0.58,0.0972,1.0,-1.0,36.89
2026-10-05T21:29:59,AUDUSD-OTC,call,MHI_ML_ROUTER,0.86,0.6182,0.1742,1.0,-1.0,36.89
2026-10-05T21:29:59,USDCHF-OTC,call,MHI_ML_ROUTER,0.86,0.5913,0.1161,1.0,-1.0,36.89
2026-10-05T21:29:59,EURGBP-OTC,call,MHI_ML_ROUTER,0.83,0.6,0.1181,1.0,-1.0,36.89
2026-10-05T21:29:59,EURNZD-OTC,call,MHI_ML_ROUTER,0.86,0.5524,0.0319,1.0,0.82,36.89
2026-10-05T21:30:00,EURCHF-OTC,put,MHI_ML_ROUTER,0.86,0.624,0.1868,1.0,0.82,36.89
2026-10-05T21:30:00,GBPCAD-OTC,put,MHI_ML_ROUTER,0.86,0.5043,-0.07199191102123365,1.0,-1.0,36.89
2026-10-05T22:36:18,NZDUSD-OTC,call,MHI_ML_ROUTER,0.86,0.58,0.0916,1.0,0.82,31.35
2026-10-05T22:36:18,EURCHF-OTC,call,MHI_ML_ROUTER,0.86,0.58,0.0916,1.0,-1.0,31.35
2026-10-05T22:36:18,GBPCHF-OTC,put,MHI_ML_ROUTER,0.86,0.58,0.0916,1.0,0.82,31.35
2026-10-05T22:36:19,AUDCAD-OTC,put,MHI_ML_ROUTER,0.85,0.58,0.0859,1.0,-1.0,31.35
2026-10-05T22:41:19,USDCHF-OTC,put,MHI_ML_ROUTER,0.86,0.58,0.0916,1.0,-1.0,29.99
2026-10-05T22:41:19,EURAUD-OTC,call,MHI_ML_ROUTER,0.86,0.58,0.0916,1.0,-1.0,29.99
2026-10-05T22:41:20,EURNZD-OTC,put,MHI_ML_ROUTER,0.86,0.58,0.0916,1.0,0.82,29.99
2026-10-05T22:41:20,GBPCHF-OTC,call,MHI_ML_ROUTER,0.86,0.6,0.1349,1.0,0.82,29.99
2026-10-05T22:41:20,CADJPY-OTC,put,MHI_ML_ROUTER,0.86,0.58,0.0916,1.0,-1.0,29.99
2026-10-05T22:46:22,NZDCAD-OTC,put,MHI_ML_ROUTER,0.86,0.58,0.0916,1.0,0.82,32.91
2026-10-05T22:46:22,XAUUSD,call,MHI_ML_ROUTER,0.87,0.4647,-0.1505747126436781,1.0,-1.0,32.91
2026-10-05T22:46:22,GBPUSD-OTC,call,MHI_ML_ROUTER,0.86,0.58,0.0916,1.0,-1.0,32.91
2026-10-05T22:46:22,EURGBP-OTC,put,MHI_ML_ROUTER,0.83,0.58,0.074,1.0,0.82,32.91
2026-10-05T22:46:22,AUDJPY-OTC,call,MHI_ML_ROUTER,0.86,0.58,0.0916,1.0,-1.0,32.91
2026-10-05T22:46:23,AUDCAD-OTC,call,MHI_ML_ROUTER,0.85,0.5524,0.0258,1.0,0.82,32.91
2026-10-05T22:46:23,AUDNZD-OTC,put,MHI_ML_ROUTER,0.86,0.58,0.0916,1.0,-1.0,32.91
2026-10-05T22:46:23,AUDCHF-OTC,call,MHI_ML_ROUTER,0.86,0.58,0.0916,1.0,0.82,32.91
2026-10-05T22:51:20,EURUSD-OTC,call,MHI_ML_ROUTER,0.85,0.58,0.0859,1.0,-1.0,31.73
2026-10-05T22:51:20,AUDUSD-OTC,call,MHI_ML_ROUTER,0.86,0.58,0.0916,1.0,-1.0,31.73
2026-10-05T22:51:20,EURCHF-OTC,call,MHI_ML_ROUTER,0.86,0.5524,0.0319,1.0,0.82,31.73
2026-10-05T22:56:17,GBPJPY-OTC,call,MHI_ML_ROUTER,0.86,0.58,0.0916,1.0,0.82,28.73
2026-10-05T22:56:18,EURAUD-OTC,call,MHI_ML_ROUTER,0.86,0.5524,0.0319,1.0,0.82,28.73
2026-10-05T22:56:18,GBPCHF-OTC,put,MHI_ML_ROUTER,0.86,0.6182,0.1742,1.0,0.82,28.73
2026-10-05T23:01:18,NZDCAD-OTC,call,MHI_ML_ROUTER,0.86,0.6,0.1349,1.0,0.82,35.65
2026-10-05T23:01:19,EURCHF-OTC,call,MHI_ML_ROUTER,0.86,0.5727,0.0759,1.0,0.82,35.65
2026-10-05T23:01:19,GBPCAD-OTC,put,MHI_ML_ROUTER,0.86,0.58,0.0916,1.0,0.82,35.65
2026-10-05T23:01:19,CADCHF-OTC,call,MHI_ML_ROUTER,0.86,0.58,0.0916,1.0,-1.0,35.65
2026-10-05T23:06:20,USDCAD-OTC,call,MHI_ML_ROUTER,0.86,0.58,0.0916,1.0,0.82,30.47
2026-10-05T23:06:20,NZDUSD-OTC,call,MHI_ML_ROUTER,0.86,0.6,0.1349,1.0,-1.0,30.47
2026-10-05T23:06:20,EURCAD-OTC,call,MHI_ML_ROUTER,0.86,0.58,0.0916,1.0,-1.0,30.47
2026-10-05T23:06:21,EURCHF-OTC,call,MHI_ML_ROUTER,0.86,0.5913,0.1161,1.0,-1.0,30.47
2026-10-05T23:06:21,GBPAUD-OTC,call,MHI_ML_ROUTER,0.86,0.58,0.0916,1.0,-1.0,30.47
2026-10-05T23:06:21,AUDCHF-OTC,put,MHI_ML_ROUTER,0.86,0.6,0.1349,1.0,-1.0,30.47
2026-10-05T23:07:01,NZDCAD-OTC,call,MHI_ML_ROUTER,0.86,0.6182,0.1742,1.0,-1.0,30.47
2026-10-05T23:11:18,ETHUSD-OTC,call,MHI_ML_ROUTER,0.87,0.58,0.0972,1.0,0.82,25.47
2026-10-05T23:11:19,AUDUSD-OTC,put,MHI_ML_ROUTER,0.86,0.5524,0.0319,1.0,-1.0,25.47
2026-10-05T23:11:19,USDCHF-OTC,call,MHI_ML_ROUTER,0.86,0.5524,0.0319,1.0,-1.0,25.47
2026-10-05T23:11:19,AUDCAD-OTC,put,MHI_ML_ROUTER,0.85,0.5727,0.0701,1.0,0.82,25.47
2026-10-05T23:11:19,CADCHF-OTC,call,MHI_ML_ROUTER,0.86,0.5524,0.0319,1.0,-1.0,25.47
2026-10-05T23:16:18,USDCHF-OTC,call,MHI_ML_ROUTER,0.86,0.5273,-0.02241014799154347,1.0,0.82,27.57
2026-10-05T23:16:18,EURAUD-OTC,put,MHI_ML_ROUTER,0.86,0.5727,0.0759,1.0,-1.0,27.57
2026-10-05T23:16:18,GBPCAD-OTC,call,MHI_ML_ROUTER,0.86,0.6,0.1349,1.0,-1.0,27.57
2026-10-05T23:16:18,AUDCAD-OTC,call,MHI_ML_ROUTER,0.85,0.5913,0.1105,1.0,-1.0,27.57
2026-10-05T23:16:19,AUDNZD-OTC,call,MHI_ML_ROUTER,0.86,0.5524,0.0319,1.0,-1.0,27.57
2026-10-05T23:16:19,NZDJPY-OTC,put,MHI_ML_ROUTER,0.86,0.58,0.0916,1.0,0.82,27.57
2026-10-05T23:16:19,ETHUSD-OTC,call,MHI_ML_ROUTER,0.87,0.58,0.0972,1.0,0.82,27.57
2026-10-05T23:21:15,AUDJPY-OTC,put,MHI_ML_ROUTER,0.86,0.5524,0.0319,1.0,0.82,25.39
2026-10-05T23:21:15,EURAUD-OTC,call,MHI_ML_ROUTER,0.86,0.5478,0.022,1.0,-1.0,25.39
2026-10-05T23:21:15,CHFJPY-OTC,call,MHI_ML_ROUTER,0.86,0.58,0.0916,1.0,-1.0,25.39
2026-10-05T23:21:15,NZDJPY-OTC,call,MHI_ML_ROUTER,0.86,0.6,0.1349,1.0,-1.0,25.39
2026-10-05T23:26:11,USDCHF-OTC,call,MHI_ML_ROUTER,0.86,0.5478,0.022,1.0,0.82,22.39
2026-10-05T23:26:11,EURGBP-OTC,call,MHI_ML_ROUTER,0.83,0.6,0.1181,1.0,-1.0,22.39
2026-10-05T23:26:11,GBPCAD-OTC,call,MHI_ML_ROUTER,0.86,0.5727,0.0759,1.0,0.82,22.39
2026-10-05T23:31:15,USDCHF-OTC,put,MHI_ML_ROUTER,0.86,0.5667,0.0628,1.0,-1.0,26.13
2026-10-05T23:31:15,NZDUSD-OTC,put,MHI_ML_ROUTER,0.86,0.5727,0.0759,1.0,0.82,26.13
2026-10-05T23:31:15,GBPJPY-OTC,call,MHI_ML_ROUTER,0.86,0.6,0.1349,1.0,-1.0,26.13
2026-10-05T23:31:15,EURNZD-OTC,call,MHI_ML_ROUTER,0.86,0.6,0.1349,1.0,-1.0,26.13
2026-10-05T23:31:15,EURCHF-OTC,call,MHI_ML_ROUTER,0.86,0.5667,0.0628,1.0,0.82,26.13
2026-10-05T23:31:16,GBPCHF-OTC,call,MHI_ML_ROUTER,0.86,0.6348,0.2101,1.0,0.82,26.13
2026-10-05T23:31:16,GBPNZD-OTC,call,MHI_ML_ROUTER,0.86,0.58,0.0916,1.0,0.82,26.13
2026-10-05T23:31:16,AUDCHF-OTC,call,MHI_ML_ROUTER,0.86,0.5727,0.0759,1.0,0.82,26.13
2026-10-05T23:31:16,NZDJPY-OTC,call,MHI_ML_ROUTER,0.86,0.5727,0.0759,1.0,-1.0,26.13
2026-10-05T23:36:16,GBPUSD-OTC,call,MHI_ML_ROUTER,0.86,0.5524,0.0319,1.0,0.82,27.23
2026-10-05T23:36:16,NZDUSD-OTC,put,MHI_ML_ROUTER,0.86,0.5913,0.1161,1.0,-1.0,27.23
2026-10-05T23:36:16,EURCAD-OTC,call,MHI_ML_ROUTER,0.86,0.5524,0.0319,1.0,0.0,27.23
2026-10-05T23:36:17,GBPCHF-OTC,put,MHI_ML_ROUTER,0.86,0.65,0.243,1.0,0.82,27.23
2026-10-05T23:36:17,AUDNZD-OTC,put,MHI_ML_ROUTER,0.86,0.5273,-0.02241014799154347,1.0,-1.0,27.23
2026-10-05T23:36:17,AUDCHF-OTC,put,MHI_ML_ROUTER,0.86,0.5913,0.1161,1.0,-1.0,27.23
2026-10-05T23:36:17,CADJPY-OTC,call,MHI_ML_ROUTER,0.86,0.5524,0.0319,1.0,0.82,27.23
2026-10-05T23:36:17,CADCHF-OTC,put,MHI_ML_ROUTER,0.86,0.5273,-0.02241014799154347,1.0,0.82,27.23
2026-10-05T23:36:18,NZDCAD-OTC,put,MHI_ML_ROUTER,0.86,0.5913,0.1161,1.0,0.82,27.23
2026-10-05T23:41:22,USDCAD-OTC,call,MHI_ML_ROUTER,0.86,0.6,0.1349,1.0,0.82,25.69
2026-10-05T23:41:23,AUDJPY-OTC,put,MHI_ML_ROUTER,0.86,0.5727,0.0759,1.0,0.82,25.69
2026-10-05T23:41:23,EURNZD-OTC,call,MHI_ML_ROUTER,0.86,0.5727,0.0759,1.0,0.82,25.69
2026-10-05T23:41:23,GBPCHF-OTC,put,MHI_ML_ROUTER,0.86,0.664,0.2733,1.0,-1.0,25.69
2026-10-05T23:41:23,AUDNZD-OTC,call,MHI_ML_ROUTER,0.86,0.5043,-0.07199191102123365,1.0,-1.0,25.69
2026-10-05T23:42:04,CADCHF-OTC,call,MHI_ML_ROUTER,0.86,0.5478,0.022,1.0,-1.0,25.69
2026-10-05T23:42:04,NZDJPY-OTC,call,MHI_ML_ROUTER,0.86,0.5478,0.022,1.0,-1.0,25.69
2026-10-05T23:46:04,AUDCAD-OTC,call,MHI_ML_ROUTER,0.85,0.5667,0.0569,1.0,-1.0,17.69
2026-10-05T23:46:04,ETHUSD-OTC,call,MHI_ML_ROUTER,0.87,0.58,0.0972,1.0,0.82,17.69
2026-10-05T23:46:04,XAUUSD,call,MHI_ML_ROUTER,0.87,0.458,-0.16505080792936874,1.0,0.87,17.69
2026-10-05T23:46:04,USDCAD-OTC,call,MHI_ML_ROUTER,0.86,0.6182,0.1742,1.0,0.82,17.69
2026-10-05T23:46:05,NZDUSD-OTC,put,MHI_ML_ROUTER,0.86,0.5667,0.0628,1.0,-1.0,17.69
2026-10-05T23:46:05,EURCAD-OTC,call,MHI_ML_ROUTER,0.86,0.5273,-0.02241014799154347,1.0,-1.0,17.69
2026-10-05T23:46:05,EURCHF-OTC,call,MHI_ML_ROUTER,0.86,0.584,0.1003,1.0,-1.0,17.69
2026-10-05T23:47:08,GBPCHF-OTC,call,MHI_ML_ROUTER,0.86,0.6385,0.2181,1.0,-1.0,23.2
2026-10-05T23:51:09,EURCHF-OTC,call,MHI_ML_ROUTER,0.86,0.5615,0.0517,1.0,-1.0,16.2
2026-10-05T23:51:09,AUDNZD-OTC,put,MHI_ML_ROUTER,0.86,0.4833,-0.11744186046511619,1.0,-1.0,16.2
2026-10-05T23:51:10,CADJPY-OTC,call,MHI_ML_ROUTER,0.86,0.5727,0.0759,1.0,-1.0,16.2
2026-10-05T23:51:10,ETHUSD-OTC,call,MHI_ML_ROUTER,0.87,0.58,0.0972,1.0,0.82,16.2
2026-10-05T23:51:10,AUDUSD-OTC,call,MHI_ML_ROUTER,0.86,0.5273,-0.02241014799154347,1.0,0.82,16.2
2026-10-05T23:51:10,USDCAD-OTC,call,MHI_ML_ROUTER,0.86,0.6348,0.2101,1.0,0.82,16.2
2026-10-05T23:51:10,NZDUSD-OTC,put,MHI_ML_ROUTER,0.86,0.544,0.0138,1.0,-1.0,16.2
2026-10-05T23:56:16,EURUSD-OTC,call,MHI_ML_ROUTER,0.85,0.5524,0.0258,1.0,-1.0,13.66
2026-10-05T23:56:16,AUDUSD-OTC,put,MHI_ML_ROUTER,0.86,0.5478,0.022,1.0,-1.0,13.66
2026-10-05T23:56:17,EURJPY-OTC,call,MHI_ML_ROUTER,0.86,0.58,0.0916,1.0,-1.0,13.66
2026-10-05T23:56:17,AUDJPY-OTC,call,MHI_ML_ROUTER,0.86,0.5913,0.1161,1.0,0.82,13.66
2026-10-05T23:56:17,EURAUD-OTC,put,MHI_ML_ROUTER,0.86,0.525,-0.027325581395348797,1.0,0.82,13.66
2026-10-05T23:56:17,GBPAUD-OTC,call,MHI_ML_ROUTER,0.86,0.5524,0.0319,1.0,-1.0,13.66
2026-10-05T23:56:17,AUDCHF-OTC,put,MHI_ML_ROUTER,0.86,0.5667,0.0628,1.0,-1.0,13.66
2026-10-05T23:56:17,NZDCAD-OTC,call,MHI_ML_ROUTER,0.86,0.6083,0.1529,1.0,-1.0,13.66
2026-10-06T00:01:22,AUDUSD-OTC,call,MHI_ML_ROUTER,0.86,0.525,-0.027325581395348797,1.0,0.82,18.4
2026-10-06T00:01:22,USDCHF-OTC,call,MHI_ML_ROUTER,0.86,0.544,0.0138,1.0,0.82,18.4
2026-10-06T00:01:22,NZDUSD-OTC,put,MHI_ML_ROUTER,0.86,0.5231,-0.031484794275491924,1.0,0.82,18.4
2026-10-06T00:01:23,EURAUD-OTC,call,MHI_ML_ROUTER,0.86,0.544,0.0138,1.0,0.82,18.4
2026-10-06T00:01:23,EURNZD-OTC,call,MHI_ML_ROUTER,0.86,0.5913,0.1161,1.0,0.82,18.4
2026-10-06T00:01:23,EURCHF-OTC,call,MHI_ML_ROUTER,0.86,0.5407,0.0067,1.0,-1.0,18.4
2026-10-06T00:01:23,GBPNZD-OTC,call,MHI_ML_ROUTER,0.86,0.6,0.1349,1.0,-1.0,18.4
2026-10-06T00:02:04,NZDCAD-OTC,put,MHI_ML_ROUTER,0.86,0.584,0.1003,1.0,-1.0,18.4
2026-10-06T00:06:05,AUDNZD-OTC,call,MHI_ML_ROUTER,0.86,0.464,-0.15925581395348848,1.0,-1.0,13.4
2026-10-06T00:06:05,AUDCHF-OTC,put,MHI_ML_ROUTER,0.86,0.544,0.0138,1.0,0.82,13.4
2026-10-06T00:06:05,XAUUSD,call,MHI_ML_ROUTER,0.87,0.4657,-0.14840722495894906,1.0,-1.0,13.4
2026-10-06T00:06:06,EURUSD-OTC,call,MHI_ML_ROUTER,0.85,0.5273,-0.028877005347593705,1.0,-1.0,13.4
2026-10-06T00:06:06,NZDUSD-OTC,call,MHI_ML_ROUTER,0.86,0.5407,0.0067,1.0,0.82,13.4
2026-10-06T00:11:20,AUDUSD-OTC,call,MHI_ML_ROUTER,0.86,0.544,0.0138,1.0,0.82,15.32
2026-10-06T00:11:20,USDCHF-OTC,put,MHI_ML_ROUTER,0.86,0.5615,0.0517,1.0,0.82,15.32
2026-10-06T00:11:20,EURGBP-OTC,put,MHI_ML_ROUTER,0.83,0.5727,0.0579,1.0,-1.0,15.32
2026-10-06T00:11:21,EURCHF-OTC,call,MHI_ML_ROUTER,0.86,0.5214,-0.03504983388704312,1.0,-1.0,15.32
2026-10-06T00:11:21,GBPCHF-OTC,call,MHI_ML_ROUTER,0.86,0.6148,0.1669,1.0,-1.0,15.32
2026-10-06T00:11:21,GBPNZD-OTC,call,MHI_ML_ROUTER,0.86,0.5727,0.0759,1.0,0.82,15.32
2026-10-06T00:11:21,AUDCAD-OTC,call,MHI_ML_ROUTER,0.85,0.544,0.0075,1.0,-1.0,15.32
2026-10-06T00:11:22,AUDNZD-OTC,put,MHI_ML_ROUTER,0.86,0.4462,-0.19785330948121652,1.0,0.82,15.32
2026-10-06T00:11:22,AUDCHF-OTC,put,MHI_ML_ROUTER,0.86,0.5615,0.0517,1.0,-1.0,15.32
2026-10-06T00:16:10,AUDCAD-OTC,put,MHI_ML_ROUTER,0.85,0.5231,-0.0380090497737556,1.0,-1.0,7.32
2026-10-06T00:16:10,CADJPY-OTC,put,MHI_ML_ROUTER,0.86,0.5478,0.022,1.0,0.82,7.32
2026-10-06T00:16:11,NZDCAD-OTC,call,MHI_ML_ROUTER,0.86,0.5615,0.0517,1.0,-1.0,7.32
2026-10-06T00:16:11,ETHUSD-OTC,call,MHI_ML_ROUTER,0.87,0.58,0.0972,1.0,-1.0,7.32
2026-10-06T00:16:11,XAUUSD,put,MHI_ML_ROUTER,0.87,0.4657,-0.14840722495894906,1.0,0.87,7.32
2026-10-06T00:16:11,USDCAD-OTC,put,MHI_ML_ROUTER,0.86,0.65,0.243,1.0,0.82,7.32
2026-10-06T00:16:11,USDCHF-OTC,call,MHI_ML_ROUTER,0.86,0.5778,0.0868,1.0,0.82,7.32
2026-10-06T00:17:15,GBPJPY-OTC,call,MHI_ML_ROUTER,0.86,0.5727,0.0759,1.0,-1.0,14.65
2026-10-06T00:21:20,EURUSD-OTC,put,MHI_ML_ROUTER,0.85,0.5043,-0.07877237851662408,1.0,-1.0,5.65
2026-10-06T00:21:21,AUDUSD-OTC,call,MHI_ML_ROUTER,0.86,0.5615,0.0517,1.0,-1.0,5.65
2026-10-06T00:21:21,USDCHF-OTC,put,MHI_ML_ROUTER,0.86,0.5929,0.1194,1.0,-1.0,5.65
2026-10-06T00:21:21,NZDUSD-OTC,call,MHI_ML_ROUTER,0.86,0.5571,0.0422,1.0,-1.0,5.65
2026-10-06T00:21:21,AUDJPY-OTC,call,MHI_ML_ROUTER,0.86,0.6083,0.1529,1.0,-1.0,5.65
2026-10-06T00:21:21,EURCAD-OTC,call,MHI_ML_ROUTER,0.86,0.5043,-0.07199191102123365,1.0,0.82,5.65
2026-10-06T00:21:22,EURCHF-OTC,put,MHI_ML_ROUTER,0.86,0.5034,-0.07393744987971128,1.0,0.82,5.65
2026-10-06T00:21:22,AUDCHF-OTC,put,MHI_ML_ROUTER,0.86,0.5407,0.0067,1.0,0.0,5.65
2026-10-06T00:21:22,CADJPY-OTC,call,MHI_ML_ROUTER,0.86,0.5667,0.0628,1.0,-1.0,5.65
2026-10-06T00:26:07,AUDNZD-OTC,call,MHI_ML_ROUTER,0.86,0.4667,-0.15348837209302327,1.0,-1.0,9.44
2026-10-06T00:26:07,AUDCHF-OTC,call,MHI_ML_ROUTER,0.86,0.5214,-0.03504983388704312,1.0,0.82,9.44
2026-10-06T00:26:07,NZDJPY-OTC,put,MHI_ML_ROUTER,0.86,0.525,-0.027325581395348797,1.0,0.82,9.44
2026-10-06T00:26:07,XAUUSD,put,MHI_ML_ROUTER,0.87,0.4657,-0.14840722495894906,1.0,0.87,9.44
2026-10-06T00:26:08,AUDUSD-OTC,call,MHI_ML_ROUTER,0.86,0.5407,0.0067,1.0,-1.0,9.44
2026-10-06T00:26:08,NZDUSD-OTC,put,MHI_ML_ROUTER,0.86,0.5379,0.0006,1.0,0.82,9.44
2026-10-06T00:26:08,EURGBP-OTC,call,MHI_ML_ROUTER,0.83,0.5478,0.003,1.0,0.82,9.44
2026-10-06T00:26:08,GBPJPY-OTC,call,MHI_ML_ROUTER,0.86,0.5478,0.022,1.0,-1.0,9.44
2026-10-06T00:26:08,AUDJPY-OTC,put,MHI_ML_ROUTER,0.86,0.584,0.1003,1.0,-1.0,9.44
2026-10-06T00:27:13,GBPCAD-OTC,call,MHI_ML_ROUTER,0.86,0.5913,0.1161,1.0,-1.0,9.44
2026-10-06T00:31:16,GBPUSD-OTC,put,MHI_ML_ROUTER,0.86,0.5727,0.0759,1.0,-1.0,5.26
2026-10-06T00:31:16,USDCAD-OTC,call,MHI_ML_ROUTER,0.86,0.664,0.2733,1.0,-1.0,5.26
2026-10-06T00:31:17,GBPJPY-OTC,call,MHI_ML_ROUTER,0.86,0.525,-0.027325581395348797,1.0,-1.0,5.26
2026-10-06T00:31:17,AUDJPY-OTC,put,MHI_ML_ROUTER,0.86,0.5615,0.0517,1.0,-1.0,5.26
2026-10-06T00:31:17,NZDCAD-OTC,call,MHI_ML_ROUTER,0.86,0.5407,0.0067,1.0,-1.0,5.26
